week;symbol;n_universe;bucket_size;mom_pct;fwd_pct;leg
2025-10-13;ACTUSDT;29;5;-26.1611;-9.1162;MID
2025-10-13;ASRUSDT;29;5;-26.0439;-8.7311;MID
2025-10-13;ASTERUSDT;29;5;-29.6686;-20.2067;SHORT
2025-10-13;AVNTUSDT;29;5;-41.7065;-3.0216;SHORT
2025-10-13;BATUSDT;29;5;44.452;-12.0375;LONG
2025-10-13;CHRUSDT;29;5;-13.9111;-0.2649;MID
2025-10-13;CUSDT;29;5;-33.3189;-6.5472;SHORT
2025-10-13;DASHUSDT;29;5;47.1288;-3.8242;LONG
2025-10-13;EDENUSDT;29;5;-48.3092;-20.5607;SHORT
2025-10-13;FUSDT;29;5;-17.6514;-7.4666;MID
2025-10-13;HBARUSDT;29;5;-15.6526;-9.6648;MID
2025-10-13;KAITOUSDT;29;5;-13.3647;-11.22;MID
2025-10-13;LAUSDT;29;5;-9.9551;36.1877;MID
2025-10-13;NMRUSDT;29;5;-15.2274;-4.835;MID
2025-10-13;OPENUSDT;29;5;-26.74;-17.8082;MID
2025-10-13;PLUMEUSDT;29;5;-29.1742;-11.5085;MID
2025-10-13;PUMPUSDT;29;5;-29.9386;-10.6599;SHORT
2025-10-13;ROSEUSDT;29;5;-20.9588;-15.0447;MID
2025-10-13;SCRTUSDT;29;5;-6.0592;-18.35;MID
2025-10-13;SHELLUSDT;29;5;-24.2449;-1.5086;MID
2025-10-13;SNXUSDT;29;5;93.0017;-29.3141;LONG
2025-10-13;SYRUPUSDT;29;5;-3.2817;-11.0732;MID
2025-10-13;TAOUSDT;29;5;29.6741;-5.5051;MID
2025-10-13;TRUMPUSDT;29;5;-17.7454;-8.7089;MID
2025-10-13;VANAUSDT;29;5;-21.5196;-13.148;MID
2025-10-13;VIRTUALUSDT;29;5;-25.5541;-8.4952;MID
2025-10-13;XVGUSDT;29;5;-12.9698;-7.3381;MID
2025-10-13;ZECUSDT;29;5;59.7922;7.7454;LONG
2025-10-13;ZENUSDT;29;5;38.7296;-7.987;LONG
2025-10-20;ACTUSDT;30;6;-9.1162;0.3942;MID
2025-10-20;ASRUSDT;30;6;-8.7311;-7.2704;MID
2025-10-20;ASTERUSDT;30;6;-20.2067;-6.6137;SHORT
2025-10-20;AVNTUSDT;30;6;-3.0216;8.439;LONG
2025-10-20;BATUSDT;30;6;-12.0375;-8.8392;MID
2025-10-20;CHRUSDT;30;6;-0.2649;-2.2576;LONG
2025-10-20;CUSDT;30;6;-6.5472;6.8142;MID
2025-10-20;DASHUSDT;30;6;-3.8242;-0.3689;LONG
2025-10-20;EDENUSDT;30;6;-20.5607;20.9689;SHORT
2025-10-20;EULUSDT;30;6;-10.2795;-6.0649;MID
2025-10-20;FUSDT;30;6;-7.4666;104.6156;MID
2025-10-20;HBARUSDT;30;6;-9.6648;5.2383;MID
2025-10-20;KAITOUSDT;30;6;-11.22;4.3579;MID
2025-10-20;LAUSDT;30;6;36.1877;-13.3075;LONG
2025-10-20;NMRUSDT;30;6;-4.835;-3.3318;MID
2025-10-20;OPENUSDT;30;6;-17.8082;2.7151;SHORT
2025-10-20;PLUMEUSDT;30;6;-11.5085;-6.1024;MID
2025-10-20;PUMPUSDT;30;6;-10.6599;23.4246;MID
2025-10-20;ROSEUSDT;30;6;-15.0447;-8.135;SHORT
2025-10-20;SCRTUSDT;30;6;-18.35;-2.4495;SHORT
2025-10-20;SHELLUSDT;30;6;-1.5086;8.6433;LONG
2025-10-20;SNXUSDT;30;6;-29.3141;-28.1829;SHORT
2025-10-20;SYRUPUSDT;30;6;-11.0732;6.7148;MID
2025-10-20;TAOUSDT;30;6;-5.5051;-1.8102;MID
2025-10-20;TRUMPUSDT;30;6;-8.7089;19.364;MID
2025-10-20;VANAUSDT;30;6;-13.148;4.4229;MID
2025-10-20;VIRTUALUSDT;30;6;-8.4952;79.8869;MID
2025-10-20;XVGUSDT;30;6;-7.3381;-1.0917;MID
2025-10-20;ZECUSDT;30;6;7.7454;27.2125;LONG
2025-10-20;ZENUSDT;30;6;-7.987;9.7431;MID
2025-10-27;ACTUSDT;31;6;0.3942;-25.7417;MID
2025-10-27;ASRUSDT;31;6;-7.2704;-1.9945;SHORT
2025-10-27;ASTERUSDT;31;6;-6.6137;-15.7175;MID
2025-10-27;AVNTUSDT;31;6;8.439;-21.7586;MID
2025-10-27;BATUSDT;31;6;-8.8392;17.2897;SHORT
2025-10-27;CHRUSDT;31;6;-2.2576;-5.0272;MID
2025-10-27;CUSDT;31;6;6.8142;-24.3841;MID
2025-10-27;DASHUSDT;31;6;-0.3689;144.6616;MID
2025-10-27;EDENUSDT;31;6;20.9689;-37.4142;LONG
2025-10-27;EULUSDT;31;6;-6.0649;-4.1452;MID
2025-10-27;FUSDT;31;6;104.6156;-39.5361;LONG
2025-10-27;HBARUSDT;31;6;5.2383;-5.14;MID
2025-10-27;KAITOUSDT;31;6;4.3579;-19.7423;MID
2025-10-27;LAUSDT;31;6;-13.3075;-14.0835;SHORT
2025-10-27;NMRUSDT;31;6;-3.3318;-5.7236;MID
2025-10-27;OPENUSDT;31;6;2.7151;-22.4287;MID
2025-10-27;PLUMEUSDT;31;6;-6.1024;-23.3823;MID
2025-10-27;PUMPUSDT;31;6;23.4246;-18.9789;LONG
2025-10-27;ROSEUSDT;31;6;-8.135;-7.8313;SHORT
2025-10-27;SCRTUSDT;31;6;-2.4495;18.0163;MID
2025-10-27;SHELLUSDT;31;6;8.6433;4.431;MID
2025-10-27;SNXUSDT;31;6;-28.1829;-22.4613;SHORT
2025-10-27;SYRUPUSDT;31;6;6.7148;5.9982;MID
2025-10-27;TAOUSDT;31;6;-1.8102;12.3774;MID
2025-10-27;TRUMPUSDT;31;6;19.364;1.9349;LONG
2025-10-27;VANAUSDT;31;6;4.4229;-6.7837;MID
2025-10-27;VIRTUALUSDT;31;6;79.8869;1.9345;LONG
2025-10-27;XVGUSDT;31;6;-1.0917;23.2125;MID
2025-10-27;ZBTUSDT;31;6;-23.5837;-31.2786;SHORT
2025-10-27;ZECUSDT;31;6;27.2125;26.6674;LONG
2025-10-27;ZENUSDT;31;6;9.7431;40.9494;MID
2025-11-03;ACTUSDT;31;6;-25.7417;29.9647;SHORT
2025-11-03;ASRUSDT;31;6;-1.9945;5.4035;MID
2025-11-03;ASTERUSDT;31;6;-15.7175;19.4164;MID
2025-11-03;AVNTUSDT;31;6;-21.7586;0.9042;MID
2025-11-03;BATUSDT;31;6;17.2897;10.8068;LONG
2025-11-03;CHRUSDT;31;6;-5.0272;10.4435;MID
2025-11-03;CUSDT;31;6;-24.3841;14.1116;SHORT
2025-11-03;DASHUSDT;31;6;144.6616;-38.8968;LONG
2025-11-03;EDENUSDT;31;6;-37.4142;18.6472;SHORT
2025-11-03;EULUSDT;31;6;-4.1452;-19.2635;MID
2025-11-03;FUSDT;31;6;-39.5361;15.4933;SHORT
2025-11-03;HBARUSDT;31;6;-5.14;10.6715;MID
2025-11-03;KAITOUSDT;31;6;-19.7423;-0.2214;MID
2025-11-03;LAUSDT;31;6;-14.0835;21.8849;MID
2025-11-03;NMRUSDT;31;6;-5.7236;-6.2531;MID
2025-11-03;OPENUSDT;31;6;-22.4287;-1.0459;MID
2025-11-03;PLUMEUSDT;31;6;-23.3823;-2.8639;SHORT
2025-11-03;PUMPUSDT;31;6;-18.9789;16.3481;MID
2025-11-03;ROSEUSDT;31;6;-7.8313;44.5752;MID
2025-11-03;SCRTUSDT;31;6;18.0163;6.6489;LONG
2025-11-03;SHELLUSDT;31;6;4.431;8.7753;MID
2025-11-03;SNXUSDT;31;6;-22.4613;-4.4395;MID
2025-11-03;SYRUPUSDT;31;6;5.9982;14.4281;MID
2025-11-03;TAOUSDT;31;6;12.3774;-17.0166;MID
2025-11-03;TRUMPUSDT;31;6;1.9349;22.077;MID
2025-11-03;VANAUSDT;31;6;-6.7837;12.8556;MID
2025-11-03;VIRTUALUSDT;31;6;1.9345;0.3357;MID
2025-11-03;XVGUSDT;31;6;23.2125;-0.3878;LONG
2025-11-03;ZBTUSDT;31;6;-31.2786;1.5758;SHORT
2025-11-03;ZECUSDT;31;6;26.6674;20.7873;LONG
2025-11-03;ZENUSDT;31;6;40.9494;-32.5455;LONG
2025-11-10;0GUSDT;318;63;23.7606;-20.9659;LONG
2025-11-10;1000BONKUSDT;318;63;13.0479;-24.9592;MID
2025-11-10;1000CHEEMSUSDT;318;63;-7.3191;2.1873;SHORT
2025-11-10;1000FLOKIUSDT;318;63;7.4652;-20.8089;MID
2025-11-10;1000LUNCUSDT;318;63;-3.1538;-16.8388;SHORT
2025-11-10;1000PEPEUSDT;318;63;8.784;-24.1469;MID
2025-11-10;1000SATSUSDT;318;63;19.5876;-18.9655;MID
2025-11-10;1000SHIBUSDT;318;63;10.4105;-15.3664;MID
2025-11-10;1000XECUSDT;318;63;12.6497;-17.608;MID
2025-11-10;1INCHUSDT;318;63;47.3303;-18.0313;LONG
2025-11-10;1MBABYDOGEUSDT;318;63;3.4889;-15.0114;SHORT
2025-11-10;2ZUSDT;318;63;19.9039;-28.1522;MID
2025-11-10;A2ZUSDT;318;63;10.7115;-13.1868;MID
2025-11-10;AAVEUSDT;318;63;14.3609;-25.9344;MID
2025-11-10;ACEUSDT;318;63;18.3388;-14.2113;MID
2025-11-10;ACHUSDT;318;63;13.3555;-15.8503;MID
2025-11-10;ACTUSDT;318;63;29.9647;-19.3942;LONG
2025-11-10;ADAUSDT;318;63;7.2023;-21.3538;MID
2025-11-10;AEVOUSDT;318;63;23.3907;-19.9906;LONG
2025-11-10;AIUSDT;318;63;6.9172;-21.6485;MID
2025-11-10;AIXBTUSDT;318;63;1.8021;-21.3948;SHORT
2025-11-10;ALGOUSDT;318;63;18.0738;-19.2797;MID
2025-11-10;ALICEUSDT;318;63;23.9669;-20.6667;LONG
2025-11-10;ALPINEUSDT;318;63;19.3447;-16.3142;MID
2025-11-10;ALTUSDT;318;63;6.0227;-20.9224;MID
2025-11-10;ANIMEUSDT;318;63;6.3172;-18.1922;MID
2025-11-10;ANKRUSDT;318;63;13.8322;-14.9402;MID
2025-11-10;APEUSDT;318;63;11.4566;-19.8238;MID
2025-11-10;API3USDT;318;63;11.3337;-17.8002;MID
2025-11-10;APTUSDT;318;63;18.8117;-16.5342;MID
2025-11-10;ARBUSDT;318;63;17.4646;-26.0189;MID
2025-11-10;ARKMUSDT;318;63;18.8005;-21.8661;MID
2025-11-10;ARKUSDT;318;63;11.7288;-10.0803;MID
2025-11-10;ARPAUSDT;318;63;13.35;-14.8597;MID
2025-11-10;ARUSDT;318;63;46.7128;-23.3853;LONG
2025-11-10;ASRUSDT;318;63;5.4035;-9.2543;MID
2025-11-10;ASTERUSDT;318;63;19.4164;8.4512;MID
2025-11-10;ASTRUSDT;318;63;6.7656;-17.42;MID
2025-11-10;ATOMUSDT;318;63;24.0511;-12.8502;LONG
2025-11-10;ATUSDT;318;63;-5.0251;-13.3111;SHORT
2025-11-10;AUCTIONUSDT;318;63;3.5887;-8.8417;SHORT
2025-11-10;AUSDT;318;63;17.9069;-20.621;MID
2025-11-10;AVAXUSDT;318;63;9.1559;-20.1277;MID
2025-11-10;AVNTUSDT;318;63;0.9042;-21.5435;SHORT
2025-11-10;AWEUSDT;318;63;2.7735;-19.0705;SHORT
2025-11-10;AXLUSDT;318;63;7.7938;-22.0991;MID
2025-11-10;AXSUSDT;318;63;17.4121;-17.483;MID
2025-11-10;BABYUSDT;318;63;16.3887;-9.7814;MID
2025-11-10;BANANAS31USDT;318;63;7.4633;28.8881;MID
2025-11-10;BANANAUSDT;318;63;-1.8053;-18.5677;SHORT
2025-11-10;BANKUSDT;318;63;-8.1075;-38.8228;SHORT
2025-11-10;BARDUSDT;318;63;22.3485;-8.1238;LONG
2025-11-10;BATUSDT;318;63;10.8068;-22.3371;MID
2025-11-10;BBUSDT;318;63;2.1111;-21.2232;SHORT
2025-11-10;BCHUSDT;318;63;2.297;-5.1678;SHORT
2025-11-10;BEAMXUSDT;318;63;7.8947;-22.3868;MID
2025-11-10;BERAUSDT;318;63;6.8398;-22.9994;MID
2025-11-10;BIOUSDT;318;63;7.4117;-23.2508;MID
2025-11-10;BLURUSDT;318;63;13.4103;-16.4796;MID
2025-11-10;BNBUSDT;318;63;-0.1611;-8.4948;SHORT
2025-11-10;BNTUSDT;318;63;2.1395;-15.4281;SHORT
2025-11-10;BOMEUSDT;318;63;14.9941;-21.4579;MID
2025-11-10;BROCCOLI714USDT;318;63;22.4541;-10.2273;LONG
2025-11-10;BTCUSDT;318;63;-0.5422;-13.0198;SHORT
2025-11-10;C98USDT;318;63;19.9346;-20.9809;MID
2025-11-10;CAKEUSDT;318;63;17.9253;-11.9662;MID
2025-11-10;CATIUSDT;318;63;3.8981;-11.0219;SHORT
2025-11-10;CELOUSDT;318;63;10.0;-27.2727;MID
2025-11-10;CFXUSDT;318;63;14.082;-15.9277;MID
2025-11-10;CHRUSDT;318;63;10.4435;-19.0415;MID
2025-11-10;CHZUSDT;318;63;19.1304;-12.292;MID
2025-11-10;CKBUSDT;318;63;13.1313;-14.8512;MID
2025-11-10;COMPUSDT;318;63;8.2518;-10.6719;MID
2025-11-10;COOKIEUSDT;318;63;4.9931;-28.2034;MID
2025-11-10;COTIUSDT;318;63;63.0267;-30.2606;LONG
2025-11-10;COWUSDT;318;63;16.2148;-14.9208;MID
2025-11-10;CRVUSDT;318;63;21.3953;-22.2222;LONG
2025-11-10;CTSIUSDT;318;63;9.4595;-17.9012;MID
2025-11-10;CUSDT;318;63;14.1116;-15.2501;MID
2025-11-10;CVCUSDT;318;63;13.1517;-11.3438;MID
2025-11-10;CYBERUSDT;318;63;20.2353;-19.9609;LONG
2025-11-10;DASHUSDT;318;63;-38.8968;13.1141;SHORT
2025-11-10;DEGOUSDT;318;63;-2.7832;-17.7704;SHORT
2025-11-10;DEXEUSDT;318;63;-2.2391;-16.0642;SHORT
2025-11-10;DIAUSDT;318;63;4.634;-17.529;SHORT
2025-11-10;DOGEUSDT;318;63;8.6073;-16.3181;MID
2025-11-10;DOGSUSDT;318;63;21.4286;-17.8309;LONG
2025-11-10;DOLOUSDT;318;63;0.712;-29.9235;SHORT
2025-11-10;DOTUSDT;318;63;26.4136;-18.413;LONG
2025-11-10;DUSDT;318;63;18.0485;-16.7224;MID
2025-11-10;DUSKUSDT;318;63;40.8962;10.6733;LONG
2025-11-10;DYDXUSDT;318;63;31.1111;-22.0339;LONG
2025-11-10;DYMUSDT;318;63;19.9257;-21.2281;MID
2025-11-10;EDENUSDT;318;63;18.6472;-29.661;MID
2025-11-10;EDUUSDT;318;63;-0.2423;-8.561;SHORT
2025-11-10;EGLDUSDT;318;63;17.5827;-19.2612;MID
2025-11-10;EIGENUSDT;318;63;9.0538;-23.7963;MID
2025-11-10;ENAUSDT;318;63;2.0132;-23.5052;SHORT
2025-11-10;ENJUSDT;318;63;17.1124;-19.2461;MID
2025-11-10;ENSOUSDT;318;63;6.5177;-21.4161;MID
2025-11-10;ENSUSDT;318;63;10.4398;-17.3292;MID
2025-11-10;EPICUSDT;318;63;4.1901;-22.78;SHORT
2025-11-10;ERAUSDT;318;63;8.7705;-1.3117;MID
2025-11-10;ETCUSDT;318;63;9.928;-13.4712;MID
2025-11-10;ETHFIUSDT;318;63;18.3205;-17.2261;MID
2025-11-10;ETHUSDT;318;63;-0.993;-15.0382;SHORT
2025-11-10;EULUSDT;318;63;-19.2635;-28.7778;SHORT
2025-11-10;FETUSDT;318;63;67.9119;-23.474;LONG
2025-11-10;FFUSDT;318;63;20.4561;-10.1326;LONG
2025-11-10;FIDAUSDT;318;63;18.6731;-19.915;MID
2025-11-10;FILUSDT;318;63;77.3611;-20.9475;LONG
2025-11-10;FIOUSDT;318;63;13.4228;-16.0609;MID
2025-11-10;FLOWUSDT;318;63;17.3554;-11.2676;MID
2025-11-10;FLUXUSDT;318;63;76.7296;-17.9122;LONG
2025-11-10;FORMUSDT;318;63;5.9214;-21.0878;MID
2025-11-10;FUNUSDT;318;63;-11.7875;-12.2637;SHORT
2025-11-10;FUSDT;318;63;15.4933;-23.4932;MID
2025-11-10;GALAUSDT;318;63;20.3851;-20.508;LONG
2025-11-10;GIGGLEUSDT;318;63;162.8433;-16.4809;LONG
2025-11-10;GLMRUSDT;318;63;0.0;0.0;SHORT
2025-11-10;GLMUSDT;318;63;38.6895;-14.9624;LONG
2025-11-10;GMTUSDT;318;63;11.267;-15.5348;MID
2025-11-10;GPSUSDT;318;63;10.3014;-12.8829;MID
2025-11-10;GRTUSDT;318;63;21.5963;-19.91;LONG
2025-11-10;GUNUSDT;318;63;3.1601;-14.7039;SHORT
2025-11-10;HAEDALUSDT;318;63;14.4149;-17.8613;MID
2025-11-10;HBARUSDT;318;63;10.6715;-24.8052;MID
2025-11-10;HEMIUSDT;318;63;1.1348;-38.0926;SHORT
2025-11-10;HIGHUSDT;318;63;18.1676;-20.8512;MID
2025-11-10;HIVEUSDT;318;63;12.1161;-14.5069;MID
2025-11-10;HOLOUSDT;318;63;9.6925;-21.4953;MID
2025-11-10;HOMEUSDT;318;63;11.0144;-16.7987;MID
2025-11-10;HOOKUSDT;318;63;18.4822;-20.6583;MID
2025-11-10;HOTUSDT;318;63;14.9306;-13.7462;MID
2025-11-10;HUMAUSDT;318;63;23.7252;-6.2058;LONG
2025-11-10;HYPERUSDT;318;63;12.8352;-15.2801;MID
2025-11-10;ICPUSDT;318;63;73.4606;-19.2167;LONG
2025-11-10;IDUSDT;318;63;5.7694;-15.3778;MID
2025-11-10;ILVUSDT;318;63;7.3447;-23.3264;MID
2025-11-10;IMXUSDT;318;63;6.1807;-22.1535;MID
2025-11-10;INITUSDT;318;63;8.4357;-10.2719;MID
2025-11-10;INJUSDT;318;63;21.5474;-23.8363;LONG
2025-11-10;IOSTUSDT;318;63;12.3225;-16.0722;MID
2025-11-10;IOTAUSDT;318;63;17.7725;-16.7002;MID
2025-11-10;IOTXUSDT;318;63;24.6804;-22.7129;LONG
2025-11-10;IOUSDT;318;63;23.2836;-25.2724;LONG
2025-11-10;JASMYUSDT;318;63;10.3212;-20.9095;MID
2025-11-10;JSTUSDT;318;63;3.4009;-0.3104;SHORT
2025-11-10;JTOUSDT;318;63;-1.789;-31.4161;SHORT
2025-11-10;JUPUSDT;318;63;0.9121;-28.1567;SHORT
2025-11-10;KAIAUSDT;318;63;12.7568;-18.7919;MID
2025-11-10;KAITOUSDT;318;63;-0.2214;-5.1925;SHORT
2025-11-10;KAVAUSDT;318;63;40.5106;-22.7741;LONG
2025-11-10;KDAUSDT;318;63;-29.8981;0.0;SHORT
2025-11-10;KITEUSDT;318;63;11.1659;-3.5599;MID
2025-11-10;KMNOUSDT;318;63;10.8415;-15.3095;MID
2025-11-10;KSMUSDT;318;63;29.8653;-20.9802;LONG
2025-11-10;LAUSDT;318;63;21.8849;16.3899;LONG
2025-11-10;LAYERUSDT;318;63;17.6416;-18.3771;MID
2025-11-10;LDOUSDT;318;63;19.2375;-22.9592;MID
2025-11-10;LINEAUSDT;318;63;9.2593;-21.8798;MID
2025-11-10;LINKUSDT;318;63;7.3571;-18.5536;MID
2025-11-10;LISTAUSDT;318;63;11.2295;-25.0921;MID
2025-11-10;LPTUSDT;318;63;7.5856;-16.8309;MID
2025-11-10;LRCUSDT;318;63;11.6279;-13.244;MID
2025-11-10;LTCUSDT;318;63;19.2902;-12.476;MID
2025-11-10;LUMIAUSDT;318;63;31.182;-18.0794;LONG
2025-11-10;MAGICUSDT;318;63;14.4965;-13.0402;MID
2025-11-10;MANAUSDT;318;63;14.0326;-19.3616;MID
2025-11-10;MANTAUSDT;318;63;21.3693;-4.8718;LONG
2025-11-10;MAVUSDT;318;63;19.6682;-23.2813;MID
2025-11-10;MBOXUSDT;318;63;11.2567;-16.3759;MID
2025-11-10;MDTUSDT;318;63;0.0;0.0;SHORT
2025-11-10;MEMEUSDT;318;63;21.78;-17.5876;LONG
2025-11-10;METISUSDT;318;63;20.9167;-19.2675;LONG
2025-11-10;METUSDT;318;63;8.934;3.2448;MID
2025-11-10;MINAUSDT;318;63;36.9603;-10.4035;LONG
2025-11-10;MIRAUSDT;318;63;2.0202;-22.0072;SHORT
2025-11-10;MITOUSDT;318;63;6.874;-14.7745;MID
2025-11-10;MORPHOUSDT;318;63;9.119;-9.8308;MID
2025-11-10;MOVEUSDT;318;63;15.7838;-19.7836;MID
2025-11-10;MOVRUSDT;318;63;13.7763;-14.4388;MID
2025-11-10;MUBARAKUSDT;318;63;21.2702;-3.5079;LONG
2025-11-10;NEARUSDT;318;63;45.8115;-18.4919;LONG
2025-11-10;NEIROUSDT;318;63;16.1227;-28.1057;MID
2025-11-10;NEOUSDT;318;63;10.3731;-13.8559;MID
2025-11-10;NEWTUSDT;318;63;11.8289;-12.153;MID
2025-11-10;NFPUSDT;318;63;12.1441;-11.2694;MID
2025-11-10;NILUSDT;318;63;4.3575;20.8779;SHORT
2025-11-10;NMRUSDT;318;63;-6.2531;-9.1495;SHORT
2025-11-10;NOMUSDT;318;63;-4.1016;-17.8547;SHORT
2025-11-10;NOTUSDT;318;63;17.8218;-17.0394;MID
2025-11-10;NTRNUSDT;318;63;14.4943;-17.8762;MID
2025-11-10;NXPCUSDT;318;63;25.1956;-8.575;LONG
2025-11-10;OGUSDT;318;63;19.4047;-4.6111;MID
2025-11-10;OMUSDT;318;63;7.253;-21.3089;MID
2025-11-10;ONDOUSDT;318;63;12.7095;-23.3179;MID
2025-11-10;ONEUSDT;318;63;17.9487;-19.8997;MID
2025-11-10;ONTUSDT;318;63;9.4817;-12.4711;MID
2025-11-10;OPENUSDT;318;63;-1.0459;-17.4565;SHORT
2025-11-10;OPUSDT;318;63;26.0068;-17.8258;LONG
2025-11-10;ORCAUSDT;318;63;9.4298;-19.1049;MID
2025-11-10;ORDIUSDT;318;63;28.0464;-17.2414;LONG
2025-11-10;PARTIUSDT;318;63;16.7869;-10.0044;MID
2025-11-10;PAXGUSDT;318;63;3.0563;-2.1123;SHORT
2025-11-10;PENDLEUSDT;318;63;7.3252;-22.0767;MID
2025-11-10;PENGUUSDT;318;63;5.2513;-26.2473;MID
2025-11-10;PEOPLEUSDT;318;63;22.977;-15.4346;LONG
2025-11-10;PHAUSDT;318;63;23.1918;-18.5865;LONG
2025-11-10;PHBUSDT;318;63;6.6064;-18.9766;MID
2025-11-10;PIXELUSDT;318;63;16.6149;-17.5766;MID
2025-11-10;PLUMEUSDT;318;63;-2.8639;-45.7277;SHORT
2025-11-10;PNUTUSDT;318;63;14.0737;-23.8184;MID
2025-11-10;POLUSDT;318;63;8.468;-20.7418;MID
2025-11-10;POLYXUSDT;318;63;14.6826;-15.3383;MID
2025-11-10;PORTALUSDT;318;63;14.8492;-24.6869;MID
2025-11-10;PROMUSDT;318;63;-15.5378;2.7361;SHORT
2025-11-10;PROVEUSDT;318;63;1.2396;-14.2402;SHORT
2025-11-10;PUMPUSDT;318;63;16.3481;-35.8491;MID
2025-11-10;PYTHUSDT;318;63;16.3276;-22.6424;MID
2025-11-10;QNTUSDT;318;63;14.0574;-5.6994;MID
2025-11-10;QTUMUSDT;318;63;13.9603;-12.7114;MID
2025-11-10;RAREUSDT;318;63;9.4519;-15.6522;MID
2025-11-10;RAYUSDT;318;63;0.0;0.0;SHORT
2025-11-10;RDNTUSDT;318;63;10.4755;-16.9469;MID
2025-11-10;REDUSDT;318;63;15.3526;-16.6516;MID
2025-11-10;RENDERUSDT;318;63;26.063;-23.373;LONG
2025-11-10;RESOLVUSDT;318;63;154.9966;63.5139;LONG
2025-11-10;REZUSDT;318;63;4.7051;-16.3475;MID
2025-11-10;RONINUSDT;318;63;0.2007;-20.7276;SHORT
2025-11-10;ROSEUSDT;318;63;44.5752;-17.9476;LONG
2025-11-10;RSRUSDT;318;63;-0.7354;-22.989;SHORT
2025-11-10;RUNEUSDT;318;63;5.8259;-13.8173;MID
2025-11-10;RVNUSDT;318;63;19.209;-15.1659;MID
2025-11-10;SAGAUSDT;318;63;21.2441;-23.0397;LONG
2025-11-10;SAHARAUSDT;318;63;7.1681;0.5194;MID
2025-11-10;SANDUSDT;318;63;15.8031;-18.0972;MID
2025-11-10;SANTOSUSDT;318;63;13.5135;17.6768;MID
2025-11-10;SAPIENUSDT;318;63;74.2455;-38.7017;LONG
2025-11-10;SCRTUSDT;318;63;6.6489;-0.8978;MID
2025-11-10;SCRUSDT;318;63;0.602;-22.0227;SHORT
2025-11-10;SEIUSDT;318;63;14.6312;-21.8882;MID
2025-11-10;SHELLUSDT;318;63;8.7753;-32.8014;MID
2025-11-10;SIGNUSDT;318;63;9.3767;-3.9643;MID
2025-11-10;SKLUSDT;318;63;13.2959;-16.584;MID
2025-11-10;SKYUSDT;318;63;5.9665;-14.6466;MID
2025-11-10;SLPUSDT;318;63;20.5051;-19.6982;LONG
2025-11-10;SNXUSDT;318;63;-4.4395;-21.0221;SHORT
2025-11-10;SOLUSDT;318;63;0.7773;-21.7293;SHORT
2025-11-10;SOLVUSDT;318;63;-21.9369;-21.0617;SHORT
2025-11-10;SOMIUSDT;318;63;18.2749;-28.6032;MID
2025-11-10;SOPHUSDT;318;63;5.6254;-27.5125;MID
2025-11-10;SPKUSDT;318;63;37.4187;-24.3672;LONG
2025-11-10;SSVUSDT;318;63;16.4754;-24.9846;MID
2025-11-10;STEEMUSDT;318;63;11.268;-11.008;MID
2025-11-10;STGUSDT;318;63;14.7082;-12.4739;MID
2025-11-10;STORJUSDT;318;63;13.4115;-8.8404;MID
2025-11-10;STRAXUSDT;318;63;0.0;0.0;SHORT
2025-11-10;STRKUSDT;318;63;58.5319;17.0174;LONG
2025-11-10;STXUSDT;318;63;15.6789;-21.4718;MID
2025-11-10;SUIUSDT;318;63;4.4954;-25.192;SHORT
2025-11-10;SUPERUSDT;318;63;0.9302;-27.5269;SHORT
2025-11-10;SUSDT;318;63;24.1605;-20.9103;LONG
2025-11-10;SUSHIUSDT;318;63;27.7517;-20.3076;LONG
2025-11-10;SXTUSDT;318;63;4.6457;-23.3327;SHORT
2025-11-10;SYRUPUSDT;318;63;14.4281;-16.475;MID
2025-11-10;TAOUSDT;318;63;-17.0166;-19.0795;SHORT
2025-11-10;THETAUSDT;318;63;15.69;-19.6487;MID
2025-11-10;THEUSDT;318;63;6.0241;-21.436;MID
2025-11-10;TIAUSDT;318;63;28.5732;-24.3274;LONG
2025-11-10;TLMUSDT;318;63;16.0629;-17.3707;MID
2025-11-10;TNSRUSDT;318;63;11.003;-27.1636;MID
2025-11-10;TONUSDT;318;63;6.2522;-17.8304;MID
2025-11-10;TOWNSUSDT;318;63;17.1095;-21.5064;MID
2025-11-10;TRBUSDT;318;63;19.992;-8.3029;LONG
2025-11-10;TREEUSDT;318;63;15.2336;-16.5687;MID
2025-11-10;TRUMPUSDT;318;63;22.077;-22.0958;LONG
2025-11-10;TRUUSDT;318;63;11.9255;-25.5272;MID
2025-11-10;TRXUSDT;318;63;5.4399;-1.5792;MID
2025-11-10;TSTUSDT;318;63;19.961;-10.8401;LONG
2025-11-10;TURBOUSDT;318;63;16.14;-28.0501;MID
2025-11-10;TURTLEUSDT;318;63;10.6472;-19.3396;MID
2025-11-10;TUSDT;318;63;9.2205;-10.3607;MID
2025-11-10;TUTUSDT;318;63;17.6855;-14.0192;MID
2025-11-10;TWTUSDT;318;63;13.1967;-14.7952;MID
2025-11-10;UMAUSDT;318;63;6.079;-13.5626;MID
2025-11-10;UNIUSDT;318;63;79.7883;-20.5889;LONG
2025-11-10;USDCUSDT;318;63;0.0253;0.0755;SHORT
2025-11-10;USTCUSDT;318;63;10.9919;-11.9158;MID
2025-11-10;USUALUSDT;318;63;25.3146;-18.99;LONG
2025-11-10;VANAUSDT;318;63;12.8556;-8.5106;MID
2025-11-10;VANRYUSDT;318;63;13.253;-18.9362;MID
2025-11-10;VETUSDT;318;63;18.6223;-16.8913;MID
2025-11-10;VIRTUALUSDT;318;63;0.3357;-27.6408;SHORT
2025-11-10;VTHOUSDT;318;63;20.4431;-15.0502;LONG
2025-11-10;WALUSDT;318;63;6.0094;-19.3091;MID
2025-11-10;WCTUSDT;318;63;7.8283;24.9024;MID
2025-11-10;WIFUSDT;318;63;13.1304;-22.0281;MID
2025-11-10;WLDUSDT;318;63;14.217;-21.5962;MID
2025-11-10;WLFIUSDT;318;63;33.3621;-11.2119;LONG
2025-11-10;WUSDT;318;63;17.7041;-24.1199;MID
2025-11-10;XAIUSDT;318;63;8.8208;-20.4352;MID
2025-11-10;XLMUSDT;318;63;8.0255;-17.7689;MID
2025-11-10;XPLUSDT;318;63;13.4552;-21.3342;MID
2025-11-10;XRPUSDT;318;63;9.4021;-14.3683;MID
2025-11-10;XTZUSDT;318;63;17.8908;-15.4952;MID
2025-11-10;XVGUSDT;318;63;-0.3878;15.7718;SHORT
2025-11-10;YBUSDT;318;63;-4.6058;-8.4493;SHORT
2025-11-10;YFIUSDT;318;63;9.3826;-14.7248;MID
2025-11-10;YGGUSDT;318;63;12.688;-17.598;MID
2025-11-10;ZBTUSDT;318;63;1.5758;-25.6563;SHORT
2025-11-10;ZECUSDT;318;63;20.7873;16.852;LONG
2025-11-10;ZENUSDT;318;63;-32.5455;21.7549;SHORT
2025-11-10;ZILUSDT;318;63;17.2312;-17.2111;MID
2025-11-10;ZKCUSDT;318;63;7.025;-24.2168;MID
2025-11-10;ZKUSDT;318;63;8.403;-18.8881;MID
2025-11-10;ZROUSDT;318;63;12.6891;-14.261;MID
2025-11-10;ZRXUSDT;318;63;19.0503;-17.9259;MID
2025-11-17;0GUSDT;319;63;-20.9659;5.2955;MID
2025-11-17;1000BONKUSDT;319;63;-24.9592;0.0;SHORT
2025-11-17;1000CHEEMSUSDT;319;63;2.1873;-8.6179;LONG
2025-11-17;1000FLOKIUSDT;319;63;-20.8089;-4.8343;MID
2025-11-17;1000LUNCUSDT;319;63;-16.8388;-11.716;MID
2025-11-17;1000PEPEUSDT;319;63;-24.1469;-3.3095;SHORT
2025-11-17;1000SATSUSDT;319;63;-18.9655;-4.2553;MID
2025-11-17;1000SHIBUSDT;319;63;-15.3664;-2.9251;MID
2025-11-17;1000XECUSDT;319;63;-17.608;-2.6613;MID
2025-11-17;1INCHUSDT;319;63;-18.0313;6.6048;MID
2025-11-17;1MBABYDOGEUSDT;319;63;-15.0114;-2.3586;MID
2025-11-17;2ZUSDT;319;63;-28.1522;-12.6458;SHORT
2025-11-17;A2ZUSDT;319;63;-13.1868;-11.8602;MID
2025-11-17;AAVEUSDT;319;63;-25.9344;5.5431;SHORT
2025-11-17;ACEUSDT;319;63;-14.2113;-9.5585;MID
2025-11-17;ACHUSDT;319;63;-15.8503;-6.9136;MID
2025-11-17;ACTUSDT;319;63;-19.3942;28.6596;MID
2025-11-17;ADAUSDT;319;63;-21.3538;-8.2636;MID
2025-11-17;AEVOUSDT;319;63;-19.9906;-3.8575;MID
2025-11-17;AIUSDT;319;63;-21.6485;4.4661;MID
2025-11-17;AIXBTUSDT;319;63;-21.3948;-14.3273;MID
2025-11-17;ALGOUSDT;319;63;-19.2797;-5.7087;MID
2025-11-17;ALICEUSDT;319;63;-20.6667;2.521;MID
2025-11-17;ALPINEUSDT;319;63;-16.3142;-5.1797;MID
2025-11-17;ALTUSDT;319;63;-20.9224;-1.4936;MID
2025-11-17;ANIMEUSDT;319;63;-18.1922;2.6889;MID
2025-11-17;ANKRUSDT;319;63;-14.9402;-4.3326;MID
2025-11-17;APEUSDT;319;63;-19.8238;-12.5763;MID
2025-11-17;API3USDT;319;63;-17.8002;-2.7046;MID
2025-11-17;APTUSDT;319;63;-16.5342;-14.8798;MID
2025-11-17;ARBUSDT;319;63;-26.0189;-4.2309;SHORT
2025-11-17;ARKMUSDT;319;63;-21.8661;-9.5463;MID
2025-11-17;ARKUSDT;319;63;-10.0803;-1.6066;LONG
2025-11-17;ARPAUSDT;319;63;-14.8597;-2.2624;MID
2025-11-17;ARUSDT;319;63;-23.3853;-2.7469;SHORT
2025-11-17;ASRUSDT;319;63;-9.2543;1.3206;LONG
2025-11-17;ASTERUSDT;319;63;8.4512;-0.8555;LONG
2025-11-17;ASTRUSDT;319;63;-17.42;-1.2333;MID
2025-11-17;ATOMUSDT;319;63;-12.8502;-7.6127;MID
2025-11-17;ATUSDT;319;63;-13.3111;4.6579;MID
2025-11-17;AUCTIONUSDT;319;63;-8.8417;-6.9564;LONG
2025-11-17;AUSDT;319;63;-20.621;-10.2891;MID
2025-11-17;AVAXUSDT;319;63;-20.1277;-4.293;MID
2025-11-17;AVNTUSDT;319;63;-21.5435;-7.0629;MID
2025-11-17;AWEUSDT;319;63;-19.0705;-7.6325;MID
2025-11-17;AXLUSDT;319;63;-22.0991;-0.8982;MID
2025-11-17;AXSUSDT;319;63;-17.483;-5.5235;MID
2025-11-17;BABYUSDT;319;63;-9.7814;-19.301;LONG
2025-11-17;BANANAS31USDT;319;63;28.8881;14.646;LONG
2025-11-17;BANANAUSDT;319;63;-18.5677;-11.182;MID
2025-11-17;BANKUSDT;319;63;-38.8228;-15.0886;SHORT
2025-11-17;BARDUSDT;319;63;-8.1238;-2.0758;LONG
2025-11-17;BATUSDT;319;63;-22.3371;21.3542;SHORT
2025-11-17;BBUSDT;319;63;-21.2232;0.3691;MID
2025-11-17;BCHUSDT;319;63;-5.1678;11.9715;LONG
2025-11-17;BEAMXUSDT;319;63;-22.3868;-5.5275;SHORT
2025-11-17;BERAUSDT;319;63;-22.9994;-18.8607;SHORT
2025-11-17;BIOUSDT;319;63;-23.2508;-3.8734;SHORT
2025-11-17;BLURUSDT;319;63;-16.4796;-2.8614;MID
2025-11-17;BNBUSDT;319;63;-8.4948;-4.6356;LONG
2025-11-17;BNTUSDT;319;63;-15.4281;-3.8983;MID
2025-11-17;BOMEUSDT;319;63;-21.4579;-3.2549;MID
2025-11-17;BROCCOLI714USDT;319;63;-10.2273;-15.8803;LONG
2025-11-17;BTCUSDT;319;63;-13.0198;-4.2558;MID
2025-11-17;C98USDT;319;63;-20.9809;-3.7931;MID
2025-11-17;CAKEUSDT;319;63;-11.9662;2.233;MID
2025-11-17;CATIUSDT;319;63;-11.0219;1.8868;LONG
2025-11-17;CELOUSDT;319;63;-27.2727;-9.7826;SHORT
2025-11-17;CFXUSDT;319;63;-15.9277;-4.0539;MID
2025-11-17;CHRUSDT;319;63;-19.0415;-5.28;MID
2025-11-17;CHZUSDT;319;63;-12.292;-4.1611;MID
2025-11-17;CKBUSDT;319;63;-14.8512;-9.8916;MID
2025-11-17;COMPUSDT;319;63;-10.6719;-6.0999;LONG
2025-11-17;COOKIEUSDT;319;63;-28.2034;-2.0055;SHORT
2025-11-17;COTIUSDT;319;63;-30.2606;-12.971;SHORT
2025-11-17;COWUSDT;319;63;-14.9208;-7.3978;MID
2025-11-17;CRVUSDT;319;63;-22.2222;0.9852;MID
2025-11-17;CTSIUSDT;319;63;-17.9012;10.0251;MID
2025-11-17;CUSDT;319;63;-15.2501;-7.307;MID
2025-11-17;CVCUSDT;319;63;-11.3438;-6.9685;MID
2025-11-17;CYBERUSDT;319;63;-19.9609;-2.934;MID
2025-11-17;DASHUSDT;319;63;13.1141;-31.1557;LONG
2025-11-17;DEGOUSDT;319;63;-17.7704;5.9961;MID
2025-11-17;DEXEUSDT;319;63;-16.0642;-13.6625;MID
2025-11-17;DIAUSDT;319;63;-17.529;-9.3099;MID
2025-11-17;DOGEUSDT;319;63;-16.3181;-0.2105;MID
2025-11-17;DOGSUSDT;319;63;-17.8309;1.1186;MID
2025-11-17;DOLOUSDT;319;63;-29.9235;0.1853;SHORT
2025-11-17;DOTUSDT;319;63;-18.413;-12.2043;MID
2025-11-17;DUSDT;319;63;-16.7224;-3.2702;MID
2025-11-17;DUSKUSDT;319;63;10.6733;-22.3858;LONG
2025-11-17;DYDXUSDT;319;63;-22.0339;-9.058;MID
2025-11-17;DYMUSDT;319;63;-21.2281;45.2509;MID
2025-11-17;EDENUSDT;319;63;-29.661;-12.1577;SHORT
2025-11-17;EDUUSDT;319;63;-8.561;1.7264;LONG
2025-11-17;EGLDUSDT;319;63;-19.2612;-3.3117;MID
2025-11-17;EIGENUSDT;319;63;-23.7963;-6.0333;SHORT
2025-11-17;ENAUSDT;319;63;-23.5052;1.5787;SHORT
2025-11-17;ENJUSDT;319;63;-19.2461;-6.8369;MID
2025-11-17;ENSOUSDT;319;63;-21.4161;-9.6774;MID
2025-11-17;ENSUSDT;319;63;-17.3292;-6.0717;MID
2025-11-17;EPICUSDT;319;63;-22.78;0.6641;SHORT
2025-11-17;ERAUSDT;319;63;-1.3117;10.2424;LONG
2025-11-17;ETCUSDT;319;63;-13.4712;-0.694;MID
2025-11-17;ETHFIUSDT;319;63;-17.2261;-8.8596;MID
2025-11-17;ETHUSDT;319;63;-15.0382;-2.5699;MID
2025-11-17;EULUSDT;319;63;-28.7778;-8.5916;SHORT
2025-11-17;FETUSDT;319;63;-23.474;3.2426;SHORT
2025-11-17;FFUSDT;319;63;-10.1326;5.602;LONG
2025-11-17;FIDAUSDT;319;63;-19.915;-1.655;MID
2025-11-17;FILUSDT;319;63;-20.9475;-18.7221;MID
2025-11-17;FIOUSDT;319;63;-16.0609;4.8338;MID
2025-11-17;FLOWUSDT;319;63;-11.2676;-7.1429;LONG
2025-11-17;FLUXUSDT;319;63;-17.9122;-14.1618;MID
2025-11-17;FORMUSDT;319;63;-21.0878;6.5098;MID
2025-11-17;FUNUSDT;319;63;-12.2637;-1.1523;MID
2025-11-17;FUSDT;319;63;-23.4932;-11.673;SHORT
2025-11-17;GALAUSDT;319;63;-20.508;-8.8757;MID
2025-11-17;GIGGLEUSDT;319;63;-16.4809;-15.4233;MID
2025-11-17;GLMRUSDT;319;63;0.0;0.0;LONG
2025-11-17;GLMUSDT;319;63;-14.9624;-0.1521;MID
2025-11-17;GMTUSDT;319;63;-15.5348;-7.6553;MID
2025-11-17;GPSUSDT;319;63;-12.8829;19.7173;MID
2025-11-17;GRTUSDT;319;63;-19.91;-7.126;MID
2025-11-17;GUNUSDT;319;63;-14.7039;2.075;MID
2025-11-17;HAEDALUSDT;319;63;-17.8613;-3.5664;MID
2025-11-17;HBARUSDT;319;63;-24.8052;1.825;SHORT
2025-11-17;HEMIUSDT;319;63;-38.0926;-4.7123;SHORT
2025-11-17;HIGHUSDT;319;63;-20.8512;-1.709;MID
2025-11-17;HIVEUSDT;319;63;-14.5069;-1.161;MID
2025-11-17;HOLOUSDT;319;63;-21.4953;1.8398;MID
2025-11-17;HOMEUSDT;319;63;-16.7987;21.9457;MID
2025-11-17;HOOKUSDT;319;63;-20.6583;-2.3299;MID
2025-11-17;HOTUSDT;319;63;-13.7462;-2.2767;MID
2025-11-17;HUMAUSDT;319;63;-6.2058;13.1237;LONG
2025-11-17;HYPERUSDT;319;63;-15.2801;-8.016;MID
2025-11-17;ICPUSDT;319;63;-19.2167;-23.8242;MID
2025-11-17;IDUSDT;319;63;-15.3778;-5.7816;MID
2025-11-17;ILVUSDT;319;63;-23.3264;2.8031;SHORT
2025-11-17;IMXUSDT;319;63;-22.1535;-11.1476;MID
2025-11-17;INITUSDT;319;63;-10.2719;-9.5118;LONG
2025-11-17;INJUSDT;319;63;-23.8363;-7.6516;SHORT
2025-11-17;IOSTUSDT;319;63;-16.0722;1.4524;MID
2025-11-17;IOTAUSDT;319;63;-16.7002;-4.5894;MID
2025-11-17;IOTXUSDT;319;63;-22.7129;-5.102;SHORT
2025-11-17;IOUSDT;319;63;-25.2724;-3.5237;SHORT
2025-11-17;JASMYUSDT;319;63;-20.9095;-5.686;MID
2025-11-17;JSTUSDT;319;63;-0.3104;2.4526;LONG
2025-11-17;JTOUSDT;319;63;-31.4161;-7.7315;SHORT
2025-11-17;JUPUSDT;319;63;-28.1567;-5.6424;SHORT
2025-11-17;KAIAUSDT;319;63;-18.7919;-4.2503;MID
2025-11-17;KAITOUSDT;319;63;-5.1925;-22.165;LONG
2025-11-17;KAVAUSDT;319;63;-22.7741;-6.5882;SHORT
2025-11-17;KDAUSDT;319;63;0.0;0.0;LONG
2025-11-17;KITEUSDT;319;63;-3.5599;25.3418;LONG
2025-11-17;KMNOUSDT;319;63;-15.3095;7.2531;MID
2025-11-17;KSMUSDT;319;63;-20.9802;-10.774;MID
2025-11-17;LAUSDT;319;63;16.3899;-20.3994;LONG
2025-11-17;LAYERUSDT;319;63;-18.3771;10.5263;MID
2025-11-17;LDOUSDT;319;63;-22.9592;-2.3988;SHORT
2025-11-17;LINEAUSDT;319;63;-21.8798;5.3254;MID
2025-11-17;LINKUSDT;319;63;-18.5536;-2.7096;MID
2025-11-17;LISTAUSDT;319;63;-25.0921;-3.0989;SHORT
2025-11-17;LPTUSDT;319;63;-16.8309;-6.062;MID
2025-11-17;LRCUSDT;319;63;-13.244;-5.06;MID
2025-11-17;LTCUSDT;319;63;-12.476;-6.3268;MID
2025-11-17;LUMIAUSDT;319;63;-18.0794;-1.6643;MID
2025-11-17;MAGICUSDT;319;63;-13.0402;-6.1029;MID
2025-11-17;MANAUSDT;319;63;-19.3616;-10.9375;MID
2025-11-17;MANTAUSDT;319;63;-4.8718;6.9182;LONG
2025-11-17;MAVUSDT;319;63;-23.2813;21.009;SHORT
2025-11-17;MBOXUSDT;319;63;-16.3759;-1.5645;MID
2025-11-17;MDTUSDT;319;63;0.0;0.0;LONG
2025-11-17;MEMEUSDT;319;63;-17.5876;-5.5516;MID
2025-11-17;METISUSDT;319;63;-19.2675;-10.561;MID
2025-11-17;METUSDT;319;63;3.2448;-23.7812;LONG
2025-11-17;MINAUSDT;319;63;-10.4035;-20.6897;LONG
2025-11-17;MIRAUSDT;319;63;-22.0072;0.2308;MID
2025-11-17;MITOUSDT;319;63;-14.7745;16.3191;MID
2025-11-17;MMTUSDT;319;63;-42.2168;2.8645;SHORT
2025-11-17;MORPHOUSDT;319;63;-9.8308;-14.7111;LONG
2025-11-17;MOVEUSDT;319;63;-19.7836;-1.1561;MID
2025-11-17;MOVRUSDT;319;63;-14.4388;-2.3168;MID
2025-11-17;MUBARAKUSDT;319;63;-3.5079;-13.8761;LONG
2025-11-17;NEARUSDT;319;63;-18.4919;-16.0793;MID
2025-11-17;NEIROUSDT;319;63;-28.1057;0.4691;SHORT
2025-11-17;NEOUSDT;319;63;-13.8559;-7.0289;MID
2025-11-17;NEWTUSDT;319;63;-12.153;-0.5124;MID
2025-11-17;NFPUSDT;319;63;-11.2694;-8.3212;MID
2025-11-17;NILUSDT;319;63;20.8779;-59.0788;LONG
2025-11-17;NMRUSDT;319;63;-9.1495;9.5173;LONG
2025-11-17;NOMUSDT;319;63;-17.8547;0.3306;MID
2025-11-17;NOTUSDT;319;63;-17.0394;-7.7451;MID
2025-11-17;NTRNUSDT;319;63;-17.8762;19.1417;MID
2025-11-17;NXPCUSDT;319;63;-8.575;25.1846;LONG
2025-11-17;OGUSDT;319;63;-4.6111;-5.8908;LONG
2025-11-17;OMUSDT;319;63;-21.3089;-5.683;MID
2025-11-17;ONDOUSDT;319;63;-23.3179;-5.9499;SHORT
2025-11-17;ONEUSDT;319;63;-19.8997;-6.8894;MID
2025-11-17;ONTUSDT;319;63;-12.4711;-2.3747;MID
2025-11-17;OPENUSDT;319;63;-17.4565;3.4283;MID
2025-11-17;OPUSDT;319;63;-17.8258;-12.7636;MID
2025-11-17;ORCAUSDT;319;63;-19.1049;-8.0925;MID
2025-11-17;ORDIUSDT;319;63;-17.2414;-6.2616;MID
2025-11-17;PARTIUSDT;319;63;-10.0044;123.2957;LONG
2025-11-17;PAXGUSDT;319;63;-2.1123;2.897;LONG
2025-11-17;PENDLEUSDT;319;63;-22.0767;6.5417;MID
2025-11-17;PENGUUSDT;319;63;-26.2473;-6.3322;SHORT
2025-11-17;PEOPLEUSDT;319;63;-15.4346;-2.2094;MID
2025-11-17;PHAUSDT;319;63;-18.5865;-10.7192;MID
2025-11-17;PHBUSDT;319;63;-18.9766;8.4418;MID
2025-11-17;PIXELUSDT;319;63;-17.5766;9.2892;MID
2025-11-17;PLUMEUSDT;319;63;-45.7277;-11.9723;SHORT
2025-11-17;PNUTUSDT;319;63;-23.8184;-6.3421;SHORT
2025-11-17;POLUSDT;319;63;-20.7418;-5.1911;MID
2025-11-17;POLYXUSDT;319;63;-15.3383;-2.7131;MID
2025-11-17;PORTALUSDT;319;63;-24.6869;1.7167;SHORT
2025-11-17;PROMUSDT;319;63;2.7361;-1.8946;LONG
2025-11-17;PROVEUSDT;319;63;-14.2402;-5.5936;MID
2025-11-17;PUMPUSDT;319;63;-35.8491;-2.6644;SHORT
2025-11-17;PYTHUSDT;319;63;-22.6424;-8.4507;SHORT
2025-11-17;QNTUSDT;319;63;-5.6994;-0.4155;LONG
2025-11-17;QTUMUSDT;319;63;-12.7114;-7.5161;MID
2025-11-17;RAREUSDT;319;63;-15.6522;-8.7807;MID
2025-11-17;RAYUSDT;319;63;0.0;0.0;LONG
2025-11-17;RDNTUSDT;319;63;-16.9469;-3.9676;MID
2025-11-17;REDUSDT;319;63;-16.6516;-4.9855;MID
2025-11-17;RENDERUSDT;319;63;-23.373;-4.8679;SHORT
2025-11-17;RESOLVUSDT;319;63;63.5139;-24.6028;LONG
2025-11-17;REZUSDT;319;63;-16.3475;4.2945;MID
2025-11-17;RONINUSDT;319;63;-20.7276;-21.3053;MID
2025-11-17;ROSEUSDT;319;63;-17.9476;-14.9311;MID
2025-11-17;RSRUSDT;319;63;-22.989;-4.1781;SHORT
2025-11-17;RUNEUSDT;319;63;-13.8173;-9.7992;MID
2025-11-17;RVNUSDT;319;63;-15.1659;-8.6034;MID
2025-11-17;SAGAUSDT;319;63;-23.0397;11.3208;SHORT
2025-11-17;SAHARAUSDT;319;63;0.5194;1.5123;LONG
2025-11-17;SANDUSDT;319;63;-18.0972;-7.6785;MID
2025-11-17;SANTOSUSDT;319;63;17.6768;14.7149;LONG
2025-11-17;SAPIENUSDT;319;63;-38.7017;-10.4108;SHORT
2025-11-17;SCRTUSDT;319;63;-0.8978;-27.4283;LONG
2025-11-17;SCRUSDT;319;63;-22.0227;-24.482;MID
2025-11-17;SEIUSDT;319;63;-21.8882;-7.2924;MID
2025-11-17;SHELLUSDT;319;63;-32.8014;-11.8602;SHORT
2025-11-17;SIGNUSDT;319;63;-3.9643;-0.1032;LONG
2025-11-17;SKLUSDT;319;63;-16.584;-7.7939;MID
2025-11-17;SKYUSDT;319;63;-14.6466;-10.748;MID
2025-11-17;SLPUSDT;319;63;-19.6982;-4.071;MID
2025-11-17;SNXUSDT;319;63;-21.0221;-14.2647;MID
2025-11-17;SOLUSDT;319;63;-21.7293;5.7143;MID
2025-11-17;SOLVUSDT;319;63;-21.0617;20.9064;MID
2025-11-17;SOMIUSDT;319;63;-28.6032;-5.3324;SHORT
2025-11-17;SOPHUSDT;319;63;-27.5125;-3.7491;SHORT
2025-11-17;SPKUSDT;319;63;-24.3672;-1.6265;SHORT
2025-11-17;SSVUSDT;319;63;-24.9846;6.9513;SHORT
2025-11-17;STEEMUSDT;319;63;-11.008;-1.8614;LONG
2025-11-17;STGUSDT;319;63;-12.4739;-8.0414;MID
2025-11-17;STORJUSDT;319;63;-8.8404;-3.0856;LONG
2025-11-17;STRAXUSDT;319;63;0.0;0.0;LONG
2025-11-17;STRKUSDT;319;63;17.0174;-27.1326;LONG
2025-11-17;STXUSDT;319;63;-21.4718;-4.9229;MID
2025-11-17;SUIUSDT;319;63;-25.192;-5.5837;SHORT
2025-11-17;SUPERUSDT;319;63;-27.5269;-11.1064;SHORT
2025-11-17;SUSDT;319;63;-20.9103;-7.256;MID
2025-11-17;SUSHIUSDT;319;63;-20.3076;-8.5746;MID
2025-11-17;SXTUSDT;319;63;-23.3327;-4.9445;SHORT
2025-11-17;SYRUPUSDT;319;63;-16.475;-21.0064;MID
2025-11-17;TAOUSDT;319;63;-19.0795;-6.7735;MID
2025-11-17;THETAUSDT;319;63;-19.6487;-6.8378;MID
2025-11-17;THEUSDT;319;63;-21.436;0.3287;MID
2025-11-17;TIAUSDT;319;63;-24.3274;-18.1183;SHORT
2025-11-17;TLMUSDT;319;63;-17.3707;-3.2049;MID
2025-11-17;TNSRUSDT;319;63;-27.1636;287.6472;SHORT
2025-11-17;TONUSDT;319;63;-17.8304;-11.9333;MID
2025-11-17;TOWNSUSDT;319;63;-21.5064;-5.6647;MID
2025-11-17;TRBUSDT;319;63;-8.3029;-15.1945;LONG
2025-11-17;TREEUSDT;319;63;-16.5687;0.2113;MID
2025-11-17;TRUMPUSDT;319;63;-22.0958;-7.9115;MID
2025-11-17;TRUUSDT;319;63;-25.5272;-5.1416;SHORT
2025-11-17;TRXUSDT;319;63;-1.5792;-5.8489;LONG
2025-11-17;TSTUSDT;319;63;-10.8401;-5.228;LONG
2025-11-17;TURBOUSDT;319;63;-28.0501;-4.4045;SHORT
2025-11-17;TURTLEUSDT;319;63;-19.3396;-4.9123;MID
2025-11-17;TUSDT;319;63;-10.3607;-1.5411;LONG
2025-11-17;TUTUSDT;319;63;-14.0192;-8.915;MID
2025-11-17;TWTUSDT;319;63;-14.7952;-2.7095;MID
2025-11-17;UMAUSDT;319;63;-13.5626;-6.8508;MID
2025-11-17;UNIUSDT;319;63;-20.5889;-15.1813;MID
2025-11-17;USDCUSDT;319;63;0.0755;-0.0751;LONG
2025-11-17;USTCUSDT;319;63;-11.9158;-10.8973;MID
2025-11-17;USUALUSDT;319;63;-18.99;8.8225;MID
2025-11-17;VANAUSDT;319;63;-8.5106;-3.1843;LONG
2025-11-17;VANRYUSDT;319;63;-18.9362;-4.4619;MID
2025-11-17;VETUSDT;319;63;-16.8913;-4.9563;MID
2025-11-17;VIRTUALUSDT;319;63;-27.6408;-11.692;SHORT
2025-11-17;VTHOUSDT;319;63;-15.0502;0.0;MID
2025-11-17;WALUSDT;319;63;-19.3091;-13.831;MID
2025-11-17;WCTUSDT;319;63;24.9024;-26.1875;LONG
2025-11-17;WIFUSDT;319;63;-22.0281;-3.0904;MID
2025-11-17;WLDUSDT;319;63;-21.5962;-2.2263;MID
2025-11-17;WLFIUSDT;319;63;-11.2119;12.1168;LONG
2025-11-17;WUSDT;319;63;-24.1199;-7.0484;SHORT
2025-11-17;XAIUSDT;319;63;-20.4352;12.118;MID
2025-11-17;XLMUSDT;319;63;-17.7689;3.0777;MID
2025-11-17;XPLUSDT;319;63;-21.3342;-18.0664;MID
2025-11-17;XRPUSDT;319;63;-14.3683;2.9969;MID
2025-11-17;XTZUSDT;319;63;-15.4952;-4.7259;MID
2025-11-17;XVGUSDT;319;63;15.7718;-11.1304;LONG
2025-11-17;YBUSDT;319;63;-8.4493;1.2514;LONG
2025-11-17;YFIUSDT;319;63;-14.7248;-1.225;MID
2025-11-17;YGGUSDT;319;63;-17.598;-7.6923;MID
2025-11-17;ZBTUSDT;319;63;-25.6563;-4.0931;SHORT
2025-11-17;ZECUSDT;319;63;16.852;-14.9621;LONG
2025-11-17;ZENUSDT;319;63;21.7549;-21.6771;LONG
2025-11-17;ZILUSDT;319;63;-17.2111;-6.9803;MID
2025-11-17;ZKCUSDT;319;63;-24.2168;0.4593;SHORT
2025-11-17;ZKUSDT;319;63;-18.8881;-14.1405;MID
2025-11-17;ZROUSDT;319;63;-14.261;-5.8811;MID
2025-11-17;ZRXUSDT;319;63;-17.9259;-9.0909;MID
2025-11-24;0GUSDT;282;56;5.2955;-7.2723;LONG
2025-11-24;1000BONKUSDT;282;56;0.0;-13.0297;MID
2025-11-24;1000CHEEMSUSDT;282;56;-8.6179;4.9215;MID
2025-11-24;1000FLOKIUSDT;282;56;-4.8343;-11.7575;MID
2025-11-24;1000LUNCUSDT;282;56;-11.716;-3.1735;SHORT
2025-11-24;1000PEPEUSDT;282;56;-3.3095;-11.1784;MID
2025-11-24;1000SATSUSDT;282;56;-4.2553;-13.3333;MID
2025-11-24;1000SHIBUSDT;282;56;-2.9251;-4.3577;MID
2025-11-24;1INCHUSDT;282;56;6.6048;-3.7378;LONG
2025-11-24;1MBABYDOGEUSDT;282;56;-2.3586;-9.58;MID
2025-11-24;2ZUSDT;282;56;-12.6458;-10.3225;SHORT
2025-11-24;AAVEUSDT;282;56;5.5431;-3.9964;LONG
2025-11-24;ACEUSDT;282;56;-9.5585;-4.5231;MID
2025-11-24;ACHUSDT;282;56;-6.9136;-6.0559;MID
2025-11-24;ACTUSDT;282;56;28.6596;-8.8056;LONG
2025-11-24;ADAUSDT;282;56;-8.2636;-9.8503;MID
2025-11-24;AEVOUSDT;282;56;-3.8575;-14.3585;MID
2025-11-24;AIXBTUSDT;282;56;-14.3273;-7.5912;SHORT
2025-11-24;ALGOUSDT;282;56;-5.7087;-9.3946;MID
2025-11-24;ALICEUSDT;282;56;2.521;-13.9344;LONG
2025-11-24;ALLOUSDT;282;56;4.7745;-29.9241;LONG
2025-11-24;ALPINEUSDT;282;56;-5.1797;-7.1677;MID
2025-11-24;ALTUSDT;282;56;-1.4936;-9.6751;MID
2025-11-24;ANIMEUSDT;282;56;2.6889;-11.0609;LONG
2025-11-24;APEUSDT;282;56;-12.5763;-17.4232;SHORT
2025-11-24;API3USDT;282;56;-2.7046;-7.4067;MID
2025-11-24;APTUSDT;282;56;-14.8798;-20.24;SHORT
2025-11-24;ARBUSDT;282;56;-4.2309;-10.9526;MID
2025-11-24;ARKMUSDT;282;56;-9.5463;-13.6437;MID
2025-11-24;ARKUSDT;282;56;-1.6066;0.1814;MID
2025-11-24;ARUSDT;282;56;-2.7469;-3.774;MID
2025-11-24;ASRUSDT;282;56;1.3206;-5.7929;MID
2025-11-24;ASTERUSDT;282;56;-0.8555;-18.522;MID
2025-11-24;ATOMUSDT;282;56;-7.6127;-9.36;MID
2025-11-24;ATUSDT;282;56;4.6579;-49.4168;LONG
2025-11-24;AUCTIONUSDT;282;56;-6.9564;-2.9124;MID
2025-11-24;AVAXUSDT;282;56;-4.293;-8.2367;MID
2025-11-24;AVNTUSDT;282;56;-7.0629;-17.7075;MID
2025-11-24;AWEUSDT;282;56;-7.6325;15.4834;MID
2025-11-24;AXLUSDT;282;56;-0.8982;-20.5438;MID
2025-11-24;BABYUSDT;282;56;-19.301;-10.4823;SHORT
2025-11-24;BANANAS31USDT;282;56;14.646;-8.325;LONG
2025-11-24;BANANAUSDT;282;56;-11.182;8.0117;SHORT
2025-11-24;BANKUSDT;282;56;-15.0886;-0.3365;SHORT
2025-11-24;BARDUSDT;282;56;-2.0758;1.6655;MID
2025-11-24;BATUSDT;282;56;21.3542;16.1183;LONG
2025-11-24;BBUSDT;282;56;0.3691;-0.3132;MID
2025-11-24;BCHUSDT;282;56;11.9715;-4.8048;LONG
2025-11-24;BEAMXUSDT;282;56;-5.5275;-6.8904;MID
2025-11-24;BERAUSDT;282;56;-18.8607;-14.9905;SHORT
2025-11-24;BIOUSDT;282;56;-3.8734;-16.38;MID
2025-11-24;BNBUSDT;282;56;-4.6356;-4.483;MID
2025-11-24;BNTUSDT;282;56;-3.8983;0.3586;MID
2025-11-24;BOMEUSDT;282;56;-3.2549;-11.4444;MID
2025-11-24;BROCCOLI714USDT;282;56;-15.8803;-9.3023;SHORT
2025-11-24;BTCUSDT;282;56;-4.2558;-2.2726;MID
2025-11-24;C98USDT;282;56;-3.7931;-10.0358;MID
2025-11-24;CAKEUSDT;282;56;2.233;-4.3515;LONG
2025-11-24;CATIUSDT;282;56;1.8868;-1.8841;LONG
2025-11-24;CELOUSDT;282;56;-9.7826;-5.4217;MID
2025-11-24;CFXUSDT;282;56;-4.0539;-14.6247;MID
2025-11-24;CHZUSDT;282;56;-4.1611;-0.2431;MID
2025-11-24;CKBUSDT;282;56;-9.8916;-4.4608;MID
2025-11-24;COMPUSDT;282;56;-6.0999;14.7762;MID
2025-11-24;COTIUSDT;282;56;-12.971;-11.3201;SHORT
2025-11-24;COWUSDT;282;56;-7.3978;0.7263;MID
2025-11-24;CRVUSDT;282;56;0.9852;-5.6098;MID
2025-11-24;CUSDT;282;56;-7.307;-12.0472;MID
2025-11-24;CVCUSDT;282;56;-6.9685;-4.5493;MID
2025-11-24;CYBERUSDT;282;56;-2.934;15.0;MID
2025-11-24;DASHUSDT;282;56;-31.1557;-14.6316;SHORT
2025-11-24;DEXEUSDT;282;56;-13.6625;-16.2546;SHORT
2025-11-24;DIAUSDT;282;56;-9.3099;-9.6015;MID
2025-11-24;DOGEUSDT;282;56;-0.2105;-10.7889;MID
2025-11-24;DOGSUSDT;282;56;1.1186;-8.1858;MID
2025-11-24;DOLOUSDT;282;56;0.1853;-8.282;MID
2025-11-24;DOTUSDT;282;56;-12.2043;-12.7887;SHORT
2025-11-24;DUSDT;282;56;-3.2702;-9.6679;MID
2025-11-24;DYDXUSDT;282;56;-9.058;-12.3506;MID
2025-11-24;DYMUSDT;282;56;45.2509;-21.4756;LONG
2025-11-24;EDENUSDT;282;56;-12.1577;-8.5287;SHORT
2025-11-24;EDUUSDT;282;56;1.7264;5.1567;LONG
2025-11-24;EGLDUSDT;282;56;-3.3117;-13.7892;MID
2025-11-24;EIGENUSDT;282;56;-6.0333;-14.3242;MID
2025-11-24;ENAUSDT;282;56;1.5787;-7.9606;MID
2025-11-24;ENJUSDT;282;56;-6.8369;-12.7321;MID
2025-11-24;ENSOUSDT;282;56;-9.6774;-13.4606;MID
2025-11-24;ENSUSDT;282;56;-6.0717;-7.2451;MID
2025-11-24;EPICUSDT;282;56;0.6641;-7.5868;MID
2025-11-24;ERAUSDT;282;56;10.2424;-15.0709;LONG
2025-11-24;ETCUSDT;282;56;-0.694;-8.5339;MID
2025-11-24;ETHFIUSDT;282;56;-8.8596;-2.9097;MID
2025-11-24;ETHUSDT;282;56;-2.5699;-5.2409;MID
2025-11-24;EULUSDT;282;56;-8.5916;2.6178;MID
2025-11-24;FETUSDT;282;56;3.2426;-16.6426;LONG
2025-11-24;FFUSDT;282;56;5.602;-20.1808;LONG
2025-11-24;FILUSDT;282;56;-18.7221;-9.8111;SHORT
2025-11-24;FIOUSDT;282;56;4.8338;-2.1134;LONG
2025-11-24;FLUXUSDT;282;56;-14.1618;-10.6902;SHORT
2025-11-24;FORMUSDT;282;56;6.5098;-15.7935;LONG
2025-11-24;FUNUSDT;282;56;-1.1523;21.8449;MID
2025-11-24;FUSDT;282;56;-11.673;-12.0459;SHORT
2025-11-24;GALAUSDT;282;56;-8.8757;-12.2078;MID
2025-11-24;GIGGLEUSDT;282;56;-15.4233;-15.4762;SHORT
2025-11-24;GLMRUSDT;282;56;0.0;0.0;MID
2025-11-24;GLMUSDT;282;56;-0.1521;13.8517;MID
2025-11-24;GMTUSDT;282;56;-7.6553;-18.9781;MID
2025-11-24;GPSUSDT;282;56;19.7173;-11.6758;LONG
2025-11-24;GRTUSDT;282;56;-7.126;-9.7228;MID
2025-11-24;GUNUSDT;282;56;2.075;-7.1149;LONG
2025-11-24;HBARUSDT;282;56;1.825;-10.3025;LONG
2025-11-24;HEMIUSDT;282;56;-4.7123;-34.0942;MID
2025-11-24;HIGHUSDT;282;56;-1.709;3.2231;MID
2025-11-24;HIVEUSDT;282;56;-1.161;-5.4595;MID
2025-11-24;HOLOUSDT;282;56;1.8398;-18.0659;LONG
2025-11-24;HOMEUSDT;282;56;21.9457;-4.1555;LONG
2025-11-24;HUMAUSDT;282;56;13.1237;-4.6627;LONG
2025-11-24;HYPERUSDT;282;56;-8.016;-11.7647;MID
2025-11-24;ICPUSDT;282;56;-23.8242;-11.5375;SHORT
2025-11-24;IDUSDT;282;56;-5.7816;-8.8952;MID
2025-11-24;INITUSDT;282;56;-9.5118;-5.7674;MID
2025-11-24;INJUSDT;282;56;-7.6516;-9.5188;MID
2025-11-24;IOSTUSDT;282;56;1.4524;23.1707;MID
2025-11-24;IOTAUSDT;282;56;-4.5894;-16.7932;MID
2025-11-24;IOUSDT;282;56;-3.5237;-15.4072;MID
2025-11-24;JASMYUSDT;282;56;-5.686;-9.1778;MID
2025-11-24;JSTUSDT;282;56;2.4526;15.5524;LONG
2025-11-24;JTOUSDT;282;56;-7.7315;-17.8825;MID
2025-11-24;JUPUSDT;282;56;-5.6424;-7.3939;MID
2025-11-24;KAITOUSDT;282;56;-22.165;-5.0068;SHORT
2025-11-24;KITEUSDT;282;56;25.3418;-4.0059;LONG
2025-11-24;KMNOUSDT;282;56;7.2531;0.3295;LONG
2025-11-24;LAUSDT;282;56;-20.3994;-0.64;SHORT
2025-11-24;LAYERUSDT;282;56;10.5263;-14.903;LONG
2025-11-24;LDOUSDT;282;56;-2.3988;-13.4198;MID
2025-11-24;LINEAUSDT;282;56;5.3254;-14.3258;LONG
2025-11-24;LINKUSDT;282;56;-2.7096;-6.9048;MID
2025-11-24;LRCUSDT;282;56;-5.06;-12.0867;MID
2025-11-24;LTCUSDT;282;56;-6.3268;-9.3059;MID
2025-11-24;LUMIAUSDT;282;56;-1.6643;-13.3922;MID
2025-11-24;MAGICUSDT;282;56;-6.1029;-12.8134;MID
2025-11-24;MANAUSDT;282;56;-10.9375;-11.6374;SHORT
2025-11-24;MANTAUSDT;282;56;6.9182;-20.2521;LONG
2025-11-24;MAVUSDT;282;56;21.009;-5.196;LONG
2025-11-24;MDTUSDT;282;56;0.0;0.0;MID
2025-11-24;MEMEUSDT;282;56;-5.5516;-9.084;MID
2025-11-24;METISUSDT;282;56;-10.561;-8.5765;SHORT
2025-11-24;METUSDT;282;56;-23.7812;-3.0519;SHORT
2025-11-24;MINAUSDT;282;56;-20.6897;-11.9787;SHORT
2025-11-24;MIRAUSDT;282;56;0.2308;-17.3287;MID
2025-11-24;MITOUSDT;282;56;16.3191;-7.5303;LONG
2025-11-24;MMTUSDT;282;56;2.8645;-26.7522;LONG
2025-11-24;MORPHOUSDT;282;56;-14.7111;-10.9957;SHORT
2025-11-24;MOVEUSDT;282;56;-1.1561;-10.7212;MID
2025-11-24;MOVRUSDT;282;56;-2.3168;-7.1154;MID
2025-11-24;MUBARAKUSDT;282;56;-13.8761;-8.264;SHORT
2025-11-24;NEARUSDT;282;56;-16.0793;-14.7507;SHORT
2025-11-24;NEIROUSDT;282;56;0.4691;-5.6809;MID
2025-11-24;NEOUSDT;282;56;-7.0289;-6.5631;MID
2025-11-24;NEWTUSDT;282;56;-0.5124;-7.0386;MID
2025-11-24;NILUSDT;282;56;-59.0788;-18.3983;SHORT
2025-11-24;NMRUSDT;282;56;9.5173;-7.5818;LONG
2025-11-24;NOMUSDT;282;56;0.3306;-18.5338;MID
2025-11-24;NOTUSDT;282;56;-7.7451;-9.9493;MID
2025-11-24;NTRNUSDT;282;56;19.1417;-25.8057;LONG
2025-11-24;NXPCUSDT;282;56;25.1846;-3.8226;LONG
2025-11-24;OGUSDT;282;56;-5.8908;-5.1593;MID
2025-11-24;OMUSDT;282;56;-5.683;-2.7255;MID
2025-11-24;ONDOUSDT;282;56;-5.9499;-7.4474;MID
2025-11-24;ONTUSDT;282;56;-2.3747;-9.5946;MID
2025-11-24;OPENUSDT;282;56;3.4283;-13.778;LONG
2025-11-24;OPUSDT;282;56;-12.7636;-9.8587;SHORT
2025-11-24;ORCAUSDT;282;56;-8.0925;12.0395;MID
2025-11-24;ORDIUSDT;282;56;-6.2616;-11.4974;MID
2025-11-24;PARTIUSDT;282;56;123.2957;-24.0135;LONG
2025-11-24;PAXGUSDT;282;56;2.897;2.4243;LONG
2025-11-24;PENDLEUSDT;282;56;6.5417;2.0068;LONG
2025-11-24;PENGUUSDT;282;56;-6.3322;-13.2806;MID
2025-11-24;PEOPLEUSDT;282;56;-2.2094;-8.9391;MID
2025-11-24;PHAUSDT;282;56;-10.7192;-8.0114;SHORT
2025-11-24;PIXELUSDT;282;56;9.2892;-23.1338;LONG
2025-11-24;PLUMEUSDT;282;56;-11.9723;-22.327;SHORT
2025-11-24;PNUTUSDT;282;56;-6.3421;-8.1078;MID
2025-11-24;POLUSDT;282;56;-5.1911;-12.8099;MID
2025-11-24;POLYXUSDT;282;56;-2.7131;-6.1109;MID
2025-11-24;PORTALUSDT;282;56;1.7167;11.1287;LONG
2025-11-24;PROMUSDT;282;56;-1.8946;1.4015;MID
2025-11-24;PROVEUSDT;282;56;-5.5936;-11.3114;MID
2025-11-24;PUMPUSDT;282;56;-2.6644;-0.9243;MID
2025-11-24;PYTHUSDT;282;56;-8.4507;-12.7473;MID
2025-11-24;QNTUSDT;282;56;-0.4155;27.5382;MID
2025-11-24;QTUMUSDT;282;56;-7.5161;-8.8254;MID
2025-11-24;RAREUSDT;282;56;-8.7807;-7.8332;MID
2025-11-24;RAYUSDT;282;56;0.0;0.0;MID
2025-11-24;RDNTUSDT;282;56;-3.9676;-15.0927;MID
2025-11-24;REDUSDT;282;56;-4.9855;-7.3764;MID
2025-11-24;RENDERUSDT;282;56;-4.8679;-14.9156;MID
2025-11-24;RESOLVUSDT;282;56;-24.6028;-43.8388;SHORT
2025-11-24;REZUSDT;282;56;4.2945;-12.9268;LONG
2025-11-24;RONINUSDT;282;56;-21.3053;-17.71;SHORT
2025-11-24;ROSEUSDT;282;56;-14.9311;-14.3135;SHORT
2025-11-24;RSRUSDT;282;56;-4.1781;-13.5972;MID
2025-11-24;SAGAUSDT;282;56;11.3208;-20.0;LONG
2025-11-24;SAHARAUSDT;282;56;1.5123;-50.8256;MID
2025-11-24;SANDUSDT;282;56;-7.6785;-11.0308;MID
2025-11-24;SANTOSUSDT;282;56;14.7149;11.8119;LONG
2025-11-24;SAPIENUSDT;282;56;-10.4108;-14.9154;MID
2025-11-24;SCRUSDT;282;56;-24.482;-10.4675;SHORT
2025-11-24;SEIUSDT;282;56;-7.2924;-10.4151;MID
2025-11-24;SHELLUSDT;282;56;-11.8602;-21.1046;SHORT
2025-11-24;SIGNUSDT;282;56;-0.1032;-7.1281;MID
2025-11-24;SKLUSDT;282;56;-7.7939;-7.9513;MID
2025-11-24;SKYUSDT;282;56;-10.748;18.9731;SHORT
2025-11-24;SNXUSDT;282;56;-14.2647;-12.1784;SHORT
2025-11-24;SOLUSDT;282;56;5.7143;-8.5345;LONG
2025-11-24;SOLVUSDT;282;56;20.9064;10.7618;LONG
2025-11-24;SOMIUSDT;282;56;-5.3324;-12.9115;MID
2025-11-24;SOPHUSDT;282;56;-3.7491;-7.8444;MID
2025-11-24;SPKUSDT;282;56;-1.6265;-14.5628;MID
2025-11-24;SSVUSDT;282;56;6.9513;-16.9908;LONG
2025-11-24;STGUSDT;282;56;-8.0414;-3.9827;MID
2025-11-24;STORJUSDT;282;56;-3.0856;-6.4327;MID
2025-11-24;STRAXUSDT;282;56;0.0;0.0;MID
2025-11-24;STRKUSDT;282;56;-27.1326;-16.4316;SHORT
2025-11-24;STXUSDT;282;56;-4.9229;-12.0399;MID
2025-11-24;SUIUSDT;282;56;-5.5837;-11.972;MID
2025-11-24;SUPERUSDT;282;56;-11.1064;8.8221;SHORT
2025-11-24;SUSDT;282;56;-7.256;-14.3885;MID
2025-11-24;SUSHIUSDT;282;56;-8.5746;-18.3497;MID
2025-11-24;SXTUSDT;282;56;-4.9445;-13.9638;MID
2025-11-24;SYRUPUSDT;282;56;-21.0064;-19.2014;SHORT
2025-11-24;TAOUSDT;282;56;-6.7735;-9.2662;MID
2025-11-24;THETAUSDT;282;56;-6.8378;-14.8158;MID
2025-11-24;THEUSDT;282;56;0.3287;-13.7615;MID
2025-11-24;TIAUSDT;282;56;-18.1183;-12.5911;SHORT
2025-11-24;TLMUSDT;282;56;-3.2049;-12.8498;MID
2025-11-24;TNSRUSDT;282;56;287.6472;-21.1045;LONG
2025-11-24;TONUSDT;282;56;-11.9333;-2.9904;SHORT
2025-11-24;TOWNSUSDT;282;56;-5.6647;-9.9387;MID
2025-11-24;TRBUSDT;282;56;-15.1945;-7.2161;SHORT
2025-11-24;TREEUSDT;282;56;0.2113;-14.6873;MID
2025-11-24;TRUMPUSDT;282;56;-7.9115;-10.1775;MID
2025-11-24;TRUUSDT;282;56;-5.1416;-6.9914;MID
2025-11-24;TRXUSDT;282;56;-5.8489;0.7392;MID
2025-11-24;TSTUSDT;282;56;-5.228;2.1809;MID
2025-11-24;TURBOUSDT;282;56;-4.4045;21.7273;MID
2025-11-24;TURTLEUSDT;282;56;-4.9123;-14.182;MID
2025-11-24;TUSDT;282;56;-1.5411;-5.6522;MID
2025-11-24;TUTUSDT;282;56;-8.915;-3.2196;MID
2025-11-24;TWTUSDT;282;56;-2.7095;-12.7498;MID
2025-11-24;UNIUSDT;282;56;-15.1813;-11.0475;SHORT
2025-11-24;USDCUSDT;282;56;-0.0751;-0.0234;MID
2025-11-24;USTCUSDT;282;56;-10.8973;-3.61;SHORT
2025-11-24;USUALUSDT;282;56;8.8225;-17.3869;LONG
2025-11-24;VANAUSDT;282;56;-3.1843;8.0192;MID
2025-11-24;VANRYUSDT;282;56;-4.4619;-13.4615;MID
2025-11-24;VETUSDT;282;56;-4.9563;-9.4887;MID
2025-11-24;VIRTUALUSDT;282;56;-11.692;-10.7715;SHORT
2025-11-24;VTHOUSDT;282;56;0.0;-7.874;MID
2025-11-24;WALUSDT;282;56;-13.831;-14.5223;SHORT
2025-11-24;WCTUSDT;282;56;-26.1875;-24.3861;SHORT
2025-11-24;WIFUSDT;282;56;-3.0904;-8.0521;MID
2025-11-24;WLDUSDT;282;56;-2.2263;-9.8932;MID
2025-11-24;WLFIUSDT;282;56;12.1168;-0.2604;LONG
2025-11-24;WUSDT;282;56;-7.0484;-14.8258;MID
2025-11-24;XAIUSDT;282;56;12.118;-18.2688;LONG
2025-11-24;XLMUSDT;282;56;3.0777;-8.2227;LONG
2025-11-24;XPLUSDT;282;56;-18.0664;-7.45;SHORT
2025-11-24;XRPUSDT;282;56;2.9969;-8.9088;LONG
2025-11-24;XTZUSDT;282;56;-4.7259;-6.9444;MID
2025-11-24;XVGUSDT;282;56;-11.1304;-20.9263;SHORT
2025-11-24;YBUSDT;282;56;1.2514;-3.7299;MID
2025-11-24;YFIUSDT;282;56;-1.225;-7.8464;MID
2025-11-24;YGGUSDT;282;56;-7.6923;-19.6272;MID
2025-11-24;ZBTUSDT;282;56;-4.0931;-9.6234;MID
2025-11-24;ZECUSDT;282;56;-14.9621;-33.7275;SHORT
2025-11-24;ZENUSDT;282;56;-21.6771;-20.3124;SHORT
2025-11-24;ZILUSDT;282;56;-6.9803;-15.8238;MID
2025-11-24;ZKCUSDT;282;56;0.4593;-7.3808;MID
2025-11-24;ZKUSDT;282;56;-14.1405;-13.0698;SHORT
2025-11-24;ZROUSDT;282;56;-5.8811;-4.5618;MID
2025-11-24;ZRXUSDT;282;56;-9.0909;-7.9874;MID
2025-12-01;0GUSDT;282;56;-7.2723;-14.4198;MID
2025-12-01;1000BONKUSDT;282;56;-13.0297;8.0645;MID
2025-12-01;1000CHEEMSUSDT;282;56;4.9215;-1.99;LONG
2025-12-01;1000FLOKIUSDT;282;56;-11.7575;13.3473;MID
2025-12-01;1000LUNCUSDT;282;56;-3.1735;104.9162;LONG
2025-12-01;1000PEPEUSDT;282;56;-11.1784;17.2707;MID
2025-12-01;1000SATSUSDT;282;56;-13.3333;12.1795;MID
2025-12-01;1000SHIBUSDT;282;56;-4.3577;7.5562;MID
2025-12-01;1INCHUSDT;282;56;-3.7378;-5.8511;LONG
2025-12-01;1MBABYDOGEUSDT;282;56;-9.58;6.3752;MID
2025-12-01;2ZUSDT;282;56;-10.3225;22.7256;MID
2025-12-01;AAVEUSDT;282;56;-3.9964;11.7585;MID
2025-12-01;ACEUSDT;282;56;-4.5231;12.4296;MID
2025-12-01;ACHUSDT;282;56;-6.0559;-2.9191;MID
2025-12-01;ACTUSDT;282;56;-8.8056;1.5296;MID
2025-12-01;ADAUSDT;282;56;-9.8503;12.2761;MID
2025-12-01;AEVOUSDT;282;56;-14.3585;5.2319;MID
2025-12-01;AIXBTUSDT;282;56;-7.5912;-1.3732;MID
2025-12-01;ALGOUSDT;282;56;-9.3946;2.5346;MID
2025-12-01;ALICEUSDT;282;56;-13.9344;8.5714;MID
2025-12-01;ALLOUSDT;282;56;-29.9241;19.0029;SHORT
2025-12-01;ALPINEUSDT;282;56;-7.1677;1.2304;MID
2025-12-01;ALTUSDT;282;56;-9.6751;5.036;MID
2025-12-01;ANIMEUSDT;282;56;-11.0609;13.6379;MID
2025-12-01;APEUSDT;282;56;-17.4232;0.296;SHORT
2025-12-01;API3USDT;282;56;-7.4067;-1.4221;MID
2025-12-01;APTUSDT;282;56;-20.24;-4.1232;SHORT
2025-12-01;ARBUSDT;282;56;-10.9526;9.7158;MID
2025-12-01;ARKMUSDT;282;56;-13.6437;4.3216;MID
2025-12-01;ARKUSDT;282;56;0.1814;3.0062;LONG
2025-12-01;ARUSDT;282;56;-3.774;2.1761;MID
2025-12-01;ASRUSDT;282;56;-5.7929;6.1491;MID
2025-12-01;ASTERUSDT;282;56;-18.522;-0.7969;SHORT
2025-12-01;ATOMUSDT;282;56;-9.36;-0.8385;MID
2025-12-01;ATUSDT;282;56;-49.4168;-25.0607;SHORT
2025-12-01;AUCTIONUSDT;282;56;-2.9124;1.7377;LONG
2025-12-01;AVAXUSDT;282;56;-8.2367;6.9988;MID
2025-12-01;AVNTUSDT;282;56;-17.7075;-6.8577;SHORT
2025-12-01;AWEUSDT;282;56;15.4834;0.5384;LONG
2025-12-01;AXLUSDT;282;56;-20.5438;5.7034;SHORT
2025-12-01;BABYUSDT;282;56;-10.4823;4.5629;MID
2025-12-01;BANANAS31USDT;282;56;-8.325;-10.8263;MID
2025-12-01;BANANAUSDT;282;56;8.0117;-2.5259;LONG
2025-12-01;BANKUSDT;282;56;-0.3365;-0.09;LONG
2025-12-01;BARDUSDT;282;56;1.6655;7.8256;LONG
2025-12-01;BATUSDT;282;56;16.1183;5.0103;LONG
2025-12-01;BBUSDT;282;56;-0.3132;15.0683;LONG
2025-12-01;BCHUSDT;282;56;-4.8048;10.7376;MID
2025-12-01;BEAMXUSDT;282;56;-6.8904;5.3907;MID
2025-12-01;BERAUSDT;282;56;-14.9905;-6.4732;SHORT
2025-12-01;BIOUSDT;282;56;-16.38;-4.9951;SHORT
2025-12-01;BNBUSDT;282;56;-4.483;8.5762;MID
2025-12-01;BNTUSDT;282;56;0.3586;-0.6923;LONG
2025-12-01;BOMEUSDT;282;56;-11.4444;11.7943;MID
2025-12-01;BROCCOLI714USDT;282;56;-9.3023;8.7481;MID
2025-12-01;BTCUSDT;282;56;-2.2726;5.0662;LONG
2025-12-01;C98USDT;282;56;-10.0358;12.749;MID
2025-12-01;CAKEUSDT;282;56;-4.3515;2.558;MID
2025-12-01;CATIUSDT;282;56;-1.8841;-0.9847;LONG
2025-12-01;CELOUSDT;282;56;-5.4217;6.3694;MID
2025-12-01;CFXUSDT;282;56;-14.6247;3.8571;MID
2025-12-01;CHZUSDT;282;56;-0.2431;10.5153;LONG
2025-12-01;CKBUSDT;282;56;-4.4608;9.0134;MID
2025-12-01;COMPUSDT;282;56;14.7762;-8.2698;LONG
2025-12-01;COTIUSDT;282;56;-11.3201;4.6419;MID
2025-12-01;COWUSDT;282;56;0.7263;10.0943;LONG
2025-12-01;CRVUSDT;282;56;-5.6098;1.292;MID
2025-12-01;CUSDT;282;56;-12.0472;9.4691;MID
2025-12-01;CVCUSDT;282;56;-4.5493;4.1011;MID
2025-12-01;CYBERUSDT;282;56;15.0;-9.7251;LONG
2025-12-01;DASHUSDT;282;56;-14.6316;2.7738;MID
2025-12-01;DEXEUSDT;282;56;-16.2546;-0.077;SHORT
2025-12-01;DIAUSDT;282;56;-9.6015;3.1221;MID
2025-12-01;DOGEUSDT;282;56;-10.7889;5.297;MID
2025-12-01;DOGSUSDT;282;56;-8.1858;18.0723;MID
2025-12-01;DOLOUSDT;282;56;-8.282;-8.9402;MID
2025-12-01;DOTUSDT;282;56;-12.7887;4.4139;MID
2025-12-01;DUSDT;282;56;-9.6679;0.9849;MID
2025-12-01;DYDXUSDT;282;56;-12.3506;-10.0;MID
2025-12-01;DYMUSDT;282;56;-21.4756;-7.5465;SHORT
2025-12-01;EDENUSDT;282;56;-8.5287;-0.0409;MID
2025-12-01;EDUUSDT;282;56;5.1567;-6.6418;LONG
2025-12-01;EGLDUSDT;282;56;-13.7892;17.8782;MID
2025-12-01;EIGENUSDT;282;56;-14.3242;-6.0976;MID
2025-12-01;ENAUSDT;282;56;-7.9606;12.1911;MID
2025-12-01;ENJUSDT;282;56;-12.7321;11.0773;MID
2025-12-01;ENSOUSDT;282;56;-13.4606;2.2769;MID
2025-12-01;ENSUSDT;282;56;-7.2451;5.3976;MID
2025-12-01;EPICUSDT;282;56;-7.5868;-2.2544;MID
2025-12-01;ERAUSDT;282;56;-15.0709;-4.5511;SHORT
2025-12-01;ETCUSDT;282;56;-8.5339;3.6425;MID
2025-12-01;ETHFIUSDT;282;56;-2.9097;12.1758;LONG
2025-12-01;ETHUSDT;282;56;-5.2409;11.6416;MID
2025-12-01;EULUSDT;282;56;2.6178;-4.6647;LONG
2025-12-01;FETUSDT;282;56;-16.6426;4.0277;SHORT
2025-12-01;FFUSDT;282;56;-20.1808;7.0299;SHORT
2025-12-01;FILUSDT;282;56;-9.8111;1.5541;MID
2025-12-01;FIOUSDT;282;56;-2.1134;17.37;LONG
2025-12-01;FLUXUSDT;282;56;-10.6902;5.4665;MID
2025-12-01;FORMUSDT;282;56;-15.7935;1.9213;SHORT
2025-12-01;FUNUSDT;282;56;21.8449;-12.1048;LONG
2025-12-01;FUSDT;282;56;-12.0459;-4.0665;MID
2025-12-01;GALAUSDT;282;56;-12.2078;8.1361;MID
2025-12-01;GIGGLEUSDT;282;56;-15.4762;-0.7256;SHORT
2025-12-01;GLMRUSDT;282;56;0.0;0.0;LONG
2025-12-01;GLMUSDT;282;56;13.8517;-3.2337;LONG
2025-12-01;GMTUSDT;282;56;-18.9781;12.8057;SHORT
2025-12-01;GPSUSDT;282;56;-11.6758;-1.7604;MID
2025-12-01;GRTUSDT;282;56;-9.7228;-0.7785;MID
2025-12-01;GUNUSDT;282;56;-7.1149;5.7239;MID
2025-12-01;HBARUSDT;282;56;-10.3025;1.0066;MID
2025-12-01;HEMIUSDT;282;56;-34.0942;11.1111;SHORT
2025-12-01;HIGHUSDT;282;56;3.2231;1.6434;LONG
2025-12-01;HIVEUSDT;282;56;-5.4595;1.6499;MID
2025-12-01;HOLOUSDT;282;56;-18.0659;0.7652;SHORT
2025-12-01;HOMEUSDT;282;56;-4.1555;3.0036;MID
2025-12-01;HUMAUSDT;282;56;-4.6627;10.2169;MID
2025-12-01;HYPERUSDT;282;56;-11.7647;8.5597;MID
2025-12-01;ICPUSDT;282;56;-11.5375;-8.5152;MID
2025-12-01;IDUSDT;282;56;-8.8952;2.2271;MID
2025-12-01;INITUSDT;282;56;-5.7674;-7.0089;MID
2025-12-01;INJUSDT;282;56;-9.5188;7.967;MID
2025-12-01;IOSTUSDT;282;56;23.1707;-23.6763;LONG
2025-12-01;IOTAUSDT;282;56;-16.7932;4.7667;SHORT
2025-12-01;IOUSDT;282;56;-15.4072;-13.0521;SHORT
2025-12-01;JASMYUSDT;282;56;-9.1778;2.6522;MID
2025-12-01;JSTUSDT;282;56;15.5524;-10.6815;LONG
2025-12-01;JTOUSDT;282;56;-17.8825;3.2653;SHORT
2025-12-01;JUPUSDT;282;56;-7.3939;-0.9162;MID
2025-12-01;KAITOUSDT;282;56;-5.0068;3.1022;MID
2025-12-01;KITEUSDT;282;56;-4.0059;-14.9571;MID
2025-12-01;KMNOUSDT;282;56;0.3295;9.523;LONG
2025-12-01;LAUSDT;282;56;-0.64;-7.2146;LONG
2025-12-01;LAYERUSDT;282;56;-14.903;3.0052;SHORT
2025-12-01;LDOUSDT;282;56;-13.4198;4.1971;MID
2025-12-01;LINEAUSDT;282;56;-14.3258;-13.8798;MID
2025-12-01;LINKUSDT;282;56;-6.9048;13.9803;MID
2025-12-01;LRCUSDT;282;56;-12.0867;0.7398;MID
2025-12-01;LTCUSDT;282;56;-9.3059;8.1957;MID
2025-12-01;LUMIAUSDT;282;56;-13.3922;2.294;MID
2025-12-01;MAGICUSDT;282;56;-12.8134;14.377;MID
2025-12-01;MANAUSDT;282;56;-11.6374;-0.3971;MID
2025-12-01;MANTAUSDT;282;56;-20.2521;-4.1096;SHORT
2025-12-01;MAVUSDT;282;56;-5.196;2.1661;MID
2025-12-01;MDTUSDT;282;56;0.0;0.0;LONG
2025-12-01;MEMEUSDT;282;56;-9.084;-0.8396;MID
2025-12-01;METISUSDT;282;56;-8.5765;-4.7875;MID
2025-12-01;METUSDT;282;56;-3.0519;8.2719;LONG
2025-12-01;MINAUSDT;282;56;-11.9787;-5.1411;MID
2025-12-01;MIRAUSDT;282;56;-17.3287;1.8802;SHORT
2025-12-01;MITOUSDT;282;56;-7.5303;-1.2603;MID
2025-12-01;MMTUSDT;282;56;-26.7522;-6.4075;SHORT
2025-12-01;MORPHOUSDT;282;56;-10.9957;-12.6078;MID
2025-12-01;MOVEUSDT;282;56;-10.7212;-8.1878;MID
2025-12-01;MOVRUSDT;282;56;-7.1154;5.2105;MID
2025-12-01;MUBARAKUSDT;282;56;-8.264;20.6092;MID
2025-12-01;NEARUSDT;282;56;-14.7507;7.3892;SHORT
2025-12-01;NEIROUSDT;282;56;-5.6809;16.4191;MID
2025-12-01;NEOUSDT;282;56;-6.5631;2.1842;MID
2025-12-01;NEWTUSDT;282;56;-7.0386;3.9705;MID
2025-12-01;NILUSDT;282;56;-18.3983;-9.6021;SHORT
2025-12-01;NMRUSDT;282;56;-7.5818;7.3306;MID
2025-12-01;NOMUSDT;282;56;-18.5338;-1.82;SHORT
2025-12-01;NOTUSDT;282;56;-9.9493;10.936;MID
2025-12-01;NTRNUSDT;282;56;-25.8057;-0.7985;SHORT
2025-12-01;NXPCUSDT;282;56;-3.8226;11.5603;MID
2025-12-01;OGUSDT;282;56;-5.1593;4.744;MID
2025-12-01;OMUSDT;282;56;-2.7255;3.2138;LONG
2025-12-01;ONDOUSDT;282;56;-7.4474;4.7372;MID
2025-12-01;ONTUSDT;282;56;-9.5946;3.2885;MID
2025-12-01;OPENUSDT;282;56;-13.778;-0.6484;MID
2025-12-01;OPUSDT;282;56;-9.8587;10.7976;MID
2025-12-01;ORCAUSDT;282;56;12.0395;1.684;LONG
2025-12-01;ORDIUSDT;282;56;-11.4974;19.0797;MID
2025-12-01;PARTIUSDT;282;56;-24.0135;4.7789;SHORT
2025-12-01;PAXGUSDT;282;56;2.4243;-0.9462;LONG
2025-12-01;PENDLEUSDT;282;56;2.0068;-3.2505;LONG
2025-12-01;PENGUUSDT;282;56;-13.2806;17.1891;MID
2025-12-01;PEOPLEUSDT;282;56;-8.9391;10.6796;MID
2025-12-01;PHAUSDT;282;56;-8.0114;6.0606;MID
2025-12-01;PIXELUSDT;282;56;-23.1338;-1.5385;SHORT
2025-12-01;PLUMEUSDT;282;56;-22.327;7.5911;SHORT
2025-12-01;PNUTUSDT;282;56;-8.1078;12.3845;MID
2025-12-01;POLUSDT;282;56;-12.8099;3.3448;MID
2025-12-01;POLYXUSDT;282;56;-6.1109;-3.3923;MID
2025-12-01;PORTALUSDT;282;56;11.1287;-11.8178;LONG
2025-12-01;PROMUSDT;282;56;1.4015;-0.7727;LONG
2025-12-01;PROVEUSDT;282;56;-11.3114;1.0278;MID
2025-12-01;PUMPUSDT;282;56;-0.9243;9.4367;LONG
2025-12-01;PYTHUSDT;282;56;-12.7473;2.4152;MID
2025-12-01;QNTUSDT;282;56;27.5382;-12.2931;LONG
2025-12-01;QTUMUSDT;282;56;-8.8254;1.1838;MID
2025-12-01;RAREUSDT;282;56;-7.8332;3.2558;MID
2025-12-01;RAYUSDT;282;56;0.0;0.0;LONG
2025-12-01;RDNTUSDT;282;56;-15.0927;17.577;SHORT
2025-12-01;REDUSDT;282;56;-7.3764;6.0755;MID
2025-12-01;RENDERUSDT;282;56;-14.9156;4.6705;SHORT
2025-12-01;RESOLVUSDT;282;56;-43.8388;0.6105;SHORT
2025-12-01;REZUSDT;282;56;-12.9268;-5.4045;MID
2025-12-01;RONINUSDT;282;56;-17.71;10.8583;SHORT
2025-12-01;ROSEUSDT;282;56;-14.3135;-0.8314;MID
2025-12-01;RSRUSDT;282;56;-13.5972;8.1673;MID
2025-12-01;SAGAUSDT;282;56;-20.0;-1.3701;SHORT
2025-12-01;SAHARAUSDT;282;56;-50.8256;-11.4365;SHORT
2025-12-01;SANDUSDT;282;56;-11.0308;-1.1791;MID
2025-12-01;SANTOSUSDT;282;56;11.8119;-11.9503;LONG
2025-12-01;SAPIENUSDT;282;56;-14.9154;37.319;SHORT
2025-12-01;SCRUSDT;282;56;-10.4675;0.7946;MID
2025-12-01;SEIUSDT;282;56;-10.4151;7.0732;MID
2025-12-01;SHELLUSDT;282;56;-21.1046;3.7754;SHORT
2025-12-01;SIGNUSDT;282;56;-7.1281;11.5406;MID
2025-12-01;SKLUSDT;282;56;-7.9513;-3.035;MID
2025-12-01;SKYUSDT;282;56;18.9731;4.3352;LONG
2025-12-01;SNXUSDT;282;56;-12.1784;-2.9297;MID
2025-12-01;SOLUSDT;282;56;-8.5345;5.2303;MID
2025-12-01;SOLVUSDT;282;56;10.7618;-14.6288;LONG
2025-12-01;SOMIUSDT;282;56;-12.9115;-6.1739;MID
2025-12-01;SOPHUSDT;282;56;-7.8444;1.7927;MID
2025-12-01;SPKUSDT;282;56;-14.5628;-9.7134;MID
2025-12-01;SSVUSDT;282;56;-16.9908;10.5117;SHORT
2025-12-01;STGUSDT;282;56;-3.9827;8.2056;MID
2025-12-01;STORJUSDT;282;56;-6.4327;-2.2222;MID
2025-12-01;STRAXUSDT;282;56;0.0;0.0;LONG
2025-12-01;STRKUSDT;282;56;-16.4316;-7.173;SHORT
2025-12-01;STXUSDT;282;56;-12.0399;6.4894;MID
2025-12-01;SUIUSDT;282;56;-11.972;19.7307;MID
2025-12-01;SUPERUSDT;282;56;8.8221;13.9351;LONG
2025-12-01;SUSDT;282;56;-14.3885;0.9454;MID
2025-12-01;SUSHIUSDT;282;56;-18.3497;-2.2914;SHORT
2025-12-01;SXTUSDT;282;56;-13.9638;-5.6903;MID
2025-12-01;SYRUPUSDT;282;56;-19.2014;6.9623;SHORT
2025-12-01;TAOUSDT;282;56;-9.2662;11.0507;MID
2025-12-01;THETAUSDT;282;56;-14.8158;10.7944;SHORT
2025-12-01;THEUSDT;282;56;-13.7615;27.2796;MID
2025-12-01;TIAUSDT;282;56;-12.5911;5.2155;MID
2025-12-01;TLMUSDT;282;56;-12.8498;7.1913;MID
2025-12-01;TNSRUSDT;282;56;-21.1045;-8.7969;SHORT
2025-12-01;TONUSDT;282;56;-2.9904;7.7364;LONG
2025-12-01;TOWNSUSDT;282;56;-9.9387;6.3002;MID
2025-12-01;TRBUSDT;282;56;-7.2161;9.1435;MID
2025-12-01;TREEUSDT;282;56;-14.6873;0.9885;MID
2025-12-01;TRUMPUSDT;282;56;-10.1775;-0.5945;MID
2025-12-01;TRUUSDT;282;56;-6.9914;1.6892;MID
2025-12-01;TRXUSDT;282;56;0.7392;1.5941;LONG
2025-12-01;TSTUSDT;282;56;2.1809;-0.1255;LONG
2025-12-01;TURBOUSDT;282;56;21.7273;20.3343;LONG
2025-12-01;TURTLEUSDT;282;56;-14.182;-5.4178;MID
2025-12-01;TUSDT;282;56;-5.6522;0.7373;MID
2025-12-01;TUTUSDT;282;56;-3.2196;-2.8609;LONG
2025-12-01;TWTUSDT;282;56;-12.7498;5.3022;MID
2025-12-01;UNIUSDT;282;56;-11.0475;0.3217;MID
2025-12-01;USDCUSDT;282;56;-0.0234;-0.0263;LONG
2025-12-01;USTCUSDT;282;56;-3.61;60.8505;LONG
2025-12-01;USUALUSDT;282;56;-17.3869;2.6358;SHORT
2025-12-01;VANAUSDT;282;56;8.0192;-5.1659;LONG
2025-12-01;VANRYUSDT;282;56;-13.4615;4.0212;MID
2025-12-01;VETUSDT;282;56;-9.4887;1.0798;MID
2025-12-01;VIRTUALUSDT;282;56;-10.7715;-0.1677;MID
2025-12-01;VTHOUSDT;282;56;-7.874;1.2821;MID
2025-12-01;WALUSDT;282;56;-14.5223;19.3741;MID
2025-12-01;WCTUSDT;282;56;-24.3861;-1.0078;SHORT
2025-12-01;WIFUSDT;282;56;-8.0521;12.341;MID
2025-12-01;WLDUSDT;282;56;-9.8932;6.9362;MID
2025-12-01;WLFIUSDT;282;56;-0.2604;-1.6971;LONG
2025-12-01;WUSDT;282;56;-14.8258;2.2693;SHORT
2025-12-01;XAIUSDT;282;56;-18.2688;-1.8139;SHORT
2025-12-01;XLMUSDT;282;56;-8.2227;3.0778;MID
2025-12-01;XPLUSDT;282;56;-7.45;-11.2912;MID
2025-12-01;XRPUSDT;282;56;-8.9088;2.095;MID
2025-12-01;XTZUSDT;282;56;-6.9444;4.9041;MID
2025-12-01;XVGUSDT;282;56;-20.9263;4.8177;SHORT
2025-12-01;YBUSDT;282;56;-3.7299;20.6786;LONG
2025-12-01;YFIUSDT;282;56;-7.8464;-4.6843;MID
2025-12-01;YGGUSDT;282;56;-19.6272;-0.9141;SHORT
2025-12-01;ZBTUSDT;282;56;-9.6234;-0.0926;MID
2025-12-01;ZECUSDT;282;56;-33.7275;17.7467;SHORT
2025-12-01;ZENUSDT;282;56;-20.3124;-9.8101;SHORT
2025-12-01;ZILUSDT;282;56;-15.8238;3.1008;SHORT
2025-12-01;ZKCUSDT;282;56;-7.3808;-4.866;MID
2025-12-01;ZKUSDT;282;56;-13.0698;-5.0406;MID
2025-12-01;ZROUSDT;282;56;-4.5618;10.6603;MID
2025-12-01;ZRXUSDT;282;56;-7.9874;-3.5543;MID
2025-12-08;0GUSDT;301;60;-14.4198;-13.6405;SHORT
2025-12-08;1000BONKUSDT;301;60;8.0645;-8.4087;MID
2025-12-08;1000CHEEMSUSDT;301;60;-1.99;-13.8714;MID
2025-12-08;1000FLOKIUSDT;301;60;13.3473;-12.5538;LONG
2025-12-08;1000LUNCUSDT;301;60;104.9162;-28.0443;LONG
2025-12-08;1000PEPEUSDT;301;60;17.2707;-14.3946;LONG
2025-12-08;1000SATSUSDT;301;60;12.1795;-12.5714;LONG
2025-12-08;1000SHIBUSDT;301;60;7.5562;-7.8656;MID
2025-12-08;1INCHUSDT;301;60;-5.8511;-8.7571;SHORT
2025-12-08;1MBABYDOGEUSDT;301;60;6.3752;-11.5297;MID
2025-12-08;2ZUSDT;301;60;22.7256;-17.1388;LONG
2025-12-08;AAVEUSDT;301;60;11.7585;0.7209;LONG
2025-12-08;ACEUSDT;301;60;12.4296;18.5232;LONG
2025-12-08;ACHUSDT;301;60;-2.9191;-2.3121;SHORT
2025-12-08;ACTUSDT;301;60;1.5296;-2.4482;MID
2025-12-08;ADAUSDT;301;60;12.2761;-10.3329;LONG
2025-12-08;AEVOUSDT;301;60;5.2319;-13.1751;MID
2025-12-08;AGLDUSDT;301;60;8.5122;-10.9482;MID
2025-12-08;AIXBTUSDT;301;60;-1.3732;-18.8463;MID
2025-12-08;ALGOUSDT;301;60;2.5346;-13.633;MID
2025-12-08;ALICEUSDT;301;60;8.5714;-12.2807;MID
2025-12-08;ALLOUSDT;301;60;19.0029;-28.5974;LONG
2025-12-08;ALPINEUSDT;301;60;1.2304;-6.5528;MID
2025-12-08;ALTUSDT;301;60;5.036;-9.7412;MID
2025-12-08;ANIMEUSDT;301;60;13.6379;-11.4503;LONG
2025-12-08;APEUSDT;301;60;0.296;-10.6239;MID
2025-12-08;API3USDT;301;60;-1.4221;-12.6428;MID
2025-12-08;APTUSDT;301;60;-4.1232;-12.248;SHORT
2025-12-08;ARBUSDT;301;60;9.7158;-7.2068;LONG
2025-12-08;ARKMUSDT;301;60;4.3216;-12.2494;MID
2025-12-08;ARKUSDT;301;60;3.0062;-6.6104;MID
2025-12-08;ARUSDT;301;60;2.1761;-10.9708;MID
2025-12-08;ASRUSDT;301;60;6.1491;-7.5308;MID
2025-12-08;ASTERUSDT;301;60;-0.7969;-14.9773;MID
2025-12-08;ATOMUSDT;301;60;-0.8385;-8.8117;MID
2025-12-08;ATUSDT;301;60;-25.0607;-31.0931;SHORT
2025-12-08;AUCTIONUSDT;301;60;1.7377;-9.5289;MID
2025-12-08;AVAUSDT;301;60;5.8924;-9.4886;MID
2025-12-08;AVAXUSDT;301;60;6.9988;-9.5109;MID
2025-12-08;AVNTUSDT;301;60;-6.8577;-18.6191;SHORT
2025-12-08;AWEUSDT;301;60;0.5384;-7.8079;MID
2025-12-08;AXLUSDT;301;60;5.7034;6.7446;MID
2025-12-08;BABYUSDT;301;60;4.5629;-9.3586;MID
2025-12-08;BANANAS31USDT;301;60;-10.8263;14.5566;SHORT
2025-12-08;BANANAUSDT;301;60;-2.5259;-11.3639;MID
2025-12-08;BANKUSDT;301;60;-0.09;-14.466;MID
2025-12-08;BARDUSDT;301;60;7.8256;-3.7544;MID
2025-12-08;BATUSDT;301;60;5.0103;-11.3805;MID
2025-12-08;BBUSDT;301;60;15.0683;-22.2961;LONG
2025-12-08;BCHUSDT;301;60;10.7376;-7.4866;LONG
2025-12-08;BEAMXUSDT;301;60;5.3907;-7.7179;MID
2025-12-08;BELUSDT;301;60;4.37;-10.328;MID
2025-12-08;BERAUSDT;301;60;-6.4732;-20.1909;SHORT
2025-12-08;BIGTIMEUSDT;301;60;-0.0442;-9.81;MID
2025-12-08;BIOUSDT;301;60;-4.9951;-8.8454;SHORT
2025-12-08;BNBUSDT;301;60;8.5762;-4.3283;MID
2025-12-08;BNTUSDT;301;60;-0.6923;-8.5901;MID
2025-12-08;BOMEUSDT;301;60;11.7943;-16.8691;LONG
2025-12-08;BROCCOLI714USDT;301;60;8.7481;-12.552;MID
2025-12-08;BTCUSDT;301;60;5.0662;-4.6583;MID
2025-12-08;C98USDT;301;60;12.749;-16.9611;LONG
2025-12-08;CAKEUSDT;301;60;2.558;-12.4277;MID
2025-12-08;CATIUSDT;301;60;-0.9847;0.547;MID
2025-12-08;CELOUSDT;301;60;6.3694;-20.9581;MID
2025-12-08;CETUSUSDT;301;60;11.6164;-13.9336;LONG
2025-12-08;CFXUSDT;301;60;3.8571;-2.9629;MID
2025-12-08;CHZUSDT;301;60;10.5153;-3.4657;LONG
2025-12-08;CKBUSDT;301;60;9.0134;-12.365;MID
2025-12-08;COMPUSDT;301;60;-8.2698;-12.6279;SHORT
2025-12-08;COTIUSDT;301;60;4.6419;-14.6845;MID
2025-12-08;COWUSDT;301;60;10.0943;-5.2393;LONG
2025-12-08;CRVUSDT;301;60;1.292;-10.2041;MID
2025-12-08;CTKUSDT;301;60;3.1069;7.4729;MID
2025-12-08;CUSDT;301;60;9.4691;-5.075;LONG
2025-12-08;CVCUSDT;301;60;4.1011;-9.8595;MID
2025-12-08;CVXUSDT;301;60;10.006;-5.8824;LONG
2025-12-08;CYBERUSDT;301;60;-9.7251;-12.0102;SHORT
2025-12-08;DASHUSDT;301;60;2.7738;-17.7241;MID
2025-12-08;DENTUSDT;301;60;-7.3801;-9.9602;SHORT
2025-12-08;DEXEUSDT;301;60;-0.077;-13.2066;MID
2025-12-08;DIAUSDT;301;60;3.1221;-12.9712;MID
2025-12-08;DOGEUSDT;301;60;5.297;-9.0156;MID
2025-12-08;DOGSUSDT;301;60;18.0723;-10.2041;LONG
2025-12-08;DOLOUSDT;301;60;-8.9402;-14.9852;SHORT
2025-12-08;DOTUSDT;301;60;4.4139;-10.8032;MID
2025-12-08;DUSDT;301;60;0.9849;-12.2887;MID
2025-12-08;DYDXUSDT;301;60;-10.0;-8.0808;SHORT
2025-12-08;DYMUSDT;301;60;-7.5465;-8.2867;SHORT
2025-12-08;EDENUSDT;301;60;-0.0409;-14.3325;MID
2025-12-08;EDUUSDT;301;60;-6.6418;-15.1596;SHORT
2025-12-08;EGLDUSDT;301;60;17.8782;-14.0682;LONG
2025-12-08;EIGENUSDT;301;60;-6.0976;-14.2648;SHORT
2025-12-08;ENAUSDT;301;60;12.1911;-19.7871;LONG
2025-12-08;ENJUSDT;301;60;11.0773;-12.5266;LONG
2025-12-08;ENSOUSDT;301;60;2.2769;-6.8596;MID
2025-12-08;ENSUSDT;301;60;5.3976;-12.6564;MID
2025-12-08;EPICUSDT;301;60;-2.2544;-4.0746;MID
2025-12-08;ERAUSDT;301;60;-4.5511;-12.2485;SHORT
2025-12-08;ETCUSDT;301;60;3.6425;-8.1534;MID
2025-12-08;ETHFIUSDT;301;60;12.1758;-6.3136;LONG
2025-12-08;ETHUSDT;301;60;11.6416;-5.1195;LONG
2025-12-08;EULUSDT;301;60;-4.6647;-19.8267;SHORT
2025-12-08;FETUSDT;301;60;4.0277;-7.1191;MID
2025-12-08;FFUSDT;301;60;7.0299;-12.2617;MID
2025-12-08;FILUSDT;301;60;1.5541;-15.9681;MID
2025-12-08;FIOUSDT;301;60;17.37;-5.9365;LONG
2025-12-08;FLUXUSDT;301;60;5.4665;-0.983;MID
2025-12-08;FORMUSDT;301;60;1.9213;-10.4129;MID
2025-12-08;FORTHUSDT;301;60;10.0637;-7.7546;LONG
2025-12-08;FTTUSDT;301;60;0.0;0.0;MID
2025-12-08;FUNUSDT;301;60;-12.1048;-9.8912;SHORT
2025-12-08;FUSDT;301;60;-4.0665;-13.8363;SHORT
2025-12-08;GALAUSDT;301;60;8.1361;-10.9439;MID
2025-12-08;GASUSDT;301;60;0.476;-9.9005;MID
2025-12-08;GIGGLEUSDT;301;60;-0.7256;-28.3856;MID
2025-12-08;GLMRUSDT;301;60;0.0;0.0;MID
2025-12-08;GLMUSDT;301;60;-3.2337;-7.5893;SHORT
2025-12-08;GMTUSDT;301;60;12.8057;-13.862;LONG
2025-12-08;GPSUSDT;301;60;-1.7604;-15.0158;MID
2025-12-08;GRTUSDT;301;60;-0.7785;-17.1099;MID
2025-12-08;GUNUSDT;301;60;5.7239;63.535;MID
2025-12-08;GUSDT;301;60;-0.0203;-2.9573;MID
2025-12-08;HBARUSDT;301;60;1.0066;-15.142;MID
2025-12-08;HEMIUSDT;301;60;11.1111;-5.7792;LONG
2025-12-08;HIGHUSDT;301;60;1.6434;-12.8133;MID
2025-12-08;HIVEUSDT;301;60;1.6499;-7.4118;MID
2025-12-08;HMSTRUSDT;301;60;4.1744;-9.0383;MID
2025-12-08;HOLOUSDT;301;60;0.7652;-15.2401;MID
2025-12-08;HOMEUSDT;301;60;3.0036;-11.0708;MID
2025-12-08;HUMAUSDT;301;60;10.2169;6.2928;LONG
2025-12-08;HYPERUSDT;301;60;8.5597;2.881;MID
2025-12-08;ICPUSDT;301;60;-8.5152;-10.6627;SHORT
2025-12-08;IDEXUSDT;301;60;0.0;0.0;MID
2025-12-08;IDUSDT;301;60;2.2271;-11.8092;MID
2025-12-08;INITUSDT;301;60;-7.0089;-11.9958;SHORT
2025-12-08;INJUSDT;301;60;7.967;-11.8421;MID
2025-12-08;IOSTUSDT;301;60;-23.6763;-13.3672;SHORT
2025-12-08;IOTAUSDT;301;60;4.7667;-11.3262;MID
2025-12-08;IOUSDT;301;60;-13.0521;-5.4224;SHORT
2025-12-08;JASMYUSDT;301;60;2.6522;-12.7742;MID
2025-12-08;JSTUSDT;301;60;-10.6815;1.3095;SHORT
2025-12-08;JTOUSDT;301;60;3.2653;-16.438;MID
2025-12-08;JUPUSDT;301;60;-0.9162;-16.7768;MID
2025-12-08;KAITOUSDT;301;60;3.1022;-17.1937;MID
2025-12-08;KITEUSDT;301;60;-14.9571;6.9962;SHORT
2025-12-08;KMNOUSDT;301;60;9.523;-6.3595;LONG
2025-12-08;LAUSDT;301;60;-7.2146;-13.4963;SHORT
2025-12-08;LAYERUSDT;301;60;3.0052;-8.9537;MID
2025-12-08;LDOUSDT;301;60;4.1971;-8.4239;MID
2025-12-08;LINEAUSDT;301;60;-13.8798;-13.9721;SHORT
2025-12-08;LINKUSDT;301;60;13.9803;-6.5654;LONG
2025-12-08;LRCUSDT;301;60;0.7398;16.7891;MID
2025-12-08;LTCUSDT;301;60;8.1957;-7.5749;MID
2025-12-08;LUMIAUSDT;301;60;2.294;-12.2093;MID
2025-12-08;MAGICUSDT;301;60;14.377;1.9553;LONG
2025-12-08;MANAUSDT;301;60;-0.3971;-11.6279;MID
2025-12-08;MANTAUSDT;301;60;-4.1096;-16.4725;SHORT
2025-12-08;MASKUSDT;301;60;-2.6462;-11.5058;MID
2025-12-08;MAVUSDT;301;60;2.1661;-5.6216;MID
2025-12-08;MDTUSDT;301;60;0.0;0.0;MID
2025-12-08;MEMEUSDT;301;60;-0.8396;-13.3785;MID
2025-12-08;METISUSDT;301;60;-4.7875;-12.3434;SHORT
2025-12-08;METUSDT;301;60;8.2719;-25.4562;MID
2025-12-08;MEUSDT;301;60;2.3663;-25.5858;MID
2025-12-08;MINAUSDT;301;60;-5.1411;-11.3709;SHORT
2025-12-08;MIRAUSDT;301;60;1.8802;-14.3541;MID
2025-12-08;MITOUSDT;301;60;-1.2603;-11.6593;MID
2025-12-08;MMTUSDT;301;60;-6.4075;-17.298;SHORT
2025-12-08;MORPHOUSDT;301;60;-12.6078;-5.6081;SHORT
2025-12-08;MOVEUSDT;301;60;-8.1878;-7.3722;SHORT
2025-12-08;MOVRUSDT;301;60;5.2105;-14.2014;MID
2025-12-08;MUBARAKUSDT;301;60;20.6092;-16.8189;LONG
2025-12-08;NEARUSDT;301;60;7.3892;-11.5826;MID
2025-12-08;NEIROUSDT;301;60;16.4191;-14.8831;LONG
2025-12-08;NEOUSDT;301;60;2.1842;-10.2745;MID
2025-12-08;NEWTUSDT;301;60;3.9705;-11.1901;MID
2025-12-08;NILUSDT;301;60;-9.6021;-13.2336;SHORT
2025-12-08;NMRUSDT;301;60;7.3306;-7.125;MID
2025-12-08;NOMUSDT;301;60;-1.82;-24.3048;MID
2025-12-08;NOTUSDT;301;60;10.936;-8.5898;LONG
2025-12-08;NTRNUSDT;301;60;-0.7985;-14.1661;MID
2025-12-08;NXPCUSDT;301;60;11.5603;-23.3306;LONG
2025-12-08;OGUSDT;301;60;4.744;-5.9879;MID
2025-12-08;OMUSDT;301;60;3.2138;-12.4551;MID
2025-12-08;ONDOUSDT;301;60;4.7372;-14.0438;MID
2025-12-08;ONTUSDT;301;60;3.2885;-12.301;MID
2025-12-08;OPENUSDT;301;60;-0.6484;-15.8508;MID
2025-12-08;OPUSDT;301;60;10.7976;-7.9535;LONG
2025-12-08;ORCAUSDT;301;60;1.684;-16.7981;MID
2025-12-08;ORDIUSDT;301;60;19.0797;-2.262;LONG
2025-12-08;OXTUSDT;301;60;1.2061;-7.8368;MID
2025-12-08;PARTIUSDT;301;60;4.7789;-4.2023;MID
2025-12-08;PAXGUSDT;301;60;-0.9462;2.6689;MID
2025-12-08;PENDLEUSDT;301;60;-3.2505;-15.3174;SHORT
2025-12-08;PENGUUSDT;301;60;17.1891;-10.3934;LONG
2025-12-08;PEOPLEUSDT;301;60;10.6796;-13.3528;LONG
2025-12-08;PHAUSDT;301;60;6.0606;-15.6355;MID
2025-12-08;PIXELUSDT;301;60;-1.5385;-13.0859;MID
2025-12-08;PLUMEUSDT;301;60;7.5911;-23.8946;MID
2025-12-08;PNUTUSDT;301;60;12.3845;-15.8443;LONG
2025-12-08;POLUSDT;301;60;3.3448;-8.7952;MID
2025-12-08;POLYXUSDT;301;60;-3.3923;-11.6263;SHORT
2025-12-08;PORTALUSDT;301;60;-11.8178;20.183;SHORT
2025-12-08;PROMUSDT;301;60;-0.7727;-1.5793;MID
2025-12-08;PROVEUSDT;301;60;1.0278;-12.0462;MID
2025-12-08;PUMPUSDT;301;60;9.4367;-17.4098;MID
2025-12-08;PYTHUSDT;301;60;2.4152;-14.511;MID
2025-12-08;QNTUSDT;301;60;-12.2931;-14.9881;SHORT
2025-12-08;QTUMUSDT;301;60;1.1838;-5.5747;MID
2025-12-08;RAREUSDT;301;60;3.2558;-9.828;MID
2025-12-08;RAYUSDT;301;60;0.0;0.0;MID
2025-12-08;RDNTUSDT;301;60;17.577;-20.3547;LONG
2025-12-08;REDUSDT;301;60;6.0755;-11.3003;MID
2025-12-08;RENDERUSDT;301;60;4.6705;-14.1809;MID
2025-12-08;RESOLVUSDT;301;60;0.6105;-6.9532;MID
2025-12-08;REZUSDT;301;60;-5.4045;-16.5999;SHORT
2025-12-08;RONINUSDT;301;60;10.8583;-5.3959;LONG
2025-12-08;ROSEUSDT;301;60;-0.8314;-12.3476;MID
2025-12-08;RSRUSDT;301;60;8.1673;-15.3161;MID
2025-12-08;SAGAUSDT;301;60;-1.3701;-9.695;MID
2025-12-08;SAHARAUSDT;301;60;-11.4365;-21.0661;SHORT
2025-12-08;SANDUSDT;301;60;-1.1791;-14.9257;MID
2025-12-08;SANTOSUSDT;301;60;-11.9503;-23.1813;SHORT
2025-12-08;SAPIENUSDT;301;60;37.319;-13.5789;LONG
2025-12-08;SCRUSDT;301;60;0.7946;-6.0811;MID
2025-12-08;SEIUSDT;301;60;7.0732;-10.4024;MID
2025-12-08;SHELLUSDT;301;60;3.7754;-15.777;MID
2025-12-08;SIGNUSDT;301;60;11.5406;-21.3662;LONG
2025-12-08;SKLUSDT;301;60;-3.035;-12.7608;SHORT
2025-12-08;SKYUSDT;301;60;4.3352;8.0505;MID
2025-12-08;SNXUSDT;301;60;-2.9297;-14.8893;SHORT
2025-12-08;SOLUSDT;301;60;5.2303;-4.0994;MID
2025-12-08;SOLVUSDT;301;60;-14.6288;-4.5396;SHORT
2025-12-08;SOMIUSDT;301;60;-6.1739;31.1101;SHORT
2025-12-08;SOPHUSDT;301;60;1.7927;-16.3646;MID
2025-12-08;SPKUSDT;301;60;-9.7134;-16.0346;SHORT
2025-12-08;SSVUSDT;301;60;10.5117;-9.0934;LONG
2025-12-08;STGUSDT;301;60;8.2056;4.0833;MID
2025-12-08;STORJUSDT;301;60;-2.2222;-10.7955;MID
2025-12-08;STOUSDT;301;60;4.4588;0.767;MID
2025-12-08;STRAXUSDT;301;60;0.0;0.0;MID
2025-12-08;STRKUSDT;301;60;-7.173;-10.8182;SHORT
2025-12-08;STXUSDT;301;60;6.4894;-12.2211;MID
2025-12-08;SUIUSDT;301;60;19.7307;-8.6684;LONG
2025-12-08;SUPERUSDT;301;60;13.9351;-7.6538;LONG
2025-12-08;SUSDT;301;60;0.9454;-13.7357;MID
2025-12-08;SUSHIUSDT;301;60;-2.2914;-10.0421;MID
2025-12-08;SXTUSDT;301;60;-5.6903;-14.7069;SHORT
2025-12-08;SYRUPUSDT;301;60;6.9623;-1.4335;MID
2025-12-08;TAOUSDT;301;60;11.0507;-8.4926;LONG
2025-12-08;THETAUSDT;301;60;10.7944;-7.1119;LONG
2025-12-08;THEUSDT;301;60;27.2796;-0.2388;LONG
2025-12-08;TIAUSDT;301;60;5.2155;-15.1576;MID
2025-12-08;TLMUSDT;301;60;7.1913;-9.3249;MID
2025-12-08;TNSRUSDT;301;60;-8.7969;-11.353;SHORT
2025-12-08;TONUSDT;301;60;7.7364;-7.669;MID
2025-12-08;TOWNSUSDT;301;60;6.3002;-15.7962;MID
2025-12-08;TRBUSDT;301;60;9.1435;-9.0432;MID
2025-12-08;TREEUSDT;301;60;0.9885;-11.1746;MID
2025-12-08;TRUMPUSDT;301;60;-0.5945;-6.35;MID
2025-12-08;TRUUSDT;301;60;1.6892;-18.3555;MID
2025-12-08;TRXUSDT;301;60;1.5941;-1.0389;MID
2025-12-08;TSTUSDT;301;60;-0.1255;-11.6279;MID
2025-12-08;TURBOUSDT;301;60;20.3343;-12.4955;LONG
2025-12-08;TURTLEUSDT;301;60;-5.4178;-10.8956;SHORT
2025-12-08;TUSDT;301;60;0.7373;-13.8152;MID
2025-12-08;TUTUSDT;301;60;-2.8609;-13.3562;MID
2025-12-08;TWTUSDT;301;60;5.3022;-1.4199;MID
2025-12-08;UNIUSDT;301;60;0.3217;-9.5832;MID
2025-12-08;USDCUSDT;301;60;-0.0263;-0.0042;MID
2025-12-08;USTCUSDT;301;60;60.8505;-28.6802;LONG
2025-12-08;USUALUSDT;301;60;2.6358;-1.2248;MID
2025-12-08;VANAUSDT;301;60;-5.1659;1.0823;SHORT
2025-12-08;VANRYUSDT;301;60;4.0212;-12.1058;MID
2025-12-08;VETUSDT;301;60;1.0798;-14.5249;MID
2025-12-08;VIRTUALUSDT;301;60;-0.1677;-13.3637;MID
2025-12-08;VTHOUSDT;301;60;1.2821;-9.0717;MID
2025-12-08;WALUSDT;301;60;19.3741;-12.0474;LONG
2025-12-08;WCTUSDT;301;60;-1.0078;-19.276;MID
2025-12-08;WIFUSDT;301;60;12.341;-4.0906;LONG
2025-12-08;WLDUSDT;301;60;6.9362;-12.1741;MID
2025-12-08;WLFIUSDT;301;60;-1.6971;-11.2882;MID
2025-12-08;WUSDT;301;60;2.2693;-11.7288;MID
2025-12-08;XAIUSDT;301;60;-1.8139;1.7282;MID
2025-12-08;XLMUSDT;301;60;3.0778;-8.4718;MID
2025-12-08;XPLUSDT;301;60;-11.2912;-17.6005;SHORT
2025-12-08;XRPUSDT;301;60;2.095;-8.4303;MID
2025-12-08;XTZUSDT;301;60;4.9041;-6.3008;MID
2025-12-08;XVGUSDT;301;60;4.8177;-12.2304;MID
2025-12-08;XVSUSDT;301;60;4.6899;-13.0998;MID
2025-12-08;YBUSDT;301;60;20.6786;-18.2751;LONG
2025-12-08;YFIUSDT;301;60;-4.6843;-8.227;SHORT
2025-12-08;YGGUSDT;301;60;-0.9141;-7.9168;MID
2025-12-08;ZBTUSDT;301;60;-0.0926;-22.6135;MID
2025-12-08;ZECUSDT;301;60;17.7467;2.004;LONG
2025-12-08;ZENUSDT;301;60;-9.8101;-10.0439;SHORT
2025-12-08;ZILUSDT;301;60;3.1008;-8.4586;MID
2025-12-08;ZKCUSDT;301;60;-4.866;-17.7168;SHORT
2025-12-08;ZKUSDT;301;60;-5.0406;-11.4094;SHORT
2025-12-08;ZROUSDT;301;60;10.6603;5.0889;LONG
2025-12-08;ZRXUSDT;301;60;-3.5543;-8.5755;SHORT
2025-12-15;0GUSDT;301;60;-13.6405;-4.6942;MID
2025-12-15;1000BONKUSDT;301;60;-8.4087;-6.633;MID
2025-12-15;1000CHEEMSUSDT;301;60;-13.8714;-6.8641;MID
2025-12-15;1000FLOKIUSDT;301;60;-12.5538;-5.2693;MID
2025-12-15;1000LUNCUSDT;301;60;-28.0443;-1.1367;SHORT
2025-12-15;1000PEPEUSDT;301;60;-14.3946;-1.1361;MID
2025-12-15;1000SATSUSDT;301;60;-12.5714;-1.3072;MID
2025-12-15;1000SHIBUSDT;301;60;-7.8656;-8.8157;MID
2025-12-15;1INCHUSDT;301;60;-8.7571;-5.1393;MID
2025-12-15;1MBABYDOGEUSDT;301;60;-11.5297;-4.1774;MID
2025-12-15;2ZUSDT;301;60;-17.1388;0.2364;SHORT
2025-12-15;AAVEUSDT;301;60;0.7209;-21.9398;LONG
2025-12-15;ACEUSDT;301;60;18.5232;-7.1102;LONG
2025-12-15;ACHUSDT;301;60;-2.3121;-10.9129;LONG
2025-12-15;ACTUSDT;301;60;-2.4482;64.7201;LONG
2025-12-15;ADAUSDT;301;60;-10.3329;-4.3568;MID
2025-12-15;AEVOUSDT;301;60;-13.1751;-5.7002;MID
2025-12-15;AGLDUSDT;301;60;-10.9482;-3.5236;MID
2025-12-15;AIXBTUSDT;301;60;-18.8463;-11.826;SHORT
2025-12-15;ALGOUSDT;301;60;-13.633;-3.1223;MID
2025-12-15;ALICEUSDT;301;60;-12.2807;-12.5;MID
2025-12-15;ALLOUSDT;301;60;-28.5974;-0.2551;SHORT
2025-12-15;ALPINEUSDT;301;60;-6.5528;17.1536;MID
2025-12-15;ALTUSDT;301;60;-9.7412;-2.8668;MID
2025-12-15;ANIMEUSDT;301;60;-11.4503;50.4792;MID
2025-12-15;APEUSDT;301;60;-10.6239;-6.5566;MID
2025-12-15;API3USDT;301;60;-12.6428;-0.9174;MID
2025-12-15;APTUSDT;301;60;-12.248;3.125;MID
2025-12-15;ARBUSDT;301;60;-7.2068;-4.8223;MID
2025-12-15;ARKMUSDT;301;60;-12.2494;-2.8934;MID
2025-12-15;ARKUSDT;301;60;-6.6104;-1.9578;MID
2025-12-15;ARUSDT;301;60;-10.9708;-5.146;MID
2025-12-15;ASRUSDT;301;60;-7.5308;28.3477;MID
2025-12-15;ASTERUSDT;301;60;-14.9773;-12.5435;SHORT
2025-12-15;ATOMUSDT;301;60;-8.8117;-4.9292;MID
2025-12-15;ATUSDT;301;60;-31.0931;9.906;SHORT
2025-12-15;AUCTIONUSDT;301;60;-9.5289;-1.6892;MID
2025-12-15;AVAUSDT;301;60;-9.4886;-1.9545;MID
2025-12-15;AVAXUSDT;301;60;-9.5109;0.5754;MID
2025-12-15;AVNTUSDT;301;60;-18.6191;6.2324;SHORT
2025-12-15;AWEUSDT;301;60;-7.8079;4.1222;MID
2025-12-15;AXLUSDT;301;60;6.7446;-32.519;LONG
2025-12-15;BABYUSDT;301;60;-9.3586;-1.6821;MID
2025-12-15;BANANAS31USDT;301;60;14.5566;-8.7827;LONG
2025-12-15;BANANAUSDT;301;60;-11.3639;-11.4661;MID
2025-12-15;BANKUSDT;301;60;-14.466;21.8915;MID
2025-12-15;BARDUSDT;301;60;-3.7544;6.484;LONG
2025-12-15;BATUSDT;301;60;-11.3805;-6.8402;MID
2025-12-15;BBUSDT;301;60;-22.2961;-11.8564;SHORT
2025-12-15;BCHUSDT;301;60;-7.4866;10.1879;MID
2025-12-15;BEAMXUSDT;301;60;-7.7179;-10.1017;MID
2025-12-15;BELUSDT;301;60;-10.328;-2.9572;MID
2025-12-15;BERAUSDT;301;60;-20.1909;-9.8983;SHORT
2025-12-15;BIGTIMEUSDT;301;60;-9.81;-2.7927;MID
2025-12-15;BIOUSDT;301;60;-8.8454;-3.4155;MID
2025-12-15;BNBUSDT;301;60;-4.3283;0.0711;LONG
2025-12-15;BNTUSDT;301;60;-8.5901;0.1968;MID
2025-12-15;BOMEUSDT;301;60;-16.8691;-4.4164;SHORT
2025-12-15;BROCCOLI714USDT;301;60;-12.552;-5.3132;MID
2025-12-15;BTCUSDT;301;60;-4.6583;2.5369;LONG
2025-12-15;C98USDT;301;60;-16.9611;-7.234;SHORT
2025-12-15;CAKEUSDT;301;60;-12.4277;-8.7316;MID
2025-12-15;CATIUSDT;301;60;0.547;0.0495;LONG
2025-12-15;CELOUSDT;301;60;-20.9581;-10.6061;SHORT
2025-12-15;CETUSUSDT;301;60;-13.9336;-7.0406;MID
2025-12-15;CFXUSDT;301;60;-2.9629;0.788;LONG
2025-12-15;CHZUSDT;301;60;-3.4657;17.4608;LONG
2025-12-15;CKBUSDT;301;60;-12.365;1.6575;MID
2025-12-15;COMPUSDT;301;60;-12.6279;-10.794;MID
2025-12-15;COTIUSDT;301;60;-14.6845;-6.0511;MID
2025-12-15;COWUSDT;301;60;-5.2393;9.6225;LONG
2025-12-15;CRVUSDT;301;60;-10.2041;7.3864;MID
2025-12-15;CTKUSDT;301;60;7.4729;-1.9439;LONG
2025-12-15;CUSDT;301;60;-5.075;12.8786;LONG
2025-12-15;CVCUSDT;301;60;-9.8595;-3.52;MID
2025-12-15;CVXUSDT;301;60;-5.8824;5.4398;MID
2025-12-15;CYBERUSDT;301;60;-12.0102;-4.4258;MID
2025-12-15;DASHUSDT;301;60;-17.7241;-6.0955;SHORT
2025-12-15;DENTUSDT;301;60;-9.9602;-10.177;MID
2025-12-15;DEXEUSDT;301;60;-13.2066;-12.463;MID
2025-12-15;DIAUSDT;301;60;-12.9712;-9.6862;MID
2025-12-15;DOGEUSDT;301;60;-9.0156;2.1669;MID
2025-12-15;DOGSUSDT;301;60;-10.2041;-6.1364;MID
2025-12-15;DOLOUSDT;301;60;-14.9852;-9.0593;SHORT
2025-12-15;DOTUSDT;301;60;-10.8032;-6.1085;MID
2025-12-15;DUSDT;301;60;-12.2887;-1.5567;MID
2025-12-15;DYDXUSDT;301;60;-8.0808;-12.0879;MID
2025-12-15;DYMUSDT;301;60;-8.2867;-7.4099;MID
2025-12-15;EDENUSDT;301;60;-14.3325;0.398;MID
2025-12-15;EDUUSDT;301;60;-15.1596;14.2633;SHORT
2025-12-15;EGLDUSDT;301;60;-14.0682;-8.0622;MID
2025-12-15;EIGENUSDT;301;60;-14.2648;-4.6176;MID
2025-12-15;ENAUSDT;301;60;-19.7871;-5.3547;SHORT
2025-12-15;ENJUSDT;301;60;-12.5266;-5.4918;MID
2025-12-15;ENSOUSDT;301;60;-6.8596;-1.3744;MID
2025-12-15;ENSUSDT;301;60;-12.6564;-2.4591;MID
2025-12-15;EPICUSDT;301;60;-4.0746;48.9882;LONG
2025-12-15;ERAUSDT;301;60;-12.2485;-3.3898;MID
2025-12-15;ETCUSDT;301;60;-8.1534;-0.5837;MID
2025-12-15;ETHFIUSDT;301;60;-6.3136;-7.6598;MID
2025-12-15;ETHUSDT;301;60;-5.1195;1.5267;LONG
2025-12-15;EULUSDT;301;60;-19.8267;-6.7387;SHORT
2025-12-15;FETUSDT;301;60;-7.1191;-6.8131;MID
2025-12-15;FFUSDT;301;60;-12.2617;-3.9274;MID
2025-12-15;FILUSDT;301;60;-15.9681;2.7712;SHORT
2025-12-15;FIOUSDT;301;60;-5.9365;4.2667;MID
2025-12-15;FLUXUSDT;301;60;-0.983;-9.4765;LONG
2025-12-15;FORMUSDT;301;60;-10.4129;11.3226;MID
2025-12-15;FORTHUSDT;301;60;-7.7546;-5.3325;MID
2025-12-15;FTTUSDT;301;60;0.0;0.0;LONG
2025-12-15;FUNUSDT;301;60;-9.8912;-11.8697;MID
2025-12-15;FUSDT;301;60;-13.8363;14.1399;MID
2025-12-15;GALAUSDT;301;60;-10.9439;-4.7619;MID
2025-12-15;GASUSDT;301;60;-9.9005;-3.5226;MID
2025-12-15;GIGGLEUSDT;301;60;-28.3856;1.3507;SHORT
2025-12-15;GLMRUSDT;301;60;0.0;0.0;LONG
2025-12-15;GLMUSDT;301;60;-7.5893;0.1786;MID
2025-12-15;GMTUSDT;301;60;-13.862;-4.3709;MID
2025-12-15;GPSUSDT;301;60;-15.0158;-7.3604;SHORT
2025-12-15;GRTUSDT;301;60;-17.1099;-0.5522;SHORT
2025-12-15;GUNUSDT;301;60;63.535;-43.1353;LONG
2025-12-15;GUSDT;301;60;-2.9573;-7.9107;LONG
2025-12-15;HBARUSDT;301;60;-15.142;-0.0175;SHORT
2025-12-15;HEMIUSDT;301;60;-5.7792;4.0662;LONG
2025-12-15;HIGHUSDT;301;60;-12.8133;-5.6096;MID
2025-12-15;HIVEUSDT;301;60;-7.4118;0.5492;MID
2025-12-15;HMSTRUSDT;301;60;-9.0383;3.6221;MID
2025-12-15;HOLOUSDT;301;60;-15.2401;1.9894;SHORT
2025-12-15;HOMEUSDT;301;60;-11.0708;-12.0785;MID
2025-12-15;HUMAUSDT;301;60;6.2928;10.5695;LONG
2025-12-15;HYPERUSDT;301;60;2.881;-10.3906;LONG
2025-12-15;ICPUSDT;301;60;-10.6627;0.1978;MID
2025-12-15;IDEXUSDT;301;60;0.0;0.0;LONG
2025-12-15;IDUSDT;301;60;-11.8092;-7.7271;MID
2025-12-15;INITUSDT;301;60;-11.9958;1.5682;MID
2025-12-15;INJUSDT;301;60;-11.8421;-6.0105;MID
2025-12-15;IOSTUSDT;301;60;-13.3672;6.0547;MID
2025-12-15;IOTAUSDT;301;60;-11.3262;-6.3319;MID
2025-12-15;IOUSDT;301;60;-5.4224;-11.2251;LONG
2025-12-15;JASMYUSDT;301;60;-12.7742;5.2954;MID
2025-12-15;JSTUSDT;301;60;1.3095;1.596;LONG
2025-12-15;JTOUSDT;301;60;-16.438;-0.8347;SHORT
2025-12-15;JUPUSDT;301;60;-16.7768;1.5344;SHORT
2025-12-15;KAITOUSDT;301;60;-17.1937;-7.4898;SHORT
2025-12-15;KITEUSDT;301;60;6.9962;4.4386;LONG
2025-12-15;KMNOUSDT;301;60;-6.3595;-16.8689;MID
2025-12-15;LAUSDT;301;60;-13.4963;1.1236;MID
2025-12-15;LAYERUSDT;301;60;-8.9537;-9.8895;MID
2025-12-15;LDOUSDT;301;60;-8.4239;-0.146;MID
2025-12-15;LINEAUSDT;301;60;-13.9721;-4.8385;MID
2025-12-15;LINKUSDT;301;60;-6.5654;-2.1088;MID
2025-12-15;LRCUSDT;301;60;16.7891;-2.9869;LONG
2025-12-15;LTCUSDT;301;60;-7.5749;-0.6066;MID
2025-12-15;LUMIAUSDT;301;60;-12.2093;-4.825;MID
2025-12-15;MAGICUSDT;301;60;1.9553;-15.7991;LONG
2025-12-15;MANAUSDT;301;60;-11.6279;-7.594;MID
2025-12-15;MANTAUSDT;301;60;-16.4725;-4.4599;SHORT
2025-12-15;MASKUSDT;301;60;-11.5058;0.9075;MID
2025-12-15;MAVUSDT;301;60;-5.6216;-10.2451;LONG
2025-12-15;MDTUSDT;301;60;0.0;0.0;LONG
2025-12-15;MEMEUSDT;301;60;-13.3785;-7.4291;MID
2025-12-15;METISUSDT;301;60;-12.3434;-3.02;MID
2025-12-15;METUSDT;301;60;-25.4562;1.9502;SHORT
2025-12-15;MEUSDT;301;60;-25.5858;-12.0;SHORT
2025-12-15;MINAUSDT;301;60;-11.3709;-8.0336;MID
2025-12-15;MIRAUSDT;301;60;-14.3541;2.2346;MID
2025-12-15;MITOUSDT;301;60;-11.6593;-5.5432;MID
2025-12-15;MMTUSDT;301;60;-17.298;21.468;SHORT
2025-12-15;MORPHOUSDT;301;60;-5.6081;5.9413;LONG
2025-12-15;MOVEUSDT;301;60;-7.3722;-16.3286;MID
2025-12-15;MOVRUSDT;301;60;-14.2014;-4.5107;MID
2025-12-15;MUBARAKUSDT;301;60;-16.8189;8.5271;SHORT
2025-12-15;NEARUSDT;301;60;-11.5826;-2.4643;MID
2025-12-15;NEIROUSDT;301;60;-14.8831;-11.8235;MID
2025-12-15;NEOUSDT;301;60;-10.2745;-2.68;MID
2025-12-15;NEWTUSDT;301;60;-11.1901;-0.5;MID
2025-12-15;NILUSDT;301;60;-13.2336;35.0355;MID
2025-12-15;NMRUSDT;301;60;-7.125;-10.0202;MID
2025-12-15;NOMUSDT;301;60;-24.3048;-3.3197;SHORT
2025-12-15;NOTUSDT;301;60;-8.5898;-4.5135;MID
2025-12-15;NTRNUSDT;301;60;-14.1661;-8.1395;MID
2025-12-15;NXPCUSDT;301;60;-23.3306;1.2215;SHORT
2025-12-15;OGUSDT;301;60;-5.9879;-0.26;MID
2025-12-15;OMUSDT;301;60;-12.4551;6.3079;MID
2025-12-15;ONDOUSDT;301;60;-14.0438;-5.4541;MID
2025-12-15;ONTUSDT;301;60;-12.301;-10.396;MID
2025-12-15;OPENUSDT;301;60;-15.8508;-7.0914;SHORT
2025-12-15;OPUSDT;301;60;-7.9535;-7.1721;MID
2025-12-15;ORCAUSDT;301;60;-16.7981;8.3412;SHORT
2025-12-15;ORDIUSDT;301;60;-2.262;-5.135;LONG
2025-12-15;OXTUSDT;301;60;-7.8368;-2.7821;MID
2025-12-15;PARTIUSDT;301;60;-4.2023;-3.9547;LONG
2025-12-15;PAXGUSDT;301;60;2.6689;3.8925;LONG
2025-12-15;PENDLEUSDT;301;60;-15.3174;-9.837;SHORT
2025-12-15;PENGUUSDT;301;60;-10.3934;-10.9843;MID
2025-12-15;PEOPLEUSDT;301;60;-13.3528;5.8493;MID
2025-12-15;PHAUSDT;301;60;-15.6355;-7.4133;SHORT
2025-12-15;PIXELUSDT;301;60;-13.0859;-12.2472;MID
2025-12-15;PLUMEUSDT;301;60;-23.8946;7.1075;SHORT
2025-12-15;PNUTUSDT;301;60;-15.8443;-6.684;SHORT
2025-12-15;POLUSDT;301;60;-8.7952;-4.1608;MID
2025-12-15;POLYXUSDT;301;60;-11.6263;8.5361;MID
2025-12-15;PORTALUSDT;301;60;20.183;11.8227;LONG
2025-12-15;PROMUSDT;301;60;-1.5793;-19.055;LONG
2025-12-15;PROVEUSDT;301;60;-12.0462;-2.6025;MID
2025-12-15;PUMPUSDT;301;60;-17.4098;-24.0969;SHORT
2025-12-15;PYTHUSDT;301;60;-14.511;-0.2031;MID
2025-12-15;QNTUSDT;301;60;-14.9881;-0.4255;SHORT
2025-12-15;QTUMUSDT;301;60;-5.5747;-7.5802;LONG
2025-12-15;RAREUSDT;301;60;-9.828;-5.4042;MID
2025-12-15;RAYUSDT;301;60;0.0;0.0;LONG
2025-12-15;RDNTUSDT;301;60;-20.3547;-0.6363;SHORT
2025-12-15;REDUSDT;301;60;-11.3003;-7.3735;MID
2025-12-15;RENDERUSDT;301;60;-14.1809;-8.4046;MID
2025-12-15;RESOLVUSDT;301;60;-6.9532;-1.1821;MID
2025-12-15;REZUSDT;301;60;-16.5999;-5.3049;SHORT
2025-12-15;RONINUSDT;301;60;-5.3959;-11.9033;LONG
2025-12-15;ROSEUSDT;301;60;-12.3476;-10.087;MID
2025-12-15;RSRUSDT;301;60;-15.3161;-8.4088;SHORT
2025-12-15;SAGAUSDT;301;60;-9.695;-7.8814;MID
2025-12-15;SAHARAUSDT;301;60;-21.0661;-4.0087;SHORT
2025-12-15;SANDUSDT;301;60;-14.9257;-3.2586;SHORT
2025-12-15;SANTOSUSDT;301;60;-23.1813;23.6042;SHORT
2025-12-15;SAPIENUSDT;301;60;-13.5789;-12.3319;MID
2025-12-15;SCRUSDT;301;60;-6.0811;-14.3405;MID
2025-12-15;SEIUSDT;301;60;-10.4024;-4.2373;MID
2025-12-15;SHELLUSDT;301;60;-15.777;-4.7319;SHORT
2025-12-15;SIGNUSDT;301;60;-21.3662;18.4211;SHORT
2025-12-15;SKLUSDT;301;60;-12.7608;-5.7958;MID
2025-12-15;SKYUSDT;301;60;8.0505;14.4893;LONG
2025-12-15;SNXUSDT;301;60;-14.8893;0.0;MID
2025-12-15;SOLUSDT;301;60;-4.0994;-1.4562;LONG
2025-12-15;SOLVUSDT;301;60;-4.5396;-2.2773;LONG
2025-12-15;SOMIUSDT;301;60;31.1101;-16.3196;LONG
2025-12-15;SOPHUSDT;301;60;-16.3646;9.9908;SHORT
2025-12-15;SPKUSDT;301;60;-16.0346;2.5528;SHORT
2025-12-15;SSVUSDT;301;60;-9.0934;17.7662;MID
2025-12-15;STGUSDT;301;60;4.0833;-9.7678;LONG
2025-12-15;STORJUSDT;301;60;-10.7955;-7.4045;MID
2025-12-15;STOUSDT;301;60;0.767;-6.5608;LONG
2025-12-15;STRAXUSDT;301;60;0.0;0.0;LONG
2025-12-15;STRKUSDT;301;60;-10.8182;-19.7757;MID
2025-12-15;STXUSDT;301;60;-12.2211;-5.9939;MID
2025-12-15;SUIUSDT;301;60;-8.6684;-0.5511;MID
2025-12-15;SUPERUSDT;301;60;-7.6538;-6.7472;MID
2025-12-15;SUSDT;301;60;-13.7357;-11.1098;MID
2025-12-15;SUSHIUSDT;301;60;-10.0421;-1.3369;MID
2025-12-15;SXTUSDT;301;60;-14.7069;0.2814;MID
2025-12-15;SYRUPUSDT;301;60;-1.4335;26.7015;LONG
2025-12-15;TAOUSDT;301;60;-8.4926;-17.4246;MID
2025-12-15;THETAUSDT;301;60;-7.1119;-13.3831;MID
2025-12-15;THEUSDT;301;60;-0.2388;10.7121;LONG
2025-12-15;TIAUSDT;301;60;-15.1576;-10.7512;SHORT
2025-12-15;TLMUSDT;301;60;-9.3249;-3.9088;MID
2025-12-15;TNSRUSDT;301;60;-11.353;-10.7642;MID
2025-12-15;TONUSDT;301;60;-7.669;-1.8473;MID
2025-12-15;TOWNSUSDT;301;60;-15.7962;-15.4302;SHORT
2025-12-15;TRBUSDT;301;60;-9.0432;-0.8917;MID
2025-12-15;TREEUSDT;301;60;-11.1746;-4.4077;MID
2025-12-15;TRUMPUSDT;301;60;-6.35;-6.5177;MID
2025-12-15;TRUUSDT;301;60;-18.3555;-10.4781;SHORT
2025-12-15;TRXUSDT;301;60;-1.0389;2.1824;LONG
2025-12-15;TSTUSDT;301;60;-11.6279;32.2191;MID
2025-12-15;TURBOUSDT;301;60;-12.4955;-12.4903;MID
2025-12-15;TURTLEUSDT;301;60;-10.8956;-2.7721;MID
2025-12-15;TUSDT;301;60;-13.8152;-4.4586;MID
2025-12-15;TUTUSDT;301;60;-13.3562;1.9763;MID
2025-12-15;TWTUSDT;301;60;-1.4199;-14.3018;LONG
2025-12-15;UNIUSDT;301;60;-9.5832;18.5382;MID
2025-12-15;USDCUSDT;301;60;-0.0042;0.0478;LONG
2025-12-15;USTCUSDT;301;60;-28.6802;6.087;SHORT
2025-12-15;USUALUSDT;301;60;-1.2248;-2.64;LONG
2025-12-15;VANAUSDT;301;60;1.0823;-3.5332;LONG
2025-12-15;VANRYUSDT;301;60;-12.1058;-15.9259;MID
2025-12-15;VETUSDT;301;60;-14.5249;-1.0073;MID
2025-12-15;VIRTUALUSDT;301;60;-13.3637;-1.7031;MID
2025-12-15;VTHOUSDT;301;60;-9.0717;7.935;MID
2025-12-15;WALUSDT;301;60;-12.0474;-11.5685;MID
2025-12-15;WCTUSDT;301;60;-19.276;4.4142;SHORT
2025-12-15;WIFUSDT;301;60;-4.0906;-10.0322;LONG
2025-12-15;WLDUSDT;301;60;-12.1741;-6.4762;MID
2025-12-15;WLFIUSDT;301;60;-11.2882;0.7485;MID
2025-12-15;WUSDT;301;60;-11.7288;-3.3978;MID
2025-12-15;XAIUSDT;301;60;1.7282;-10.2519;LONG
2025-12-15;XLMUSDT;301;60;-8.4718;0.0;MID
2025-12-15;XPLUSDT;301;60;-17.6005;-5.1737;SHORT
2025-12-15;XRPUSDT;301;60;-8.4303;0.3586;MID
2025-12-15;XTZUSDT;301;60;-6.3008;-3.9046;MID
2025-12-15;XVGUSDT;301;60;-12.2304;-13.4326;MID
2025-12-15;XVSUSDT;301;60;-13.0998;0.9773;MID
2025-12-15;YBUSDT;301;60;-18.2751;-8.9726;SHORT
2025-12-15;YFIUSDT;301;60;-8.227;1.0947;MID
2025-12-15;YGGUSDT;301;60;-7.9168;-2.7213;MID
2025-12-15;ZBTUSDT;301;60;-22.6135;-12.0958;SHORT
2025-12-15;ZECUSDT;301;60;2.004;4.3914;LONG
2025-12-15;ZENUSDT;301;60;-10.0439;-2.4409;MID
2025-12-15;ZILUSDT;301;60;-8.4586;-5.5441;MID
2025-12-15;ZKCUSDT;301;60;-17.7168;-9.9099;SHORT
2025-12-15;ZKUSDT;301;60;-11.4094;-2.5138;MID
2025-12-15;ZROUSDT;301;60;5.0889;-9.7403;LONG
2025-12-15;ZRXUSDT;301;60;-8.5755;-6.0465;MID
2025-12-22;0GUSDT;301;60;-4.6942;22.4884;MID
2025-12-22;1000BONKUSDT;301;60;-6.633;-4.8427;MID
2025-12-22;1000CHEEMSUSDT;301;60;-6.8641;5.9236;MID
2025-12-22;1000FLOKIUSDT;301;60;-5.2693;-3.0902;MID
2025-12-22;1000LUNCUSDT;301;60;-1.1367;-1.2775;MID
2025-12-22;1000PEPEUSDT;301;60;-1.1361;1.1765;MID
2025-12-22;1000SATSUSDT;301;60;-1.3072;-0.6623;MID
2025-12-22;1000SHIBUSDT;301;60;-8.8157;-0.0972;MID
2025-12-22;1INCHUSDT;301;60;-5.1393;-6.9843;MID
2025-12-22;1MBABYDOGEUSDT;301;60;-4.1774;6.3626;MID
2025-12-22;2ZUSDT;301;60;0.2364;4.0;MID
2025-12-22;AAVEUSDT;301;60;-21.9398;-0.7442;SHORT
2025-12-22;ACEUSDT;301;60;-7.1102;3.0693;MID
2025-12-22;ACHUSDT;301;60;-10.9129;0.4057;SHORT
2025-12-22;ACTUSDT;301;60;64.7201;26.2819;LONG
2025-12-22;ADAUSDT;301;60;-4.3568;-4.9057;MID
2025-12-22;AEVOUSDT;301;60;-5.7002;3.4502;MID
2025-12-22;AGLDUSDT;301;60;-3.5236;2.5407;MID
2025-12-22;AIXBTUSDT;301;60;-11.826;6.2196;SHORT
2025-12-22;ALGOUSDT;301;60;-3.1223;4.9239;MID
2025-12-22;ALICEUSDT;301;60;-12.5;-4.0;SHORT
2025-12-22;ALLOUSDT;301;60;-0.2551;-2.387;MID
2025-12-22;ALPINEUSDT;301;60;17.1536;-5.2293;LONG
2025-12-22;ALTUSDT;301;60;-2.8668;1.4757;MID
2025-12-22;ANIMEUSDT;301;60;50.4792;-12.3701;LONG
2025-12-22;APEUSDT;301;60;-6.5566;0.8582;MID
2025-12-22;API3USDT;301;60;-0.9174;2.5926;MID
2025-12-22;APTUSDT;301;60;3.125;3.4562;LONG
2025-12-22;ARBUSDT;301;60;-4.8223;1.5467;MID
2025-12-22;ARKMUSDT;301;60;-2.8934;-4.0251;MID
2025-12-22;ARKUSDT;301;60;-1.9578;1.8433;MID
2025-12-22;ARUSDT;301;60;-5.146;1.9355;MID
2025-12-22;ASRUSDT;301;60;28.3477;-9.579;LONG
2025-12-22;ASTERUSDT;301;60;-12.5435;-0.995;SHORT
2025-12-22;ATOMUSDT;301;60;-4.9292;0.77;MID
2025-12-22;ATUSDT;301;60;9.906;74.6178;LONG
2025-12-22;AUCTIONUSDT;301;60;-1.6892;-0.3436;MID
2025-12-22;AVAUSDT;301;60;-1.9545;1.486;MID
2025-12-22;AVAXUSDT;301;60;0.5754;-0.3787;MID
2025-12-22;AVNTUSDT;301;60;6.2324;59.5382;LONG
2025-12-22;AWEUSDT;301;60;4.1222;-1.7995;LONG
2025-12-22;AXLUSDT;301;60;-32.519;-12.4844;SHORT
2025-12-22;BABYUSDT;301;60;-1.6821;-1.1799;MID
2025-12-22;BANANAS31USDT;301;60;-8.7827;1.5511;MID
2025-12-22;BANANAUSDT;301;60;-11.4661;8.2635;SHORT
2025-12-22;BANKUSDT;301;60;21.8915;5.684;LONG
2025-12-22;BARDUSDT;301;60;6.484;-2.0093;LONG
2025-12-22;BATUSDT;301;60;-6.8402;-1.8001;MID
2025-12-22;BBUSDT;301;60;-11.8564;-7.471;SHORT
2025-12-22;BCHUSDT;301;60;10.1879;1.4848;LONG
2025-12-22;BEAMXUSDT;301;60;-10.1017;2.6633;SHORT
2025-12-22;BELUSDT;301;60;-2.9572;2.3256;MID
2025-12-22;BERAUSDT;301;60;-9.8983;2.8211;SHORT
2025-12-22;BIGTIMEUSDT;301;60;-2.7927;6.3004;MID
2025-12-22;BIOUSDT;301;60;-3.4155;4.4028;MID
2025-12-22;BNBUSDT;301;60;0.0711;-0.7298;MID
2025-12-22;BNTUSDT;301;60;0.1968;-1.4731;MID
2025-12-22;BOMEUSDT;301;60;-4.4164;-5.1013;MID
2025-12-22;BROCCOLI714USDT;301;60;-5.3132;3.0151;MID
2025-12-22;BTCUSDT;301;60;2.5369;-1.5559;LONG
2025-12-22;C98USDT;301;60;-7.234;3.211;MID
2025-12-22;CAKEUSDT;301;60;-8.7316;-1.1662;MID
2025-12-22;CATIUSDT;301;60;0.0495;0.2472;MID
2025-12-22;CELOUSDT;301;60;-10.6061;-1.6949;SHORT
2025-12-22;CETUSUSDT;301;60;-7.0406;-2.7386;MID
2025-12-22;CFXUSDT;301;60;0.788;-1.8428;MID
2025-12-22;CHZUSDT;301;60;17.4608;2.723;LONG
2025-12-22;CKBUSDT;301;60;1.6575;2.3829;MID
2025-12-22;COMPUSDT;301;60;-10.794;4.84;SHORT
2025-12-22;COTIUSDT;301;60;-6.0511;1.479;MID
2025-12-22;COWUSDT;301;60;9.6225;3.1523;LONG
2025-12-22;CRVUSDT;301;60;7.3864;2.381;LONG
2025-12-22;CTKUSDT;301;60;-1.9439;-0.9912;MID
2025-12-22;CUSDT;301;60;12.8786;3.5114;LONG
2025-12-22;CVCUSDT;301;60;-3.52;1.5671;MID
2025-12-22;CVXUSDT;301;60;5.4398;-3.6773;LONG
2025-12-22;CYBERUSDT;301;60;-4.4258;2.0196;MID
2025-12-22;DASHUSDT;301;60;-6.0955;10.4797;MID
2025-12-22;DENTUSDT;301;60;-10.177;0.4926;SHORT
2025-12-22;DEXEUSDT;301;60;-12.463;2.9084;SHORT
2025-12-22;DIAUSDT;301;60;-9.6862;0.0378;SHORT
2025-12-22;DOGEUSDT;301;60;2.1669;-7.3138;LONG
2025-12-22;DOGSUSDT;301;60;-6.1364;-3.3898;MID
2025-12-22;DOLOUSDT;301;60;-9.0593;42.0433;MID
2025-12-22;DOTUSDT;301;60;-6.1085;2.2434;MID
2025-12-22;DUSDT;301;60;-1.5567;9.1867;MID
2025-12-22;DYDXUSDT;301;60;-12.0879;4.375;SHORT
2025-12-22;DYMUSDT;301;60;-7.4099;0.7754;MID
2025-12-22;EDENUSDT;301;60;0.398;5.6921;MID
2025-12-22;EDUUSDT;301;60;14.2633;4.0466;LONG
2025-12-22;EGLDUSDT;301;60;-8.0622;-7.8685;MID
2025-12-22;EIGENUSDT;301;60;-4.6176;-3.9959;MID
2025-12-22;ENAUSDT;301;60;-5.3547;1.7892;MID
2025-12-22;ENJUSDT;301;60;-5.4918;1.7286;MID
2025-12-22;ENSOUSDT;301;60;-1.3744;15.1166;MID
2025-12-22;ENSUSDT;301;60;-2.4591;0.0521;MID
2025-12-22;EPICUSDT;301;60;48.9882;-3.9268;LONG
2025-12-22;ERAUSDT;301;60;-3.3898;0.7224;MID
2025-12-22;ETCUSDT;301;60;-0.5837;-2.8052;MID
2025-12-22;ETHFIUSDT;301;60;-7.6598;-4.5285;MID
2025-12-22;ETHUSDT;301;60;1.5267;-2.3946;MID
2025-12-22;EULUSDT;301;60;-6.7387;-2.7607;MID
2025-12-22;FETUSDT;301;60;-6.8131;0.481;MID
2025-12-22;FFUSDT;301;60;-3.9274;-8.342;MID
2025-12-22;FILUSDT;301;60;2.7712;1.4638;LONG
2025-12-22;FIOUSDT;301;60;4.2667;0.5115;LONG
2025-12-22;FLUXUSDT;301;60;-9.4765;1.0967;SHORT
2025-12-22;FORMUSDT;301;60;11.3226;-3.5404;LONG
2025-12-22;FORTHUSDT;301;60;-5.3325;3.1809;MID
2025-12-22;FTTUSDT;301;60;0.0;0.0;MID
2025-12-22;FUNUSDT;301;60;-11.8697;3.0393;SHORT
2025-12-22;FUSDT;301;60;14.1399;-1.2063;LONG
2025-12-22;GALAUSDT;301;60;-4.7619;-3.2258;MID
2025-12-22;GASUSDT;301;60;-3.5226;12.3161;MID
2025-12-22;GIGGLEUSDT;301;60;1.3507;1.8362;MID
2025-12-22;GLMRUSDT;301;60;0.0;0.0;MID
2025-12-22;GLMUSDT;301;60;0.1786;-1.9615;MID
2025-12-22;GMTUSDT;301;60;-4.3709;15.2355;MID
2025-12-22;GPSUSDT;301;60;-7.3604;1.6438;MID
2025-12-22;GRTUSDT;301;60;-0.5522;-6.3194;MID
2025-12-22;GUNUSDT;301;60;-43.1353;-7.363;SHORT
2025-12-22;GUSDT;301;60;-7.9107;0.612;MID
2025-12-22;HBARUSDT;301;60;-0.0175;-1.1483;MID
2025-12-22;HEMIUSDT;301;60;4.0662;5.2318;LONG
2025-12-22;HIGHUSDT;301;60;-5.6096;4.4204;MID
2025-12-22;HIVEUSDT;301;60;0.5492;9.5998;MID
2025-12-22;HMSTRUSDT;301;60;3.6221;-0.803;LONG
2025-12-22;HOLOUSDT;301;60;1.9894;0.1936;LONG
2025-12-22;HOMEUSDT;301;60;-12.0785;-14.1066;SHORT
2025-12-22;HUMAUSDT;301;60;10.5695;-24.4815;LONG
2025-12-22;HYPERUSDT;301;60;-10.3906;0.2467;SHORT
2025-12-22;ICPUSDT;301;60;0.1978;-5.0346;MID
2025-12-22;IDEXUSDT;301;60;0.0;0.0;MID
2025-12-22;IDUSDT;301;60;-7.7271;7.5416;MID
2025-12-22;INITUSDT;301;60;1.5682;6.4133;MID
2025-12-22;INJUSDT;301;60;-6.0105;-2.2961;MID
2025-12-22;IOSTUSDT;301;60;6.0547;-0.6139;LONG
2025-12-22;IOTAUSDT;301;60;-6.3319;-3.4965;MID
2025-12-22;IOUSDT;301;60;-11.2251;3.739;SHORT
2025-12-22;JASMYUSDT;301;60;5.2954;-7.9522;LONG
2025-12-22;JSTUSDT;301;60;1.596;-1.1845;MID
2025-12-22;JTOUSDT;301;60;-0.8347;8.1089;MID
2025-12-22;JUPUSDT;301;60;1.5344;-2.0323;MID
2025-12-22;KAITOUSDT;301;60;-7.4898;8.477;MID
2025-12-22;KITEUSDT;301;60;4.4386;2.1304;LONG
2025-12-22;KMNOUSDT;301;60;-16.8689;8.4127;SHORT
2025-12-22;LAUSDT;301;60;1.1236;-8.2222;MID
2025-12-22;LAYERUSDT;301;60;-9.8895;4.1692;SHORT
2025-12-22;LDOUSDT;301;60;-0.146;6.5801;MID
2025-12-22;LINEAUSDT;301;60;-4.8385;0.279;MID
2025-12-22;LINKUSDT;301;60;-2.1088;-2.2496;MID
2025-12-22;LRCUSDT;301;60;-2.9869;-7.9762;MID
2025-12-22;LTCUSDT;301;60;-0.6066;1.6751;MID
2025-12-22;LUMIAUSDT;301;60;-4.825;21.0736;MID
2025-12-22;MAGICUSDT;301;60;-15.7991;1.9523;SHORT
2025-12-22;MANAUSDT;301;60;-7.594;-1.546;MID
2025-12-22;MANTAUSDT;301;60;-4.4599;2.0242;MID
2025-12-22;MASKUSDT;301;60;0.9075;3.8395;MID
2025-12-22;MAVUSDT;301;60;-10.2451;-0.0758;SHORT
2025-12-22;MDTUSDT;301;60;0.0;0.0;MID
2025-12-22;MEMEUSDT;301;60;-7.4291;1.6895;MID
2025-12-22;METISUSDT;301;60;-3.02;-6.1913;MID
2025-12-22;METUSDT;301;60;1.9502;3.3781;LONG
2025-12-22;MEUSDT;301;60;-12.0;-1.8859;SHORT
2025-12-22;MINAUSDT;301;60;-8.0336;2.3468;MID
2025-12-22;MIRAUSDT;301;60;2.2346;11.6315;LONG
2025-12-22;MITOUSDT;301;60;-5.5432;-7.8982;MID
2025-12-22;MMTUSDT;301;60;21.468;7.7692;LONG
2025-12-22;MORPHOUSDT;301;60;5.9413;-3.3848;LONG
2025-12-22;MOVEUSDT;301;60;-16.3286;7.4563;SHORT
2025-12-22;MOVRUSDT;301;60;-4.5107;-2.522;MID
2025-12-22;MUBARAKUSDT;301;60;8.5271;-4.4048;LONG
2025-12-22;NEARUSDT;301;60;-2.4643;1.1968;MID
2025-12-22;NEIROUSDT;301;60;-11.8235;0.661;SHORT
2025-12-22;NEOUSDT;301;60;-2.68;4.1446;MID
2025-12-22;NEWTUSDT;301;60;-0.5;-3.4171;MID
2025-12-22;NILUSDT;301;60;35.0355;-6.0606;LONG
2025-12-22;NMRUSDT;301;60;-10.0202;0.9521;SHORT
2025-12-22;NOMUSDT;301;60;-3.3197;11.7929;MID
2025-12-22;NOTUSDT;301;60;-4.5135;0.7555;MID
2025-12-22;NTRNUSDT;301;60;-8.1395;15.5574;MID
2025-12-22;NXPCUSDT;301;60;1.2215;-2.7282;MID
2025-12-22;OGUSDT;301;60;-0.26;-2.7368;MID
2025-12-22;OMUSDT;301;60;6.3079;3.3457;LONG
2025-12-22;ONDOUSDT;301;60;-5.4541;-4.2694;MID
2025-12-22;ONTUSDT;301;60;-10.396;38.4899;SHORT
2025-12-22;OPENUSDT;301;60;-7.0914;-3.6971;MID
2025-12-22;OPUSDT;301;60;-7.1721;-0.9934;MID
2025-12-22;ORCAUSDT;301;60;8.3412;-3.4121;LONG
2025-12-22;ORDIUSDT;301;60;-5.135;4.1677;MID
2025-12-22;OXTUSDT;301;60;-2.7821;-1.0883;MID
2025-12-22;PARTIUSDT;301;60;-3.9547;6.9358;MID
2025-12-22;PAXGUSDT;301;60;3.8925;-2.6643;LONG
2025-12-22;PENDLEUSDT;301;60;-9.837;2.1645;SHORT
2025-12-22;PENGUUSDT;301;60;-10.9843;-2.4767;SHORT
2025-12-22;PEOPLEUSDT;301;60;5.8493;-0.8502;LONG
2025-12-22;PHAUSDT;301;60;-7.4133;3.3698;MID
2025-12-22;PIXELUSDT;301;60;-12.2472;1.9206;SHORT
2025-12-22;PLUMEUSDT;301;60;7.1075;-1.3849;LONG
2025-12-22;PNUTUSDT;301;60;-6.684;-3.4348;MID
2025-12-22;POLUSDT;301;60;-4.1608;-3.9248;MID
2025-12-22;POLYXUSDT;301;60;8.5361;-11.841;LONG
2025-12-22;PORTALUSDT;301;60;11.8227;-13.9367;LONG
2025-12-22;PROMUSDT;301;60;-19.055;17.4972;SHORT
2025-12-22;PROVEUSDT;301;60;-2.6025;9.6086;MID
2025-12-22;PUMPUSDT;301;60;-24.0969;-5.4916;SHORT
2025-12-22;PYTHUSDT;301;60;-0.2031;-0.6274;MID
2025-12-22;QNTUSDT;301;60;-0.4255;-5.7818;MID
2025-12-22;QTUMUSDT;301;60;-7.5802;1.9716;MID
2025-12-22;RAREUSDT;301;60;-5.4042;1.1042;MID
2025-12-22;RAYUSDT;301;60;0.0;0.0;MID
2025-12-22;RDNTUSDT;301;60;-0.6363;5.9765;MID
2025-12-22;REDUSDT;301;60;-7.3735;1.9783;MID
2025-12-22;RENDERUSDT;301;60;-8.4046;0.5443;MID
2025-12-22;RESOLVUSDT;301;60;-1.1821;1.4437;MID
2025-12-22;REZUSDT;301;60;-5.3049;-0.4852;MID
2025-12-22;RONINUSDT;301;60;-11.9033;-9.2189;SHORT
2025-12-22;ROSEUSDT;301;60;-10.087;6.1896;SHORT
2025-12-22;RSRUSDT;301;60;-8.4088;-0.8706;MID
2025-12-22;SAGAUSDT;301;60;-7.8814;-2.7888;MID
2025-12-22;SAHARAUSDT;301;60;-4.0087;-3.3108;MID
2025-12-22;SANDUSDT;301;60;-3.2586;-1.4064;MID
2025-12-22;SANTOSUSDT;301;60;23.6042;-4.3453;LONG
2025-12-22;SAPIENUSDT;301;60;-12.3319;4.5435;SHORT
2025-12-22;SCRUSDT;301;60;-14.3405;4.3813;SHORT
2025-12-22;SEIUSDT;301;60;-4.2373;0.4425;MID
2025-12-22;SHELLUSDT;301;60;-4.7319;11.3238;MID
2025-12-22;SIGNUSDT;301;60;18.4211;1.3655;LONG
2025-12-22;SKLUSDT;301;60;-5.7958;-4.2969;MID
2025-12-22;SKYUSDT;301;60;14.4893;-7.7673;LONG
2025-12-22;SNXUSDT;301;60;0.0;-1.182;MID
2025-12-22;SOLUSDT;301;60;-1.4562;-2.1292;MID
2025-12-22;SOLVUSDT;301;60;-2.2773;-0.4112;MID
2025-12-22;SOMIUSDT;301;60;-16.3196;1.7136;SHORT
2025-12-22;SOPHUSDT;301;60;9.9908;-12.7026;LONG
2025-12-22;SPKUSDT;301;60;2.5528;6.7018;LONG
2025-12-22;SSVUSDT;301;60;17.7662;-0.5472;LONG
2025-12-22;STGUSDT;301;60;-9.7678;-5.4126;SHORT
2025-12-22;STORJUSDT;301;60;-7.4045;23.3878;MID
2025-12-22;STOUSDT;301;60;-6.5608;-27.8378;MID
2025-12-22;STRAXUSDT;301;60;0.0;0.0;MID
2025-12-22;STRKUSDT;301;60;-19.7757;1.7789;SHORT
2025-12-22;STXUSDT;301;60;-5.9939;2.8249;MID
2025-12-22;SUIUSDT;301;60;-0.5511;-1.5461;MID
2025-12-22;SUPERUSDT;301;60;-6.7472;-6.6994;MID
2025-12-22;SUSDT;301;60;-11.1098;1.4113;SHORT
2025-12-22;SUSHIUSDT;301;60;-1.3369;-0.2371;MID
2025-12-22;SXTUSDT;301;60;0.2814;-2.0842;MID
2025-12-22;SYRUPUSDT;301;60;26.7015;-4.8717;LONG
2025-12-22;TAOUSDT;301;60;-17.4246;-1.6647;SHORT
2025-12-22;THETAUSDT;301;60;-13.3831;-4.0244;SHORT
2025-12-22;THEUSDT;301;60;10.7121;2.4865;LONG
2025-12-22;TIAUSDT;301;60;-10.7512;1.2469;SHORT
2025-12-22;TLMUSDT;301;60;-3.9088;-1.1622;MID
2025-12-22;TNSRUSDT;301;60;-10.7642;-3.9023;SHORT
2025-12-22;TONUSDT;301;60;-1.8473;7.0099;MID
2025-12-22;TOWNSUSDT;301;60;-15.4302;14.902;SHORT
2025-12-22;TRBUSDT;301;60;-0.8917;3.8432;MID
2025-12-22;TREEUSDT;301;60;-4.4077;2.6897;MID
2025-12-22;TRUMPUSDT;301;60;-6.5177;-1.306;MID
2025-12-22;TRUUSDT;301;60;-10.4781;13.6364;SHORT
2025-12-22;TRXUSDT;301;60;2.1824;0.2428;LONG
2025-12-22;TSTUSDT;301;60;32.2191;-2.5282;LONG
2025-12-22;TURBOUSDT;301;60;-12.4903;0.166;SHORT
2025-12-22;TURTLEUSDT;301;60;-2.7721;7.7313;MID
2025-12-22;TUSDT;301;60;-4.4586;-1.1111;MID
2025-12-22;TUTUSDT;301;60;1.9763;4.5736;LONG
2025-12-22;TWTUSDT;301;60;-14.3018;2.5033;SHORT
2025-12-22;UNIUSDT;301;60;18.5382;-0.4487;LONG
2025-12-22;USDCUSDT;301;60;0.0478;0.0746;MID
2025-12-22;USTCUSDT;301;60;6.087;-8.3693;LONG
2025-12-22;USUALUSDT;301;60;-2.64;3.0813;MID
2025-12-22;VANAUSDT;301;60;-3.5332;-4.3655;MID
2025-12-22;VANRYUSDT;301;60;-15.9259;3.2764;SHORT
2025-12-22;VETUSDT;301;60;-1.0073;2.5438;MID
2025-12-22;VIRTUALUSDT;301;60;-1.7031;-4.2823;MID
2025-12-22;VTHOUSDT;301;60;7.935;-17.6698;LONG
2025-12-22;WALUSDT;301;60;-11.5685;-5.939;SHORT
2025-12-22;WCTUSDT;301;60;4.4142;-2.7513;LONG
2025-12-22;WIFUSDT;301;60;-10.0322;-13.7448;SHORT
2025-12-22;WLDUSDT;301;60;-6.4762;-2.1429;MID
2025-12-22;WLFIUSDT;301;60;0.7485;5.4978;MID
2025-12-22;WUSDT;301;60;-3.3978;-2.8882;MID
2025-12-22;XAIUSDT;301;60;-10.2519;2.3499;SHORT
2025-12-22;XLMUSDT;301;60;0.0;-2.0644;MID
2025-12-22;XPLUSDT;301;60;-5.1737;23.3048;MID
2025-12-22;XRPUSDT;301;60;0.3586;-2.8319;MID
2025-12-22;XTZUSDT;301;60;-3.9046;10.8352;MID
2025-12-22;XVGUSDT;301;60;-13.4326;16.242;SHORT
2025-12-22;XVSUSDT;301;60;0.9773;5.9763;MID
2025-12-22;YBUSDT;301;60;-8.9726;6.7416;MID
2025-12-22;YFIUSDT;301;60;1.0947;-2.751;MID
2025-12-22;YGGUSDT;301;60;-2.7213;-1.0452;MID
2025-12-22;ZBTUSDT;301;60;-12.0958;133.9237;SHORT
2025-12-22;ZECUSDT;301;60;4.3914;25.1982;LONG
2025-12-22;ZENUSDT;301;60;-2.4409;18.5784;MID
2025-12-22;ZILUSDT;301;60;-5.5441;3.2609;MID
2025-12-22;ZKCUSDT;301;60;-9.9099;23.5;SHORT
2025-12-22;ZKUSDT;301;60;-2.5138;3.8856;MID
2025-12-22;ZROUSDT;301;60;-9.7403;-5.0283;SHORT
2025-12-22;ZRXUSDT;301;60;-6.0465;14.3564;MID
2025-12-29;0GUSDT;278;55;22.4884;-0.918;LONG
2025-12-29;1000BONKUSDT;278;55;-4.8427;56.2387;SHORT
2025-12-29;1000CHEEMSUSDT;278;55;5.9236;4.8494;LONG
2025-12-29;1000FLOKIUSDT;278;55;-3.0902;47.6786;MID
2025-12-29;1000LUNCUSDT;278;55;-1.2775;16.6408;MID
2025-12-29;1000PEPEUSDT;278;55;1.1765;72.203;MID
2025-12-29;1000SATSUSDT;278;55;-0.6623;19.3333;MID
2025-12-29;1000SHIBUSDT;278;55;-0.0972;28.7264;MID
2025-12-29;1MBABYDOGEUSDT;278;55;6.3626;15.9202;LONG
2025-12-29;2ZUSDT;278;55;4.0;12.2711;MID
2025-12-29;AAVEUSDT;278;55;-0.7442;14.3192;MID
2025-12-29;ACEUSDT;278;55;3.0693;1.875;MID
2025-12-29;ACHUSDT;278;55;0.4057;17.7789;MID
2025-12-29;ACTUSDT;278;55;26.2819;-36.1717;LONG
2025-12-29;ADAUSDT;278;55;-4.9057;19.3027;SHORT
2025-12-29;AEVOUSDT;278;55;3.4502;13.0203;MID
2025-12-29;AGLDUSDT;278;55;2.5407;14.7503;MID
2025-12-29;AIXBTUSDT;278;55;6.2196;38.4037;LONG
2025-12-29;ALGOUSDT;278;55;4.9239;18.8567;LONG
2025-12-29;ALICEUSDT;278;55;-4.0;12.5;SHORT
2025-12-29;ALLOUSDT;278;55;-2.387;6.7249;MID
2025-12-29;ALPINEUSDT;278;55;-5.2293;4.8896;SHORT
2025-12-29;ALTUSDT;278;55;1.4757;15.8255;MID
2025-12-29;ANIMEUSDT;278;55;-12.3701;-6.2484;SHORT
2025-12-29;APEUSDT;278;55;0.8582;14.5646;MID
2025-12-29;APTUSDT;278;55;3.4562;17.133;MID
2025-12-29;ARBUSDT;278;55;1.5467;15.9664;MID
2025-12-29;ARKMUSDT;278;55;-4.0251;22.549;SHORT
2025-12-29;ARUSDT;278;55;1.9355;17.6064;MID
2025-12-29;ASRUSDT;278;55;-9.579;4.3185;SHORT
2025-12-29;ASTERUSDT;278;55;-0.995;12.0316;MID
2025-12-29;ATOMUSDT;278;55;0.77;20.6317;MID
2025-12-29;ATUSDT;278;55;74.6178;-2.1675;LONG
2025-12-29;AUCTIONUSDT;278;55;-0.3436;10.8114;MID
2025-12-29;AVAXUSDT;278;55;-0.3787;16.8392;MID
2025-12-29;AVNTUSDT;278;55;59.5382;-18.102;LONG
2025-12-29;AXLUSDT;278;55;-12.4844;13.2668;SHORT
2025-12-29;BABYUSDT;278;55;-1.1799;8.3582;MID
2025-12-29;BANANAS31USDT;278;55;1.5511;26.4265;MID
2025-12-29;BANANAUSDT;278;55;8.2635;16.0095;LONG
2025-12-29;BANKUSDT;278;55;5.684;-9.1002;LONG
2025-12-29;BARDUSDT;278;55;-2.0093;7.1643;MID
2025-12-29;BATUSDT;278;55;-1.8001;9.889;MID
2025-12-29;BBUSDT;278;55;-7.471;25.3653;SHORT
2025-12-29;BCHUSDT;278;55;1.4848;7.7161;MID
2025-12-29;BEAMXUSDT;278;55;2.6633;15.9559;MID
2025-12-29;BELUSDT;278;55;2.3256;13.0878;MID
2025-12-29;BERAUSDT;278;55;2.8211;5.8586;MID
2025-12-29;BIGTIMEUSDT;278;55;6.3004;5.5477;LONG
2025-12-29;BIOUSDT;278;55;4.4028;17.9453;MID
2025-12-29;BNBUSDT;278;55;-0.7298;6.8066;MID
2025-12-29;BOMEUSDT;278;55;-5.1013;45.3213;SHORT
2025-12-29;BROCCOLI714USDT;278;55;3.0151;116.2602;MID
2025-12-29;BTCUSDT;278;55;-1.5559;7.5904;MID
2025-12-29;C98USDT;278;55;3.211;9.7778;MID
2025-12-29;CAKEUSDT;278;55;-1.1662;13.1323;MID
2025-12-29;CELOUSDT;278;55;-1.6949;13.7931;MID
2025-12-29;CETUSUSDT;278;55;-2.7386;27.8487;MID
2025-12-29;CFXUSDT;278;55;-1.8428;15.6166;MID
2025-12-29;CHZUSDT;278;55;2.723;23.1269;MID
2025-12-29;COMPUSDT;278;55;4.84;5.5556;LONG
2025-12-29;COWUSDT;278;55;3.1523;13.9633;MID
2025-12-29;CRVUSDT;278;55;2.381;12.1447;MID
2025-12-29;CTKUSDT;278;55;-0.9912;13.0535;MID
2025-12-29;CUSDT;278;55;3.5114;11.6082;MID
2025-12-29;CVCUSDT;278;55;1.5671;9.2334;MID
2025-12-29;CVXUSDT;278;55;-3.6773;22.2792;SHORT
2025-12-29;CYBERUSDT;278;55;2.0196;12.1465;MID
2025-12-29;DASHUSDT;278;55;10.4797;4.0113;LONG
2025-12-29;DEXEUSDT;278;55;2.9084;13.7036;MID
2025-12-29;DOGEUSDT;278;55;-7.3138;23.4935;SHORT
2025-12-29;DOGSUSDT;278;55;-3.3898;22.0551;MID
2025-12-29;DOLOUSDT;278;55;42.0433;9.0522;LONG
2025-12-29;DOTUSDT;278;55;2.2434;21.0093;MID
2025-12-29;DUSDT;278;55;9.1867;-6.9655;LONG
2025-12-29;DYDXUSDT;278;55;4.375;21.5569;MID
2025-12-29;DYMUSDT;278;55;0.7754;10.3804;MID
2025-12-29;EDENUSDT;278;55;5.6921;5.2955;LONG
2025-12-29;EDUUSDT;278;55;4.0466;7.5808;MID
2025-12-29;EGLDUSDT;278;55;-7.8685;11.8162;SHORT
2025-12-29;EIGENUSDT;278;55;-3.9959;20.8911;SHORT
2025-12-29;ENAUSDT;278;55;1.7892;19.9525;MID
2025-12-29;ENSOUSDT;278;55;15.1166;-6.9605;LONG
2025-12-29;ENSUSDT;278;55;0.0521;14.2441;MID
2025-12-29;EPICUSDT;278;55;-3.9268;13.7878;SHORT
2025-12-29;ERAUSDT;278;55;0.7224;8.248;MID
2025-12-29;ETCUSDT;278;55;-2.8052;11.5446;MID
2025-12-29;ETHFIUSDT;278;55;-4.5285;15.6223;SHORT
2025-12-29;ETHUSDT;278;55;-2.3946;9.7826;MID
2025-12-29;EULUSDT;278;55;-2.7607;14.7564;MID
2025-12-29;FETUSDT;278;55;0.481;38.6788;MID
2025-12-29;FFUSDT;278;55;-8.342;10.4935;SHORT
2025-12-29;FILUSDT;278;55;1.4638;18.9825;MID
2025-12-29;FIOUSDT;278;55;0.5115;1.5267;MID
2025-12-29;FORMUSDT;278;55;-3.5404;19.1913;SHORT
2025-12-29;FTTUSDT;278;55;0.0;0.0;MID
2025-12-29;FUNUSDT;278;55;3.0393;17.004;MID
2025-12-29;FUSDT;278;55;-1.2063;0.8643;MID
2025-12-29;GALAUSDT;278;55;-3.2258;25.5;MID
2025-12-29;GASUSDT;278;55;12.3161;2.6201;LONG
2025-12-29;GIGGLEUSDT;278;55;1.8362;6.9216;MID
2025-12-29;GLMRUSDT;278;55;0.0;0.0;MID
2025-12-29;GLMUSDT;278;55;-1.9615;24.3241;MID
2025-12-29;GMTUSDT;278;55;15.2355;-0.0601;LONG
2025-12-29;GPSUSDT;278;55;1.6438;21.7085;MID
2025-12-29;GRTUSDT;278;55;-6.3194;17.5275;SHORT
2025-12-29;GUNUSDT;278;55;-7.363;34.4732;SHORT
2025-12-29;GUSDT;278;55;0.612;7.3891;MID
2025-12-29;HBARUSDT;278;55;-1.1483;16.6977;MID
2025-12-29;HEMIUSDT;278;55;5.2318;14.6633;LONG
2025-12-29;HIGHUSDT;278;55;4.4204;10.207;MID
2025-12-29;HIVEUSDT;278;55;9.5998;-2.4149;LONG
2025-12-29;HMSTRUSDT;278;55;-0.803;18.5238;MID
2025-12-29;HOLOUSDT;278;55;0.1936;18.7398;MID
2025-12-29;HOMEUSDT;278;55;-14.1066;43.9102;SHORT
2025-12-29;HUMAUSDT;278;55;-24.4815;18.0828;SHORT
2025-12-29;HYPERUSDT;278;55;0.2467;7.219;MID
2025-12-29;ICPUSDT;278;55;-5.0346;17.8794;SHORT
2025-12-29;IDEXUSDT;278;55;0.0;0.0;MID
2025-12-29;IDUSDT;278;55;7.5416;5.7984;LONG
2025-12-29;INITUSDT;278;55;6.4133;9.0402;LONG
2025-12-29;INJUSDT;278;55;-2.2961;18.2956;MID
2025-12-29;IOSTUSDT;278;55;-0.6139;16.2446;MID
2025-12-29;IOTAUSDT;278;55;-3.4965;28.8647;SHORT
2025-12-29;IOUSDT;278;55;3.739;18.6107;MID
2025-12-29;JASMYUSDT;278;55;-7.9522;27.608;SHORT
2025-12-29;JSTUSDT;278;55;-1.1845;5.6073;MID
2025-12-29;JTOUSDT;278;55;8.1089;26.7584;LONG
2025-12-29;JUPUSDT;278;55;-2.0323;18.7766;MID
2025-12-29;KAITOUSDT;278;55;8.477;2.7711;LONG
2025-12-29;KITEUSDT;278;55;2.1304;0.9898;MID
2025-12-29;KMNOUSDT;278;55;8.4127;13.089;LONG
2025-12-29;LAUSDT;278;55;-8.2222;16.4303;SHORT
2025-12-29;LAYERUSDT;278;55;4.1692;6.5333;MID
2025-12-29;LDOUSDT;278;55;6.5801;13.0852;LONG
2025-12-29;LINEAUSDT;278;55;0.279;14.0362;MID
2025-12-29;LINKUSDT;278;55;-2.2496;13.0926;MID
2025-12-29;LRCUSDT;278;55;-7.9762;6.8088;SHORT
2025-12-29;LTCUSDT;278;55;1.6751;6.539;MID
2025-12-29;LUMIAUSDT;278;55;21.0736;2.2167;LONG
2025-12-29;MAGICUSDT;278;55;1.9523;7.0213;MID
2025-12-29;MANAUSDT;278;55;-1.546;18.4298;MID
2025-12-29;MANTAUSDT;278;55;2.0242;17.1548;MID
2025-12-29;MASKUSDT;278;55;3.8395;13.0746;MID
2025-12-29;MAVUSDT;278;55;-0.0758;7.0968;MID
2025-12-29;MEMEUSDT;278;55;1.6895;28.0374;MID
2025-12-29;METISUSDT;278;55;-6.1913;8.1713;SHORT
2025-12-29;METUSDT;278;55;3.3781;15.0;MID
2025-12-29;MEUSDT;278;55;-1.8859;12.2228;MID
2025-12-29;MINAUSDT;278;55;2.3468;17.0701;MID
2025-12-29;MIRAUSDT;278;55;11.6315;5.5245;LONG
2025-12-29;MITOUSDT;278;55;-7.8982;9.917;SHORT
2025-12-29;MMTUSDT;278;55;7.7692;5.1433;LONG
2025-12-29;MORPHOUSDT;278;55;-3.3848;4.4565;MID
2025-12-29;MOVEUSDT;278;55;7.4563;9.8515;LONG
2025-12-29;MOVRUSDT;278;55;-2.522;12.0329;MID
2025-12-29;MUBARAKUSDT;278;55;-4.4048;25.467;SHORT
2025-12-29;NEARUSDT;278;55;1.1968;16.3601;MID
2025-12-29;NEIROUSDT;278;55;0.661;37.4296;MID
2025-12-29;NEOUSDT;278;55;4.1446;6.9712;MID
2025-12-29;NEWTUSDT;278;55;-3.4171;9.4693;MID
2025-12-29;NILUSDT;278;55;-6.0606;1.0131;SHORT
2025-12-29;NMRUSDT;278;55;0.9521;11.5503;MID
2025-12-29;NOMUSDT;278;55;11.7929;8.434;LONG
2025-12-29;NOTUSDT;278;55;0.7555;21.2267;MID
2025-12-29;NTRNUSDT;278;55;15.5574;4.4523;LONG
2025-12-29;OGUSDT;278;55;-2.7368;-62.4236;MID
2025-12-29;ONDOUSDT;278;55;-4.2694;20.6796;SHORT
2025-12-29;ONTUSDT;278;55;38.4899;-13.6968;LONG
2025-12-29;OPENUSDT;278;55;-3.6971;10.5263;SHORT
2025-12-29;OPUSDT;278;55;-0.9934;22.3337;MID
2025-12-29;ORCAUSDT;278;55;-3.4121;10.779;MID
2025-12-29;ORDIUSDT;278;55;4.1677;17.1505;MID
2025-12-29;PARTIUSDT;278;55;6.9358;3.9159;LONG
2025-12-29;PAXGUSDT;278;55;-2.6643;1.8672;MID
2025-12-29;PENDLEUSDT;278;55;2.1645;25.4559;MID
2025-12-29;PENGUUSDT;278;55;-2.4767;47.0053;MID
2025-12-29;PEOPLEUSDT;278;55;-0.8502;24.5445;MID
2025-12-29;PHAUSDT;278;55;3.3698;13.7921;MID
2025-12-29;PIXELUSDT;278;55;1.9206;20.603;MID
2025-12-29;PLUMEUSDT;278;55;-1.3849;8.543;MID
2025-12-29;PNUTUSDT;278;55;-3.4348;36.2493;MID
2025-12-29;POLUSDT;278;55;-3.9248;20.4066;SHORT
2025-12-29;POLYXUSDT;278;55;-11.841;19.8093;SHORT
2025-12-29;PORTALUSDT;278;55;-13.9367;1.0237;SHORT
2025-12-29;PROMUSDT;278;55;17.4972;-4.8389;LONG
2025-12-29;PROVEUSDT;278;55;9.6086;11.3519;LONG
2025-12-29;PUMPUSDT;278;55;-5.4916;38.5722;SHORT
2025-12-29;PYTHUSDT;278;55;-0.6274;20.1706;MID
2025-12-29;QNTUSDT;278;55;-5.7818;12.089;SHORT
2025-12-29;QTUMUSDT;278;55;1.9716;11.9876;MID
2025-12-29;RAREUSDT;278;55;1.1042;9.924;MID
2025-12-29;RAYUSDT;278;55;0.0;0.0;MID
2025-12-29;REDUSDT;278;55;1.9783;10.2079;MID
2025-12-29;RENDERUSDT;278;55;0.5443;70.5336;MID
2025-12-29;RESOLVUSDT;278;55;1.4437;9.9078;MID
2025-12-29;REZUSDT;278;55;-0.4852;27.4379;MID
2025-12-29;RONINUSDT;278;55;-9.2189;14.186;SHORT
2025-12-29;ROSEUSDT;278;55;6.1896;15.0273;LONG
2025-12-29;RSRUSDT;278;55;-0.8706;16.3673;MID
2025-12-29;SAGAUSDT;278;55;-2.7888;14.4856;MID
2025-12-29;SAHARAUSDT;278;55;-3.3108;11.9844;MID
2025-12-29;SANDUSDT;278;55;-1.4064;11.0416;MID
2025-12-29;SANTOSUSDT;278;55;-4.3453;12.9109;SHORT
2025-12-29;SAPIENUSDT;278;55;4.5435;25.6515;MID
2025-12-29;SCRUSDT;278;55;4.3813;9.4274;MID
2025-12-29;SEIUSDT;278;55;0.4425;14.185;MID
2025-12-29;SHELLUSDT;278;55;11.3238;12.4847;LONG
2025-12-29;SIGNUSDT;278;55;1.3655;4.2789;MID
2025-12-29;SKLUSDT;278;55;-4.2969;15.4082;SHORT
2025-12-29;SKYUSDT;278;55;-7.7673;4.1944;SHORT
2025-12-29;SNXUSDT;278;55;-1.182;16.9856;MID
2025-12-29;SOLUSDT;278;55;-2.1292;11.8922;MID
2025-12-29;SOLVUSDT;278;55;-0.4112;-5.5058;MID
2025-12-29;SOMIUSDT;278;55;1.7136;7.7818;MID
2025-12-29;SOPHUSDT;278;55;-12.7026;7.4276;SHORT
2025-12-29;SPKUSDT;278;55;6.7018;4.8452;LONG
2025-12-29;SSVUSDT;278;55;-0.5472;16.6885;MID
2025-12-29;STGUSDT;278;55;-5.4126;15.1032;SHORT
2025-12-29;STORJUSDT;278;55;23.3878;2.0906;LONG
2025-12-29;STOUSDT;278;55;-27.8378;-0.7853;SHORT
2025-12-29;STRAXUSDT;278;55;0.0;0.0;MID
2025-12-29;STRKUSDT;278;55;1.7789;12.9838;MID
2025-12-29;STXUSDT;278;55;2.8249;47.135;MID
2025-12-29;SUIUSDT;278;55;-1.5461;31.9714;MID
2025-12-29;SUPERUSDT;278;55;-6.6994;12.0153;SHORT
2025-12-29;SUSDT;278;55;1.4113;29.5731;MID
2025-12-29;SUSHIUSDT;278;55;-0.2371;17.725;MID
2025-12-29;SXTUSDT;278;55;-2.0842;12.4028;MID
2025-12-29;SYRUPUSDT;278;55;-4.8717;18.7648;SHORT
2025-12-29;TAOUSDT;278;55;-1.6647;22.2456;MID
2025-12-29;THETAUSDT;278;55;-4.0244;20.3669;SHORT
2025-12-29;THEUSDT;278;55;2.4865;9.8629;MID
2025-12-29;TIAUSDT;278;55;1.2469;29.338;MID
2025-12-29;TLMUSDT;278;55;-1.1622;29.8383;MID
2025-12-29;TNSRUSDT;278;55;-3.9023;0.4443;SHORT
2025-12-29;TONUSDT;278;55;7.0099;20.7162;LONG
2025-12-29;TOWNSUSDT;278;55;14.902;1.2046;LONG
2025-12-29;TRBUSDT;278;55;3.8432;13.5066;MID
2025-12-29;TREEUSDT;278;55;2.6897;6.4546;MID
2025-12-29;TRUMPUSDT;278;55;-1.306;14.3119;MID
2025-12-29;TRXUSDT;278;55;0.2428;2.45;MID
2025-12-29;TSTUSDT;278;55;-2.5282;-3.6976;MID
2025-12-29;TURBOUSDT;278;55;0.166;27.4158;MID
2025-12-29;TURTLEUSDT;278;55;7.7313;4.3838;LONG
2025-12-29;TUSDT;278;55;-1.1111;4.6067;MID
2025-12-29;TUTUSDT;278;55;4.5736;32.4685;LONG
2025-12-29;TWTUSDT;278;55;2.5033;8.5475;MID
2025-12-29;UNIUSDT;278;55;-0.4487;2.8381;MID
2025-12-29;USDCUSDT;278;55;0.0746;-0.111;MID
2025-12-29;USTCUSDT;278;55;-8.3693;9.3377;SHORT
2025-12-29;USUALUSDT;278;55;3.0813;11.7577;MID
2025-12-29;VANAUSDT;278;55;-4.3655;-4.4101;SHORT
2025-12-29;VANRYUSDT;278;55;3.2764;14.9827;MID
2025-12-29;VETUSDT;278;55;2.5438;15.5825;MID
2025-12-29;VIRTUALUSDT;278;55;-4.2823;60.6475;SHORT
2025-12-29;WALUSDT;278;55;-5.939;25.4266;SHORT
2025-12-29;WCTUSDT;278;55;-2.7513;15.305;MID
2025-12-29;WIFUSDT;278;55;-13.7448;41.3412;SHORT
2025-12-29;WLDUSDT;278;55;-2.1429;29.0146;MID
2025-12-29;WLFIUSDT;278;55;5.4978;22.1831;LONG
2025-12-29;WUSDT;278;55;-2.8882;16.225;MID
2025-12-29;XAIUSDT;278;55;2.3499;14.5408;MID
2025-12-29;XLMUSDT;278;55;-2.0644;16.9886;MID
2025-12-29;XPLUSDT;278;55;23.3048;19.8483;LONG
2025-12-29;XRPUSDT;278;55;-2.8319;26.9114;MID
2025-12-29;XTZUSDT;278;55;10.8352;13.6456;LONG
2025-12-29;XVGUSDT;278;55;16.242;8.9289;LONG
2025-12-29;XVSUSDT;278;55;5.9763;6.895;LONG
2025-12-29;YGGUSDT;278;55;-1.0452;13.9484;MID
2025-12-29;ZBTUSDT;278;55;133.9237;-21.8987;LONG
2025-12-29;ZECUSDT;278;55;25.1982;-6.8551;LONG
2025-12-29;ZENUSDT;278;55;18.5784;0.3138;LONG
2025-12-29;ZILUSDT;278;55;3.2609;11.5789;MID
2025-12-29;ZKCUSDT;278;55;23.5;-0.1619;LONG
2025-12-29;ZKUSDT;278;55;3.8856;16.287;MID
2025-12-29;ZROUSDT;278;55;-5.0283;14.4411;SHORT
2025-12-29;ZRXUSDT;278;55;14.3564;7.9365;LONG
2026-01-05;0GUSDT;278;55;-0.918;-14.9748;SHORT
2026-01-05;1000BONKUSDT;278;55;56.2387;-15.6333;LONG
2026-01-05;1000CHEEMSUSDT;278;55;4.8494;-6.7701;SHORT
2026-01-05;1000FLOKIUSDT;278;55;47.6786;-12.852;LONG
2026-01-05;1000LUNCUSDT;278;55;16.6408;-6.1238;MID
2026-01-05;1000PEPEUSDT;278;55;72.203;-18.2021;LONG
2026-01-05;1000SATSUSDT;278;55;19.3333;-10.6145;MID
2026-01-05;1000SHIBUSDT;278;55;28.7264;-9.5809;LONG
2026-01-05;1MBABYDOGEUSDT;278;55;15.9202;-8.0956;MID
2026-01-05;2ZUSDT;278;55;12.2711;-10.2696;MID
2026-01-05;AAVEUSDT;278;55;14.3192;-3.4432;MID
2026-01-05;ACEUSDT;278;55;1.875;6.2793;SHORT
2026-01-05;ACHUSDT;278;55;17.7789;13.1031;MID
2026-01-05;ACTUSDT;278;55;-36.1717;-10.9415;SHORT
2026-01-05;ADAUSDT;278;55;19.3027;-8.3155;MID
2026-01-05;AEVOUSDT;278;55;13.0203;-6.8225;MID
2026-01-05;AGLDUSDT;278;55;14.7503;-6.9838;MID
2026-01-05;AIXBTUSDT;278;55;38.4037;-15.6937;LONG
2026-01-05;ALGOUSDT;278;55;18.8567;-7.4659;MID
2026-01-05;ALICEUSDT;278;55;12.5;-10.0529;MID
2026-01-05;ALLOUSDT;278;55;6.7249;-13.9935;MID
2026-01-05;ALPINEUSDT;278;55;4.8896;-4.5484;SHORT
2026-01-05;ALTUSDT;278;55;15.8255;-7.6071;MID
2026-01-05;ANIMEUSDT;278;55;-6.2484;1.809;SHORT
2026-01-05;APEUSDT;278;55;14.5646;-11.2276;MID
2026-01-05;APTUSDT;278;55;17.133;-10.1095;MID
2026-01-05;ARBUSDT;278;55;15.9664;-9.1486;MID
2026-01-05;ARKMUSDT;278;55;22.549;-13.2889;LONG
2026-01-05;ARUSDT;278;55;17.6064;-10.2495;MID
2026-01-05;ASRUSDT;278;55;4.3185;2.9107;SHORT
2026-01-05;ASTERUSDT;278;55;12.0316;-12.2004;MID
2026-01-05;ATOMUSDT;278;55;20.6317;4.9409;MID
2026-01-05;ATUSDT;278;55;-2.1675;1.8213;SHORT
2026-01-05;AUCTIONUSDT;278;55;10.8114;-2.8739;MID
2026-01-05;AVAXUSDT;278;55;16.8392;-6.5001;MID
2026-01-05;AVNTUSDT;278;55;-18.102;-8.7486;SHORT
2026-01-05;AXLUSDT;278;55;13.2668;-11.0831;MID
2026-01-05;BABYUSDT;278;55;8.3582;-1.3774;MID
2026-01-05;BANANAS31USDT;278;55;26.4265;-15.7511;LONG
2026-01-05;BANANAUSDT;278;55;16.0095;-8.08;MID
2026-01-05;BANKUSDT;278;55;-9.1002;5.9843;SHORT
2026-01-05;BARDUSDT;278;55;7.1643;-8.0387;MID
2026-01-05;BATUSDT;278;55;9.889;-15.6716;MID
2026-01-05;BBUSDT;278;55;25.3653;-5.3945;LONG
2026-01-05;BCHUSDT;278;55;7.7161;-3.6918;MID
2026-01-05;BEAMXUSDT;278;55;15.9559;-8.9488;MID
2026-01-05;BELUSDT;278;55;13.0878;-4.5738;MID
2026-01-05;BERAUSDT;278;55;5.8586;-14.9718;MID
2026-01-05;BIGTIMEUSDT;278;55;5.5477;-4.717;MID
2026-01-05;BIOUSDT;278;55;17.9453;-20.9585;MID
2026-01-05;BNBUSDT;278;55;6.8066;-0.5028;MID
2026-01-05;BOMEUSDT;278;55;45.3213;-16.5276;LONG
2026-01-05;BROCCOLI714USDT;278;55;116.2602;-4.3233;LONG
2026-01-05;BTCUSDT;278;55;7.5904;-2.739;MID
2026-01-05;C98USDT;278;55;9.7778;-4.8583;MID
2026-01-05;CAKEUSDT;278;55;13.1323;-6.1613;MID
2026-01-05;CELOUSDT;278;55;13.7931;-7.5758;MID
2026-01-05;CETUSUSDT;278;55;27.8487;-9.0502;LONG
2026-01-05;CFXUSDT;278;55;15.6166;-8.0699;MID
2026-01-05;CHZUSDT;278;55;23.1269;10.7206;LONG
2026-01-05;COMPUSDT;278;55;5.5556;-3.5582;MID
2026-01-05;COWUSDT;278;55;13.9633;-7.1782;MID
2026-01-05;CRVUSDT;278;55;12.1447;-9.9078;MID
2026-01-05;CTKUSDT;278;55;13.0535;-8.9918;MID
2026-01-05;CUSDT;278;55;11.6082;-19.8728;MID
2026-01-05;CVCUSDT;278;55;9.2334;0.1986;MID
2026-01-05;CVXUSDT;278;55;22.2792;-9.7856;LONG
2026-01-05;CYBERUSDT;278;55;12.1465;-7.3383;MID
2026-01-05;DASHUSDT;278;55;4.0113;-10.5944;SHORT
2026-01-05;DEXEUSDT;278;55;13.7036;-0.6647;MID
2026-01-05;DOGEUSDT;278;55;23.4935;-9.9703;LONG
2026-01-05;DOGSUSDT;278;55;22.0551;-12.115;LONG
2026-01-05;DOLOUSDT;278;55;9.0522;45.3668;MID
2026-01-05;DOTUSDT;278;55;21.0093;-6.981;LONG
2026-01-05;DUSDT;278;55;-6.9655;-7.2646;SHORT
2026-01-05;DYDXUSDT;278;55;21.5569;-4.4335;LONG
2026-01-05;DYMUSDT;278;55;10.3804;-12.5608;MID
2026-01-05;EDENUSDT;278;55;5.2955;-2.4505;MID
2026-01-05;EDUUSDT;278;55;7.5808;2.5123;MID
2026-01-05;EGLDUSDT;278;55;11.8162;-8.8804;MID
2026-01-05;EIGENUSDT;278;55;20.8911;-11.94;LONG
2026-01-05;ENAUSDT;278;55;19.9525;-15.3663;MID
2026-01-05;ENSOUSDT;278;55;-6.9605;-7.5661;SHORT
2026-01-05;ENSUSDT;278;55;14.2441;-8.1024;MID
2026-01-05;EPICUSDT;278;55;13.7878;-25.9442;MID
2026-01-05;ERAUSDT;278;55;8.248;1.4671;MID
2026-01-05;ETCUSDT;278;55;11.5446;-7.8526;MID
2026-01-05;ETHFIUSDT;278;55;15.6223;-9.4217;MID
2026-01-05;ETHUSDT;278;55;9.7826;-4.0286;MID
2026-01-05;EULUSDT;278;55;14.7564;-17.8375;MID
2026-01-05;FETUSDT;278;55;38.6788;-3.1067;LONG
2026-01-05;FFUSDT;278;55;10.4935;-12.6114;MID
2026-01-05;FILUSDT;278;55;18.9825;-6.8283;MID
2026-01-05;FIOUSDT;278;55;1.5267;-5.0125;SHORT
2026-01-05;FORMUSDT;278;55;19.1913;-4.2797;MID
2026-01-05;FTTUSDT;278;55;0.0;0.0;SHORT
2026-01-05;FUNUSDT;278;55;17.004;-7.217;MID
2026-01-05;FUSDT;278;55;0.8643;-7.9298;SHORT
2026-01-05;GALAUSDT;278;55;25.5;-8.6321;LONG
2026-01-05;GASUSDT;278;55;2.6201;-3.9243;SHORT
2026-01-05;GIGGLEUSDT;278;55;6.9216;-18.3191;MID
2026-01-05;GLMRUSDT;278;55;0.0;0.0;SHORT
2026-01-05;GLMUSDT;278;55;24.3241;25.9866;LONG
2026-01-05;GMTUSDT;278;55;-0.0601;13.5899;SHORT
2026-01-05;GPSUSDT;278;55;21.7085;-1.2777;LONG
2026-01-05;GRTUSDT;278;55;17.5275;-2.4496;MID
2026-01-05;GUNUSDT;278;55;34.4732;43.2302;LONG
2026-01-05;GUSDT;278;55;7.3891;-3.6501;MID
2026-01-05;HBARUSDT;278;55;16.6977;-12.6292;MID
2026-01-05;HEMIUSDT;278;55;14.6633;-12.0746;MID
2026-01-05;HIGHUSDT;278;55;10.207;-8.4934;MID
2026-01-05;HIVEUSDT;278;55;-2.4149;1.915;SHORT
2026-01-05;HMSTRUSDT;278;55;18.5238;-6.2676;MID
2026-01-05;HOLOUSDT;278;55;18.7398;-7.0213;MID
2026-01-05;HOMEUSDT;278;55;43.9102;15.8911;LONG
2026-01-05;HUMAUSDT;278;55;18.0828;-13.2606;MID
2026-01-05;HYPERUSDT;278;55;7.219;7.1155;MID
2026-01-05;ICPUSDT;278;55;17.8794;-8.5538;MID
2026-01-05;IDEXUSDT;278;55;0.0;0.0;SHORT
2026-01-05;IDUSDT;278;55;5.7984;8.5079;MID
2026-01-05;INITUSDT;278;55;9.0402;-16.172;MID
2026-01-05;INJUSDT;278;55;18.2956;-6.7768;MID
2026-01-05;IOSTUSDT;278;55;16.2446;-13.7088;MID
2026-01-05;IOTAUSDT;278;55;28.8647;-11.059;LONG
2026-01-05;IOUSDT;278;55;18.6107;-15.7459;MID
2026-01-05;JASMYUSDT;278;55;27.608;14.4635;LONG
2026-01-05;JSTUSDT;278;55;5.6073;-2.9722;MID
2026-01-05;JTOUSDT;278;55;26.7584;-12.9197;LONG
2026-01-05;JUPUSDT;278;55;18.7766;-7.3892;MID
2026-01-05;KAITOUSDT;278;55;2.7711;15.1177;SHORT
2026-01-05;KITEUSDT;278;55;0.9898;-4.9636;SHORT
2026-01-05;KMNOUSDT;278;55;13.089;-4.7288;MID
2026-01-05;LAUSDT;278;55;16.4303;-12.5668;MID
2026-01-05;LAYERUSDT;278;55;6.5333;-10.3315;MID
2026-01-05;LDOUSDT;278;55;13.0852;-7.8405;MID
2026-01-05;LINEAUSDT;278;55;14.0362;-13.3252;MID
2026-01-05;LINKUSDT;278;55;13.0926;-6.0329;MID
2026-01-05;LRCUSDT;278;55;6.8088;-7.1808;MID
2026-01-05;LTCUSDT;278;55;6.539;-8.8108;MID
2026-01-05;LUMIAUSDT;278;55;2.2167;15.3414;SHORT
2026-01-05;MAGICUSDT;278;55;7.0213;-3.2803;MID
2026-01-05;MANAUSDT;278;55;18.4298;-6.2107;MID
2026-01-05;MANTAUSDT;278;55;17.1548;-12.6728;MID
2026-01-05;MASKUSDT;278;55;13.0746;-5.9361;MID
2026-01-05;MAVUSDT;278;55;7.0968;-8.3983;MID
2026-01-05;MEMEUSDT;278;55;28.0374;-10.3001;LONG
2026-01-05;METISUSDT;278;55;8.1713;-7.3724;MID
2026-01-05;METUSDT;278;55;15.0;-12.5642;MID
2026-01-05;MEUSDT;278;55;12.2228;-11.3746;MID
2026-01-05;MINAUSDT;278;55;17.0701;-10.8814;MID
2026-01-05;MIRAUSDT;278;55;5.5245;-8.6812;MID
2026-01-05;MITOUSDT;278;55;9.917;0.7555;MID
2026-01-05;MMTUSDT;278;55;5.1433;0.0802;SHORT
2026-01-05;MORPHOUSDT;278;55;4.4565;5.7707;SHORT
2026-01-05;MOVEUSDT;278;55;9.8515;-12.8672;MID
2026-01-05;MOVRUSDT;278;55;12.0329;-5.3886;MID
2026-01-05;MUBARAKUSDT;278;55;25.467;5.8065;LONG
2026-01-05;NEARUSDT;278;55;16.3601;-5.5901;MID
2026-01-05;NEIROUSDT;278;55;37.4296;-12.2867;LONG
2026-01-05;NEOUSDT;278;55;6.9712;-7.4657;MID
2026-01-05;NEWTUSDT;278;55;9.4693;-3.5171;MID
2026-01-05;NILUSDT;278;55;1.0131;-6.8884;SHORT
2026-01-05;NMRUSDT;278;55;11.5503;-7.134;MID
2026-01-05;NOMUSDT;278;55;8.434;-9.2524;MID
2026-01-05;NOTUSDT;278;55;21.2267;-9.088;LONG
2026-01-05;NTRNUSDT;278;55;4.4523;-6.6306;SHORT
2026-01-05;OGUSDT;278;55;-62.4236;-4.4573;SHORT
2026-01-05;ONDOUSDT;278;55;20.6796;-14.9582;MID
2026-01-05;ONTUSDT;278;55;-13.6968;-4.3143;SHORT
2026-01-05;OPENUSDT;278;55;10.5263;-9.0196;MID
2026-01-05;OPUSDT;278;55;22.3337;-6.1968;LONG
2026-01-05;ORCAUSDT;278;55;10.779;-5.5601;MID
2026-01-05;ORDIUSDT;278;55;17.1505;-11.8909;MID
2026-01-05;PARTIUSDT;278;55;3.9159;-16.3234;SHORT
2026-01-05;PAXGUSDT;278;55;1.8672;3.787;SHORT
2026-01-05;PENDLEUSDT;278;55;25.4559;-9.6409;LONG
2026-01-05;PENGUUSDT;278;55;47.0053;-9.9373;LONG
2026-01-05;PEOPLEUSDT;278;55;24.5445;-14.6299;LONG
2026-01-05;PHAUSDT;278;55;13.7921;-7.1499;MID
2026-01-05;PIXELUSDT;278;55;20.603;-10.2083;MID
2026-01-05;PLUMEUSDT;278;55;8.543;-10.0809;MID
2026-01-05;PNUTUSDT;278;55;36.2493;-13.5626;LONG
2026-01-05;POLUSDT;278;55;20.4066;20.669;MID
2026-01-05;POLYXUSDT;278;55;19.8093;5.257;MID
2026-01-05;PORTALUSDT;278;55;1.0237;-5.5735;SHORT
2026-01-05;PROMUSDT;278;55;-4.8389;2.5117;SHORT
2026-01-05;PROVEUSDT;278;55;11.3519;-4.069;MID
2026-01-05;PUMPUSDT;278;55;38.5722;-2.7157;LONG
2026-01-05;PYTHUSDT;278;55;20.1706;-8.5345;MID
2026-01-05;QNTUSDT;278;55;12.089;-8.4208;MID
2026-01-05;QTUMUSDT;278;55;11.9876;-4.2818;MID
2026-01-05;RAREUSDT;278;55;9.924;-1.7279;MID
2026-01-05;RAYUSDT;278;55;0.0;0.0;SHORT
2026-01-05;REDUSDT;278;55;10.2079;6.4124;MID
2026-01-05;RENDERUSDT;278;55;70.5336;7.483;LONG
2026-01-05;RESOLVUSDT;278;55;9.9078;-9.175;MID
2026-01-05;REZUSDT;278;55;27.4379;-3.4609;LONG
2026-01-05;RONINUSDT;278;55;14.186;-10.9301;MID
2026-01-05;ROSEUSDT;278;55;15.0273;-5.7007;MID
2026-01-05;RSRUSDT;278;55;16.3673;-9.434;MID
2026-01-05;SAGAUSDT;278;55;14.4856;-12.8848;MID
2026-01-05;SAHARAUSDT;278;55;11.9844;-8.2349;MID
2026-01-05;SANDUSDT;278;55;11.0416;-9.8485;MID
2026-01-05;SANTOSUSDT;278;55;12.9109;5.5585;MID
2026-01-05;SAPIENUSDT;278;55;25.6515;-11.5252;LONG
2026-01-05;SCRUSDT;278;55;9.4274;-6.4461;MID
2026-01-05;SEIUSDT;278;55;14.185;-8.642;MID
2026-01-05;SHELLUSDT;278;55;12.4847;-18.0859;MID
2026-01-05;SIGNUSDT;278;55;4.2789;5.8764;SHORT
2026-01-05;SKLUSDT;278;55;15.4082;-10.5217;MID
2026-01-05;SKYUSDT;278;55;4.1944;-13.0754;SHORT
2026-01-05;SNXUSDT;278;55;16.9856;-6.544;MID
2026-01-05;SOLUSDT;278;55;11.8922;0.9359;MID
2026-01-05;SOLVUSDT;278;55;-5.5058;-10.051;SHORT
2026-01-05;SOMIUSDT;278;55;7.7818;-8.1131;MID
2026-01-05;SOPHUSDT;278;55;7.4276;-8.6425;MID
2026-01-05;SPKUSDT;278;55;4.8452;0.4279;SHORT
2026-01-05;SSVUSDT;278;55;16.6885;-16.1203;MID
2026-01-05;STGUSDT;278;55;15.1032;2.6895;MID
2026-01-05;STORJUSDT;278;55;2.0906;-6.4164;SHORT
2026-01-05;STOUSDT;278;55;-0.7853;-7.3708;SHORT
2026-01-05;STRAXUSDT;278;55;0.0;0.0;SHORT
2026-01-05;STRKUSDT;278;55;12.9838;-10.7182;MID
2026-01-05;STXUSDT;278;55;47.135;0.5868;LONG
2026-01-05;SUIUSDT;278;55;31.9714;-7.261;LONG
2026-01-05;SUPERUSDT;278;55;12.0153;-11.1966;MID
2026-01-05;SUSDT;278;55;29.5731;-15.615;LONG
2026-01-05;SUSHIUSDT;278;55;17.725;-9.3741;MID
2026-01-05;SXTUSDT;278;55;12.4028;-6.992;MID
2026-01-05;SYRUPUSDT;278;55;18.7648;3.76;MID
2026-01-05;TAOUSDT;278;55;22.2456;5.0528;LONG
2026-01-05;THETAUSDT;278;55;20.3669;-10.2955;MID
2026-01-05;THEUSDT;278;55;9.8629;19.011;MID
2026-01-05;TIAUSDT;278;55;29.338;-9.9983;LONG
2026-01-05;TLMUSDT;278;55;29.8383;-12.0755;LONG
2026-01-05;TNSRUSDT;278;55;0.4443;-16.0482;SHORT
2026-01-05;TONUSDT;278;55;20.7162;-8.7679;LONG
2026-01-05;TOWNSUSDT;278;55;1.2046;-6.678;SHORT
2026-01-05;TRBUSDT;278;55;13.5066;-8.1977;MID
2026-01-05;TREEUSDT;278;55;6.4546;-8.8752;MID
2026-01-05;TRUMPUSDT;278;55;14.3119;-4.8798;MID
2026-01-05;TRXUSDT;278;55;2.45;2.6689;SHORT
2026-01-05;TSTUSDT;278;55;-3.6976;-4.8711;SHORT
2026-01-05;TURBOUSDT;278;55;27.4158;-14.6805;LONG
2026-01-05;TURTLEUSDT;278;55;4.3838;-5.133;SHORT
2026-01-05;TUSDT;278;55;4.6067;2.2556;SHORT
2026-01-05;TUTUSDT;278;55;32.4685;-6.4913;LONG
2026-01-05;TWTUSDT;278;55;8.5475;-5.9674;MID
2026-01-05;UNIUSDT;278;55;2.8381;-12.9221;SHORT
2026-01-05;USDCUSDT;278;55;-0.111;0.1193;SHORT
2026-01-05;USTCUSDT;278;55;9.3377;-2.2391;MID
2026-01-05;USUALUSDT;278;55;11.7577;-4.8502;MID
2026-01-05;VANAUSDT;278;55;-4.4101;-6.7989;SHORT
2026-01-05;VANRYUSDT;278;55;14.9827;-4.6603;MID
2026-01-05;VETUSDT;278;55;15.5825;-10.2782;MID
2026-01-05;VIRTUALUSDT;278;55;60.6475;-9.7563;LONG
2026-01-05;WALUSDT;278;55;25.4266;-0.1361;LONG
2026-01-05;WCTUSDT;278;55;15.305;-9.9342;MID
2026-01-05;WIFUSDT;278;55;41.3412;-9.8068;LONG
2026-01-05;WLDUSDT;278;55;29.0146;-12.6355;LONG
2026-01-05;WLFIUSDT;278;55;22.1831;-2.3055;LONG
2026-01-05;WUSDT;278;55;16.225;-8.9435;MID
2026-01-05;XAIUSDT;278;55;14.5408;-9.9109;MID
2026-01-05;XLMUSDT;278;55;16.9886;-13.2306;MID
2026-01-05;XPLUSDT;278;55;19.8483;-19.1456;MID
2026-01-05;XRPUSDT;278;55;26.9114;-12.5474;LONG
2026-01-05;XTZUSDT;278;55;13.6456;-0.5376;MID
2026-01-05;XVGUSDT;278;55;8.9289;14.2179;MID
2026-01-05;XVSUSDT;278;55;6.895;14.0965;MID
2026-01-05;YGGUSDT;278;55;13.9484;-11.5185;MID
2026-01-05;ZBTUSDT;278;55;-21.8987;-16.182;SHORT
2026-01-05;ZECUSDT;278;55;-6.8551;-19.1752;SHORT
2026-01-05;ZENUSDT;278;55;0.3138;-5.2314;SHORT
2026-01-05;ZILUSDT;278;55;11.5789;5.4717;MID
2026-01-05;ZKCUSDT;278;55;-0.1619;-11.7599;SHORT
2026-01-05;ZKUSDT;278;55;16.287;-2.807;MID
2026-01-05;ZROUSDT;278;55;14.4411;2.7322;MID
2026-01-05;ZRXUSDT;278;55;7.9365;-8.2888;MID
2026-01-12;0GUSDT;325;65;-14.9748;-5.4957;SHORT
2026-01-12;1000BONKUSDT;325;65;-15.6333;-8.7702;SHORT
2026-01-12;1000CATUSDT;325;65;-8.4367;-3.2859;MID
2026-01-12;1000CHEEMSUSDT;325;65;-6.7701;-6.3784;MID
2026-01-12;1000FLOKIUSDT;325;65;-12.852;-10.2081;SHORT
2026-01-12;1000LUNCUSDT;325;65;-6.1238;-7.2323;MID
2026-01-12;1000PEPEUSDT;325;65;-18.2021;-7.955;SHORT
2026-01-12;1000SATSUSDT;325;65;-10.6145;2.5;MID
2026-01-12;1000SHIBUSDT;325;65;-9.5809;-2.7954;MID
2026-01-12;1000XECUSDT;325;65;-5.8824;-5.9075;MID
2026-01-12;1MBABYDOGEUSDT;325;65;-8.0956;-7.8877;MID
2026-01-12;2ZUSDT;325;65;-10.2696;5.2809;MID
2026-01-12;A2ZUSDT;325;65;-5.5952;-9.8361;MID
2026-01-12;AAVEUSDT;325;65;-3.4432;-0.6368;MID
2026-01-12;ACEUSDT;325;65;6.2793;-14.0917;LONG
2026-01-12;ACHUSDT;325;65;13.1031;18.1409;LONG
2026-01-12;ACTUSDT;325;65;-10.9415;-3.5918;MID
2026-01-12;ACXUSDT;325;65;-6.5217;0.7752;MID
2026-01-12;ADAUSDT;325;65;-8.3155;-4.0943;MID
2026-01-12;AEVOUSDT;325;65;-6.8225;-0.7854;MID
2026-01-12;AGLDUSDT;325;65;-6.9838;5.4044;MID
2026-01-12;AIUSDT;325;65;-10.3899;-1.7405;MID
2026-01-12;AIXBTUSDT;325;65;-15.6937;-15.307;SHORT
2026-01-12;ALGOUSDT;325;65;-7.4659;-6.2064;MID
2026-01-12;ALICEUSDT;325;65;-10.0529;1.1765;MID
2026-01-12;ALLOUSDT;325;65;-13.9935;-15.3187;SHORT
2026-01-12;ALPINEUSDT;325;65;-4.5484;-2.3232;MID
2026-01-12;ALTUSDT;325;65;-7.6071;-2.3981;MID
2026-01-12;ANIMEUSDT;325;65;1.809;-9.0848;LONG
2026-01-12;ANKRUSDT;325;65;-4.6884;-4.5862;MID
2026-01-12;APEUSDT;325;65;-11.2276;-1.7717;SHORT
2026-01-12;APTUSDT;325;65;-10.1095;-8.7025;MID
2026-01-12;ARBUSDT;325;65;-9.1486;-3.6391;MID
2026-01-12;ARKMUSDT;325;65;-13.2889;-3.5366;SHORT
2026-01-12;ARPAUSDT;325;65;-6.8282;55.9496;MID
2026-01-12;ARUSDT;325;65;-10.2495;4.3881;MID
2026-01-12;ASRUSDT;325;65;2.9107;10.9365;LONG
2026-01-12;ASTERUSDT;325;65;-12.2004;-9.838;SHORT
2026-01-12;ASTRUSDT;325;65;-4.4559;0.0093;MID
2026-01-12;ATOMUSDT;325;65;4.9409;-1.2072;LONG
2026-01-12;ATUSDT;325;65;1.8213;5.3476;LONG
2026-01-12;AUCTIONUSDT;325;65;-2.8739;-3.9012;MID
2026-01-12;AUSDT;325;65;-9.8229;-31.9643;MID
2026-01-12;AVAXUSDT;325;65;-6.5001;-5.7674;MID
2026-01-12;AVNTUSDT;325;65;-8.7486;-6.6984;MID
2026-01-12;AXLUSDT;325;65;-11.0831;-1.1331;MID
2026-01-12;AXSUSDT;325;65;-8.1301;81.8584;MID
2026-01-12;BABYUSDT;325;65;-1.3774;-0.9497;MID
2026-01-12;BANANAS31USDT;325;65;-15.7511;9.2532;SHORT
2026-01-12;BANANAUSDT;325;65;-8.08;-9.8228;MID
2026-01-12;BANKUSDT;325;65;5.9843;8.0025;LONG
2026-01-12;BARDUSDT;325;65;-8.0387;1.2814;MID
2026-01-12;BATUSDT;325;65;-15.6716;6.1947;SHORT
2026-01-12;BBUSDT;325;65;-5.3945;-4.4543;MID
2026-01-12;BCHUSDT;325;65;-3.6918;-6.0453;MID
2026-01-12;BEAMXUSDT;325;65;-8.9488;1.6493;MID
2026-01-12;BELUSDT;325;65;-4.5738;6.8264;MID
2026-01-12;BERAUSDT;325;65;-14.9718;67.9756;SHORT
2026-01-12;BIGTIMEUSDT;325;65;-4.717;5.2805;MID
2026-01-12;BIOUSDT;325;65;-20.9585;14.3407;SHORT
2026-01-12;BLURUSDT;325;65;-7.3994;11.0411;MID
2026-01-12;BNBUSDT;325;65;-0.5028;1.9651;LONG
2026-01-12;BOMEUSDT;325;65;-16.5276;-9.6837;SHORT
2026-01-12;BREVUSDT;325;65;-23.5146;-19.0162;SHORT
2026-01-12;BROCCOLI714USDT;325;65;-4.3233;-20.3143;MID
2026-01-12;BTCUSDT;325;65;-2.739;1.4652;MID
2026-01-12;C98USDT;325;65;-4.8583;0.4255;MID
2026-01-12;CAKEUSDT;325;65;-6.1613;3.5196;MID
2026-01-12;CELOUSDT;325;65;-7.5758;0.8197;MID
2026-01-12;CETUSUSDT;325;65;-9.0502;-4.0863;MID
2026-01-12;CFXUSDT;325;65;-8.0699;-0.0268;MID
2026-01-12;CGPTUSDT;325;65;-3.1171;-4.7826;MID
2026-01-12;CHZUSDT;325;65;10.7206;13.6706;LONG
2026-01-12;COMPUSDT;325;65;-3.5582;-1.5373;MID
2026-01-12;COSUSDT;325;65;-6.8768;3.7692;MID
2026-01-12;COWUSDT;325;65;-7.1782;3.9556;MID
2026-01-12;CRVUSDT;325;65;-9.9078;-1.5345;MID
2026-01-12;CTKUSDT;325;65;-8.9918;-7.3728;MID
2026-01-12;CUSDT;325;65;-19.8728;-8.8595;SHORT
2026-01-12;CVCUSDT;325;65;0.1986;0.0441;LONG
2026-01-12;CVXUSDT;325;65;-9.7856;9.814;MID
2026-01-12;CYBERUSDT;325;65;-7.3383;0.3538;MID
2026-01-12;DASHUSDT;325;65;-10.5944;91.322;MID
2026-01-12;DEXEUSDT;325;65;-0.6647;-10.0669;MID
2026-01-12;DGBUSDT;325;65;0.0;0.0;LONG
2026-01-12;DOGEUSDT;325;65;-9.9703;-5.4494;MID
2026-01-12;DOGSUSDT;325;65;-12.115;-5.8411;SHORT
2026-01-12;DOLOUSDT;325;65;45.3668;-22.2191;LONG
2026-01-12;DOTUSDT;325;65;-6.981;-1.1696;MID
2026-01-12;DUSDT;325;65;-7.2646;-1.8385;MID
2026-01-12;DUSKUSDT;325;65;33.9609;176.0408;LONG
2026-01-12;DYDXUSDT;325;65;-4.4335;-8.2474;MID
2026-01-12;DYMUSDT;325;65;-12.5608;-4.0463;SHORT
2026-01-12;EDENUSDT;325;65;-2.4505;-15.2329;MID
2026-01-12;EDUUSDT;325;65;2.5123;-11.058;LONG
2026-01-12;EGLDUSDT;325;65;-8.8804;3.9219;MID
2026-01-12;EIGENUSDT;325;65;-11.94;-14.0852;SHORT
2026-01-12;ENAUSDT;325;65;-15.3663;-8.9378;SHORT
2026-01-12;ENSOUSDT;325;65;-7.5661;-9.1646;MID
2026-01-12;ENSUSDT;325;65;-8.1024;-5.058;MID
2026-01-12;EPICUSDT;325;65;-25.9442;-4.2027;SHORT
2026-01-12;ERAUSDT;325;65;1.4671;-3.8713;LONG
2026-01-12;ETCUSDT;325;65;-7.8526;-1.8937;MID
2026-01-12;ETHFIUSDT;325;65;-9.4217;-10.1939;MID
2026-01-12;ETHUSDT;325;65;-4.0286;3.0438;MID
2026-01-12;EULUSDT;325;65;-17.8375;-19.777;SHORT
2026-01-12;FETUSDT;325;65;-3.1067;-11.4001;MID
2026-01-12;FFUSDT;325;65;-12.6114;-3.8453;SHORT
2026-01-12;FIDAUSDT;325;65;-8.8551;-7.8471;MID
2026-01-12;FILUSDT;325;65;-6.8283;-5.3425;MID
2026-01-12;FIOUSDT;325;65;-5.0125;-4.3975;MID
2026-01-12;FLOWUSDT;325;65;1.0638;-7.3684;LONG
2026-01-12;FORMUSDT;325;65;-4.2797;-2.181;MID
2026-01-12;FTTUSDT;325;65;0.0;0.0;LONG
2026-01-12;FUNUSDT;325;65;-7.217;-8.2046;MID
2026-01-12;FUSDT;325;65;-7.9298;-4.2547;MID
2026-01-12;FXSUSDT;325;65;-0.4147;0.0;LONG
2026-01-12;GALAUSDT;325;65;-8.6321;-2.907;MID
2026-01-12;GASUSDT;325;65;-3.9243;-3.7402;MID
2026-01-12;GIGGLEUSDT;325;65;-18.3191;-6.9764;SHORT
2026-01-12;GLMRUSDT;325;65;0.0;0.0;LONG
2026-01-12;GLMUSDT;325;65;25.9866;-25.4849;LONG
2026-01-12;GMTUSDT;325;65;13.5899;-8.1525;LONG
2026-01-12;GPSUSDT;325;65;-1.2777;12.5626;MID
2026-01-12;GRTUSDT;325;65;-2.4496;-5.096;MID
2026-01-12;GUNUSDT;325;65;43.2302;29.1747;LONG
2026-01-12;GUSDT;325;65;-3.6501;-1.4152;MID
2026-01-12;HAEDALUSDT;325;65;-3.6543;-3.9268;MID
2026-01-12;HBARUSDT;325;65;-12.6292;-3.6267;SHORT
2026-01-12;HEIUSDT;325;65;-3.3691;-0.5547;MID
2026-01-12;HEMIUSDT;325;65;-12.0746;-9.6754;SHORT
2026-01-12;HFTUSDT;325;65;-4.7288;0.0347;MID
2026-01-12;HIGHUSDT;325;65;-8.4934;-3.3582;MID
2026-01-12;HIVEUSDT;325;65;1.915;-3.729;LONG
2026-01-12;HMSTRUSDT;325;65;-6.2676;-0.5572;MID
2026-01-12;HOLOUSDT;325;65;-7.0213;-8.4937;MID
2026-01-12;HOMEUSDT;325;65;15.8911;8.1522;LONG
2026-01-12;HUMAUSDT;325;65;-13.2606;4.3536;SHORT
2026-01-12;HYPERUSDT;325;65;7.1155;-14.7143;LONG
2026-01-12;ICPUSDT;325;65;-8.5538;24.4616;MID
2026-01-12;IDEXUSDT;325;65;0.0;0.0;LONG
2026-01-12;IDUSDT;325;65;8.5079;-9.4407;LONG
2026-01-12;ILVUSDT;325;65;-10.3037;2.8541;MID
2026-01-12;IMXUSDT;325;65;-9.4053;0.9924;MID
2026-01-12;INITUSDT;325;65;-16.172;3.663;SHORT
2026-01-12;INJUSDT;325;65;-6.7768;-3.6646;MID
2026-01-12;IOSTUSDT;325;65;-13.7088;-2.5862;SHORT
2026-01-12;IOTAUSDT;325;65;-11.059;-10.0105;MID
2026-01-12;IOUSDT;325;65;-15.7459;1.3115;SHORT
2026-01-12;JASMYUSDT;325;65;14.4635;-10.5202;LONG
2026-01-12;JOEUSDT;325;65;-13.5983;-2.1308;SHORT
2026-01-12;JSTUSDT;325;65;-2.9722;2.9617;MID
2026-01-12;JTOUSDT;325;65;-12.9197;-15.1423;SHORT
2026-01-12;JUPUSDT;325;65;-7.3892;-2.3211;MID
2026-01-12;KAIAUSDT;325;65;-9.0406;-10.5964;MID
2026-01-12;KAITOUSDT;325;65;15.1177;-25.3904;LONG
2026-01-12;KAVAUSDT;325;65;-3.2407;3.5885;MID
2026-01-12;KITEUSDT;325;65;-4.9636;11.1776;MID
2026-01-12;KMNOUSDT;325;65;-4.7288;-5.5189;MID
2026-01-12;KNCUSDT;325;65;-6.4154;-2.6992;MID
2026-01-12;LAUSDT;325;65;-12.5668;1.0533;SHORT
2026-01-12;LAYERUSDT;325;65;-10.3315;-11.5835;MID
2026-01-12;LDOUSDT;325;65;-7.8405;-8.1948;MID
2026-01-12;LINEAUSDT;325;65;-13.3252;-11.3388;SHORT
2026-01-12;LINKUSDT;325;65;-6.0329;-1.4616;MID
2026-01-12;LPTUSDT;325;65;-9.3852;-2.5565;MID
2026-01-12;LRCUSDT;325;65;-7.1808;-1.717;MID
2026-01-12;LTCUSDT;325;65;-8.8108;-6.9936;MID
2026-01-12;LUMIAUSDT;325;65;15.3414;-20.2646;LONG
2026-01-12;MAGICUSDT;325;65;-3.2803;-1.8499;MID
2026-01-12;MANAUSDT;325;65;-6.2107;18.378;MID
2026-01-12;MANTAUSDT;325;65;-12.6728;4.9208;SHORT
2026-01-12;MASKUSDT;325;65;-5.9361;-1.4563;MID
2026-01-12;MAVUSDT;325;65;-8.3983;5.1064;MID
2026-01-12;MBOXUSDT;325;65;-11.0076;-1.8395;MID
2026-01-12;MEMEUSDT;325;65;-10.3001;-4.1591;MID
2026-01-12;METISUSDT;325;65;-7.3724;1.039;MID
2026-01-12;METUSDT;325;65;-12.5642;11.7463;SHORT
2026-01-12;MEUSDT;325;65;-11.3746;23.3895;SHORT
2026-01-12;MINAUSDT;325;65;-10.8814;6.9597;MID
2026-01-12;MIRAUSDT;325;65;-8.6812;-8.3454;MID
2026-01-12;MITOUSDT;325;65;0.7555;-0.3749;LONG
2026-01-12;MMTUSDT;325;65;0.0802;-18.3494;LONG
2026-01-12;MORPHOUSDT;325;65;5.7707;-0.0155;LONG
2026-01-12;MOVEUSDT;325;65;-12.8672;7.3986;SHORT
2026-01-12;MOVRUSDT;325;65;-5.3886;-5.9667;MID
2026-01-12;MUBARAKUSDT;325;65;5.8065;-3.5647;LONG
2026-01-12;NEARUSDT;325;65;-5.5901;-4.4856;MID
2026-01-12;NEIROUSDT;325;65;-12.2867;-7.2374;SHORT
2026-01-12;NEOUSDT;325;65;-7.4657;1.1873;MID
2026-01-12;NEWTUSDT;325;65;-3.5171;-1.6749;MID
2026-01-12;NILUSDT;325;65;-6.8884;1.7007;MID
2026-01-12;NMRUSDT;325;65;-7.134;1.3809;MID
2026-01-12;NOMUSDT;325;65;-9.2524;-5.2194;MID
2026-01-12;NOTUSDT;325;65;-9.088;-3.8032;MID
2026-01-12;NTRNUSDT;325;65;-6.6306;-9.1667;MID
2026-01-12;OGUSDT;325;65;-4.4573;-2.4726;MID
2026-01-12;ONDOUSDT;325;65;-14.9582;-9.881;SHORT
2026-01-12;ONEUSDT;325;65;-11.8721;-5.4404;SHORT
2026-01-12;ONTUSDT;325;65;-4.3143;-1.9324;MID
2026-01-12;OPENUSDT;325;65;-9.0196;-0.5542;MID
2026-01-12;OPUSDT;325;65;-6.1968;3.465;MID
2026-01-12;ORCAUSDT;325;65;-5.5601;-5.2814;MID
2026-01-12;ORDIUSDT;325;65;-11.8909;4.5379;SHORT
2026-01-12;PARTIUSDT;325;65;-16.3234;0.6126;SHORT
2026-01-12;PAXGUSDT;325;65;3.787;1.4894;LONG
2026-01-12;PENDLEUSDT;325;65;-9.6409;-7.6366;MID
2026-01-12;PENGUUSDT;325;65;-9.9373;-12.0523;MID
2026-01-12;PEOPLEUSDT;325;65;-14.6299;-2.0161;SHORT
2026-01-12;PHAUSDT;325;65;-7.1499;7.3576;MID
2026-01-12;PHBUSDT;325;65;-9.3865;7.2512;MID
2026-01-12;PIXELUSDT;325;65;-10.2083;5.8005;MID
2026-01-12;PLUMEUSDT;325;65;-10.0809;-8.1535;MID
2026-01-12;PNUTUSDT;325;65;-13.5626;-7.256;SHORT
2026-01-12;POLUSDT;325;65;20.669;-9.6883;LONG
2026-01-12;POLYXUSDT;325;65;5.257;-6.0974;LONG
2026-01-12;PORTALUSDT;325;65;-5.5735;-5.8049;MID
2026-01-12;PROMUSDT;325;65;2.5117;-65.7098;LONG
2026-01-12;PROVEUSDT;325;65;-4.069;-8.9212;MID
2026-01-12;PUMPUSDT;325;65;-2.7157;8.3333;MID
2026-01-12;PYTHUSDT;325;65;-8.5345;-6.6449;MID
2026-01-12;QNTUSDT;325;65;-8.4208;13.4889;MID
2026-01-12;QTUMUSDT;325;65;-4.2818;-0.6494;MID
2026-01-12;RADUSDT;325;65;0.0;0.0;LONG
2026-01-12;RAREUSDT;325;65;-1.7279;15.5604;MID
2026-01-12;RAYUSDT;325;65;0.0;0.0;LONG
2026-01-12;REDUSDT;325;65;6.4124;-8.3497;LONG
2026-01-12;RENDERUSDT;325;65;7.483;-12.4895;LONG
2026-01-12;RESOLVUSDT;325;65;-9.175;36.1303;MID
2026-01-12;REZUSDT;325;65;-3.4609;-15.9971;MID
2026-01-12;RIFUSDT;325;65;-7.7395;6.9714;MID
2026-01-12;RLCUSDT;325;65;-7.8347;-3.3369;MID
2026-01-12;RONINUSDT;325;65;-10.9301;12.2713;MID
2026-01-12;ROSEUSDT;325;65;-5.7007;66.6667;MID
2026-01-12;RSRUSDT;325;65;-9.434;-7.1212;MID
2026-01-12;RUNEUSDT;325;65;-4.2732;9.3588;MID
2026-01-12;RVNUSDT;325;65;-6.6667;-5.2561;MID
2026-01-12;SAGAUSDT;325;65;-12.8848;6.7649;SHORT
2026-01-12;SAHARAUSDT;325;65;-8.2349;-6.702;MID
2026-01-12;SANDUSDT;325;65;-9.8485;19.2717;MID
2026-01-12;SANTOSUSDT;325;65;5.5585;18.2548;LONG
2026-01-12;SAPIENUSDT;325;65;-11.5252;-7.7106;SHORT
2026-01-12;SCRTUSDT;325;65;-3.2947;50.4604;MID
2026-01-12;SCRUSDT;325;65;-6.4461;5.1742;MID
2026-01-12;SEIUSDT;325;65;-8.642;-6.8412;MID
2026-01-12;SENTUSDT;325;65;-10.6719;-52.7142;MID
2026-01-12;SHELLUSDT;325;65;-18.0859;25.7219;SHORT
2026-01-12;SIGNUSDT;325;65;5.8764;-8.445;LONG
2026-01-12;SKLUSDT;325;65;-10.5217;-0.2964;MID
2026-01-12;SKYUSDT;325;65;-13.0754;15.455;SHORT
2026-01-12;SNXUSDT;325;65;-6.544;-4.1575;MID
2026-01-12;SOLUSDT;325;65;0.9359;-4.1328;LONG
2026-01-12;SOLVUSDT;325;65;-10.051;-6.2348;MID
2026-01-12;SOMIUSDT;325;65;-8.1131;-17.821;MID
2026-01-12;SOPHUSDT;325;65;-8.6425;3.9472;MID
2026-01-12;SPELLUSDT;325;65;-12.2281;-3.4548;SHORT
2026-01-12;SPKUSDT;325;65;0.4279;-5.7946;LONG
2026-01-12;SSVUSDT;325;65;-16.1203;8.7527;SHORT
2026-01-12;STEEMUSDT;325;65;-4.5691;-3.8274;MID
2026-01-12;STGUSDT;325;65;2.6895;20.6349;LONG
2026-01-12;STORJUSDT;325;65;-6.4164;-2.6258;MID
2026-01-12;STOUSDT;325;65;-7.3708;32.0427;MID
2026-01-12;STRAXUSDT;325;65;0.0;0.0;LONG
2026-01-12;STRKUSDT;325;65;-10.7182;1.3614;MID
2026-01-12;STXUSDT;325;65;0.5868;-14.3198;LONG
2026-01-12;SUIUSDT;325;65;-7.261;-11.0259;MID
2026-01-12;SUNUSDT;325;65;2.6109;1.0497;LONG
2026-01-12;SUPERUSDT;325;65;-11.1966;-5.1492;SHORT
2026-01-12;SUSDT;325;65;-15.615;-6.1804;SHORT
2026-01-12;SUSHIUSDT;325;65;-9.3741;0.1273;MID
2026-01-12;SXTUSDT;325;65;-6.992;7.0869;MID
2026-01-12;SYNUSDT;325;65;6.836;-8.1665;LONG
2026-01-12;SYRUPUSDT;325;65;3.76;-8.2498;LONG
2026-01-12;SYSUSDT;325;65;-6.7548;7.5066;MID
2026-01-12;TAOUSDT;325;65;5.0528;-9.6943;LONG
2026-01-12;THETAUSDT;325;65;-10.2955;11.6158;MID
2026-01-12;THEUSDT;325;65;19.011;-1.2908;LONG
2026-01-12;TIAUSDT;325;65;-9.9983;-6.2158;MID
2026-01-12;TLMUSDT;325;65;-12.0755;-4.3348;SHORT
2026-01-12;TNSRUSDT;325;65;-16.0482;-3.6007;SHORT
2026-01-12;TONUSDT;325;65;-8.7679;-8.2335;MID
2026-01-12;TOWNSUSDT;325;65;-6.678;12.0258;MID
2026-01-12;TRBUSDT;325;65;-8.1977;2.4463;MID
2026-01-12;TREEUSDT;325;65;-8.8752;-3.4716;MID
2026-01-12;TRUMPUSDT;325;65;-4.8798;-6.2161;MID
2026-01-12;TRXUSDT;325;65;2.6689;4.0311;LONG
2026-01-12;TSTUSDT;325;65;-4.8711;-8.8554;MID
2026-01-12;TURBOUSDT;325;65;-14.6805;-11.7468;SHORT
2026-01-12;TURTLEUSDT;325;65;-5.133;-14.6745;MID
2026-01-12;TUSDT;325;65;2.2556;1.2605;LONG
2026-01-12;TUTUSDT;325;65;-6.4913;-3.83;MID
2026-01-12;TWTUSDT;325;65;-5.9674;5.3777;MID
2026-01-12;UNIUSDT;325;65;-12.9221;-6.3572;SHORT
2026-01-12;USDCUSDT;325;65;0.1193;-0.0434;LONG
2026-01-12;USTCUSDT;325;65;-2.2391;-1.0865;MID
2026-01-12;USUALUSDT;325;65;-4.8502;6.8216;MID
2026-01-12;VANAUSDT;325;65;-6.7989;-3.9079;MID
2026-01-12;VANRYUSDT;325;65;-4.6603;12.8161;MID
2026-01-12;VETUSDT;325;65;-10.2782;-4.0666;MID
2026-01-12;VIRTUALUSDT;325;65;-9.7563;-11.4912;MID
2026-01-12;WALUSDT;325;65;-0.1361;-4.3597;LONG
2026-01-12;WAXPUSDT;325;65;0.7674;-0.6307;LONG
2026-01-12;WCTUSDT;325;65;-9.9342;-0.9701;MID
2026-01-12;WIFUSDT;325;65;-9.8068;-4.2842;MID
2026-01-12;WLDUSDT;325;65;-12.6355;-9.0844;SHORT
2026-01-12;WLFIUSDT;325;65;-2.3055;-2.3599;MID
2026-01-12;WUSDT;325;65;-8.9435;-6.3996;MID
2026-01-12;XAIUSDT;325;65;-9.9109;0.8653;MID
2026-01-12;XLMUSDT;325;65;-13.2306;-1.5974;SHORT
2026-01-12;XPLUSDT;325;65;-19.1456;-12.7202;SHORT
2026-01-12;XRPUSDT;325;65;-12.5474;-3.2934;SHORT
2026-01-12;XTZUSDT;325;65;-0.5376;9.9099;MID
2026-01-12;XVGUSDT;325;65;14.2179;3.8247;LONG
2026-01-12;XVSUSDT;325;65;14.0965;5.073;LONG
2026-01-12;YGGUSDT;325;65;-11.5185;-0.8165;SHORT
2026-01-12;ZBTUSDT;325;65;-16.182;-11.7438;SHORT
2026-01-12;ZECUSDT;325;65;-19.1752;-9.2803;SHORT
2026-01-12;ZENUSDT;325;65;-5.2314;25.8024;MID
2026-01-12;ZILUSDT;325;65;5.4717;-5.1878;LONG
2026-01-12;ZKCUSDT;325;65;-11.7599;-4.5037;SHORT
2026-01-12;ZKPUSDT;325;65;1.0413;-8.9717;LONG
2026-01-12;ZKUSDT;325;65;-2.807;-3.0084;MID
2026-01-12;ZROUSDT;325;65;2.7322;21.1735;LONG
2026-01-12;ZRXUSDT;325;65;-8.2888;-2.2595;MID
2026-01-12;币安人生USDT;325;65;21.4908;31.5124;LONG
2026-01-19;0GUSDT;326;65;-5.4957;14.3;MID
2026-01-19;1000BONKUSDT;326;65;-8.7702;-6.8851;SHORT
2026-01-19;1000CATUSDT;326;65;-3.2859;-8.2662;MID
2026-01-19;1000CHEEMSUSDT;326;65;-6.3784;-2.2271;MID
2026-01-19;1000FLOKIUSDT;326;65;-10.2081;-8.1898;SHORT
2026-01-19;1000LUNCUSDT;326;65;-7.2323;-3.0573;MID
2026-01-19;1000PEPEUSDT;326;65;-7.955;-5.0797;MID
2026-01-19;1000SATSUSDT;326;65;2.5;-5.4878;MID
2026-01-19;1000SHIBUSDT;326;65;-2.7954;-5.4074;MID
2026-01-19;1000XECUSDT;326;65;-5.9075;-5.4595;MID
2026-01-19;1MBABYDOGEUSDT;326;65;-7.8877;-7.3859;MID
2026-01-19;2ZUSDT;326;65;5.2809;-0.0247;LONG
2026-01-19;A2ZUSDT;326;65;-9.8361;-5.5944;SHORT
2026-01-19;AAVEUSDT;326;65;-0.6368;-5.9265;MID
2026-01-19;ACEUSDT;326;65;-14.0917;-2.8458;SHORT
2026-01-19;ACHUSDT;326;65;18.1409;-13.3096;LONG
2026-01-19;ACTUSDT;326;65;-3.5918;-5.4615;MID
2026-01-19;ACXUSDT;326;65;0.7752;-9.3846;MID
2026-01-19;ADAUSDT;326;65;-4.0943;-4.8906;MID
2026-01-19;AEVOUSDT;326;65;-0.7854;-6.8948;MID
2026-01-19;AGLDUSDT;326;65;5.4044;5.265;LONG
2026-01-19;AIUSDT;326;65;-1.7405;-12.5293;MID
2026-01-19;AIXBTUSDT;326;65;-15.307;0.7282;SHORT
2026-01-19;ALGOUSDT;326;65;-6.2064;0.9098;MID
2026-01-19;ALICEUSDT;326;65;1.1765;-6.3953;MID
2026-01-19;ALLOUSDT;326;65;-15.3187;-0.4494;SHORT
2026-01-19;ALPINEUSDT;326;65;-2.3232;-7.5347;MID
2026-01-19;ALTUSDT;326;65;-2.3981;-4.8321;MID
2026-01-19;ANIMEUSDT;326;65;-9.0848;-0.3968;SHORT
2026-01-19;ANKRUSDT;326;65;-4.5862;-6.4594;MID
2026-01-19;APEUSDT;326;65;-1.7717;-8.3667;MID
2026-01-19;APTUSDT;326;65;-8.7025;-3.891;SHORT
2026-01-19;ARBUSDT;326;65;-3.6391;-12.0538;MID
2026-01-19;ARKMUSDT;326;65;-3.5366;-11.3177;MID
2026-01-19;ARPAUSDT;326;65;55.9496;-35.2703;LONG
2026-01-19;ARUSDT;326;65;4.3881;-13.0026;MID
2026-01-19;ASRUSDT;326;65;10.9365;-7.9887;LONG
2026-01-19;ASTERUSDT;326;65;-9.838;3.594;SHORT
2026-01-19;ASTRUSDT;326;65;0.0093;2.8166;MID
2026-01-19;ATOMUSDT;326;65;-1.2072;-9.5723;MID
2026-01-19;ATUSDT;326;65;5.3476;-4.9419;LONG
2026-01-19;AUCTIONUSDT;326;65;-3.9012;31.4964;MID
2026-01-19;AUSDT;326;65;-31.9643;-2.7997;SHORT
2026-01-19;AVAXUSDT;326;65;-5.7674;-7.9745;MID
2026-01-19;AVNTUSDT;326;65;-6.6984;3.9469;MID
2026-01-19;AXLUSDT;326;65;-1.1331;19.1977;MID
2026-01-19;AXSUSDT;326;65;81.8584;49.0268;LONG
2026-01-19;BABYUSDT;326;65;-0.9497;-0.5076;MID
2026-01-19;BANANAS31USDT;326;65;9.2532;2.947;LONG
2026-01-19;BANANAUSDT;326;65;-9.8228;-3.2028;SHORT
2026-01-19;BANKUSDT;326;65;8.0025;4.4811;LONG
2026-01-19;BARDUSDT;326;65;1.2814;0.2255;MID
2026-01-19;BATUSDT;326;65;6.1947;-14.5588;LONG
2026-01-19;BBUSDT;326;65;-4.4543;-16.9615;MID
2026-01-19;BCHUSDT;326;65;-6.0453;-0.9287;MID
2026-01-19;BEAMXUSDT;326;65;1.6493;0.8609;MID
2026-01-19;BELUSDT;326;65;6.8264;-9.4494;LONG
2026-01-19;BERAUSDT;326;65;67.9756;-27.5619;LONG
2026-01-19;BIGTIMEUSDT;326;65;5.2805;-2.5078;LONG
2026-01-19;BIOUSDT;326;65;14.3407;-5.7029;LONG
2026-01-19;BLURUSDT;326;65;11.0411;-11.705;LONG
2026-01-19;BNBUSDT;326;65;1.9651;-4.7818;MID
2026-01-19;BOMEUSDT;326;65;-9.6837;-4.7084;SHORT
2026-01-19;BREVUSDT;326;65;-19.0162;-22.3704;SHORT
2026-01-19;BROCCOLI714USDT;326;65;-20.3143;-9.6647;SHORT
2026-01-19;BTCUSDT;326;65;1.4652;-4.6323;MID
2026-01-19;C98USDT;326;65;0.4255;-9.322;MID
2026-01-19;CAKEUSDT;326;65;3.5196;-5.3087;MID
2026-01-19;CELOUSDT;326;65;0.8197;-4.878;MID
2026-01-19;CETUSUSDT;326;65;-4.0863;-9.1519;MID
2026-01-19;CFXUSDT;326;65;-0.0268;-9.7711;MID
2026-01-19;CGPTUSDT;326;65;-4.7826;-8.2496;MID
2026-01-19;CHZUSDT;326;65;13.6706;-4.6256;LONG
2026-01-19;COMPUSDT;326;65;-1.5373;-6.7525;MID
2026-01-19;COSUSDT;326;65;3.7692;-5.5597;MID
2026-01-19;COWUSDT;326;65;3.9556;-12.997;MID
2026-01-19;CRVUSDT;326;65;-1.5345;-8.0519;MID
2026-01-19;CTKUSDT;326;65;-7.3728;-0.404;MID
2026-01-19;CUSDT;326;65;-8.8595;3.8025;SHORT
2026-01-19;CVCUSDT;326;65;0.0441;-5.7904;MID
2026-01-19;CVXUSDT;326;65;9.814;-1.7404;LONG
2026-01-19;CYBERUSDT;326;65;0.3538;8.7186;MID
2026-01-19;DASHUSDT;326;65;91.322;-20.557;LONG
2026-01-19;DEXEUSDT;326;65;-10.0669;-0.8735;SHORT
2026-01-19;DGBUSDT;326;65;0.0;0.0;MID
2026-01-19;DOGEUSDT;326;65;-5.4494;-5.2754;MID
2026-01-19;DOGSUSDT;326;65;-5.8411;-4.2184;MID
2026-01-19;DOLOUSDT;326;65;-22.2191;-7.1052;SHORT
2026-01-19;DOTUSDT;326;65;-1.1696;-7.5444;MID
2026-01-19;DUSDT;326;65;-1.8385;-0.8958;MID
2026-01-19;DUSKUSDT;326;65;176.0408;-23.6947;LONG
2026-01-19;DYDXUSDT;326;65;-8.2474;-6.7416;MID
2026-01-19;DYMUSDT;326;65;-4.0463;-8.1361;MID
2026-01-19;EDENUSDT;326;65;-15.2329;-0.6203;SHORT
2026-01-19;EDUUSDT;326;65;-11.058;-5.5108;SHORT
2026-01-19;EGLDUSDT;326;65;3.9219;-6.6084;MID
2026-01-19;EIGENUSDT;326;65;-14.0852;-5.2217;SHORT
2026-01-19;ENAUSDT;326;65;-8.9378;-13.1552;SHORT
2026-01-19;ENSOUSDT;326;65;-9.1646;149.5031;SHORT
2026-01-19;ENSUSDT;326;65;-5.058;-7.4794;MID
2026-01-19;EPICUSDT;326;65;-4.2027;-7.7683;MID
2026-01-19;ERAUSDT;326;65;-3.8713;2.1349;MID
2026-01-19;ETCUSDT;326;65;-1.8937;-5.3083;MID
2026-01-19;ETHFIUSDT;326;65;-10.1939;-7.1561;SHORT
2026-01-19;ETHUSDT;326;65;3.0438;-8.1276;MID
2026-01-19;EULUSDT;326;65;-19.777;-13.3457;SHORT
2026-01-19;FETUSDT;326;65;-11.4001;-11.3792;SHORT
2026-01-19;FFUSDT;326;65;-3.8453;15.1183;MID
2026-01-19;FIDAUSDT;326;65;-7.8471;-19.8066;MID
2026-01-19;FILUSDT;326;65;-5.3425;-8.3213;MID
2026-01-19;FIOUSDT;326;65;-4.3975;0.276;MID
2026-01-19;FLOWUSDT;326;65;-7.3684;-17.0455;MID
2026-01-19;FOGOUSDT;326;65;-47.7854;15.3969;SHORT
2026-01-19;FORMUSDT;326;65;-2.181;-12.5418;MID
2026-01-19;FTTUSDT;326;65;0.0;0.0;MID
2026-01-19;FUNUSDT;326;65;-8.2046;-19.0946;MID
2026-01-19;FUSDT;326;65;-4.2547;4.8141;MID
2026-01-19;FXSUSDT;326;65;0.0;0.0;MID
2026-01-19;GALAUSDT;326;65;-2.907;-9.5808;MID
2026-01-19;GASUSDT;326;65;-3.7402;-3.8855;MID
2026-01-19;GIGGLEUSDT;326;65;-6.9764;-14.8917;MID
2026-01-19;GLMRUSDT;326;65;0.0;0.0;MID
2026-01-19;GLMUSDT;326;65;-25.4849;-4.81;SHORT
2026-01-19;GMTUSDT;326;65;-8.1525;-8.2421;MID
2026-01-19;GPSUSDT;326;65;12.5626;19.4696;LONG
2026-01-19;GRTUSDT;326;65;-5.096;-6.4332;MID
2026-01-19;GUNUSDT;326;65;29.1747;10.2897;LONG
2026-01-19;GUSDT;326;65;-1.4152;2.4072;MID
2026-01-19;HAEDALUSDT;326;65;-3.9268;-10.1254;MID
2026-01-19;HBARUSDT;326;65;-3.6267;-3.8534;MID
2026-01-19;HEIUSDT;326;65;-0.5547;11.5538;MID
2026-01-19;HEMIUSDT;326;65;-9.6754;1.4513;SHORT
2026-01-19;HFTUSDT;326;65;0.0347;-10.4441;MID
2026-01-19;HIGHUSDT;326;65;-3.3582;-0.8687;MID
2026-01-19;HIVEUSDT;326;65;-3.729;-7.1264;MID
2026-01-19;HMSTRUSDT;326;65;-0.5572;19.9138;MID
2026-01-19;HOLOUSDT;326;65;-8.4937;3.707;SHORT
2026-01-19;HOMEUSDT;326;65;8.1522;5.1952;LONG
2026-01-19;HUMAUSDT;326;65;4.3536;-12.0101;MID
2026-01-19;HYPERUSDT;326;65;-14.7143;5.6951;SHORT
2026-01-19;ICPUSDT;326;65;24.4616;-13.7655;LONG
2026-01-19;IDEXUSDT;326;65;0.0;0.0;MID
2026-01-19;IDUSDT;326;65;-9.4407;-3.767;SHORT
2026-01-19;ILVUSDT;326;65;2.8541;-2.344;MID
2026-01-19;IMXUSDT;326;65;0.9924;-9.4104;MID
2026-01-19;INITUSDT;326;65;3.663;5.1826;MID
2026-01-19;INJUSDT;326;65;-3.6646;-8.3109;MID
2026-01-19;IOSTUSDT;326;65;-2.5862;-2.7813;MID
2026-01-19;IOTAUSDT;326;65;-10.0105;1.171;SHORT
2026-01-19;IOUSDT;326;65;1.3115;0.5825;MID
2026-01-19;JASMYUSDT;326;65;-10.5202;-11.6133;SHORT
2026-01-19;JOEUSDT;326;65;-2.1308;-10.6053;MID
2026-01-19;JSTUSDT;326;65;2.9617;12.9477;MID
2026-01-19;JTOUSDT;326;65;-15.1423;-3.9069;SHORT
2026-01-19;JUPUSDT;326;65;-2.3211;-5.6436;MID
2026-01-19;KAIAUSDT;326;65;-10.5964;32.6167;SHORT
2026-01-19;KAITOUSDT;326;65;-25.3904;-13.7924;SHORT
2026-01-19;KAVAUSDT;326;65;3.5885;-10.5081;MID
2026-01-19;KITEUSDT;326;65;11.1776;15.0908;LONG
2026-01-19;KMNOUSDT;326;65;-5.5189;-23.1447;MID
2026-01-19;KNCUSDT;326;65;-2.6992;-7.6178;MID
2026-01-19;LAUSDT;326;65;1.0533;3.4633;MID
2026-01-19;LAYERUSDT;326;65;-11.5835;0.0697;SHORT
2026-01-19;LDOUSDT;326;65;-8.1948;-7.5641;MID
2026-01-19;LINEAUSDT;326;65;-11.3388;11.5893;SHORT
2026-01-19;LINKUSDT;326;65;-1.4616;-7.2688;MID
2026-01-19;LPTUSDT;326;65;-2.5565;8.5099;MID
2026-01-19;LRCUSDT;326;65;-1.717;-4.498;MID
2026-01-19;LTCUSDT;326;65;-6.9936;-1.5124;MID
2026-01-19;LUMIAUSDT;326;65;-20.2646;-12.3144;SHORT
2026-01-19;MAGICUSDT;326;65;-1.8499;-5.445;MID
2026-01-19;MANAUSDT;326;65;18.378;-9.868;LONG
2026-01-19;MANTAUSDT;326;65;4.9208;-0.2515;LONG
2026-01-19;MASKUSDT;326;65;-1.4563;0.4608;MID
2026-01-19;MAVUSDT;326;65;5.1064;-6.7722;LONG
2026-01-19;MBOXUSDT;326;65;-1.8395;-8.5299;MID
2026-01-19;MEMEUSDT;326;65;-4.1591;-1.0377;MID
2026-01-19;METISUSDT;326;65;1.039;-7.3535;MID
2026-01-19;METUSDT;326;65;11.7463;-16.2929;LONG
2026-01-19;MEUSDT;326;65;23.3895;-15.3815;LONG
2026-01-19;MINAUSDT;326;65;6.9597;-2.7397;LONG
2026-01-19;MIRAUSDT;326;65;-8.3454;1.5044;SHORT
2026-01-19;MITOUSDT;326;65;-0.3749;-6.4553;MID
2026-01-19;MMTUSDT;326;65;-18.3494;6.5751;SHORT
2026-01-19;MORPHOUSDT;326;65;-0.0155;-3.3269;MID
2026-01-19;MOVEUSDT;326;65;7.3986;-4.8889;LONG
2026-01-19;MOVRUSDT;326;65;-5.9667;-4.2027;MID
2026-01-19;MUBARAKUSDT;326;65;-3.5647;-11.6245;MID
2026-01-19;NEARUSDT;326;65;-4.4856;-8.516;MID
2026-01-19;NEIROUSDT;326;65;-7.2374;-3.6074;MID
2026-01-19;NEOUSDT;326;65;1.1873;-5.7067;MID
2026-01-19;NEWTUSDT;326;65;-1.6749;-0.9018;MID
2026-01-19;NILUSDT;326;65;1.7007;-1.8673;MID
2026-01-19;NMRUSDT;326;65;1.3809;-6.6996;MID
2026-01-19;NOMUSDT;326;65;-5.2194;59.4277;MID
2026-01-19;NOTUSDT;326;65;-3.8032;-0.0725;MID
2026-01-19;NTRNUSDT;326;65;-9.1667;-16.0351;SHORT
2026-01-19;OGUSDT;326;65;-2.4726;-11.7436;MID
2026-01-19;ONDOUSDT;326;65;-9.881;-4.7933;SHORT
2026-01-19;ONEUSDT;326;65;-5.4404;-2.7397;MID
2026-01-19;ONTUSDT;326;65;-1.9324;-4.4335;MID
2026-01-19;OPENUSDT;326;65;-0.5542;5.5728;MID
2026-01-19;OPUSDT;326;65;3.465;-6.8232;MID
2026-01-19;ORCAUSDT;326;65;-5.2814;-1.5539;MID
2026-01-19;ORDIUSDT;326;65;4.5379;-11.3498;LONG
2026-01-19;PARTIUSDT;326;65;0.6126;-6.1105;MID
2026-01-19;PAXGUSDT;326;65;1.4894;7.9977;MID
2026-01-19;PENDLEUSDT;326;65;-7.6366;-1.0143;MID
2026-01-19;PENGUUSDT;326;65;-12.0523;-6.9678;SHORT
2026-01-19;PEOPLEUSDT;326;65;-2.0161;-5.4527;MID
2026-01-19;PHAUSDT;326;65;7.3576;-2.2599;LONG
2026-01-19;PHBUSDT;326;65;7.2512;-17.7303;LONG
2026-01-19;PIXELUSDT;326;65;5.8005;-12.6096;LONG
2026-01-19;PLUMEUSDT;326;65;-8.1535;-1.2402;MID
2026-01-19;PNUTUSDT;326;65;-7.256;-3.839;MID
2026-01-19;POLUSDT;326;65;-9.6883;-12.6;SHORT
2026-01-19;POLYXUSDT;326;65;-6.0974;-9.3121;MID
2026-01-19;PORTALUSDT;326;65;-5.8049;-1.7607;MID
2026-01-19;PROMUSDT;326;65;-65.7098;-28.021;SHORT
2026-01-19;PROVEUSDT;326;65;-8.9212;-2.86;SHORT
2026-01-19;PUMPUSDT;326;65;8.3333;2.6525;LONG
2026-01-19;PYTHUSDT;326;65;-6.6449;-2.7939;MID
2026-01-19;QNTUSDT;326;65;13.4889;-9.3066;LONG
2026-01-19;QTUMUSDT;326;65;-0.6494;-8.642;MID
2026-01-19;RADUSDT;326;65;0.0;0.0;MID
2026-01-19;RAREUSDT;326;65;15.5604;-2.054;LONG
2026-01-19;RAYUSDT;326;65;0.0;0.0;MID
2026-01-19;REDUSDT;326;65;-8.3497;8.8526;SHORT
2026-01-19;RENDERUSDT;326;65;-12.4895;-8.486;SHORT
2026-01-19;RESOLVUSDT;326;65;36.1303;28.2765;LONG
2026-01-19;REZUSDT;326;65;-15.9971;-1.6084;SHORT
2026-01-19;RIFUSDT;326;65;6.9714;0.676;LONG
2026-01-19;RLCUSDT;326;65;-3.3369;-7.8101;MID
2026-01-19;RONINUSDT;326;65;12.2713;0.611;LONG
2026-01-19;ROSEUSDT;326;65;66.6667;-6.9521;LONG
2026-01-19;RSRUSDT;326;65;-7.1212;-5.0571;MID
2026-01-19;RUNEUSDT;326;65;9.3588;-11.0954;LONG
2026-01-19;RVNUSDT;326;65;-5.2561;0.1422;MID
2026-01-19;SAGAUSDT;326;65;6.7649;-19.9568;LONG
2026-01-19;SAHARAUSDT;326;65;-6.702;-2.2321;MID
2026-01-19;SANDUSDT;326;65;19.2717;-2.1681;LONG
2026-01-19;SANTOSUSDT;326;65;18.2548;-1.0602;LONG
2026-01-19;SAPIENUSDT;326;65;-7.7106;-5.807;MID
2026-01-19;SCRTUSDT;326;65;50.4604;-8.2007;LONG
2026-01-19;SCRUSDT;326;65;5.1742;-3.8859;LONG
2026-01-19;SEIUSDT;326;65;-6.8412;-4.3518;MID
2026-01-19;SENTUSDT;326;65;-52.7142;24.2047;SHORT
2026-01-19;SHELLUSDT;326;65;25.7219;-20.9894;LONG
2026-01-19;SIGNUSDT;326;65;-8.445;1.9075;SHORT
2026-01-19;SKLUSDT;326;65;-0.2964;-4.1625;MID
2026-01-19;SKYUSDT;326;65;15.455;0.7307;LONG
2026-01-19;SNXUSDT;326;65;-4.1575;-5.7078;MID
2026-01-19;SOLUSDT;326;65;-4.1328;-6.8976;MID
2026-01-19;SOLVUSDT;326;65;-6.2348;3.7133;MID
2026-01-19;SOMIUSDT;326;65;-17.821;20.4534;SHORT
2026-01-19;SOPHUSDT;326;65;3.9472;0.4472;MID
2026-01-19;SPELLUSDT;326;65;-3.4548;-6.3788;MID
2026-01-19;SPKUSDT;326;65;-5.7946;1.1759;MID
2026-01-19;SSVUSDT;326;65;8.7527;0.4184;LONG
2026-01-19;STEEMUSDT;326;65;-3.8274;-2.1464;MID
2026-01-19;STGUSDT;326;65;20.6349;14.0789;LONG
2026-01-19;STORJUSDT;326;65;-2.6258;-5.2434;MID
2026-01-19;STOUSDT;326;65;32.0427;-13.3873;LONG
2026-01-19;STRAXUSDT;326;65;0.0;0.0;MID
2026-01-19;STRKUSDT;326;65;1.3614;-15.3846;MID
2026-01-19;STXUSDT;326;65;-14.3198;-7.7994;SHORT
2026-01-19;SUIUSDT;326;65;-11.0259;-7.9063;SHORT
2026-01-19;SUNUSDT;326;65;1.0497;-6.3335;MID
2026-01-19;SUPERUSDT;326;65;-5.1492;-3.5008;MID
2026-01-19;SUSDT;326;65;-6.1804;-11.975;MID
2026-01-19;SUSHIUSDT;326;65;0.1273;-5.6898;MID
2026-01-19;SXTUSDT;326;65;7.0869;1.6819;LONG
2026-01-19;SYNUSDT;326;65;-8.1665;-10.4429;MID
2026-01-19;SYRUPUSDT;326;65;-8.2498;-4.6667;MID
2026-01-19;SYSUSDT;326;65;7.5066;-7.4707;LONG
2026-01-19;TAOUSDT;326;65;-9.6943;-7.6853;SHORT
2026-01-19;THETAUSDT;326;65;11.6158;-15.5638;LONG
2026-01-19;THEUSDT;326;65;-1.2908;-0.0409;MID
2026-01-19;TIAUSDT;326;65;-6.2158;-10.5359;MID
2026-01-19;TLMUSDT;326;65;-4.3348;-1.1216;MID
2026-01-19;TNSRUSDT;326;65;-3.6007;-9.6113;MID
2026-01-19;TONUSDT;326;65;-8.2335;-3.9092;MID
2026-01-19;TOWNSUSDT;326;65;12.0258;-7.8368;LONG
2026-01-19;TRBUSDT;326;65;2.4463;-7.8861;MID
2026-01-19;TREEUSDT;326;65;-3.4716;-4.3956;MID
2026-01-19;TRUMPUSDT;326;65;-6.2161;-4.1525;MID
2026-01-19;TRXUSDT;326;65;4.0311;-4.9238;MID
2026-01-19;TSTUSDT;326;65;-8.8554;-4.8249;SHORT
2026-01-19;TURBOUSDT;326;65;-11.7468;-7.9751;SHORT
2026-01-19;TURTLEUSDT;326;65;-14.6745;16.2183;SHORT
2026-01-19;TUSDT;326;65;1.2605;-5.9129;MID
2026-01-19;TUTUSDT;326;65;-3.83;-10.5787;MID
2026-01-19;TWTUSDT;326;65;5.3777;-8.6063;LONG
2026-01-19;UNIUSDT;326;65;-6.3572;-6.2712;MID
2026-01-19;USDCUSDT;326;65;-0.0434;0.0271;MID
2026-01-19;USTCUSDT;326;65;-1.0865;-4.4233;MID
2026-01-19;USUALUSDT;326;65;6.8216;-7.5439;LONG
2026-01-19;VANAUSDT;326;65;-3.9079;-3.2987;MID
2026-01-19;VANRYUSDT;326;65;12.8161;-16.8247;LONG
2026-01-19;VETUSDT;326;65;-4.0666;-6.4832;MID
2026-01-19;VIRTUALUSDT;326;65;-11.4912;-7.994;SHORT
2026-01-19;WALUSDT;326;65;-4.3597;-11.9658;MID
2026-01-19;WAXPUSDT;326;65;-0.6307;-1.9279;MID
2026-01-19;WCTUSDT;326;65;-0.9701;6.8035;MID
2026-01-19;WIFUSDT;326;65;-4.2842;-7.0255;MID
2026-01-19;WLDUSDT;326;65;-9.0844;-9.1611;SHORT
2026-01-19;WLFIUSDT;326;65;-2.3599;-3.8066;MID
2026-01-19;WUSDT;326;65;-6.3996;-12.931;MID
2026-01-19;XAIUSDT;326;65;0.8653;-9.9877;MID
2026-01-19;XLMUSDT;326;65;-1.5974;-3.9098;MID
2026-01-19;XPLUSDT;326;65;-12.7202;-6.7265;SHORT
2026-01-19;XRPUSDT;326;65;-3.2934;-4.1259;MID
2026-01-19;XTZUSDT;326;65;9.9099;-7.377;LONG
2026-01-19;XVGUSDT;326;65;3.8247;-0.5243;MID
2026-01-19;XVSUSDT;326;65;5.073;-5.9327;LONG
2026-01-19;YGGUSDT;326;65;-0.8165;-1.0562;MID
2026-01-19;ZBTUSDT;326;65;-11.7438;-4.7379;SHORT
2026-01-19;ZECUSDT;326;65;-9.2803;-0.393;SHORT
2026-01-19;ZENUSDT;326;65;25.8024;-16.9094;LONG
2026-01-19;ZILUSDT;326;65;-5.1878;-7.9245;MID
2026-01-19;ZKCUSDT;326;65;-4.5037;37.9211;MID
2026-01-19;ZKPUSDT;326;65;-8.9717;-1.9479;SHORT
2026-01-19;ZKUSDT;326;65;-3.0084;-12.3449;MID
2026-01-19;ZROUSDT;326;65;21.1735;13.3782;LONG
2026-01-19;ZRXUSDT;326;65;-2.2595;-0.3729;MID
2026-01-19;币安人生USDT;326;65;31.5124;-26.6287;LONG
2026-01-26;0GUSDT;97;19;14.3;-28.75;LONG
2026-01-26;1000BONKUSDT;97;19;-6.8851;-16.9916;MID
2026-01-26;1000LUNCUSDT;97;19;-3.0573;-2.7332;MID
2026-01-26;1000PEPEUSDT;97;19;-5.0797;-15.1458;MID
2026-01-26;1000SHIBUSDT;97;19;-5.4074;-10.7315;MID
2026-01-26;AAVEUSDT;97;19;-5.9265;-16.7716;MID
2026-01-26;ACEUSDT;97;19;-2.8458;-16.3954;MID
2026-01-26;ADAUSDT;97;19;-4.8906;-15.0852;MID
2026-01-26;ALGOUSDT;97;19;0.9098;-14.0984;LONG
2026-01-26;APTUSDT;97;19;-3.891;-17.4663;MID
2026-01-26;ARBUSDT;97;19;-12.0538;-19.3529;SHORT
2026-01-26;ARUSDT;97;19;-13.0026;-24.4898;SHORT
2026-01-26;ASTERUSDT;97;19;3.594;-11.408;LONG
2026-01-26;AVAXUSDT;97;19;-7.9745;-13.4295;MID
2026-01-26;BCHUSDT;97;19;-0.9287;-6.7247;MID
2026-01-26;BIOUSDT;97;19;-5.7029;-27.1145;MID
2026-01-26;BNBUSDT;97;19;-4.7818;-12.0145;MID
2026-01-26;BTCUSDT;97;19;-4.6323;-10.8811;MID
2026-01-26;C98USDT;97;19;-9.322;12.6168;SHORT
2026-01-26;CHZUSDT;97;19;-4.6256;-15.5015;MID
2026-01-26;DASHUSDT;97;19;-20.557;-26.4608;SHORT
2026-01-26;DOGEUSDT;97;19;-5.2754;-11.8008;MID
2026-01-26;DOTUSDT;97;19;-7.5444;-17.8133;MID
2026-01-26;DUSDT;97;19;-0.8958;-4.0263;MID
2026-01-26;DYMUSDT;97;19;-8.1361;-18.7884;MID
2026-01-26;EIGENUSDT;97;19;-5.2217;-21.976;MID
2026-01-26;ENAUSDT;97;19;-13.1552;-17.1598;SHORT
2026-01-26;ENSOUSDT;97;19;149.5031;-19.2331;LONG
2026-01-26;ETCUSDT;97;19;-5.3083;-13.8125;MID
2026-01-26;ETHFIUSDT;97;19;-7.1561;-17.093;MID
2026-01-26;ETHUSDT;97;19;-8.1276;-19.917;MID
2026-01-26;FETUSDT;97;19;-11.3792;-16.0617;SHORT
2026-01-26;FILUSDT;97;19;-8.3213;-14.6803;MID
2026-01-26;GALAUSDT;97;19;-9.5808;-20.6954;SHORT
2026-01-26;GIGGLEUSDT;97;19;-14.8917;-22.734;SHORT
2026-01-26;HBARUSDT;97;19;-3.8534;-12.5493;MID
2026-01-26;ICPUSDT;97;19;-13.7655;-19.2273;SHORT
2026-01-26;INITUSDT;97;19;5.1826;-9.5185;LONG
2026-01-26;INJUSDT;97;19;-8.3109;-17.6099;MID
2026-01-26;IOUSDT;97;19;0.5825;-20.0772;LONG
2026-01-26;JTOUSDT;97;19;-3.9069;-12.7451;MID
2026-01-26;JUPUSDT;97;19;-5.6436;-0.6821;MID
2026-01-26;KITEUSDT;97;19;15.0908;31.4239;LONG
2026-01-26;LINEAUSDT;97;19;11.5893;-30.1138;LONG
2026-01-26;LINKUSDT;97;19;-7.2688;-17.9214;MID
2026-01-26;LTCUSDT;97;19;-1.5124;-13.9351;MID
2026-01-26;MANTAUSDT;97;19;-0.2515;-7.1474;LONG
2026-01-26;NEARUSDT;97;19;-8.516;-17.8645;MID
2026-01-26;NILUSDT;97;19;-1.8673;-26.9526;MID
2026-01-26;ONDOUSDT;97;19;-4.7933;-14.3503;MID
2026-01-26;OPENUSDT;97;19;5.5728;-3.2845;LONG
2026-01-26;OPUSDT;97;19;-6.8232;-22.8082;MID
2026-01-26;ORDIUSDT;97;19;-11.3498;-21.0661;SHORT
2026-01-26;PAXGUSDT;97;19;7.9977;-5.1992;LONG
2026-01-26;PENDLEUSDT;97;19;-1.0143;-18.9256;MID
2026-01-26;PENGUUSDT;97;19;-6.9678;-19.0664;MID
2026-01-26;POLUSDT;97;19;-12.6;-4.3266;SHORT
2026-01-26;PROVEUSDT;97;19;-2.86;-10.6305;MID
2026-01-26;PUMPUSDT;97;19;2.6525;-11.3326;LONG
2026-01-26;PYTHUSDT;97;19;-2.7939;-10.9837;MID
2026-01-26;RADUSDT;97;19;0.0;0.0;LONG
2026-01-26;RAREUSDT;97;19;-2.054;-18.7573;MID
2026-01-26;RENDERUSDT;97;19;-8.486;-16.2803;MID
2026-01-26;RESOLVUSDT;97;19;28.2765;-34.6396;LONG
2026-01-26;RIFUSDT;97;19;0.676;13.1077;LONG
2026-01-26;RUNEUSDT;97;19;-11.0954;-17.1955;SHORT
2026-01-26;SAGAUSDT;97;19;-19.9568;-25.4103;SHORT
2026-01-26;SAHARAUSDT;97;19;-2.2321;-22.9556;MID
2026-01-26;SANDUSDT;97;19;-2.1681;-22.8705;MID
2026-01-26;SEIUSDT;97;19;-4.3518;-16.019;MID
2026-01-26;SENTUSDT;97;19;24.2047;40.5716;LONG
2026-01-26;SOLUSDT;97;19;-6.8976;-15.8641;MID
2026-01-26;SOMIUSDT;97;19;20.4534;-12.1931;LONG
2026-01-26;STRAXUSDT;97;19;0.0;0.0;LONG
2026-01-26;STRKUSDT;97;19;-15.3846;-18.759;SHORT
2026-01-26;SUIUSDT;97;19;-7.9063;-20.3991;MID
2026-01-26;SUSDT;97;19;-11.975;-22.1695;SHORT
2026-01-26;TAOUSDT;97;19;-7.6853;-14.8083;MID
2026-01-26;TIAUSDT;97;19;-10.5359;-15.1768;SHORT
2026-01-26;TNSRUSDT;97;19;-9.6113;-16.6471;SHORT
2026-01-26;TONUSDT;97;19;-3.9092;-10.4528;MID
2026-01-26;TRUMPUSDT;97;19;-4.1525;-11.1435;MID
2026-01-26;TRXUSDT;97;19;-4.9238;-4.4501;MID
2026-01-26;TSTUSDT;97;19;-4.8249;-18.0556;MID
2026-01-26;UNIUSDT;97;19;-6.2712;-16.6737;MID
2026-01-26;VETUSDT;97;19;-6.4832;-14.9615;MID
2026-01-26;VIRTUALUSDT;97;19;-7.994;-20.0075;MID
2026-01-26;WIFUSDT;97;19;-7.0255;-22.273;MID
2026-01-26;WLDUSDT;97;19;-9.1611;-10.5206;MID
2026-01-26;WLFIUSDT;97;19;-3.8066;-18.1533;MID
2026-01-26;XLMUSDT;97;19;-3.9098;-13.7996;MID
2026-01-26;XPLUSDT;97;19;-6.7265;-16.6667;MID
2026-01-26;XRPUSDT;97;19;-4.1259;-14.9335;MID
2026-01-26;ZECUSDT;97;19;-0.393;-19.5766;MID
2026-01-26;ZENUSDT;97;19;-16.9094;-25.4791;SHORT
2026-01-26;ZROUSDT;97;19;13.3782;-10.5773;LONG
2026-01-26;币安人生USDT;97;19;-26.6287;-16.5993;SHORT
2026-02-02;0GUSDT;97;19;-28.75;-16.3435;SHORT
2026-02-02;1000BONKUSDT;97;19;-16.9916;-13.8132;MID
2026-02-02;1000LUNCUSDT;97;19;-2.7332;-6.3767;LONG
2026-02-02;1000PEPEUSDT;97;19;-15.1458;-10.1817;MID
2026-02-02;1000SHIBUSDT;97;19;-10.7315;-11.1483;MID
2026-02-02;AAVEUSDT;97;19;-16.7716;-12.1843;MID
2026-02-02;ACEUSDT;97;19;-16.3954;-14.5985;MID
2026-02-02;ADAUSDT;97;19;-15.0852;-9.7692;MID
2026-02-02;ALGOUSDT;97;19;-14.0984;-8.5878;MID
2026-02-02;APTUSDT;97;19;-17.4663;-18.5261;MID
2026-02-02;ARBUSDT;97;19;-19.3529;-17.5055;MID
2026-02-02;ARUSDT;97;19;-24.4898;-24.0461;SHORT
2026-02-02;ASTERUSDT;97;19;-11.408;6.1916;MID
2026-02-02;AVAXUSDT;97;19;-13.4295;-10.789;MID
2026-02-02;BCHUSDT;97;19;-6.7247;-1.2294;LONG
2026-02-02;BIOUSDT;97;19;-27.1145;-18.6467;SHORT
2026-02-02;BNBUSDT;97;19;-12.0145;-17.7986;MID
2026-02-02;BTCUSDT;97;19;-10.8811;-10.9057;MID
2026-02-02;C98USDT;97;19;12.6168;7.4689;LONG
2026-02-02;CHZUSDT;97;19;-15.5015;-13.1037;MID
2026-02-02;DASHUSDT;97;19;-26.4608;-17.1623;SHORT
2026-02-02;DOGEUSDT;97;19;-11.8008;-10.9411;MID
2026-02-02;DOTUSDT;97;19;-17.8133;-14.4062;MID
2026-02-02;DUSDT;97;19;-4.0263;-18.0651;LONG
2026-02-02;DYMUSDT;97;19;-18.7884;-12.8178;MID
2026-02-02;EIGENUSDT;97;19;-21.976;-19.8422;SHORT
2026-02-02;ENAUSDT;97;19;-17.1598;-14.0714;MID
2026-02-02;ENSOUSDT;97;19;-19.2331;8.9853;MID
2026-02-02;ETCUSDT;97;19;-13.8125;-12.4172;MID
2026-02-02;ETHFIUSDT;97;19;-17.093;-10.4588;MID
2026-02-02;ETHUSDT;97;19;-19.917;-10.2999;MID
2026-02-02;FETUSDT;97;19;-16.0617;-12.973;MID
2026-02-02;FILUSDT;97;19;-14.6803;-13.4135;MID
2026-02-02;GALAUSDT;97;19;-20.6954;-14.405;SHORT
2026-02-02;GIGGLEUSDT;97;19;-22.734;-16.5215;SHORT
2026-02-02;HBARUSDT;97;19;-12.5493;-1.2128;MID
2026-02-02;ICPUSDT;97;19;-19.2273;-10.2336;MID
2026-02-02;INITUSDT;97;19;-9.5185;-17.8218;LONG
2026-02-02;INJUSDT;97;19;-17.6099;-13.7657;MID
2026-02-02;IOUSDT;97;19;-20.0772;-16.4251;MID
2026-02-02;JTOUSDT;97;19;-12.7451;-17.8123;MID
2026-02-02;JUPUSDT;97;19;-0.6821;-19.9155;LONG
2026-02-02;KITEUSDT;97;19;31.4239;24.1015;LONG
2026-02-02;LINEAUSDT;97;19;-30.1138;-29.2242;SHORT
2026-02-02;LINKUSDT;97;19;-17.9214;-9.8867;MID
2026-02-02;LTCUSDT;97;19;-13.9351;-9.2713;MID
2026-02-02;MANTAUSDT;97;19;-7.1474;-7.4124;LONG
2026-02-02;NEARUSDT;97;19;-17.8645;-14.25;MID
2026-02-02;NILUSDT;97;19;-26.9526;-9.9339;SHORT
2026-02-02;ONDOUSDT;97;19;-14.3503;-11.862;MID
2026-02-02;OPENUSDT;97;19;-3.2845;-1.6374;LONG
2026-02-02;OPUSDT;97;19;-22.8082;-17.7546;SHORT
2026-02-02;ORDIUSDT;97;19;-21.0661;-10.0162;SHORT
2026-02-02;PAXGUSDT;97;19;-5.1992;5.0589;LONG
2026-02-02;PENDLEUSDT;97;19;-18.9256;-27.7288;MID
2026-02-02;PENGUUSDT;97;19;-19.0664;-18.4055;MID
2026-02-02;POLUSDT;97;19;-4.3266;-17.1584;LONG
2026-02-02;PROVEUSDT;97;19;-10.6305;-5.4227;MID
2026-02-02;PUMPUSDT;97;19;-11.3326;-16.7361;MID
2026-02-02;PYTHUSDT;97;19;-10.9837;-11.9546;MID
2026-02-02;RADUSDT;97;19;0.0;0.0;LONG
2026-02-02;RAREUSDT;97;19;-18.7573;-3.6807;MID
2026-02-02;RENDERUSDT;97;19;-16.2803;-14.7892;MID
2026-02-02;RESOLVUSDT;97;19;-34.6396;-22.9122;SHORT
2026-02-02;RIFUSDT;97;19;13.1077;-6.2455;LONG
2026-02-02;RUNEUSDT;97;19;-17.1955;-11.9675;MID
2026-02-02;SAGAUSDT;97;19;-25.4103;-12.312;SHORT
2026-02-02;SAHARAUSDT;97;19;-22.9556;-17.7263;SHORT
2026-02-02;SANDUSDT;97;19;-22.8705;-14.6208;SHORT
2026-02-02;SEIUSDT;97;19;-16.019;-15.8014;MID
2026-02-02;SENTUSDT;97;19;40.5716;-31.1328;LONG
2026-02-02;SOLUSDT;97;19;-15.8641;-17.008;MID
2026-02-02;SOMIUSDT;97;19;-12.1931;-18.7325;MID
2026-02-02;STRAXUSDT;97;19;0.0;0.0;LONG
2026-02-02;STRKUSDT;97;19;-18.759;-14.2096;MID
2026-02-02;SUIUSDT;97;19;-20.3991;-16.2343;SHORT
2026-02-02;SUSDT;97;19;-22.1695;-21.706;SHORT
2026-02-02;TAOUSDT;97;19;-14.8083;-20.1615;MID
2026-02-02;TIAUSDT;97;19;-15.1768;-12.4502;MID
2026-02-02;TNSRUSDT;97;19;-16.6471;-11.1044;MID
2026-02-02;TONUSDT;97;19;-10.4528;-0.469;LONG
2026-02-02;TRUMPUSDT;97;19;-11.1435;-21.2377;MID
2026-02-02;TRXUSDT;97;19;-4.4501;-1.4901;LONG
2026-02-02;TSTUSDT;97;19;-18.0556;-14.2373;MID
2026-02-02;UNIUSDT;97;19;-16.6737;-10.9865;MID
2026-02-02;VETUSDT;97;19;-14.9615;-8.0711;MID
2026-02-02;VIRTUALUSDT;97;19;-20.0075;-11.3137;MID
2026-02-02;WIFUSDT;97;19;-22.273;-11.2897;SHORT
2026-02-02;WLDUSDT;97;19;-10.5206;-5.5258;LONG
2026-02-02;WLFIUSDT;97;19;-18.1533;-16.4236;MID
2026-02-02;XLMUSDT;97;19;-13.7996;-10.7005;MID
2026-02-02;XPLUSDT;97;19;-16.6667;-19.6154;MID
2026-02-02;XRPUSDT;97;19;-14.9335;-11.2793;MID
2026-02-02;ZECUSDT;97;19;-19.5766;-18.725;MID
2026-02-02;ZENUSDT;97;19;-25.4791;-12.858;SHORT
2026-02-02;ZROUSDT;97;19;-10.5773;2.5052;LONG
2026-02-02;币安人生USDT;97;19;-16.5993;-22.2543;MID
2026-02-09;0GUSDT;97;19;-16.3435;19.3893;MID
2026-02-09;1000BONKUSDT;97;19;-13.8132;5.9981;MID
2026-02-09;1000LUNCUSDT;97;19;-6.3767;1.1255;LONG
2026-02-09;1000PEPEUSDT;97;19;-10.1817;17.3407;MID
2026-02-09;1000SHIBUSDT;97;19;-11.1483;7.5839;MID
2026-02-09;AAVEUSDT;97;19;-12.1843;12.6676;MID
2026-02-09;ACEUSDT;97;19;-14.5985;-1.9943;MID
2026-02-09;ADAUSDT;97;19;-9.7692;5.9325;MID
2026-02-09;ALGOUSDT;97;19;-8.5878;-1.357;MID
2026-02-09;APTUSDT;97;19;-18.5261;-10.8124;SHORT
2026-02-09;ARBUSDT;97;19;-17.5055;1.7683;MID
2026-02-09;ARUSDT;97;19;-24.0461;6.4887;SHORT
2026-02-09;ASTERUSDT;97;19;6.1916;21.0299;LONG
2026-02-09;AVAXUSDT;97;19;-10.789;2.3104;MID
2026-02-09;BCHUSDT;97;19;-1.2294;6.7717;LONG
2026-02-09;BIOUSDT;97;19;-18.6467;-7.1133;SHORT
2026-02-09;BNBUSDT;97;19;-17.7986;-1.4566;MID
2026-02-09;BTCUSDT;97;19;-10.9057;-1.78;MID
2026-02-09;C98USDT;97;19;7.4689;18.5328;LONG
2026-02-09;CHZUSDT;97;19;-13.1037;3.9631;MID
2026-02-09;DASHUSDT;97;19;-17.1623;4.3848;MID
2026-02-09;DOGEUSDT;97;19;-10.9411;5.1223;MID
2026-02-09;DOTUSDT;97;19;-14.4062;4.2456;MID
2026-02-09;DUSDT;97;19;-18.0651;-14.7335;SHORT
2026-02-09;DYMUSDT;97;19;-12.8178;14.9193;MID
2026-02-09;EIGENUSDT;97;19;-19.8422;4.9705;SHORT
2026-02-09;ENAUSDT;97;19;-14.0714;2.3275;MID
2026-02-09;ENSOUSDT;97;19;8.9853;-16.3049;LONG
2026-02-09;ETCUSDT;97;19;-12.4172;2.7936;MID
2026-02-09;ETHFIUSDT;97;19;-10.4588;7.6527;MID
2026-02-09;ETHUSDT;97;19;-10.2999;-5.0671;MID
2026-02-09;FETUSDT;97;19;-12.973;7.4534;MID
2026-02-09;FILUSDT;97;19;-13.4135;4.4872;MID
2026-02-09;GALAUSDT;97;19;-14.405;1.2195;MID
2026-02-09;GIGGLEUSDT;97;19;-16.5215;4.2713;MID
2026-02-09;HBARUSDT;97;19;-1.2128;10.3542;LONG
2026-02-09;ICPUSDT;97;19;-10.2336;-0.2065;MID
2026-02-09;INITUSDT;97;19;-17.8218;91.1295;SHORT
2026-02-09;INJUSDT;97;19;-13.7657;0.3808;MID
2026-02-09;IOUSDT;97;19;-16.4251;4.1426;MID
2026-02-09;JTOUSDT;97;19;-17.8123;8.9666;MID
2026-02-09;JUPUSDT;97;19;-19.9155;7.5198;SHORT
2026-02-09;KITEUSDT;97;19;24.1015;10.101;LONG
2026-02-09;LINEAUSDT;97;19;-29.2242;17.4816;SHORT
2026-02-09;LINKUSDT;97;19;-9.8867;1.0983;MID
2026-02-09;LTCUSDT;97;19;-9.2713;1.2681;MID
2026-02-09;MANTAUSDT;97;19;-7.4124;17.6686;LONG
2026-02-09;NEARUSDT;97;19;-14.25;2.6239;MID
2026-02-09;NILUSDT;97;19;-9.9339;29.0309;MID
2026-02-09;ONDOUSDT;97;19;-11.862;11.1422;MID
2026-02-09;OPENUSDT;97;19;-1.6374;-1.5413;LONG
2026-02-09;OPUSDT;97;19;-17.7546;0.582;MID
2026-02-09;ORDIUSDT;97;19;-10.0162;1.1131;MID
2026-02-09;PAXGUSDT;97;19;5.0589;-0.7894;LONG
2026-02-09;PENDLEUSDT;97;19;-27.7288;10.272;SHORT
2026-02-09;PENGUUSDT;97;19;-18.4055;14.5146;SHORT
2026-02-09;POLUSDT;97;19;-17.1584;14.7339;MID
2026-02-09;PROVEUSDT;97;19;-5.4227;1.1097;LONG
2026-02-09;PUMPUSDT;97;19;-16.7361;10.75;MID
2026-02-09;PYTHUSDT;97;19;-11.9546;24.3178;MID
2026-02-09;RADUSDT;97;19;0.0;0.0;LONG
2026-02-09;RAREUSDT;97;19;-3.6807;1.0422;LONG
2026-02-09;RENDERUSDT;97;19;-14.7892;7.164;MID
2026-02-09;RESOLVUSDT;97;19;-22.9122;-4.7377;SHORT
2026-02-09;RIFUSDT;97;19;-6.2455;-18.2371;LONG
2026-02-09;RUNEUSDT;97;19;-11.9675;-1.07;MID
2026-02-09;SAGAUSDT;97;19;-12.312;9.8793;MID
2026-02-09;SAHARAUSDT;97;19;-17.7263;5.239;MID
2026-02-09;SANDUSDT;97;19;-14.6208;0.6754;MID
2026-02-09;SEIUSDT;97;19;-15.8014;2.4129;MID
2026-02-09;SENTUSDT;97;19;-31.1328;-15.2991;SHORT
2026-02-09;SOLUSDT;97;19;-17.008;-0.369;MID
2026-02-09;SOMIUSDT;97;19;-18.7325;12.3853;SHORT
2026-02-09;STRAXUSDT;97;19;0.0;0.0;LONG
2026-02-09;STRKUSDT;97;19;-14.2096;2.0704;MID
2026-02-09;SUIUSDT;97;19;-16.2343;3.1071;MID
2026-02-09;SUSDT;97;19;-21.706;19.0905;SHORT
2026-02-09;TAOUSDT;97;19;-20.1615;24.7817;SHORT
2026-02-09;TIAUSDT;97;19;-12.4502;4.7908;MID
2026-02-09;TNSRUSDT;97;19;-11.1044;25.1417;MID
2026-02-09;TONUSDT;97;19;-0.469;6.6333;LONG
2026-02-09;TRUMPUSDT;97;19;-21.2377;0.5655;SHORT
2026-02-09;TRXUSDT;97;19;-1.4901;1.9463;LONG
2026-02-09;TSTUSDT;97;19;-14.2373;13.4387;MID
2026-02-09;UNIUSDT;97;19;-10.9865;3.0641;MID
2026-02-09;VETUSDT;97;19;-8.0711;4.9267;MID
2026-02-09;VIRTUALUSDT;97;19;-11.3137;15.0764;MID
2026-02-09;WIFUSDT;97;19;-11.2897;4.2863;MID
2026-02-09;WLDUSDT;97;19;-5.5258;4.0196;LONG
2026-02-09;WLFIUSDT;97;19;-16.4236;-7.6217;MID
2026-02-09;XLMUSDT;97;19;-10.7005;6.3456;MID
2026-02-09;XPLUSDT;97;19;-19.6154;22.2488;SHORT
2026-02-09;XRPUSDT;97;19;-11.2793;3.4881;MID
2026-02-09;ZECUSDT;97;19;-18.725;22.398;SHORT
2026-02-09;ZENUSDT;97;19;-12.858;5.1811;MID
2026-02-09;ZROUSDT;97;19;2.5052;-6.6786;LONG
2026-02-09;币安人生USDT;97;19;-22.2543;-0.2813;SHORT
2026-02-16;0GUSDT;97;19;19.3893;-3.6826;LONG
2026-02-16;1000BONKUSDT;97;19;5.9981;-10.9218;MID
2026-02-16;1000LUNCUSDT;97;19;1.1255;-0.742;MID
2026-02-16;1000PEPEUSDT;97;19;17.3407;-11.403;LONG
2026-02-16;1000SHIBUSDT;97;19;7.5839;-8.511;MID
2026-02-16;AAVEUSDT;97;19;12.6676;-9.7699;MID
2026-02-16;ACEUSDT;97;19;-1.9943;-13.6628;SHORT
2026-02-16;ADAUSDT;97;19;5.9325;-8.2254;MID
2026-02-16;ALGOUSDT;97;19;-1.357;-11.3228;SHORT
2026-02-16;APTUSDT;97;19;-10.8124;-12.8338;SHORT
2026-02-16;ARBUSDT;97;19;1.7683;-18.6794;MID
2026-02-16;ARUSDT;97;19;6.4887;-8.8452;MID
2026-02-16;ASTERUSDT;97;19;21.0299;-3.7057;LONG
2026-02-16;AVAXUSDT;97;19;2.3104;-9.6813;MID
2026-02-16;BCHUSDT;97;19;6.7717;-12.9165;MID
2026-02-16;BIOUSDT;97;19;-7.1133;3.0794;SHORT
2026-02-16;BNBUSDT;97;19;-1.4566;-4.9318;SHORT
2026-02-16;BTCUSDT;97;19;-1.78;-6.1524;SHORT
2026-02-16;C98USDT;97;19;18.5328;-17.2638;LONG
2026-02-16;CHZUSDT;97;19;3.9631;-18.8204;MID
2026-02-16;DASHUSDT;97;19;4.3848;-16.146;MID
2026-02-16;DOGEUSDT;97;19;5.1223;-8.2599;MID
2026-02-16;DOTUSDT;97;19;4.2456;-8.0727;MID
2026-02-16;DUSDT;97;19;-14.7335;-14.3382;SHORT
2026-02-16;DYMUSDT;97;19;14.9193;-19.2534;LONG
2026-02-16;EIGENUSDT;97;19;4.9705;-13.549;MID
2026-02-16;ENAUSDT;97;19;2.3275;-20.065;MID
2026-02-16;ENSOUSDT;97;19;-16.3049;81.1234;SHORT
2026-02-16;ETCUSDT;97;19;2.7936;-5.3901;MID
2026-02-16;ETHFIUSDT;97;19;7.6527;-6.1318;MID
2026-02-16;ETHUSDT;97;19;-5.0671;-7.1034;SHORT
2026-02-16;FETUSDT;97;19;7.4534;-11.2139;MID
2026-02-16;FILUSDT;97;19;4.4872;-8.998;MID
2026-02-16;GALAUSDT;97;19;1.2195;-15.4217;MID
2026-02-16;GIGGLEUSDT;97;19;4.2713;-22.0138;MID
2026-02-16;HBARUSDT;97;19;10.3542;-6.6161;MID
2026-02-16;ICPUSDT;97;19;-0.2065;-13.7003;MID
2026-02-16;INITUSDT;97;19;91.1295;-32.7634;LONG
2026-02-16;INJUSDT;97;19;0.3808;4.8688;MID
2026-02-16;IOUSDT;97;19;4.1426;1.7576;MID
2026-02-16;JTOUSDT;97;19;8.9666;2.1033;MID
2026-02-16;JUPUSDT;97;19;7.5198;-10.8589;MID
2026-02-16;KITEUSDT;97;19;10.101;17.0696;MID
2026-02-16;LINEAUSDT;97;19;17.4816;-13.9282;LONG
2026-02-16;LINKUSDT;97;19;1.0983;-7.47;MID
2026-02-16;LTCUSDT;97;19;1.2681;-6.8784;MID
2026-02-16;MANTAUSDT;97;19;17.6686;-20.7726;LONG
2026-02-16;NEARUSDT;97;19;2.6239;-7.197;MID
2026-02-16;NILUSDT;97;19;29.0309;-21.2613;LONG
2026-02-16;ONDOUSDT;97;19;11.1422;-10.7438;MID
2026-02-16;OPENUSDT;97;19;-1.5413;-9.9562;SHORT
2026-02-16;OPUSDT;97;19;0.582;-35.9285;MID
2026-02-16;ORDIUSDT;97;19;1.1131;-17.5426;MID
2026-02-16;PAXGUSDT;97;19;-0.7894;5.1387;SHORT
2026-02-16;PENDLEUSDT;97;19;10.272;-4.974;MID
2026-02-16;PENGUUSDT;97;19;14.5146;-13.3745;LONG
2026-02-16;POLUSDT;97;19;14.7339;-1.5706;LONG
2026-02-16;PROVEUSDT;97;19;1.1097;-15.2134;MID
2026-02-16;PUMPUSDT;97;19;10.75;-19.1874;MID
2026-02-16;PYTHUSDT;97;19;24.3178;-11.2906;LONG
2026-02-16;RADUSDT;97;19;0.0;0.0;MID
2026-02-16;RAREUSDT;97;19;1.0422;-12.4263;MID
2026-02-16;RENDERUSDT;97;19;7.164;-5.1688;MID
2026-02-16;RESOLVUSDT;97;19;-4.7377;6.2044;SHORT
2026-02-16;RIFUSDT;97;19;-18.2371;8.6741;SHORT
2026-02-16;RUNEUSDT;97;19;-1.07;-5.3097;SHORT
2026-02-16;SAGAUSDT;97;19;9.8793;-15.4669;MID
2026-02-16;SAHARAUSDT;97;19;5.239;-9.6453;MID
2026-02-16;SANDUSDT;97;19;0.6754;-10.6424;MID
2026-02-16;SEIUSDT;97;19;2.4129;-12.9581;MID
2026-02-16;SENTUSDT;97;19;-15.2991;10.2761;SHORT
2026-02-16;SOLUSDT;97;19;-0.369;-9.8623;SHORT
2026-02-16;SOMIUSDT;97;19;12.3853;-0.7143;MID
2026-02-16;STRAXUSDT;97;19;0.0;0.0;MID
2026-02-16;STRKUSDT;97;19;2.0704;-18.1542;MID
2026-02-16;SUIUSDT;97;19;3.1071;-11.3888;MID
2026-02-16;SUSDT;97;19;19.0905;-18.9912;LONG
2026-02-16;TAOUSDT;97;19;24.7817;-14.4771;LONG
2026-02-16;TIAUSDT;97;19;4.7908;-13.3102;MID
2026-02-16;TNSRUSDT;97;19;25.1417;-14.4203;LONG
2026-02-16;TONUSDT;97;19;6.6333;-7.2977;MID
2026-02-16;TRUMPUSDT;97;19;0.5655;-2.19;MID
2026-02-16;TRXUSDT;97;19;1.9463;-0.995;MID
2026-02-16;TSTUSDT;97;19;13.4387;-16.5505;LONG
2026-02-16;UNIUSDT;97;19;3.0641;-7.0853;MID
2026-02-16;VETUSDT;97;19;4.9267;-11.9673;MID
2026-02-16;VIRTUALUSDT;97;19;15.0764;-10.3069;LONG
2026-02-16;WIFUSDT;97;19;4.2863;-15.1271;MID
2026-02-16;WLDUSDT;97;19;4.0196;-7.6542;MID
2026-02-16;WLFIUSDT;97;19;-7.6217;9.2445;SHORT
2026-02-16;XLMUSDT;97;19;6.3456;-10.8491;MID
2026-02-16;XPLUSDT;97;19;22.2488;-14.8728;LONG
2026-02-16;XRPUSDT;97;19;3.4881;-9.0958;MID
2026-02-16;ZECUSDT;97;19;22.398;-19.2245;LONG
2026-02-16;ZENUSDT;97;19;5.1811;-14.0603;MID
2026-02-16;ZROUSDT;97;19;-6.6786;-13.0709;SHORT
2026-02-16;币安人生USDT;97;19;-0.2813;-41.7531;SHORT
2026-02-23;1000LUNCUSDT;32;6;-0.742;21.7366;LONG
2026-02-23;1000PEPEUSDT;32;6;-11.403;-11.3655;MID
2026-02-23;AAVEUSDT;32;6;-9.7699;6.6451;MID
2026-02-23;ADAUSDT;32;6;-8.2254;5.5683;MID
2026-02-23;ALGOUSDT;32;6;-11.3228;5.0119;MID
2026-02-23;ARUSDT;32;6;-8.8452;-11.752;MID
2026-02-23;ASTERUSDT;32;6;-3.7057;-1.0832;LONG
2026-02-23;AVAXUSDT;32;6;-9.6813;9.7141;MID
2026-02-23;BTCUSDT;32;6;-6.1524;6.4618;LONG
2026-02-23;DOGEUSDT;32;6;-8.2599;0.95;MID
2026-02-23;DOTUSDT;32;6;-8.0727;19.2247;MID
2026-02-23;ENAUSDT;32;6;-20.065;15.6504;SHORT
2026-02-23;ETHUSDT;32;6;-7.1034;9.2279;MID
2026-02-23;HBARUSDT;32;6;-6.6161;3.2683;MID
2026-02-23;ICPUSDT;32;6;-13.7003;14.7722;MID
2026-02-23;JUPUSDT;32;6;-10.8589;21.4728;MID
2026-02-23;KITEUSDT;32;6;17.0696;-10.2399;LONG
2026-02-23;NEARUSDT;32;6;-7.197;38.4694;MID
2026-02-23;OPUSDT;32;6;-35.9285;2.2989;SHORT
2026-02-23;PAXGUSDT;32;6;5.1387;2.0295;LONG
2026-02-23;PENGUUSDT;32;6;-13.3745;11.0055;MID
2026-02-23;PUMPUSDT;32;6;-19.1874;10.2793;SHORT
2026-02-23;RENDERUSDT;32;6;-5.1688;-0.8721;LONG
2026-02-23;SAHARAUSDT;32;6;-9.6453;79.3388;MID
2026-02-23;SOLUSDT;32;6;-9.8623;11.1982;MID
2026-02-23;SUIUSDT;32;6;-11.3888;4.9477;MID
2026-02-23;TAOUSDT;32;6;-14.4771;9.7975;MID
2026-02-23;UNIUSDT;32;6;-7.0853;17.4043;MID
2026-02-23;XPLUSDT;32;6;-14.8728;20.1149;SHORT
2026-02-23;XRPUSDT;32;6;-9.0958;2.8197;MID
2026-02-23;ZECUSDT;32;6;-19.2245;-5.8279;SHORT
2026-02-23;币安人生USDT;32;6;-41.7531;3.8056;SHORT
2026-03-02;1000LUNCUSDT;32;6;21.7366;-0.4724;LONG
2026-03-02;1000PEPEUSDT;32;6;-11.3655;-7.1908;SHORT
2026-03-02;AAVEUSDT;32;6;6.6451;-12.716;MID
2026-03-02;ADAUSDT;32;6;5.5683;-7.8757;MID
2026-03-02;ALGOUSDT;32;6;5.0119;-5.4545;MID
2026-03-02;ARUSDT;32;6;-11.752;-2.7489;SHORT
2026-03-02;ASTERUSDT;32;6;-1.0832;0.951;SHORT
2026-03-02;AVAXUSDT;32;6;9.7141;0.9705;MID
2026-03-02;BTCUSDT;32;6;6.4618;-0.5926;MID
2026-03-02;DOGEUSDT;32;6;0.95;-3.3045;MID
2026-03-02;DOTUSDT;32;6;19.2247;-0.9954;LONG
2026-03-02;ENAUSDT;32;6;15.6504;-11.4236;MID
2026-03-02;ETHUSDT;32;6;9.2279;-1.6978;MID
2026-03-02;HBARUSDT;32;6;3.2683;-3.7774;MID
2026-03-02;ICPUSDT;32;6;14.7722;2.3402;MID
2026-03-02;JUPUSDT;32;6;21.4728;-9.3484;LONG
2026-03-02;KITEUSDT;32;6;-10.2399;33.6043;SHORT
2026-03-02;NEARUSDT;32;6;38.4694;-9.1378;LONG
2026-03-02;OPUSDT;32;6;2.2989;-5.0562;MID
2026-03-02;PAXGUSDT;32;6;2.0295;-4.0571;MID
2026-03-02;PENGUUSDT;32;6;11.0055;-0.913;MID
2026-03-02;PUMPUSDT;32;6;10.2793;-1.1145;MID
2026-03-02;RENDERUSDT;32;6;-0.8721;2.1261;SHORT
2026-03-02;SAHARAUSDT;32;6;79.3388;-3.725;LONG
2026-03-02;SOLUSDT;32;6;11.1982;-1.9402;MID
2026-03-02;SUIUSDT;32;6;4.9477;2.1025;MID
2026-03-02;TAOUSDT;32;6;9.7975;4.097;MID
2026-03-02;UNIUSDT;32;6;17.4043;-1.732;MID
2026-03-02;XPLUSDT;32;6;20.1149;-13.11;LONG
2026-03-02;XRPUSDT;32;6;2.8197;-1.9506;MID
2026-03-02;ZECUSDT;32;6;-5.8279;-4.1853;SHORT
2026-03-02;币安人生USDT;32;6;3.8056;5.0325;MID
2026-03-09;1000LUNCUSDT;45;9;-0.4724;1.0679;MID
2026-03-09;1000PEPEUSDT;45;9;-7.1908;22.9006;SHORT
2026-03-09;AAVEUSDT;45;9;-12.716;14.6529;SHORT
2026-03-09;ADAUSDT;45;9;-7.8757;13.8431;SHORT
2026-03-09;ALGOUSDT;45;9;-5.4545;16.7067;MID
2026-03-09;ARUSDT;45;9;-2.7489;21.0427;MID
2026-03-09;ASTERUSDT;45;9;0.951;6.5087;MID
2026-03-09;AVAXUSDT;45;9;0.9705;13.1965;LONG
2026-03-09;BLURUSDT;45;9;-5.5805;9.3404;MID
2026-03-09;BTCUSDT;45;9;-0.5926;9.434;MID
2026-03-09;CETUSUSDT;45;9;-1.9453;17.483;MID
2026-03-09;CRVUSDT;45;9;-3.2;4.9587;MID
2026-03-09;DOGEUSDT;45;9;-3.3045;13.9018;MID
2026-03-09;DOTUSDT;45;9;-0.9954;9.9196;MID
2026-03-09;ENAUSDT;45;9;-11.4236;18.5516;SHORT
2026-03-09;ETHUSDT;45;9;-1.6978;18.0386;MID
2026-03-09;HBARUSDT;45;9;-3.7774;6.3554;MID
2026-03-09;HUMAUSDT;45;9;24.118;5.6072;LONG
2026-03-09;ICPUSDT;45;9;2.3402;13.0666;LONG
2026-03-09;JSTUSDT;45;9;4.5481;10.7794;LONG
2026-03-09;JUPUSDT;45;9;-9.3484;5.75;SHORT
2026-03-09;KITEUSDT;45;9;33.6043;-29.3012;LONG
2026-03-09;MINAUSDT;45;9;-5.6439;13.4815;MID
2026-03-09;NEARUSDT;45;9;-9.1378;20.8435;SHORT
2026-03-09;NOMUSDT;45;9;-6.3629;-3.6795;MID
2026-03-09;ONGUSDT;45;9;-6.5756;6.1034;SHORT
2026-03-09;ONTUSDT;45;9;-8.545;11.3636;SHORT
2026-03-09;OPUSDT;45;9;-5.0562;16.0609;MID
2026-03-09;PAXGUSDT;45;9;-4.0571;-2.7683;MID
2026-03-09;PENGUUSDT;45;9;-0.913;15.0446;MID
2026-03-09;PUMPUSDT;45;9;-1.1145;10.4508;MID
2026-03-09;RAYUSDT;45;9;0.0;0.0;MID
2026-03-09;RENDERUSDT;45;9;2.1261;38.7653;LONG
2026-03-09;SAHARAUSDT;45;9;-3.725;-3.4304;MID
2026-03-09;SKLUSDT;45;9;0.9202;4.8632;MID
2026-03-09;SOLUSDT;45;9;-1.9402;13.2258;MID
2026-03-09;SOLVUSDT;45;9;-2.5876;14.4889;MID
2026-03-09;STOUSDT;45;9;0.7793;8.9159;MID
2026-03-09;SUIUSDT;45;9;2.1025;13.8733;LONG
2026-03-09;TAOUSDT;45;9;4.097;44.2252;LONG
2026-03-09;UNIUSDT;45;9;-1.732;7.6724;MID
2026-03-09;XPLUSDT;45;9;-13.11;36.1233;SHORT
2026-03-09;XRPUSDT;45;9;-1.9506;13.2139;MID
2026-03-09;ZECUSDT;45;9;-4.1853;29.1721;MID
2026-03-09;币安人生USDT;45;9;5.0325;-0.4284;LONG
2026-03-16;1000LUNCUSDT;45;9;1.0679;-8.5936;SHORT
2026-03-16;1000PEPEUSDT;45;9;22.9006;-13.8579;LONG
2026-03-16;AAVEUSDT;45;9;14.6529;-9.8102;MID
2026-03-16;ADAUSDT;45;9;13.8431;-9.9208;MID
2026-03-16;ALGOUSDT;45;9;16.7067;-9.9897;MID
2026-03-16;ARUSDT;45;9;21.0427;-0.6746;LONG
2026-03-16;ASTERUSDT;45;9;6.5087;-11.0292;MID
2026-03-16;AVAXUSDT;45;9;13.1965;-8.7865;MID
2026-03-16;BLURUSDT;45;9;9.3404;-7.722;MID
2026-03-16;BTCUSDT;45;9;9.434;-5.3182;MID
2026-03-16;CETUSUSDT;45;9;17.483;24.6438;MID
2026-03-16;CRVUSDT;45;9;4.9587;-13.7795;SHORT
2026-03-16;DOGEUSDT;45;9;13.9018;-8.6513;MID
2026-03-16;DOTUSDT;45;9;9.9196;-13.5366;MID
2026-03-16;ENAUSDT;45;9;18.5516;-21.59;LONG
2026-03-16;ETHUSDT;45;9;18.0386;-8.5323;LONG
2026-03-16;HBARUSDT;45;9;6.3554;-7.063;MID
2026-03-16;HUMAUSDT;45;9;5.6072;4.7773;MID
2026-03-16;ICPUSDT;45;9;13.0666;-12.965;MID
2026-03-16;JSTUSDT;45;9;10.7794;12.5789;MID
2026-03-16;JUPUSDT;45;9;5.75;-9.3381;MID
2026-03-16;KITEUSDT;45;9;-29.3012;11.9123;SHORT
2026-03-16;MINAUSDT;45;9;13.4815;-4.9119;MID
2026-03-16;NEARUSDT;45;9;20.8435;-12.0805;LONG
2026-03-16;NOMUSDT;45;9;-3.6795;-27.634;SHORT
2026-03-16;ONGUSDT;45;9;6.1034;-3.1085;MID
2026-03-16;ONTUSDT;45;9;11.3636;-4.7619;MID
2026-03-16;OPUSDT;45;9;16.0609;-17.48;MID
2026-03-16;PAXGUSDT;45;9;-2.7683;-11.0654;SHORT
2026-03-16;PENGUUSDT;45;9;15.0446;-12.3139;MID
2026-03-16;PUMPUSDT;45;9;10.4508;-16.0019;MID
2026-03-16;RAYUSDT;45;9;0.0;0.0;SHORT
2026-03-16;RENDERUSDT;45;9;38.7653;-12.7781;LONG
2026-03-16;SAHARAUSDT;45;9;-3.4304;11.772;SHORT
2026-03-16;SKLUSDT;45;9;4.8632;-9.4203;SHORT
2026-03-16;SOLUSDT;45;9;13.2258;-4.9303;MID
2026-03-16;SOLVUSDT;45;9;14.4889;-21.303;MID
2026-03-16;STOUSDT;45;9;8.9159;19.7479;MID
2026-03-16;SUIUSDT;45;9;13.8733;-11.223;MID
2026-03-16;TAOUSDT;45;9;44.2252;4.6791;LONG
2026-03-16;UNIUSDT;45;9;7.6724;-13.6976;MID
2026-03-16;XPLUSDT;45;9;36.1233;-21.8447;LONG
2026-03-16;XRPUSDT;45;9;13.2139;-7.1716;MID
2026-03-16;ZECUSDT;45;9;29.1721;-17.5006;LONG
2026-03-16;币安人生USDT;45;9;-0.4284;-19.2798;SHORT
2026-03-23;1000LUNCUSDT;45;9;-8.5936;-7.1153;MID
2026-03-23;1000PEPEUSDT;45;9;-13.8579;-3.969;SHORT
2026-03-23;AAVEUSDT;45;9;-9.8102;-12.1655;MID
2026-03-23;ADAUSDT;45;9;-9.9208;-6.9598;MID
2026-03-23;ALGOUSDT;45;9;-9.9897;-5.9497;MID
2026-03-23;ARUSDT;45;9;-0.6746;-11.86;LONG
2026-03-23;ASTERUSDT;45;9;-11.0292;1.2653;MID
2026-03-23;AVAXUSDT;45;9;-8.7865;-7.8967;MID
2026-03-23;BLURUSDT;45;9;-7.722;-10.8787;MID
2026-03-23;BTCUSDT;45;9;-5.3182;-5.7877;MID
2026-03-23;CETUSUSDT;45;9;24.6438;-11.05;LONG
2026-03-23;CRVUSDT;45;9;-13.7795;-1.8265;MID
2026-03-23;DOGEUSDT;45;9;-8.6513;-3.5077;MID
2026-03-23;DOTUSDT;45;9;-13.5366;-12.3413;MID
2026-03-23;ENAUSDT;45;9;-21.59;-2.5614;SHORT
2026-03-23;ETHUSDT;45;9;-8.5323;-5.8261;MID
2026-03-23;HBARUSDT;45;9;-7.063;-6.3976;MID
2026-03-23;HUMAUSDT;45;9;4.7773;-16.9654;LONG
2026-03-23;ICPUSDT;45;9;-12.965;-6.888;MID
2026-03-23;JSTUSDT;45;9;12.5789;-4.1633;LONG
2026-03-23;JUPUSDT;45;9;-9.3381;-1.5645;MID
2026-03-23;KITEUSDT;45;9;11.9123;-27.2581;LONG
2026-03-23;MINAUSDT;45;9;-4.9119;-9.5075;MID
2026-03-23;NEARUSDT;45;9;-12.0805;-11.4504;MID
2026-03-23;NOMUSDT;45;9;-27.634;50.4896;SHORT
2026-03-23;ONGUSDT;45;9;-3.1085;7.4913;MID
2026-03-23;ONTUSDT;45;9;-4.7619;100.2381;MID
2026-03-23;OPUSDT;45;9;-17.48;-6.5313;SHORT
2026-03-23;PAXGUSDT;45;9;-11.0654;1.4535;MID
2026-03-23;PENGUUSDT;45;9;-12.3139;-8.8768;MID
2026-03-23;PUMPUSDT;45;9;-16.0019;-8.5036;SHORT
2026-03-23;RAYUSDT;45;9;0.0;0.0;LONG
2026-03-23;RENDERUSDT;45;9;-12.7781;-0.2372;MID
2026-03-23;SAHARAUSDT;45;9;11.772;-12.2321;LONG
2026-03-23;SKLUSDT;45;9;-9.4203;-7.36;MID
2026-03-23;SOLUSDT;45;9;-4.9303;-9.7265;MID
2026-03-23;SOLVUSDT;45;9;-21.303;-8.1298;SHORT
2026-03-23;STOUSDT;45;9;19.7479;81.2341;LONG
2026-03-23;SUIUSDT;45;9;-11.223;-9.3238;MID
2026-03-23;TAOUSDT;45;9;4.6791;6.2647;LONG
2026-03-23;UNIUSDT;45;9;-13.6976;-2.9847;MID
2026-03-23;XPLUSDT;45;9;-21.8447;-8.5921;SHORT
2026-03-23;XRPUSDT;45;9;-7.1716;-7.551;MID
2026-03-23;ZECUSDT;45;9;-17.5006;-1.1912;SHORT
2026-03-23;币安人生USDT;45;9;-19.2798;-12.2779;SHORT
2026-03-30;1000LUNCUSDT;45;9;-7.1153;0.7467;MID
2026-03-30;1000PEPEUSDT;45;9;-3.969;0.0633;MID
2026-03-30;AAVEUSDT;45;9;-12.1655;-4.0384;SHORT
2026-03-30;ADAUSDT;45;9;-6.9598;1.0275;MID
2026-03-30;ALGOUSDT;45;9;-5.9497;44.0389;MID
2026-03-30;ARUSDT;45;9;-11.86;-2.8453;SHORT
2026-03-30;ASTERUSDT;45;9;1.2653;-1.6957;LONG
2026-03-30;AVAXUSDT;45;9;-7.8967;0.9766;MID
2026-03-30;BLURUSDT;45;9;-10.8787;4.7535;MID
2026-03-30;BTCUSDT;45;9;-5.7877;3.0757;MID
2026-03-30;CETUSUSDT;45;9;-11.05;-12.0419;SHORT
2026-03-30;CRVUSDT;45;9;-1.8265;-3.7209;MID
2026-03-30;DOGEUSDT;45;9;-3.5077;-0.2754;MID
2026-03-30;DOTUSDT;45;9;-12.3413;-0.2414;SHORT
2026-03-30;ENAUSDT;45;9;-2.5614;-10.6243;MID
2026-03-30;ETHUSDT;45;9;-5.8261;3.9715;MID
2026-03-30;HBARUSDT;45;9;-6.3976;0.1606;MID
2026-03-30;HUMAUSDT;45;9;-16.9654;-4.4224;SHORT
2026-03-30;ICPUSDT;45;9;-6.888;2.2282;MID
2026-03-30;JSTUSDT;45;9;-4.1633;9.5438;MID
2026-03-30;JUPUSDT;45;9;-1.5645;5.7616;MID
2026-03-30;KITEUSDT;45;9;-27.2581;-10.0878;SHORT
2026-03-30;MINAUSDT;45;9;-9.5075;3.5274;MID
2026-03-30;NEARUSDT;45;9;-11.4504;7.5862;SHORT
2026-03-30;NOMUSDT;45;9;50.4896;25.7709;LONG
2026-03-30;ONGUSDT;45;9;7.4913;28.3692;LONG
2026-03-30;ONTUSDT;45;9;100.2381;-0.1189;LONG
2026-03-30;OPUSDT;45;9;-6.5313;3.5883;MID
2026-03-30;PAXGUSDT;45;9;1.4535;2.9101;LONG
2026-03-30;PENGUUSDT;45;9;-8.8768;-2.0673;MID
2026-03-30;PUMPUSDT;45;9;-8.5036;1.2674;MID
2026-03-30;RAYUSDT;45;9;0.0;0.0;LONG
2026-03-30;RENDERUSDT;45;9;-0.2372;10.5826;LONG
2026-03-30;SAHARAUSDT;45;9;-12.2321;-11.3684;SHORT
2026-03-30;SKLUSDT;45;9;-7.36;6.563;MID
2026-03-30;SOLUSDT;45;9;-9.7265;-3.0905;MID
2026-03-30;SOLVUSDT;45;9;-8.1298;24.5705;MID
2026-03-30;STOUSDT;45;9;81.2341;0.2003;LONG
2026-03-30;SUIUSDT;45;9;-9.3238;0.7527;MID
2026-03-30;TAOUSDT;45;9;6.2647;0.4528;LONG
2026-03-30;UNIUSDT;45;9;-2.9847;-11.0408;MID
2026-03-30;XPLUSDT;45;9;-8.5921;35.7871;MID
2026-03-30;XRPUSDT;45;9;-7.551;-0.2493;MID
2026-03-30;ZECUSDT;45;9;-1.1912;11.3903;MID
2026-03-30;币安人生USDT;45;9;-12.2779;59.4284;SHORT
2026-04-06;1000LUNCUSDT;45;9;0.7467;15.5641;MID
2026-04-06;1000PEPEUSDT;45;9;0.0633;13.0118;MID
2026-04-06;AAVEUSDT;45;9;-4.0384;11.0752;SHORT
2026-04-06;ADAUSDT;45;9;1.0275;1.1391;MID
2026-04-06;ALGOUSDT;45;9;44.0389;-7.8547;LONG
2026-04-06;ARUSDT;45;9;-2.8453;10.8603;MID
2026-04-06;ASTERUSDT;45;9;-1.6957;2.2242;MID
2026-04-06;AVAXUSDT;45;9;0.9766;8.6257;MID
2026-04-06;BLURUSDT;45;9;4.7535;20.2801;MID
2026-04-06;BTCUSDT;45;9;3.0757;8.0896;MID
2026-04-06;CETUSUSDT;45;9;-12.0419;7.9004;SHORT
2026-04-06;CRVUSDT;45;9;-3.7209;6.7633;SHORT
2026-04-06;DOGEUSDT;45;9;-0.2754;3.9324;MID
2026-04-06;DOTUSDT;45;9;-0.2414;-1.129;MID
2026-04-06;ENAUSDT;45;9;-10.6243;23.6029;SHORT
2026-04-06;ETHUSDT;45;9;3.9715;12.4712;MID
2026-04-06;HBARUSDT;45;9;0.1606;0.4694;MID
2026-04-06;HUMAUSDT;45;9;-4.4224;30.7489;SHORT
2026-04-06;ICPUSDT;45;9;2.2282;9.5902;MID
2026-04-06;JSTUSDT;45;9;9.5438;15.6178;LONG
2026-04-06;JUPUSDT;45;9;5.7616;7.0758;MID
2026-04-06;KITEUSDT;45;9;-10.0878;-9.4659;SHORT
2026-04-06;MINAUSDT;45;9;3.5274;6.1183;MID
2026-04-06;NEARUSDT;45;9;7.5862;13.5417;MID
2026-04-06;NOMUSDT;45;9;25.7709;-20.5803;LONG
2026-04-06;ONGUSDT;45;9;28.3692;5.7766;LONG
2026-04-06;ONTUSDT;45;9;-0.1189;-2.381;MID
2026-04-06;OPUSDT;45;9;3.5883;6.0164;MID
2026-04-06;PAXGUSDT;45;9;2.9101;2.1072;MID
2026-04-06;PENGUUSDT;45;9;-2.0673;12.41;MID
2026-04-06;PUMPUSDT;45;9;1.2674;14.6007;MID
2026-04-06;RAYUSDT;45;9;0.0;0.0;MID
2026-04-06;RENDERUSDT;45;9;10.5826;3.172;LONG
2026-04-06;SAHARAUSDT;45;9;-11.3684;7.4584;SHORT
2026-04-06;SKLUSDT;45;9;6.563;5.5105;MID
2026-04-06;SOLUSDT;45;9;-3.0905;8.1791;SHORT
2026-04-06;SOLVUSDT;45;9;24.5705;11.7616;LONG
2026-04-06;STOUSDT;45;9;0.2003;-21.3872;MID
2026-04-06;SUIUSDT;45;9;0.7527;10.2632;MID
2026-04-06;TAOUSDT;45;9;0.4528;-16.6667;MID
2026-04-06;UNIUSDT;45;9;-11.0408;4.4926;SHORT
2026-04-06;XPLUSDT;45;9;35.7871;16.5138;LONG
2026-04-06;XRPUSDT;45;9;-0.2493;4.166;MID
2026-04-06;ZECUSDT;45;9;11.3903;46.4131;LONG
2026-04-06;币安人生USDT;45;9;59.4284;191.7572;LONG
2026-04-13;0GUSDT;306;61;16.696;-2.8112;LONG
2026-04-13;1000BONKUSDT;306;61;8.4959;-0.1798;MID
2026-04-13;1000CHEEMSUSDT;306;61;12.0482;7.3646;LONG
2026-04-13;1000FLOKIUSDT;306;61;10.7423;5.4564;MID
2026-04-13;1000LUNCUSDT;306;61;15.5641;1.1876;LONG
2026-04-13;1000PEPEUSDT;306;61;13.0118;0.088;LONG
2026-04-13;1000SATSUSDT;306;61;4.5872;29.8246;MID
2026-04-13;1000SHIBUSDT;306;61;3.0033;-0.05;MID
2026-04-13;1MBABYDOGEUSDT;306;61;3.6545;4.1913;MID
2026-04-13;2ZUSDT;306;61;-5.1291;4.6125;SHORT
2026-04-13;AAVEUSDT;306;61;11.0752;-12.2287;MID
2026-04-13;ACEUSDT;306;61;-2.3236;6.0793;SHORT
2026-04-13;ACHUSDT;306;61;6.042;2.028;MID
2026-04-13;ACTUSDT;306;61;17.2355;4.294;LONG
2026-04-13;ADAUSDT;306;61;1.1391;-0.3218;MID
2026-04-13;AEVOUSDT;306;61;-1.4919;11.3371;SHORT
2026-04-13;AIUSDT;306;61;7.3012;13.4577;MID
2026-04-13;AIXBTUSDT;306;61;11.9805;2.6451;LONG
2026-04-13;ALGOUSDT;306;61;-7.8547;-5.4079;SHORT
2026-04-13;ALICEUSDT;306;61;3.7037;43.3929;MID
2026-04-13;ALLOUSDT;306;61;6.6523;-0.0176;MID
2026-04-13;ALTUSDT;306;61;12.3427;6.2042;LONG
2026-04-13;ANIMEUSDT;306;61;2.812;-0.8761;MID
2026-04-13;APEUSDT;306;61;8.8942;14.128;MID
2026-04-13;API3USDT;306;61;4.6647;11.8384;MID
2026-04-13;APTUSDT;306;61;4.2513;7.1019;MID
2026-04-13;ARBUSDT;306;61;21.1538;12.0811;LONG
2026-04-13;ARKMUSDT;306;61;8.8421;29.0135;MID
2026-04-13;ARPAUSDT;306;61;1.8519;6.631;MID
2026-04-13;ARUSDT;306;61;10.8603;15.1348;MID
2026-04-13;ASTERUSDT;306;61;2.2242;0.2812;MID
2026-04-13;ATOMUSDT;306;61;4.4066;1.238;MID
2026-04-13;ATUSDT;306;61;16.5168;-4.5789;LONG
2026-04-13;AUCTIONUSDT;306;61;3.2618;-1.4963;MID
2026-04-13;AUSDT;306;61;1.2829;1.9313;MID
2026-04-13;AVAXUSDT;306;61;8.6257;-4.0377;MID
2026-04-13;AVNTUSDT;306;61;1.5567;-1.2409;MID
2026-04-13;AWEUSDT;306;61;6.2538;-4.0644;MID
2026-04-13;AXLUSDT;306;61;2.9694;14.7795;MID
2026-04-13;AXSUSDT;306;61;2.0909;-1.5138;MID
2026-04-13;BABYUSDT;306;61;13.7549;12.5782;LONG
2026-04-13;BANANAS31USDT;306;61;21.2653;-12.2098;LONG
2026-04-13;BANANAUSDT;306;61;5.6291;7.666;MID
2026-04-13;BANDUSDT;306;61;0.8671;8.0229;MID
2026-04-13;BANKUSDT;306;61;-2.8173;-6.5294;SHORT
2026-04-13;BARDUSDT;306;61;12.2654;-9.1343;LONG
2026-04-13;BATUSDT;306;61;-1.5952;9.3212;SHORT
2026-04-13;BBUSDT;306;61;10.9699;-2.8626;MID
2026-04-13;BCHUSDT;306;61;0.7635;1.1868;MID
2026-04-13;BELUSDT;306;61;-4.0338;8.5044;SHORT
2026-04-13;BERAUSDT;306;61;6.7679;-3.1333;MID
2026-04-13;BICOUSDT;306;61;-8.5871;16.1962;SHORT
2026-04-13;BIOUSDT;306;61;6.0486;46.322;MID
2026-04-13;BLURUSDT;306;61;20.2801;59.0592;LONG
2026-04-13;BNBUSDT;306;61;2.4548;2.3359;MID
2026-04-13;BOMEUSDT;306;61;18.78;29.6031;LONG
2026-04-13;BREVUSDT;306;61;10.5769;-1.0277;MID
2026-04-13;BROCCOLI714USDT;306;61;42.1096;-16.3982;LONG
2026-04-13;BTCUSDT;306;61;8.0896;1.889;MID
2026-04-13;CAKEUSDT;306;61;11.7129;-3.5286;MID
2026-04-13;CATIUSDT;306;61;-6.8683;-5.4683;SHORT
2026-04-13;CELOUSDT;306;61;-2.3462;3.3342;SHORT
2026-04-13;CETUSUSDT;306;61;7.9004;29.4885;MID
2026-04-13;CFGUSDT;306;61;28.8698;22.8789;LONG
2026-04-13;CFXUSDT;306;61;11.8744;6.919;LONG
2026-04-13;CHRUSDT;306;61;5.7803;9.0164;MID
2026-04-13;CHZUSDT;306;61;-0.8284;25.0606;MID
2026-04-13;CKBUSDT;306;61;4.1809;-0.4605;MID
2026-04-13;COMPUSDT;306;61;25.1945;22.0363;LONG
2026-04-13;COSUSDT;306;61;1.4038;-2.443;MID
2026-04-13;COTIUSDT;306;61;3.6172;11.3455;MID
2026-04-13;COWUSDT;306;61;7.1463;-18.6305;MID
2026-04-13;CRVUSDT;306;61;6.7633;4.5249;MID
2026-04-13;CTSIUSDT;306;61;-4.5732;6.7093;SHORT
2026-04-13;CUSDT;306;61;-13.2494;10.9481;SHORT
2026-04-13;DASHUSDT;306;61;37.7748;-17.2631;LONG
2026-04-13;DEGOUSDT;306;61;-22.2716;-41.0146;SHORT
2026-04-13;DENTUSDT;306;61;-3.0488;-52.8302;SHORT
2026-04-13;DEXEUSDT;306;61;10.2364;44.7671;MID
2026-04-13;DIAUSDT;306;61;-2.6515;5.6698;SHORT
2026-04-13;DOGEUSDT;306;61;3.9324;1.1266;MID
2026-04-13;DOGSUSDT;306;61;5.5351;16.0839;MID
2026-04-13;DOLOUSDT;306;61;-0.9454;5.4495;SHORT
2026-04-13;DOTUSDT;306;61;-1.129;4.323;SHORT
2026-04-13;DUSDT;306;61;-23.7559;9.2817;SHORT
2026-04-13;DUSKUSDT;306;61;39.5785;-10.4091;LONG
2026-04-13;DYDXUSDT;306;61;5.3191;35.9596;MID
2026-04-13;DYMUSDT;306;61;-13.602;8.5131;SHORT
2026-04-13;EDENUSDT;306;61;2.2691;6.2812;MID
2026-04-13;EDUUSDT;306;61;9.6081;44.799;MID
2026-04-13;EIGENUSDT;306;61;9.1447;8.6197;MID
2026-04-13;ENAUSDT;306;61;23.6029;11.0351;LONG
2026-04-13;ENJUSDT;306;61;122.0356;40.5455;LONG
2026-04-13;ENSOUSDT;306;61;0.926;-10.6971;MID
2026-04-13;ENSUSDT;306;61;6.0282;0.3532;MID
2026-04-13;ERAUSDT;306;61;-0.1564;6.8912;MID
2026-04-13;ESPUSDT;306;61;-1.8854;-11.7112;SHORT
2026-04-13;ETCUSDT;306;61;2.1608;-2.5218;MID
2026-04-13;ETHFIUSDT;306;61;-1.201;4.8853;SHORT
2026-04-13;ETHUSDT;306;61;12.4712;-2.3729;LONG
2026-04-13;EULUSDT;306;61;22.8368;15.4704;LONG
2026-04-13;FETUSDT;306;61;5.3492;-11.4981;MID
2026-04-13;FFUSDT;306;61;12.333;-6.2594;LONG
2026-04-13;FIDAUSDT;306;61;0.0;-1.2515;MID
2026-04-13;FILUSDT;306;61;7.1096;0.3264;MID
2026-04-13;FLOWUSDT;306;61;10.8344;7.9662;MID
2026-04-13;FOGOUSDT;306;61;-2.7838;7.8608;SHORT
2026-04-13;FORMUSDT;306;61;25.6817;-0.4734;LONG
2026-04-13;FRAXUSDT;306;61;8.7446;11.6859;MID
2026-04-13;FUNUSDT;306;61;-56.2543;-19.6875;SHORT
2026-04-13;FUSDT;306;61;6.8512;2.9264;MID
2026-04-13;GALAUSDT;306;61;6.2718;5.5738;MID
2026-04-13;GASUSDT;306;61;2.3284;-0.7585;MID
2026-04-13;GIGGLEUSDT;306;61;54.4335;-9.8618;LONG
2026-04-13;GLMRUSDT;306;61;0.0;0.0;MID
2026-04-13;GMTUSDT;306;61;6.2008;11.8628;MID
2026-04-13;GPSUSDT;306;61;11.1111;5.7732;MID
2026-04-13;GTCUSDT;306;61;5.6582;36.6719;MID
2026-04-13;GUNUSDT;306;61;6.0462;63.9974;MID
2026-04-13;HAEDALUSDT;306;61;2.0652;22.6837;MID
2026-04-13;HBARUSDT;306;61;0.4694;2.1766;MID
2026-04-13;HEIUSDT;306;61;2.8159;-4.7651;MID
2026-04-13;HEMIUSDT;306;61;3.7722;5.4178;MID
2026-04-13;HFTUSDT;306;61;-7.7131;9.5308;SHORT
2026-04-13;HIGHUSDT;306;61;-6.0015;148.2043;SHORT
2026-04-13;HMSTRUSDT;306;61;8.1871;4.3243;MID
2026-04-13;HOLOUSDT;306;61;16.557;-9.7993;LONG
2026-04-13;HOMEUSDT;306;61;2.0956;-19.1057;MID
2026-04-13;HOTUSDT;306;61;2.7919;4.1975;MID
2026-04-13;HUMAUSDT;306;61;30.7489;10.5154;LONG
2026-04-13;HYPERUSDT;306;61;1.435;3.2073;MID
2026-04-13;ICPUSDT;306;61;9.5902;-2.2673;MID
2026-04-13;IDUSDT;306;61;7.5041;-1.6388;MID
2026-04-13;ILVUSDT;306;61;17.9162;5.2361;LONG
2026-04-13;IMXUSDT;306;61;10.5498;12.4328;MID
2026-04-13;INITUSDT;306;61;-6.3715;19.8616;SHORT
2026-04-13;INJUSDT;306;61;7.3814;7.365;MID
2026-04-13;IOTAUSDT;306;61;-2.2609;3.2028;SHORT
2026-04-13;IOUSDT;306;61;8.8205;11.6871;MID
2026-04-13;JASMYUSDT;306;61;3.838;5.0083;MID
2026-04-13;JOEUSDT;306;61;23.0599;4.5108;LONG
2026-04-13;JSTUSDT;306;61;15.6178;-3.4565;LONG
2026-04-13;JTOUSDT;306;61;20.7281;3.6;LONG
2026-04-13;JUPUSDT;306;61;7.0758;-1.2865;MID
2026-04-13;KAITOUSDT;306;61;-3.0459;0.145;SHORT
2026-04-13;KATUSDT;306;61;-3.38;15.5609;SHORT
2026-04-13;KERNELUSDT;306;61;-13.3631;-21.2846;SHORT
2026-04-13;KITEUSDT;306;61;-9.4659;1.1226;SHORT
2026-04-13;KSMUSDT;306;61;5.3484;10.5263;MID
2026-04-13;LAYERUSDT;306;61;4.4406;0.7405;MID
2026-04-13;LDOUSDT;306;61;13.8925;4.4072;LONG
2026-04-13;LINEAUSDT;306;61;4.0099;1.5421;MID
2026-04-13;LINKUSDT;306;61;6.4248;-0.8227;MID
2026-04-13;LISTAUSDT;306;61;-11.2029;14.7104;SHORT
2026-04-13;LPTUSDT;306;61;3.8329;0.0947;MID
2026-04-13;LTCUSDT;306;61;2.0565;0.7327;MID
2026-04-13;LUMIAUSDT;306;61;17.8897;29.657;LONG
2026-04-13;MAGICUSDT;306;61;10.2632;4.1653;MID
2026-04-13;MANTAUSDT;306;61;7.5758;0.6277;MID
2026-04-13;MASKUSDT;306;61;3.1286;7.1011;MID
2026-04-13;MAVUSDT;306;61;-0.1383;8.3795;MID
2026-04-13;MBOXUSDT;306;61;-5.887;7.6078;SHORT
2026-04-13;MEMEUSDT;306;61;7.2058;7.823;MID
2026-04-13;METISUSDT;306;61;8.9463;21.9409;MID
2026-04-13;METUSDT;306;61;3.8662;5.2255;MID
2026-04-13;MEUSDT;306;61;4.2914;1.3397;MID
2026-04-13;MINAUSDT;306;61;6.1183;2.9173;MID
2026-04-13;MIRAUSDT;306;61;4.5261;0.4198;MID
2026-04-13;MITOUSDT;306;61;-3.3493;5.1705;SHORT
2026-04-13;MMTUSDT;306;61;5.4605;-0.4637;MID
2026-04-13;MORPHOUSDT;306;61;15.2631;5.8583;LONG
2026-04-13;MOVEUSDT;306;61;-1.0118;7.2118;SHORT
2026-04-13;MOVRUSDT;306;61;2.5043;64.1955;MID
2026-04-13;MUBARAKUSDT;306;61;10.7264;5.9497;MID
2026-04-13;NEARUSDT;306;61;13.5417;-3.952;LONG
2026-04-13;NEIROUSDT;306;61;24.5955;23.3294;LONG
2026-04-13;NEWTUSDT;306;61;4.7711;8.0579;MID
2026-04-13;NIGHTUSDT;306;61;-3.7037;-8.0998;SHORT
2026-04-13;NILUSDT;306;61;-9.1815;18.9149;SHORT
2026-04-13;NMRUSDT;306;61;6.7226;-2.7214;MID
2026-04-13;NOMUSDT;306;61;-20.5803;-19.1164;SHORT
2026-04-13;NOTUSDT;306;61;9.5775;2.5614;MID
2026-04-13;OGNUSDT;306;61;5.314;6.055;MID
2026-04-13;OGUSDT;306;61;4.0031;13.7145;MID
2026-04-13;ONDOUSDT;306;61;0.6646;-1.0097;MID
2026-04-13;ONGUSDT;306;61;5.7766;-8.4976;MID
2026-04-13;ONTUSDT;306;61;-2.381;-8.7805;SHORT
2026-04-13;OPENUSDT;306;61;10.6225;6.763;MID
2026-04-13;OPNUSDT;306;61;-12.9418;2.8107;SHORT
2026-04-13;OPUSDT;306;61;6.0164;6.5348;MID
2026-04-13;ORCAUSDT;306;61;7.9667;0.5507;MID
2026-04-13;ORDIUSDT;306;61;9.009;90.7123;MID
2026-04-13;PARTIUSDT;306;61;-44.0513;-8.0873;SHORT
2026-04-13;PAXGUSDT;306;61;2.1072;1.3592;MID
2026-04-13;PENDLEUSDT;306;61;9.0085;20.0814;MID
2026-04-13;PENGUUSDT;306;61;12.41;6.8004;LONG
2026-04-13;PEOPLEUSDT;306;61;10.0156;3.9829;MID
2026-04-13;PHAUSDT;306;61;15.1628;-21.7456;LONG
2026-04-13;PHBUSDT;306;61;-1.686;30.9753;SHORT
2026-04-13;PIXELUSDT;306;61;24.4234;-4.3506;LONG
2026-04-13;PLUMEUSDT;306;61;24.1676;7.7855;LONG
2026-04-13;PNUTUSDT;306;61;13.5714;23.4223;LONG
2026-04-13;POLUSDT;306;61;-4.7836;8.6576;SHORT
2026-04-13;POLYXUSDT;306;61;7.0696;1.5759;MID
2026-04-13;PORTALUSDT;306;61;-7.5085;76.0148;SHORT
2026-04-13;PROMUSDT;306;61;30.1075;69.2712;LONG
2026-04-13;PROVEUSDT;306;61;2.677;6.0097;MID
2026-04-13;PUMPUSDT;306;61;14.6007;-5.4602;LONG
2026-04-13;QNTUSDT;306;61;3.1161;-2.7197;MID
2026-04-13;QTUMUSDT;306;61;-0.8639;-0.3268;SHORT
2026-04-13;RADUSDT;306;61;0.0;0.0;MID
2026-04-13;RAREUSDT;306;61;2.5868;11.7452;MID
2026-04-13;RAYUSDT;306;61;0.0;0.0;MID
2026-04-13;REDUSDT;306;61;-20.1886;-6.9493;SHORT
2026-04-13;RENDERUSDT;306;61;3.172;-6.8265;MID
2026-04-13;RESOLVUSDT;306;61;5.0066;-19.6955;MID
2026-04-13;REZUSDT;306;61;0.0821;3.0096;MID
2026-04-13;RIFUSDT;306;61;8.8184;22.2519;MID
2026-04-13;RLCUSDT;306;61;-0.9018;10.5603;SHORT
2026-04-13;ROBOUSDT;306;61;29.8765;-8.4601;LONG
2026-04-13;ROSEUSDT;306;61;14.838;-0.364;LONG
2026-04-13;RSRUSDT;306;61;6.8074;14.1491;MID
2026-04-13;RUNEUSDT;306;61;5.2032;3.9616;MID
2026-04-13;SAGAUSDT;306;61;-2.0789;-34.5448;SHORT
2026-04-13;SAHARAUSDT;306;61;7.4584;-4.8187;MID
2026-04-13;SANDUSDT;306;61;4.4389;0.3887;MID
2026-04-13;SANTOSUSDT;306;61;3.0185;20.983;MID
2026-04-13;SAPIENUSDT;306;61;11.5946;25.8939;MID
2026-04-13;SCRTUSDT;306;61;4.827;22.6325;MID
2026-04-13;SCRUSDT;306;61;-1.9088;6.8106;SHORT
2026-04-13;SEIUSDT;306;61;5.77;-1.0981;MID
2026-04-13;SENTUSDT;306;61;3.4149;5.5452;MID
2026-04-13;SHELLUSDT;306;61;-0.9109;23.3231;SHORT
2026-04-13;SIGNUSDT;306;61;-1.4322;-41.6532;SHORT
2026-04-13;SKLUSDT;306;61;5.5105;9.063;MID
2026-04-13;SKYUSDT;306;61;-1.9816;3.6337;SHORT
2026-04-13;SLPUSDT;306;61;8.7904;6.7388;MID
2026-04-13;SNXUSDT;306;61;1.0309;-0.3401;MID
2026-04-13;SOLUSDT;306;61;8.1791;-1.4566;MID
2026-04-13;SOLVUSDT;306;61;11.7616;-13.7835;LONG
2026-04-13;SOMIUSDT;306;61;2.0669;-1.0125;MID
2026-04-13;SPELLUSDT;306;61;0.6305;4.7619;MID
2026-04-13;SPKUSDT;306;61;6.2376;26.4678;MID
2026-04-13;SSVUSDT;306;61;3.3119;20.5254;MID
2026-04-13;STGUSDT;306;61;13.6139;-12.5926;LONG
2026-04-13;STOUSDT;306;61;-21.3872;-20.8238;SHORT
2026-04-13;STRKUSDT;306;61;3.0117;8.5919;MID
2026-04-13;SUIUSDT;306;61;10.2632;-1.6469;MID
2026-04-13;SUNUSDT;306;61;4.6698;0.5646;MID
2026-04-13;SUPERUSDT;306;61;-2.8326;20.6714;SHORT
2026-04-13;SUSDT;306;61;6.4661;0.6774;MID
2026-04-13;SUSHIUSDT;306;61;3.4375;9.2649;MID
2026-04-13;SXTUSDT;306;61;0.1185;0.4734;MID
2026-04-13;SYNUSDT;306;61;-3.3046;11.6111;SHORT
2026-04-13;SYRUPUSDT;306;61;7.7455;-2.3591;MID
2026-04-13;SYSUSDT;306;61;-4.9393;-1.5497;SHORT
2026-04-13;TAOUSDT;306;61;-16.6667;-6.3867;SHORT
2026-04-13;THETAUSDT;306;61;15.251;27.4149;LONG
2026-04-13;THEUSDT;306;61;0.5988;2.2817;MID
2026-04-13;TIAUSDT;306;61;10.3846;19.829;MID
2026-04-13;TLMUSDT;306;61;4.8215;7.6464;MID
2026-04-13;TNSRUSDT;306;61;11.6746;-1.3473;MID
2026-04-13;TONUSDT;306;61;16.1659;-6.0587;LONG
2026-04-13;TOWNSUSDT;306;61;-3.9766;4.4302;SHORT
2026-04-13;TRBUSDT;306;61;8.7583;14.6937;MID
2026-04-13;TREEUSDT;306;61;-0.832;8.9706;MID
2026-04-13;TRUMPUSDT;306;61;1.1272;-0.0348;MID
2026-04-13;TRUUSDT;306;61;-3.3349;-50.4671;SHORT
2026-04-13;TRXUSDT;306;61;1.2172;2.6519;MID
2026-04-13;TSTUSDT;306;61;21.0638;6.8235;LONG
2026-04-13;TURBOUSDT;306;61;12.8189;5.468;LONG
2026-04-13;TURTLEUSDT;306;61;4.6236;-1.6211;MID
2026-04-13;TUTUSDT;306;61;10.9474;5.1233;MID
2026-04-13;TWTUSDT;306;61;9.5901;-0.1918;MID
2026-04-13;UMAUSDT;306;61;4.3101;9.309;MID
2026-04-13;UNIUSDT;306;61;4.4926;-0.0928;MID
2026-04-13;USTCUSDT;306;61;7.9662;7.6669;MID
2026-04-13;USUALUSDT;306;61;3.4594;10.4977;MID
2026-04-13;VANAUSDT;306;61;5.0319;5.3232;MID
2026-04-13;VANRYUSDT;306;61;2.3018;8.3741;MID
2026-04-13;VETUSDT;306;61;-0.6585;-0.0846;MID
2026-04-13;VICUSDT;306;61;0.0828;21.687;MID
2026-04-13;VIRTUALUSDT;306;61;11.2313;-1.5875;MID
2026-04-13;WALUSDT;306;61;2.3038;3.3075;MID
2026-04-13;WCTUSDT;306;61;5.1022;0.4229;MID
2026-04-13;WIFUSDT;306;61;12.8996;-1.1426;LONG
2026-04-13;WLDUSDT;306;61;28.1597;-15.2265;LONG
2026-04-13;WUSDT;306;61;-6.6717;2.1687;SHORT
2026-04-13;XAIUSDT;306;61;3.5165;11.8896;MID
2026-04-13;XAUTUSDT;306;61;2.2781;1.466;MID
2026-04-13;XLMUSDT;306;61;0.5017;11.2775;MID
2026-04-13;XPLUSDT;306;61;16.5138;-25.2684;LONG
2026-04-13;XRPUSDT;306;61;4.166;3.5195;MID
2026-04-13;XVGUSDT;306;61;10.8102;-25.1243;MID
2026-04-13;XVSUSDT;306;61;0.1832;-0.7681;MID
2026-04-13;YBUSDT;306;61;-0.4992;1.6722;MID
2026-04-13;YGGUSDT;306;61;9.002;3.7958;MID
2026-04-13;ZAMAUSDT;306;61;20.2226;5.8256;LONG
2026-04-13;ZBTUSDT;306;61;-4.3983;15.7472;SHORT
2026-04-13;ZECUSDT;306;61;46.4131;-15.2101;LONG
2026-04-13;ZENUSDT;306;61;16.6151;1.7416;LONG
2026-04-13;ZKCUSDT;306;61;1.17;0.0836;MID
2026-04-13;ZKPUSDT;306;61;4.0411;-4.0351;MID
2026-04-13;ZKUSDT;306;61;6.9174;2.3869;MID
2026-04-13;ZROUSDT;306;61;14.8989;-18.1528;LONG
2026-04-13;币安人生USDT;306;61;191.7572;131.7304;LONG
2026-04-20;0GUSDT;306;61;-2.8112;-5.5441;SHORT
2026-04-20;1000BONKUSDT;306;61;-0.1798;1.998;MID
2026-04-20;1000CHEEMSUSDT;306;61;7.3646;12.3205;MID
2026-04-20;1000FLOKIUSDT;306;61;5.4564;2.8425;MID
2026-04-20;1000LUNCUSDT;306;61;1.1876;58.4038;MID
2026-04-20;1000PEPEUSDT;306;61;0.088;4.0458;MID
2026-04-20;1000SATSUSDT;306;61;29.8246;-2.7703;LONG
2026-04-20;1000SHIBUSDT;306;61;-0.05;2.3671;MID
2026-04-20;1MBABYDOGEUSDT;306;61;4.1913;-2.8396;MID
2026-04-20;2ZUSDT;306;61;4.6125;4.3127;MID
2026-04-20;AAVEUSDT;306;61;-12.2287;7.739;SHORT
2026-04-20;ACEUSDT;306;61;6.0793;0.9967;MID
2026-04-20;ACHUSDT;306;61;2.028;14.6238;MID
2026-04-20;ACTUSDT;306;61;4.294;-1.6748;MID
2026-04-20;ADAUSDT;306;61;-0.3218;0.0404;MID
2026-04-20;AEVOUSDT;306;61;11.3371;0.2332;MID
2026-04-20;AIUSDT;306;61;13.4577;-19.8134;LONG
2026-04-20;AIXBTUSDT;306;61;2.6451;4.6923;MID
2026-04-20;ALGOUSDT;306;61;-5.4079;12.8876;SHORT
2026-04-20;ALICEUSDT;306;61;43.3929;-10.5853;LONG
2026-04-20;ALLOUSDT;306;61;-0.0176;-4.5026;MID
2026-04-20;ALTUSDT;306;61;6.2042;2.1907;MID
2026-04-20;ANIMEUSDT;306;61;-0.8761;2.5005;MID
2026-04-20;APEUSDT;306;61;14.128;38.7814;LONG
2026-04-20;API3USDT;306;61;11.8384;2.1793;LONG
2026-04-20;APTUSDT;306;61;7.1019;3.3048;MID
2026-04-20;ARBUSDT;306;61;12.0811;-0.4721;LONG
2026-04-20;ARKMUSDT;306;61;29.0135;-13.4933;LONG
2026-04-20;ARPAUSDT;306;61;6.631;-0.4012;MID
2026-04-20;ARUSDT;306;61;15.1348;-8.8432;LONG
2026-04-20;ASTERUSDT;306;61;0.2812;-4.6347;MID
2026-04-20;ATOMUSDT;306;61;1.238;10.1723;MID
2026-04-20;ATUSDT;306;61;-4.5789;-0.8028;SHORT
2026-04-20;AUCTIONUSDT;306;61;-1.4963;0.9283;MID
2026-04-20;AUSDT;306;61;1.9313;9.3873;MID
2026-04-20;AVAXUSDT;306;61;-4.0377;-0.0755;SHORT
2026-04-20;AVNTUSDT;306;61;-1.2409;14.2646;MID
2026-04-20;AWEUSDT;306;61;-4.0644;11.7906;SHORT
2026-04-20;AXLUSDT;306;61;14.7795;3.0482;LONG
2026-04-20;AXSUSDT;306;61;-1.5138;29.8373;MID
2026-04-20;BABYUSDT;306;61;12.5782;-5.2469;LONG
2026-04-20;BANANAS31USDT;306;61;-12.2098;-1.7424;SHORT
2026-04-20;BANANAUSDT;306;61;7.666;2.8057;MID
2026-04-20;BANDUSDT;306;61;8.0229;-0.1326;MID
2026-04-20;BANKUSDT;306;61;-6.5294;-1.913;SHORT
2026-04-20;BARDUSDT;306;61;-9.1343;-6.5375;SHORT
2026-04-20;BATUSDT;306;61;9.3212;-4.8193;MID
2026-04-20;BBUSDT;306;61;-2.8626;5.1473;SHORT
2026-04-20;BCHUSDT;306;61;1.1868;1.3939;MID
2026-04-20;BELUSDT;306;61;8.5044;-2.973;MID
2026-04-20;BERAUSDT;306;61;-3.1333;-7.8129;SHORT
2026-04-20;BICOUSDT;306;61;16.1962;7.4871;LONG
2026-04-20;BIOUSDT;306;61;46.322;2.1858;LONG
2026-04-20;BLURUSDT;306;61;59.0592;-17.3353;LONG
2026-04-20;BNBUSDT;306;61;2.3359;-0.378;MID
2026-04-20;BOMEUSDT;306;61;29.6031;-11.2995;LONG
2026-04-20;BREVUSDT;306;61;-1.0277;-2.3962;MID
2026-04-20;BROCCOLI714USDT;306;61;-16.3982;11.4935;SHORT
2026-04-20;BTCUSDT;306;61;1.889;2.0334;MID
2026-04-20;CAKEUSDT;306;61;-3.5286;-1.4526;SHORT
2026-04-20;CATIUSDT;306;61;-5.4683;2.7039;SHORT
2026-04-20;CELOUSDT;306;61;3.3342;6.4887;MID
2026-04-20;CETUSUSDT;306;61;29.4885;14.2525;LONG
2026-04-20;CFGUSDT;306;61;22.8789;-20.6749;LONG
2026-04-20;CFXUSDT;306;61;6.919;1.3552;MID
2026-04-20;CHRUSDT;306;61;9.0164;5.6642;MID
2026-04-20;CHZUSDT;306;61;25.0606;7.9724;LONG
2026-04-20;CKBUSDT;306;61;-0.4605;-1.5202;MID
2026-04-20;COMPUSDT;306;61;22.0363;-8.8523;LONG
2026-04-20;COSUSDT;306;61;-2.443;-2.6711;MID
2026-04-20;COTIUSDT;306;61;11.3455;-8.8831;MID
2026-04-20;COWUSDT;306;61;-18.6305;2.5137;SHORT
2026-04-20;CRVUSDT;306;61;4.5249;0.8658;MID
2026-04-20;CTSIUSDT;306;61;6.7093;-2.3952;MID
2026-04-20;CUSDT;306;61;10.9481;4.2115;MID
2026-04-20;DASHUSDT;306;61;-17.2631;3.7113;SHORT
2026-04-20;DEGOUSDT;306;61;-41.0146;-11.2053;SHORT
2026-04-20;DENTUSDT;306;61;-52.8302;58.1333;SHORT
2026-04-20;DEXEUSDT;306;61;44.7671;0.971;LONG
2026-04-20;DIAUSDT;306;61;5.6698;0.1578;MID
2026-04-20;DOGEUSDT;306;61;1.1266;3.9306;MID
2026-04-20;DOGSUSDT;306;61;16.0839;-6.6867;LONG
2026-04-20;DOLOUSDT;306;61;5.4495;2.1898;MID
2026-04-20;DOTUSDT;306;61;4.323;-3.7529;MID
2026-04-20;DUSDT;306;61;9.2817;28.7215;MID
2026-04-20;DUSKUSDT;306;61;-10.4091;-9.4;SHORT
2026-04-20;DYDXUSDT;306;61;35.9596;17.3105;LONG
2026-04-20;DYMUSDT;306;61;8.5131;-1.9344;MID
2026-04-20;EDENUSDT;306;61;6.2812;3.8812;MID
2026-04-20;EDUUSDT;306;61;44.799;-36.0022;LONG
2026-04-20;EIGENUSDT;306;61;8.6197;-0.9989;MID
2026-04-20;ENAUSDT;306;61;11.0351;-4.4825;MID
2026-04-20;ENJUSDT;306;61;40.5455;-2.4299;LONG
2026-04-20;ENSOUSDT;306;61;-10.6971;11.7279;SHORT
2026-04-20;ENSUSDT;306;61;0.3532;2.0449;MID
2026-04-20;ERAUSDT;306;61;6.8912;6.5201;MID
2026-04-20;ESPUSDT;306;61;-11.7112;0.3676;SHORT
2026-04-20;ETCUSDT;306;61;-2.5218;-0.0119;SHORT
2026-04-20;ETHFIUSDT;306;61;4.8853;-5.0514;MID
2026-04-20;ETHUSDT;306;61;-2.3729;-0.4458;MID
2026-04-20;EULUSDT;306;61;15.4704;6.6178;LONG
2026-04-20;FETUSDT;306;61;-11.4981;-2.3708;SHORT
2026-04-20;FFUSDT;306;61;-6.2594;-12.1127;SHORT
2026-04-20;FIDAUSDT;306;61;-1.2515;1.6898;MID
2026-04-20;FILUSDT;306;61;0.3264;-0.1085;MID
2026-04-20;FLOWUSDT;306;61;7.9662;2.8919;MID
2026-04-20;FOGOUSDT;306;61;7.8608;-2.5508;MID
2026-04-20;FORMUSDT;306;61;-0.4734;-1.0702;MID
2026-04-20;FRAXUSDT;306;61;11.6859;-2.3579;MID
2026-04-20;FUNUSDT;306;61;-19.6875;0.0;SHORT
2026-04-20;FUSDT;306;61;2.9264;1.4125;MID
2026-04-20;GALAUSDT;306;61;5.5738;2.4845;MID
2026-04-20;GASUSDT;306;61;-0.7585;-2.5279;MID
2026-04-20;GIGGLEUSDT;306;61;-9.8618;7.3725;SHORT
2026-04-20;GLMRUSDT;306;61;0.0;0.0;MID
2026-04-20;GMTUSDT;306;61;11.8628;-3.9768;LONG
2026-04-20;GPSUSDT;306;61;5.7732;-15.2047;MID
2026-04-20;GTCUSDT;306;61;36.6719;-14.5863;LONG
2026-04-20;GUNUSDT;306;61;63.9974;-43.3203;LONG
2026-04-20;HAEDALUSDT;306;61;22.6837;-7.5521;LONG
2026-04-20;HBARUSDT;306;61;2.1766;0.0335;MID
2026-04-20;HEIUSDT;306;61;-4.7651;-6.8389;SHORT
2026-04-20;HEMIUSDT;306;61;5.4178;5.6943;MID
2026-04-20;HFTUSDT;306;61;9.5308;-2.4096;MID
2026-04-20;HIGHUSDT;306;61;148.2043;-27.2669;LONG
2026-04-20;HMSTRUSDT;306;61;4.3243;-0.0648;MID
2026-04-20;HOLOUSDT;306;61;-9.7993;3.5634;SHORT
2026-04-20;HOMEUSDT;306;61;-19.1057;-4.0945;SHORT
2026-04-20;HOTUSDT;306;61;4.1975;4.5024;MID
2026-04-20;HUMAUSDT;306;61;10.5154;11.6225;MID
2026-04-20;HYPERUSDT;306;61;3.2073;27.0168;MID
2026-04-20;ICPUSDT;306;61;-2.2673;-1.221;MID
2026-04-20;IDUSDT;306;61;-1.6388;-4.1345;MID
2026-04-20;ILVUSDT;306;61;5.2361;7.7521;MID
2026-04-20;IMXUSDT;306;61;12.4328;1.0759;LONG
2026-04-20;INITUSDT;306;61;19.8616;-5.415;LONG
2026-04-20;INJUSDT;306;61;7.365;9.1768;MID
2026-04-20;IOTAUSDT;306;61;3.2028;-2.069;MID
2026-04-20;IOUSDT;306;61;11.6871;-0.0844;MID
2026-04-20;JASMYUSDT;306;61;5.0083;3.7839;MID
2026-04-20;JOEUSDT;306;61;4.5108;-0.6657;MID
2026-04-20;JSTUSDT;306;61;-3.4565;11.9342;SHORT
2026-04-20;JTOUSDT;306;61;3.6;1.782;MID
2026-04-20;JUPUSDT;306;61;-1.2865;15.2844;MID
2026-04-20;KAITOUSDT;306;61;0.145;1.5444;MID
2026-04-20;KATUSDT;306;61;15.5609;18.6848;LONG
2026-04-20;KERNELUSDT;306;61;-21.2846;-1.0125;SHORT
2026-04-20;KITEUSDT;306;61;1.1226;10.3904;MID
2026-04-20;KSMUSDT;306;61;10.5263;0.0211;MID
2026-04-20;LAYERUSDT;306;61;0.7405;-0.5335;MID
2026-04-20;LDOUSDT;306;61;4.4072;11.2745;MID
2026-04-20;LINEAUSDT;306;61;1.5421;6.9509;MID
2026-04-20;LINKUSDT;306;61;-0.8227;0.3663;MID
2026-04-20;LISTAUSDT;306;61;14.7104;0.5296;LONG
2026-04-20;LPTUSDT;306;61;0.0947;0.8983;MID
2026-04-20;LTCUSDT;306;61;0.7327;1.0002;MID
2026-04-20;LUMIAUSDT;306;61;29.657;39.4317;LONG
2026-04-20;MAGICUSDT;306;61;4.1653;1.9994;MID
2026-04-20;MANTAUSDT;306;61;0.6277;-3.3775;MID
2026-04-20;MASKUSDT;306;61;7.1011;9.6517;MID
2026-04-20;MAVUSDT;306;61;8.3795;-1.2141;MID
2026-04-20;MBOXUSDT;306;61;7.6078;1.0998;MID
2026-04-20;MEMEUSDT;306;61;7.823;-1.7835;MID
2026-04-20;METISUSDT;306;61;21.9409;-5.2169;LONG
2026-04-20;METUSDT;306;61;5.2255;5.102;MID
2026-04-20;MEUSDT;306;61;1.3397;1.4164;MID
2026-04-20;MINAUSDT;306;61;2.9173;4.8641;MID
2026-04-20;MIRAUSDT;306;61;0.4198;0.5853;MID
2026-04-20;MITOUSDT;306;61;5.1705;13.2061;MID
2026-04-20;MMTUSDT;306;61;-0.4637;2.0963;MID
2026-04-20;MORPHOUSDT;306;61;5.8583;1.8221;MID
2026-04-20;MOVEUSDT;306;61;7.2118;-6.0381;MID
2026-04-20;MOVRUSDT;306;61;64.1955;17.9066;LONG
2026-04-20;MUBARAKUSDT;306;61;5.9497;-3.8877;MID
2026-04-20;NEARUSDT;306;61;-3.952;0.2204;SHORT
2026-04-20;NEIROUSDT;306;61;23.3294;5.5247;LONG
2026-04-20;NEWTUSDT;306;61;8.0579;0.5251;MID
2026-04-20;NIGHTUSDT;306;61;-8.0998;-3.1042;SHORT
2026-04-20;NILUSDT;306;61;18.9149;2.5679;LONG
2026-04-20;NMRUSDT;306;61;-2.7214;9.0317;SHORT
2026-04-20;NOMUSDT;306;61;-19.1164;-9.7689;SHORT
2026-04-20;NOTUSDT;306;61;2.5614;4.171;MID
2026-04-20;OGNUSDT;306;61;6.055;-0.0865;MID
2026-04-20;OGUSDT;306;61;13.7145;-0.8216;LONG
2026-04-20;ONDOUSDT;306;61;-1.0097;4.4723;MID
2026-04-20;ONGUSDT;306;61;-8.4976;-9.4106;SHORT
2026-04-20;ONTUSDT;306;61;-8.7805;-4.9465;SHORT
2026-04-20;OPENUSDT;306;61;6.763;25.4836;MID
2026-04-20;OPNUSDT;306;61;2.8107;7.2904;MID
2026-04-20;OPUSDT;306;61;6.5348;-1.2914;MID
2026-04-20;ORCAUSDT;306;61;0.5507;63.8554;MID
2026-04-20;ORDIUSDT;306;61;90.7123;-9.3273;LONG
2026-04-20;PARTIUSDT;306;61;-8.0873;-4.3155;SHORT
2026-04-20;PAXGUSDT;306;61;1.3592;-2.5687;MID
2026-04-20;PENDLEUSDT;306;61;20.0814;-0.7002;LONG
2026-04-20;PENGUUSDT;306;61;6.8004;37.4717;MID
2026-04-20;PEOPLEUSDT;306;61;3.9829;5.1984;MID
2026-04-20;PHAUSDT;306;61;-21.7456;0.8555;SHORT
2026-04-20;PHBUSDT;306;61;30.9753;-6.7921;LONG
2026-04-20;PIXELUSDT;306;61;-4.3506;10.4293;SHORT
2026-04-20;PLUMEUSDT;306;61;7.7855;-1.4446;MID
2026-04-20;PNUTUSDT;306;61;23.4223;-2.2667;LONG
2026-04-20;POLUSDT;306;61;8.6576;-0.7097;MID
2026-04-20;POLYXUSDT;306;61;1.5759;-3.5153;MID
2026-04-20;PORTALUSDT;306;61;76.0148;-18.5884;LONG
2026-04-20;PROMUSDT;306;61;69.2712;1.6866;LONG
2026-04-20;PROVEUSDT;306;61;6.0097;2.7928;MID
2026-04-20;PUMPUSDT;306;61;-5.4602;-2.3102;SHORT
2026-04-20;QNTUSDT;306;61;-2.7197;-5.7807;SHORT
2026-04-20;QTUMUSDT;306;61;-0.3268;-2.9508;MID
2026-04-20;RADUSDT;306;61;0.0;0.0;MID
2026-04-20;RAREUSDT;306;61;11.7452;1.1876;MID
2026-04-20;RAYUSDT;306;61;0.0;0.0;MID
2026-04-20;REDUSDT;306;61;-6.9493;-2.8379;SHORT
2026-04-20;RENDERUSDT;306;61;-6.8265;-0.0559;SHORT
2026-04-20;RESOLVUSDT;306;61;-19.6955;-9.0457;SHORT
2026-04-20;REZUSDT;306;61;3.0096;5.2058;MID
2026-04-20;RIFUSDT;306;61;22.2519;2.9534;LONG
2026-04-20;RLCUSDT;306;61;10.5603;-3.812;MID
2026-04-20;ROBOUSDT;306;61;-8.4601;7.1132;SHORT
2026-04-20;ROSEUSDT;306;61;-0.364;-8.9498;MID
2026-04-20;RSRUSDT;306;61;14.1491;0.0;LONG
2026-04-20;RUNEUSDT;306;61;3.9616;19.8107;MID
2026-04-20;SAGAUSDT;306;61;-34.5448;-4.0682;SHORT
2026-04-20;SAHARAUSDT;306;61;-4.8187;5.1556;SHORT
2026-04-20;SANDUSDT;306;61;0.3887;-2.9599;MID
2026-04-20;SANTOSUSDT;306;61;20.983;5.3125;LONG
2026-04-20;SAPIENUSDT;306;61;25.8939;-2.4973;LONG
2026-04-20;SCRTUSDT;306;61;22.6325;-9.396;LONG
2026-04-20;SCRUSDT;306;61;6.8106;1.1553;MID
2026-04-20;SEIUSDT;306;61;-1.0981;8.3811;MID
2026-04-20;SENTUSDT;306;61;5.5452;6.3754;MID
2026-04-20;SHELLUSDT;306;61;23.3231;-5.8531;LONG
2026-04-20;SIGNUSDT;306;61;-41.6532;-11.8982;SHORT
2026-04-20;SKLUSDT;306;61;9.063;-1.1268;MID
2026-04-20;SKYUSDT;306;61;3.6337;13.8977;MID
2026-04-20;SLPUSDT;306;61;6.7388;7.7214;MID
2026-04-20;SNXUSDT;306;61;-0.3401;7.2696;MID
2026-04-20;SOLUSDT;306;61;-1.4566;-0.5397;MID
2026-04-20;SOLVUSDT;306;61;-13.7835;8.5066;SHORT
2026-04-20;SOMIUSDT;306;61;-1.0125;3.6703;MID
2026-04-20;SPELLUSDT;306;61;4.7619;8.7919;MID
2026-04-20;SPKUSDT;306;61;26.4678;33.3088;LONG
2026-04-20;SSVUSDT;306;61;20.5254;6.908;LONG
2026-04-20;STGUSDT;306;61;-12.5926;7.8265;SHORT
2026-04-20;STOUSDT;306;61;-20.8238;-5.3522;SHORT
2026-04-20;STRKUSDT;306;61;8.5919;5.7143;MID
2026-04-20;SUIUSDT;306;61;-1.6469;-0.922;MID
2026-04-20;SUNUSDT;306;61;0.5646;0.5174;MID
2026-04-20;SUPERUSDT;306;61;20.6714;-8.4919;LONG
2026-04-20;SUSDT;306;61;0.6774;5.5916;MID
2026-04-20;SUSHIUSDT;306;61;9.2649;-1.9816;MID
2026-04-20;SXTUSDT;306;61;0.4734;-1.2367;MID
2026-04-20;SYNUSDT;306;61;11.6111;1.3693;MID
2026-04-20;SYRUPUSDT;306;61;-2.3591;7.1081;MID
2026-04-20;SYSUSDT;306;61;-1.5497;-12.6852;MID
2026-04-20;TAOUSDT;306;61;-6.3867;1.6185;SHORT
2026-04-20;THETAUSDT;306;61;27.4149;-6.6608;LONG
2026-04-20;THEUSDT;306;61;2.2817;-0.582;MID
2026-04-20;TIAUSDT;306;61;19.829;-6.6085;LONG
2026-04-20;TLMUSDT;306;61;7.6464;1.8313;MID
2026-04-20;TNSRUSDT;306;61;-1.3473;4.0465;MID
2026-04-20;TONUSDT;306;61;-6.0587;-3.1171;SHORT
2026-04-20;TOWNSUSDT;306;61;4.4302;-4.0885;MID
2026-04-20;TRBUSDT;306;61;14.6937;0.1861;LONG
2026-04-20;TREEUSDT;306;61;8.9706;1.8063;MID
2026-04-20;TRUMPUSDT;306;61;-0.0348;-12.0557;MID
2026-04-20;TRUUSDT;306;61;-50.4671;32.0593;SHORT
2026-04-20;TRXUSDT;306;61;2.6519;-1.0559;MID
2026-04-20;TSTUSDT;306;61;6.8235;-1.647;MID
2026-04-20;TURBOUSDT;306;61;5.468;2.4253;MID
2026-04-20;TURTLEUSDT;306;61;-1.6211;30.7223;MID
2026-04-20;TUTUSDT;306;61;5.1233;-4.4224;MID
2026-04-20;TWTUSDT;306;61;-0.1918;4.6121;MID
2026-04-20;UMAUSDT;306;61;9.309;-0.8473;MID
2026-04-20;UNIUSDT;306;61;-0.0928;0.6192;MID
2026-04-20;USTCUSDT;306;61;7.6669;15.5628;MID
2026-04-20;USUALUSDT;306;61;10.4977;-0.2111;MID
2026-04-20;VANAUSDT;306;61;5.3232;3.8989;MID
2026-04-20;VANRYUSDT;306;61;8.3741;-4.369;MID
2026-04-20;VETUSDT;306;61;-0.0846;1.9057;MID
2026-04-20;VICUSDT;306;61;21.687;-5.6575;LONG
2026-04-20;VIRTUALUSDT;306;61;-1.5875;1.4678;MID
2026-04-20;WALUSDT;306;61;3.3075;0.4768;MID
2026-04-20;WCTUSDT;306;61;0.4229;2.6613;MID
2026-04-20;WIFUSDT;306;61;-1.1426;-10.9045;MID
2026-04-20;WLDUSDT;306;61;-15.2265;-3.7135;SHORT
2026-04-20;WUSDT;306;61;2.1687;1.6509;MID
2026-04-20;XAIUSDT;306;61;11.8896;3.1309;LONG
2026-04-20;XAUTUSDT;306;61;1.466;-2.4324;MID
2026-04-20;XLMUSDT;306;61;11.2775;-4.5726;MID
2026-04-20;XPLUSDT;306;61;-25.2684;-5.9387;SHORT
2026-04-20;XRPUSDT;306;61;3.5195;-1.6648;MID
2026-04-20;XVGUSDT;306;61;-25.1243;-8.3541;SHORT
2026-04-20;XVSUSDT;306;61;-0.7681;-2.5802;MID
2026-04-20;YBUSDT;306;61;1.6722;-0.6579;MID
2026-04-20;YGGUSDT;306;61;3.7958;1.8532;MID
2026-04-20;ZAMAUSDT;306;61;5.8256;-7.1455;MID
2026-04-20;ZBTUSDT;306;61;15.7472;72.2212;LONG
2026-04-20;ZECUSDT;306;61;-15.2101;13.7944;SHORT
2026-04-20;ZENUSDT;306;61;1.7416;-3.0649;MID
2026-04-20;ZKCUSDT;306;61;0.0836;3.0489;MID
2026-04-20;ZKPUSDT;306;61;-4.0351;17.4485;SHORT
2026-04-20;ZKUSDT;306;61;2.3869;-6.0123;MID
2026-04-20;ZROUSDT;306;61;-18.1528;-12.1374;SHORT
2026-04-20;币安人生USDT;306;61;131.7304;-23.2814;LONG
2026-04-27;1000BONKUSDT;162;32;1.998;-0.0803;MID
2026-04-27;1000FLOKIUSDT;162;32;2.8425;-1.2422;MID
2026-04-27;1000LUNCUSDT;162;32;58.4038;51.1411;LONG
2026-04-27;1000PEPEUSDT;162;32;4.0458;1.9199;MID
2026-04-27;1MBABYDOGEUSDT;162;32;-2.8396;1.7048;MID
2026-04-27;ACEUSDT;162;32;0.9967;0.9868;MID
2026-04-27;ACHUSDT;162;32;14.6238;4.7894;LONG
2026-04-27;ADAUSDT;162;32;0.0404;0.7261;MID
2026-04-27;AIXBTUSDT;162;32;4.6923;20.5364;MID
2026-04-27;ALGOUSDT;162;32;12.8876;-4.2918;LONG
2026-04-27;ALLOUSDT;162;32;-4.5026;6.7079;SHORT
2026-04-27;APEUSDT;162;32;38.7814;12.4739;LONG
2026-04-27;API3USDT;162;32;2.1793;11.0603;MID
2026-04-27;APTUSDT;162;32;3.3048;-0.0414;MID
2026-04-27;ARBUSDT;162;32;-0.4721;-8.0632;MID
2026-04-27;ARKMUSDT;162;32;-13.4933;0.8666;SHORT
2026-04-27;ARUSDT;162;32;-8.8432;9.2816;SHORT
2026-04-27;ASTERUSDT;162;32;-4.6347;3.6527;SHORT
2026-04-27;ATOMUSDT;162;32;10.1723;-4.7427;LONG
2026-04-27;ATUSDT;162;32;-0.8028;3.5463;MID
2026-04-27;AXLUSDT;162;32;3.0482;47.275;MID
2026-04-27;AXSUSDT;162;32;29.8373;-8.3565;LONG
2026-04-27;BABYUSDT;162;32;-5.2469;24.8208;SHORT
2026-04-27;BANANAS31USDT;162;32;-1.7424;29.3962;MID
2026-04-27;BANANAUSDT;162;32;2.8057;0.7724;MID
2026-04-27;BBUSDT;162;32;5.1473;23.5052;MID
2026-04-27;BCHUSDT;162;32;1.3939;-1.3236;MID
2026-04-27;BERAUSDT;162;32;-7.8129;-0.8637;SHORT
2026-04-27;BIOUSDT;162;32;2.1858;95.4367;MID
2026-04-27;BOMEUSDT;162;32;-11.2995;4.8186;SHORT
2026-04-27;BROCCOLI714USDT;162;32;11.4935;15.0617;LONG
2026-04-27;BTCUSDT;162;32;2.0334;3.2263;MID
2026-04-27;CAKEUSDT;162;32;-1.4526;-0.5976;MID
2026-04-27;CELOUSDT;162;32;6.4887;-1.3145;MID
2026-04-27;CFGUSDT;162;32;-20.6749;4.6944;SHORT
2026-04-27;CHIPUSDT;162;32;131.633;-19.5515;LONG
2026-04-27;CHRUSDT;162;32;5.6642;17.9791;MID
2026-04-27;CHZUSDT;162;32;7.9724;-20.5747;LONG
2026-04-27;COMPUSDT;162;32;-8.8523;1.9338;SHORT
2026-04-27;CRVUSDT;162;32;0.8658;1.3734;MID
2026-04-27;CUSDT;162;32;4.2115;6.5917;MID
2026-04-27;DASHUSDT;162;32;3.7113;33.6996;MID
2026-04-27;DEXEUSDT;162;32;0.971;-25.9652;MID
2026-04-27;DOGEUSDT;162;32;3.9306;11.2853;MID
2026-04-27;DOGSUSDT;162;32;-6.6867;21.8851;SHORT
2026-04-27;DOTUSDT;162;32;-3.7529;-0.2437;MID
2026-04-27;DUSDT;162;32;28.7215;7.8651;LONG
2026-04-27;DYDXUSDT;162;32;17.3105;-6.3965;LONG
2026-04-27;DYMUSDT;162;32;-1.9344;7.1781;MID
2026-04-27;EDUUSDT;162;32;-36.0022;1.3731;SHORT
2026-04-27;EIGENUSDT;162;32;-0.9989;-1.2892;MID
2026-04-27;ENAUSDT;162;32;-4.4825;-6.3008;MID
2026-04-27;ENSOUSDT;162;32;11.7279;8.2651;LONG
2026-04-27;ETCUSDT;162;32;-0.0119;3.5412;MID
2026-04-27;ETHFIUSDT;162;32;-5.0514;-2.7176;SHORT
2026-04-27;ETHUSDT;162;32;-0.4458;1.9038;MID
2026-04-27;FETUSDT;162;32;-2.3708;-1.0199;MID
2026-04-27;FILUSDT;162;32;-0.1085;1.3029;MID
2026-04-27;FLOWUSDT;162;32;2.8919;7.5125;MID
2026-04-27;FOGOUSDT;162;32;-2.5508;5.7158;MID
2026-04-27;FORMUSDT;162;32;-1.0702;23.5978;MID
2026-04-27;GALAUSDT;162;32;2.4845;-5.4242;MID
2026-04-27;GIGGLEUSDT;162;32;7.3725;5.6578;LONG
2026-04-27;GUNUSDT;162;32;-43.3203;3.0324;SHORT
2026-04-27;HBARUSDT;162;32;0.0335;-2.2299;MID
2026-04-27;HIGHUSDT;162;32;-27.2669;-8.2228;SHORT
2026-04-27;HMSTRUSDT;162;32;-0.0648;12.1841;MID
2026-04-27;HYPERUSDT;162;32;27.0168;2.1336;LONG
2026-04-27;ICPUSDT;162;32;-1.221;-2.7606;MID
2026-04-27;IDUSDT;162;32;-4.1345;3.5082;MID
2026-04-27;INJUSDT;162;32;9.1768;2.7646;LONG
2026-04-27;IOUSDT;162;32;-0.0844;-0.2534;MID
2026-04-27;JTOUSDT;162;32;1.782;13.5104;MID
2026-04-27;JUPUSDT;162;32;15.2844;-8.5303;LONG
2026-04-27;KAITOUSDT;162;32;1.5444;17.2529;MID
2026-04-27;KITEUSDT;162;32;10.3904;-2.2085;LONG
2026-04-27;KSMUSDT;162;32;0.0211;1.4957;MID
2026-04-27;LINEAUSDT;162;32;6.9509;-3.3861;LONG
2026-04-27;LINKUSDT;162;32;0.3663;0.4186;MID
2026-04-27;LTCUSDT;162;32;1.0002;-1.1163;MID
2026-04-27;LUMIAUSDT;162;32;39.4317;-6.2795;LONG
2026-04-27;MANTAUSDT;162;32;-3.3775;5.0228;MID
2026-04-27;MASKUSDT;162;32;9.6517;-6.4294;LONG
2026-04-27;MEMEUSDT;162;32;-1.7835;1.9217;MID
2026-04-27;MORPHOUSDT;162;32;1.8221;2.5637;MID
2026-04-27;MOVRUSDT;162;32;17.9066;-2.9156;LONG
2026-04-27;MUBARAKUSDT;162;32;-3.8877;28.839;MID
2026-04-27;NEARUSDT;162;32;0.2204;-7.478;MID
2026-04-27;NEIROUSDT;162;32;5.5247;4.6076;MID
2026-04-27;NEWTUSDT;162;32;0.5251;-2.8079;MID
2026-04-27;NILUSDT;162;32;2.5679;-3.6461;MID
2026-04-27;NOMUSDT;162;32;-9.7689;-2.988;SHORT
2026-04-27;NOTUSDT;162;32;4.171;12.5803;MID
2026-04-27;ONDOUSDT;162;32;4.4723;17.837;MID
2026-04-27;ONGUSDT;162;32;-9.4106;0.287;SHORT
2026-04-27;OPENUSDT;162;32;25.4836;-23.8921;LONG
2026-04-27;OPUSDT;162;32;-1.2914;1.39;MID
2026-04-27;ORCAUSDT;162;32;63.8554;20.254;LONG
2026-04-27;ORDIUSDT;162;32;-9.3273;14.6791;SHORT
2026-04-27;PARTIUSDT;162;32;-4.3155;23.5781;MID
2026-04-27;PAXGUSDT;162;32;-2.5687;-3.5586;MID
2026-04-27;PENDLEUSDT;162;32;-0.7002;43.0391;MID
2026-04-27;PENGUUSDT;162;32;37.4717;-2.2093;LONG
2026-04-27;PEOPLEUSDT;162;32;5.1984;2.9909;MID
2026-04-27;PLUMEUSDT;162;32;-1.4446;-5.1303;MID
2026-04-27;PNUTUSDT;162;32;-2.2667;6.6523;MID
2026-04-27;POLUSDT;162;32;-0.7097;5.4689;MID
2026-04-27;POLYXUSDT;162;32;-3.5153;-2.4425;MID
2026-04-27;PROVEUSDT;162;32;2.7928;0.2839;MID
2026-04-27;PUMPUSDT;162;32;-2.3102;2.5901;MID
2026-04-27;RENDERUSDT;162;32;-0.0559;1.7907;MID
2026-04-27;RESOLVUSDT;162;32;-9.0457;6.391;SHORT
2026-04-27;REZUSDT;162;32;5.2058;38.0712;MID
2026-04-27;RIFUSDT;162;32;2.9534;4.5899;MID
2026-04-27;RLCUSDT;162;32;-3.812;2.7246;MID
2026-04-27;ROBOUSDT;162;32;7.1132;-1.0179;LONG
2026-04-27;ROSEUSDT;162;32;-8.9498;2.1063;SHORT
2026-04-27;RUNEUSDT;162;32;19.8107;3.3584;LONG
2026-04-27;SAHARAUSDT;162;32;5.1556;6.9346;MID
2026-04-27;SANDUSDT;162;32;-2.9599;-6.2934;MID
2026-04-27;SAPIENUSDT;162;32;-2.4973;6.1889;MID
2026-04-27;SHELLUSDT;162;32;-5.8531;13.9003;SHORT
2026-04-27;SLPUSDT;162;32;7.7214;-0.8855;LONG
2026-04-27;SOLUSDT;162;32;-0.5397;-0.8611;MID
2026-04-27;SOLVUSDT;162;32;8.5066;8.3126;LONG
2026-04-27;SPKUSDT;162;32;33.3088;2.1559;LONG
2026-04-27;STRKUSDT;162;32;5.7143;-0.4678;MID
2026-04-27;SUIUSDT;162;32;-0.922;-0.6846;MID
2026-04-27;SUNUSDT;162;32;0.5174;4.9283;MID
2026-04-27;SUSDT;162;32;5.5916;-2.6807;MID
2026-04-27;SXTUSDT;162;32;-1.2367;-14.7287;MID
2026-04-27;TAOUSDT;162;32;1.6185;14.7984;MID
2026-04-27;THETAUSDT;162;32;-6.6608;-1.8779;SHORT
2026-04-27;TIAUSDT;162;32;-6.6085;1.3303;SHORT
2026-04-27;TONUSDT;162;32;-3.1171;26.5129;MID
2026-04-27;TRBUSDT;162;32;0.1861;6.5876;MID
2026-04-27;TREEUSDT;162;32;1.8063;0.7563;MID
2026-04-27;TRUMPUSDT;162;32;-12.0557;-8.3597;SHORT
2026-04-27;TRXUSDT;162;32;-1.0559;4.7206;MID
2026-04-27;TSTUSDT;162;32;-1.647;140.272;MID
2026-04-27;TURBOUSDT;162;32;2.4253;2.9341;MID
2026-04-27;TUTUSDT;162;32;-4.4224;30.9726;MID
2026-04-27;UMAUSDT;162;32;-0.8473;1.3585;MID
2026-04-27;USTCUSDT;162;32;15.5628;26.6523;LONG
2026-04-27;VANAUSDT;162;32;3.8989;2.9882;MID
2026-04-27;VETUSDT;162;32;1.9057;-0.9004;MID
2026-04-27;VICUSDT;162;32;-5.6575;-14.8028;SHORT
2026-04-27;VIRTUALUSDT;162;32;1.4678;5.328;MID
2026-04-27;WCTUSDT;162;32;2.6613;3.4454;MID
2026-04-27;WIFUSDT;162;32;-10.9045;7.445;SHORT
2026-04-27;WLDUSDT;162;32;-3.7135;-6.9658;MID
2026-04-27;WUSDT;162;32;1.6509;8.3527;MID
2026-04-27;XLMUSDT;162;32;-4.5726;-5.1413;SHORT
2026-04-27;XPLUSDT;162;32;-5.9387;-9.776;SHORT
2026-04-27;XVGUSDT;162;32;-8.3541;9.176;SHORT
2026-04-27;ZAMAUSDT;162;32;-7.1455;13.9772;SHORT
2026-04-27;ZBTUSDT;162;32;72.2212;4.7398;LONG
2026-04-27;ZECUSDT;162;32;13.7944;18.9889;LONG
2026-04-27;ZENUSDT;162;32;-3.0649;18.8698;MID
2026-04-27;ZKUSDT;162;32;-6.0123;10.7702;SHORT
2026-04-27;ZROUSDT;162;32;-12.1374;-1.825;SHORT
2026-04-27;币安人生USDT;162;32;-23.2814;7.8723;SHORT
2026-05-04;1000BONKUSDT;162;32;-0.0803;21.0831;MID
2026-05-04;1000FLOKIUSDT;162;32;-1.2422;16.4151;MID
2026-05-04;1000LUNCUSDT;162;32;51.1411;-0.804;LONG
2026-05-04;1000PEPEUSDT;162;32;1.9199;9.0119;MID
2026-05-04;1MBABYDOGEUSDT;162;32;1.7048;12.2605;MID
2026-05-04;ACEUSDT;162;32;0.9868;13.1922;MID
2026-05-04;ACHUSDT;162;32;4.7894;10.5858;MID
2026-05-04;ADAUSDT;162;32;0.7261;12.1746;MID
2026-05-04;AIXBTUSDT;162;32;20.5364;3.7184;LONG
2026-05-04;ALGOUSDT;162;32;-4.2918;10.1345;SHORT
2026-05-04;ALLOUSDT;162;32;6.7079;-18.1928;MID
2026-05-04;APEUSDT;162;32;12.4739;-3.4077;LONG
2026-05-04;API3USDT;162;32;11.0603;5.3772;MID
2026-05-04;APTUSDT;162;32;-0.0414;16.8617;MID
2026-05-04;ARBUSDT;162;32;-8.0632;21.1522;SHORT
2026-05-04;ARKMUSDT;162;32;0.8666;22.6804;MID
2026-05-04;ARUSDT;162;32;9.2816;13.4357;MID
2026-05-04;ASTERUSDT;162;32;3.6527;3.0013;MID
2026-05-04;ATOMUSDT;162;32;-4.7427;8.1568;SHORT
2026-05-04;ATUSDT;162;32;3.5463;-6.9033;MID
2026-05-04;AXLUSDT;162;32;47.275;-12.1242;LONG
2026-05-04;AXSUSDT;162;32;-8.3565;8.5106;SHORT
2026-05-04;BABYUSDT;162;32;24.8208;-9.8643;LONG
2026-05-04;BANANAS31USDT;162;32;29.3962;14.781;LONG
2026-05-04;BANANAUSDT;162;32;0.7724;10.5008;MID
2026-05-04;BBUSDT;162;32;23.5052;-0.4841;LONG
2026-05-04;BCHUSDT;162;32;-1.3236;1.4225;MID
2026-05-04;BERAUSDT;162;32;-0.8637;11.7343;MID
2026-05-04;BIOUSDT;162;32;95.4367;-13.9;LONG
2026-05-04;BOMEUSDT;162;32;4.8186;18.3324;MID
2026-05-04;BROCCOLI714USDT;162;32;15.0617;-4.1845;LONG
2026-05-04;BTCUSDT;162;32;3.2263;2.3464;MID
2026-05-04;CAKEUSDT;162;32;-0.5976;4.7091;MID
2026-05-04;CELOUSDT;162;32;-1.3145;12.5748;MID
2026-05-04;CFGUSDT;162;32;4.6944;40.4951;MID
2026-05-04;CHIPUSDT;162;32;-19.5515;1.8695;SHORT
2026-05-04;CHRUSDT;162;32;17.9791;13.6309;LONG
2026-05-04;CHZUSDT;162;32;-20.5747;8.7688;SHORT
2026-05-04;COMPUSDT;162;32;1.9338;0.3794;MID
2026-05-04;CRVUSDT;162;32;1.3734;19.0517;MID
2026-05-04;CUSDT;162;32;6.5917;11.0184;MID
2026-05-04;DASHUSDT;162;32;33.6996;-1.4331;LONG
2026-05-04;DEXEUSDT;162;32;-25.9652;20.6978;SHORT
2026-05-04;DOGEUSDT;162;32;11.2853;1.1086;MID
2026-05-04;DOGSUSDT;162;32;21.8851;77.9661;LONG
2026-05-04;DOTUSDT;162;32;-0.2437;10.9121;MID
2026-05-04;DUSDT;162;32;7.8651;1.4915;MID
2026-05-04;DYDXUSDT;162;32;-6.3965;11.9756;SHORT
2026-05-04;DYMUSDT;162;32;7.1781;27.0961;MID
2026-05-04;EDUUSDT;162;32;1.3731;17.8886;MID
2026-05-04;EIGENUSDT;162;32;-1.2892;23.7933;MID
2026-05-04;ENAUSDT;162;32;-6.3008;28.4645;SHORT
2026-05-04;ENSOUSDT;162;32;8.2651;-2.8071;MID
2026-05-04;ETCUSDT;162;32;3.5412;12.4942;MID
2026-05-04;ETHFIUSDT;162;32;-2.7176;7.41;SHORT
2026-05-04;ETHUSDT;162;32;1.9038;-0.3197;MID
2026-05-04;FETUSDT;162;32;-1.0199;15.211;MID
2026-05-04;FILUSDT;162;32;1.3029;20.686;MID
2026-05-04;FLOWUSDT;162;32;7.5125;2.9807;MID
2026-05-04;FOGOUSDT;162;32;5.7158;6.3669;MID
2026-05-04;FORMUSDT;162;32;23.5978;-5.5429;LONG
2026-05-04;GALAUSDT;162;32;-5.4242;25.3765;SHORT
2026-05-04;GIGGLEUSDT;162;32;5.6578;-4.757;MID
2026-05-04;GUNUSDT;162;32;3.0324;6.0201;MID
2026-05-04;HBARUSDT;162;32;-2.2299;10.4231;MID
2026-05-04;HIGHUSDT;162;32;-8.2228;2.1195;SHORT
2026-05-04;HMSTRUSDT;162;32;12.1841;6.1814;MID
2026-05-04;HYPERUSDT;162;32;2.1336;-10.2597;MID
2026-05-04;ICPUSDT;162;32;-2.7606;40.678;SHORT
2026-05-04;IDUSDT;162;32;3.5082;11.4117;MID
2026-05-04;INJUSDT;162;32;2.7646;25.3261;MID
2026-05-04;IOUSDT;162;32;-0.2534;32.0068;MID
2026-05-04;JTOUSDT;162;32;13.5104;33.2391;LONG
2026-05-04;JUPUSDT;162;32;-8.5303;40.3933;SHORT
2026-05-04;KAITOUSDT;162;32;17.2529;1.6011;LONG
2026-05-04;KITEUSDT;162;32;-2.2085;20.0766;MID
2026-05-04;KSMUSDT;162;32;1.4957;21.0046;MID
2026-05-04;LINEAUSDT;162;32;-3.3861;12.5212;SHORT
2026-05-04;LINKUSDT;162;32;0.4186;13.2122;MID
2026-05-04;LTCUSDT;162;32;-1.1163;6.4639;MID
2026-05-04;LUMIAUSDT;162;32;-6.2795;-15.7522;SHORT
2026-05-04;MANTAUSDT;162;32;5.0228;15.1874;MID
2026-05-04;MASKUSDT;162;32;-6.4294;10.9611;SHORT
2026-05-04;MEMEUSDT;162;32;1.9217;6.7635;MID
2026-05-04;MORPHOUSDT;162;32;2.5637;6.584;MID
2026-05-04;MOVRUSDT;162;32;-2.9156;25.8628;SHORT
2026-05-04;MUBARAKUSDT;162;32;28.839;-0.1744;LONG
2026-05-04;NEARUSDT;162;32;-7.478;22.5832;SHORT
2026-05-04;NEIROUSDT;162;32;4.6076;8.7879;MID
2026-05-04;NEWTUSDT;162;32;-2.8079;14.5122;SHORT
2026-05-04;NILUSDT;162;32;-3.6461;46.2664;SHORT
2026-05-04;NOMUSDT;162;32;-2.988;5.16;SHORT
2026-05-04;NOTUSDT;162;32;12.5803;28.2108;LONG
2026-05-04;ONDOUSDT;162;32;17.837;36.4882;LONG
2026-05-04;ONGUSDT;162;32;0.287;1.6219;MID
2026-05-04;OPENUSDT;162;32;-23.8921;-1.8734;SHORT
2026-05-04;OPUSDT;162;32;1.39;26.4516;MID
2026-05-04;ORCAUSDT;162;32;20.254;-7.5042;LONG
2026-05-04;ORDIUSDT;162;32;14.6791;-2.7188;LONG
2026-05-04;PARTIUSDT;162;32;23.5781;30.0689;LONG
2026-05-04;PAXGUSDT;162;32;-3.5586;5.3381;SHORT
2026-05-04;PENDLEUSDT;162;32;43.0391;13.7193;LONG
2026-05-04;PENGUUSDT;162;32;-2.2093;1.2782;MID
2026-05-04;PEOPLEUSDT;162;32;2.9909;5.5556;MID
2026-05-04;PLUMEUSDT;162;32;-5.1303;31.3305;SHORT
2026-05-04;PNUTUSDT;162;32;6.6523;4.2313;MID
2026-05-04;POLUSDT;162;32;5.4689;5.8117;MID
2026-05-04;POLYXUSDT;162;32;-2.4425;12.247;MID
2026-05-04;PROVEUSDT;162;32;0.2839;12.4545;MID
2026-05-04;PUMPUSDT;162;32;2.5901;15.0933;MID
2026-05-04;RENDERUSDT;162;32;1.7907;7.5316;MID
2026-05-04;RESOLVUSDT;162;32;6.391;7.7417;MID
2026-05-04;REZUSDT;162;32;38.0712;24.2092;LONG
2026-05-04;RIFUSDT;162;32;4.5899;55.323;MID
2026-05-04;RLCUSDT;162;32;2.7246;12.6041;MID
2026-05-04;ROBOUSDT;162;32;-1.0179;19.05;MID
2026-05-04;ROSEUSDT;162;32;2.1063;10.609;MID
2026-05-04;RUNEUSDT;162;32;3.3584;20.0688;MID
2026-05-04;SAHARAUSDT;162;32;6.9346;50.2685;MID
2026-05-04;SANDUSDT;162;32;-6.2934;12.1549;SHORT
2026-05-04;SAPIENUSDT;162;32;6.1889;20.2899;MID
2026-05-04;SHELLUSDT;162;32;13.9003;5.2008;LONG
2026-05-04;SLPUSDT;162;32;-0.8855;10.7629;MID
2026-05-04;SOLUSDT;162;32;-0.8611;15.7763;MID
2026-05-04;SOLVUSDT;162;32;8.3126;5.5607;MID
2026-05-04;SPKUSDT;162;32;2.1559;-10.2814;MID
2026-05-04;STRKUSDT;162;32;-0.4678;31.4099;MID
2026-05-04;SUIUSDT;162;32;-0.6846;38.9553;MID
2026-05-04;SUNUSDT;162;32;4.9283;7.5044;MID
2026-05-04;SUSDT;162;32;-2.6807;19.5981;MID
2026-05-04;SXTUSDT;162;32;-14.7287;-1.1888;SHORT
2026-05-04;TAOUSDT;162;32;14.7984;12.5501;LONG
2026-05-04;THETAUSDT;162;32;-1.8779;17.9904;MID
2026-05-04;TIAUSDT;162;32;1.3303;26.0894;MID
2026-05-04;TONUSDT;162;32;26.5129;46.9149;LONG
2026-05-04;TRBUSDT;162;32;6.5876;3.531;MID
2026-05-04;TREEUSDT;162;32;0.7563;10.4215;MID
2026-05-04;TRUMPUSDT;162;32;-8.3597;5.0584;SHORT
2026-05-04;TRXUSDT;162;32;4.7206;3.0835;MID
2026-05-04;TSTUSDT;162;32;140.272;-18.2781;LONG
2026-05-04;TURBOUSDT;162;32;2.9341;10.9685;MID
2026-05-04;TUTUSDT;162;32;30.9726;1.7304;LONG
2026-05-04;UMAUSDT;162;32;1.3585;18.4825;MID
2026-05-04;USTCUSDT;162;32;26.6523;-0.0785;LONG
2026-05-04;VANAUSDT;162;32;2.9882;16.1943;MID
2026-05-04;VETUSDT;162;32;-0.9004;8.331;MID
2026-05-04;VICUSDT;162;32;-14.8028;4.2063;SHORT
2026-05-04;VIRTUALUSDT;162;32;5.328;17.1879;MID
2026-05-04;WCTUSDT;162;32;3.4454;11.6733;MID
2026-05-04;WIFUSDT;162;32;7.445;21.0499;MID
2026-05-04;WLDUSDT;162;32;-6.9658;17.8088;SHORT
2026-05-04;WUSDT;162;32;8.3527;17.3448;MID
2026-05-04;XLMUSDT;162;32;-5.1413;7.0339;SHORT
2026-05-04;XPLUSDT;162;32;-9.776;15.4628;SHORT
2026-05-04;XVGUSDT;162;32;9.176;3.76;MID
2026-05-04;ZAMAUSDT;162;32;13.9772;-0.4823;LONG
2026-05-04;ZBTUSDT;162;32;4.7398;-25.382;MID
2026-05-04;ZECUSDT;162;32;18.9889;31.7372;LONG
2026-05-04;ZENUSDT;162;32;18.8698;-3.5937;LONG
2026-05-04;ZKUSDT;162;32;10.7702;10.548;MID
2026-05-04;ZROUSDT;162;32;-1.825;7.3522;MID
2026-05-04;币安人生USDT;162;32;7.8723;-3.8696;MID
2026-05-11;1000BONKUSDT;178;35;21.0831;-20.3451;LONG
2026-05-11;1000CATUSDT;178;35;8.2064;-17.0754;MID
2026-05-11;1000FLOKIUSDT;178;35;16.4151;-18.2064;MID
2026-05-11;1000LUNCUSDT;178;35;-0.804;-21.0932;SHORT
2026-05-11;1000PEPEUSDT;178;35;9.0119;-14.8542;MID
2026-05-11;1MBABYDOGEUSDT;178;35;12.2605;-14.0998;MID
2026-05-11;ACEUSDT;178;35;13.1922;-14.1007;MID
2026-05-11;ACHUSDT;178;35;10.5858;-16.6508;MID
2026-05-11;ADAUSDT;178;35;12.1746;-10.2106;MID
2026-05-11;AIXBTUSDT;178;35;3.7184;-3.7614;MID
2026-05-11;ALGOUSDT;178;35;10.1345;-11.4821;MID
2026-05-11;ALLOUSDT;178;35;-18.1928;-12.5251;SHORT
2026-05-11;APEUSDT;178;35;-3.4077;-8.2745;SHORT
2026-05-11;API3USDT;178;35;5.3772;-12.0542;MID
2026-05-11;APTUSDT;178;35;16.8617;-16.0241;MID
2026-05-11;ARBUSDT;178;35;21.1522;-16.5366;LONG
2026-05-11;ARKMUSDT;178;35;22.6804;-16.7367;LONG
2026-05-11;ARUSDT;178;35;13.4357;-10.4484;MID
2026-05-11;ASTERUSDT;178;35;3.0013;-5.0159;MID
2026-05-11;ATOMUSDT;178;35;8.1568;1.6161;MID
2026-05-11;ATUSDT;178;35;-6.9033;-29.693;SHORT
2026-05-11;AXLUSDT;178;35;-12.1242;-19.2409;SHORT
2026-05-11;AXSUSDT;178;35;8.5106;-15.7563;MID
2026-05-11;BABYUSDT;178;35;-9.8643;-10.5385;SHORT
2026-05-11;BANANAS31USDT;178;35;14.781;-30.3816;MID
2026-05-11;BANANAUSDT;178;35;10.5008;-12.2775;MID
2026-05-11;BBUSDT;178;35;-0.4841;-13.6212;SHORT
2026-05-11;BCHUSDT;178;35;1.4225;-15.9172;SHORT
2026-05-11;BERAUSDT;178;35;11.7343;-5.6774;MID
2026-05-11;BIGTIMEUSDT;178;35;15.1786;-20.4134;MID
2026-05-11;BIOUSDT;178;35;-13.9;-17.6271;SHORT
2026-05-11;BOMEUSDT;178;35;18.3324;-2.3907;MID
2026-05-11;BROCCOLI714USDT;178;35;-4.1845;-19.8208;SHORT
2026-05-11;BTCUSDT;178;35;2.3464;-5.7968;MID
2026-05-11;CAKEUSDT;178;35;4.7091;-9.5624;MID
2026-05-11;CELOUSDT;178;35;12.5748;-18.2794;MID
2026-05-11;CFGUSDT;178;35;40.4951;-2.9588;LONG
2026-05-11;CGPTUSDT;178;35;14.6511;-1.4659;MID
2026-05-11;CHIPUSDT;178;35;1.8695;-17.1883;MID
2026-05-11;CHRUSDT;178;35;13.6309;-24.77;MID
2026-05-11;CHZUSDT;178;35;8.7688;12.1275;MID
2026-05-11;COMPUSDT;178;35;0.3794;-9.2398;SHORT
2026-05-11;COOKIEUSDT;178;35;21.0114;-4.3781;LONG
2026-05-11;CRVUSDT;178;35;19.0517;-15.505;MID
2026-05-11;CUSDT;178;35;11.0184;-15.1636;MID
2026-05-11;DASHUSDT;178;35;-1.4331;-8.5311;SHORT
2026-05-11;DEXEUSDT;178;35;20.6978;7.0463;LONG
2026-05-11;DOGEUSDT;178;35;1.1086;-5.8866;SHORT
2026-05-11;DOGSUSDT;178;35;77.9661;-16.0565;LONG
2026-05-11;DOTUSDT;178;35;10.9121;-8.0764;MID
2026-05-11;DUSDT;178;35;1.4915;-5.1044;SHORT
2026-05-11;DYDXUSDT;178;35;11.9756;-14.0181;MID
2026-05-11;DYMUSDT;178;35;27.0961;-0.4023;LONG
2026-05-11;EDUUSDT;178;35;17.8886;-13.1133;MID
2026-05-11;EIGENUSDT;178;35;23.7933;-13.0734;LONG
2026-05-11;ENAUSDT;178;35;28.4645;-18.0336;LONG
2026-05-11;ENSOUSDT;178;35;-2.8071;-12.1283;SHORT
2026-05-11;EPICUSDT;178;35;7.0099;-17.8038;MID
2026-05-11;ETCUSDT;178;35;12.4942;-8.5884;MID
2026-05-11;ETHFIUSDT;178;35;7.41;-17.0156;MID
2026-05-11;ETHUSDT;178;35;-0.3197;-8.9634;SHORT
2026-05-11;FETUSDT;178;35;15.211;-17.5043;MID
2026-05-11;FILUSDT;178;35;20.686;-14.7425;MID
2026-05-11;FLOWUSDT;178;35;2.9807;-14.1874;MID
2026-05-11;FOGOUSDT;178;35;6.3669;-20.0475;MID
2026-05-11;FORMUSDT;178;35;-5.5429;-20.1441;SHORT
2026-05-11;FTTUSDT;178;35;0.0;0.0;SHORT
2026-05-11;GALAUSDT;178;35;25.3765;-13.3401;LONG
2026-05-11;GIGGLEUSDT;178;35;-4.757;-6.4956;SHORT
2026-05-11;GUNUSDT;178;35;6.0201;-15.836;MID
2026-05-11;HBARUSDT;178;35;10.4231;-6.8987;MID
2026-05-11;HIGHUSDT;178;35;2.1195;-13.5849;MID
2026-05-11;HIVEUSDT;178;35;12.7416;-11.4955;MID
2026-05-11;HMSTRUSDT;178;35;6.1814;-19.3689;MID
2026-05-11;HYPERUSDT;178;35;-10.2597;0.3685;SHORT
2026-05-11;ICPUSDT;178;35;40.678;-21.8373;LONG
2026-05-11;IDUSDT;178;35;11.4117;-18.1412;MID
2026-05-11;INJUSDT;178;35;25.3261;11.4484;LONG
2026-05-11;IOUSDT;178;35;32.0068;-11.4176;LONG
2026-05-11;JTOUSDT;178;35;33.2391;-19.1202;LONG
2026-05-11;JUPUSDT;178;35;40.3933;-20.008;LONG
2026-05-11;KAITOUSDT;178;35;1.6011;-3.2715;SHORT
2026-05-11;KITEUSDT;178;35;20.0766;34.6879;MID
2026-05-11;KSMUSDT;178;35;21.0046;-14.0823;LONG
2026-05-11;LINEAUSDT;178;35;12.5212;-14.0166;MID
2026-05-11;LINKUSDT;178;35;13.2122;-9.3381;MID
2026-05-11;LTCUSDT;178;35;6.4639;-7.0463;MID
2026-05-11;LUMIAUSDT;178;35;-15.7522;-20.7686;SHORT
2026-05-11;MANTAUSDT;178;35;15.1874;1.3146;MID
2026-05-11;MANTRAUSDT;178;35;9.3347;-15.9855;MID
2026-05-11;MASKUSDT;178;35;10.9611;-16.679;MID
2026-05-11;MEMEUSDT;178;35;6.7635;-16.0564;MID
2026-05-11;MORPHOUSDT;178;35;6.584;-19.8452;MID
2026-05-11;MOVRUSDT;178;35;25.8628;-20.0499;LONG
2026-05-11;MUBARAKUSDT;178;35;-0.1744;-18.0547;SHORT
2026-05-11;NEARUSDT;178;35;22.5832;5.042;LONG
2026-05-11;NEIROUSDT;178;35;8.7879;-11.8116;MID
2026-05-11;NEWTUSDT;178;35;14.5122;-14.3511;MID
2026-05-11;NFPUSDT;178;35;3.7873;-25.8947;MID
2026-05-11;NILUSDT;178;35;46.2664;-19.1618;LONG
2026-05-11;NOMUSDT;178;35;5.16;-14.3781;MID
2026-05-11;NOTUSDT;178;35;28.2108;-14.4349;LONG
2026-05-11;NXPCUSDT;178;35;15.4549;-5.0674;MID
2026-05-11;ONDOUSDT;178;35;36.4882;-9.9463;LONG
2026-05-11;ONGUSDT;178;35;1.6219;-12.728;MID
2026-05-11;OPENUSDT;178;35;-1.8734;9.5975;SHORT
2026-05-11;OPUSDT;178;35;26.4516;-17.4107;LONG
2026-05-11;ORCAUSDT;178;35;-7.5042;-13.762;SHORT
2026-05-11;ORDIUSDT;178;35;-2.7188;-14.3615;SHORT
2026-05-11;PARTIUSDT;178;35;30.0689;-11.8161;LONG
2026-05-11;PAXGUSDT;178;35;5.3381;-3.7714;MID
2026-05-11;PENDLEUSDT;178;35;13.7193;-14.3343;MID
2026-05-11;PENGUUSDT;178;35;1.2782;-15.928;SHORT
2026-05-11;PEOPLEUSDT;178;35;5.5556;-17.5837;MID
2026-05-11;PLUMEUSDT;178;35;31.3305;-23.8562;LONG
2026-05-11;PNUTUSDT;178;35;4.2313;-5.8386;MID
2026-05-11;POLUSDT;178;35;5.8117;-11.7904;MID
2026-05-11;POLYXUSDT;178;35;12.247;-3.3457;MID
2026-05-11;PROVEUSDT;178;35;12.4545;-16.9723;MID
2026-05-11;PUMPUSDT;178;35;15.0933;-18.3596;MID
2026-05-11;PYTHUSDT;178;35;19.5889;-23.7539;MID
2026-05-11;RENDERUSDT;178;35;7.5316;-7.0552;MID
2026-05-11;RESOLVUSDT;178;35;7.7417;-12.254;MID
2026-05-11;REZUSDT;178;35;24.2092;-23.5831;LONG
2026-05-11;RIFUSDT;178;35;55.323;-8.0314;LONG
2026-05-11;RLCUSDT;178;35;12.6041;-18.649;MID
2026-05-11;ROBOUSDT;178;35;19.05;-14.0683;MID
2026-05-11;ROSEUSDT;178;35;10.609;-14.7425;MID
2026-05-11;RUNEUSDT;178;35;20.0688;-27.8574;MID
2026-05-11;SAHARAUSDT;178;35;50.2685;-10.4453;LONG
2026-05-11;SANDUSDT;178;35;12.1549;-11.1315;MID
2026-05-11;SAPIENUSDT;178;35;20.2899;-8.4768;MID
2026-05-11;SHELLUSDT;178;35;5.2008;-16.5198;MID
2026-05-11;SLPUSDT;178;35;10.7629;-14.5052;MID
2026-05-11;SOLUSDT;178;35;15.7763;-12.3009;MID
2026-05-11;SOLVUSDT;178;35;5.5607;-9.926;MID
2026-05-11;SPKUSDT;178;35;-10.2814;-11.731;SHORT
2026-05-11;STEEMUSDT;178;35;7.021;-8.3375;MID
2026-05-11;STORJUSDT;178;35;16.4087;-1.0638;MID
2026-05-11;STRKUSDT;178;35;31.4099;-19.1337;LONG
2026-05-11;STXUSDT;178;35;21.3423;-12.1681;LONG
2026-05-11;SUIUSDT;178;35;38.9553;-17.5477;LONG
2026-05-11;SUNUSDT;178;35;7.5044;-3.9126;MID
2026-05-11;SUSDT;178;35;19.5981;-16.0091;MID
2026-05-11;SXTUSDT;178;35;-1.1888;-15.2159;SHORT
2026-05-11;TAOUSDT;178;35;12.5501;-18.4315;MID
2026-05-11;THETAUSDT;178;35;17.9904;-19.4242;MID
2026-05-11;TIAUSDT;178;35;26.0894;-11.6969;LONG
2026-05-11;TONUSDT;178;35;46.9149;-17.6524;LONG
2026-05-11;TRBUSDT;178;35;3.531;-14.9193;MID
2026-05-11;TREEUSDT;178;35;10.4215;-18.7974;MID
2026-05-11;TRUMPUSDT;178;35;5.0584;-14.6914;MID
2026-05-11;TRXUSDT;178;35;3.0835;1.2563;MID
2026-05-11;TSTUSDT;178;35;-18.2781;-22.3756;SHORT
2026-05-11;TURBOUSDT;178;35;10.9685;-14.6087;MID
2026-05-11;TUTUSDT;178;35;1.7304;-21.6159;MID
2026-05-11;UMAUSDT;178;35;18.4825;-17.1684;MID
2026-05-11;USTCUSDT;178;35;-0.0785;-18.4555;SHORT
2026-05-11;VANAUSDT;178;35;16.1943;-12.2532;MID
2026-05-11;VETUSDT;178;35;8.331;-12.7226;MID
2026-05-11;VICUSDT;178;35;4.2063;20.3043;MID
2026-05-11;VIRTUALUSDT;178;35;17.1879;-16.1174;MID
2026-05-11;WCTUSDT;178;35;11.6733;-12.9101;MID
2026-05-11;WIFUSDT;178;35;21.0499;-16.1318;LONG
2026-05-11;WLDUSDT;178;35;17.8088;-13.2496;MID
2026-05-11;WLFIUSDT;178;35;4.8742;-7.0465;MID
2026-05-11;WUSDT;178;35;17.3448;-24.9392;MID
2026-05-11;XLMUSDT;178;35;7.0339;-12.6031;MID
2026-05-11;XPLUSDT;178;35;15.4628;-18.0841;MID
2026-05-11;XVGUSDT;178;35;3.76;-14.202;MID
2026-05-11;ZAMAUSDT;178;35;-0.4823;-7.0959;SHORT
2026-05-11;ZBTUSDT;178;35;-25.382;5.5559;SHORT
2026-05-11;ZECUSDT;178;35;31.7372;1.1967;LONG
2026-05-11;ZENUSDT;178;35;-3.5937;-11.0655;SHORT
2026-05-11;ZILUSDT;178;35;7.5061;-11.2613;MID
2026-05-11;ZKUSDT;178;35;10.548;-18.9232;MID
2026-05-11;ZROUSDT;178;35;7.3522;-13.6066;MID
2026-05-11;币安人生USDT;178;35;-3.8696;20.9903;SHORT
2026-05-18;1000BONKUSDT;178;35;-20.3451;0.8164;SHORT
2026-05-18;1000CATUSDT;178;35;-17.0754;0.7667;MID
2026-05-18;1000FLOKIUSDT;178;35;-18.2064;-2.5429;MID
2026-05-18;1000LUNCUSDT;178;35;-21.0932;1.7663;SHORT
2026-05-18;1000PEPEUSDT;178;35;-14.8542;-2.752;MID
2026-05-18;1MBABYDOGEUSDT;178;35;-14.0998;-0.894;MID
2026-05-18;ACEUSDT;178;35;-14.1007;-2.4288;MID
2026-05-18;ACHUSDT;178;35;-16.6508;-7.1958;MID
2026-05-18;ADAUSDT;178;35;-10.2106;-3.1809;MID
2026-05-18;AIXBTUSDT;178;35;-3.7614;-9.5573;LONG
2026-05-18;ALGOUSDT;178;35;-11.4821;3.4959;MID
2026-05-18;ALLOUSDT;178;35;-12.5251;2.6583;MID
2026-05-18;APEUSDT;178;35;-8.2745;-4.6853;MID
2026-05-18;API3USDT;178;35;-12.0542;-2.8123;MID
2026-05-18;APTUSDT;178;35;-16.0241;2.0686;MID
2026-05-18;ARBUSDT;178;35;-16.5366;-7.8231;MID
2026-05-18;ARKMUSDT;178;35;-16.7367;22.2876;MID
2026-05-18;ARUSDT;178;35;-10.4484;-0.1417;MID
2026-05-18;ASTERUSDT;178;35;-5.0159;5.5098;LONG
2026-05-18;ATOMUSDT;178;35;1.6161;2.7952;LONG
2026-05-18;ATUSDT;178;35;-29.693;13.0629;SHORT
2026-05-18;AXLUSDT;178;35;-19.2409;0.5489;SHORT
2026-05-18;AXSUSDT;178;35;-15.7563;-4.7382;MID
2026-05-18;BABYUSDT;178;35;-10.5385;3.8188;MID
2026-05-18;BANANAS31USDT;178;35;-30.3816;20.4675;SHORT
2026-05-18;BANANAUSDT;178;35;-12.2775;0.2899;MID
2026-05-18;BBUSDT;178;35;-13.6212;5.9838;MID
2026-05-18;BCHUSDT;178;35;-15.9172;-7.1376;MID
2026-05-18;BERAUSDT;178;35;-5.6774;-1.8342;LONG
2026-05-18;BIGTIMEUSDT;178;35;-20.4134;-2.3539;SHORT
2026-05-18;BIOUSDT;178;35;-17.6271;-13.2202;MID
2026-05-18;BOMEUSDT;178;35;-2.3907;-15.1789;LONG
2026-05-18;BROCCOLI714USDT;178;35;-19.8208;0.838;SHORT
2026-05-18;BTCUSDT;178;35;-5.7968;0.4136;LONG
2026-05-18;CAKEUSDT;178;35;-9.5624;2.2713;MID
2026-05-18;CELOUSDT;178;35;-18.2794;-3.1411;SHORT
2026-05-18;CFGUSDT;178;35;-2.9588;0.0685;LONG
2026-05-18;CGPTUSDT;178;35;-1.4659;-21.7335;LONG
2026-05-18;CHIPUSDT;178;35;-17.1883;-9.2006;MID
2026-05-18;CHRUSDT;178;35;-24.77;1.317;SHORT
2026-05-18;CHZUSDT;178;35;12.1275;-24.2686;LONG
2026-05-18;COMPUSDT;178;35;-9.2398;-9.9028;MID
2026-05-18;COOKIEUSDT;178;35;-4.3781;-30.0728;LONG
2026-05-18;CRVUSDT;178;35;-15.505;-6.1027;MID
2026-05-18;CUSDT;178;35;-15.1636;23.2152;MID
2026-05-18;DASHUSDT;178;35;-8.5311;4.5816;MID
2026-05-18;DEXEUSDT;178;35;7.0463;27.5336;LONG
2026-05-18;DOGEUSDT;178;35;-5.8866;-2.521;LONG
2026-05-18;DOGSUSDT;178;35;-16.0565;-6.9668;MID
2026-05-18;DOTUSDT;178;35;-8.0764;0.639;MID
2026-05-18;DUSDT;178;35;-5.1044;-8.9474;LONG
2026-05-18;DYDXUSDT;178;35;-14.0181;8.714;MID
2026-05-18;DYMUSDT;178;35;-0.4023;5.5735;LONG
2026-05-18;EDUUSDT;178;35;-13.1133;-2.8757;MID
2026-05-18;EIGENUSDT;178;35;-13.0734;31.8206;MID
2026-05-18;ENAUSDT;178;35;-18.0336;-5.145;MID
2026-05-18;ENSOUSDT;178;35;-12.1283;-5.1061;MID
2026-05-18;EPICUSDT;178;35;-17.8038;-24.2725;MID
2026-05-18;ETCUSDT;178;35;-8.5884;0.0336;MID
2026-05-18;ETHFIUSDT;178;35;-17.0156;-0.9031;MID
2026-05-18;ETHUSDT;178;35;-8.9634;-0.8149;MID
2026-05-18;FETUSDT;178;35;-17.5043;19.5147;MID
2026-05-18;FILUSDT;178;35;-14.7425;2.2917;MID
2026-05-18;FLOWUSDT;178;35;-14.1874;-4.4788;MID
2026-05-18;FOGOUSDT;178;35;-20.0475;-10.1604;SHORT
2026-05-18;FORMUSDT;178;35;-20.1441;-1.4611;SHORT
2026-05-18;FTTUSDT;178;35;0.0;0.0;LONG
2026-05-18;GALAUSDT;178;35;-13.3401;-2.9785;MID
2026-05-18;GIGGLEUSDT;178;35;-6.4956;-10.0409;LONG
2026-05-18;GUNUSDT;178;35;-15.836;-13.4183;MID
2026-05-18;HBARUSDT;178;35;-6.8987;-2.3073;LONG
2026-05-18;HIGHUSDT;178;35;-13.5849;-9.7707;MID
2026-05-18;HIVEUSDT;178;35;-11.4955;4.9697;MID
2026-05-18;HMSTRUSDT;178;35;-19.3689;8.0972;SHORT
2026-05-18;HYPERUSDT;178;35;0.3685;-10.8176;LONG
2026-05-18;ICPUSDT;178;35;-21.8373;2.9287;SHORT
2026-05-18;IDUSDT;178;35;-18.1412;5.387;MID
2026-05-18;INJUSDT;178;35;11.4484;10.2724;LONG
2026-05-18;IOUSDT;178;35;-11.4176;13.9754;MID
2026-05-18;JTOUSDT;178;35;-19.1202;21.3502;SHORT
2026-05-18;JUPUSDT;178;35;-20.008;0.8004;SHORT
2026-05-18;KAITOUSDT;178;35;-3.2715;5.63;LONG
2026-05-18;KITEUSDT;178;35;34.6879;-17.4175;LONG
2026-05-18;KSMUSDT;178;35;-14.0823;-3.1344;MID
2026-05-18;LINEAUSDT;178;35;-14.0166;-7.5957;MID
2026-05-18;LINKUSDT;178;35;-9.3381;-1.0727;MID
2026-05-18;LTCUSDT;178;35;-7.0463;-3.0175;MID
2026-05-18;LUMIAUSDT;178;35;-20.7686;5.3201;SHORT
2026-05-18;MANTAUSDT;178;35;1.3146;-1.1305;LONG
2026-05-18;MANTRAUSDT;178;35;-15.9855;0.0;MID
2026-05-18;MASKUSDT;178;35;-16.679;1.2165;MID
2026-05-18;MEMEUSDT;178;35;-16.0564;-1.4862;MID
2026-05-18;MORPHOUSDT;178;35;-19.8452;30.979;SHORT
2026-05-18;MOVRUSDT;178;35;-20.0499;-10.8686;SHORT
2026-05-18;MUBARAKUSDT;178;35;-18.0547;-6.1123;MID
2026-05-18;NEARUSDT;178;35;5.042;70.4615;LONG
2026-05-18;NEIROUSDT;178;35;-11.8116;4.647;MID
2026-05-18;NEWTUSDT;178;35;-14.3511;2.5072;MID
2026-05-18;NFPUSDT;178;35;-25.8947;-3.125;SHORT
2026-05-18;NILUSDT;178;35;-19.1618;81.118;SHORT
2026-05-18;NOMUSDT;178;35;-14.3781;-3.4207;MID
2026-05-18;NOTUSDT;178;35;-14.4349;-3.322;MID
2026-05-18;NXPCUSDT;178;35;-5.0674;13.6995;LONG
2026-05-18;ONDOUSDT;178;35;-9.9463;10.7856;MID
2026-05-18;ONGUSDT;178;35;-12.728;1.2602;MID
2026-05-18;OPENUSDT;178;35;9.5975;-11.7232;LONG
2026-05-18;OPUSDT;178;35;-17.4107;0.0772;MID
2026-05-18;ORCAUSDT;178;35;-13.762;-0.6969;MID
2026-05-18;ORDIUSDT;178;35;-14.3615;-2.9538;MID
2026-05-18;PARTIUSDT;178;35;-11.8161;-6.6113;MID
2026-05-18;PAXGUSDT;178;35;-3.7714;-0.565;LONG
2026-05-18;PENDLEUSDT;178;35;-14.3343;4.4621;MID
2026-05-18;PENGUUSDT;178;35;-15.928;2.63;MID
2026-05-18;PEOPLEUSDT;178;35;-17.5837;-3.6284;MID
2026-05-18;PLUMEUSDT;178;35;-23.8562;21.9742;SHORT
2026-05-18;PNUTUSDT;178;35;-5.8386;-2.8169;LONG
2026-05-18;POLUSDT;178;35;-11.7904;1.9912;MID
2026-05-18;POLYXUSDT;178;35;-3.3457;9.2692;LONG
2026-05-18;PROVEUSDT;178;35;-16.9723;13.5557;MID
2026-05-18;PUMPUSDT;178;35;-18.3596;4.3808;SHORT
2026-05-18;PYTHUSDT;178;35;-23.7539;-7.2362;SHORT
2026-05-18;RENDERUSDT;178;35;-7.0552;20.077;MID
2026-05-18;RESOLVUSDT;178;35;-12.254;-9.9218;MID
2026-05-18;REZUSDT;178;35;-23.5831;-14.3518;SHORT
2026-05-18;RIFUSDT;178;35;-8.0314;-14.6636;MID
2026-05-18;RLCUSDT;178;35;-18.649;3.4458;SHORT
2026-05-18;ROBOUSDT;178;35;-14.0683;-5.3135;MID
2026-05-18;ROSEUSDT;178;35;-14.7425;2.1875;MID
2026-05-18;RUNEUSDT;178;35;-27.8574;-1.1474;SHORT
2026-05-18;SAHARAUSDT;178;35;-10.4453;6.814;MID
2026-05-18;SANDUSDT;178;35;-11.1315;-1.4331;MID
2026-05-18;SAPIENUSDT;178;35;-8.4768;4.0809;MID
2026-05-18;SHELLUSDT;178;35;-16.5198;-5.5702;MID
2026-05-18;SLPUSDT;178;35;-14.5052;-7.083;MID
2026-05-18;SOLUSDT;178;35;-12.3009;-0.3867;MID
2026-05-18;SOLVUSDT;178;35;-9.926;0.4833;MID
2026-05-18;SPKUSDT;178;35;-11.731;-5.9447;MID
2026-05-18;STEEMUSDT;178;35;-8.3375;-1.9569;MID
2026-05-18;STORJUSDT;178;35;-1.0638;-8.3333;LONG
2026-05-18;STRKUSDT;178;35;-19.1337;0.688;SHORT
2026-05-18;STXUSDT;178;35;-12.1681;3.9043;MID
2026-05-18;SUIUSDT;178;35;-17.5477;-2.0117;MID
2026-05-18;SUNUSDT;178;35;-3.9126;2.1724;LONG
2026-05-18;SUSDT;178;35;-16.0091;3.4615;MID
2026-05-18;SXTUSDT;178;35;-15.2159;-2.4207;MID
2026-05-18;TAOUSDT;178;35;-18.4315;6.9404;SHORT
2026-05-18;THETAUSDT;178;35;-19.4242;-2.0634;SHORT
2026-05-18;TIAUSDT;178;35;-11.6969;18.7406;MID
2026-05-18;TONUSDT;178;35;-17.6524;-3.1031;MID
2026-05-18;TRBUSDT;178;35;-14.9193;2.1876;MID
2026-05-18;TREEUSDT;178;35;-18.7974;4.3464;SHORT
2026-05-18;TRUMPUSDT;178;35;-14.6914;0.3377;MID
2026-05-18;TRXUSDT;178;35;1.2563;4.555;LONG
2026-05-18;TSTUSDT;178;35;-22.3756;5.7481;SHORT
2026-05-18;TURBOUSDT;178;35;-14.6087;-2.067;MID
2026-05-18;TUTUSDT;178;35;-21.6159;-4.5208;SHORT
2026-05-18;UMAUSDT;178;35;-17.1684;0.0661;MID
2026-05-18;USTCUSDT;178;35;-18.4555;-2.825;SHORT
2026-05-18;VANAUSDT;178;35;-12.2532;-2.912;MID
2026-05-18;VETUSDT;178;35;-12.7226;-1.8037;MID
2026-05-18;VICUSDT;178;35;20.3043;-1.8884;LONG
2026-05-18;VIRTUALUSDT;178;35;-16.1174;7.3039;MID
2026-05-18;WCTUSDT;178;35;-12.9101;-1.1905;MID
2026-05-18;WIFUSDT;178;35;-16.1318;-0.1034;MID
2026-05-18;WLDUSDT;178;35;-13.2496;36.7136;MID
2026-05-18;WLFIUSDT;178;35;-7.0465;-1.2903;MID
2026-05-18;WUSDT;178;35;-24.9392;0.2431;SHORT
2026-05-18;XLMUSDT;178;35;-12.6031;1.6778;MID
2026-05-18;XPLUSDT;178;35;-18.0841;2.6253;MID
2026-05-18;XVGUSDT;178;35;-14.202;3.7578;MID
2026-05-18;ZAMAUSDT;178;35;-7.0959;22.541;MID
2026-05-18;ZBTUSDT;178;35;5.5559;-11.1591;LONG
2026-05-18;ZECUSDT;178;35;1.1967;15.7721;LONG
2026-05-18;ZENUSDT;178;35;-11.0655;2.9208;MID
2026-05-18;ZILUSDT;178;35;-11.2613;-1.0152;MID
2026-05-18;ZKUSDT;178;35;-18.9232;-2.7613;SHORT
2026-05-18;ZROUSDT;178;35;-13.6066;0.3753;MID
2026-05-18;币安人生USDT;178;35;20.9903;-4.3074;LONG
