T,src,IMP_State,IMP_Direction,IMP_Start_Time,close_utc,r_state,r_dir,r_start,state_ok,dir_ok,start_ok,all_ok,tf,H4_IMP_State,H4_IMP_Direction,H4_IMP_Start_Time,H1_IMP_State,H1_IMP_Direction,H1_IMP_Start_Time
2026-08-21 19:34:23,btc_signals_log(21.08)_v4.csv,ACTIVE,BULL,2026-08-19,2026-08-21 00:00:00,ACTIVE,BULL,2026-08-19,True,True,True,True,1d,,,,,,
2026-08-21 20:04:26,btc_signals_log(21.08)_v4.csv,ACTIVE,BULL,2026-08-19,2026-08-21 00:00:00,ACTIVE,BULL,2026-08-19,True,True,True,True,1d,,,,,,
2026-08-21 20:34:29,btc_signals_log(21.08)_v4.csv,ACTIVE,BULL,2026-08-19,2026-08-21 00:00:00,ACTIVE,BULL,2026-08-19,True,True,True,True,1d,,,,,,
2026-08-21 21:04:32,btc_signals_log(21.08)_v4.csv,ACTIVE,BULL,2026-08-19,2026-08-21 00:00:00,ACTIVE,BULL,2026-08-19,True,True,True,True,1d,,,,,,
2026-08-21 21:34:35,btc_signals_log(21.08)_v4.csv,ACTIVE,BULL,2026-08-19,2026-08-21 00:00:00,ACTIVE,BULL,2026-08-19,True,True,True,True,1d,,,,,,
2026-08-21 22:04:38,btc_signals_log(21.08)_v4.csv,ACTIVE,BULL,2026-08-19,2026-08-21 00:00:00,ACTIVE,BULL,2026-08-19,True,True,True,True,1d,,,,,,
2026-08-21 22:34:41,btc_signals_log(21.08)_v4.csv,ACTIVE,BULL,2026-08-19,2026-08-21 00:00:00,ACTIVE,BULL,2026-08-19,True,True,True,True,1d,,,,,,
2026-08-21 23:04:44,btc_signals_log(21.08)_v4.csv,ACTIVE,BULL,2026-08-19,2026-08-21 00:00:00,ACTIVE,BULL,2026-08-19,True,True,True,True,1d,,,,,,
2026-08-21 23:34:47,btc_signals_log(21.08)_v4.csv,ACTIVE,BULL,2026-08-19,2026-08-21 00:00:00,ACTIVE,BULL,2026-08-19,True,True,True,True,1d,,,,,,
2026-08-22 00:04:50,btc_signals_log(22.08)_v4.csv,ACTIVE,BULL,2026-08-19,2026-08-22 00:00:00,ACTIVE,BULL,2026-08-19,True,True,True,True,1d,,,,,,
2026-08-22 00:34:53,btc_signals_log(22.08)_v4.csv,ACTIVE,BULL,2026-08-19,2026-08-22 00:00:00,ACTIVE,BULL,2026-08-19,True,True,True,True,1d,,,,,,
2026-08-22 01:04:56,btc_signals_log(22.08)_v4.csv,ACTIVE,BULL,2026-08-19,2026-08-22 00:00:00,ACTIVE,BULL,2026-08-19,True,True,True,True,1d,,,,,,
2026-08-22 01:35:00,btc_signals_log(22.08)_v4.csv,ACTIVE,BULL,2026-08-19,2026-08-22 00:00:00,ACTIVE,BULL,2026-08-19,True,True,True,True,1d,,,,,,
2026-08-22 02:05:04,btc_signals_log(22.08)_v4.csv,ACTIVE,BULL,2026-08-19,2026-08-22 00:00:00,ACTIVE,BULL,2026-08-19,True,True,True,True,1d,,,,,,
2026-08-22 02:35:07,btc_signals_log(22.08)_v4.csv,ACTIVE,BULL,2026-08-19,2026-08-22 00:00:00,ACTIVE,BULL,2026-08-19,True,True,True,True,1d,,,,,,
2026-08-22 03:05:10,btc_signals_log(22.08)_v4.csv,ACTIVE,BULL,2026-08-19,2026-08-22 00:00:00,ACTIVE,BULL,2026-08-19,True,True,True,True,1d,,,,,,
2026-08-22 03:35:13,btc_signals_log(22.08)_v4.csv,ACTIVE,BULL,2026-08-19,2026-08-22 00:00:00,ACTIVE,BULL,2026-08-19,True,True,True,True,1d,,,,,,
2026-08-22 04:05:16,btc_signals_log(22.08)_v4.csv,ACTIVE,BULL,2026-08-19,2026-08-22 00:00:00,ACTIVE,BULL,2026-08-19,True,True,True,True,1d,,,,,,
2026-08-22 04:35:19,btc_signals_log(22.08)_v4.csv,ACTIVE,BULL,2026-08-19,2026-08-22 00:00:00,ACTIVE,BULL,2026-08-19,True,True,True,True,1d,,,,,,
2026-08-22 05:05:22,btc_signals_log(22.08)_v4.csv,ACTIVE,BULL,2026-08-19,2026-08-22 00:00:00,ACTIVE,BULL,2026-08-19,True,True,True,True,1d,,,,,,
2026-08-22 05:35:25,btc_signals_log(22.08)_v4.csv,ACTIVE,BULL,2026-08-19,2026-08-22 00:00:00,ACTIVE,BULL,2026-08-19,True,True,True,True,1d,,,,,,
2026-08-22 06:05:28,btc_signals_log(22.08)_v4.csv,ACTIVE,BULL,2026-08-19,2026-08-22 00:00:00,ACTIVE,BULL,2026-08-19,True,True,True,True,1d,,,,,,
2026-08-22 06:35:31,btc_signals_log(22.08)_v4.csv,ACTIVE,BULL,2026-08-19,2026-08-22 00:00:00,ACTIVE,BULL,2026-08-19,True,True,True,True,1d,,,,,,
2026-08-22 07:05:34,btc_signals_log(22.08)_v4.csv,ACTIVE,BULL,2026-08-19,2026-08-22 00:00:00,ACTIVE,BULL,2026-08-19,True,True,True,True,1d,,,,,,
2026-08-22 07:35:37,btc_signals_log(22.08)_v4.csv,ACTIVE,BULL,2026-08-19,2026-08-22 00:00:00,ACTIVE,BULL,2026-08-19,True,True,True,True,1d,,,,,,
2026-08-22 08:05:40,btc_signals_log(22.08)_v4.csv,ACTIVE,BULL,2026-08-19,2026-08-22 00:00:00,ACTIVE,BULL,2026-08-19,True,True,True,True,1d,,,,,,
2026-08-22 08:35:44,btc_signals_log(22.08)_v4.csv,ACTIVE,BULL,2026-08-19,2026-08-22 00:00:00,ACTIVE,BULL,2026-08-19,True,True,True,True,1d,,,,,,
2026-08-22 09:05:47,btc_signals_log(22.08)_v4.csv,ACTIVE,BULL,2026-08-19,2026-08-22 00:00:00,ACTIVE,BULL,2026-08-19,True,True,True,True,1d,,,,,,
2026-08-22 09:35:51,btc_signals_log(22.08)_v4.csv,ACTIVE,BULL,2026-08-19,2026-08-22 00:00:00,ACTIVE,BULL,2026-08-19,True,True,True,True,1d,,,,,,
2026-08-22 10:05:54,btc_signals_log(22.08)_v4.csv,ACTIVE,BULL,2026-08-19,2026-08-22 00:00:00,ACTIVE,BULL,2026-08-19,True,True,True,True,1d,,,,,,
2026-08-22 10:35:59,btc_signals_log(22.08)_v4.csv,ACTIVE,BULL,2026-08-19,2026-08-22 00:00:00,ACTIVE,BULL,2026-08-19,True,True,True,True,1d,,,,,,
2026-08-22 11:06:02,btc_signals_log(22.08)_v4.csv,ACTIVE,BULL,2026-08-19,2026-08-22 00:00:00,ACTIVE,BULL,2026-08-19,True,True,True,True,1d,,,,,,
2026-08-22 11:36:04,btc_signals_log(22.08)_v4.csv,ACTIVE,BULL,2026-08-19,2026-08-22 00:00:00,ACTIVE,BULL,2026-08-19,True,True,True,True,1d,,,,,,
2026-08-22 12:06:09,btc_signals_log(22.08)_v4.csv,ACTIVE,BULL,2026-08-19,2026-08-22 00:00:00,ACTIVE,BULL,2026-08-19,True,True,True,True,1d,,,,,,
2026-08-22 12:36:14,btc_signals_log(22.08)_v4.csv,ACTIVE,BULL,2026-08-19,2026-08-22 00:00:00,ACTIVE,BULL,2026-08-19,True,True,True,True,1d,,,,,,
2026-08-22 13:06:19,btc_signals_log(22.08)_v4.csv,ACTIVE,BULL,2026-08-19,2026-08-22 00:00:00,ACTIVE,BULL,2026-08-19,True,True,True,True,1d,,,,,,
2026-08-22 13:36:23,btc_signals_log(22.08)_v4.csv,ACTIVE,BULL,2026-08-19,2026-08-22 00:00:00,ACTIVE,BULL,2026-08-19,True,True,True,True,1d,,,,,,
2026-08-22 14:06:26,btc_signals_log(22.08)_v4.csv,ACTIVE,BULL,2026-08-19,2026-08-22 00:00:00,ACTIVE,BULL,2026-08-19,True,True,True,True,1d,,,,,,
2026-08-22 14:36:29,btc_signals_log(22.08)_v4.csv,ACTIVE,BULL,2026-08-19,2026-08-22 00:00:00,ACTIVE,BULL,2026-08-19,True,True,True,True,1d,,,,,,
2026-08-22 15:06:32,btc_signals_log(22.08)_v4.csv,ACTIVE,BULL,2026-08-19,2026-08-22 00:00:00,ACTIVE,BULL,2026-08-19,True,True,True,True,1d,,,,,,
2026-08-22 15:36:35,btc_signals_log(22.08)_v4.csv,ACTIVE,BULL,2026-08-19,2026-08-22 00:00:00,ACTIVE,BULL,2026-08-19,True,True,True,True,1d,,,,,,
2026-08-22 16:06:38,btc_signals_log(22.08)_v4.csv,ACTIVE,BULL,2026-08-19,2026-08-22 00:00:00,ACTIVE,BULL,2026-08-19,True,True,True,True,1d,,,,,,
2026-08-22 16:36:42,btc_signals_log(22.08)_v4.csv,ACTIVE,BULL,2026-08-19,2026-08-22 00:00:00,ACTIVE,BULL,2026-08-19,True,True,True,True,1d,,,,,,
2026-08-22 17:06:45,btc_signals_log(22.08)_v4.csv,ACTIVE,BULL,2026-08-19,2026-08-22 00:00:00,ACTIVE,BULL,2026-08-19,True,True,True,True,1d,,,,,,
2026-08-22 17:36:48,btc_signals_log(22.08)_v4.csv,ACTIVE,BULL,2026-08-19,2026-08-22 00:00:00,ACTIVE,BULL,2026-08-19,True,True,True,True,1d,,,,,,
2026-08-22 18:06:51,btc_signals_log(22.08)_v4.csv,ACTIVE,BULL,2026-08-19,2026-08-22 00:00:00,ACTIVE,BULL,2026-08-19,True,True,True,True,1d,,,,,,
2026-08-22 18:36:54,btc_signals_log(22.08)_v4.csv,ACTIVE,BULL,2026-08-19,2026-08-22 00:00:00,ACTIVE,BULL,2026-08-19,True,True,True,True,1d,,,,,,
2026-08-22 19:06:57,btc_signals_log(22.08)_v4.csv,ACTIVE,BULL,2026-08-19,2026-08-22 00:00:00,ACTIVE,BULL,2026-08-19,True,True,True,True,1d,,,,,,
2026-08-22 19:37:00,btc_signals_log(22.08)_v4.csv,ACTIVE,BULL,2026-08-19,2026-08-22 00:00:00,ACTIVE,BULL,2026-08-19,True,True,True,True,1d,,,,,,
2026-08-22 20:07:03,btc_signals_log(22.08)_v4.csv,ACTIVE,BULL,2026-08-19,2026-08-22 00:00:00,ACTIVE,BULL,2026-08-19,True,True,True,True,1d,,,,,,
2026-08-22 20:37:06,btc_signals_log(22.08)_v4.csv,ACTIVE,BULL,2026-08-19,2026-08-22 00:00:00,ACTIVE,BULL,2026-08-19,True,True,True,True,1d,,,,,,
2026-08-22 21:07:09,btc_signals_log(22.08)_v4.csv,ACTIVE,BULL,2026-08-19,2026-08-22 00:00:00,ACTIVE,BULL,2026-08-19,True,True,True,True,1d,,,,,,
2026-08-22 21:37:12,btc_signals_log(22.08)_v4.csv,ACTIVE,BULL,2026-08-19,2026-08-22 00:00:00,ACTIVE,BULL,2026-08-19,True,True,True,True,1d,,,,,,
2026-08-22 22:07:15,btc_signals_log(22.08)_v4.csv,ACTIVE,BULL,2026-08-19,2026-08-22 00:00:00,ACTIVE,BULL,2026-08-19,True,True,True,True,1d,,,,,,
2026-08-22 22:37:18,btc_signals_log(22.08)_v4.csv,ACTIVE,BULL,2026-08-19,2026-08-22 00:00:00,ACTIVE,BULL,2026-08-19,True,True,True,True,1d,,,,,,
2026-08-22 23:07:21,btc_signals_log(22.08)_v4.csv,ACTIVE,BULL,2026-08-19,2026-08-22 00:00:00,ACTIVE,BULL,2026-08-19,True,True,True,True,1d,,,,,,
2026-08-22 23:37:24,btc_signals_log(22.08)_v4.csv,ACTIVE,BULL,2026-08-19,2026-08-22 00:00:00,ACTIVE,BULL,2026-08-19,True,True,True,True,1d,,,,,,
2026-08-23 00:07:27,btc_signals_log(23.08)_v4.csv,ACTIVE,BULL,2026-08-19,2026-08-23 00:00:00,ACTIVE,BULL,2026-08-19,True,True,True,True,1d,,,,,,
2026-08-23 00:37:29,btc_signals_log(23.08)_v4.csv,ACTIVE,BULL,2026-08-19,2026-08-23 00:00:00,ACTIVE,BULL,2026-08-19,True,True,True,True,1d,,,,,,
2026-08-23 01:07:32,btc_signals_log(23.08)_v4.csv,ACTIVE,BULL,2026-08-19,2026-08-23 00:00:00,ACTIVE,BULL,2026-08-19,True,True,True,True,1d,,,,,,
2026-08-23 01:37:35,btc_signals_log(23.08)_v4.csv,ACTIVE,BULL,2026-08-19,2026-08-23 00:00:00,ACTIVE,BULL,2026-08-19,True,True,True,True,1d,,,,,,
2026-08-23 02:07:38,btc_signals_log(23.08)_v4.csv,ACTIVE,BULL,2026-08-19,2026-08-23 00:00:00,ACTIVE,BULL,2026-08-19,True,True,True,True,1d,,,,,,
2026-08-23 02:37:42,btc_signals_log(23.08)_v4.csv,ACTIVE,BULL,2026-08-19,2026-08-23 00:00:00,ACTIVE,BULL,2026-08-19,True,True,True,True,1d,,,,,,
2026-08-23 03:07:45,btc_signals_log(23.08)_v4.csv,ACTIVE,BULL,2026-08-19,2026-08-23 00:00:00,ACTIVE,BULL,2026-08-19,True,True,True,True,1d,,,,,,
2026-08-23 03:37:48,btc_signals_log(23.08)_v4.csv,ACTIVE,BULL,2026-08-19,2026-08-23 00:00:00,ACTIVE,BULL,2026-08-19,True,True,True,True,1d,,,,,,
2026-08-23 04:07:50,btc_signals_log(23.08)_v4.csv,ACTIVE,BULL,2026-08-19,2026-08-23 00:00:00,ACTIVE,BULL,2026-08-19,True,True,True,True,1d,,,,,,
2026-08-23 04:37:53,btc_signals_log(23.08)_v4.csv,ACTIVE,BULL,2026-08-19,2026-08-23 00:00:00,ACTIVE,BULL,2026-08-19,True,True,True,True,1d,,,,,,
2026-08-23 05:07:56,btc_signals_log(23.08)_v4.csv,ACTIVE,BULL,2026-08-19,2026-08-23 00:00:00,ACTIVE,BULL,2026-08-19,True,True,True,True,1d,,,,,,
2026-08-23 05:37:59,btc_signals_log(23.08)_v4.csv,ACTIVE,BULL,2026-08-19,2026-08-23 00:00:00,ACTIVE,BULL,2026-08-19,True,True,True,True,1d,,,,,,
2026-08-23 06:08:04,btc_signals_log(23.08)_v4.csv,ACTIVE,BULL,2026-08-19,2026-08-23 00:00:00,ACTIVE,BULL,2026-08-19,True,True,True,True,1d,,,,,,
2026-08-23 06:38:09,btc_signals_log(23.08)_v4.csv,ACTIVE,BULL,2026-08-19,2026-08-23 00:00:00,ACTIVE,BULL,2026-08-19,True,True,True,True,1d,,,,,,
2026-08-23 07:08:12,btc_signals_log(23.08)_v4.csv,ACTIVE,BULL,2026-08-19,2026-08-23 00:00:00,ACTIVE,BULL,2026-08-19,True,True,True,True,1d,,,,,,
2026-08-23 07:38:15,btc_signals_log(23.08)_v4.csv,ACTIVE,BULL,2026-08-19,2026-08-23 00:00:00,ACTIVE,BULL,2026-08-19,True,True,True,True,1d,,,,,,
2026-08-23 08:08:19,btc_signals_log(23.08)_v4.csv,ACTIVE,BULL,2026-08-19,2026-08-23 00:00:00,ACTIVE,BULL,2026-08-19,True,True,True,True,1d,,,,,,
2026-08-23 08:38:24,btc_signals_log(23.08)_v4.csv,ACTIVE,BULL,2026-08-19,2026-08-23 00:00:00,ACTIVE,BULL,2026-08-19,True,True,True,True,1d,,,,,,
2026-08-23 09:08:27,btc_signals_log(23.08)_v4.csv,ACTIVE,BULL,2026-08-19,2026-08-23 00:00:00,ACTIVE,BULL,2026-08-19,True,True,True,True,1d,,,,,,
2026-08-23 09:38:32,btc_signals_log(23.08)_v4.csv,ACTIVE,BULL,2026-08-19,2026-08-23 00:00:00,ACTIVE,BULL,2026-08-19,True,True,True,True,1d,,,,,,
2026-08-23 10:08:36,btc_signals_log(23.08)_v4.csv,ACTIVE,BULL,2026-08-19,2026-08-23 00:00:00,ACTIVE,BULL,2026-08-19,True,True,True,True,1d,,,,,,
2026-08-23 10:38:41,btc_signals_log(23.08)_v4.csv,ACTIVE,BULL,2026-08-19,2026-08-23 00:00:00,ACTIVE,BULL,2026-08-19,True,True,True,True,1d,,,,,,
2026-08-23 11:08:46,btc_signals_log(23.08)_v4.csv,ACTIVE,BULL,2026-08-19,2026-08-23 00:00:00,ACTIVE,BULL,2026-08-19,True,True,True,True,1d,,,,,,
2026-08-23 11:38:49,btc_signals_log(23.08)_v4.csv,ACTIVE,BULL,2026-08-19,2026-08-23 00:00:00,ACTIVE,BULL,2026-08-19,True,True,True,True,1d,,,,,,
2026-08-23 12:08:52,btc_signals_log(23.08)_v4.csv,ACTIVE,BULL,2026-08-19,2026-08-23 00:00:00,ACTIVE,BULL,2026-08-19,True,True,True,True,1d,,,,,,
2026-08-23 12:38:56,btc_signals_log(23.08)_v4.csv,ACTIVE,BULL,2026-08-19,2026-08-23 00:00:00,ACTIVE,BULL,2026-08-19,True,True,True,True,1d,,,,,,
2026-08-23 13:08:59,btc_signals_log(23.08)_v4.csv,ACTIVE,BULL,2026-08-19,2026-08-23 00:00:00,ACTIVE,BULL,2026-08-19,True,True,True,True,1d,,,,,,
2026-08-23 13:39:02,btc_signals_log(23.08)_v4.csv,ACTIVE,BULL,2026-08-19,2026-08-23 00:00:00,ACTIVE,BULL,2026-08-19,True,True,True,True,1d,,,,,,
2026-08-23 14:09:07,btc_signals_log(23.08)_v4.csv,ACTIVE,BULL,2026-08-19,2026-08-23 00:00:00,ACTIVE,BULL,2026-08-19,True,True,True,True,1d,,,,,,
2026-08-23 14:39:10,btc_signals_log(23.08)_v4.csv,ACTIVE,BULL,2026-08-19,2026-08-23 00:00:00,ACTIVE,BULL,2026-08-19,True,True,True,True,1d,,,,,,
2026-08-23 15:09:14,btc_signals_log(23.08)_v4.csv,ACTIVE,BULL,2026-08-19,2026-08-23 00:00:00,ACTIVE,BULL,2026-08-19,True,True,True,True,1d,,,,,,
2026-08-23 15:39:17,btc_signals_log(23.08)_v4.csv,ACTIVE,BULL,2026-08-19,2026-08-23 00:00:00,ACTIVE,BULL,2026-08-19,True,True,True,True,1d,,,,,,
2026-08-23 16:09:21,btc_signals_log(23.08)_v4.csv,ACTIVE,BULL,2026-08-19,2026-08-23 00:00:00,ACTIVE,BULL,2026-08-19,True,True,True,True,1d,,,,,,
2026-08-23 16:39:25,btc_signals_log(23.08)_v4.csv,ACTIVE,BULL,2026-08-19,2026-08-23 00:00:00,ACTIVE,BULL,2026-08-19,True,True,True,True,1d,,,,,,
2026-08-23 17:09:30,btc_signals_log(23.08)_v4.csv,ACTIVE,BULL,2026-08-19,2026-08-23 00:00:00,ACTIVE,BULL,2026-08-19,True,True,True,True,1d,,,,,,
2026-08-23 17:39:35,btc_signals_log(23.08)_v4.csv,ACTIVE,BULL,2026-08-19,2026-08-23 00:00:00,ACTIVE,BULL,2026-08-19,True,True,True,True,1d,,,,,,
2026-08-23 18:09:38,btc_signals_log(23.08)_v4.csv,ACTIVE,BULL,2026-08-19,2026-08-23 00:00:00,ACTIVE,BULL,2026-08-19,True,True,True,True,1d,,,,,,
2026-08-23 18:39:41,btc_signals_log(23.08)_v4.csv,ACTIVE,BULL,2026-08-19,2026-08-23 00:00:00,ACTIVE,BULL,2026-08-19,True,True,True,True,1d,,,,,,
2026-08-23 19:09:44,btc_signals_log(23.08)_v4.csv,ACTIVE,BULL,2026-08-19,2026-08-23 00:00:00,ACTIVE,BULL,2026-08-19,True,True,True,True,1d,,,,,,
2026-08-23 19:39:47,btc_signals_log(23.08)_v4.csv,ACTIVE,BULL,2026-08-19,2026-08-23 00:00:00,ACTIVE,BULL,2026-08-19,True,True,True,True,1d,,,,,,
2026-08-23 20:09:50,btc_signals_log(23.08)_v4.csv,ACTIVE,BULL,2026-08-19,2026-08-23 00:00:00,ACTIVE,BULL,2026-08-19,True,True,True,True,1d,,,,,,
2026-08-23 20:39:53,btc_signals_log(23.08)_v4.csv,ACTIVE,BULL,2026-08-19,2026-08-23 00:00:00,ACTIVE,BULL,2026-08-19,True,True,True,True,1d,,,,,,
2026-08-23 21:09:56,btc_signals_log(23.08)_v4.csv,ACTIVE,BULL,2026-08-19,2026-08-23 00:00:00,ACTIVE,BULL,2026-08-19,True,True,True,True,1d,,,,,,
2026-08-23 21:39:58,btc_signals_log(23.08)_v4.csv,ACTIVE,BULL,2026-08-19,2026-08-23 00:00:00,ACTIVE,BULL,2026-08-19,True,True,True,True,1d,,,,,,
2026-08-23 22:10:02,btc_signals_log(23.08)_v4.csv,ACTIVE,BULL,2026-08-19,2026-08-23 00:00:00,ACTIVE,BULL,2026-08-19,True,True,True,True,1d,,,,,,
2026-08-23 22:40:05,btc_signals_log(23.08)_v4.csv,ACTIVE,BULL,2026-08-19,2026-08-23 00:00:00,ACTIVE,BULL,2026-08-19,True,True,True,True,1d,,,,,,
2026-08-23 23:10:09,btc_signals_log(23.08)_v4.csv,ACTIVE,BULL,2026-08-19,2026-08-23 00:00:00,ACTIVE,BULL,2026-08-19,True,True,True,True,1d,,,,,,
2026-08-23 23:40:12,btc_signals_log(23.08)_v4.csv,ACTIVE,BULL,2026-08-19,2026-08-23 00:00:00,ACTIVE,BULL,2026-08-19,True,True,True,True,1d,,,,,,
2026-08-24 00:10:15,btc_signals_log(24.08)_v4.csv,ACTIVE,BULL,2026-08-19,2026-08-24 00:00:00,ACTIVE,BULL,2026-08-19,True,True,True,True,1d,,,,,,
2026-08-24 00:40:18,btc_signals_log(24.08)_v4.csv,ACTIVE,BULL,2026-08-19,2026-08-24 00:00:00,ACTIVE,BULL,2026-08-19,True,True,True,True,1d,,,,,,
2026-08-24 01:10:20,btc_signals_log(24.08)_v4.csv,ACTIVE,BULL,2026-08-19,2026-08-24 00:00:00,ACTIVE,BULL,2026-08-19,True,True,True,True,1d,,,,,,
2026-08-24 01:40:36,btc_signals_log(24.08)_v4.csv,ACTIVE,BULL,2026-08-19,2026-08-24 00:00:00,ACTIVE,BULL,2026-08-19,True,True,True,True,1d,,,,,,
2026-08-24 02:10:39,btc_signals_log(24.08)_v4.csv,ACTIVE,BULL,2026-08-19,2026-08-24 00:00:00,ACTIVE,BULL,2026-08-19,True,True,True,True,1d,,,,,,
2026-08-24 02:40:43,btc_signals_log(24.08)_v4.csv,ACTIVE,BULL,2026-08-19,2026-08-24 00:00:00,ACTIVE,BULL,2026-08-19,True,True,True,True,1d,,,,,,
2026-08-24 03:10:46,btc_signals_log(24.08)_v4.csv,ACTIVE,BULL,2026-08-19,2026-08-24 00:00:00,ACTIVE,BULL,2026-08-19,True,True,True,True,1d,,,,,,
2026-08-24 03:40:48,btc_signals_log(24.08)_v4.csv,ACTIVE,BULL,2026-08-19,2026-08-24 00:00:00,ACTIVE,BULL,2026-08-19,True,True,True,True,1d,,,,,,
2026-08-24 04:10:51,btc_signals_log(24.08)_v4.csv,ACTIVE,BULL,2026-08-19,2026-08-24 00:00:00,ACTIVE,BULL,2026-08-19,True,True,True,True,1d,,,,,,
2026-08-24 04:40:54,btc_signals_log(24.08)_v4.csv,ACTIVE,BULL,2026-08-19,2026-08-24 00:00:00,ACTIVE,BULL,2026-08-19,True,True,True,True,1d,,,,,,
2026-08-24 05:10:57,btc_signals_log(24.08)_v4.csv,ACTIVE,BULL,2026-08-19,2026-08-24 00:00:00,ACTIVE,BULL,2026-08-19,True,True,True,True,1d,,,,,,
2026-08-24 05:41:00,btc_signals_log(24.08)_v4.csv,ACTIVE,BULL,2026-08-19,2026-08-24 00:00:00,ACTIVE,BULL,2026-08-19,True,True,True,True,1d,,,,,,
2026-08-24 06:11:02,btc_signals_log(24.08)_v4.csv,ACTIVE,BULL,2026-08-19,2026-08-24 00:00:00,ACTIVE,BULL,2026-08-19,True,True,True,True,1d,,,,,,
2026-08-24 06:41:07,btc_signals_log(24.08)_v4.csv,ACTIVE,BULL,2026-08-19,2026-08-24 00:00:00,ACTIVE,BULL,2026-08-19,True,True,True,True,1d,,,,,,
2026-08-24 07:11:10,btc_signals_log(24.08)_v4.csv,ACTIVE,BULL,2026-08-19,2026-08-24 00:00:00,ACTIVE,BULL,2026-08-19,True,True,True,True,1d,,,,,,
2026-08-24 07:41:13,btc_signals_log(24.08)_v4.csv,ACTIVE,BULL,2026-08-19,2026-08-24 00:00:00,ACTIVE,BULL,2026-08-19,True,True,True,True,1d,,,,,,
2026-08-24 08:11:16,btc_signals_log(24.08)_v4.csv,ACTIVE,BULL,2026-08-19,2026-08-24 00:00:00,ACTIVE,BULL,2026-08-19,True,True,True,True,1d,,,,,,
2026-08-24 08:41:19,btc_signals_log(24.08)_v4.csv,ACTIVE,BULL,2026-08-19,2026-08-24 00:00:00,ACTIVE,BULL,2026-08-19,True,True,True,True,1d,,,,,,
2026-08-24 09:11:23,btc_signals_log(24.08)_v4.csv,ACTIVE,BULL,2026-08-19,2026-08-24 00:00:00,ACTIVE,BULL,2026-08-19,True,True,True,True,1d,,,,,,
2026-08-24 09:41:26,btc_signals_log(24.08)_v4.csv,ACTIVE,BULL,2026-08-19,2026-08-24 00:00:00,ACTIVE,BULL,2026-08-19,True,True,True,True,1d,,,,,,
2026-08-24 10:11:30,btc_signals_log(24.08)_v4.csv,ACTIVE,BULL,2026-08-19,2026-08-24 00:00:00,ACTIVE,BULL,2026-08-19,True,True,True,True,1d,,,,,,
2026-08-24 10:41:33,btc_signals_log(24.08)_v4.csv,ACTIVE,BULL,2026-08-19,2026-08-24 00:00:00,ACTIVE,BULL,2026-08-19,True,True,True,True,1d,,,,,,
2026-08-24 11:11:36,btc_signals_log(24.08)_v4.csv,ACTIVE,BULL,2026-08-19,2026-08-24 00:00:00,ACTIVE,BULL,2026-08-19,True,True,True,True,1d,,,,,,
2026-08-24 11:41:39,btc_signals_log(24.08)_v4.csv,ACTIVE,BULL,2026-08-19,2026-08-24 00:00:00,ACTIVE,BULL,2026-08-19,True,True,True,True,1d,,,,,,
2026-08-24 12:11:42,btc_signals_log(24.08)_v4.csv,ACTIVE,BULL,2026-08-19,2026-08-24 00:00:00,ACTIVE,BULL,2026-08-19,True,True,True,True,1d,,,,,,
2026-08-24 12:41:46,btc_signals_log(24.08)_v4.csv,ACTIVE,BULL,2026-08-19,2026-08-24 00:00:00,ACTIVE,BULL,2026-08-19,True,True,True,True,1d,,,,,,
2026-08-24 13:11:49,btc_signals_log(24.08)_v4.csv,ACTIVE,BULL,2026-08-19,2026-08-24 00:00:00,ACTIVE,BULL,2026-08-19,True,True,True,True,1d,,,,,,
2026-08-24 13:41:52,btc_signals_log(24.08)_v4.csv,ACTIVE,BULL,2026-08-19,2026-08-24 00:00:00,ACTIVE,BULL,2026-08-19,True,True,True,True,1d,,,,,,
2026-08-24 14:11:54,btc_signals_log(24.08)_v4.csv,ACTIVE,BULL,2026-08-19,2026-08-24 00:00:00,ACTIVE,BULL,2026-08-19,True,True,True,True,1d,,,,,,
2026-08-24 14:41:57,btc_signals_log(24.08)_v4.csv,ACTIVE,BULL,2026-08-19,2026-08-24 00:00:00,ACTIVE,BULL,2026-08-19,True,True,True,True,1d,,,,,,
2026-08-24 15:12:00,btc_signals_log(24.08)_v4.csv,ACTIVE,BULL,2026-08-19,2026-08-24 00:00:00,ACTIVE,BULL,2026-08-19,True,True,True,True,1d,,,,,,
2026-08-24 15:42:03,btc_signals_log(24.08)_v4.csv,ACTIVE,BULL,2026-08-19,2026-08-24 00:00:00,ACTIVE,BULL,2026-08-19,True,True,True,True,1d,,,,,,
2026-08-24 16:12:06,btc_signals_log(24.08)_v4.csv,ACTIVE,BULL,2026-08-19,2026-08-24 00:00:00,ACTIVE,BULL,2026-08-19,True,True,True,True,1d,,,,,,
2026-08-24 16:42:09,btc_signals_log(24.08)_v4.csv,ACTIVE,BULL,2026-08-19,2026-08-24 00:00:00,ACTIVE,BULL,2026-08-19,True,True,True,True,1d,,,,,,
2026-08-24 17:12:12,btc_signals_log(24.08)_v4.csv,ACTIVE,BULL,2026-08-19,2026-08-24 00:00:00,ACTIVE,BULL,2026-08-19,True,True,True,True,1d,,,,,,
2026-08-24 17:42:15,btc_signals_log(24.08)_v4.csv,ACTIVE,BULL,2026-08-19,2026-08-24 00:00:00,ACTIVE,BULL,2026-08-19,True,True,True,True,1d,,,,,,
2026-08-24 18:12:18,btc_signals_log(24.08)_v4.csv,ACTIVE,BULL,2026-08-19,2026-08-24 00:00:00,ACTIVE,BULL,2026-08-19,True,True,True,True,1d,,,,,,
2026-08-24 18:42:20,btc_signals_log(24.08)_v4.csv,ACTIVE,BULL,2026-08-19,2026-08-24 00:00:00,ACTIVE,BULL,2026-08-19,True,True,True,True,1d,,,,,,
2026-08-24 19:12:23,btc_signals_log(24.08)_v4.csv,ACTIVE,BULL,2026-08-19,2026-08-24 00:00:00,ACTIVE,BULL,2026-08-19,True,True,True,True,1d,,,,,,
2026-08-24 19:42:26,btc_signals_log(24.08)_v4.csv,ACTIVE,BULL,2026-08-19,2026-08-24 00:00:00,ACTIVE,BULL,2026-08-19,True,True,True,True,1d,,,,,,
2026-08-24 20:12:29,btc_signals_log(24.08)_v4.csv,ACTIVE,BULL,2026-08-19,2026-08-24 00:00:00,ACTIVE,BULL,2026-08-19,True,True,True,True,1d,,,,,,
2026-08-24 20:42:32,btc_signals_log(24.08)_v4.csv,ACTIVE,BULL,2026-08-19,2026-08-24 00:00:00,ACTIVE,BULL,2026-08-19,True,True,True,True,1d,,,,,,
2026-08-24 20:48:37,btc_signals_log(24.08)_v4.csv,ACTIVE,BULL,2026-08-19,2026-08-24 00:00:00,ACTIVE,BULL,2026-08-19,True,True,True,True,1d,,,,,,
2026-08-24 21:18:40,btc_signals_log(24.08)_v4.csv,ACTIVE,BULL,2026-08-19,2026-08-24 00:00:00,ACTIVE,BULL,2026-08-19,True,True,True,True,1d,,,,,,
2026-08-24 21:48:44,btc_signals_log(24.08)_v4.csv,ACTIVE,BULL,2026-08-19,2026-08-24 00:00:00,ACTIVE,BULL,2026-08-19,True,True,True,True,1d,,,,,,
2026-08-24 22:18:47,btc_signals_log(24.08)_v4.csv,ACTIVE,BULL,2026-08-19,2026-08-24 00:00:00,ACTIVE,BULL,2026-08-19,True,True,True,True,1d,,,,,,
2026-08-24 22:48:49,btc_signals_log(24.08)_v4.csv,ACTIVE,BULL,2026-08-19,2026-08-24 00:00:00,ACTIVE,BULL,2026-08-19,True,True,True,True,1d,,,,,,
2026-08-24 23:18:52,btc_signals_log(24.08)_v4.csv,ACTIVE,BULL,2026-08-19,2026-08-24 00:00:00,ACTIVE,BULL,2026-08-19,True,True,True,True,1d,,,,,,
2026-08-24 23:48:55,btc_signals_log(24.08)_v4.csv,ACTIVE,BULL,2026-08-19,2026-08-24 00:00:00,ACTIVE,BULL,2026-08-19,True,True,True,True,1d,,,,,,
2026-08-25 00:18:58,btc_signals_log(25.08)_v4.csv,ACTIVE,BULL,2026-08-19,2026-08-25 00:00:00,ACTIVE,BULL,2026-08-19,True,True,True,True,1d,,,,,,
2026-08-25 00:49:01,btc_signals_log(25.08)_v4.csv,ACTIVE,BULL,2026-08-19,2026-08-25 00:00:00,ACTIVE,BULL,2026-08-19,True,True,True,True,1d,,,,,,
2026-08-25 01:19:04,btc_signals_log(25.08)_v4.csv,ACTIVE,BULL,2026-08-19,2026-08-25 00:00:00,ACTIVE,BULL,2026-08-19,True,True,True,True,1d,,,,,,
2026-08-25 01:49:07,btc_signals_log(25.08)_v4.csv,ACTIVE,BULL,2026-08-19,2026-08-25 00:00:00,ACTIVE,BULL,2026-08-19,True,True,True,True,1d,,,,,,
2026-08-25 02:19:10,btc_signals_log(25.08)_v4.csv,ACTIVE,BULL,2026-08-19,2026-08-25 00:00:00,ACTIVE,BULL,2026-08-19,True,True,True,True,1d,,,,,,
2026-08-25 02:49:13,btc_signals_log(25.08)_v4.csv,ACTIVE,BULL,2026-08-19,2026-08-25 00:00:00,ACTIVE,BULL,2026-08-19,True,True,True,True,1d,,,,,,
2026-08-25 03:19:16,btc_signals_log(25.08)_v4.csv,ACTIVE,BULL,2026-08-19,2026-08-25 00:00:00,ACTIVE,BULL,2026-08-19,True,True,True,True,1d,,,,,,
2026-08-25 03:49:20,btc_signals_log(25.08)_v4.csv,ACTIVE,BULL,2026-08-19,2026-08-25 00:00:00,ACTIVE,BULL,2026-08-19,True,True,True,True,1d,,,,,,
2026-08-25 04:19:23,btc_signals_log(25.08)_v4.csv,ACTIVE,BULL,2026-08-19,2026-08-25 00:00:00,ACTIVE,BULL,2026-08-19,True,True,True,True,1d,,,,,,
2026-08-25 04:49:25,btc_signals_log(25.08)_v4.csv,ACTIVE,BULL,2026-08-19,2026-08-25 00:00:00,ACTIVE,BULL,2026-08-19,True,True,True,True,1d,,,,,,
2026-08-25 05:19:28,btc_signals_log(25.08)_v4.csv,ACTIVE,BULL,2026-08-19,2026-08-25 00:00:00,ACTIVE,BULL,2026-08-19,True,True,True,True,1d,,,,,,
2026-08-25 05:49:32,btc_signals_log(25.08)_v4.csv,ACTIVE,BULL,2026-08-19,2026-08-25 00:00:00,ACTIVE,BULL,2026-08-19,True,True,True,True,1d,,,,,,
2026-08-25 06:19:35,btc_signals_log(25.08)_v4.csv,ACTIVE,BULL,2026-08-19,2026-08-25 00:00:00,ACTIVE,BULL,2026-08-19,True,True,True,True,1d,,,,,,
2026-08-25 06:49:39,btc_signals_log(25.08)_v4.csv,ACTIVE,BULL,2026-08-19,2026-08-25 00:00:00,ACTIVE,BULL,2026-08-19,True,True,True,True,1d,,,,,,
2026-08-25 07:19:42,btc_signals_log(25.08)_v4.csv,ACTIVE,BULL,2026-08-19,2026-08-25 00:00:00,ACTIVE,BULL,2026-08-19,True,True,True,True,1d,,,,,,
2026-08-25 07:49:45,btc_signals_log(25.08)_v4.csv,ACTIVE,BULL,2026-08-19,2026-08-25 00:00:00,ACTIVE,BULL,2026-08-19,True,True,True,True,1d,,,,,,
2026-08-25 08:19:48,btc_signals_log(25.08)_v4.csv,ACTIVE,BULL,2026-08-19,2026-08-25 00:00:00,ACTIVE,BULL,2026-08-19,True,True,True,True,1d,,,,,,
2026-08-25 08:49:51,btc_signals_log(25.08)_v4.csv,ACTIVE,BULL,2026-08-19,2026-08-25 00:00:00,ACTIVE,BULL,2026-08-19,True,True,True,True,1d,,,,,,
2026-08-25 09:19:55,btc_signals_log(25.08)_v4.csv,ACTIVE,BULL,2026-08-19,2026-08-25 00:00:00,ACTIVE,BULL,2026-08-19,True,True,True,True,1d,,,,,,
2026-08-25 09:49:58,btc_signals_log(25.08)_v4.csv,ACTIVE,BULL,2026-08-19,2026-08-25 00:00:00,ACTIVE,BULL,2026-08-19,True,True,True,True,1d,,,,,,
2026-08-25 14:17:17,btc_signals_log(25.08)_v4.csv,ACTIVE,BULL,2026-08-19,2026-08-25 00:00:00,ACTIVE,BULL,2026-08-19,True,True,True,True,1d,,,,,,
2026-08-25 14:23:31,btc_signals_log(25.08)_v4.csv,ACTIVE,BULL,2026-08-19,2026-08-25 00:00:00,ACTIVE,BULL,2026-08-19,True,True,True,True,1d,,,,,,
2026-08-25 14:53:34,btc_signals_log(25.08)_v4.csv,ACTIVE,BULL,2026-08-19,2026-08-25 00:00:00,ACTIVE,BULL,2026-08-19,True,True,True,True,1d,,,,,,
2026-08-25 15:23:37,btc_signals_log(25.08)_v4.csv,ACTIVE,BULL,2026-08-19,2026-08-25 00:00:00,ACTIVE,BULL,2026-08-19,True,True,True,True,1d,,,,,,
2026-08-25 15:53:40,btc_signals_log(25.08)_v4.csv,ACTIVE,BULL,2026-08-19,2026-08-25 00:00:00,ACTIVE,BULL,2026-08-19,True,True,True,True,1d,,,,,,
2026-08-25 16:23:43,btc_signals_log(25.08)_v4.csv,ACTIVE,BULL,2026-08-19,2026-08-25 00:00:00,ACTIVE,BULL,2026-08-19,True,True,True,True,1d,,,,,,
2026-08-25 16:53:46,btc_signals_log(25.08)_v4.csv,ACTIVE,BULL,2026-08-19,2026-08-25 00:00:00,ACTIVE,BULL,2026-08-19,True,True,True,True,1d,,,,,,
2026-08-25 17:23:50,btc_signals_log(25.08)_v4.csv,ACTIVE,BULL,2026-08-19,2026-08-25 00:00:00,ACTIVE,BULL,2026-08-19,True,True,True,True,1d,,,,,,
2026-08-25 17:53:53,btc_signals_log(25.08)_v4.csv,ACTIVE,BULL,2026-08-19,2026-08-25 00:00:00,ACTIVE,BULL,2026-08-19,True,True,True,True,1d,,,,,,
2026-08-25 18:23:56,btc_signals_log(25.08)_v4.csv,ACTIVE,BULL,2026-08-19,2026-08-25 00:00:00,ACTIVE,BULL,2026-08-19,True,True,True,True,1d,,,,,,
2026-08-25 18:53:59,btc_signals_log(25.08)_v4.csv,ACTIVE,BULL,2026-08-19,2026-08-25 00:00:00,ACTIVE,BULL,2026-08-19,True,True,True,True,1d,,,,,,
2026-08-25 19:24:03,btc_signals_log(25.08)_v4.csv,ACTIVE,BULL,2026-08-19,2026-08-25 00:00:00,ACTIVE,BULL,2026-08-19,True,True,True,True,1d,,,,,,
2026-08-25 19:54:06,btc_signals_log(25.08)_v4.csv,ACTIVE,BULL,2026-08-19,2026-08-25 00:00:00,ACTIVE,BULL,2026-08-19,True,True,True,True,1d,,,,,,
2026-08-25 20:24:09,btc_signals_log(25.08)_v4.csv,ACTIVE,BULL,2026-08-19,2026-08-25 00:00:00,ACTIVE,BULL,2026-08-19,True,True,True,True,1d,,,,,,
2026-08-25 20:54:12,btc_signals_log(25.08)_v4.csv,ACTIVE,BULL,2026-08-19,2026-08-25 00:00:00,ACTIVE,BULL,2026-08-19,True,True,True,True,1d,,,,,,
2026-08-25 21:24:16,btc_signals_log(25.08)_v4.csv,ACTIVE,BULL,2026-08-19,2026-08-25 00:00:00,ACTIVE,BULL,2026-08-19,True,True,True,True,1d,,,,,,
2026-08-25 21:54:19,btc_signals_log(25.08)_v4.csv,ACTIVE,BULL,2026-08-19,2026-08-25 00:00:00,ACTIVE,BULL,2026-08-19,True,True,True,True,1d,,,,,,
2026-08-25 22:24:22,btc_signals_log(25.08)_v4.csv,ACTIVE,BULL,2026-08-19,2026-08-25 00:00:00,ACTIVE,BULL,2026-08-19,True,True,True,True,1d,,,,,,
2026-08-25 22:54:25,btc_signals_log(25.08)_v4.csv,ACTIVE,BULL,2026-08-19,2026-08-25 00:00:00,ACTIVE,BULL,2026-08-19,True,True,True,True,1d,,,,,,
2026-08-25 23:24:28,btc_signals_log(25.08)_v4.csv,ACTIVE,BULL,2026-08-19,2026-08-25 00:00:00,ACTIVE,BULL,2026-08-19,True,True,True,True,1d,,,,,,
2026-08-25 23:54:31,btc_signals_log(25.08)_v4.csv,ACTIVE,BULL,2026-08-19,2026-08-25 00:00:00,ACTIVE,BULL,2026-08-19,True,True,True,True,1d,,,,,,
2026-08-26 00:24:34,btc_signals_log(26.08)_v4.csv,ACTIVE,BULL,2026-08-19,2026-08-26 00:00:00,ACTIVE,BULL,2026-08-19,True,True,True,True,1d,,,,,,
2026-08-26 00:54:37,btc_signals_log(26.08)_v4.csv,ACTIVE,BULL,2026-08-19,2026-08-26 00:00:00,ACTIVE,BULL,2026-08-19,True,True,True,True,1d,,,,,,
2026-08-26 01:24:40,btc_signals_log(26.08)_v4.csv,ACTIVE,BULL,2026-08-19,2026-08-26 00:00:00,ACTIVE,BULL,2026-08-19,True,True,True,True,1d,,,,,,
2026-08-26 01:54:43,btc_signals_log(26.08)_v4.csv,ACTIVE,BULL,2026-08-19,2026-08-26 00:00:00,ACTIVE,BULL,2026-08-19,True,True,True,True,1d,,,,,,
2026-08-26 02:24:46,btc_signals_log(26.08)_v4.csv,ACTIVE,BULL,2026-08-19,2026-08-26 00:00:00,ACTIVE,BULL,2026-08-19,True,True,True,True,1d,,,,,,
2026-08-26 02:54:49,btc_signals_log(26.08)_v4.csv,ACTIVE,BULL,2026-08-19,2026-08-26 00:00:00,ACTIVE,BULL,2026-08-19,True,True,True,True,1d,,,,,,
2026-08-26 03:24:52,btc_signals_log(26.08)_v4.csv,ACTIVE,BULL,2026-08-19,2026-08-26 00:00:00,ACTIVE,BULL,2026-08-19,True,True,True,True,1d,,,,,,
2026-08-26 03:54:55,btc_signals_log(26.08)_v4.csv,ACTIVE,BULL,2026-08-19,2026-08-26 00:00:00,ACTIVE,BULL,2026-08-19,True,True,True,True,1d,,,,,,
2026-08-26 04:24:58,btc_signals_log(26.08)_v4.csv,ACTIVE,BULL,2026-08-19,2026-08-26 00:00:00,ACTIVE,BULL,2026-08-19,True,True,True,True,1d,,,,,,
2026-08-26 04:55:01,btc_signals_log(26.08)_v4.csv,ACTIVE,BULL,2026-08-19,2026-08-26 00:00:00,ACTIVE,BULL,2026-08-19,True,True,True,True,1d,,,,,,
2026-08-26 05:25:05,btc_signals_log(26.08)_v4.csv,ACTIVE,BULL,2026-08-19,2026-08-26 00:00:00,ACTIVE,BULL,2026-08-19,True,True,True,True,1d,,,,,,
2026-08-26 05:55:08,btc_signals_log(26.08)_v4.csv,ACTIVE,BULL,2026-08-19,2026-08-26 00:00:00,ACTIVE,BULL,2026-08-19,True,True,True,True,1d,,,,,,
2026-08-26 06:25:11,btc_signals_log(26.08)_v4.csv,ACTIVE,BULL,2026-08-19,2026-08-26 00:00:00,ACTIVE,BULL,2026-08-19,True,True,True,True,1d,,,,,,
2026-08-26 06:55:14,btc_signals_log(26.08)_v4.csv,ACTIVE,BULL,2026-08-19,2026-08-26 00:00:00,ACTIVE,BULL,2026-08-19,True,True,True,True,1d,,,,,,
2026-08-26 07:25:17,btc_signals_log(26.08)_v4.csv,ACTIVE,BULL,2026-08-19,2026-08-26 00:00:00,ACTIVE,BULL,2026-08-19,True,True,True,True,1d,,,,,,
2026-08-26 07:55:21,btc_signals_log(26.08)_v4.csv,ACTIVE,BULL,2026-08-19,2026-08-26 00:00:00,ACTIVE,BULL,2026-08-19,True,True,True,True,1d,,,,,,
2026-08-26 08:25:23,btc_signals_log(26.08)_v4.csv,ACTIVE,BULL,2026-08-19,2026-08-26 00:00:00,ACTIVE,BULL,2026-08-19,True,True,True,True,1d,,,,,,
2026-08-26 08:55:27,btc_signals_log(26.08)_v4.csv,ACTIVE,BULL,2026-08-19,2026-08-26 00:00:00,ACTIVE,BULL,2026-08-19,True,True,True,True,1d,,,,,,
2026-08-26 09:25:30,btc_signals_log(26.08)_v4.csv,ACTIVE,BULL,2026-08-19,2026-08-26 00:00:00,ACTIVE,BULL,2026-08-19,True,True,True,True,1d,,,,,,
2026-08-26 09:55:34,btc_signals_log(26.08)_v4.csv,ACTIVE,BULL,2026-08-19,2026-08-26 00:00:00,ACTIVE,BULL,2026-08-19,True,True,True,True,1d,,,,,,
2026-08-26 10:25:37,btc_signals_log(26.08)_v4.csv,ACTIVE,BULL,2026-08-19,2026-08-26 00:00:00,ACTIVE,BULL,2026-08-19,True,True,True,True,1d,,,,,,
2026-08-26 10:55:40,btc_signals_log(26.08)_v4.csv,ACTIVE,BULL,2026-08-19,2026-08-26 00:00:00,ACTIVE,BULL,2026-08-19,True,True,True,True,1d,,,,,,
2026-08-26 11:25:43,btc_signals_log(26.08)_v4.csv,ACTIVE,BULL,2026-08-19,2026-08-26 00:00:00,ACTIVE,BULL,2026-08-19,True,True,True,True,1d,,,,,,
2026-08-26 11:55:46,btc_signals_log(26.08)_v4.csv,ACTIVE,BULL,2026-08-19,2026-08-26 00:00:00,ACTIVE,BULL,2026-08-19,True,True,True,True,1d,,,,,,
2026-08-26 12:25:49,btc_signals_log(26.08)_v4.csv,ACTIVE,BULL,2026-08-19,2026-08-26 00:00:00,ACTIVE,BULL,2026-08-19,True,True,True,True,1d,,,,,,
2026-08-26 12:55:53,btc_signals_log(26.08)_v4.csv,ACTIVE,BULL,2026-08-19,2026-08-26 00:00:00,ACTIVE,BULL,2026-08-19,True,True,True,True,1d,,,,,,
2026-08-26 13:25:56,btc_signals_log(26.08)_v4.csv,ACTIVE,BULL,2026-08-19,2026-08-26 00:00:00,ACTIVE,BULL,2026-08-19,True,True,True,True,1d,,,,,,
2026-08-26 13:56:00,btc_signals_log(26.08)_v4.csv,ACTIVE,BULL,2026-08-19,2026-08-26 00:00:00,ACTIVE,BULL,2026-08-19,True,True,True,True,1d,,,,,,
2026-08-26 14:26:03,btc_signals_log(26.08)_v4.csv,ACTIVE,BULL,2026-08-19,2026-08-26 00:00:00,ACTIVE,BULL,2026-08-19,True,True,True,True,1d,,,,,,
2026-08-26 14:56:07,btc_signals_log(26.08)_v4.csv,ACTIVE,BULL,2026-08-19,2026-08-26 00:00:00,ACTIVE,BULL,2026-08-19,True,True,True,True,1d,,,,,,
2026-08-26 15:26:10,btc_signals_log(26.08)_v4.csv,ACTIVE,BULL,2026-08-19,2026-08-26 00:00:00,ACTIVE,BULL,2026-08-19,True,True,True,True,1d,,,,,,
2026-08-26 15:56:13,btc_signals_log(26.08)_v4.csv,ACTIVE,BULL,2026-08-19,2026-08-26 00:00:00,ACTIVE,BULL,2026-08-19,True,True,True,True,1d,,,,,,
2026-08-26 16:26:16,btc_signals_log(26.08)_v4.csv,ACTIVE,BULL,2026-08-19,2026-08-26 00:00:00,ACTIVE,BULL,2026-08-19,True,True,True,True,1d,,,,,,
2026-08-26 16:56:19,btc_signals_log(26.08)_v4.csv,ACTIVE,BULL,2026-08-19,2026-08-26 00:00:00,ACTIVE,BULL,2026-08-19,True,True,True,True,1d,,,,,,
2026-08-26 17:26:23,btc_signals_log(26.08)_v4.csv,ACTIVE,BULL,2026-08-19,2026-08-26 00:00:00,ACTIVE,BULL,2026-08-19,True,True,True,True,1d,,,,,,
2026-08-26 17:56:26,btc_signals_log(26.08)_v4.csv,ACTIVE,BULL,2026-08-19,2026-08-26 00:00:00,ACTIVE,BULL,2026-08-19,True,True,True,True,1d,,,,,,
2026-08-26 18:26:30,btc_signals_log(26.08)_v4.csv,ACTIVE,BULL,2026-08-19,2026-08-26 00:00:00,ACTIVE,BULL,2026-08-19,True,True,True,True,1d,,,,,,
2026-08-26 18:56:33,btc_signals_log(26.08)_v4.csv,ACTIVE,BULL,2026-08-19,2026-08-26 00:00:00,ACTIVE,BULL,2026-08-19,True,True,True,True,1d,,,,,,
2026-08-26 19:26:36,btc_signals_log(26.08)_v4.csv,ACTIVE,BULL,2026-08-19,2026-08-26 00:00:00,ACTIVE,BULL,2026-08-19,True,True,True,True,1d,,,,,,
2026-08-26 19:56:40,btc_signals_log(26.08)_v4.csv,ACTIVE,BULL,2026-08-19,2026-08-26 00:00:00,ACTIVE,BULL,2026-08-19,True,True,True,True,1d,,,,,,
2026-08-26 20:26:43,btc_signals_log(26.08)_v4.csv,ACTIVE,BULL,2026-08-19,2026-08-26 00:00:00,ACTIVE,BULL,2026-08-19,True,True,True,True,1d,,,,,,
2026-08-26 20:56:46,btc_signals_log(26.08)_v4.csv,ACTIVE,BULL,2026-08-19,2026-08-26 00:00:00,ACTIVE,BULL,2026-08-19,True,True,True,True,1d,,,,,,
2026-08-26 21:26:49,btc_signals_log(26.08)_v4.csv,ACTIVE,BULL,2026-08-19,2026-08-26 00:00:00,ACTIVE,BULL,2026-08-19,True,True,True,True,1d,,,,,,
2026-08-26 21:56:54,btc_signals_log(26.08)_v4.csv,ACTIVE,BULL,2026-08-19,2026-08-26 00:00:00,ACTIVE,BULL,2026-08-19,True,True,True,True,1d,,,,,,
2026-08-26 22:26:57,btc_signals_log(26.08)_v4.csv,ACTIVE,BULL,2026-08-19,2026-08-26 00:00:00,ACTIVE,BULL,2026-08-19,True,True,True,True,1d,,,,,,
2026-08-26 22:57:00,btc_signals_log(26.08)_v4.csv,ACTIVE,BULL,2026-08-19,2026-08-26 00:00:00,ACTIVE,BULL,2026-08-19,True,True,True,True,1d,,,,,,
2026-08-26 23:27:04,btc_signals_log(26.08)_v4.csv,ACTIVE,BULL,2026-08-19,2026-08-26 00:00:00,ACTIVE,BULL,2026-08-19,True,True,True,True,1d,,,,,,
2026-08-26 23:57:07,btc_signals_log(26.08)_v4.csv,ACTIVE,BULL,2026-08-19,2026-08-26 00:00:00,ACTIVE,BULL,2026-08-19,True,True,True,True,1d,,,,,,
2026-08-27 00:27:10,btc_signals_log(27.08)_v4.csv,ACTIVE,BULL,2026-08-19,2026-08-27 00:00:00,ACTIVE,BULL,2026-08-19,True,True,True,True,1d,,,,,,
2026-08-27 00:57:14,btc_signals_log(27.08)_v4.csv,ACTIVE,BULL,2026-08-19,2026-08-27 00:00:00,ACTIVE,BULL,2026-08-19,True,True,True,True,1d,,,,,,
2026-08-27 01:27:18,btc_signals_log(27.08)_v4.csv,ACTIVE,BULL,2026-08-19,2026-08-27 00:00:00,ACTIVE,BULL,2026-08-19,True,True,True,True,1d,,,,,,
2026-08-27 01:57:21,btc_signals_log(27.08)_v4.csv,ACTIVE,BULL,2026-08-19,2026-08-27 00:00:00,ACTIVE,BULL,2026-08-19,True,True,True,True,1d,,,,,,
2026-08-27 02:27:24,btc_signals_log(27.08)_v4.csv,ACTIVE,BULL,2026-08-19,2026-08-27 00:00:00,ACTIVE,BULL,2026-08-19,True,True,True,True,1d,,,,,,
2026-08-27 02:57:28,btc_signals_log(27.08)_v4.csv,ACTIVE,BULL,2026-08-19,2026-08-27 00:00:00,ACTIVE,BULL,2026-08-19,True,True,True,True,1d,,,,,,
2026-08-27 03:27:31,btc_signals_log(27.08)_v4.csv,ACTIVE,BULL,2026-08-19,2026-08-27 00:00:00,ACTIVE,BULL,2026-08-19,True,True,True,True,1d,,,,,,
2026-08-27 03:57:34,btc_signals_log(27.08)_v4.csv,ACTIVE,BULL,2026-08-19,2026-08-27 00:00:00,ACTIVE,BULL,2026-08-19,True,True,True,True,1d,,,,,,
2026-08-27 04:27:37,btc_signals_log(27.08)_v4.csv,ACTIVE,BULL,2026-08-19,2026-08-27 00:00:00,ACTIVE,BULL,2026-08-19,True,True,True,True,1d,,,,,,
2026-08-27 04:57:40,btc_signals_log(27.08)_v4.csv,ACTIVE,BULL,2026-08-19,2026-08-27 00:00:00,ACTIVE,BULL,2026-08-19,True,True,True,True,1d,,,,,,
2026-08-27 05:27:44,btc_signals_log(27.08)_v4.csv,ACTIVE,BULL,2026-08-19,2026-08-27 00:00:00,ACTIVE,BULL,2026-08-19,True,True,True,True,1d,,,,,,
2026-08-27 05:57:47,btc_signals_log(27.08)_v4.csv,ACTIVE,BULL,2026-08-19,2026-08-27 00:00:00,ACTIVE,BULL,2026-08-19,True,True,True,True,1d,,,,,,
2026-08-27 06:27:50,btc_signals_log(27.08)_v4.csv,ACTIVE,BULL,2026-08-19,2026-08-27 00:00:00,ACTIVE,BULL,2026-08-19,True,True,True,True,1d,,,,,,
2026-08-27 06:57:53,btc_signals_log(27.08)_v4.csv,ACTIVE,BULL,2026-08-19,2026-08-27 00:00:00,ACTIVE,BULL,2026-08-19,True,True,True,True,1d,,,,,,
2026-08-27 07:27:57,btc_signals_log(27.08)_v4.csv,ACTIVE,BULL,2026-08-19,2026-08-27 00:00:00,ACTIVE,BULL,2026-08-19,True,True,True,True,1d,,,,,,
2026-08-27 07:58:00,btc_signals_log(27.08)_v4.csv,ACTIVE,BULL,2026-08-19,2026-08-27 00:00:00,ACTIVE,BULL,2026-08-19,True,True,True,True,1d,,,,,,
2026-08-27 08:28:04,btc_signals_log(27.08)_v4.csv,ACTIVE,BULL,2026-08-19,2026-08-27 00:00:00,ACTIVE,BULL,2026-08-19,True,True,True,True,1d,,,,,,
2026-08-27 08:58:07,btc_signals_log(27.08)_v4.csv,ACTIVE,BULL,2026-08-19,2026-08-27 00:00:00,ACTIVE,BULL,2026-08-19,True,True,True,True,1d,,,,,,
2026-08-27 09:28:10,btc_signals_log(27.08)_v4.csv,ACTIVE,BULL,2026-08-19,2026-08-27 00:00:00,ACTIVE,BULL,2026-08-19,True,True,True,True,1d,,,,,,
2026-08-27 09:58:13,btc_signals_log(27.08)_v4.csv,ACTIVE,BULL,2026-08-19,2026-08-27 00:00:00,ACTIVE,BULL,2026-08-19,True,True,True,True,1d,,,,,,
2026-08-27 10:28:17,btc_signals_log(27.08)_v4.csv,ACTIVE,BULL,2026-08-19,2026-08-27 00:00:00,ACTIVE,BULL,2026-08-19,True,True,True,True,1d,,,,,,
2026-08-27 10:58:20,btc_signals_log(27.08)_v4.csv,ACTIVE,BULL,2026-08-19,2026-08-27 00:00:00,ACTIVE,BULL,2026-08-19,True,True,True,True,1d,,,,,,
2026-08-27 11:28:23,btc_signals_log(27.08)_v4.csv,ACTIVE,BULL,2026-08-19,2026-08-27 00:00:00,ACTIVE,BULL,2026-08-19,True,True,True,True,1d,,,,,,
2026-08-27 11:58:26,btc_signals_log(27.08)_v4.csv,ACTIVE,BULL,2026-08-19,2026-08-27 00:00:00,ACTIVE,BULL,2026-08-19,True,True,True,True,1d,,,,,,
2026-08-27 12:28:29,btc_signals_log(27.08)_v4.csv,ACTIVE,BULL,2026-08-19,2026-08-27 00:00:00,ACTIVE,BULL,2026-08-19,True,True,True,True,1d,,,,,,
2026-08-27 12:58:33,btc_signals_log(27.08)_v4.csv,ACTIVE,BULL,2026-08-19,2026-08-27 00:00:00,ACTIVE,BULL,2026-08-19,True,True,True,True,1d,,,,,,
2026-08-27 13:28:36,btc_signals_log(27.08)_v4.csv,ACTIVE,BULL,2026-08-19,2026-08-27 00:00:00,ACTIVE,BULL,2026-08-19,True,True,True,True,1d,,,,,,
2026-08-27 13:58:40,btc_signals_log(27.08)_v4.csv,ACTIVE,BULL,2026-08-19,2026-08-27 00:00:00,ACTIVE,BULL,2026-08-19,True,True,True,True,1d,,,,,,
2026-08-27 14:28:43,btc_signals_log(27.08)_v4.csv,ACTIVE,BULL,2026-08-19,2026-08-27 00:00:00,ACTIVE,BULL,2026-08-19,True,True,True,True,1d,,,,,,
2026-08-27 14:58:47,btc_signals_log(27.08)_v4.csv,ACTIVE,BULL,2026-08-19,2026-08-27 00:00:00,ACTIVE,BULL,2026-08-19,True,True,True,True,1d,,,,,,
2026-08-27 15:28:50,btc_signals_log(27.08)_v4.csv,ACTIVE,BULL,2026-08-19,2026-08-27 00:00:00,ACTIVE,BULL,2026-08-19,True,True,True,True,1d,,,,,,
2026-08-27 15:58:54,btc_signals_log(27.08)_v4.csv,ACTIVE,BULL,2026-08-19,2026-08-27 00:00:00,ACTIVE,BULL,2026-08-19,True,True,True,True,1d,,,,,,
2026-08-27 16:28:57,btc_signals_log(27.08)_v4.csv,ACTIVE,BULL,2026-08-19,2026-08-27 00:00:00,ACTIVE,BULL,2026-08-19,True,True,True,True,1d,,,,,,
2026-08-27 16:59:01,btc_signals_log(27.08)_v4.csv,ACTIVE,BULL,2026-08-19,2026-08-27 00:00:00,ACTIVE,BULL,2026-08-19,True,True,True,True,1d,,,,,,
2026-08-27 17:29:04,btc_signals_log(27.08)_v4.csv,ACTIVE,BULL,2026-08-19,2026-08-27 00:00:00,ACTIVE,BULL,2026-08-19,True,True,True,True,1d,,,,,,
2026-08-27 17:59:07,btc_signals_log(27.08)_v4.csv,ACTIVE,BULL,2026-08-19,2026-08-27 00:00:00,ACTIVE,BULL,2026-08-19,True,True,True,True,1d,,,,,,
2026-08-27 18:29:10,btc_signals_log(27.08)_v4.csv,ACTIVE,BULL,2026-08-19,2026-08-27 00:00:00,ACTIVE,BULL,2026-08-19,True,True,True,True,1d,,,,,,
2026-08-27 18:59:14,btc_signals_log(27.08)_v4.csv,ACTIVE,BULL,2026-08-19,2026-08-27 00:00:00,ACTIVE,BULL,2026-08-19,True,True,True,True,1d,,,,,,
2026-08-27 19:29:17,btc_signals_log(27.08)_v4.csv,ACTIVE,BULL,2026-08-19,2026-08-27 00:00:00,ACTIVE,BULL,2026-08-19,True,True,True,True,1d,,,,,,
2026-08-27 19:59:21,btc_signals_log(27.08)_v4.csv,ACTIVE,BULL,2026-08-19,2026-08-27 00:00:00,ACTIVE,BULL,2026-08-19,True,True,True,True,1d,,,,,,
2026-08-27 20:29:24,btc_signals_log(27.08)_v4.csv,ACTIVE,BULL,2026-08-19,2026-08-27 00:00:00,ACTIVE,BULL,2026-08-19,True,True,True,True,1d,,,,,,
2026-08-27 20:59:28,btc_signals_log(27.08)_v4.csv,ACTIVE,BULL,2026-08-19,2026-08-27 00:00:00,ACTIVE,BULL,2026-08-19,True,True,True,True,1d,,,,,,
2026-08-27 21:29:32,btc_signals_log(27.08)_v4.csv,ACTIVE,BULL,2026-08-19,2026-08-27 00:00:00,ACTIVE,BULL,2026-08-19,True,True,True,True,1d,,,,,,
2026-08-27 21:59:35,btc_signals_log(27.08)_v4.csv,ACTIVE,BULL,2026-08-19,2026-08-27 00:00:00,ACTIVE,BULL,2026-08-19,True,True,True,True,1d,,,,,,
2026-08-27 22:29:38,btc_signals_log(27.08)_v4.csv,ACTIVE,BULL,2026-08-19,2026-08-27 00:00:00,ACTIVE,BULL,2026-08-19,True,True,True,True,1d,,,,,,
2026-08-27 22:59:41,btc_signals_log(27.08)_v4.csv,ACTIVE,BULL,2026-08-19,2026-08-27 00:00:00,ACTIVE,BULL,2026-08-19,True,True,True,True,1d,,,,,,
2026-08-27 23:29:45,btc_signals_log(27.08)_v4.csv,ACTIVE,BULL,2026-08-19,2026-08-27 00:00:00,ACTIVE,BULL,2026-08-19,True,True,True,True,1d,,,,,,
2026-08-27 23:59:48,btc_signals_log(27.08)_v4.csv,ACTIVE,BULL,2026-08-19,2026-08-27 00:00:00,ACTIVE,BULL,2026-08-19,True,True,True,True,1d,,,,,,
2026-08-28 00:29:51,btc_signals_log(28.08)_v4.csv,ACTIVE,BULL,2026-08-19,2026-08-28 00:00:00,ACTIVE,BULL,2026-08-19,True,True,True,True,1d,,,,,,
2026-08-28 00:59:54,btc_signals_log(28.08)_v4.csv,ACTIVE,BULL,2026-08-19,2026-08-28 00:00:00,ACTIVE,BULL,2026-08-19,True,True,True,True,1d,,,,,,
2026-08-28 01:29:58,btc_signals_log(28.08)_v4.csv,ACTIVE,BULL,2026-08-19,2026-08-28 00:00:00,ACTIVE,BULL,2026-08-19,True,True,True,True,1d,,,,,,
2026-08-28 02:00:03,btc_signals_log(28.08)_v4.csv,ACTIVE,BULL,2026-08-19,2026-08-28 00:00:00,ACTIVE,BULL,2026-08-19,True,True,True,True,1d,,,,,,
2026-08-28 02:30:06,btc_signals_log(28.08)_v4.csv,ACTIVE,BULL,2026-08-19,2026-08-28 00:00:00,ACTIVE,BULL,2026-08-19,True,True,True,True,1d,,,,,,
2026-08-28 03:00:09,btc_signals_log(28.08)_v4.csv,ACTIVE,BULL,2026-08-19,2026-08-28 00:00:00,ACTIVE,BULL,2026-08-19,True,True,True,True,1d,,,,,,
2026-08-28 03:30:13,btc_signals_log(28.08)_v4.csv,ACTIVE,BULL,2026-08-19,2026-08-28 00:00:00,ACTIVE,BULL,2026-08-19,True,True,True,True,1d,,,,,,
2026-08-28 04:00:16,btc_signals_log(28.08)_v4.csv,ACTIVE,BULL,2026-08-19,2026-08-28 00:00:00,ACTIVE,BULL,2026-08-19,True,True,True,True,1d,,,,,,
2026-08-28 04:30:19,btc_signals_log(28.08)_v4.csv,ACTIVE,BULL,2026-08-19,2026-08-28 00:00:00,ACTIVE,BULL,2026-08-19,True,True,True,True,1d,,,,,,
2026-08-28 05:00:22,btc_signals_log(28.08)_v4.csv,ACTIVE,BULL,2026-08-19,2026-08-28 00:00:00,ACTIVE,BULL,2026-08-19,True,True,True,True,1d,,,,,,
2026-08-28 05:30:25,btc_signals_log(28.08)_v4.csv,ACTIVE,BULL,2026-08-19,2026-08-28 00:00:00,ACTIVE,BULL,2026-08-19,True,True,True,True,1d,,,,,,
2026-08-28 06:00:28,btc_signals_log(28.08)_v4.csv,ACTIVE,BULL,2026-08-19,2026-08-28 00:00:00,ACTIVE,BULL,2026-08-19,True,True,True,True,1d,,,,,,
2026-08-28 06:30:31,btc_signals_log(28.08)_v4.csv,ACTIVE,BULL,2026-08-19,2026-08-28 00:00:00,ACTIVE,BULL,2026-08-19,True,True,True,True,1d,,,,,,
2026-08-28 07:00:34,btc_signals_log(28.08)_v4.csv,ACTIVE,BULL,2026-08-19,2026-08-28 00:00:00,ACTIVE,BULL,2026-08-19,True,True,True,True,1d,,,,,,
2026-08-28 07:30:38,btc_signals_log(28.08)_v4.csv,ACTIVE,BULL,2026-08-19,2026-08-28 00:00:00,ACTIVE,BULL,2026-08-19,True,True,True,True,1d,,,,,,
2026-08-28 08:00:41,btc_signals_log(28.08)_v4.csv,ACTIVE,BULL,2026-08-19,2026-08-28 00:00:00,ACTIVE,BULL,2026-08-19,True,True,True,True,1d,,,,,,
2026-08-28 08:30:44,btc_signals_log(28.08)_v4.csv,ACTIVE,BULL,2026-08-19,2026-08-28 00:00:00,ACTIVE,BULL,2026-08-19,True,True,True,True,1d,,,,,,
2026-08-28 09:00:48,btc_signals_log(28.08)_v4.csv,ACTIVE,BULL,2026-08-19,2026-08-28 00:00:00,ACTIVE,BULL,2026-08-19,True,True,True,True,1d,,,,,,
2026-08-28 09:30:51,btc_signals_log(28.08)_v4.csv,ACTIVE,BULL,2026-08-19,2026-08-28 00:00:00,ACTIVE,BULL,2026-08-19,True,True,True,True,1d,,,,,,
2026-08-28 10:00:54,btc_signals_log(28.08)_v4.csv,ACTIVE,BULL,2026-08-19,2026-08-28 00:00:00,ACTIVE,BULL,2026-08-19,True,True,True,True,1d,,,,,,
2026-08-28 10:30:57,btc_signals_log(28.08)_v4.csv,ACTIVE,BULL,2026-08-19,2026-08-28 00:00:00,ACTIVE,BULL,2026-08-19,True,True,True,True,1d,,,,,,
2026-08-28 11:01:00,btc_signals_log(28.08)_v4.csv,ACTIVE,BULL,2026-08-19,2026-08-28 00:00:00,ACTIVE,BULL,2026-08-19,True,True,True,True,1d,,,,,,
2026-08-28 11:31:04,btc_signals_log(28.08)_v4.csv,ACTIVE,BULL,2026-08-19,2026-08-28 00:00:00,ACTIVE,BULL,2026-08-19,True,True,True,True,1d,,,,,,
2026-08-28 12:01:07,btc_signals_log(28.08)_v4.csv,ACTIVE,BULL,2026-08-19,2026-08-28 00:00:00,ACTIVE,BULL,2026-08-19,True,True,True,True,1d,,,,,,
2026-08-28 13:25:28,btc_signals_log(28.08)_v4.csv,ACTIVE,BULL,2026-08-19,2026-08-28 00:00:00,ACTIVE,BULL,2026-08-19,True,True,True,True,1d,,,,,,
2026-08-28 13:55:32,btc_signals_log(28.08)_v4.csv,ACTIVE,BULL,2026-08-19,2026-08-28 00:00:00,ACTIVE,BULL,2026-08-19,True,True,True,True,1d,,,,,,
2026-08-28 14:25:36,btc_signals_log(28.08)_v4.csv,ACTIVE,BULL,2026-08-19,2026-08-28 00:00:00,ACTIVE,BULL,2026-08-19,True,True,True,True,1d,,,,,,
2026-08-28 14:55:39,btc_signals_log(28.08)_v4.csv,ACTIVE,BULL,2026-08-19,2026-08-28 00:00:00,ACTIVE,BULL,2026-08-19,True,True,True,True,1d,,,,,,
2026-08-28 15:25:43,btc_signals_log(28.08)_v4.csv,ACTIVE,BULL,2026-08-19,2026-08-28 00:00:00,ACTIVE,BULL,2026-08-19,True,True,True,True,1d,,,,,,
2026-08-28 15:55:46,btc_signals_log(28.08)_v4.csv,ACTIVE,BULL,2026-08-19,2026-08-28 00:00:00,ACTIVE,BULL,2026-08-19,True,True,True,True,1d,,,,,,
2026-08-28 16:25:49,btc_signals_log(28.08)_v4.csv,ACTIVE,BULL,2026-08-19,2026-08-28 00:00:00,ACTIVE,BULL,2026-08-19,True,True,True,True,1d,,,,,,
2026-08-28 16:55:53,btc_signals_log(28.08)_v4.csv,ACTIVE,BULL,2026-08-19,2026-08-28 00:00:00,ACTIVE,BULL,2026-08-19,True,True,True,True,1d,,,,,,
2026-08-28 17:25:56,btc_signals_log(28.08)_v4.csv,ACTIVE,BULL,2026-08-19,2026-08-28 00:00:00,ACTIVE,BULL,2026-08-19,True,True,True,True,1d,,,,,,
2026-08-28 17:55:59,btc_signals_log(28.08)_v4.csv,ACTIVE,BULL,2026-08-19,2026-08-28 00:00:00,ACTIVE,BULL,2026-08-19,True,True,True,True,1d,,,,,,
2026-08-28 18:26:03,btc_signals_log(28.08)_v4.csv,ACTIVE,BULL,2026-08-19,2026-08-28 00:00:00,ACTIVE,BULL,2026-08-19,True,True,True,True,1d,,,,,,
2026-08-28 18:56:06,btc_signals_log(28.08)_v4.csv,ACTIVE,BULL,2026-08-19,2026-08-28 00:00:00,ACTIVE,BULL,2026-08-19,True,True,True,True,1d,,,,,,
2026-08-28 19:26:09,btc_signals_log(28.08)_v4.csv,ACTIVE,BULL,2026-08-19,2026-08-28 00:00:00,ACTIVE,BULL,2026-08-19,True,True,True,True,1d,,,,,,
2026-08-28 19:56:13,btc_signals_log(28.08)_v4.csv,ACTIVE,BULL,2026-08-19,2026-08-28 00:00:00,ACTIVE,BULL,2026-08-19,True,True,True,True,1d,,,,,,
2026-08-28 20:26:16,btc_signals_log(28.08)_v4.csv,ACTIVE,BULL,2026-08-19,2026-08-28 00:00:00,ACTIVE,BULL,2026-08-19,True,True,True,True,1d,,,,,,
2026-08-28 20:56:20,btc_signals_log(28.08)_v4.csv,ACTIVE,BULL,2026-08-19,2026-08-28 00:00:00,ACTIVE,BULL,2026-08-19,True,True,True,True,1d,,,,,,
2026-08-28 21:26:23,btc_signals_log(28.08)_v4.csv,ACTIVE,BULL,2026-08-19,2026-08-28 00:00:00,ACTIVE,BULL,2026-08-19,True,True,True,True,1d,,,,,,
2026-08-28 21:56:26,btc_signals_log(28.08)_v4.csv,ACTIVE,BULL,2026-08-19,2026-08-28 00:00:00,ACTIVE,BULL,2026-08-19,True,True,True,True,1d,,,,,,
2026-08-28 22:26:29,btc_signals_log(28.08)_v4.csv,ACTIVE,BULL,2026-08-19,2026-08-28 00:00:00,ACTIVE,BULL,2026-08-19,True,True,True,True,1d,,,,,,
2026-08-28 22:56:32,btc_signals_log(28.08)_v4.csv,ACTIVE,BULL,2026-08-19,2026-08-28 00:00:00,ACTIVE,BULL,2026-08-19,True,True,True,True,1d,,,,,,
2026-08-28 23:26:35,btc_signals_log(28.08)_v4.csv,ACTIVE,BULL,2026-08-19,2026-08-28 00:00:00,ACTIVE,BULL,2026-08-19,True,True,True,True,1d,,,,,,
2026-08-28 23:56:38,btc_signals_log(28.08)_v4.csv,ACTIVE,BULL,2026-08-19,2026-08-28 00:00:00,ACTIVE,BULL,2026-08-19,True,True,True,True,1d,,,,,,
2026-08-29 00:26:41,btc_signals_log(29.08)_v4.csv,ACTIVE,BULL,2026-08-19,2026-08-29 00:00:00,ACTIVE,BULL,2026-08-19,True,True,True,True,1d,,,,,,
2026-08-29 00:56:44,btc_signals_log(29.08)_v4.csv,ACTIVE,BULL,2026-08-19,2026-08-29 00:00:00,ACTIVE,BULL,2026-08-19,True,True,True,True,1d,,,,,,
2026-08-29 01:26:47,btc_signals_log(29.08)_v4.csv,ACTIVE,BULL,2026-08-19,2026-08-29 00:00:00,ACTIVE,BULL,2026-08-19,True,True,True,True,1d,,,,,,
2026-08-29 01:56:50,btc_signals_log(29.08)_v4.csv,ACTIVE,BULL,2026-08-19,2026-08-29 00:00:00,ACTIVE,BULL,2026-08-19,True,True,True,True,1d,,,,,,
2026-08-29 02:26:53,btc_signals_log(29.08)_v4.csv,ACTIVE,BULL,2026-08-19,2026-08-29 00:00:00,ACTIVE,BULL,2026-08-19,True,True,True,True,1d,,,,,,
2026-08-29 02:56:57,btc_signals_log(29.08)_v4.csv,ACTIVE,BULL,2026-08-19,2026-08-29 00:00:00,ACTIVE,BULL,2026-08-19,True,True,True,True,1d,,,,,,
2026-08-29 03:27:00,btc_signals_log(29.08)_v4.csv,ACTIVE,BULL,2026-08-19,2026-08-29 00:00:00,ACTIVE,BULL,2026-08-19,True,True,True,True,1d,,,,,,
2026-08-29 03:57:04,btc_signals_log(29.08)_v4.csv,ACTIVE,BULL,2026-08-19,2026-08-29 00:00:00,ACTIVE,BULL,2026-08-19,True,True,True,True,1d,,,,,,
2026-08-29 04:27:07,btc_signals_log(29.08)_v4.csv,ACTIVE,BULL,2026-08-19,2026-08-29 00:00:00,ACTIVE,BULL,2026-08-19,True,True,True,True,1d,,,,,,
2026-08-29 04:57:10,btc_signals_log(29.08)_v4.csv,ACTIVE,BULL,2026-08-19,2026-08-29 00:00:00,ACTIVE,BULL,2026-08-19,True,True,True,True,1d,,,,,,
2026-08-29 05:27:15,btc_signals_log(29.08)_v4.csv,ACTIVE,BULL,2026-08-19,2026-08-29 00:00:00,ACTIVE,BULL,2026-08-19,True,True,True,True,1d,,,,,,
2026-08-29 05:57:19,btc_signals_log(29.08)_v4.csv,ACTIVE,BULL,2026-08-19,2026-08-29 00:00:00,ACTIVE,BULL,2026-08-19,True,True,True,True,1d,,,,,,
2026-08-29 06:27:22,btc_signals_log(29.08)_v4.csv,ACTIVE,BULL,2026-08-19,2026-08-29 00:00:00,ACTIVE,BULL,2026-08-19,True,True,True,True,1d,,,,,,
2026-08-29 06:57:25,btc_signals_log(29.08)_v4.csv,ACTIVE,BULL,2026-08-19,2026-08-29 00:00:00,ACTIVE,BULL,2026-08-19,True,True,True,True,1d,,,,,,
2026-08-29 07:27:28,btc_signals_log(29.08)_v4.csv,ACTIVE,BULL,2026-08-19,2026-08-29 00:00:00,ACTIVE,BULL,2026-08-19,True,True,True,True,1d,,,,,,
2026-08-29 07:57:31,btc_signals_log(29.08)_v4.csv,ACTIVE,BULL,2026-08-19,2026-08-29 00:00:00,ACTIVE,BULL,2026-08-19,True,True,True,True,1d,,,,,,
2026-08-29 08:27:34,btc_signals_log(29.08)_v4.csv,ACTIVE,BULL,2026-08-19,2026-08-29 00:00:00,ACTIVE,BULL,2026-08-19,True,True,True,True,1d,,,,,,
2026-08-29 08:57:38,btc_signals_log(29.08)_v4.csv,ACTIVE,BULL,2026-08-19,2026-08-29 00:00:00,ACTIVE,BULL,2026-08-19,True,True,True,True,1d,,,,,,
2026-08-29 09:27:41,btc_signals_log(29.08)_v4.csv,ACTIVE,BULL,2026-08-19,2026-08-29 00:00:00,ACTIVE,BULL,2026-08-19,True,True,True,True,1d,,,,,,
2026-08-29 09:57:45,btc_signals_log(29.08)_v4.csv,ACTIVE,BULL,2026-08-19,2026-08-29 00:00:00,ACTIVE,BULL,2026-08-19,True,True,True,True,1d,,,,,,
2026-08-29 10:27:48,btc_signals_log(29.08)_v4.csv,ACTIVE,BULL,2026-08-19,2026-08-29 00:00:00,ACTIVE,BULL,2026-08-19,True,True,True,True,1d,,,,,,
2026-08-29 10:57:51,btc_signals_log(29.08)_v4.csv,ACTIVE,BULL,2026-08-19,2026-08-29 00:00:00,ACTIVE,BULL,2026-08-19,True,True,True,True,1d,,,,,,
2026-08-29 11:27:54,btc_signals_log(29.08)_v4.csv,ACTIVE,BULL,2026-08-19,2026-08-29 00:00:00,ACTIVE,BULL,2026-08-19,True,True,True,True,1d,,,,,,
2026-08-29 11:57:58,btc_signals_log(29.08)_v4.csv,ACTIVE,BULL,2026-08-19,2026-08-29 00:00:00,ACTIVE,BULL,2026-08-19,True,True,True,True,1d,,,,,,
2026-08-29 12:28:01,btc_signals_log(29.08)_v4.csv,ACTIVE,BULL,2026-08-19,2026-08-29 00:00:00,ACTIVE,BULL,2026-08-19,True,True,True,True,1d,,,,,,
2026-08-29 12:58:04,btc_signals_log(29.08)_v4.csv,ACTIVE,BULL,2026-08-19,2026-08-29 00:00:00,ACTIVE,BULL,2026-08-19,True,True,True,True,1d,,,,,,
2026-08-29 13:28:07,btc_signals_log(29.08)_v4.csv,ACTIVE,BULL,2026-08-19,2026-08-29 00:00:00,ACTIVE,BULL,2026-08-19,True,True,True,True,1d,,,,,,
2026-08-29 13:58:10,btc_signals_log(29.08)_v4.csv,ACTIVE,BULL,2026-08-19,2026-08-29 00:00:00,ACTIVE,BULL,2026-08-19,True,True,True,True,1d,,,,,,
2026-08-29 14:28:14,btc_signals_log(29.08)_v4.csv,ACTIVE,BULL,2026-08-19,2026-08-29 00:00:00,ACTIVE,BULL,2026-08-19,True,True,True,True,1d,,,,,,
2026-08-29 14:58:17,btc_signals_log(29.08)_v4.csv,ACTIVE,BULL,2026-08-19,2026-08-29 00:00:00,ACTIVE,BULL,2026-08-19,True,True,True,True,1d,,,,,,
2026-08-29 15:28:20,btc_signals_log(29.08)_v4.csv,ACTIVE,BULL,2026-08-19,2026-08-29 00:00:00,ACTIVE,BULL,2026-08-19,True,True,True,True,1d,,,,,,
2026-08-29 15:58:24,btc_signals_log(29.08)_v4.csv,ACTIVE,BULL,2026-08-19,2026-08-29 00:00:00,ACTIVE,BULL,2026-08-19,True,True,True,True,1d,,,,,,
2026-08-29 16:28:27,btc_signals_log(29.08)_v4.csv,ACTIVE,BULL,2026-08-19,2026-08-29 00:00:00,ACTIVE,BULL,2026-08-19,True,True,True,True,1d,,,,,,
2026-08-29 16:58:30,btc_signals_log(29.08)_v4.csv,ACTIVE,BULL,2026-08-19,2026-08-29 00:00:00,ACTIVE,BULL,2026-08-19,True,True,True,True,1d,,,,,,
2026-08-29 17:28:34,btc_signals_log(29.08)_v4.csv,ACTIVE,BULL,2026-08-19,2026-08-29 00:00:00,ACTIVE,BULL,2026-08-19,True,True,True,True,1d,,,,,,
2026-08-29 17:58:37,btc_signals_log(29.08)_v4.csv,ACTIVE,BULL,2026-08-19,2026-08-29 00:00:00,ACTIVE,BULL,2026-08-19,True,True,True,True,1d,,,,,,
2026-08-29 18:28:40,btc_signals_log(29.08)_v4.csv,ACTIVE,BULL,2026-08-19,2026-08-29 00:00:00,ACTIVE,BULL,2026-08-19,True,True,True,True,1d,,,,,,
2026-08-29 18:58:44,btc_signals_log(29.08)_v4.csv,ACTIVE,BULL,2026-08-19,2026-08-29 00:00:00,ACTIVE,BULL,2026-08-19,True,True,True,True,1d,,,,,,
2026-08-29 19:28:47,btc_signals_log(29.08)_v4.csv,ACTIVE,BULL,2026-08-19,2026-08-29 00:00:00,ACTIVE,BULL,2026-08-19,True,True,True,True,1d,,,,,,
2026-08-29 19:58:51,btc_signals_log(29.08)_v4.csv,ACTIVE,BULL,2026-08-19,2026-08-29 00:00:00,ACTIVE,BULL,2026-08-19,True,True,True,True,1d,,,,,,
2026-08-29 20:28:54,btc_signals_log(29.08)_v4.csv,ACTIVE,BULL,2026-08-19,2026-08-29 00:00:00,ACTIVE,BULL,2026-08-19,True,True,True,True,1d,,,,,,
2026-08-29 20:58:57,btc_signals_log(29.08)_v4.csv,ACTIVE,BULL,2026-08-19,2026-08-29 00:00:00,ACTIVE,BULL,2026-08-19,True,True,True,True,1d,,,,,,
2026-08-29 21:29:00,btc_signals_log(29.08)_v4.csv,ACTIVE,BULL,2026-08-19,2026-08-29 00:00:00,ACTIVE,BULL,2026-08-19,True,True,True,True,1d,,,,,,
2026-08-29 21:59:04,btc_signals_log(29.08)_v4.csv,ACTIVE,BULL,2026-08-19,2026-08-29 00:00:00,ACTIVE,BULL,2026-08-19,True,True,True,True,1d,,,,,,
2026-08-29 22:29:08,btc_signals_log(29.08)_v4.csv,ACTIVE,BULL,2026-08-19,2026-08-29 00:00:00,ACTIVE,BULL,2026-08-19,True,True,True,True,1d,,,,,,
2026-08-29 22:59:11,btc_signals_log(29.08)_v4.csv,ACTIVE,BULL,2026-08-19,2026-08-29 00:00:00,ACTIVE,BULL,2026-08-19,True,True,True,True,1d,,,,,,
2026-08-29 23:29:14,btc_signals_log(29.08)_v4.csv,ACTIVE,BULL,2026-08-19,2026-08-29 00:00:00,ACTIVE,BULL,2026-08-19,True,True,True,True,1d,,,,,,
2026-08-29 23:59:18,btc_signals_log(29.08)_v4.csv,ACTIVE,BULL,2026-08-19,2026-08-29 00:00:00,ACTIVE,BULL,2026-08-19,True,True,True,True,1d,,,,,,
2026-08-30 00:29:21,btc_signals_log(30.08)_v4.csv,ACTIVE,BULL,2026-08-19,2026-08-30 00:00:00,ACTIVE,BULL,2026-08-19,True,True,True,True,1d,,,,,,
2026-08-30 00:59:24,btc_signals_log(30.08)_v4.csv,ACTIVE,BULL,2026-08-19,2026-08-30 00:00:00,ACTIVE,BULL,2026-08-19,True,True,True,True,1d,,,,,,
2026-08-30 01:29:28,btc_signals_log(30.08)_v4.csv,ACTIVE,BULL,2026-08-19,2026-08-30 00:00:00,ACTIVE,BULL,2026-08-19,True,True,True,True,1d,,,,,,
2026-08-30 01:59:31,btc_signals_log(30.08)_v4.csv,ACTIVE,BULL,2026-08-19,2026-08-30 00:00:00,ACTIVE,BULL,2026-08-19,True,True,True,True,1d,,,,,,
2026-08-30 02:29:34,btc_signals_log(30.08)_v4.csv,ACTIVE,BULL,2026-08-19,2026-08-30 00:00:00,ACTIVE,BULL,2026-08-19,True,True,True,True,1d,,,,,,
2026-08-30 02:59:38,btc_signals_log(30.08)_v4.csv,ACTIVE,BULL,2026-08-19,2026-08-30 00:00:00,ACTIVE,BULL,2026-08-19,True,True,True,True,1d,,,,,,
2026-08-30 03:29:41,btc_signals_log(30.08)_v4.csv,ACTIVE,BULL,2026-08-19,2026-08-30 00:00:00,ACTIVE,BULL,2026-08-19,True,True,True,True,1d,,,,,,
2026-08-30 03:59:44,btc_signals_log(30.08)_v4.csv,ACTIVE,BULL,2026-08-19,2026-08-30 00:00:00,ACTIVE,BULL,2026-08-19,True,True,True,True,1d,,,,,,
2026-08-30 04:29:47,btc_signals_log(30.08)_v4.csv,ACTIVE,BULL,2026-08-19,2026-08-30 00:00:00,ACTIVE,BULL,2026-08-19,True,True,True,True,1d,,,,,,
2026-08-30 04:59:51,btc_signals_log(30.08)_v4.csv,ACTIVE,BULL,2026-08-19,2026-08-30 00:00:00,ACTIVE,BULL,2026-08-19,True,True,True,True,1d,,,,,,
2026-08-30 05:29:54,btc_signals_log(30.08)_v4.csv,ACTIVE,BULL,2026-08-19,2026-08-30 00:00:00,ACTIVE,BULL,2026-08-19,True,True,True,True,1d,,,,,,
2026-08-30 05:59:57,btc_signals_log(30.08)_v4.csv,ACTIVE,BULL,2026-08-19,2026-08-30 00:00:00,ACTIVE,BULL,2026-08-19,True,True,True,True,1d,,,,,,
2026-08-30 06:30:01,btc_signals_log(30.08)_v4.csv,ACTIVE,BULL,2026-08-19,2026-08-30 00:00:00,ACTIVE,BULL,2026-08-19,True,True,True,True,1d,,,,,,
2026-08-30 07:00:07,btc_signals_log(30.08)_v4.csv,ACTIVE,BULL,2026-08-19,2026-08-30 00:00:00,ACTIVE,BULL,2026-08-19,True,True,True,True,1d,,,,,,
2026-08-30 07:30:10,btc_signals_log(30.08)_v4.csv,ACTIVE,BULL,2026-08-19,2026-08-30 00:00:00,ACTIVE,BULL,2026-08-19,True,True,True,True,1d,,,,,,
2026-08-30 08:00:13,btc_signals_log(30.08)_v4.csv,ACTIVE,BULL,2026-08-19,2026-08-30 00:00:00,ACTIVE,BULL,2026-08-19,True,True,True,True,1d,,,,,,
2026-08-30 08:30:17,btc_signals_log(30.08)_v4.csv,ACTIVE,BULL,2026-08-19,2026-08-30 00:00:00,ACTIVE,BULL,2026-08-19,True,True,True,True,1d,,,,,,
2026-08-30 09:00:20,btc_signals_log(30.08)_v4.csv,ACTIVE,BULL,2026-08-19,2026-08-30 00:00:00,ACTIVE,BULL,2026-08-19,True,True,True,True,1d,,,,,,
2026-08-30 09:30:23,btc_signals_log(30.08)_v4.csv,ACTIVE,BULL,2026-08-19,2026-08-30 00:00:00,ACTIVE,BULL,2026-08-19,True,True,True,True,1d,,,,,,
2026-08-30 10:00:26,btc_signals_log(30.08)_v4.csv,ACTIVE,BULL,2026-08-19,2026-08-30 00:00:00,ACTIVE,BULL,2026-08-19,True,True,True,True,1d,,,,,,
2026-08-30 10:30:29,btc_signals_log(30.08)_v4.csv,ACTIVE,BULL,2026-08-19,2026-08-30 00:00:00,ACTIVE,BULL,2026-08-19,True,True,True,True,1d,,,,,,
2026-08-30 11:00:33,btc_signals_log(30.08)_v4.csv,ACTIVE,BULL,2026-08-19,2026-08-30 00:00:00,ACTIVE,BULL,2026-08-19,True,True,True,True,1d,,,,,,
2026-08-30 11:30:36,btc_signals_log(30.08)_v4.csv,ACTIVE,BULL,2026-08-19,2026-08-30 00:00:00,ACTIVE,BULL,2026-08-19,True,True,True,True,1d,,,,,,
2026-08-30 12:00:40,btc_signals_log(30.08)_v4.csv,ACTIVE,BULL,2026-08-19,2026-08-30 00:00:00,ACTIVE,BULL,2026-08-19,True,True,True,True,1d,,,,,,
2026-08-30 12:30:43,btc_signals_log(30.08)_v4.csv,ACTIVE,BULL,2026-08-19,2026-08-30 00:00:00,ACTIVE,BULL,2026-08-19,True,True,True,True,1d,,,,,,
2026-08-30 13:00:47,btc_signals_log(30.08)_v4.csv,ACTIVE,BULL,2026-08-19,2026-08-30 00:00:00,ACTIVE,BULL,2026-08-19,True,True,True,True,1d,,,,,,
2026-08-30 13:30:50,btc_signals_log(30.08)_v4.csv,ACTIVE,BULL,2026-08-19,2026-08-30 00:00:00,ACTIVE,BULL,2026-08-19,True,True,True,True,1d,,,,,,
2026-08-30 14:00:53,btc_signals_log(30.08)_v4.csv,ACTIVE,BULL,2026-08-19,2026-08-30 00:00:00,ACTIVE,BULL,2026-08-19,True,True,True,True,1d,,,,,,
2026-08-30 14:30:57,btc_signals_log(30.08)_v4.csv,ACTIVE,BULL,2026-08-19,2026-08-30 00:00:00,ACTIVE,BULL,2026-08-19,True,True,True,True,1d,,,,,,
2026-08-30 15:01:00,btc_signals_log(30.08)_v4.csv,ACTIVE,BULL,2026-08-19,2026-08-30 00:00:00,ACTIVE,BULL,2026-08-19,True,True,True,True,1d,,,,,,
2026-08-30 15:31:04,btc_signals_log(30.08)_v4.csv,ACTIVE,BULL,2026-08-19,2026-08-30 00:00:00,ACTIVE,BULL,2026-08-19,True,True,True,True,1d,,,,,,
2026-08-30 16:01:07,btc_signals_log(30.08)_v4.csv,ACTIVE,BULL,2026-08-19,2026-08-30 00:00:00,ACTIVE,BULL,2026-08-19,True,True,True,True,1d,,,,,,
2026-08-30 16:31:11,btc_signals_log(30.08)_v4.csv,ACTIVE,BULL,2026-08-19,2026-08-30 00:00:00,ACTIVE,BULL,2026-08-19,True,True,True,True,1d,,,,,,
2026-08-30 17:01:14,btc_signals_log(30.08)_v4.csv,ACTIVE,BULL,2026-08-19,2026-08-30 00:00:00,ACTIVE,BULL,2026-08-19,True,True,True,True,1d,,,,,,
2026-08-30 17:31:18,btc_signals_log(30.08)_v4.csv,ACTIVE,BULL,2026-08-19,2026-08-30 00:00:00,ACTIVE,BULL,2026-08-19,True,True,True,True,1d,,,,,,
2026-08-30 18:01:23,btc_signals_log(30.08)_v4.csv,ACTIVE,BULL,2026-08-19,2026-08-30 00:00:00,ACTIVE,BULL,2026-08-19,True,True,True,True,1d,,,,,,
2026-08-30 18:31:26,btc_signals_log(30.08)_v4.csv,ACTIVE,BULL,2026-08-19,2026-08-30 00:00:00,ACTIVE,BULL,2026-08-19,True,True,True,True,1d,,,,,,
2026-08-30 19:01:29,btc_signals_log(30.08)_v4.csv,ACTIVE,BULL,2026-08-19,2026-08-30 00:00:00,ACTIVE,BULL,2026-08-19,True,True,True,True,1d,,,,,,
2026-08-30 19:31:33,btc_signals_log(30.08)_v4.csv,ACTIVE,BULL,2026-08-19,2026-08-30 00:00:00,ACTIVE,BULL,2026-08-19,True,True,True,True,1d,,,,,,
2026-08-30 20:01:36,btc_signals_log(30.08)_v4.csv,ACTIVE,BULL,2026-08-19,2026-08-30 00:00:00,ACTIVE,BULL,2026-08-19,True,True,True,True,1d,,,,,,
2026-08-30 20:31:39,btc_signals_log(30.08)_v4.csv,ACTIVE,BULL,2026-08-19,2026-08-30 00:00:00,ACTIVE,BULL,2026-08-19,True,True,True,True,1d,,,,,,
2026-08-30 21:01:42,btc_signals_log(30.08)_v4.csv,ACTIVE,BULL,2026-08-19,2026-08-30 00:00:00,ACTIVE,BULL,2026-08-19,True,True,True,True,1d,,,,,,
2026-08-30 21:31:46,btc_signals_log(30.08)_v4.csv,ACTIVE,BULL,2026-08-19,2026-08-30 00:00:00,ACTIVE,BULL,2026-08-19,True,True,True,True,1d,,,,,,
2026-08-30 22:01:49,btc_signals_log(30.08)_v4.csv,ACTIVE,BULL,2026-08-19,2026-08-30 00:00:00,ACTIVE,BULL,2026-08-19,True,True,True,True,1d,,,,,,
2026-08-30 22:31:52,btc_signals_log(30.08)_v4.csv,ACTIVE,BULL,2026-08-19,2026-08-30 00:00:00,ACTIVE,BULL,2026-08-19,True,True,True,True,1d,,,,,,
2026-08-30 23:01:55,btc_signals_log(30.08)_v4.csv,ACTIVE,BULL,2026-08-19,2026-08-30 00:00:00,ACTIVE,BULL,2026-08-19,True,True,True,True,1d,,,,,,
2026-08-30 23:31:59,btc_signals_log(30.08)_v4.csv,ACTIVE,BULL,2026-08-19,2026-08-30 00:00:00,ACTIVE,BULL,2026-08-19,True,True,True,True,1d,,,,,,
2026-08-31 00:02:02,btc_signals_log(31.08)_v4.csv,ACTIVE,BULL,2026-08-19,2026-08-31 00:00:00,ACTIVE,BULL,2026-08-19,True,True,True,True,1d,,,,,,
2026-08-31 00:32:05,btc_signals_log(31.08)_v4.csv,ACTIVE,BULL,2026-08-19,2026-08-31 00:00:00,ACTIVE,BULL,2026-08-19,True,True,True,True,1d,,,,,,
2026-08-31 01:02:08,btc_signals_log(31.08)_v4.csv,ACTIVE,BULL,2026-08-19,2026-08-31 00:00:00,ACTIVE,BULL,2026-08-19,True,True,True,True,1d,,,,,,
2026-08-31 01:32:12,btc_signals_log(31.08)_v4.csv,ACTIVE,BULL,2026-08-19,2026-08-31 00:00:00,ACTIVE,BULL,2026-08-19,True,True,True,True,1d,,,,,,
2026-08-31 02:02:15,btc_signals_log(31.08)_v4.csv,ACTIVE,BULL,2026-08-19,2026-08-31 00:00:00,ACTIVE,BULL,2026-08-19,True,True,True,True,1d,,,,,,
2026-08-31 02:32:18,btc_signals_log(31.08)_v4.csv,ACTIVE,BULL,2026-08-19,2026-08-31 00:00:00,ACTIVE,BULL,2026-08-19,True,True,True,True,1d,,,,,,
2026-08-31 03:02:22,btc_signals_log(31.08)_v4.csv,ACTIVE,BULL,2026-08-19,2026-08-31 00:00:00,ACTIVE,BULL,2026-08-19,True,True,True,True,1d,,,,,,
2026-08-31 03:32:25,btc_signals_log(31.08)_v4.csv,ACTIVE,BULL,2026-08-19,2026-08-31 00:00:00,ACTIVE,BULL,2026-08-19,True,True,True,True,1d,,,,,,
2026-08-31 04:02:28,btc_signals_log(31.08)_v4.csv,ACTIVE,BULL,2026-08-19,2026-08-31 00:00:00,ACTIVE,BULL,2026-08-19,True,True,True,True,1d,,,,,,
2026-08-31 04:32:31,btc_signals_log(31.08)_v4.csv,ACTIVE,BULL,2026-08-19,2026-08-31 00:00:00,ACTIVE,BULL,2026-08-19,True,True,True,True,1d,,,,,,
2026-08-31 05:02:35,btc_signals_log(31.08)_v4.csv,ACTIVE,BULL,2026-08-19,2026-08-31 00:00:00,ACTIVE,BULL,2026-08-19,True,True,True,True,1d,,,,,,
2026-08-31 05:32:38,btc_signals_log(31.08)_v4.csv,ACTIVE,BULL,2026-08-19,2026-08-31 00:00:00,ACTIVE,BULL,2026-08-19,True,True,True,True,1d,,,,,,
2026-08-31 06:02:41,btc_signals_log(31.08)_v4.csv,ACTIVE,BULL,2026-08-19,2026-08-31 00:00:00,ACTIVE,BULL,2026-08-19,True,True,True,True,1d,,,,,,
2026-08-31 06:32:44,btc_signals_log(31.08)_v4.csv,ACTIVE,BULL,2026-08-19,2026-08-31 00:00:00,ACTIVE,BULL,2026-08-19,True,True,True,True,1d,,,,,,
2026-08-31 07:02:48,btc_signals_log(31.08)_v4.csv,ACTIVE,BULL,2026-08-19,2026-08-31 00:00:00,ACTIVE,BULL,2026-08-19,True,True,True,True,1d,,,,,,
2026-08-31 07:32:51,btc_signals_log(31.08)_v4.csv,ACTIVE,BULL,2026-08-19,2026-08-31 00:00:00,ACTIVE,BULL,2026-08-19,True,True,True,True,1d,,,,,,
2026-08-31 08:02:54,btc_signals_log(31.08)_v4.csv,ACTIVE,BULL,2026-08-19,2026-08-31 00:00:00,ACTIVE,BULL,2026-08-19,True,True,True,True,1d,,,,,,
2026-08-31 08:32:58,btc_signals_log(31.08)_v4.csv,ACTIVE,BULL,2026-08-19,2026-08-31 00:00:00,ACTIVE,BULL,2026-08-19,True,True,True,True,1d,,,,,,
2026-08-31 09:03:01,btc_signals_log(31.08)_v4.csv,ACTIVE,BULL,2026-08-19,2026-08-31 00:00:00,ACTIVE,BULL,2026-08-19,True,True,True,True,1d,,,,,,
2026-08-31 09:33:04,btc_signals_log(31.08)_v4.csv,ACTIVE,BULL,2026-08-19,2026-08-31 00:00:00,ACTIVE,BULL,2026-08-19,True,True,True,True,1d,,,,,,
2026-08-31 10:03:08,btc_signals_log(31.08)_v4.csv,ACTIVE,BULL,2026-08-19,2026-08-31 00:00:00,ACTIVE,BULL,2026-08-19,True,True,True,True,1d,,,,,,
2026-08-31 10:33:13,btc_signals_log(31.08)_v4.csv,ACTIVE,BULL,2026-08-19,2026-08-31 00:00:00,ACTIVE,BULL,2026-08-19,True,True,True,True,1d,,,,,,
2026-08-31 11:03:18,btc_signals_log(31.08)_v4.csv,ACTIVE,BULL,2026-08-19,2026-08-31 00:00:00,ACTIVE,BULL,2026-08-19,True,True,True,True,1d,,,,,,
2026-08-31 11:33:22,btc_signals_log(31.08)_v4.csv,ACTIVE,BULL,2026-08-19,2026-08-31 00:00:00,ACTIVE,BULL,2026-08-19,True,True,True,True,1d,,,,,,
2026-08-31 12:03:25,btc_signals_log(31.08)_v4.csv,ACTIVE,BULL,2026-08-19,2026-08-31 00:00:00,ACTIVE,BULL,2026-08-19,True,True,True,True,1d,,,,,,
2026-08-31 12:33:28,btc_signals_log(31.08)_v4.csv,ACTIVE,BULL,2026-08-19,2026-08-31 00:00:00,ACTIVE,BULL,2026-08-19,True,True,True,True,1d,,,,,,
2026-08-31 13:03:34,btc_signals_log(31.08)_v4.csv,ACTIVE,BULL,2026-08-19,2026-08-31 00:00:00,ACTIVE,BULL,2026-08-19,True,True,True,True,1d,,,,,,
2026-08-31 13:33:37,btc_signals_log(31.08)_v4.csv,ACTIVE,BULL,2026-08-19,2026-08-31 00:00:00,ACTIVE,BULL,2026-08-19,True,True,True,True,1d,,,,,,
2026-08-31 14:03:42,btc_signals_log(31.08)_v4.csv,ACTIVE,BULL,2026-08-19,2026-08-31 00:00:00,ACTIVE,BULL,2026-08-19,True,True,True,True,1d,,,,,,
2026-08-31 14:33:48,btc_signals_log(31.08)_v4.csv,ACTIVE,BULL,2026-08-19,2026-08-31 00:00:00,ACTIVE,BULL,2026-08-19,True,True,True,True,1d,,,,,,
2026-08-31 15:03:51,btc_signals_log(31.08)_v4.csv,ACTIVE,BULL,2026-08-19,2026-08-31 00:00:00,ACTIVE,BULL,2026-08-19,True,True,True,True,1d,,,,,,
2026-08-31 15:33:55,btc_signals_log(31.08)_v4.csv,ACTIVE,BULL,2026-08-19,2026-08-31 00:00:00,ACTIVE,BULL,2026-08-19,True,True,True,True,1d,,,,,,
2026-08-31 16:03:58,btc_signals_log(31.08)_v4.csv,ACTIVE,BULL,2026-08-19,2026-08-31 00:00:00,ACTIVE,BULL,2026-08-19,True,True,True,True,1d,,,,,,
2026-08-31 16:34:01,btc_signals_log(31.08)_v4.csv,ACTIVE,BULL,2026-08-19,2026-08-31 00:00:00,ACTIVE,BULL,2026-08-19,True,True,True,True,1d,,,,,,
2026-08-31 17:04:05,btc_signals_log(31.08)_v4.csv,ACTIVE,BULL,2026-08-19,2026-08-31 00:00:00,ACTIVE,BULL,2026-08-19,True,True,True,True,1d,,,,,,
2026-08-31 17:34:08,btc_signals_log(31.08)_v4.csv,ACTIVE,BULL,2026-08-19,2026-08-31 00:00:00,ACTIVE,BULL,2026-08-19,True,True,True,True,1d,,,,,,
2026-08-31 18:04:12,btc_signals_log(31.08)_v4.csv,ACTIVE,BULL,2026-08-19,2026-08-31 00:00:00,ACTIVE,BULL,2026-08-19,True,True,True,True,1d,,,,,,
2026-08-31 18:34:16,btc_signals_log(31.08)_v4.csv,ACTIVE,BULL,2026-08-19,2026-08-31 00:00:00,ACTIVE,BULL,2026-08-19,True,True,True,True,1d,,,,,,
2026-08-31 19:04:22,btc_signals_log(31.08)_v4.csv,ACTIVE,BULL,2026-08-19,2026-08-31 00:00:00,ACTIVE,BULL,2026-08-19,True,True,True,True,1d,,,,,,
2026-08-31 19:34:28,btc_signals_log(31.08)_v4.csv,ACTIVE,BULL,2026-08-19,2026-08-31 00:00:00,ACTIVE,BULL,2026-08-19,True,True,True,True,1d,,,,,,
2026-08-31 20:04:32,btc_signals_log(31.08)_v4.csv,ACTIVE,BULL,2026-08-19,2026-08-31 00:00:00,ACTIVE,BULL,2026-08-19,True,True,True,True,1d,,,,,,
2026-08-31 20:34:36,btc_signals_log(31.08)_v4.csv,ACTIVE,BULL,2026-08-19,2026-08-31 00:00:00,ACTIVE,BULL,2026-08-19,True,True,True,True,1d,,,,,,
2026-08-31 21:04:39,btc_signals_log(31.08)_v4.csv,ACTIVE,BULL,2026-08-19,2026-08-31 00:00:00,ACTIVE,BULL,2026-08-19,True,True,True,True,1d,,,,,,
2026-08-31 21:34:43,btc_signals_log(31.08)_v4.csv,ACTIVE,BULL,2026-08-19,2026-08-31 00:00:00,ACTIVE,BULL,2026-08-19,True,True,True,True,1d,,,,,,
2026-08-31 22:04:48,btc_signals_log(31.08)_v4.csv,ACTIVE,BULL,2026-08-19,2026-08-31 00:00:00,ACTIVE,BULL,2026-08-19,True,True,True,True,1d,,,,,,
2026-08-31 22:34:51,btc_signals_log(31.08)_v4.csv,ACTIVE,BULL,2026-08-19,2026-08-31 00:00:00,ACTIVE,BULL,2026-08-19,True,True,True,True,1d,,,,,,
2026-08-31 23:04:55,btc_signals_log(31.08)_v4.csv,ACTIVE,BULL,2026-08-19,2026-08-31 00:00:00,ACTIVE,BULL,2026-08-19,True,True,True,True,1d,,,,,,
2026-08-31 23:34:58,btc_signals_log(31.08)_v4.csv,ACTIVE,BULL,2026-08-19,2026-08-31 00:00:00,ACTIVE,BULL,2026-08-19,True,True,True,True,1d,,,,,,
2026-09-01 00:05:05,btc_signals_log(01.09)_v4.csv,ACTIVE,BULL,2026-08-19,2026-09-01 00:00:00,ACTIVE,BULL,2026-08-19,True,True,True,True,1d,,,,,,
2026-09-01 00:35:08,btc_signals_log(01.09)_v4.csv,ACTIVE,BULL,2026-08-19,2026-09-01 00:00:00,ACTIVE,BULL,2026-08-19,True,True,True,True,1d,,,,,,
2026-09-01 01:05:12,btc_signals_log(01.09)_v4.csv,ACTIVE,BULL,2026-08-19,2026-09-01 00:00:00,ACTIVE,BULL,2026-08-19,True,True,True,True,1d,,,,,,
2026-09-01 01:35:16,btc_signals_log(01.09)_v4.csv,ACTIVE,BULL,2026-08-19,2026-09-01 00:00:00,ACTIVE,BULL,2026-08-19,True,True,True,True,1d,,,,,,
2026-09-01 02:05:22,btc_signals_log(01.09)_v4.csv,ACTIVE,BULL,2026-08-19,2026-09-01 00:00:00,ACTIVE,BULL,2026-08-19,True,True,True,True,1d,,,,,,
2026-09-01 02:35:25,btc_signals_log(01.09)_v4.csv,ACTIVE,BULL,2026-08-19,2026-09-01 00:00:00,ACTIVE,BULL,2026-08-19,True,True,True,True,1d,,,,,,
2026-09-01 03:05:29,btc_signals_log(01.09)_v4.csv,ACTIVE,BULL,2026-08-19,2026-09-01 00:00:00,ACTIVE,BULL,2026-08-19,True,True,True,True,1d,,,,,,
2026-09-01 03:35:32,btc_signals_log(01.09)_v4.csv,ACTIVE,BULL,2026-08-19,2026-09-01 00:00:00,ACTIVE,BULL,2026-08-19,True,True,True,True,1d,,,,,,
2026-09-01 04:05:35,btc_signals_log(01.09)_v4.csv,ACTIVE,BULL,2026-08-19,2026-09-01 00:00:00,ACTIVE,BULL,2026-08-19,True,True,True,True,1d,,,,,,
2026-09-01 04:35:40,btc_signals_log(01.09)_v4.csv,ACTIVE,BULL,2026-08-19,2026-09-01 00:00:00,ACTIVE,BULL,2026-08-19,True,True,True,True,1d,,,,,,
2026-09-01 05:05:45,btc_signals_log(01.09)_v4.csv,ACTIVE,BULL,2026-08-19,2026-09-01 00:00:00,ACTIVE,BULL,2026-08-19,True,True,True,True,1d,,,,,,
2026-09-01 05:35:50,btc_signals_log(01.09)_v4.csv,ACTIVE,BULL,2026-08-19,2026-09-01 00:00:00,ACTIVE,BULL,2026-08-19,True,True,True,True,1d,,,,,,
2026-09-01 06:05:55,btc_signals_log(01.09)_v4.csv,ACTIVE,BULL,2026-08-19,2026-09-01 00:00:00,ACTIVE,BULL,2026-08-19,True,True,True,True,1d,,,,,,
2026-09-01 06:36:00,btc_signals_log(01.09)_v4.csv,ACTIVE,BULL,2026-08-19,2026-09-01 00:00:00,ACTIVE,BULL,2026-08-19,True,True,True,True,1d,,,,,,
2026-09-01 07:06:05,btc_signals_log(01.09)_v4.csv,ACTIVE,BULL,2026-08-19,2026-09-01 00:00:00,ACTIVE,BULL,2026-08-19,True,True,True,True,1d,,,,,,
2026-09-01 07:36:10,btc_signals_log(01.09)_v4.csv,ACTIVE,BULL,2026-08-19,2026-09-01 00:00:00,ACTIVE,BULL,2026-08-19,True,True,True,True,1d,,,,,,
2026-09-01 08:06:13,btc_signals_log(01.09)_v4.csv,ACTIVE,BULL,2026-08-19,2026-09-01 00:00:00,ACTIVE,BULL,2026-08-19,True,True,True,True,1d,,,,,,
2026-09-01 08:36:17,btc_signals_log(01.09)_v4.csv,ACTIVE,BULL,2026-08-19,2026-09-01 00:00:00,ACTIVE,BULL,2026-08-19,True,True,True,True,1d,,,,,,
2026-09-01 09:06:21,btc_signals_log(01.09)_v4.csv,ACTIVE,BULL,2026-08-19,2026-09-01 00:00:00,ACTIVE,BULL,2026-08-19,True,True,True,True,1d,,,,,,
2026-09-01 09:36:24,btc_signals_log(01.09)_v4.csv,ACTIVE,BULL,2026-08-19,2026-09-01 00:00:00,ACTIVE,BULL,2026-08-19,True,True,True,True,1d,,,,,,
2026-09-01 10:06:28,btc_signals_log(01.09)_v4.csv,ACTIVE,BULL,2026-08-19,2026-09-01 00:00:00,ACTIVE,BULL,2026-08-19,True,True,True,True,1d,,,,,,
2026-09-01 10:36:31,btc_signals_log(01.09)_v4.csv,ACTIVE,BULL,2026-08-19,2026-09-01 00:00:00,ACTIVE,BULL,2026-08-19,True,True,True,True,1d,,,,,,
2026-09-01 11:06:35,btc_signals_log(01.09)_v4.csv,ACTIVE,BULL,2026-08-19,2026-09-01 00:00:00,ACTIVE,BULL,2026-08-19,True,True,True,True,1d,,,,,,
2026-09-01 11:36:38,btc_signals_log(01.09)_v4.csv,ACTIVE,BULL,2026-08-19,2026-09-01 00:00:00,ACTIVE,BULL,2026-08-19,True,True,True,True,1d,,,,,,
2026-09-01 12:06:42,btc_signals_log(01.09)_v4.csv,ACTIVE,BULL,2026-08-19,2026-09-01 00:00:00,ACTIVE,BULL,2026-08-19,True,True,True,True,1d,,,,,,
2026-09-01 12:36:45,btc_signals_log(01.09)_v4.csv,ACTIVE,BULL,2026-08-19,2026-09-01 00:00:00,ACTIVE,BULL,2026-08-19,True,True,True,True,1d,,,,,,
2026-09-01 13:06:49,btc_signals_log(01.09)_v4.csv,ACTIVE,BULL,2026-08-19,2026-09-01 00:00:00,ACTIVE,BULL,2026-08-19,True,True,True,True,1d,,,,,,
2026-09-01 13:36:52,btc_signals_log(01.09)_v4.csv,ACTIVE,BULL,2026-08-19,2026-09-01 00:00:00,ACTIVE,BULL,2026-08-19,True,True,True,True,1d,,,,,,
2026-09-01 14:06:56,btc_signals_log(01.09)_v4.csv,ACTIVE,BULL,2026-08-19,2026-09-01 00:00:00,ACTIVE,BULL,2026-08-19,True,True,True,True,1d,,,,,,
2026-09-01 14:36:59,btc_signals_log(01.09)_v4.csv,ACTIVE,BULL,2026-08-19,2026-09-01 00:00:00,ACTIVE,BULL,2026-08-19,True,True,True,True,1d,,,,,,
2026-09-01 15:07:03,btc_signals_log(01.09)_v4.csv,ACTIVE,BULL,2026-08-19,2026-09-01 00:00:00,ACTIVE,BULL,2026-08-19,True,True,True,True,1d,,,,,,
2026-09-01 15:37:07,btc_signals_log(01.09)_v4.csv,ACTIVE,BULL,2026-08-19,2026-09-01 00:00:00,ACTIVE,BULL,2026-08-19,True,True,True,True,1d,,,,,,
2026-09-01 16:07:10,btc_signals_log(01.09)_v4.csv,ACTIVE,BULL,2026-08-19,2026-09-01 00:00:00,ACTIVE,BULL,2026-08-19,True,True,True,True,1d,,,,,,
2026-09-01 16:37:15,btc_signals_log(01.09)_v4.csv,ACTIVE,BULL,2026-08-19,2026-09-01 00:00:00,ACTIVE,BULL,2026-08-19,True,True,True,True,1d,,,,,,
2026-09-01 17:07:18,btc_signals_log(01.09)_v4.csv,ACTIVE,BULL,2026-08-19,2026-09-01 00:00:00,ACTIVE,BULL,2026-08-19,True,True,True,True,1d,,,,,,
2026-09-01 17:37:22,btc_signals_log(01.09)_v4.csv,ACTIVE,BULL,2026-08-19,2026-09-01 00:00:00,ACTIVE,BULL,2026-08-19,True,True,True,True,1d,,,,,,
2026-09-01 18:07:25,btc_signals_log(01.09)_v4.csv,ACTIVE,BULL,2026-08-19,2026-09-01 00:00:00,ACTIVE,BULL,2026-08-19,True,True,True,True,1d,,,,,,
2026-09-01 18:37:29,btc_signals_log(01.09)_v4.csv,ACTIVE,BULL,2026-08-19,2026-09-01 00:00:00,ACTIVE,BULL,2026-08-19,True,True,True,True,1d,,,,,,
2026-09-01 19:07:34,btc_signals_log(01.09)_v4.csv,ACTIVE,BULL,2026-08-19,2026-09-01 00:00:00,ACTIVE,BULL,2026-08-19,True,True,True,True,1d,,,,,,
2026-09-01 19:37:37,btc_signals_log(01.09)_v4.csv,ACTIVE,BULL,2026-08-19,2026-09-01 00:00:00,ACTIVE,BULL,2026-08-19,True,True,True,True,1d,,,,,,
2026-09-01 20:07:41,btc_signals_log(01.09)_v4.csv,ACTIVE,BULL,2026-08-19,2026-09-01 00:00:00,ACTIVE,BULL,2026-08-19,True,True,True,True,1d,,,,,,
2026-09-01 20:37:44,btc_signals_log(01.09)_v4.csv,ACTIVE,BULL,2026-08-19,2026-09-01 00:00:00,ACTIVE,BULL,2026-08-19,True,True,True,True,1d,,,,,,
2026-09-01 21:07:48,btc_signals_log(01.09)_v4.csv,ACTIVE,BULL,2026-08-19,2026-09-01 00:00:00,ACTIVE,BULL,2026-08-19,True,True,True,True,1d,,,,,,
2026-09-01 21:37:51,btc_signals_log(01.09)_v4.csv,ACTIVE,BULL,2026-08-19,2026-09-01 00:00:00,ACTIVE,BULL,2026-08-19,True,True,True,True,1d,,,,,,
2026-09-01 22:07:55,btc_signals_log(01.09)_v4.csv,ACTIVE,BULL,2026-08-19,2026-09-01 00:00:00,ACTIVE,BULL,2026-08-19,True,True,True,True,1d,,,,,,
2026-09-01 22:37:58,btc_signals_log(01.09)_v4.csv,ACTIVE,BULL,2026-08-19,2026-09-01 00:00:00,ACTIVE,BULL,2026-08-19,True,True,True,True,1d,,,,,,
2026-09-01 23:08:01,btc_signals_log(01.09)_v4.csv,ACTIVE,BULL,2026-08-19,2026-09-01 00:00:00,ACTIVE,BULL,2026-08-19,True,True,True,True,1d,,,,,,
2026-09-01 23:38:05,btc_signals_log(01.09)_v4.csv,ACTIVE,BULL,2026-08-19,2026-09-01 00:00:00,ACTIVE,BULL,2026-08-19,True,True,True,True,1d,,,,,,
2026-09-02 00:08:08,btc_signals_log(02.09)_v4.csv,ACTIVE,BULL,2026-08-19,2026-09-02 00:00:00,ACTIVE,BULL,2026-08-19,True,True,True,True,1d,,,,,,
2026-09-02 00:38:11,btc_signals_log(02.09)_v4.csv,ACTIVE,BULL,2026-08-19,2026-09-02 00:00:00,ACTIVE,BULL,2026-08-19,True,True,True,True,1d,,,,,,
2026-09-02 01:08:15,btc_signals_log(02.09)_v4.csv,ACTIVE,BULL,2026-08-19,2026-09-02 00:00:00,ACTIVE,BULL,2026-08-19,True,True,True,True,1d,,,,,,
2026-09-02 01:38:18,btc_signals_log(02.09)_v4.csv,ACTIVE,BULL,2026-08-19,2026-09-02 00:00:00,ACTIVE,BULL,2026-08-19,True,True,True,True,1d,,,,,,
2026-09-02 02:08:21,btc_signals_log(02.09)_v4.csv,ACTIVE,BULL,2026-08-19,2026-09-02 00:00:00,ACTIVE,BULL,2026-08-19,True,True,True,True,1d,,,,,,
2026-09-02 02:38:25,btc_signals_log(02.09)_v4.csv,ACTIVE,BULL,2026-08-19,2026-09-02 00:00:00,ACTIVE,BULL,2026-08-19,True,True,True,True,1d,,,,,,
2026-09-02 03:08:29,btc_signals_log(02.09)_v4.csv,ACTIVE,BULL,2026-08-19,2026-09-02 00:00:00,ACTIVE,BULL,2026-08-19,True,True,True,True,1d,,,,,,
2026-09-02 03:38:33,btc_signals_log(02.09)_v4.csv,ACTIVE,BULL,2026-08-19,2026-09-02 00:00:00,ACTIVE,BULL,2026-08-19,True,True,True,True,1d,,,,,,
2026-09-02 04:08:36,btc_signals_log(02.09)_v4.csv,ACTIVE,BULL,2026-08-19,2026-09-02 00:00:00,ACTIVE,BULL,2026-08-19,True,True,True,True,1d,,,,,,
2026-09-02 04:38:39,btc_signals_log(02.09)_v4.csv,ACTIVE,BULL,2026-08-19,2026-09-02 00:00:00,ACTIVE,BULL,2026-08-19,True,True,True,True,1d,,,,,,
2026-09-02 05:08:43,btc_signals_log(02.09)_v4.csv,ACTIVE,BULL,2026-08-19,2026-09-02 00:00:00,ACTIVE,BULL,2026-08-19,True,True,True,True,1d,,,,,,
2026-09-02 05:38:46,btc_signals_log(02.09)_v4.csv,ACTIVE,BULL,2026-08-19,2026-09-02 00:00:00,ACTIVE,BULL,2026-08-19,True,True,True,True,1d,,,,,,
2026-09-02 06:08:49,btc_signals_log(02.09)_v4.csv,ACTIVE,BULL,2026-08-19,2026-09-02 00:00:00,ACTIVE,BULL,2026-08-19,True,True,True,True,1d,,,,,,
2026-09-02 06:38:53,btc_signals_log(02.09)_v4.csv,ACTIVE,BULL,2026-08-19,2026-09-02 00:00:00,ACTIVE,BULL,2026-08-19,True,True,True,True,1d,,,,,,
2026-09-02 07:08:57,btc_signals_log(02.09)_v4.csv,ACTIVE,BULL,2026-08-19,2026-09-02 00:00:00,ACTIVE,BULL,2026-08-19,True,True,True,True,1d,,,,,,
2026-09-02 07:39:01,btc_signals_log(02.09)_v4.csv,ACTIVE,BULL,2026-08-19,2026-09-02 00:00:00,ACTIVE,BULL,2026-08-19,True,True,True,True,1d,,,,,,
2026-09-02 08:09:04,btc_signals_log(02.09)_v4.csv,ACTIVE,BULL,2026-08-19,2026-09-02 00:00:00,ACTIVE,BULL,2026-08-19,True,True,True,True,1d,,,,,,
2026-09-02 08:39:09,btc_signals_log(02.09)_v4.csv,ACTIVE,BULL,2026-08-19,2026-09-02 00:00:00,ACTIVE,BULL,2026-08-19,True,True,True,True,1d,,,,,,
2026-09-02 09:09:12,btc_signals_log(02.09)_v4.csv,ACTIVE,BULL,2026-08-19,2026-09-02 00:00:00,ACTIVE,BULL,2026-08-19,True,True,True,True,1d,,,,,,
2026-09-02 09:39:16,btc_signals_log(02.09)_v4.csv,ACTIVE,BULL,2026-08-19,2026-09-02 00:00:00,ACTIVE,BULL,2026-08-19,True,True,True,True,1d,,,,,,
2026-09-02 10:09:19,btc_signals_log(02.09)_v4.csv,ACTIVE,BULL,2026-08-19,2026-09-02 00:00:00,ACTIVE,BULL,2026-08-19,True,True,True,True,1d,,,,,,
2026-09-02 10:39:23,btc_signals_log(02.09)_v4.csv,ACTIVE,BULL,2026-08-19,2026-09-02 00:00:00,ACTIVE,BULL,2026-08-19,True,True,True,True,1d,,,,,,
2026-09-02 11:09:27,btc_signals_log(02.09)_v4.csv,ACTIVE,BULL,2026-08-19,2026-09-02 00:00:00,ACTIVE,BULL,2026-08-19,True,True,True,True,1d,,,,,,
2026-09-02 11:39:31,btc_signals_log(02.09)_v4.csv,ACTIVE,BULL,2026-08-19,2026-09-02 00:00:00,ACTIVE,BULL,2026-08-19,True,True,True,True,1d,,,,,,
2026-09-02 12:09:34,btc_signals_log(02.09)_v4.csv,ACTIVE,BULL,2026-08-19,2026-09-02 00:00:00,ACTIVE,BULL,2026-08-19,True,True,True,True,1d,,,,,,
2026-09-02 12:39:38,btc_signals_log(02.09)_v4.csv,ACTIVE,BULL,2026-08-19,2026-09-02 00:00:00,ACTIVE,BULL,2026-08-19,True,True,True,True,1d,,,,,,
2026-09-02 13:09:42,btc_signals_log(02.09)_v4.csv,ACTIVE,BULL,2026-08-19,2026-09-02 00:00:00,ACTIVE,BULL,2026-08-19,True,True,True,True,1d,,,,,,
2026-09-02 13:39:45,btc_signals_log(02.09)_v4.csv,ACTIVE,BULL,2026-08-19,2026-09-02 00:00:00,ACTIVE,BULL,2026-08-19,True,True,True,True,1d,,,,,,
2026-09-02 14:09:49,btc_signals_log(02.09)_v4.csv,ACTIVE,BULL,2026-08-19,2026-09-02 00:00:00,ACTIVE,BULL,2026-08-19,True,True,True,True,1d,,,,,,
2026-09-02 14:39:52,btc_signals_log(02.09)_v4.csv,ACTIVE,BULL,2026-08-19,2026-09-02 00:00:00,ACTIVE,BULL,2026-08-19,True,True,True,True,1d,,,,,,
2026-09-02 15:09:56,btc_signals_log(02.09)_v4.csv,ACTIVE,BULL,2026-08-19,2026-09-02 00:00:00,ACTIVE,BULL,2026-08-19,True,True,True,True,1d,,,,,,
2026-09-02 15:39:59,btc_signals_log(02.09)_v4.csv,ACTIVE,BULL,2026-08-19,2026-09-02 00:00:00,ACTIVE,BULL,2026-08-19,True,True,True,True,1d,,,,,,
2026-09-02 16:10:04,btc_signals_log(02.09)_v4.csv,ACTIVE,BULL,2026-08-19,2026-09-02 00:00:00,ACTIVE,BULL,2026-08-19,True,True,True,True,1d,,,,,,
2026-09-02 16:40:07,btc_signals_log(02.09)_v4.csv,ACTIVE,BULL,2026-08-19,2026-09-02 00:00:00,ACTIVE,BULL,2026-08-19,True,True,True,True,1d,,,,,,
2026-09-02 17:10:11,btc_signals_log(02.09)_v4.csv,ACTIVE,BULL,2026-08-19,2026-09-02 00:00:00,ACTIVE,BULL,2026-08-19,True,True,True,True,1d,,,,,,
2026-09-02 17:40:14,btc_signals_log(02.09)_v4.csv,ACTIVE,BULL,2026-08-19,2026-09-02 00:00:00,ACTIVE,BULL,2026-08-19,True,True,True,True,1d,,,,,,
2026-09-02 18:10:17,btc_signals_log(02.09)_v4.csv,ACTIVE,BULL,2026-08-19,2026-09-02 00:00:00,ACTIVE,BULL,2026-08-19,True,True,True,True,1d,,,,,,
2026-09-02 18:40:21,btc_signals_log(02.09)_v4.csv,ACTIVE,BULL,2026-08-19,2026-09-02 00:00:00,ACTIVE,BULL,2026-08-19,True,True,True,True,1d,,,,,,
2026-09-02 19:10:24,btc_signals_log(02.09)_v4.csv,ACTIVE,BULL,2026-08-19,2026-09-02 00:00:00,ACTIVE,BULL,2026-08-19,True,True,True,True,1d,,,,,,
2026-09-02 19:40:28,btc_signals_log(02.09)_v4.csv,ACTIVE,BULL,2026-08-19,2026-09-02 00:00:00,ACTIVE,BULL,2026-08-19,True,True,True,True,1d,,,,,,
2026-09-02 20:10:32,btc_signals_log(02.09)_v4.csv,ACTIVE,BULL,2026-08-19,2026-09-02 00:00:00,ACTIVE,BULL,2026-08-19,True,True,True,True,1d,,,,,,
2026-09-02 20:40:35,btc_signals_log(02.09)_v4.csv,ACTIVE,BULL,2026-08-19,2026-09-02 00:00:00,ACTIVE,BULL,2026-08-19,True,True,True,True,1d,,,,,,
2026-09-02 21:10:38,btc_signals_log(02.09)_v4.csv,ACTIVE,BULL,2026-08-19,2026-09-02 00:00:00,ACTIVE,BULL,2026-08-19,True,True,True,True,1d,,,,,,
2026-09-02 21:40:42,btc_signals_log(02.09)_v4.csv,ACTIVE,BULL,2026-08-19,2026-09-02 00:00:00,ACTIVE,BULL,2026-08-19,True,True,True,True,1d,,,,,,
2026-09-02 22:10:47,btc_signals_log(02.09)_v4.csv,ACTIVE,BULL,2026-08-19,2026-09-02 00:00:00,ACTIVE,BULL,2026-08-19,True,True,True,True,1d,,,,,,
2026-09-02 22:40:52,btc_signals_log(02.09)_v4.csv,ACTIVE,BULL,2026-08-19,2026-09-02 00:00:00,ACTIVE,BULL,2026-08-19,True,True,True,True,1d,,,,,,
2026-09-02 23:10:56,btc_signals_log(02.09)_v4.csv,ACTIVE,BULL,2026-08-19,2026-09-02 00:00:00,ACTIVE,BULL,2026-08-19,True,True,True,True,1d,,,,,,
2026-09-02 23:41:00,btc_signals_log(02.09)_v4.csv,ACTIVE,BULL,2026-08-19,2026-09-02 00:00:00,ACTIVE,BULL,2026-08-19,True,True,True,True,1d,,,,,,
2026-09-03 00:11:04,btc_signals_log(03.09)_v4.csv,ACTIVE,BULL,2026-08-19,2026-09-03 00:00:00,ACTIVE,BULL,2026-08-19,True,True,True,True,1d,,,,,,
2026-09-03 00:41:08,btc_signals_log(03.09)_v4.csv,ACTIVE,BULL,2026-08-19,2026-09-03 00:00:00,ACTIVE,BULL,2026-08-19,True,True,True,True,1d,,,,,,
2026-09-03 01:11:11,btc_signals_log(03.09)_v4.csv,ACTIVE,BULL,2026-08-19,2026-09-03 00:00:00,ACTIVE,BULL,2026-08-19,True,True,True,True,1d,,,,,,
2026-09-03 01:41:15,btc_signals_log(03.09)_v4.csv,ACTIVE,BULL,2026-08-19,2026-09-03 00:00:00,ACTIVE,BULL,2026-08-19,True,True,True,True,1d,,,,,,
2026-09-03 02:11:18,btc_signals_log(03.09)_v4.csv,ACTIVE,BULL,2026-08-19,2026-09-03 00:00:00,ACTIVE,BULL,2026-08-19,True,True,True,True,1d,,,,,,
2026-09-03 02:41:21,btc_signals_log(03.09)_v4.csv,ACTIVE,BULL,2026-08-19,2026-09-03 00:00:00,ACTIVE,BULL,2026-08-19,True,True,True,True,1d,,,,,,
2026-09-03 03:11:25,btc_signals_log(03.09)_v4.csv,ACTIVE,BULL,2026-08-19,2026-09-03 00:00:00,ACTIVE,BULL,2026-08-19,True,True,True,True,1d,,,,,,
2026-09-03 03:41:28,btc_signals_log(03.09)_v4.csv,ACTIVE,BULL,2026-08-19,2026-09-03 00:00:00,ACTIVE,BULL,2026-08-19,True,True,True,True,1d,,,,,,
2026-09-03 08:46:02,btc_signals_log(03.09)_v4.csv,ACTIVE,BULL,2026-08-19,2026-09-03 00:00:00,ACTIVE,BULL,2026-08-19,True,True,True,True,1d,,,,,,
2026-09-03 09:16:06,btc_signals_log(03.09)_v4.csv,ACTIVE,BULL,2026-08-19,2026-09-03 00:00:00,ACTIVE,BULL,2026-08-19,True,True,True,True,1d,,,,,,
2026-09-03 09:46:10,btc_signals_log(03.09)_v4.csv,ACTIVE,BULL,2026-08-19,2026-09-03 00:00:00,ACTIVE,BULL,2026-08-19,True,True,True,True,1d,,,,,,
2026-09-03 10:16:13,btc_signals_log(03.09)_v4.csv,ACTIVE,BULL,2026-08-19,2026-09-03 00:00:00,ACTIVE,BULL,2026-08-19,True,True,True,True,1d,,,,,,
2026-09-03 10:46:18,btc_signals_log(03.09)_v4.csv,ACTIVE,BULL,2026-08-19,2026-09-03 00:00:00,ACTIVE,BULL,2026-08-19,True,True,True,True,1d,,,,,,
2026-09-03 11:16:21,btc_signals_log(03.09)_v4.csv,ACTIVE,BULL,2026-08-19,2026-09-03 00:00:00,ACTIVE,BULL,2026-08-19,True,True,True,True,1d,,,,,,
2026-09-03 11:46:25,btc_signals_log(03.09)_v4.csv,ACTIVE,BULL,2026-08-19,2026-09-03 00:00:00,ACTIVE,BULL,2026-08-19,True,True,True,True,1d,,,,,,
2026-09-03 12:16:29,btc_signals_log(03.09)_v4.csv,ACTIVE,BULL,2026-08-19,2026-09-03 00:00:00,ACTIVE,BULL,2026-08-19,True,True,True,True,1d,,,,,,
2026-09-03 12:46:33,btc_signals_log(03.09)_v4.csv,ACTIVE,BULL,2026-08-19,2026-09-03 00:00:00,ACTIVE,BULL,2026-08-19,True,True,True,True,1d,,,,,,
2026-09-03 13:16:37,btc_signals_log(03.09)_v4.csv,ACTIVE,BULL,2026-08-19,2026-09-03 00:00:00,ACTIVE,BULL,2026-08-19,True,True,True,True,1d,,,,,,
2026-09-03 13:46:40,btc_signals_log(03.09)_v4.csv,ACTIVE,BULL,2026-08-19,2026-09-03 00:00:00,ACTIVE,BULL,2026-08-19,True,True,True,True,1d,,,,,,
2026-09-03 14:16:44,btc_signals_log(03.09)_v4.csv,ACTIVE,BULL,2026-08-19,2026-09-03 00:00:00,ACTIVE,BULL,2026-08-19,True,True,True,True,1d,,,,,,
2026-09-03 14:46:48,btc_signals_log(03.09)_v4.csv,ACTIVE,BULL,2026-08-19,2026-09-03 00:00:00,ACTIVE,BULL,2026-08-19,True,True,True,True,1d,,,,,,
2026-09-03 15:16:52,btc_signals_log(03.09)_v4.csv,ACTIVE,BULL,2026-08-19,2026-09-03 00:00:00,ACTIVE,BULL,2026-08-19,True,True,True,True,1d,,,,,,
2026-09-03 15:46:55,btc_signals_log(03.09)_v4.csv,ACTIVE,BULL,2026-08-19,2026-09-03 00:00:00,ACTIVE,BULL,2026-08-19,True,True,True,True,1d,,,,,,
2026-09-03 16:16:59,btc_signals_log(03.09)_v4.csv,ACTIVE,BULL,2026-08-19,2026-09-03 00:00:00,ACTIVE,BULL,2026-08-19,True,True,True,True,1d,,,,,,
2026-09-03 16:47:03,btc_signals_log(03.09)_v4.csv,ACTIVE,BULL,2026-08-19,2026-09-03 00:00:00,ACTIVE,BULL,2026-08-19,True,True,True,True,1d,,,,,,
2026-09-03 17:17:06,btc_signals_log(03.09)_v4.csv,ACTIVE,BULL,2026-08-19,2026-09-03 00:00:00,ACTIVE,BULL,2026-08-19,True,True,True,True,1d,,,,,,
2026-09-03 17:47:10,btc_signals_log(03.09)_v4.csv,ACTIVE,BULL,2026-08-19,2026-09-03 00:00:00,ACTIVE,BULL,2026-08-19,True,True,True,True,1d,,,,,,
2026-09-03 18:17:14,btc_signals_log(03.09)_v4.csv,ACTIVE,BULL,2026-08-19,2026-09-03 00:00:00,ACTIVE,BULL,2026-08-19,True,True,True,True,1d,,,,,,
2026-09-03 18:47:18,btc_signals_log(03.09)_v4.csv,ACTIVE,BULL,2026-08-19,2026-09-03 00:00:00,ACTIVE,BULL,2026-08-19,True,True,True,True,1d,,,,,,
2026-09-03 19:17:21,btc_signals_log(03.09)_v4.csv,ACTIVE,BULL,2026-08-19,2026-09-03 00:00:00,ACTIVE,BULL,2026-08-19,True,True,True,True,1d,,,,,,
2026-09-03 19:47:25,btc_signals_log(03.09)_v4.csv,ACTIVE,BULL,2026-08-19,2026-09-03 00:00:00,ACTIVE,BULL,2026-08-19,True,True,True,True,1d,,,,,,
2026-09-03 20:17:28,btc_signals_log(03.09)_v4.csv,ACTIVE,BULL,2026-08-19,2026-09-03 00:00:00,ACTIVE,BULL,2026-08-19,True,True,True,True,1d,,,,,,
2026-09-03 20:47:32,btc_signals_log(03.09)_v4.csv,ACTIVE,BULL,2026-08-19,2026-09-03 00:00:00,ACTIVE,BULL,2026-08-19,True,True,True,True,1d,,,,,,
2026-09-03 21:17:36,btc_signals_log(03.09)_v4.csv,ACTIVE,BULL,2026-08-19,2026-09-03 00:00:00,ACTIVE,BULL,2026-08-19,True,True,True,True,1d,,,,,,
2026-09-03 21:47:40,btc_signals_log(03.09)_v4.csv,ACTIVE,BULL,2026-08-19,2026-09-03 00:00:00,ACTIVE,BULL,2026-08-19,True,True,True,True,1d,,,,,,
2026-09-03 22:17:44,btc_signals_log(03.09)_v4.csv,ACTIVE,BULL,2026-08-19,2026-09-03 00:00:00,ACTIVE,BULL,2026-08-19,True,True,True,True,1d,,,,,,
2026-09-03 22:47:48,btc_signals_log(03.09)_v4.csv,ACTIVE,BULL,2026-08-19,2026-09-03 00:00:00,ACTIVE,BULL,2026-08-19,True,True,True,True,1d,,,,,,
2026-09-03 23:17:52,btc_signals_log(03.09)_v4.csv,ACTIVE,BULL,2026-08-19,2026-09-03 00:00:00,ACTIVE,BULL,2026-08-19,True,True,True,True,1d,,,,,,
2026-09-03 23:47:56,btc_signals_log(03.09)_v4.csv,ACTIVE,BULL,2026-08-19,2026-09-03 00:00:00,ACTIVE,BULL,2026-08-19,True,True,True,True,1d,,,,,,
2026-09-04 00:18:00,btc_signals_log(04.09)_v4.csv,ACTIVE,BULL,2026-08-19,2026-09-04 00:00:00,ACTIVE,BULL,2026-08-19,True,True,True,True,1d,,,,,,
2026-09-04 00:48:04,btc_signals_log(04.09)_v4.csv,ACTIVE,BULL,2026-08-19,2026-09-04 00:00:00,ACTIVE,BULL,2026-08-19,True,True,True,True,1d,,,,,,
2026-09-04 01:18:09,btc_signals_log(04.09)_v4.csv,ACTIVE,BULL,2026-08-19,2026-09-04 00:00:00,ACTIVE,BULL,2026-08-19,True,True,True,True,1d,,,,,,
2026-09-04 01:48:13,btc_signals_log(04.09)_v4.csv,ACTIVE,BULL,2026-08-19,2026-09-04 00:00:00,ACTIVE,BULL,2026-08-19,True,True,True,True,1d,,,,,,
2026-09-04 02:18:17,btc_signals_log(04.09)_v4.csv,ACTIVE,BULL,2026-08-19,2026-09-04 00:00:00,ACTIVE,BULL,2026-08-19,True,True,True,True,1d,,,,,,
2026-09-04 02:48:21,btc_signals_log(04.09)_v4.csv,ACTIVE,BULL,2026-08-19,2026-09-04 00:00:00,ACTIVE,BULL,2026-08-19,True,True,True,True,1d,,,,,,
2026-09-04 03:18:25,btc_signals_log(04.09)_v4.csv,ACTIVE,BULL,2026-08-19,2026-09-04 00:00:00,ACTIVE,BULL,2026-08-19,True,True,True,True,1d,,,,,,
2026-09-04 03:48:29,btc_signals_log(04.09)_v4.csv,ACTIVE,BULL,2026-08-19,2026-09-04 00:00:00,ACTIVE,BULL,2026-08-19,True,True,True,True,1d,,,,,,
2026-09-04 04:18:32,btc_signals_log(04.09)_v4.csv,ACTIVE,BULL,2026-08-19,2026-09-04 00:00:00,ACTIVE,BULL,2026-08-19,True,True,True,True,1d,,,,,,
2026-09-04 04:48:36,btc_signals_log(04.09)_v4.csv,ACTIVE,BULL,2026-08-19,2026-09-04 00:00:00,ACTIVE,BULL,2026-08-19,True,True,True,True,1d,,,,,,
2026-09-04 05:18:40,btc_signals_log(04.09)_v4.csv,ACTIVE,BULL,2026-08-19,2026-09-04 00:00:00,ACTIVE,BULL,2026-08-19,True,True,True,True,1d,,,,,,
2026-09-04 05:48:44,btc_signals_log(04.09)_v4.csv,ACTIVE,BULL,2026-08-19,2026-09-04 00:00:00,ACTIVE,BULL,2026-08-19,True,True,True,True,1d,,,,,,
2026-09-04 06:18:48,btc_signals_log(04.09)_v4.csv,ACTIVE,BULL,2026-08-19,2026-09-04 00:00:00,ACTIVE,BULL,2026-08-19,True,True,True,True,1d,,,,,,
2026-09-04 06:48:52,btc_signals_log(04.09)_v4.csv,ACTIVE,BULL,2026-08-19,2026-09-04 00:00:00,ACTIVE,BULL,2026-08-19,True,True,True,True,1d,,,,,,
2026-09-04 07:18:55,btc_signals_log(04.09)_v4.csv,ACTIVE,BULL,2026-08-19,2026-09-04 00:00:00,ACTIVE,BULL,2026-08-19,True,True,True,True,1d,,,,,,
2026-09-04 07:48:59,btc_signals_log(04.09)_v4.csv,ACTIVE,BULL,2026-08-19,2026-09-04 00:00:00,ACTIVE,BULL,2026-08-19,True,True,True,True,1d,,,,,,
2026-09-04 08:19:03,btc_signals_log(04.09)_v4.csv,ACTIVE,BULL,2026-08-19,2026-09-04 00:00:00,ACTIVE,BULL,2026-08-19,True,True,True,True,1d,,,,,,
2026-09-04 08:49:06,btc_signals_log(04.09)_v4.csv,ACTIVE,BULL,2026-08-19,2026-09-04 00:00:00,ACTIVE,BULL,2026-08-19,True,True,True,True,1d,,,,,,
2026-09-04 09:19:10,btc_signals_log(04.09)_v4.csv,ACTIVE,BULL,2026-08-19,2026-09-04 00:00:00,ACTIVE,BULL,2026-08-19,True,True,True,True,1d,,,,,,
2026-09-04 09:49:13,btc_signals_log(04.09)_v4.csv,ACTIVE,BULL,2026-08-19,2026-09-04 00:00:00,ACTIVE,BULL,2026-08-19,True,True,True,True,1d,,,,,,
2026-09-04 10:19:17,btc_signals_log(04.09)_v4.csv,ACTIVE,BULL,2026-08-19,2026-09-04 00:00:00,ACTIVE,BULL,2026-08-19,True,True,True,True,1d,,,,,,
2026-09-04 10:49:20,btc_signals_log(04.09)_v4.csv,ACTIVE,BULL,2026-08-19,2026-09-04 00:00:00,ACTIVE,BULL,2026-08-19,True,True,True,True,1d,,,,,,
2026-09-04 11:19:24,btc_signals_log(04.09)_v4.csv,ACTIVE,BULL,2026-08-19,2026-09-04 00:00:00,ACTIVE,BULL,2026-08-19,True,True,True,True,1d,,,,,,
2026-09-04 11:49:28,btc_signals_log(04.09)_v4.csv,ACTIVE,BULL,2026-08-19,2026-09-04 00:00:00,ACTIVE,BULL,2026-08-19,True,True,True,True,1d,,,,,,
2026-09-04 12:19:31,btc_signals_log(04.09)_v4.csv,ACTIVE,BULL,2026-08-19,2026-09-04 00:00:00,ACTIVE,BULL,2026-08-19,True,True,True,True,1d,,,,,,
2026-09-04 12:49:35,btc_signals_log(04.09)_v4.csv,ACTIVE,BULL,2026-08-19,2026-09-04 00:00:00,ACTIVE,BULL,2026-08-19,True,True,True,True,1d,,,,,,
2026-09-04 13:19:38,btc_signals_log(04.09)_v4.csv,ACTIVE,BULL,2026-08-19,2026-09-04 00:00:00,ACTIVE,BULL,2026-08-19,True,True,True,True,1d,,,,,,
2026-09-04 13:49:42,btc_signals_log(04.09)_v4.csv,ACTIVE,BULL,2026-08-19,2026-09-04 00:00:00,ACTIVE,BULL,2026-08-19,True,True,True,True,1d,,,,,,
2026-09-04 14:19:45,btc_signals_log(04.09)_v4.csv,ACTIVE,BULL,2026-08-19,2026-09-04 00:00:00,ACTIVE,BULL,2026-08-19,True,True,True,True,1d,,,,,,
2026-09-04 14:49:49,btc_signals_log(04.09)_v4.csv,ACTIVE,BULL,2026-08-19,2026-09-04 00:00:00,ACTIVE,BULL,2026-08-19,True,True,True,True,1d,,,,,,
2026-09-04 15:19:53,btc_signals_log(04.09)_v4.csv,ACTIVE,BULL,2026-08-19,2026-09-04 00:00:00,ACTIVE,BULL,2026-08-19,True,True,True,True,1d,,,,,,
2026-09-04 15:49:57,btc_signals_log(04.09)_v4.csv,ACTIVE,BULL,2026-08-19,2026-09-04 00:00:00,ACTIVE,BULL,2026-08-19,True,True,True,True,1d,,,,,,
2026-09-04 16:20:00,btc_signals_log(04.09)_v4.csv,ACTIVE,BULL,2026-08-19,2026-09-04 00:00:00,ACTIVE,BULL,2026-08-19,True,True,True,True,1d,,,,,,
2026-09-04 16:50:05,btc_signals_log(04.09)_v4.csv,ACTIVE,BULL,2026-08-19,2026-09-04 00:00:00,ACTIVE,BULL,2026-08-19,True,True,True,True,1d,,,,,,
2026-09-04 17:20:09,btc_signals_log(04.09)_v4.csv,ACTIVE,BULL,2026-08-19,2026-09-04 00:00:00,ACTIVE,BULL,2026-08-19,True,True,True,True,1d,,,,,,
2026-09-04 17:50:12,btc_signals_log(04.09)_v4.csv,ACTIVE,BULL,2026-08-19,2026-09-04 00:00:00,ACTIVE,BULL,2026-08-19,True,True,True,True,1d,,,,,,
2026-09-04 18:20:16,btc_signals_log(04.09)_v4.csv,ACTIVE,BULL,2026-08-19,2026-09-04 00:00:00,ACTIVE,BULL,2026-08-19,True,True,True,True,1d,,,,,,
2026-09-04 18:50:20,btc_signals_log(04.09)_v4.csv,ACTIVE,BULL,2026-08-19,2026-09-04 00:00:00,ACTIVE,BULL,2026-08-19,True,True,True,True,1d,,,,,,
2026-09-04 19:20:24,btc_signals_log(04.09)_v4.csv,ACTIVE,BULL,2026-08-19,2026-09-04 00:00:00,ACTIVE,BULL,2026-08-19,True,True,True,True,1d,,,,,,
2026-09-04 19:50:28,btc_signals_log(04.09)_v4.csv,ACTIVE,BULL,2026-08-19,2026-09-04 00:00:00,ACTIVE,BULL,2026-08-19,True,True,True,True,1d,,,,,,
2026-09-04 20:20:32,btc_signals_log(04.09)_v4.csv,ACTIVE,BULL,2026-08-19,2026-09-04 00:00:00,ACTIVE,BULL,2026-08-19,True,True,True,True,1d,,,,,,
2026-09-04 20:50:35,btc_signals_log(04.09)_v4.csv,ACTIVE,BULL,2026-08-19,2026-09-04 00:00:00,ACTIVE,BULL,2026-08-19,True,True,True,True,1d,,,,,,
2026-09-04 21:20:39,btc_signals_log(04.09)_v4.csv,ACTIVE,BULL,2026-08-19,2026-09-04 00:00:00,ACTIVE,BULL,2026-08-19,True,True,True,True,1d,,,,,,
2026-09-04 21:50:42,btc_signals_log(04.09)_v4.csv,ACTIVE,BULL,2026-08-19,2026-09-04 00:00:00,ACTIVE,BULL,2026-08-19,True,True,True,True,1d,,,,,,
2026-09-04 22:20:46,btc_signals_log(04.09)_v4.csv,ACTIVE,BULL,2026-08-19,2026-09-04 00:00:00,ACTIVE,BULL,2026-08-19,True,True,True,True,1d,,,,,,
2026-09-04 22:50:49,btc_signals_log(04.09)_v4.csv,ACTIVE,BULL,2026-08-19,2026-09-04 00:00:00,ACTIVE,BULL,2026-08-19,True,True,True,True,1d,,,,,,
2026-09-04 23:20:53,btc_signals_log(04.09)_v4.csv,ACTIVE,BULL,2026-08-19,2026-09-04 00:00:00,ACTIVE,BULL,2026-08-19,True,True,True,True,1d,,,,,,
2026-09-04 23:50:56,btc_signals_log(04.09)_v4.csv,ACTIVE,BULL,2026-08-19,2026-09-04 00:00:00,ACTIVE,BULL,2026-08-19,True,True,True,True,1d,,,,,,
2026-09-05 00:21:00,btc_signals_log(05.09)_v4.csv,ACTIVE,BULL,2026-08-19,2026-09-05 00:00:00,ACTIVE,BULL,2026-08-19,True,True,True,True,1d,,,,,,
2026-09-05 00:51:04,btc_signals_log(05.09)_v4.csv,ACTIVE,BULL,2026-08-19,2026-09-05 00:00:00,ACTIVE,BULL,2026-08-19,True,True,True,True,1d,,,,,,
2026-09-05 01:21:07,btc_signals_log(05.09)_v4.csv,ACTIVE,BULL,2026-08-19,2026-09-05 00:00:00,ACTIVE,BULL,2026-08-19,True,True,True,True,1d,,,,,,
2026-09-05 01:51:11,btc_signals_log(05.09)_v4.csv,ACTIVE,BULL,2026-08-19,2026-09-05 00:00:00,ACTIVE,BULL,2026-08-19,True,True,True,True,1d,,,,,,
2026-09-05 02:21:14,btc_signals_log(05.09)_v4.csv,ACTIVE,BULL,2026-08-19,2026-09-05 00:00:00,ACTIVE,BULL,2026-08-19,True,True,True,True,1d,,,,,,
2026-09-05 02:51:18,btc_signals_log(05.09)_v4.csv,ACTIVE,BULL,2026-08-19,2026-09-05 00:00:00,ACTIVE,BULL,2026-08-19,True,True,True,True,1d,,,,,,
2026-09-05 03:21:22,btc_signals_log(05.09)_v4.csv,ACTIVE,BULL,2026-08-19,2026-09-05 00:00:00,ACTIVE,BULL,2026-08-19,True,True,True,True,1d,,,,,,
2026-09-05 03:51:26,btc_signals_log(05.09)_v4.csv,ACTIVE,BULL,2026-08-19,2026-09-05 00:00:00,ACTIVE,BULL,2026-08-19,True,True,True,True,1d,,,,,,
2026-09-05 04:21:29,btc_signals_log(05.09)_v4.csv,ACTIVE,BULL,2026-08-19,2026-09-05 00:00:00,ACTIVE,BULL,2026-08-19,True,True,True,True,1d,,,,,,
2026-09-05 04:51:33,btc_signals_log(05.09)_v4.csv,ACTIVE,BULL,2026-08-19,2026-09-05 00:00:00,ACTIVE,BULL,2026-08-19,True,True,True,True,1d,,,,,,
2026-09-05 05:21:36,btc_signals_log(05.09)_v4.csv,ACTIVE,BULL,2026-08-19,2026-09-05 00:00:00,ACTIVE,BULL,2026-08-19,True,True,True,True,1d,,,,,,
2026-09-05 05:51:40,btc_signals_log(05.09)_v4.csv,ACTIVE,BULL,2026-08-19,2026-09-05 00:00:00,ACTIVE,BULL,2026-08-19,True,True,True,True,1d,,,,,,
2026-09-05 06:21:43,btc_signals_log(05.09)_v4.csv,ACTIVE,BULL,2026-08-19,2026-09-05 00:00:00,ACTIVE,BULL,2026-08-19,True,True,True,True,1d,,,,,,
2026-09-05 06:51:47,btc_signals_log(05.09)_v4.csv,ACTIVE,BULL,2026-08-19,2026-09-05 00:00:00,ACTIVE,BULL,2026-08-19,True,True,True,True,1d,,,,,,
2026-09-05 07:21:51,btc_signals_log(05.09)_v4.csv,ACTIVE,BULL,2026-08-19,2026-09-05 00:00:00,ACTIVE,BULL,2026-08-19,True,True,True,True,1d,,,,,,
2026-09-05 07:51:54,btc_signals_log(05.09)_v4.csv,ACTIVE,BULL,2026-08-19,2026-09-05 00:00:00,ACTIVE,BULL,2026-08-19,True,True,True,True,1d,,,,,,
2026-09-05 08:21:58,btc_signals_log(05.09)_v4.csv,ACTIVE,BULL,2026-08-19,2026-09-05 00:00:00,ACTIVE,BULL,2026-08-19,True,True,True,True,1d,,,,,,
2026-09-05 08:52:02,btc_signals_log(05.09)_v4.csv,ACTIVE,BULL,2026-08-19,2026-09-05 00:00:00,ACTIVE,BULL,2026-08-19,True,True,True,True,1d,,,,,,
2026-09-05 09:22:05,btc_signals_log(05.09)_v4.csv,ACTIVE,BULL,2026-08-19,2026-09-05 00:00:00,ACTIVE,BULL,2026-08-19,True,True,True,True,1d,,,,,,
2026-09-05 09:52:09,btc_signals_log(05.09)_v4.csv,ACTIVE,BULL,2026-08-19,2026-09-05 00:00:00,ACTIVE,BULL,2026-08-19,True,True,True,True,1d,,,,,,
2026-09-05 10:22:13,btc_signals_log(05.09)_v4.csv,ACTIVE,BULL,2026-08-19,2026-09-05 00:00:00,ACTIVE,BULL,2026-08-19,True,True,True,True,1d,,,,,,
2026-09-05 10:52:17,btc_signals_log(05.09)_v4.csv,ACTIVE,BULL,2026-08-19,2026-09-05 00:00:00,ACTIVE,BULL,2026-08-19,True,True,True,True,1d,,,,,,
2026-09-05 11:22:21,btc_signals_log(05.09)_v4.csv,ACTIVE,BULL,2026-08-19,2026-09-05 00:00:00,ACTIVE,BULL,2026-08-19,True,True,True,True,1d,,,,,,
2026-09-05 11:52:25,btc_signals_log(05.09)_v4.csv,ACTIVE,BULL,2026-08-19,2026-09-05 00:00:00,ACTIVE,BULL,2026-08-19,True,True,True,True,1d,,,,,,
2026-09-05 12:22:29,btc_signals_log(05.09)_v4.csv,ACTIVE,BULL,2026-08-19,2026-09-05 00:00:00,ACTIVE,BULL,2026-08-19,True,True,True,True,1d,,,,,,
2026-09-05 12:52:32,btc_signals_log(05.09)_v4.csv,ACTIVE,BULL,2026-08-19,2026-09-05 00:00:00,ACTIVE,BULL,2026-08-19,True,True,True,True,1d,,,,,,
2026-09-05 13:22:36,btc_signals_log(05.09)_v4.csv,ACTIVE,BULL,2026-08-19,2026-09-05 00:00:00,ACTIVE,BULL,2026-08-19,True,True,True,True,1d,,,,,,
2026-09-05 13:52:39,btc_signals_log(05.09)_v4.csv,ACTIVE,BULL,2026-08-19,2026-09-05 00:00:00,ACTIVE,BULL,2026-08-19,True,True,True,True,1d,,,,,,
2026-09-05 14:22:43,btc_signals_log(05.09)_v4.csv,ACTIVE,BULL,2026-08-19,2026-09-05 00:00:00,ACTIVE,BULL,2026-08-19,True,True,True,True,1d,,,,,,
2026-09-05 14:52:47,btc_signals_log(05.09)_v4.csv,ACTIVE,BULL,2026-08-19,2026-09-05 00:00:00,ACTIVE,BULL,2026-08-19,True,True,True,True,1d,,,,,,
2026-09-05 15:22:51,btc_signals_log(05.09)_v4.csv,ACTIVE,BULL,2026-08-19,2026-09-05 00:00:00,ACTIVE,BULL,2026-08-19,True,True,True,True,1d,,,,,,
2026-09-05 15:52:54,btc_signals_log(05.09)_v4.csv,ACTIVE,BULL,2026-08-19,2026-09-05 00:00:00,ACTIVE,BULL,2026-08-19,True,True,True,True,1d,,,,,,
2026-09-05 16:22:58,btc_signals_log(05.09)_v4.csv,ACTIVE,BULL,2026-08-19,2026-09-05 00:00:00,ACTIVE,BULL,2026-08-19,True,True,True,True,1d,,,,,,
2026-09-05 16:53:02,btc_signals_log(05.09)_v4.csv,ACTIVE,BULL,2026-08-19,2026-09-05 00:00:00,ACTIVE,BULL,2026-08-19,True,True,True,True,1d,,,,,,
2026-09-05 17:23:05,btc_signals_log(05.09)_v4.csv,ACTIVE,BULL,2026-08-19,2026-09-05 00:00:00,ACTIVE,BULL,2026-08-19,True,True,True,True,1d,,,,,,
2026-09-05 17:53:09,btc_signals_log(05.09)_v4.csv,ACTIVE,BULL,2026-08-19,2026-09-05 00:00:00,ACTIVE,BULL,2026-08-19,True,True,True,True,1d,,,,,,
2026-09-05 18:23:13,btc_signals_log(05.09)_v4.csv,ACTIVE,BULL,2026-08-19,2026-09-05 00:00:00,ACTIVE,BULL,2026-08-19,True,True,True,True,1d,,,,,,
2026-09-05 18:53:16,btc_signals_log(05.09)_v4.csv,ACTIVE,BULL,2026-08-19,2026-09-05 00:00:00,ACTIVE,BULL,2026-08-19,True,True,True,True,1d,,,,,,
2026-09-05 19:23:20,btc_signals_log(05.09)_v4.csv,ACTIVE,BULL,2026-08-19,2026-09-05 00:00:00,ACTIVE,BULL,2026-08-19,True,True,True,True,1d,,,,,,
2026-09-05 19:53:24,btc_signals_log(05.09)_v4.csv,ACTIVE,BULL,2026-08-19,2026-09-05 00:00:00,ACTIVE,BULL,2026-08-19,True,True,True,True,1d,,,,,,
2026-09-05 20:23:27,btc_signals_log(05.09)_v4.csv,ACTIVE,BULL,2026-08-19,2026-09-05 00:00:00,ACTIVE,BULL,2026-08-19,True,True,True,True,1d,,,,,,
2026-09-05 20:53:31,btc_signals_log(05.09)_v4.csv,ACTIVE,BULL,2026-08-19,2026-09-05 00:00:00,ACTIVE,BULL,2026-08-19,True,True,True,True,1d,,,,,,
2026-09-05 21:23:35,btc_signals_log(05.09)_v4.csv,ACTIVE,BULL,2026-08-19,2026-09-05 00:00:00,ACTIVE,BULL,2026-08-19,True,True,True,True,1d,,,,,,
2026-09-05 21:53:38,btc_signals_log(05.09)_v4.csv,ACTIVE,BULL,2026-08-19,2026-09-05 00:00:00,ACTIVE,BULL,2026-08-19,True,True,True,True,1d,,,,,,
2026-09-05 22:23:42,btc_signals_log(05.09)_v4.csv,ACTIVE,BULL,2026-08-19,2026-09-05 00:00:00,ACTIVE,BULL,2026-08-19,True,True,True,True,1d,,,,,,
2026-09-05 22:53:46,btc_signals_log(05.09)_v4.csv,ACTIVE,BULL,2026-08-19,2026-09-05 00:00:00,ACTIVE,BULL,2026-08-19,True,True,True,True,1d,,,,,,
2026-09-05 23:23:49,btc_signals_log(05.09)_v4.csv,ACTIVE,BULL,2026-08-19,2026-09-05 00:00:00,ACTIVE,BULL,2026-08-19,True,True,True,True,1d,,,,,,
2026-09-05 23:53:53,btc_signals_log(05.09)_v4.csv,ACTIVE,BULL,2026-08-19,2026-09-05 00:00:00,ACTIVE,BULL,2026-08-19,True,True,True,True,1d,,,,,,
2026-09-06 00:23:56,btc_signals_log(06.09)_v4.csv,ACTIVE,BULL,2026-08-19,2026-09-06 00:00:00,ACTIVE,BULL,2026-08-19,True,True,True,True,1d,,,,,,
2026-09-06 00:54:00,btc_signals_log(06.09)_v4.csv,ACTIVE,BULL,2026-08-19,2026-09-06 00:00:00,ACTIVE,BULL,2026-08-19,True,True,True,True,1d,,,,,,
2026-09-06 01:24:03,btc_signals_log(06.09)_v4.csv,ACTIVE,BULL,2026-08-19,2026-09-06 00:00:00,ACTIVE,BULL,2026-08-19,True,True,True,True,1d,,,,,,
2026-09-06 01:54:07,btc_signals_log(06.09)_v4.csv,ACTIVE,BULL,2026-08-19,2026-09-06 00:00:00,ACTIVE,BULL,2026-08-19,True,True,True,True,1d,,,,,,
2026-09-06 02:24:11,btc_signals_log(06.09)_v4.csv,ACTIVE,BULL,2026-08-19,2026-09-06 00:00:00,ACTIVE,BULL,2026-08-19,True,True,True,True,1d,,,,,,
2026-09-06 02:54:14,btc_signals_log(06.09)_v4.csv,ACTIVE,BULL,2026-08-19,2026-09-06 00:00:00,ACTIVE,BULL,2026-08-19,True,True,True,True,1d,,,,,,
2026-09-06 03:24:18,btc_signals_log(06.09)_v4.csv,ACTIVE,BULL,2026-08-19,2026-09-06 00:00:00,ACTIVE,BULL,2026-08-19,True,True,True,True,1d,,,,,,
2026-09-06 03:54:22,btc_signals_log(06.09)_v4.csv,ACTIVE,BULL,2026-08-19,2026-09-06 00:00:00,ACTIVE,BULL,2026-08-19,True,True,True,True,1d,,,,,,
2026-09-06 04:24:25,btc_signals_log(06.09)_v4.csv,ACTIVE,BULL,2026-08-19,2026-09-06 00:00:00,ACTIVE,BULL,2026-08-19,True,True,True,True,1d,,,,,,
2026-09-06 04:54:29,btc_signals_log(06.09)_v4.csv,ACTIVE,BULL,2026-08-19,2026-09-06 00:00:00,ACTIVE,BULL,2026-08-19,True,True,True,True,1d,,,,,,
2026-09-06 05:24:32,btc_signals_log(06.09)_v4.csv,ACTIVE,BULL,2026-08-19,2026-09-06 00:00:00,ACTIVE,BULL,2026-08-19,True,True,True,True,1d,,,,,,
2026-09-06 05:54:36,btc_signals_log(06.09)_v4.csv,ACTIVE,BULL,2026-08-19,2026-09-06 00:00:00,ACTIVE,BULL,2026-08-19,True,True,True,True,1d,,,,,,
2026-09-06 06:24:40,btc_signals_log(06.09)_v4.csv,ACTIVE,BULL,2026-08-19,2026-09-06 00:00:00,ACTIVE,BULL,2026-08-19,True,True,True,True,1d,,,,,,
2026-09-06 06:54:43,btc_signals_log(06.09)_v4.csv,ACTIVE,BULL,2026-08-19,2026-09-06 00:00:00,ACTIVE,BULL,2026-08-19,True,True,True,True,1d,,,,,,
2026-09-06 07:24:47,btc_signals_log(06.09)_v4.csv,ACTIVE,BULL,2026-08-19,2026-09-06 00:00:00,ACTIVE,BULL,2026-08-19,True,True,True,True,1d,,,,,,
2026-09-06 07:54:50,btc_signals_log(06.09)_v4.csv,ACTIVE,BULL,2026-08-19,2026-09-06 00:00:00,ACTIVE,BULL,2026-08-19,True,True,True,True,1d,,,,,,
2026-09-06 08:24:54,btc_signals_log(06.09)_v4.csv,ACTIVE,BULL,2026-08-19,2026-09-06 00:00:00,ACTIVE,BULL,2026-08-19,True,True,True,True,1d,,,,,,
2026-09-06 08:54:58,btc_signals_log(06.09)_v4.csv,ACTIVE,BULL,2026-08-19,2026-09-06 00:00:00,ACTIVE,BULL,2026-08-19,True,True,True,True,1d,,,,,,
2026-09-06 09:25:02,btc_signals_log(06.09)_v4.csv,ACTIVE,BULL,2026-08-19,2026-09-06 00:00:00,ACTIVE,BULL,2026-08-19,True,True,True,True,1d,,,,,,
2026-09-06 09:55:05,btc_signals_log(06.09)_v4.csv,ACTIVE,BULL,2026-08-19,2026-09-06 00:00:00,ACTIVE,BULL,2026-08-19,True,True,True,True,1d,,,,,,
2026-09-06 10:25:10,btc_signals_log(06.09)_v4.csv,ACTIVE,BULL,2026-08-19,2026-09-06 00:00:00,ACTIVE,BULL,2026-08-19,True,True,True,True,1d,,,,,,
2026-09-06 10:55:14,btc_signals_log(06.09)_v4.csv,ACTIVE,BULL,2026-08-19,2026-09-06 00:00:00,ACTIVE,BULL,2026-08-19,True,True,True,True,1d,,,,,,
2026-09-06 11:25:18,btc_signals_log(06.09)_v4.csv,ACTIVE,BULL,2026-08-19,2026-09-06 00:00:00,ACTIVE,BULL,2026-08-19,True,True,True,True,1d,,,,,,
2026-09-06 11:55:22,btc_signals_log(06.09)_v4.csv,ACTIVE,BULL,2026-08-19,2026-09-06 00:00:00,ACTIVE,BULL,2026-08-19,True,True,True,True,1d,,,,,,
2026-09-06 12:25:26,btc_signals_log(06.09)_v4.csv,ACTIVE,BULL,2026-08-19,2026-09-06 00:00:00,ACTIVE,BULL,2026-08-19,True,True,True,True,1d,,,,,,
2026-09-06 12:55:29,btc_signals_log(06.09)_v4.csv,ACTIVE,BULL,2026-08-19,2026-09-06 00:00:00,ACTIVE,BULL,2026-08-19,True,True,True,True,1d,,,,,,
2026-09-06 13:25:33,btc_signals_log(06.09)_v4.csv,ACTIVE,BULL,2026-08-19,2026-09-06 00:00:00,ACTIVE,BULL,2026-08-19,True,True,True,True,1d,,,,,,
2026-09-06 13:55:37,btc_signals_log(06.09)_v4.csv,ACTIVE,BULL,2026-08-19,2026-09-06 00:00:00,ACTIVE,BULL,2026-08-19,True,True,True,True,1d,,,,,,
2026-09-06 14:25:41,btc_signals_log(06.09)_v4.csv,ACTIVE,BULL,2026-08-19,2026-09-06 00:00:00,ACTIVE,BULL,2026-08-19,True,True,True,True,1d,,,,,,
2026-09-06 14:55:45,btc_signals_log(06.09)_v4.csv,ACTIVE,BULL,2026-08-19,2026-09-06 00:00:00,ACTIVE,BULL,2026-08-19,True,True,True,True,1d,,,,,,
2026-09-06 15:25:49,btc_signals_log(06.09)_v4.csv,ACTIVE,BULL,2026-08-19,2026-09-06 00:00:00,ACTIVE,BULL,2026-08-19,True,True,True,True,1d,,,,,,
2026-09-06 15:55:53,btc_signals_log(06.09)_v4.csv,ACTIVE,BULL,2026-08-19,2026-09-06 00:00:00,ACTIVE,BULL,2026-08-19,True,True,True,True,1d,,,,,,
2026-09-06 16:25:57,btc_signals_log(06.09)_v4.csv,ACTIVE,BULL,2026-08-19,2026-09-06 00:00:00,ACTIVE,BULL,2026-08-19,True,True,True,True,1d,,,,,,
2026-09-06 16:56:00,btc_signals_log(06.09)_v4.csv,ACTIVE,BULL,2026-08-19,2026-09-06 00:00:00,ACTIVE,BULL,2026-08-19,True,True,True,True,1d,,,,,,
2026-09-06 17:26:04,btc_signals_log(06.09)_v4.csv,ACTIVE,BULL,2026-08-19,2026-09-06 00:00:00,ACTIVE,BULL,2026-08-19,True,True,True,True,1d,,,,,,
2026-09-06 17:56:07,btc_signals_log(06.09)_v4.csv,ACTIVE,BULL,2026-08-19,2026-09-06 00:00:00,ACTIVE,BULL,2026-08-19,True,True,True,True,1d,,,,,,
2026-09-06 18:26:11,btc_signals_log(06.09)_v4.csv,ACTIVE,BULL,2026-08-19,2026-09-06 00:00:00,ACTIVE,BULL,2026-08-19,True,True,True,True,1d,,,,,,
2026-09-06 18:56:15,btc_signals_log(06.09)_v4.csv,ACTIVE,BULL,2026-08-19,2026-09-06 00:00:00,ACTIVE,BULL,2026-08-19,True,True,True,True,1d,,,,,,
2026-09-06 19:26:18,btc_signals_log(06.09)_v4.csv,ACTIVE,BULL,2026-08-19,2026-09-06 00:00:00,ACTIVE,BULL,2026-08-19,True,True,True,True,1d,,,,,,
2026-09-06 19:56:22,btc_signals_log(06.09)_v4.csv,ACTIVE,BULL,2026-08-19,2026-09-06 00:00:00,ACTIVE,BULL,2026-08-19,True,True,True,True,1d,,,,,,
2026-09-06 20:26:25,btc_signals_log(06.09)_v4.csv,ACTIVE,BULL,2026-08-19,2026-09-06 00:00:00,ACTIVE,BULL,2026-08-19,True,True,True,True,1d,,,,,,
2026-09-06 20:56:29,btc_signals_log(06.09)_v4.csv,ACTIVE,BULL,2026-08-19,2026-09-06 00:00:00,ACTIVE,BULL,2026-08-19,True,True,True,True,1d,,,,,,
2026-09-06 21:26:33,btc_signals_log(06.09)_v4.csv,ACTIVE,BULL,2026-08-19,2026-09-06 00:00:00,ACTIVE,BULL,2026-08-19,True,True,True,True,1d,,,,,,
2026-09-06 21:56:37,btc_signals_log(06.09)_v4.csv,ACTIVE,BULL,2026-08-19,2026-09-06 00:00:00,ACTIVE,BULL,2026-08-19,True,True,True,True,1d,,,,,,
2026-09-06 22:26:41,btc_signals_log(06.09)_v4.csv,ACTIVE,BULL,2026-08-19,2026-09-06 00:00:00,ACTIVE,BULL,2026-08-19,True,True,True,True,1d,,,,,,
2026-09-06 22:56:44,btc_signals_log(06.09)_v4.csv,ACTIVE,BULL,2026-08-19,2026-09-06 00:00:00,ACTIVE,BULL,2026-08-19,True,True,True,True,1d,,,,,,
2026-09-06 23:26:48,btc_signals_log(06.09)_v4.csv,ACTIVE,BULL,2026-08-19,2026-09-06 00:00:00,ACTIVE,BULL,2026-08-19,True,True,True,True,1d,,,,,,
2026-09-06 23:56:52,btc_signals_log(06.09)_v4.csv,ACTIVE,BULL,2026-08-19,2026-09-06 00:00:00,ACTIVE,BULL,2026-08-19,True,True,True,True,1d,,,,,,
2026-09-07 00:26:56,btc_signals_log(07.09)_v4.csv,ACTIVE,BULL,2026-08-19,2026-09-07 00:00:00,ACTIVE,BULL,2026-08-19,True,True,True,True,1d,,,,,,
2026-09-07 00:56:59,btc_signals_log(07.09)_v4.csv,ACTIVE,BULL,2026-08-19,2026-09-07 00:00:00,ACTIVE,BULL,2026-08-19,True,True,True,True,1d,,,,,,
2026-09-07 01:27:03,btc_signals_log(07.09)_v4.csv,ACTIVE,BULL,2026-08-19,2026-09-07 00:00:00,ACTIVE,BULL,2026-08-19,True,True,True,True,1d,,,,,,
2026-09-07 01:57:07,btc_signals_log(07.09)_v4.csv,ACTIVE,BULL,2026-08-19,2026-09-07 00:00:00,ACTIVE,BULL,2026-08-19,True,True,True,True,1d,,,,,,
2026-09-07 02:27:10,btc_signals_log(07.09)_v4.csv,ACTIVE,BULL,2026-08-19,2026-09-07 00:00:00,ACTIVE,BULL,2026-08-19,True,True,True,True,1d,,,,,,
2026-09-07 02:57:14,btc_signals_log(07.09)_v4.csv,ACTIVE,BULL,2026-08-19,2026-09-07 00:00:00,ACTIVE,BULL,2026-08-19,True,True,True,True,1d,,,,,,
2026-09-07 03:27:18,btc_signals_log(07.09)_v4.csv,ACTIVE,BULL,2026-08-19,2026-09-07 00:00:00,ACTIVE,BULL,2026-08-19,True,True,True,True,1d,,,,,,
2026-09-07 03:57:21,btc_signals_log(07.09)_v4.csv,ACTIVE,BULL,2026-08-19,2026-09-07 00:00:00,ACTIVE,BULL,2026-08-19,True,True,True,True,1d,,,,,,
2026-09-07 04:27:25,btc_signals_log(07.09)_v4.csv,ACTIVE,BULL,2026-08-19,2026-09-07 00:00:00,ACTIVE,BULL,2026-08-19,True,True,True,True,1d,,,,,,
2026-09-07 04:57:29,btc_signals_log(07.09)_v4.csv,ACTIVE,BULL,2026-08-19,2026-09-07 00:00:00,ACTIVE,BULL,2026-08-19,True,True,True,True,1d,,,,,,
2026-09-07 05:27:33,btc_signals_log(07.09)_v4.csv,ACTIVE,BULL,2026-08-19,2026-09-07 00:00:00,ACTIVE,BULL,2026-08-19,True,True,True,True,1d,,,,,,
2026-09-07 05:57:36,btc_signals_log(07.09)_v4.csv,ACTIVE,BULL,2026-08-19,2026-09-07 00:00:00,ACTIVE,BULL,2026-08-19,True,True,True,True,1d,,,,,,
2026-09-07 06:27:40,btc_signals_log(07.09)_v4.csv,ACTIVE,BULL,2026-08-19,2026-09-07 00:00:00,ACTIVE,BULL,2026-08-19,True,True,True,True,1d,,,,,,
2026-09-07 06:57:44,btc_signals_log(07.09)_v4.csv,ACTIVE,BULL,2026-08-19,2026-09-07 00:00:00,ACTIVE,BULL,2026-08-19,True,True,True,True,1d,,,,,,
2026-09-07 07:27:48,btc_signals_log(07.09)_v4.csv,ACTIVE,BULL,2026-08-19,2026-09-07 00:00:00,ACTIVE,BULL,2026-08-19,True,True,True,True,1d,,,,,,
2026-09-07 07:57:52,btc_signals_log(07.09)_v4.csv,ACTIVE,BULL,2026-08-19,2026-09-07 00:00:00,ACTIVE,BULL,2026-08-19,True,True,True,True,1d,,,,,,
2026-09-07 08:27:56,btc_signals_log(07.09)_v4.csv,ACTIVE,BULL,2026-08-19,2026-09-07 00:00:00,ACTIVE,BULL,2026-08-19,True,True,True,True,1d,,,,,,
2026-09-07 08:58:01,btc_signals_log(07.09)_v4.csv,ACTIVE,BULL,2026-08-19,2026-09-07 00:00:00,ACTIVE,BULL,2026-08-19,True,True,True,True,1d,,,,,,
2026-09-07 09:28:05,btc_signals_log(07.09)_v4.csv,ACTIVE,BULL,2026-08-19,2026-09-07 00:00:00,ACTIVE,BULL,2026-08-19,True,True,True,True,1d,,,,,,
2026-09-07 09:58:09,btc_signals_log(07.09)_v4.csv,ACTIVE,BULL,2026-08-19,2026-09-07 00:00:00,ACTIVE,BULL,2026-08-19,True,True,True,True,1d,,,,,,
2026-09-07 10:28:13,btc_signals_log(07.09)_v4.csv,ACTIVE,BULL,2026-08-19,2026-09-07 00:00:00,ACTIVE,BULL,2026-08-19,True,True,True,True,1d,,,,,,
2026-09-07 10:58:18,btc_signals_log(07.09)_v4.csv,ACTIVE,BULL,2026-08-19,2026-09-07 00:00:00,ACTIVE,BULL,2026-08-19,True,True,True,True,1d,,,,,,
2026-09-07 11:28:22,btc_signals_log(07.09)_v4.csv,ACTIVE,BULL,2026-08-19,2026-09-07 00:00:00,ACTIVE,BULL,2026-08-19,True,True,True,True,1d,,,,,,
2026-09-07 11:58:26,btc_signals_log(07.09)_v4.csv,ACTIVE,BULL,2026-08-19,2026-09-07 00:00:00,ACTIVE,BULL,2026-08-19,True,True,True,True,1d,,,,,,
2026-09-07 12:28:30,btc_signals_log(07.09)_v4.csv,ACTIVE,BULL,2026-08-19,2026-09-07 00:00:00,ACTIVE,BULL,2026-08-19,True,True,True,True,1d,,,,,,
2026-09-07 12:58:34,btc_signals_log(07.09)_v4.csv,ACTIVE,BULL,2026-08-19,2026-09-07 00:00:00,ACTIVE,BULL,2026-08-19,True,True,True,True,1d,,,,,,
2026-09-07 13:28:38,btc_signals_log(07.09)_v4.csv,ACTIVE,BULL,2026-08-19,2026-09-07 00:00:00,ACTIVE,BULL,2026-08-19,True,True,True,True,1d,,,,,,
2026-09-07 13:58:42,btc_signals_log(07.09)_v4.csv,ACTIVE,BULL,2026-08-19,2026-09-07 00:00:00,ACTIVE,BULL,2026-08-19,True,True,True,True,1d,,,,,,
2026-09-07 14:28:46,btc_signals_log(07.09)_v4.csv,ACTIVE,BULL,2026-08-19,2026-09-07 00:00:00,ACTIVE,BULL,2026-08-19,True,True,True,True,1d,,,,,,
2026-09-07 14:58:51,btc_signals_log(07.09)_v4.csv,ACTIVE,BULL,2026-08-19,2026-09-07 00:00:00,ACTIVE,BULL,2026-08-19,True,True,True,True,1d,,,,,,
2026-09-07 15:28:55,btc_signals_log(07.09)_v4.csv,ACTIVE,BULL,2026-08-19,2026-09-07 00:00:00,ACTIVE,BULL,2026-08-19,True,True,True,True,1d,,,,,,
2026-09-07 15:58:59,btc_signals_log(07.09)_v4.csv,ACTIVE,BULL,2026-08-19,2026-09-07 00:00:00,ACTIVE,BULL,2026-08-19,True,True,True,True,1d,,,,,,
2026-09-07 16:29:03,btc_signals_log(07.09)_v4.csv,ACTIVE,BULL,2026-08-19,2026-09-07 00:00:00,ACTIVE,BULL,2026-08-19,True,True,True,True,1d,,,,,,
2026-09-07 16:59:07,btc_signals_log(07.09)_v4.csv,ACTIVE,BULL,2026-08-19,2026-09-07 00:00:00,ACTIVE,BULL,2026-08-19,True,True,True,True,1d,,,,,,
2026-09-07 17:29:11,btc_signals_log(07.09)_v4.csv,ACTIVE,BULL,2026-08-19,2026-09-07 00:00:00,ACTIVE,BULL,2026-08-19,True,True,True,True,1d,,,,,,
2026-09-07 17:59:15,btc_signals_log(07.09)_v4.csv,ACTIVE,BULL,2026-08-19,2026-09-07 00:00:00,ACTIVE,BULL,2026-08-19,True,True,True,True,1d,,,,,,
2026-09-07 18:29:19,btc_signals_log(07.09)_v4.csv,ACTIVE,BULL,2026-08-19,2026-09-07 00:00:00,ACTIVE,BULL,2026-08-19,True,True,True,True,1d,,,,,,
2026-09-07 18:59:23,btc_signals_log(07.09)_v4.csv,ACTIVE,BULL,2026-08-19,2026-09-07 00:00:00,ACTIVE,BULL,2026-08-19,True,True,True,True,1d,,,,,,
2026-09-07 19:29:26,btc_signals_log(07.09)_v4.csv,ACTIVE,BULL,2026-08-19,2026-09-07 00:00:00,ACTIVE,BULL,2026-08-19,True,True,True,True,1d,,,,,,
2026-09-07 19:59:30,btc_signals_log(07.09)_v4.csv,ACTIVE,BULL,2026-08-19,2026-09-07 00:00:00,ACTIVE,BULL,2026-08-19,True,True,True,True,1d,,,,,,
2026-09-07 20:29:34,btc_signals_log(07.09)_v4.csv,ACTIVE,BULL,2026-08-19,2026-09-07 00:00:00,ACTIVE,BULL,2026-08-19,True,True,True,True,1d,,,,,,
2026-09-07 20:59:37,btc_signals_log(07.09)_v4.csv,ACTIVE,BULL,2026-08-19,2026-09-07 00:00:00,ACTIVE,BULL,2026-08-19,True,True,True,True,1d,,,,,,
2026-09-07 21:29:41,btc_signals_log(07.09)_v4.csv,ACTIVE,BULL,2026-08-19,2026-09-07 00:00:00,ACTIVE,BULL,2026-08-19,True,True,True,True,1d,,,,,,
2026-09-07 21:59:45,btc_signals_log(07.09)_v4.csv,ACTIVE,BULL,2026-08-19,2026-09-07 00:00:00,ACTIVE,BULL,2026-08-19,True,True,True,True,1d,,,,,,
2026-09-07 22:29:48,btc_signals_log(07.09)_v4.csv,ACTIVE,BULL,2026-08-19,2026-09-07 00:00:00,ACTIVE,BULL,2026-08-19,True,True,True,True,1d,,,,,,
2026-09-07 22:59:52,btc_signals_log(07.09)_v4.csv,ACTIVE,BULL,2026-08-19,2026-09-07 00:00:00,ACTIVE,BULL,2026-08-19,True,True,True,True,1d,,,,,,
2026-09-07 23:29:57,btc_signals_log(07.09)_v4.csv,ACTIVE,BULL,2026-08-19,2026-09-07 00:00:00,ACTIVE,BULL,2026-08-19,True,True,True,True,1d,,,,,,
2026-09-08 00:00:00,btc_signals_log(08.09)_v4.csv,ACTIVE,BULL,2026-08-19,2026-09-08 00:00:00,ACTIVE,BULL,2026-08-19,True,True,True,True,1d,,,,,,
2026-09-08 00:30:05,btc_signals_log(08.09)_v4.csv,ACTIVE,BULL,2026-08-19,2026-09-08 00:00:00,ACTIVE,BULL,2026-08-19,True,True,True,True,1d,,,,,,
2026-09-08 01:00:10,btc_signals_log(08.09)_v4.csv,ACTIVE,BULL,2026-08-19,2026-09-08 00:00:00,ACTIVE,BULL,2026-08-19,True,True,True,True,1d,,,,,,
2026-09-08 01:30:13,btc_signals_log(08.09)_v4.csv,ACTIVE,BULL,2026-08-19,2026-09-08 00:00:00,ACTIVE,BULL,2026-08-19,True,True,True,True,1d,,,,,,
2026-09-08 02:00:17,btc_signals_log(08.09)_v4.csv,ACTIVE,BULL,2026-08-19,2026-09-08 00:00:00,ACTIVE,BULL,2026-08-19,True,True,True,True,1d,,,,,,
2026-09-08 02:30:21,btc_signals_log(08.09)_v4.csv,ACTIVE,BULL,2026-08-19,2026-09-08 00:00:00,ACTIVE,BULL,2026-08-19,True,True,True,True,1d,,,,,,
2026-09-08 03:00:25,btc_signals_log(08.09)_v4.csv,ACTIVE,BULL,2026-08-19,2026-09-08 00:00:00,ACTIVE,BULL,2026-08-19,True,True,True,True,1d,,,,,,
2026-09-08 03:30:29,btc_signals_log(08.09)_v4.csv,ACTIVE,BULL,2026-08-19,2026-09-08 00:00:00,ACTIVE,BULL,2026-08-19,True,True,True,True,1d,,,,,,
2026-09-08 04:00:32,btc_signals_log(08.09)_v4.csv,ACTIVE,BULL,2026-08-19,2026-09-08 00:00:00,ACTIVE,BULL,2026-08-19,True,True,True,True,1d,,,,,,
2026-09-08 04:30:36,btc_signals_log(08.09)_v4.csv,ACTIVE,BULL,2026-08-19,2026-09-08 00:00:00,ACTIVE,BULL,2026-08-19,True,True,True,True,1d,,,,,,
2026-09-08 05:00:40,btc_signals_log(08.09)_v4.csv,ACTIVE,BULL,2026-08-19,2026-09-08 00:00:00,ACTIVE,BULL,2026-08-19,True,True,True,True,1d,,,,,,
2026-09-08 05:30:44,btc_signals_log(08.09)_v4.csv,ACTIVE,BULL,2026-08-19,2026-09-08 00:00:00,ACTIVE,BULL,2026-08-19,True,True,True,True,1d,,,,,,
2026-09-08 06:00:47,btc_signals_log(08.09)_v4.csv,ACTIVE,BULL,2026-08-19,2026-09-08 00:00:00,ACTIVE,BULL,2026-08-19,True,True,True,True,1d,,,,,,
2026-09-08 06:30:51,btc_signals_log(08.09)_v4.csv,ACTIVE,BULL,2026-08-19,2026-09-08 00:00:00,ACTIVE,BULL,2026-08-19,True,True,True,True,1d,,,,,,
2026-09-08 07:00:54,btc_signals_log(08.09)_v4.csv,ACTIVE,BULL,2026-08-19,2026-09-08 00:00:00,ACTIVE,BULL,2026-08-19,True,True,True,True,1d,,,,,,
2026-09-08 07:30:58,btc_signals_log(08.09)_v4.csv,ACTIVE,BULL,2026-08-19,2026-09-08 00:00:00,ACTIVE,BULL,2026-08-19,True,True,True,True,1d,,,,,,
2026-09-08 08:01:02,btc_signals_log(08.09)_v4.csv,ACTIVE,BULL,2026-08-19,2026-09-08 00:00:00,ACTIVE,BULL,2026-08-19,True,True,True,True,1d,,,,,,
2026-09-08 08:31:05,btc_signals_log(08.09)_v4.csv,ACTIVE,BULL,2026-08-19,2026-09-08 00:00:00,ACTIVE,BULL,2026-08-19,True,True,True,True,1d,,,,,,
2026-09-08 09:01:09,btc_signals_log(08.09)_v4.csv,ACTIVE,BULL,2026-08-19,2026-09-08 00:00:00,ACTIVE,BULL,2026-08-19,True,True,True,True,1d,,,,,,
2026-09-08 09:31:13,btc_signals_log(08.09)_v4.csv,ACTIVE,BULL,2026-08-19,2026-09-08 00:00:00,ACTIVE,BULL,2026-08-19,True,True,True,True,1d,,,,,,
2026-09-08 10:01:17,btc_signals_log(08.09)_v4.csv,ACTIVE,BULL,2026-08-19,2026-09-08 00:00:00,ACTIVE,BULL,2026-08-19,True,True,True,True,1d,,,,,,
2026-09-08 10:31:21,btc_signals_log(08.09)_v4.csv,ACTIVE,BULL,2026-08-19,2026-09-08 00:00:00,ACTIVE,BULL,2026-08-19,True,True,True,True,1d,,,,,,
2026-09-08 11:01:24,btc_signals_log(08.09)_v4.csv,ACTIVE,BULL,2026-08-19,2026-09-08 00:00:00,ACTIVE,BULL,2026-08-19,True,True,True,True,1d,,,,,,
2026-09-08 11:31:28,btc_signals_log(08.09)_v4.csv,ACTIVE,BULL,2026-08-19,2026-09-08 00:00:00,ACTIVE,BULL,2026-08-19,True,True,True,True,1d,,,,,,
2026-09-08 12:01:32,btc_signals_log(08.09)_v4.csv,ACTIVE,BULL,2026-08-19,2026-09-08 00:00:00,ACTIVE,BULL,2026-08-19,True,True,True,True,1d,,,,,,
2026-09-08 12:31:36,btc_signals_log(08.09)_v4.csv,ACTIVE,BULL,2026-08-19,2026-09-08 00:00:00,ACTIVE,BULL,2026-08-19,True,True,True,True,1d,,,,,,
2026-09-08 13:01:40,btc_signals_log(08.09)_v4.csv,ACTIVE,BULL,2026-08-19,2026-09-08 00:00:00,ACTIVE,BULL,2026-08-19,True,True,True,True,1d,,,,,,
2026-09-08 13:31:44,btc_signals_log(08.09)_v4.csv,ACTIVE,BULL,2026-08-19,2026-09-08 00:00:00,ACTIVE,BULL,2026-08-19,True,True,True,True,1d,,,,,,
2026-09-08 14:01:48,btc_signals_log(08.09)_v4.csv,ACTIVE,BULL,2026-08-19,2026-09-08 00:00:00,ACTIVE,BULL,2026-08-19,True,True,True,True,1d,,,,,,
2026-09-08 14:31:52,btc_signals_log(08.09)_v4.csv,ACTIVE,BULL,2026-08-19,2026-09-08 00:00:00,ACTIVE,BULL,2026-08-19,True,True,True,True,1d,,,,,,
2026-09-08 15:01:56,btc_signals_log(08.09)_v4.csv,ACTIVE,BULL,2026-08-19,2026-09-08 00:00:00,ACTIVE,BULL,2026-08-19,True,True,True,True,1d,,,,,,
2026-09-08 15:31:59,btc_signals_log(08.09)_v4.csv,ACTIVE,BULL,2026-08-19,2026-09-08 00:00:00,ACTIVE,BULL,2026-08-19,True,True,True,True,1d,,,,,,
2026-09-08 16:02:03,btc_signals_log(08.09)_v4.csv,ACTIVE,BULL,2026-08-19,2026-09-08 00:00:00,ACTIVE,BULL,2026-08-19,True,True,True,True,1d,,,,,,
2026-09-08 16:32:07,btc_signals_log(08.09)_v4.csv,ACTIVE,BULL,2026-08-19,2026-09-08 00:00:00,ACTIVE,BULL,2026-08-19,True,True,True,True,1d,,,,,,
2026-09-08 17:02:11,btc_signals_log(08.09)_v4.csv,ACTIVE,BULL,2026-08-19,2026-09-08 00:00:00,ACTIVE,BULL,2026-08-19,True,True,True,True,1d,,,,,,
2026-09-08 17:32:15,btc_signals_log(08.09)_v4.csv,ACTIVE,BULL,2026-08-19,2026-09-08 00:00:00,ACTIVE,BULL,2026-08-19,True,True,True,True,1d,,,,,,
2026-09-08 18:02:19,btc_signals_log(08.09)_v4.csv,ACTIVE,BULL,2026-08-19,2026-09-08 00:00:00,ACTIVE,BULL,2026-08-19,True,True,True,True,1d,,,,,,
2026-09-08 18:32:23,btc_signals_log(08.09)_v4.csv,ACTIVE,BULL,2026-08-19,2026-09-08 00:00:00,ACTIVE,BULL,2026-08-19,True,True,True,True,1d,,,,,,
2026-09-08 19:02:27,btc_signals_log(08.09)_v4.csv,ACTIVE,BULL,2026-08-19,2026-09-08 00:00:00,ACTIVE,BULL,2026-08-19,True,True,True,True,1d,,,,,,
2026-09-08 19:32:31,btc_signals_log(08.09)_v4.csv,ACTIVE,BULL,2026-08-19,2026-09-08 00:00:00,ACTIVE,BULL,2026-08-19,True,True,True,True,1d,,,,,,
2026-09-08 20:02:35,btc_signals_log(08.09)_v4.csv,ACTIVE,BULL,2026-08-19,2026-09-08 00:00:00,ACTIVE,BULL,2026-08-19,True,True,True,True,1d,,,,,,
2026-09-08 20:32:39,btc_signals_log(08.09)_v4.csv,ACTIVE,BULL,2026-08-19,2026-09-08 00:00:00,ACTIVE,BULL,2026-08-19,True,True,True,True,1d,,,,,,
2026-09-08 21:02:42,btc_signals_log(08.09)_v4.csv,ACTIVE,BULL,2026-08-19,2026-09-08 00:00:00,ACTIVE,BULL,2026-08-19,True,True,True,True,1d,,,,,,
2026-09-08 21:32:46,btc_signals_log(08.09)_v4.csv,ACTIVE,BULL,2026-08-19,2026-09-08 00:00:00,ACTIVE,BULL,2026-08-19,True,True,True,True,1d,,,,,,
2026-09-08 22:02:49,btc_signals_log(08.09)_v4.csv,ACTIVE,BULL,2026-08-19,2026-09-08 00:00:00,ACTIVE,BULL,2026-08-19,True,True,True,True,1d,,,,,,
2026-09-08 22:32:53,btc_signals_log(08.09)_v4.csv,ACTIVE,BULL,2026-08-19,2026-09-08 00:00:00,ACTIVE,BULL,2026-08-19,True,True,True,True,1d,,,,,,
2026-09-08 23:02:57,btc_signals_log(08.09)_v4.csv,ACTIVE,BULL,2026-08-19,2026-09-08 00:00:00,ACTIVE,BULL,2026-08-19,True,True,True,True,1d,,,,,,
2026-09-08 23:33:01,btc_signals_log(08.09)_v4.csv,ACTIVE,BULL,2026-08-19,2026-09-08 00:00:00,ACTIVE,BULL,2026-08-19,True,True,True,True,1d,,,,,,
2026-09-09 00:03:05,btc_signals_log(09.09)_v4.csv,ACTIVE,BULL,2026-08-19,2026-09-09 00:00:00,ACTIVE,BULL,2026-08-19,True,True,True,True,1d,,,,,,
2026-09-09 00:33:09,btc_signals_log(09.09)_v4.csv,ACTIVE,BULL,2026-08-19,2026-09-09 00:00:00,ACTIVE,BULL,2026-08-19,True,True,True,True,1d,,,,,,
2026-09-09 01:03:12,btc_signals_log(09.09)_v4.csv,ACTIVE,BULL,2026-08-19,2026-09-09 00:00:00,ACTIVE,BULL,2026-08-19,True,True,True,True,1d,,,,,,
2026-09-09 01:33:16,btc_signals_log(09.09)_v4.csv,ACTIVE,BULL,2026-08-19,2026-09-09 00:00:00,ACTIVE,BULL,2026-08-19,True,True,True,True,1d,,,,,,
2026-09-09 02:03:20,btc_signals_log(09.09)_v4.csv,ACTIVE,BULL,2026-08-19,2026-09-09 00:00:00,ACTIVE,BULL,2026-08-19,True,True,True,True,1d,,,,,,
2026-09-09 02:33:24,btc_signals_log(09.09)_v4.csv,ACTIVE,BULL,2026-08-19,2026-09-09 00:00:00,ACTIVE,BULL,2026-08-19,True,True,True,True,1d,,,,,,
2026-09-09 03:03:28,btc_signals_log(09.09)_v4.csv,ACTIVE,BULL,2026-08-19,2026-09-09 00:00:00,ACTIVE,BULL,2026-08-19,True,True,True,True,1d,,,,,,
2026-09-09 03:33:31,btc_signals_log(09.09)_v4.csv,ACTIVE,BULL,2026-08-19,2026-09-09 00:00:00,ACTIVE,BULL,2026-08-19,True,True,True,True,1d,,,,,,
2026-09-09 04:03:35,btc_signals_log(09.09)_v4.csv,ACTIVE,BULL,2026-08-19,2026-09-09 00:00:00,ACTIVE,BULL,2026-08-19,True,True,True,True,1d,,,,,,
2026-09-09 04:33:39,btc_signals_log(09.09)_v4.csv,ACTIVE,BULL,2026-08-19,2026-09-09 00:00:00,ACTIVE,BULL,2026-08-19,True,True,True,True,1d,,,,,,
2026-09-09 05:03:42,btc_signals_log(09.09)_v4.csv,ACTIVE,BULL,2026-08-19,2026-09-09 00:00:00,ACTIVE,BULL,2026-08-19,True,True,True,True,1d,,,,,,
2026-09-09 05:33:46,btc_signals_log(09.09)_v4.csv,ACTIVE,BULL,2026-08-19,2026-09-09 00:00:00,ACTIVE,BULL,2026-08-19,True,True,True,True,1d,,,,,,
2026-09-09 06:03:50,btc_signals_log(09.09)_v4.csv,ACTIVE,BULL,2026-08-19,2026-09-09 00:00:00,ACTIVE,BULL,2026-08-19,True,True,True,True,1d,,,,,,
2026-09-09 06:33:54,btc_signals_log(09.09)_v4.csv,ACTIVE,BULL,2026-08-19,2026-09-09 00:00:00,ACTIVE,BULL,2026-08-19,True,True,True,True,1d,,,,,,
2026-09-09 07:03:57,btc_signals_log(09.09)_v4.csv,ACTIVE,BULL,2026-08-19,2026-09-09 00:00:00,ACTIVE,BULL,2026-08-19,True,True,True,True,1d,,,,,,
2026-09-09 07:34:01,btc_signals_log(09.09)_v4.csv,ACTIVE,BULL,2026-08-19,2026-09-09 00:00:00,ACTIVE,BULL,2026-08-19,True,True,True,True,1d,,,,,,
2026-09-09 08:04:05,btc_signals_log(09.09)_v4.csv,ACTIVE,BULL,2026-08-19,2026-09-09 00:00:00,ACTIVE,BULL,2026-08-19,True,True,True,True,1d,,,,,,
2026-09-09 08:34:10,btc_signals_log(09.09)_v4.csv,ACTIVE,BULL,2026-08-19,2026-09-09 00:00:00,ACTIVE,BULL,2026-08-19,True,True,True,True,1d,,,,,,
2026-09-09 09:04:13,btc_signals_log(09.09)_v4.csv,ACTIVE,BULL,2026-08-19,2026-09-09 00:00:00,ACTIVE,BULL,2026-08-19,True,True,True,True,1d,,,,,,
2026-09-09 09:34:17,btc_signals_log(09.09)_v4.csv,ACTIVE,BULL,2026-08-19,2026-09-09 00:00:00,ACTIVE,BULL,2026-08-19,True,True,True,True,1d,,,,,,
2026-09-09 10:04:21,btc_signals_log(09.09)_v4.csv,ACTIVE,BULL,2026-08-19,2026-09-09 00:00:00,ACTIVE,BULL,2026-08-19,True,True,True,True,1d,,,,,,
2026-09-09 10:34:25,btc_signals_log(09.09)_v4.csv,ACTIVE,BULL,2026-08-19,2026-09-09 00:00:00,ACTIVE,BULL,2026-08-19,True,True,True,True,1d,,,,,,
2026-09-09 11:04:31,btc_signals_log(09.09)_v4.csv,ACTIVE,BULL,2026-08-19,2026-09-09 00:00:00,ACTIVE,BULL,2026-08-19,True,True,True,True,1d,,,,,,
2026-09-09 11:34:36,btc_signals_log(09.09)_v4.csv,ACTIVE,BULL,2026-08-19,2026-09-09 00:00:00,ACTIVE,BULL,2026-08-19,True,True,True,True,1d,,,,,,
2026-09-09 12:04:41,btc_signals_log(09.09)_v4.csv,ACTIVE,BULL,2026-08-19,2026-09-09 00:00:00,ACTIVE,BULL,2026-08-19,True,True,True,True,1d,,,,,,
2026-09-09 12:36:22,btc_signals_log(09.09)_v4.csv,ACTIVE,BULL,2026-08-19,2026-09-09 00:00:00,ACTIVE,BULL,2026-08-19,True,True,True,True,1d,,,,,,
2026-09-09 13:06:26,btc_signals_log(09.09)_v4.csv,ACTIVE,BULL,2026-08-19,2026-09-09 00:00:00,ACTIVE,BULL,2026-08-19,True,True,True,True,1d,,,,,,
2026-09-09 13:36:30,btc_signals_log(09.09)_v4.csv,ACTIVE,BULL,2026-08-19,2026-09-09 00:00:00,ACTIVE,BULL,2026-08-19,True,True,True,True,1d,,,,,,
2026-09-09 14:06:34,btc_signals_log(09.09)_v4.csv,ACTIVE,BULL,2026-08-19,2026-09-09 00:00:00,ACTIVE,BULL,2026-08-19,True,True,True,True,1d,,,,,,
2026-09-09 14:36:38,btc_signals_log(09.09)_v4.csv,ACTIVE,BULL,2026-08-19,2026-09-09 00:00:00,ACTIVE,BULL,2026-08-19,True,True,True,True,1d,,,,,,
2026-09-09 15:06:42,btc_signals_log(09.09)_v4.csv,ACTIVE,BULL,2026-08-19,2026-09-09 00:00:00,ACTIVE,BULL,2026-08-19,True,True,True,True,1d,,,,,,
2026-09-09 15:36:45,btc_signals_log(09.09)_v4.csv,ACTIVE,BULL,2026-08-19,2026-09-09 00:00:00,ACTIVE,BULL,2026-08-19,True,True,True,True,1d,,,,,,
2026-09-09 16:06:50,btc_signals_log(09.09)_v4.csv,ACTIVE,BULL,2026-08-19,2026-09-09 00:00:00,ACTIVE,BULL,2026-08-19,True,True,True,True,1d,,,,,,
2026-09-09 16:36:54,btc_signals_log(09.09)_v4.csv,ACTIVE,BULL,2026-08-19,2026-09-09 00:00:00,ACTIVE,BULL,2026-08-19,True,True,True,True,1d,,,,,,
2026-09-09 17:06:57,btc_signals_log(09.09)_v4.csv,ACTIVE,BULL,2026-08-19,2026-09-09 00:00:00,ACTIVE,BULL,2026-08-19,True,True,True,True,1d,,,,,,
2026-09-09 17:37:01,btc_signals_log(09.09)_v4.csv,ACTIVE,BULL,2026-08-19,2026-09-09 00:00:00,ACTIVE,BULL,2026-08-19,True,True,True,True,1d,,,,,,
2026-09-09 18:07:05,btc_signals_log(09.09)_v4.csv,ACTIVE,BULL,2026-08-19,2026-09-09 00:00:00,ACTIVE,BULL,2026-08-19,True,True,True,True,1d,,,,,,
2026-09-09 18:37:09,btc_signals_log(09.09)_v4.csv,ACTIVE,BULL,2026-08-19,2026-09-09 00:00:00,ACTIVE,BULL,2026-08-19,True,True,True,True,1d,,,,,,
2026-09-09 19:07:13,btc_signals_log(09.09)_v4.csv,ACTIVE,BULL,2026-08-19,2026-09-09 00:00:00,ACTIVE,BULL,2026-08-19,True,True,True,True,1d,,,,,,
2026-09-09 19:37:17,btc_signals_log(09.09)_v4.csv,ACTIVE,BULL,2026-08-19,2026-09-09 00:00:00,ACTIVE,BULL,2026-08-19,True,True,True,True,1d,,,,,,
2026-09-09 20:07:21,btc_signals_log(09.09)_v4.csv,ACTIVE,BULL,2026-08-19,2026-09-09 00:00:00,ACTIVE,BULL,2026-08-19,True,True,True,True,1d,,,,,,
2026-09-09 20:37:25,btc_signals_log(09.09)_v4.csv,ACTIVE,BULL,2026-08-19,2026-09-09 00:00:00,ACTIVE,BULL,2026-08-19,True,True,True,True,1d,,,,,,
2026-09-09 21:07:29,btc_signals_log(09.09)_v4.csv,ACTIVE,BULL,2026-08-19,2026-09-09 00:00:00,ACTIVE,BULL,2026-08-19,True,True,True,True,1d,,,,,,
2026-09-09 21:37:32,btc_signals_log(09.09)_v4.csv,ACTIVE,BULL,2026-08-19,2026-09-09 00:00:00,ACTIVE,BULL,2026-08-19,True,True,True,True,1d,,,,,,
2026-09-09 22:07:36,btc_signals_log(09.09)_v4.csv,ACTIVE,BULL,2026-08-19,2026-09-09 00:00:00,ACTIVE,BULL,2026-08-19,True,True,True,True,1d,,,,,,
2026-09-09 22:37:40,btc_signals_log(09.09)_v4.csv,ACTIVE,BULL,2026-08-19,2026-09-09 00:00:00,ACTIVE,BULL,2026-08-19,True,True,True,True,1d,,,,,,
2026-09-09 23:07:44,btc_signals_log(09.09)_v4.csv,ACTIVE,BULL,2026-08-19,2026-09-09 00:00:00,ACTIVE,BULL,2026-08-19,True,True,True,True,1d,,,,,,
2026-09-09 23:37:48,btc_signals_log(09.09)_v4.csv,ACTIVE,BULL,2026-08-19,2026-09-09 00:00:00,ACTIVE,BULL,2026-08-19,True,True,True,True,1d,,,,,,
2026-09-10 00:07:51,btc_signals_log(10.09)_v4.csv,ACTIVE,BULL,2026-08-19,2026-09-10 00:00:00,ACTIVE,BULL,2026-08-19,True,True,True,True,1d,,,,,,
2026-09-10 00:37:55,btc_signals_log(10.09)_v4.csv,ACTIVE,BULL,2026-08-19,2026-09-10 00:00:00,ACTIVE,BULL,2026-08-19,True,True,True,True,1d,,,,,,
2026-09-10 01:07:59,btc_signals_log(10.09)_v4.csv,ACTIVE,BULL,2026-08-19,2026-09-10 00:00:00,ACTIVE,BULL,2026-08-19,True,True,True,True,1d,,,,,,
2026-09-10 01:38:03,btc_signals_log(10.09)_v4.csv,ACTIVE,BULL,2026-08-19,2026-09-10 00:00:00,ACTIVE,BULL,2026-08-19,True,True,True,True,1d,,,,,,
2026-09-10 02:08:07,btc_signals_log(10.09)_v4.csv,ACTIVE,BULL,2026-08-19,2026-09-10 00:00:00,ACTIVE,BULL,2026-08-19,True,True,True,True,1d,,,,,,
2026-09-10 02:38:11,btc_signals_log(10.09)_v4.csv,ACTIVE,BULL,2026-08-19,2026-09-10 00:00:00,ACTIVE,BULL,2026-08-19,True,True,True,True,1d,,,,,,
2026-09-10 03:08:14,btc_signals_log(10.09)_v4.csv,ACTIVE,BULL,2026-08-19,2026-09-10 00:00:00,ACTIVE,BULL,2026-08-19,True,True,True,True,1d,,,,,,
2026-09-10 03:38:18,btc_signals_log(10.09)_v4.csv,ACTIVE,BULL,2026-08-19,2026-09-10 00:00:00,ACTIVE,BULL,2026-08-19,True,True,True,True,1d,,,,,,
2026-09-10 04:08:22,btc_signals_log(10.09)_v4.csv,ACTIVE,BULL,2026-08-19,2026-09-10 00:00:00,ACTIVE,BULL,2026-08-19,True,True,True,True,1d,,,,,,
2026-09-10 04:38:26,btc_signals_log(10.09)_v4.csv,ACTIVE,BULL,2026-08-19,2026-09-10 00:00:00,ACTIVE,BULL,2026-08-19,True,True,True,True,1d,,,,,,
2026-09-10 05:08:30,btc_signals_log(10.09)_v4.csv,ACTIVE,BULL,2026-08-19,2026-09-10 00:00:00,ACTIVE,BULL,2026-08-19,True,True,True,True,1d,,,,,,
2026-09-10 05:38:33,btc_signals_log(10.09)_v4.csv,ACTIVE,BULL,2026-08-19,2026-09-10 00:00:00,ACTIVE,BULL,2026-08-19,True,True,True,True,1d,,,,,,
2026-09-10 06:08:37,btc_signals_log(10.09)_v4.csv,ACTIVE,BULL,2026-08-19,2026-09-10 00:00:00,ACTIVE,BULL,2026-08-19,True,True,True,True,1d,,,,,,
2026-09-10 06:38:41,btc_signals_log(10.09)_v4.csv,ACTIVE,BULL,2026-08-19,2026-09-10 00:00:00,ACTIVE,BULL,2026-08-19,True,True,True,True,1d,,,,,,
2026-09-10 07:08:45,btc_signals_log(10.09)_v4.csv,ACTIVE,BULL,2026-08-19,2026-09-10 00:00:00,ACTIVE,BULL,2026-08-19,True,True,True,True,1d,,,,,,
2026-09-10 07:38:48,btc_signals_log(10.09)_v4.csv,ACTIVE,BULL,2026-08-19,2026-09-10 00:00:00,ACTIVE,BULL,2026-08-19,True,True,True,True,1d,,,,,,
2026-09-10 08:08:52,btc_signals_log(10.09)_v4.csv,ACTIVE,BULL,2026-08-19,2026-09-10 00:00:00,ACTIVE,BULL,2026-08-19,True,True,True,True,1d,,,,,,
2026-09-10 08:38:56,btc_signals_log(10.09)_v4.csv,ACTIVE,BULL,2026-08-19,2026-09-10 00:00:00,ACTIVE,BULL,2026-08-19,True,True,True,True,1d,,,,,,
2026-09-10 09:09:00,btc_signals_log(10.09)_v4.csv,ACTIVE,BULL,2026-08-19,2026-09-10 00:00:00,ACTIVE,BULL,2026-08-19,True,True,True,True,1d,,,,,,
2026-09-10 09:39:05,btc_signals_log(10.09)_v4.csv,ACTIVE,BULL,2026-08-19,2026-09-10 00:00:00,ACTIVE,BULL,2026-08-19,True,True,True,True,1d,,,,,,
2026-09-10 10:09:09,btc_signals_log(10.09)_v4.csv,ACTIVE,BULL,2026-08-19,2026-09-10 00:00:00,ACTIVE,BULL,2026-08-19,True,True,True,True,1d,,,,,,
2026-09-10 10:39:13,btc_signals_log(10.09)_v4.csv,ACTIVE,BULL,2026-08-19,2026-09-10 00:00:00,ACTIVE,BULL,2026-08-19,True,True,True,True,1d,,,,,,
2026-09-10 11:09:17,btc_signals_log(10.09)_v4.csv,ACTIVE,BULL,2026-08-19,2026-09-10 00:00:00,ACTIVE,BULL,2026-08-19,True,True,True,True,1d,,,,,,
2026-09-10 11:39:21,btc_signals_log(10.09)_v4.csv,ACTIVE,BULL,2026-08-19,2026-09-10 00:00:00,ACTIVE,BULL,2026-08-19,True,True,True,True,1d,,,,,,
2026-09-10 12:09:25,btc_signals_log(10.09)_v4.csv,ACTIVE,BULL,2026-08-19,2026-09-10 00:00:00,ACTIVE,BULL,2026-08-19,True,True,True,True,1d,,,,,,
2026-09-10 12:39:29,btc_signals_log(10.09)_v4.csv,ACTIVE,BULL,2026-08-19,2026-09-10 00:00:00,ACTIVE,BULL,2026-08-19,True,True,True,True,1d,,,,,,
2026-09-10 13:09:33,btc_signals_log(10.09)_v4.csv,ACTIVE,BULL,2026-08-19,2026-09-10 00:00:00,ACTIVE,BULL,2026-08-19,True,True,True,True,1d,,,,,,
2026-09-10 13:39:37,btc_signals_log(10.09)_v4.csv,ACTIVE,BULL,2026-08-19,2026-09-10 00:00:00,ACTIVE,BULL,2026-08-19,True,True,True,True,1d,,,,,,
2026-09-10 14:09:40,btc_signals_log(10.09)_v4.csv,ACTIVE,BULL,2026-08-19,2026-09-10 00:00:00,ACTIVE,BULL,2026-08-19,True,True,True,True,1d,,,,,,
2026-09-10 14:40:03,btc_signals_log(10.09)_v4.csv,ACTIVE,BULL,2026-08-19,2026-09-10 00:00:00,ACTIVE,BULL,2026-08-19,True,True,True,True,1d,,,,,,
2026-09-10 15:10:07,btc_signals_log(10.09)_v4.csv,ACTIVE,BULL,2026-08-19,2026-09-10 00:00:00,ACTIVE,BULL,2026-08-19,True,True,True,True,1d,,,,,,
2026-09-10 15:40:11,btc_signals_log(10.09)_v4.csv,ACTIVE,BULL,2026-08-19,2026-09-10 00:00:00,ACTIVE,BULL,2026-08-19,True,True,True,True,1d,,,,,,
2026-09-10 16:10:15,btc_signals_log(10.09)_v4.csv,ACTIVE,BULL,2026-08-19,2026-09-10 00:00:00,ACTIVE,BULL,2026-08-19,True,True,True,True,1d,,,,,,
2026-09-10 16:40:19,btc_signals_log(10.09)_v4.csv,ACTIVE,BULL,2026-08-19,2026-09-10 00:00:00,ACTIVE,BULL,2026-08-19,True,True,True,True,1d,,,,,,
2026-09-10 17:10:23,btc_signals_log(10.09)_v4.csv,ACTIVE,BULL,2026-08-19,2026-09-10 00:00:00,ACTIVE,BULL,2026-08-19,True,True,True,True,1d,,,,,,
2026-09-10 17:40:26,btc_signals_log(10.09)_v4.csv,ACTIVE,BULL,2026-08-19,2026-09-10 00:00:00,ACTIVE,BULL,2026-08-19,True,True,True,True,1d,,,,,,
2026-09-10 18:10:30,btc_signals_log(10.09)_v4.csv,ACTIVE,BULL,2026-08-19,2026-09-10 00:00:00,ACTIVE,BULL,2026-08-19,True,True,True,True,1d,,,,,,
2026-09-10 18:40:34,btc_signals_log(10.09)_v4.csv,ACTIVE,BULL,2026-08-19,2026-09-10 00:00:00,ACTIVE,BULL,2026-08-19,True,True,True,True,1d,,,,,,
2026-09-10 19:10:38,btc_signals_log(10.09)_v4.csv,ACTIVE,BULL,2026-08-19,2026-09-10 00:00:00,ACTIVE,BULL,2026-08-19,True,True,True,True,1d,,,,,,
2026-09-10 19:40:42,btc_signals_log(10.09)_v4.csv,ACTIVE,BULL,2026-08-19,2026-09-10 00:00:00,ACTIVE,BULL,2026-08-19,True,True,True,True,1d,,,,,,
2026-09-10 20:10:45,btc_signals_log(10.09)_v4.csv,ACTIVE,BULL,2026-08-19,2026-09-10 00:00:00,ACTIVE,BULL,2026-08-19,True,True,True,True,1d,,,,,,
2026-09-10 20:40:49,btc_signals_log(10.09)_v4.csv,ACTIVE,BULL,2026-08-19,2026-09-10 00:00:00,ACTIVE,BULL,2026-08-19,True,True,True,True,1d,,,,,,
2026-09-10 21:10:53,btc_signals_log(10.09)_v4.csv,ACTIVE,BULL,2026-08-19,2026-09-10 00:00:00,ACTIVE,BULL,2026-08-19,True,True,True,True,1d,,,,,,
2026-09-10 21:40:57,btc_signals_log(10.09)_v4.csv,ACTIVE,BULL,2026-08-19,2026-09-10 00:00:00,ACTIVE,BULL,2026-08-19,True,True,True,True,1d,,,,,,
2026-09-10 22:11:01,btc_signals_log(10.09)_v4.csv,ACTIVE,BULL,2026-08-19,2026-09-10 00:00:00,ACTIVE,BULL,2026-08-19,True,True,True,True,1d,,,,,,
2026-09-10 22:41:05,btc_signals_log(10.09)_v4.csv,ACTIVE,BULL,2026-08-19,2026-09-10 00:00:00,ACTIVE,BULL,2026-08-19,True,True,True,True,1d,,,,,,
2026-09-10 23:11:09,btc_signals_log(10.09)_v4.csv,ACTIVE,BULL,2026-08-19,2026-09-10 00:00:00,ACTIVE,BULL,2026-08-19,True,True,True,True,1d,,,,,,
2026-09-10 23:41:13,btc_signals_log(10.09)_v4.csv,ACTIVE,BULL,2026-08-19,2026-09-10 00:00:00,ACTIVE,BULL,2026-08-19,True,True,True,True,1d,,,,,,
2026-09-11 00:11:17,btc_signals_log(11.09)_v4.csv,ACTIVE,BULL,2026-08-19,2026-09-11 00:00:00,ACTIVE,BULL,2026-08-19,True,True,True,True,1d,,,,,,
2026-09-11 00:41:21,btc_signals_log(11.09)_v4.csv,ACTIVE,BULL,2026-08-19,2026-09-11 00:00:00,ACTIVE,BULL,2026-08-19,True,True,True,True,1d,,,,,,
2026-09-11 01:11:25,btc_signals_log(11.09)_v4.csv,ACTIVE,BULL,2026-08-19,2026-09-11 00:00:00,ACTIVE,BULL,2026-08-19,True,True,True,True,1d,,,,,,
2026-09-11 01:41:28,btc_signals_log(11.09)_v4.csv,ACTIVE,BULL,2026-08-19,2026-09-11 00:00:00,ACTIVE,BULL,2026-08-19,True,True,True,True,1d,,,,,,
2026-09-11 02:11:32,btc_signals_log(11.09)_v4.csv,ACTIVE,BULL,2026-08-19,2026-09-11 00:00:00,ACTIVE,BULL,2026-08-19,True,True,True,True,1d,,,,,,
2026-09-11 02:41:36,btc_signals_log(11.09)_v4.csv,ACTIVE,BULL,2026-08-19,2026-09-11 00:00:00,ACTIVE,BULL,2026-08-19,True,True,True,True,1d,,,,,,
2026-09-11 03:11:40,btc_signals_log(11.09)_v4.csv,ACTIVE,BULL,2026-08-19,2026-09-11 00:00:00,ACTIVE,BULL,2026-08-19,True,True,True,True,1d,,,,,,
2026-09-11 03:41:44,btc_signals_log(11.09)_v4.csv,ACTIVE,BULL,2026-08-19,2026-09-11 00:00:00,ACTIVE,BULL,2026-08-19,True,True,True,True,1d,,,,,,
2026-09-11 04:11:48,btc_signals_log(11.09)_v4.csv,ACTIVE,BULL,2026-08-19,2026-09-11 00:00:00,ACTIVE,BULL,2026-08-19,True,True,True,True,1d,,,,,,
2026-09-11 04:41:51,btc_signals_log(11.09)_v4.csv,ACTIVE,BULL,2026-08-19,2026-09-11 00:00:00,ACTIVE,BULL,2026-08-19,True,True,True,True,1d,,,,,,
2026-09-11 05:11:55,btc_signals_log(11.09)_v4.csv,ACTIVE,BULL,2026-08-19,2026-09-11 00:00:00,ACTIVE,BULL,2026-08-19,True,True,True,True,1d,,,,,,
2026-09-11 05:41:59,btc_signals_log(11.09)_v4.csv,ACTIVE,BULL,2026-08-19,2026-09-11 00:00:00,ACTIVE,BULL,2026-08-19,True,True,True,True,1d,,,,,,
2026-09-11 06:12:03,btc_signals_log(11.09)_v4.csv,ACTIVE,BULL,2026-08-19,2026-09-11 00:00:00,ACTIVE,BULL,2026-08-19,True,True,True,True,1d,,,,,,
2026-09-11 06:42:07,btc_signals_log(11.09)_v4.csv,ACTIVE,BULL,2026-08-19,2026-09-11 00:00:00,ACTIVE,BULL,2026-08-19,True,True,True,True,1d,,,,,,
2026-09-11 07:12:11,btc_signals_log(11.09)_v4.csv,ACTIVE,BULL,2026-08-19,2026-09-11 00:00:00,ACTIVE,BULL,2026-08-19,True,True,True,True,1d,,,,,,
2026-09-11 07:42:15,btc_signals_log(11.09)_v4.csv,ACTIVE,BULL,2026-08-19,2026-09-11 00:00:00,ACTIVE,BULL,2026-08-19,True,True,True,True,1d,,,,,,
2026-09-11 08:12:19,btc_signals_log(11.09)_v4.csv,ACTIVE,BULL,2026-08-19,2026-09-11 00:00:00,ACTIVE,BULL,2026-08-19,True,True,True,True,1d,,,,,,
2026-09-11 08:42:24,btc_signals_log(11.09)_v4.csv,ACTIVE,BULL,2026-08-19,2026-09-11 00:00:00,ACTIVE,BULL,2026-08-19,True,True,True,True,1d,,,,,,
2026-09-11 09:12:28,btc_signals_log(11.09)_v4.csv,ACTIVE,BULL,2026-08-19,2026-09-11 00:00:00,ACTIVE,BULL,2026-08-19,True,True,True,True,1d,,,,,,
2026-09-11 09:42:32,btc_signals_log(11.09)_v4.csv,ACTIVE,BULL,2026-08-19,2026-09-11 00:00:00,ACTIVE,BULL,2026-08-19,True,True,True,True,1d,,,,,,
2026-09-11 10:15:09,btc_signals_log(11.09)_v4.csv,ACTIVE,BULL,2026-08-19,2026-09-11 00:00:00,ACTIVE,BULL,2026-08-19,True,True,True,True,1d,,,,,,
2026-09-11 10:45:14,btc_signals_log(11.09)_v4.csv,ACTIVE,BULL,2026-08-19,2026-09-11 00:00:00,ACTIVE,BULL,2026-08-19,True,True,True,True,1d,,,,,,
2026-09-11 11:15:19,btc_signals_log(11.09)_v4.csv,ACTIVE,BULL,2026-08-19,2026-09-11 00:00:00,ACTIVE,BULL,2026-08-19,True,True,True,True,1d,,,,,,
2026-09-11 11:45:24,btc_signals_log(11.09)_v4.csv,ACTIVE,BULL,2026-08-19,2026-09-11 00:00:00,ACTIVE,BULL,2026-08-19,True,True,True,True,1d,,,,,,
2026-09-11 12:15:30,btc_signals_log(11.09)_v4.csv,ACTIVE,BULL,2026-08-19,2026-09-11 00:00:00,ACTIVE,BULL,2026-08-19,True,True,True,True,1d,,,,,,
2026-09-11 12:45:35,btc_signals_log(11.09)_v4.csv,ACTIVE,BULL,2026-08-19,2026-09-11 00:00:00,ACTIVE,BULL,2026-08-19,True,True,True,True,1d,,,,,,
2026-09-11 13:15:40,btc_signals_log(11.09)_v4.csv,ACTIVE,BULL,2026-08-19,2026-09-11 00:00:00,ACTIVE,BULL,2026-08-19,True,True,True,True,1d,,,,,,
2026-09-11 13:45:46,btc_signals_log(11.09)_v4.csv,ACTIVE,BULL,2026-08-19,2026-09-11 00:00:00,ACTIVE,BULL,2026-08-19,True,True,True,True,1d,,,,,,
2026-09-11 14:15:51,btc_signals_log(11.09)_v4.csv,ACTIVE,BULL,2026-08-19,2026-09-11 00:00:00,ACTIVE,BULL,2026-08-19,True,True,True,True,1d,,,,,,
2026-09-11 14:45:56,btc_signals_log(11.09)_v4.csv,ACTIVE,BULL,2026-08-19,2026-09-11 00:00:00,ACTIVE,BULL,2026-08-19,True,True,True,True,1d,,,,,,
2026-09-11 15:16:01,btc_signals_log(11.09)_v4.csv,ACTIVE,BULL,2026-08-19,2026-09-11 00:00:00,ACTIVE,BULL,2026-08-19,True,True,True,True,1d,,,,,,
2026-09-11 15:46:06,btc_signals_log(11.09)_v4.csv,ACTIVE,BULL,2026-08-19,2026-09-11 00:00:00,ACTIVE,BULL,2026-08-19,True,True,True,True,1d,,,,,,
2026-09-11 16:16:11,btc_signals_log(11.09)_v4.csv,ACTIVE,BULL,2026-08-19,2026-09-11 00:00:00,ACTIVE,BULL,2026-08-19,True,True,True,True,1d,,,,,,
2026-09-11 16:46:17,btc_signals_log(11.09)_v4.csv,ACTIVE,BULL,2026-08-19,2026-09-11 00:00:00,ACTIVE,BULL,2026-08-19,True,True,True,True,1d,,,,,,
2026-09-11 17:16:22,btc_signals_log(11.09)_v4.csv,ACTIVE,BULL,2026-08-19,2026-09-11 00:00:00,ACTIVE,BULL,2026-08-19,True,True,True,True,1d,,,,,,
2026-09-11 17:46:27,btc_signals_log(11.09)_v4.csv,ACTIVE,BULL,2026-08-19,2026-09-11 00:00:00,ACTIVE,BULL,2026-08-19,True,True,True,True,1d,,,,,,
2026-09-11 18:16:32,btc_signals_log(11.09)_v4.csv,ACTIVE,BULL,2026-08-19,2026-09-11 00:00:00,ACTIVE,BULL,2026-08-19,True,True,True,True,1d,,,,,,
2026-09-11 18:46:37,btc_signals_log(11.09)_v4.csv,ACTIVE,BULL,2026-08-19,2026-09-11 00:00:00,ACTIVE,BULL,2026-08-19,True,True,True,True,1d,,,,,,
2026-09-11 19:16:42,btc_signals_log(11.09)_v4.csv,ACTIVE,BULL,2026-08-19,2026-09-11 00:00:00,ACTIVE,BULL,2026-08-19,True,True,True,True,1d,,,,,,
2026-09-11 19:46:48,btc_signals_log(11.09)_v4.csv,ACTIVE,BULL,2026-08-19,2026-09-11 00:00:00,ACTIVE,BULL,2026-08-19,True,True,True,True,1d,,,,,,
2026-09-11 20:16:54,btc_signals_log(11.09)_v4.csv,ACTIVE,BULL,2026-08-19,2026-09-11 00:00:00,ACTIVE,BULL,2026-08-19,True,True,True,True,1d,,,,,,
2026-09-11 20:47:00,btc_signals_log(11.09)_v4.csv,ACTIVE,BULL,2026-08-19,2026-09-11 00:00:00,ACTIVE,BULL,2026-08-19,True,True,True,True,1d,,,,,,
2026-09-11 21:17:05,btc_signals_log(11.09)_v4.csv,ACTIVE,BULL,2026-08-19,2026-09-11 00:00:00,ACTIVE,BULL,2026-08-19,True,True,True,True,1d,,,,,,
2026-09-11 21:55:45,btc_signals_log(11.09)_v4.csv,ACTIVE,BULL,2026-08-19,2026-09-11 00:00:00,ACTIVE,BULL,2026-08-19,True,True,True,True,1d,,,,,,
2026-09-11 22:32:55,btc_signals_log(11.09)_v4.csv,ACTIVE,BULL,2026-08-19,2026-09-11 00:00:00,ACTIVE,BULL,2026-08-19,True,True,True,True,1d,,,,,,
2026-09-11 23:03:00,btc_signals_log(11.09)_v4.csv,ACTIVE,BULL,2026-08-19,2026-09-11 00:00:00,ACTIVE,BULL,2026-08-19,True,True,True,True,1d,,,,,,
2026-09-12 08:45:10,btc_signals_log(12.09)_v4.csv,ACTIVE,BULL,2026-08-19,2026-09-12 00:00:00,ACTIVE,BULL,2026-08-19,True,True,True,True,1d,,,,,,
2026-09-12 08:46:20,btc_signals_log(12.09)_v4.csv,ACTIVE,BULL,2026-08-19,2026-09-12 00:00:00,ACTIVE,BULL,2026-08-19,True,True,True,True,1d,,,,,,
2026-09-12 08:50:07,btc_signals_log(12.09)_v4.csv,ACTIVE,BULL,2026-08-19,2026-09-12 00:00:00,ACTIVE,BULL,2026-08-19,True,True,True,True,1d,,,,,,
2026-09-12 09:16:25,btc_signals_log(12.09)_v4.csv,ACTIVE,BULL,2026-08-19,2026-09-12 00:00:00,ACTIVE,BULL,2026-08-19,True,True,True,True,1d,,,,,,
2026-09-12 09:46:30,btc_signals_log(12.09)_v4.csv,ACTIVE,BULL,2026-08-19,2026-09-12 00:00:00,ACTIVE,BULL,2026-08-19,True,True,True,True,1d,,,,,,
2026-09-12 11:46:36,btc_signals_log(12.09)_v4.csv,ACTIVE,BULL,2026-08-19,2026-09-12 00:00:00,ACTIVE,BULL,2026-08-19,True,True,True,True,1d,,,,,,
2026-09-12 16:58:23,btc_signals_log(12.09)_v4.csv,ACTIVE,BULL,2026-08-19,2026-09-12 00:00:00,ACTIVE,BULL,2026-08-19,True,True,True,True,1d,,,,,,
2026-09-12 17:28:28,btc_signals_log(12.09)_v4.csv,ACTIVE,BULL,2026-08-19,2026-09-12 00:00:00,ACTIVE,BULL,2026-08-19,True,True,True,True,1d,,,,,,
2026-09-12 17:58:32,btc_signals_log(12.09)_v4.csv,ACTIVE,BULL,2026-08-19,2026-09-12 00:00:00,ACTIVE,BULL,2026-08-19,True,True,True,True,1d,,,,,,
2026-09-12 18:28:37,btc_signals_log(12.09)_v4.csv,ACTIVE,BULL,2026-08-19,2026-09-12 00:00:00,ACTIVE,BULL,2026-08-19,True,True,True,True,1d,,,,,,
2026-09-12 18:58:41,btc_signals_log(12.09)_v4.csv,ACTIVE,BULL,2026-08-19,2026-09-12 00:00:00,ACTIVE,BULL,2026-08-19,True,True,True,True,1d,,,,,,
2026-09-12 19:28:45,btc_signals_log(12.09)_v4.csv,ACTIVE,BULL,2026-08-19,2026-09-12 00:00:00,ACTIVE,BULL,2026-08-19,True,True,True,True,1d,,,,,,
2026-09-12 19:58:49,btc_signals_log(12.09)_v4.csv,ACTIVE,BULL,2026-08-19,2026-09-12 00:00:00,ACTIVE,BULL,2026-08-19,True,True,True,True,1d,,,,,,
2026-09-12 20:28:53,btc_signals_log(12.09)_v4.csv,ACTIVE,BULL,2026-08-19,2026-09-12 00:00:00,ACTIVE,BULL,2026-08-19,True,True,True,True,1d,,,,,,
2026-09-12 20:58:58,btc_signals_log(12.09)_v4.csv,ACTIVE,BULL,2026-08-19,2026-09-12 00:00:00,ACTIVE,BULL,2026-08-19,True,True,True,True,1d,,,,,,
2026-09-12 21:29:02,btc_signals_log(12.09)_v4.csv,ACTIVE,BULL,2026-08-19,2026-09-12 00:00:00,ACTIVE,BULL,2026-08-19,True,True,True,True,1d,,,,,,
2026-09-12 21:59:06,btc_signals_log(12.09)_v4.csv,ACTIVE,BULL,2026-08-19,2026-09-12 00:00:00,ACTIVE,BULL,2026-08-19,True,True,True,True,1d,,,,,,
2026-09-12 22:29:10,btc_signals_log(12.09)_v4.csv,ACTIVE,BULL,2026-08-19,2026-09-12 00:00:00,ACTIVE,BULL,2026-08-19,True,True,True,True,1d,,,,,,
2026-09-12 22:59:14,btc_signals_log(12.09)_v4.csv,ACTIVE,BULL,2026-08-19,2026-09-12 00:00:00,ACTIVE,BULL,2026-08-19,True,True,True,True,1d,,,,,,
2026-09-12 23:29:18,btc_signals_log(12.09)_v4.csv,ACTIVE,BULL,2026-08-19,2026-09-12 00:00:00,ACTIVE,BULL,2026-08-19,True,True,True,True,1d,,,,,,
2026-09-12 23:59:23,btc_signals_log(12.09)_v4.csv,ACTIVE,BULL,2026-08-19,2026-09-12 00:00:00,ACTIVE,BULL,2026-08-19,True,True,True,True,1d,,,,,,
2026-09-13 00:29:27,btc_signals_log(13.09)_v4.csv,ACTIVE,BULL,2026-08-19,2026-09-13 00:00:00,ACTIVE,BULL,2026-08-19,True,True,True,True,1d,,,,,,
2026-09-13 00:59:31,btc_signals_log(13.09)_v4.csv,ACTIVE,BULL,2026-08-19,2026-09-13 00:00:00,ACTIVE,BULL,2026-08-19,True,True,True,True,1d,,,,,,
2026-09-13 01:29:37,btc_signals_log(13.09)_v4.csv,ACTIVE,BULL,2026-08-19,2026-09-13 00:00:00,ACTIVE,BULL,2026-08-19,True,True,True,True,1d,,,,,,
2026-09-13 01:59:42,btc_signals_log(13.09)_v4.csv,ACTIVE,BULL,2026-08-19,2026-09-13 00:00:00,ACTIVE,BULL,2026-08-19,True,True,True,True,1d,,,,,,
2026-09-13 02:29:46,btc_signals_log(13.09)_v4.csv,ACTIVE,BULL,2026-08-19,2026-09-13 00:00:00,ACTIVE,BULL,2026-08-19,True,True,True,True,1d,,,,,,
2026-09-13 02:59:51,btc_signals_log(13.09)_v4.csv,ACTIVE,BULL,2026-08-19,2026-09-13 00:00:00,ACTIVE,BULL,2026-08-19,True,True,True,True,1d,,,,,,
2026-09-13 03:29:55,btc_signals_log(13.09)_v4.csv,ACTIVE,BULL,2026-08-19,2026-09-13 00:00:00,ACTIVE,BULL,2026-08-19,True,True,True,True,1d,,,,,,
2026-09-13 03:59:59,btc_signals_log(13.09)_v4.csv,ACTIVE,BULL,2026-08-19,2026-09-13 00:00:00,ACTIVE,BULL,2026-08-19,True,True,True,True,1d,,,,,,
2026-09-13 04:30:05,btc_signals_log(13.09)_v4.csv,ACTIVE,BULL,2026-08-19,2026-09-13 00:00:00,ACTIVE,BULL,2026-08-19,True,True,True,True,1d,,,,,,
2026-09-13 05:00:10,btc_signals_log(13.09)_v4.csv,ACTIVE,BULL,2026-08-19,2026-09-13 00:00:00,ACTIVE,BULL,2026-08-19,True,True,True,True,1d,,,,,,
2026-09-13 05:30:14,btc_signals_log(13.09)_v4.csv,ACTIVE,BULL,2026-08-19,2026-09-13 00:00:00,ACTIVE,BULL,2026-08-19,True,True,True,True,1d,,,,,,
2026-09-13 06:00:19,btc_signals_log(13.09)_v4.csv,ACTIVE,BULL,2026-08-19,2026-09-13 00:00:00,ACTIVE,BULL,2026-08-19,True,True,True,True,1d,,,,,,
2026-09-13 06:30:23,btc_signals_log(13.09)_v4.csv,ACTIVE,BULL,2026-08-19,2026-09-13 00:00:00,ACTIVE,BULL,2026-08-19,True,True,True,True,1d,,,,,,
2026-09-13 07:00:28,btc_signals_log(13.09)_v4.csv,ACTIVE,BULL,2026-08-19,2026-09-13 00:00:00,ACTIVE,BULL,2026-08-19,True,True,True,True,1d,,,,,,
2026-09-13 07:30:33,btc_signals_log(13.09)_v4.csv,ACTIVE,BULL,2026-08-19,2026-09-13 00:00:00,ACTIVE,BULL,2026-08-19,True,True,True,True,1d,,,,,,
2026-09-13 08:00:37,btc_signals_log(13.09)_v4.csv,ACTIVE,BULL,2026-08-19,2026-09-13 00:00:00,ACTIVE,BULL,2026-08-19,True,True,True,True,1d,,,,,,
2026-09-13 08:30:42,btc_signals_log(13.09)_v4.csv,ACTIVE,BULL,2026-08-19,2026-09-13 00:00:00,ACTIVE,BULL,2026-08-19,True,True,True,True,1d,,,,,,
2026-09-13 09:05:46,btc_signals_log(13.09)_v4.csv,ACTIVE,BULL,2026-08-19,2026-09-13 00:00:00,ACTIVE,BULL,2026-08-19,True,True,True,True,1d,,,,,,
2026-09-13 09:35:51,btc_signals_log(13.09)_v4.csv,ACTIVE,BULL,2026-08-19,2026-09-13 00:00:00,ACTIVE,BULL,2026-08-19,True,True,True,True,1d,,,,,,
2026-09-13 10:05:55,btc_signals_log(13.09)_v4.csv,ACTIVE,BULL,2026-08-19,2026-09-13 00:00:00,ACTIVE,BULL,2026-08-19,True,True,True,True,1d,,,,,,
2026-09-13 10:35:59,btc_signals_log(13.09)_v4.csv,ACTIVE,BULL,2026-08-19,2026-09-13 00:00:00,ACTIVE,BULL,2026-08-19,True,True,True,True,1d,,,,,,
2026-09-13 11:06:04,btc_signals_log(13.09)_v4.csv,ACTIVE,BULL,2026-08-19,2026-09-13 00:00:00,ACTIVE,BULL,2026-08-19,True,True,True,True,1d,,,,,,
2026-09-13 11:36:09,btc_signals_log(13.09)_v4.csv,ACTIVE,BULL,2026-08-19,2026-09-13 00:00:00,ACTIVE,BULL,2026-08-19,True,True,True,True,1d,,,,,,
2026-09-13 12:06:13,btc_signals_log(13.09)_v4.csv,ACTIVE,BULL,2026-08-19,2026-09-13 00:00:00,ACTIVE,BULL,2026-08-19,True,True,True,True,1d,,,,,,
2026-09-13 12:36:21,btc_signals_log(13.09)_v4.csv,ACTIVE,BULL,2026-08-19,2026-09-13 00:00:00,ACTIVE,BULL,2026-08-19,True,True,True,True,1d,,,,,,
2026-09-13 13:06:26,btc_signals_log(13.09)_v4.csv,ACTIVE,BULL,2026-08-19,2026-09-13 00:00:00,ACTIVE,BULL,2026-08-19,True,True,True,True,1d,,,,,,
2026-09-13 13:36:30,btc_signals_log(13.09)_v4.csv,ACTIVE,BULL,2026-08-19,2026-09-13 00:00:00,ACTIVE,BULL,2026-08-19,True,True,True,True,1d,,,,,,
2026-09-13 14:06:35,btc_signals_log(13.09)_v4.csv,ACTIVE,BULL,2026-08-19,2026-09-13 00:00:00,ACTIVE,BULL,2026-08-19,True,True,True,True,1d,,,,,,
2026-09-13 14:36:40,btc_signals_log(13.09)_v4.csv,ACTIVE,BULL,2026-08-19,2026-09-13 00:00:00,ACTIVE,BULL,2026-08-19,True,True,True,True,1d,,,,,,
2026-09-13 15:06:44,btc_signals_log(13.09)_v4.csv,ACTIVE,BULL,2026-08-19,2026-09-13 00:00:00,ACTIVE,BULL,2026-08-19,True,True,True,True,1d,,,,,,
2026-09-13 15:36:48,btc_signals_log(13.09)_v4.csv,ACTIVE,BULL,2026-08-19,2026-09-13 00:00:00,ACTIVE,BULL,2026-08-19,True,True,True,True,1d,,,,,,
2026-09-13 16:06:52,btc_signals_log(13.09)_v4.csv,ACTIVE,BULL,2026-08-19,2026-09-13 00:00:00,ACTIVE,BULL,2026-08-19,True,True,True,True,1d,,,,,,
2026-09-13 16:36:56,btc_signals_log(13.09)_v4.csv,ACTIVE,BULL,2026-08-19,2026-09-13 00:00:00,ACTIVE,BULL,2026-08-19,True,True,True,True,1d,,,,,,
2026-09-13 17:07:01,btc_signals_log(13.09)_v4.csv,ACTIVE,BULL,2026-08-19,2026-09-13 00:00:00,ACTIVE,BULL,2026-08-19,True,True,True,True,1d,,,,,,
2026-09-13 17:37:05,btc_signals_log(13.09)_v4.csv,ACTIVE,BULL,2026-08-19,2026-09-13 00:00:00,ACTIVE,BULL,2026-08-19,True,True,True,True,1d,,,,,,
2026-09-13 18:07:09,btc_signals_log(13.09)_v4.csv,ACTIVE,BULL,2026-08-19,2026-09-13 00:00:00,ACTIVE,BULL,2026-08-19,True,True,True,True,1d,,,,,,
2026-09-13 18:37:13,btc_signals_log(13.09)_v4.csv,ACTIVE,BULL,2026-08-19,2026-09-13 00:00:00,ACTIVE,BULL,2026-08-19,True,True,True,True,1d,,,,,,
2026-09-13 19:07:18,btc_signals_log(13.09)_v4.csv,ACTIVE,BULL,2026-08-19,2026-09-13 00:00:00,ACTIVE,BULL,2026-08-19,True,True,True,True,1d,,,,,,
2026-09-13 19:37:22,btc_signals_log(13.09)_v4.csv,ACTIVE,BULL,2026-08-19,2026-09-13 00:00:00,ACTIVE,BULL,2026-08-19,True,True,True,True,1d,,,,,,
2026-09-13 20:07:26,btc_signals_log(13.09)_v4.csv,ACTIVE,BULL,2026-08-19,2026-09-13 00:00:00,ACTIVE,BULL,2026-08-19,True,True,True,True,1d,,,,,,
2026-09-13 20:37:31,btc_signals_log(13.09)_v4.csv,ACTIVE,BULL,2026-08-19,2026-09-13 00:00:00,ACTIVE,BULL,2026-08-19,True,True,True,True,1d,,,,,,
2026-09-13 21:07:37,btc_signals_log(13.09)_v4.csv,ACTIVE,BULL,2026-08-19,2026-09-13 00:00:00,ACTIVE,BULL,2026-08-19,True,True,True,True,1d,,,,,,
2026-09-13 21:37:41,btc_signals_log(13.09)_v4.csv,ACTIVE,BULL,2026-08-19,2026-09-13 00:00:00,ACTIVE,BULL,2026-08-19,True,True,True,True,1d,,,,,,
2026-09-13 22:07:45,btc_signals_log(13.09)_v4.csv,ACTIVE,BULL,2026-08-19,2026-09-13 00:00:00,ACTIVE,BULL,2026-08-19,True,True,True,True,1d,,,,,,
2026-09-13 22:37:50,btc_signals_log(13.09)_v4.csv,ACTIVE,BULL,2026-08-19,2026-09-13 00:00:00,ACTIVE,BULL,2026-08-19,True,True,True,True,1d,,,,,,
2026-09-13 23:07:54,btc_signals_log(13.09)_v4.csv,ACTIVE,BULL,2026-08-19,2026-09-13 00:00:00,ACTIVE,BULL,2026-08-19,True,True,True,True,1d,,,,,,
2026-09-13 23:37:59,btc_signals_log(13.09)_v4.csv,ACTIVE,BULL,2026-08-19,2026-09-13 00:00:00,ACTIVE,BULL,2026-08-19,True,True,True,True,1d,,,,,,
2026-09-14 00:08:03,btc_signals_log(14.09)_v4.csv,ACTIVE,BULL,2026-08-19,2026-09-14 00:00:00,ACTIVE,BULL,2026-08-19,True,True,True,True,1d,,,,,,
2026-09-14 00:38:08,btc_signals_log(14.09)_v4.csv,ACTIVE,BULL,2026-08-19,2026-09-14 00:00:00,ACTIVE,BULL,2026-08-19,True,True,True,True,1d,,,,,,
2026-09-14 01:08:12,btc_signals_log(14.09)_v4.csv,ACTIVE,BULL,2026-08-19,2026-09-14 00:00:00,ACTIVE,BULL,2026-08-19,True,True,True,True,1d,,,,,,
2026-09-14 01:38:17,btc_signals_log(14.09)_v4.csv,ACTIVE,BULL,2026-08-19,2026-09-14 00:00:00,ACTIVE,BULL,2026-08-19,True,True,True,True,1d,,,,,,
2026-09-14 02:08:21,btc_signals_log(14.09)_v4.csv,ACTIVE,BULL,2026-08-19,2026-09-14 00:00:00,ACTIVE,BULL,2026-08-19,True,True,True,True,1d,,,,,,
2026-09-14 02:38:26,btc_signals_log(14.09)_v4.csv,ACTIVE,BULL,2026-08-19,2026-09-14 00:00:00,ACTIVE,BULL,2026-08-19,True,True,True,True,1d,,,,,,
2026-09-14 03:08:30,btc_signals_log(14.09)_v4.csv,ACTIVE,BULL,2026-08-19,2026-09-14 00:00:00,ACTIVE,BULL,2026-08-19,True,True,True,True,1d,,,,,,
2026-09-14 03:38:34,btc_signals_log(14.09)_v4.csv,ACTIVE,BULL,2026-08-19,2026-09-14 00:00:00,ACTIVE,BULL,2026-08-19,True,True,True,True,1d,,,,,,
2026-09-14 04:08:39,btc_signals_log(14.09)_v4.csv,ACTIVE,BULL,2026-08-19,2026-09-14 00:00:00,ACTIVE,BULL,2026-08-19,True,True,True,True,1d,,,,,,
2026-09-14 04:38:43,btc_signals_log(14.09)_v4.csv,ACTIVE,BULL,2026-08-19,2026-09-14 00:00:00,ACTIVE,BULL,2026-08-19,True,True,True,True,1d,,,,,,
2026-09-14 05:08:48,btc_signals_log(14.09)_v4.csv,ACTIVE,BULL,2026-08-19,2026-09-14 00:00:00,ACTIVE,BULL,2026-08-19,True,True,True,True,1d,,,,,,
2026-09-14 05:38:52,btc_signals_log(14.09)_v4.csv,ACTIVE,BULL,2026-08-19,2026-09-14 00:00:00,ACTIVE,BULL,2026-08-19,True,True,True,True,1d,,,,,,
2026-09-14 06:08:57,btc_signals_log(14.09)_v4.csv,ACTIVE,BULL,2026-08-19,2026-09-14 00:00:00,ACTIVE,BULL,2026-08-19,True,True,True,True,1d,,,,,,
2026-09-14 06:39:02,btc_signals_log(14.09)_v4.csv,ACTIVE,BULL,2026-08-19,2026-09-14 00:00:00,ACTIVE,BULL,2026-08-19,True,True,True,True,1d,,,,,,
2026-09-14 07:09:07,btc_signals_log(14.09)_v4.csv,ACTIVE,BULL,2026-08-19,2026-09-14 00:00:00,ACTIVE,BULL,2026-08-19,True,True,True,True,1d,,,,,,
2026-09-14 07:39:12,btc_signals_log(14.09)_v4.csv,ACTIVE,BULL,2026-08-19,2026-09-14 00:00:00,ACTIVE,BULL,2026-08-19,True,True,True,True,1d,,,,,,
2026-09-14 08:09:17,btc_signals_log(14.09)_v4.csv,ACTIVE,BULL,2026-08-19,2026-09-14 00:00:00,ACTIVE,BULL,2026-08-19,True,True,True,True,1d,,,,,,
2026-09-14 08:39:22,btc_signals_log(14.09)_v4.csv,ACTIVE,BULL,2026-08-19,2026-09-14 00:00:00,ACTIVE,BULL,2026-08-19,True,True,True,True,1d,,,,,,
2026-09-14 09:09:27,btc_signals_log(14.09)_v4.csv,ACTIVE,BULL,2026-08-19,2026-09-14 00:00:00,ACTIVE,BULL,2026-08-19,True,True,True,True,1d,,,,,,
2026-09-14 09:39:32,btc_signals_log(14.09)_v4.csv,ACTIVE,BULL,2026-08-19,2026-09-14 00:00:00,ACTIVE,BULL,2026-08-19,True,True,True,True,1d,,,,,,
2026-09-14 10:09:37,btc_signals_log(14.09)_v4.csv,ACTIVE,BULL,2026-08-19,2026-09-14 00:00:00,ACTIVE,BULL,2026-08-19,True,True,True,True,1d,,,,,,
2026-09-14 10:39:41,btc_signals_log(14.09)_v4.csv,ACTIVE,BULL,2026-08-19,2026-09-14 00:00:00,ACTIVE,BULL,2026-08-19,True,True,True,True,1d,,,,,,
2026-09-14 11:09:46,btc_signals_log(14.09)_v4.csv,ACTIVE,BULL,2026-08-19,2026-09-14 00:00:00,ACTIVE,BULL,2026-08-19,True,True,True,True,1d,,,,,,
2026-09-14 11:39:51,btc_signals_log(14.09)_v4.csv,ACTIVE,BULL,2026-08-19,2026-09-14 00:00:00,ACTIVE,BULL,2026-08-19,True,True,True,True,1d,,,,,,
2026-09-14 12:09:55,btc_signals_log(14.09)_v4.csv,ACTIVE,BULL,2026-08-19,2026-09-14 00:00:00,ACTIVE,BULL,2026-08-19,True,True,True,True,1d,,,,,,
2026-09-14 12:39:59,btc_signals_log(14.09)_v4.csv,ACTIVE,BULL,2026-08-19,2026-09-14 00:00:00,ACTIVE,BULL,2026-08-19,True,True,True,True,1d,,,,,,
2026-09-14 13:10:05,btc_signals_log(14.09)_v4.csv,ACTIVE,BULL,2026-08-19,2026-09-14 00:00:00,ACTIVE,BULL,2026-08-19,True,True,True,True,1d,,,,,,
2026-09-14 13:40:10,btc_signals_log(14.09)_v4.csv,ACTIVE,BULL,2026-08-19,2026-09-14 00:00:00,ACTIVE,BULL,2026-08-19,True,True,True,True,1d,,,,,,
2026-09-14 14:10:15,btc_signals_log(14.09)_v4.csv,ACTIVE,BULL,2026-08-19,2026-09-14 00:00:00,ACTIVE,BULL,2026-08-19,True,True,True,True,1d,,,,,,
2026-09-14 14:40:19,btc_signals_log(14.09)_v4.csv,ACTIVE,BULL,2026-08-19,2026-09-14 00:00:00,ACTIVE,BULL,2026-08-19,True,True,True,True,1d,,,,,,
2026-09-14 15:10:23,btc_signals_log(14.09)_v4.csv,ACTIVE,BULL,2026-08-19,2026-09-14 00:00:00,ACTIVE,BULL,2026-08-19,True,True,True,True,1d,,,,,,
2026-09-14 15:40:28,btc_signals_log(14.09)_v4.csv,ACTIVE,BULL,2026-08-19,2026-09-14 00:00:00,ACTIVE,BULL,2026-08-19,True,True,True,True,1d,,,,,,
2026-09-14 16:10:32,btc_signals_log(14.09)_v4.csv,ACTIVE,BULL,2026-08-19,2026-09-14 00:00:00,ACTIVE,BULL,2026-08-19,True,True,True,True,1d,,,,,,
2026-09-14 16:40:37,btc_signals_log(14.09)_v4.csv,ACTIVE,BULL,2026-08-19,2026-09-14 00:00:00,ACTIVE,BULL,2026-08-19,True,True,True,True,1d,,,,,,
2026-09-14 17:10:41,btc_signals_log(14.09)_v4.csv,ACTIVE,BULL,2026-08-19,2026-09-14 00:00:00,ACTIVE,BULL,2026-08-19,True,True,True,True,1d,,,,,,
2026-09-14 17:40:45,btc_signals_log(14.09)_v4.csv,ACTIVE,BULL,2026-08-19,2026-09-14 00:00:00,ACTIVE,BULL,2026-08-19,True,True,True,True,1d,,,,,,
2026-09-14 18:10:50,btc_signals_log(14.09)_v4.csv,ACTIVE,BULL,2026-08-19,2026-09-14 00:00:00,ACTIVE,BULL,2026-08-19,True,True,True,True,1d,,,,,,
2026-09-14 18:40:54,btc_signals_log(14.09)_v4.csv,ACTIVE,BULL,2026-08-19,2026-09-14 00:00:00,ACTIVE,BULL,2026-08-19,True,True,True,True,1d,,,,,,
2026-09-14 19:10:58,btc_signals_log(14.09)_v4.csv,ACTIVE,BULL,2026-08-19,2026-09-14 00:00:00,ACTIVE,BULL,2026-08-19,True,True,True,True,1d,,,,,,
2026-09-14 19:41:03,btc_signals_log(14.09)_v4.csv,ACTIVE,BULL,2026-08-19,2026-09-14 00:00:00,ACTIVE,BULL,2026-08-19,True,True,True,True,1d,,,,,,
2026-09-14 20:11:07,btc_signals_log(14.09)_v4.csv,ACTIVE,BULL,2026-08-19,2026-09-14 00:00:00,ACTIVE,BULL,2026-08-19,True,True,True,True,1d,,,,,,
2026-09-14 20:41:11,btc_signals_log(14.09)_v4.csv,ACTIVE,BULL,2026-08-19,2026-09-14 00:00:00,ACTIVE,BULL,2026-08-19,True,True,True,True,1d,,,,,,
2026-09-14 21:11:15,btc_signals_log(14.09)_v4.csv,ACTIVE,BULL,2026-08-19,2026-09-14 00:00:00,ACTIVE,BULL,2026-08-19,True,True,True,True,1d,,,,,,
2026-09-14 21:41:20,btc_signals_log(14.09)_v4.csv,ACTIVE,BULL,2026-08-19,2026-09-14 00:00:00,ACTIVE,BULL,2026-08-19,True,True,True,True,1d,,,,,,
2026-09-14 22:11:24,btc_signals_log(14.09)_v4.csv,ACTIVE,BULL,2026-08-19,2026-09-14 00:00:00,ACTIVE,BULL,2026-08-19,True,True,True,True,1d,,,,,,
2026-09-14 22:41:28,btc_signals_log(14.09)_v4.csv,ACTIVE,BULL,2026-08-19,2026-09-14 00:00:00,ACTIVE,BULL,2026-08-19,True,True,True,True,1d,,,,,,
2026-09-14 23:11:33,btc_signals_log(14.09)_v4.csv,ACTIVE,BULL,2026-08-19,2026-09-14 00:00:00,ACTIVE,BULL,2026-08-19,True,True,True,True,1d,,,,,,
2026-09-14 23:41:38,btc_signals_log(14.09)_v4.csv,ACTIVE,BULL,2026-08-19,2026-09-14 00:00:00,ACTIVE,BULL,2026-08-19,True,True,True,True,1d,,,,,,
2026-09-15 00:11:42,btc_signals_log(15.09)_v4.csv,ACTIVE,BULL,2026-08-19,2026-09-15 00:00:00,ACTIVE,BULL,2026-08-19,True,True,True,True,1d,,,,,,
2026-09-15 00:41:46,btc_signals_log(15.09)_v4.csv,ACTIVE,BULL,2026-08-19,2026-09-15 00:00:00,ACTIVE,BULL,2026-08-19,True,True,True,True,1d,,,,,,
2026-09-15 01:11:51,btc_signals_log(15.09)_v4.csv,ACTIVE,BULL,2026-08-19,2026-09-15 00:00:00,ACTIVE,BULL,2026-08-19,True,True,True,True,1d,,,,,,
2026-09-15 01:41:56,btc_signals_log(15.09)_v4.csv,ACTIVE,BULL,2026-08-19,2026-09-15 00:00:00,ACTIVE,BULL,2026-08-19,True,True,True,True,1d,,,,,,
2026-09-15 02:12:01,btc_signals_log(15.09)_v4.csv,ACTIVE,BULL,2026-08-19,2026-09-15 00:00:00,ACTIVE,BULL,2026-08-19,True,True,True,True,1d,,,,,,
2026-09-15 02:42:05,btc_signals_log(15.09)_v4.csv,ACTIVE,BULL,2026-08-19,2026-09-15 00:00:00,ACTIVE,BULL,2026-08-19,True,True,True,True,1d,,,,,,
2026-09-15 03:12:10,btc_signals_log(15.09)_v4.csv,ACTIVE,BULL,2026-08-19,2026-09-15 00:00:00,ACTIVE,BULL,2026-08-19,True,True,True,True,1d,,,,,,
2026-09-15 03:42:14,btc_signals_log(15.09)_v4.csv,ACTIVE,BULL,2026-08-19,2026-09-15 00:00:00,ACTIVE,BULL,2026-08-19,True,True,True,True,1d,,,,,,
2026-09-15 04:12:19,btc_signals_log(15.09)_v4.csv,ACTIVE,BULL,2026-08-19,2026-09-15 00:00:00,ACTIVE,BULL,2026-08-19,True,True,True,True,1d,,,,,,
2026-09-15 04:42:23,btc_signals_log(15.09)_v4.csv,ACTIVE,BULL,2026-08-19,2026-09-15 00:00:00,ACTIVE,BULL,2026-08-19,True,True,True,True,1d,,,,,,
2026-09-15 05:12:28,btc_signals_log(15.09)_v4.csv,ACTIVE,BULL,2026-08-19,2026-09-15 00:00:00,ACTIVE,BULL,2026-08-19,True,True,True,True,1d,,,,,,
2026-09-15 05:42:33,btc_signals_log(15.09)_v4.csv,ACTIVE,BULL,2026-08-19,2026-09-15 00:00:00,ACTIVE,BULL,2026-08-19,True,True,True,True,1d,,,,,,
2026-09-15 06:12:37,btc_signals_log(15.09)_v4.csv,ACTIVE,BULL,2026-08-19,2026-09-15 00:00:00,ACTIVE,BULL,2026-08-19,True,True,True,True,1d,,,,,,
2026-09-15 06:42:41,btc_signals_log(15.09)_v4.csv,ACTIVE,BULL,2026-08-19,2026-09-15 00:00:00,ACTIVE,BULL,2026-08-19,True,True,True,True,1d,,,,,,
2026-09-15 07:12:46,btc_signals_log(15.09)_v4.csv,ACTIVE,BULL,2026-08-19,2026-09-15 00:00:00,ACTIVE,BULL,2026-08-19,True,True,True,True,1d,,,,,,
2026-09-15 07:42:51,btc_signals_log(15.09)_v4.csv,ACTIVE,BULL,2026-08-19,2026-09-15 00:00:00,ACTIVE,BULL,2026-08-19,True,True,True,True,1d,,,,,,
2026-09-15 08:12:56,btc_signals_log(15.09)_v4.csv,ACTIVE,BULL,2026-08-19,2026-09-15 00:00:00,ACTIVE,BULL,2026-08-19,True,True,True,True,1d,,,,,,
2026-09-15 08:43:00,btc_signals_log(15.09)_v4.csv,ACTIVE,BULL,2026-08-19,2026-09-15 00:00:00,ACTIVE,BULL,2026-08-19,True,True,True,True,1d,,,,,,
2026-09-15 09:13:05,btc_signals_log(15.09)_v4.csv,ACTIVE,BULL,2026-08-19,2026-09-15 00:00:00,ACTIVE,BULL,2026-08-19,True,True,True,True,1d,,,,,,
2026-09-15 09:43:09,btc_signals_log(15.09)_v4.csv,ACTIVE,BULL,2026-08-19,2026-09-15 00:00:00,ACTIVE,BULL,2026-08-19,True,True,True,True,1d,,,,,,
2026-09-15 14:06:12,btc_signals_log(15.09)_v4.csv,ACTIVE,BULL,2026-08-19,2026-09-15 00:00:00,ACTIVE,BULL,2026-08-19,True,True,True,True,1d,,,,,,
2026-09-15 14:36:17,btc_signals_log(15.09)_v4.csv,ACTIVE,BULL,2026-08-19,2026-09-15 00:00:00,ACTIVE,BULL,2026-08-19,True,True,True,True,1d,,,,,,
2026-09-15 15:06:22,btc_signals_log(15.09)_v4.csv,ACTIVE,BULL,2026-08-19,2026-09-15 00:00:00,ACTIVE,BULL,2026-08-19,True,True,True,True,1d,,,,,,
2026-09-15 15:36:26,btc_signals_log(15.09)_v4.csv,ACTIVE,BULL,2026-08-19,2026-09-15 00:00:00,ACTIVE,BULL,2026-08-19,True,True,True,True,1d,,,,,,
2026-09-15 16:06:30,btc_signals_log(15.09)_v4.csv,ACTIVE,BULL,2026-08-19,2026-09-15 00:00:00,ACTIVE,BULL,2026-08-19,True,True,True,True,1d,,,,,,
2026-09-15 16:36:35,btc_signals_log(15.09)_v4.csv,ACTIVE,BULL,2026-08-19,2026-09-15 00:00:00,ACTIVE,BULL,2026-08-19,True,True,True,True,1d,,,,,,
2026-09-15 17:06:40,btc_signals_log(15.09)_v4.csv,ACTIVE,BULL,2026-08-19,2026-09-15 00:00:00,ACTIVE,BULL,2026-08-19,True,True,True,True,1d,,,,,,
2026-09-15 17:36:45,btc_signals_log(15.09)_v4.csv,ACTIVE,BULL,2026-08-19,2026-09-15 00:00:00,ACTIVE,BULL,2026-08-19,True,True,True,True,1d,,,,,,
2026-09-15 18:06:50,btc_signals_log(15.09)_v4.csv,ACTIVE,BULL,2026-08-19,2026-09-15 00:00:00,ACTIVE,BULL,2026-08-19,True,True,True,True,1d,,,,,,
2026-09-15 18:36:54,btc_signals_log(15.09)_v4.csv,ACTIVE,BULL,2026-08-19,2026-09-15 00:00:00,ACTIVE,BULL,2026-08-19,True,True,True,True,1d,,,,,,
2026-09-15 19:06:59,btc_signals_log(15.09)_v4.csv,ACTIVE,BULL,2026-08-19,2026-09-15 00:00:00,ACTIVE,BULL,2026-08-19,True,True,True,True,1d,,,,,,
2026-09-15 19:37:03,btc_signals_log(15.09)_v4.csv,ACTIVE,BULL,2026-08-19,2026-09-15 00:00:00,ACTIVE,BULL,2026-08-19,True,True,True,True,1d,,,,,,
2026-09-15 20:07:08,btc_signals_log(15.09)_v4.csv,ACTIVE,BULL,2026-08-19,2026-09-15 00:00:00,ACTIVE,BULL,2026-08-19,True,True,True,True,1d,,,,,,
2026-09-15 20:37:12,btc_signals_log(15.09)_v4.csv,ACTIVE,BULL,2026-08-19,2026-09-15 00:00:00,ACTIVE,BULL,2026-08-19,True,True,True,True,1d,,,,,,
2026-09-15 21:07:17,btc_signals_log(15.09)_v4.csv,ACTIVE,BULL,2026-08-19,2026-09-15 00:00:00,ACTIVE,BULL,2026-08-19,True,True,True,True,1d,,,,,,
2026-09-15 21:37:21,btc_signals_log(15.09)_v4.csv,ACTIVE,BULL,2026-08-19,2026-09-15 00:00:00,ACTIVE,BULL,2026-08-19,True,True,True,True,1d,,,,,,
2026-09-15 22:07:25,btc_signals_log(15.09)_v4.csv,ACTIVE,BULL,2026-08-19,2026-09-15 00:00:00,ACTIVE,BULL,2026-08-19,True,True,True,True,1d,,,,,,
2026-09-15 22:37:29,btc_signals_log(15.09)_v4.csv,ACTIVE,BULL,2026-08-19,2026-09-15 00:00:00,ACTIVE,BULL,2026-08-19,True,True,True,True,1d,,,,,,
2026-09-15 23:07:35,btc_signals_log(15.09)_v4.csv,ACTIVE,BULL,2026-08-19,2026-09-15 00:00:00,ACTIVE,BULL,2026-08-19,True,True,True,True,1d,,,,,,
2026-09-15 23:37:40,btc_signals_log(15.09)_v4.csv,ACTIVE,BULL,2026-08-19,2026-09-15 00:00:00,ACTIVE,BULL,2026-08-19,True,True,True,True,1d,,,,,,
2026-09-16 00:07:45,btc_signals_log(16.09)_v4.csv,ENDED,BULL,2026-08-19,2026-09-16 00:00:00,ENDED,BULL,2026-08-19,True,True,True,True,1d,,,,,,
2026-09-16 00:37:49,btc_signals_log(16.09)_v4.csv,ENDED,BULL,2026-08-19,2026-09-16 00:00:00,ENDED,BULL,2026-08-19,True,True,True,True,1d,,,,,,
2026-09-16 01:07:54,btc_signals_log(16.09)_v4.csv,ENDED,BULL,2026-08-19,2026-09-16 00:00:00,ENDED,BULL,2026-08-19,True,True,True,True,1d,,,,,,
2026-09-16 01:37:58,btc_signals_log(16.09)_v4.csv,ENDED,BULL,2026-08-19,2026-09-16 00:00:00,ENDED,BULL,2026-08-19,True,True,True,True,1d,,,,,,
2026-09-16 02:08:03,btc_signals_log(16.09)_v4.csv,ENDED,BULL,2026-08-19,2026-09-16 00:00:00,ENDED,BULL,2026-08-19,True,True,True,True,1d,,,,,,
2026-09-16 02:38:07,btc_signals_log(16.09)_v4.csv,ENDED,BULL,2026-08-19,2026-09-16 00:00:00,ENDED,BULL,2026-08-19,True,True,True,True,1d,,,,,,
2026-09-16 03:08:12,btc_signals_log(16.09)_v4.csv,ENDED,BULL,2026-08-19,2026-09-16 00:00:00,ENDED,BULL,2026-08-19,True,True,True,True,1d,,,,,,
2026-09-16 07:38:05,btc_signals_log(16.09)_v4.csv,ENDED,BULL,2026-08-19,2026-09-16 00:00:00,ENDED,BULL,2026-08-19,True,True,True,True,1d,,,,,,
2026-09-16 08:08:09,btc_signals_log(16.09)_v4.csv,ENDED,BULL,2026-08-19,2026-09-16 00:00:00,ENDED,BULL,2026-08-19,True,True,True,True,1d,,,,,,
2026-09-16 08:40:47,btc_signals_log(16.09)_v4.csv,ENDED,BULL,2026-08-19,2026-09-16 00:00:00,ENDED,BULL,2026-08-19,True,True,True,True,1d,,,,,,
2026-09-16 09:10:52,btc_signals_log(16.09)_v4.csv,ENDED,BULL,2026-08-19,2026-09-16 00:00:00,ENDED,BULL,2026-08-19,True,True,True,True,1d,,,,,,
2026-09-16 09:40:56,btc_signals_log(16.09)_v4.csv,ENDED,BULL,2026-08-19,2026-09-16 00:00:00,ENDED,BULL,2026-08-19,True,True,True,True,1d,,,,,,
2026-09-16 10:11:01,btc_signals_log(16.09)_v4.csv,ENDED,BULL,2026-08-19,2026-09-16 00:00:00,ENDED,BULL,2026-08-19,True,True,True,True,1d,,,,,,
2026-09-16 10:41:06,btc_signals_log(16.09)_v4.csv,ENDED,BULL,2026-08-19,2026-09-16 00:00:00,ENDED,BULL,2026-08-19,True,True,True,True,1d,,,,,,
2026-09-16 11:11:10,btc_signals_log(16.09)_v4.csv,ENDED,BULL,2026-08-19,2026-09-16 00:00:00,ENDED,BULL,2026-08-19,True,True,True,True,1d,,,,,,
2026-09-16 11:41:15,btc_signals_log(16.09)_v4.csv,ENDED,BULL,2026-08-19,2026-09-16 00:00:00,ENDED,BULL,2026-08-19,True,True,True,True,1d,,,,,,
2026-09-16 12:11:20,btc_signals_log(16.09)_v4.csv,ENDED,BULL,2026-08-19,2026-09-16 00:00:00,ENDED,BULL,2026-08-19,True,True,True,True,1d,,,,,,
2026-09-16 12:41:26,btc_signals_log(16.09)_v4.csv,ENDED,BULL,2026-08-19,2026-09-16 00:00:00,ENDED,BULL,2026-08-19,True,True,True,True,1d,,,,,,
2026-09-16 13:11:31,btc_signals_log(16.09)_v4.csv,ENDED,BULL,2026-08-19,2026-09-16 00:00:00,ENDED,BULL,2026-08-19,True,True,True,True,1d,,,,,,
2026-09-16 13:41:35,btc_signals_log(16.09)_v4.csv,ENDED,BULL,2026-08-19,2026-09-16 00:00:00,ENDED,BULL,2026-08-19,True,True,True,True,1d,,,,,,
2026-09-16 14:11:41,btc_signals_log(16.09)_v4.csv,ENDED,BULL,2026-08-19,2026-09-16 00:00:00,ENDED,BULL,2026-08-19,True,True,True,True,1d,,,,,,
2026-09-16 14:41:46,btc_signals_log(16.09)_v4.csv,ENDED,BULL,2026-08-19,2026-09-16 00:00:00,ENDED,BULL,2026-08-19,True,True,True,True,1d,,,,,,
2026-09-16 15:11:51,btc_signals_log(16.09)_v4.csv,ENDED,BULL,2026-08-19,2026-09-16 00:00:00,ENDED,BULL,2026-08-19,True,True,True,True,1d,,,,,,
2026-09-16 15:41:55,btc_signals_log(16.09)_v4.csv,ENDED,BULL,2026-08-19,2026-09-16 00:00:00,ENDED,BULL,2026-08-19,True,True,True,True,1d,,,,,,
2026-09-16 16:12:01,btc_signals_log(16.09)_v4.csv,ENDED,BULL,2026-08-19,2026-09-16 00:00:00,ENDED,BULL,2026-08-19,True,True,True,True,1d,,,,,,
2026-09-16 16:42:06,btc_signals_log(16.09)_v4.csv,ENDED,BULL,2026-08-19,2026-09-16 00:00:00,ENDED,BULL,2026-08-19,True,True,True,True,1d,,,,,,
2026-09-16 17:12:10,btc_signals_log(16.09)_v4.csv,ENDED,BULL,2026-08-19,2026-09-16 00:00:00,ENDED,BULL,2026-08-19,True,True,True,True,1d,,,,,,
2026-09-16 17:42:15,btc_signals_log(16.09)_v4.csv,ENDED,BULL,2026-08-19,2026-09-16 00:00:00,ENDED,BULL,2026-08-19,True,True,True,True,1d,,,,,,
2026-09-16 18:12:19,btc_signals_log(16.09)_v4.csv,ENDED,BULL,2026-08-19,2026-09-16 00:00:00,ENDED,BULL,2026-08-19,True,True,True,True,1d,,,,,,
2026-09-16 18:42:24,btc_signals_log(16.09)_v4.csv,ENDED,BULL,2026-08-19,2026-09-16 00:00:00,ENDED,BULL,2026-08-19,True,True,True,True,1d,,,,,,
2026-09-16 19:12:29,btc_signals_log(16.09)_v4.csv,ENDED,BULL,2026-08-19,2026-09-16 00:00:00,ENDED,BULL,2026-08-19,True,True,True,True,1d,,,,,,
2026-09-16 19:42:34,btc_signals_log(16.09)_v4.csv,ENDED,BULL,2026-08-19,2026-09-16 00:00:00,ENDED,BULL,2026-08-19,True,True,True,True,1d,,,,,,
2026-09-16 20:12:38,btc_signals_log(16.09)_v4.csv,ENDED,BULL,2026-08-19,2026-09-16 00:00:00,ENDED,BULL,2026-08-19,True,True,True,True,1d,,,,,,
2026-09-16 20:42:43,btc_signals_log(16.09)_v4.csv,ENDED,BULL,2026-08-19,2026-09-16 00:00:00,ENDED,BULL,2026-08-19,True,True,True,True,1d,,,,,,
2026-09-16 21:12:47,btc_signals_log(16.09)_v4.csv,ENDED,BULL,2026-08-19,2026-09-16 00:00:00,ENDED,BULL,2026-08-19,True,True,True,True,1d,,,,,,
2026-09-16 21:42:52,btc_signals_log(16.09)_v4.csv,ENDED,BULL,2026-08-19,2026-09-16 00:00:00,ENDED,BULL,2026-08-19,True,True,True,True,1d,,,,,,
2026-09-16 22:12:56,btc_signals_log(16.09)_v4.csv,ENDED,BULL,2026-08-19,2026-09-16 00:00:00,ENDED,BULL,2026-08-19,True,True,True,True,1d,,,,,,
2026-09-16 22:43:00,btc_signals_log(16.09)_v4.csv,ENDED,BULL,2026-08-19,2026-09-16 00:00:00,ENDED,BULL,2026-08-19,True,True,True,True,1d,,,,,,
2026-09-16 23:13:05,btc_signals_log(16.09)_v4.csv,ENDED,BULL,2026-08-19,2026-09-16 00:00:00,ENDED,BULL,2026-08-19,True,True,True,True,1d,,,,,,
2026-09-16 23:43:09,btc_signals_log(16.09)_v4.csv,ENDED,BULL,2026-08-19,2026-09-16 00:00:00,ENDED,BULL,2026-08-19,True,True,True,True,1d,,,,,,
2026-09-17 00:13:13,btc_signals_log(17.09)_v4.csv,ENDED,BULL,2026-08-19,2026-09-17 00:00:00,ENDED,BULL,2026-08-19,True,True,True,True,1d,,,,,,
2026-09-17 00:43:18,btc_signals_log(17.09)_v4.csv,ENDED,BULL,2026-08-19,2026-09-17 00:00:00,ENDED,BULL,2026-08-19,True,True,True,True,1d,,,,,,
2026-09-17 01:13:22,btc_signals_log(17.09)_v4.csv,ENDED,BULL,2026-08-19,2026-09-17 00:00:00,ENDED,BULL,2026-08-19,True,True,True,True,1d,,,,,,
2026-09-17 01:43:27,btc_signals_log(17.09)_v4.csv,ENDED,BULL,2026-08-19,2026-09-17 00:00:00,ENDED,BULL,2026-08-19,True,True,True,True,1d,,,,,,
2026-09-17 02:13:31,btc_signals_log(17.09)_v4.csv,ENDED,BULL,2026-08-19,2026-09-17 00:00:00,ENDED,BULL,2026-08-19,True,True,True,True,1d,,,,,,
2026-09-17 02:43:35,btc_signals_log(17.09)_v4.csv,ENDED,BULL,2026-08-19,2026-09-17 00:00:00,ENDED,BULL,2026-08-19,True,True,True,True,1d,,,,,,
2026-09-17 03:13:40,btc_signals_log(17.09)_v4.csv,ENDED,BULL,2026-08-19,2026-09-17 00:00:00,ENDED,BULL,2026-08-19,True,True,True,True,1d,,,,,,
2026-09-17 03:43:45,btc_signals_log(17.09)_v4.csv,ENDED,BULL,2026-08-19,2026-09-17 00:00:00,ENDED,BULL,2026-08-19,True,True,True,True,1d,,,,,,
2026-09-17 04:13:49,btc_signals_log(17.09)_v4.csv,ENDED,BULL,2026-08-19,2026-09-17 00:00:00,ENDED,BULL,2026-08-19,True,True,True,True,1d,,,,,,
2026-09-17 04:43:53,btc_signals_log(17.09)_v4.csv,ENDED,BULL,2026-08-19,2026-09-17 00:00:00,ENDED,BULL,2026-08-19,True,True,True,True,1d,,,,,,
2026-09-17 05:13:58,btc_signals_log(17.09)_v4.csv,ENDED,BULL,2026-08-19,2026-09-17 00:00:00,ENDED,BULL,2026-08-19,True,True,True,True,1d,,,,,,
2026-09-17 05:44:02,btc_signals_log(17.09)_v4.csv,ENDED,BULL,2026-08-19,2026-09-17 00:00:00,ENDED,BULL,2026-08-19,True,True,True,True,1d,,,,,,
2026-09-17 06:14:07,btc_signals_log(17.09)_v4.csv,ENDED,BULL,2026-08-19,2026-09-17 00:00:00,ENDED,BULL,2026-08-19,True,True,True,True,1d,,,,,,
2026-09-17 06:44:11,btc_signals_log(17.09)_v4.csv,ENDED,BULL,2026-08-19,2026-09-17 00:00:00,ENDED,BULL,2026-08-19,True,True,True,True,1d,,,,,,
2026-09-17 07:14:15,btc_signals_log(17.09)_v4.csv,ENDED,BULL,2026-08-19,2026-09-17 00:00:00,ENDED,BULL,2026-08-19,True,True,True,True,1d,,,,,,
2026-09-17 07:44:20,btc_signals_log(17.09)_v4.csv,ENDED,BULL,2026-08-19,2026-09-17 00:00:00,ENDED,BULL,2026-08-19,True,True,True,True,1d,,,,,,
2026-09-17 08:14:45,btc_signals_log(17.09)_v4.csv,ENDED,BULL,2026-08-19,2026-09-17 00:00:00,ENDED,BULL,2026-08-19,True,True,True,True,1d,,,,,,
2026-09-17 08:44:48,btc_signals_log(17.09)_v4.csv,ENDED,BULL,2026-08-19,2026-09-17 00:00:00,ENDED,BULL,2026-08-19,True,True,True,True,1d,,,,,,
2026-09-17 09:14:52,btc_signals_log(17.09)_v4.csv,ENDED,BULL,2026-08-19,2026-09-17 00:00:00,ENDED,BULL,2026-08-19,True,True,True,True,1d,,,,,,
2026-09-17 09:44:57,btc_signals_log(17.09)_v4.csv,ENDED,BULL,2026-08-19,2026-09-17 00:00:00,ENDED,BULL,2026-08-19,True,True,True,True,1d,,,,,,
2026-09-17 10:15:02,btc_signals_log(17.09)_v4.csv,ENDED,BULL,2026-08-19,2026-09-17 00:00:00,ENDED,BULL,2026-08-19,True,True,True,True,1d,,,,,,
2026-09-17 10:45:06,btc_signals_log(17.09)_v4.csv,ENDED,BULL,2026-08-19,2026-09-17 00:00:00,ENDED,BULL,2026-08-19,True,True,True,True,1d,,,,,,
2026-09-17 11:15:11,btc_signals_log(17.09)_v4.csv,ENDED,BULL,2026-08-19,2026-09-17 00:00:00,ENDED,BULL,2026-08-19,True,True,True,True,1d,,,,,,
2026-09-17 11:45:15,btc_signals_log(17.09)_v4.csv,ENDED,BULL,2026-08-19,2026-09-17 00:00:00,ENDED,BULL,2026-08-19,True,True,True,True,1d,,,,,,
2026-09-17 12:15:21,btc_signals_log(17.09)_v4.csv,ENDED,BULL,2026-08-19,2026-09-17 00:00:00,ENDED,BULL,2026-08-19,True,True,True,True,1d,,,,,,
2026-09-17 12:45:25,btc_signals_log(17.09)_v4.csv,ENDED,BULL,2026-08-19,2026-09-17 00:00:00,ENDED,BULL,2026-08-19,True,True,True,True,1d,,,,,,
2026-09-17 13:15:30,btc_signals_log(17.09)_v4.csv,ENDED,BULL,2026-08-19,2026-09-17 00:00:00,ENDED,BULL,2026-08-19,True,True,True,True,1d,,,,,,
2026-09-17 13:45:34,btc_signals_log(17.09)_v4.csv,ENDED,BULL,2026-08-19,2026-09-17 00:00:00,ENDED,BULL,2026-08-19,True,True,True,True,1d,,,,,,
2026-09-17 14:15:39,btc_signals_log(17.09)_v4.csv,ENDED,BULL,2026-08-19,2026-09-17 00:00:00,ENDED,BULL,2026-08-19,True,True,True,True,1d,,,,,,
2026-09-17 14:45:43,btc_signals_log(17.09)_v4.csv,ENDED,BULL,2026-08-19,2026-09-17 00:00:00,ENDED,BULL,2026-08-19,True,True,True,True,1d,,,,,,
2026-09-17 15:15:48,btc_signals_log(17.09)_v4.csv,ENDED,BULL,2026-08-19,2026-09-17 00:00:00,ENDED,BULL,2026-08-19,True,True,True,True,1d,,,,,,
2026-09-17 15:45:53,btc_signals_log(17.09)_v4.csv,ENDED,BULL,2026-08-19,2026-09-17 00:00:00,ENDED,BULL,2026-08-19,True,True,True,True,1d,,,,,,
2026-09-17 16:15:58,btc_signals_log(17.09)_v4.csv,ENDED,BULL,2026-08-19,2026-09-17 00:00:00,ENDED,BULL,2026-08-19,True,True,True,True,1d,,,,,,
2026-09-17 16:46:03,btc_signals_log(17.09)_v4.csv,ENDED,BULL,2026-08-19,2026-09-17 00:00:00,ENDED,BULL,2026-08-19,True,True,True,True,1d,,,,,,
2026-09-17 17:16:07,btc_signals_log(17.09)_v4.csv,ENDED,BULL,2026-08-19,2026-09-17 00:00:00,ENDED,BULL,2026-08-19,True,True,True,True,1d,,,,,,
2026-09-17 17:46:12,btc_signals_log(17.09)_v4.csv,ENDED,BULL,2026-08-19,2026-09-17 00:00:00,ENDED,BULL,2026-08-19,True,True,True,True,1d,,,,,,
2026-09-17 18:16:16,btc_signals_log(17.09)_v4.csv,ENDED,BULL,2026-08-19,2026-09-17 00:00:00,ENDED,BULL,2026-08-19,True,True,True,True,1d,,,,,,
2026-09-17 18:46:21,btc_signals_log(17.09)_v4.csv,ENDED,BULL,2026-08-19,2026-09-17 00:00:00,ENDED,BULL,2026-08-19,True,True,True,True,1d,,,,,,
2026-09-17 19:16:26,btc_signals_log(17.09)_v4.csv,ENDED,BULL,2026-08-19,2026-09-17 00:00:00,ENDED,BULL,2026-08-19,True,True,True,True,1d,,,,,,
2026-09-17 19:46:30,btc_signals_log(17.09)_v4.csv,ENDED,BULL,2026-08-19,2026-09-17 00:00:00,ENDED,BULL,2026-08-19,True,True,True,True,1d,,,,,,
2026-09-17 20:16:35,btc_signals_log(17.09)_v4.csv,ENDED,BULL,2026-08-19,2026-09-17 00:00:00,ENDED,BULL,2026-08-19,True,True,True,True,1d,,,,,,
2026-09-17 20:46:40,btc_signals_log(17.09)_v4.csv,ENDED,BULL,2026-08-19,2026-09-17 00:00:00,ENDED,BULL,2026-08-19,True,True,True,True,1d,,,,,,
2026-09-17 21:16:46,btc_signals_log(17.09)_v4.csv,ENDED,BULL,2026-08-19,2026-09-17 00:00:00,ENDED,BULL,2026-08-19,True,True,True,True,1d,,,,,,
2026-09-17 21:46:50,btc_signals_log(17.09)_v4.csv,ENDED,BULL,2026-08-19,2026-09-17 00:00:00,ENDED,BULL,2026-08-19,True,True,True,True,1d,,,,,,
2026-09-17 22:16:55,btc_signals_log(17.09)_v4.csv,ENDED,BULL,2026-08-19,2026-09-17 00:00:00,ENDED,BULL,2026-08-19,True,True,True,True,1d,,,,,,
2026-09-17 22:47:04,btc_signals_log(17.09)_v4.csv,ENDED,BULL,2026-08-19,2026-09-17 00:00:00,ENDED,BULL,2026-08-19,True,True,True,True,1d,,,,,,
2026-09-17 23:17:08,btc_signals_log(17.09)_v4.csv,ENDED,BULL,2026-08-19,2026-09-17 00:00:00,ENDED,BULL,2026-08-19,True,True,True,True,1d,,,,,,
2026-09-17 23:47:12,btc_signals_log(17.09)_v4.csv,ENDED,BULL,2026-08-19,2026-09-17 00:00:00,ENDED,BULL,2026-08-19,True,True,True,True,1d,,,,,,
2026-09-18 00:17:16,btc_signals_log(18.09)_v4.csv,ENDED,BULL,2026-08-19,2026-09-18 00:00:00,ENDED,BULL,2026-08-19,True,True,True,True,1d,,,,,,
2026-09-18 00:47:20,btc_signals_log(18.09)_v4.csv,ENDED,BULL,2026-08-19,2026-09-18 00:00:00,ENDED,BULL,2026-08-19,True,True,True,True,1d,,,,,,
2026-09-18 01:17:25,btc_signals_log(18.09)_v4.csv,ENDED,BULL,2026-08-19,2026-09-18 00:00:00,ENDED,BULL,2026-08-19,True,True,True,True,1d,,,,,,
2026-09-18 01:47:30,btc_signals_log(18.09)_v4.csv,ENDED,BULL,2026-08-19,2026-09-18 00:00:00,ENDED,BULL,2026-08-19,True,True,True,True,1d,,,,,,
2026-09-18 02:17:34,btc_signals_log(18.09)_v4.csv,ENDED,BULL,2026-08-19,2026-09-18 00:00:00,ENDED,BULL,2026-08-19,True,True,True,True,1d,,,,,,
2026-09-18 02:47:39,btc_signals_log(18.09)_v4.csv,ENDED,BULL,2026-08-19,2026-09-18 00:00:00,ENDED,BULL,2026-08-19,True,True,True,True,1d,,,,,,
2026-09-18 03:17:43,btc_signals_log(18.09)_v4.csv,ENDED,BULL,2026-08-19,2026-09-18 00:00:00,ENDED,BULL,2026-08-19,True,True,True,True,1d,,,,,,
2026-09-18 03:47:48,btc_signals_log(18.09)_v4.csv,ENDED,BULL,2026-08-19,2026-09-18 00:00:00,ENDED,BULL,2026-08-19,True,True,True,True,1d,,,,,,
2026-09-18 04:17:52,btc_signals_log(18.09)_v4.csv,ENDED,BULL,2026-08-19,2026-09-18 00:00:00,ENDED,BULL,2026-08-19,True,True,True,True,1d,,,,,,
2026-09-18 04:47:58,btc_signals_log(18.09)_v4.csv,ENDED,BULL,2026-08-19,2026-09-18 00:00:00,ENDED,BULL,2026-08-19,True,True,True,True,1d,,,,,,
2026-09-18 05:18:02,btc_signals_log(18.09)_v4.csv,ENDED,BULL,2026-08-19,2026-09-18 00:00:00,ENDED,BULL,2026-08-19,True,True,True,True,1d,,,,,,
2026-09-18 05:48:07,btc_signals_log(18.09)_v4.csv,ENDED,BULL,2026-08-19,2026-09-18 00:00:00,ENDED,BULL,2026-08-19,True,True,True,True,1d,,,,,,
2026-09-18 06:18:12,btc_signals_log(18.09)_v4.csv,ENDED,BULL,2026-08-19,2026-09-18 00:00:00,ENDED,BULL,2026-08-19,True,True,True,True,1d,,,,,,
2026-09-18 06:48:18,btc_signals_log(18.09)_v4.csv,ENDED,BULL,2026-08-19,2026-09-18 00:00:00,ENDED,BULL,2026-08-19,True,True,True,True,1d,,,,,,
2026-09-18 07:18:23,btc_signals_log(18.09)_v4.csv,ENDED,BULL,2026-08-19,2026-09-18 00:00:00,ENDED,BULL,2026-08-19,True,True,True,True,1d,,,,,,
2026-09-18 07:48:27,btc_signals_log(18.09)_v4.csv,ENDED,BULL,2026-08-19,2026-09-18 00:00:00,ENDED,BULL,2026-08-19,True,True,True,True,1d,,,,,,
2026-09-18 08:18:32,btc_signals_log(18.09)_v4.csv,ENDED,BULL,2026-08-19,2026-09-18 00:00:00,ENDED,BULL,2026-08-19,True,True,True,True,1d,,,,,,
2026-09-18 08:48:36,btc_signals_log(18.09)_v4.csv,ENDED,BULL,2026-08-19,2026-09-18 00:00:00,ENDED,BULL,2026-08-19,True,True,True,True,1d,,,,,,
2026-09-18 09:18:40,btc_signals_log(18.09)_v4.csv,ENDED,BULL,2026-08-19,2026-09-18 00:00:00,ENDED,BULL,2026-08-19,True,True,True,True,1d,,,,,,
2026-09-18 09:48:45,btc_signals_log(18.09)_v4.csv,ENDED,BULL,2026-08-19,2026-09-18 00:00:00,ENDED,BULL,2026-08-19,True,True,True,True,1d,,,,,,
2026-09-18 10:18:49,btc_signals_log(18.09)_v4.csv,ENDED,BULL,2026-08-19,2026-09-18 00:00:00,ENDED,BULL,2026-08-19,True,True,True,True,1d,,,,,,
2026-09-18 10:48:54,btc_signals_log(18.09)_v4.csv,ENDED,BULL,2026-08-19,2026-09-18 00:00:00,ENDED,BULL,2026-08-19,True,True,True,True,1d,,,,,,
2026-09-18 11:18:58,btc_signals_log(18.09)_v4.csv,ENDED,BULL,2026-08-19,2026-09-18 00:00:00,ENDED,BULL,2026-08-19,True,True,True,True,1d,,,,,,
2026-09-18 11:49:03,btc_signals_log(18.09)_v4.csv,ENDED,BULL,2026-08-19,2026-09-18 00:00:00,ENDED,BULL,2026-08-19,True,True,True,True,1d,,,,,,
2026-09-18 12:19:07,btc_signals_log(18.09)_v4.csv,ENDED,BULL,2026-08-19,2026-09-18 00:00:00,ENDED,BULL,2026-08-19,True,True,True,True,1d,,,,,,
2026-09-18 12:49:12,btc_signals_log(18.09)_v4.csv,ENDED,BULL,2026-08-19,2026-09-18 00:00:00,ENDED,BULL,2026-08-19,True,True,True,True,1d,,,,,,
2026-09-18 13:19:16,btc_signals_log(18.09)_v4.csv,ENDED,BULL,2026-08-19,2026-09-18 00:00:00,ENDED,BULL,2026-08-19,True,True,True,True,1d,,,,,,
2026-09-18 13:49:21,btc_signals_log(18.09)_v4.csv,ENDED,BULL,2026-08-19,2026-09-18 00:00:00,ENDED,BULL,2026-08-19,True,True,True,True,1d,,,,,,
2026-09-18 14:19:25,btc_signals_log(18.09)_v4.csv,ENDED,BULL,2026-08-19,2026-09-18 00:00:00,ENDED,BULL,2026-08-19,True,True,True,True,1d,,,,,,
2026-09-18 14:49:29,btc_signals_log(18.09)_v4.csv,ENDED,BULL,2026-08-19,2026-09-18 00:00:00,ENDED,BULL,2026-08-19,True,True,True,True,1d,,,,,,
2026-09-18 15:19:34,btc_signals_log(18.09)_v4.csv,ENDED,BULL,2026-08-19,2026-09-18 00:00:00,ENDED,BULL,2026-08-19,True,True,True,True,1d,,,,,,
2026-09-18 15:49:39,btc_signals_log(18.09)_v4.csv,ENDED,BULL,2026-08-19,2026-09-18 00:00:00,ENDED,BULL,2026-08-19,True,True,True,True,1d,,,,,,
2026-09-18 16:19:43,btc_signals_log(18.09)_v4.csv,ENDED,BULL,2026-08-19,2026-09-18 00:00:00,ENDED,BULL,2026-08-19,True,True,True,True,1d,,,,,,
2026-09-18 16:49:48,btc_signals_log(18.09)_v4.csv,ENDED,BULL,2026-08-19,2026-09-18 00:00:00,ENDED,BULL,2026-08-19,True,True,True,True,1d,,,,,,
2026-09-18 17:19:52,btc_signals_log(18.09)_v4.csv,ENDED,BULL,2026-08-19,2026-09-18 00:00:00,ENDED,BULL,2026-08-19,True,True,True,True,1d,,,,,,
2026-09-18 17:49:57,btc_signals_log(18.09)_v4.csv,ENDED,BULL,2026-08-19,2026-09-18 00:00:00,ENDED,BULL,2026-08-19,True,True,True,True,1d,,,,,,
2026-09-18 18:20:01,btc_signals_log(18.09)_v4.csv,ENDED,BULL,2026-08-19,2026-09-18 00:00:00,ENDED,BULL,2026-08-19,True,True,True,True,1d,,,,,,
2026-09-18 18:50:06,btc_signals_log(18.09)_v4.csv,ENDED,BULL,2026-08-19,2026-09-18 00:00:00,ENDED,BULL,2026-08-19,True,True,True,True,1d,,,,,,
2026-09-18 19:20:11,btc_signals_log(18.09)_v4.csv,ENDED,BULL,2026-08-19,2026-09-18 00:00:00,ENDED,BULL,2026-08-19,True,True,True,True,1d,,,,,,
2026-09-18 19:50:16,btc_signals_log(18.09)_v4.csv,ENDED,BULL,2026-08-19,2026-09-18 00:00:00,ENDED,BULL,2026-08-19,True,True,True,True,1d,,,,,,
2026-09-18 20:20:21,btc_signals_log(18.09)_v4.csv,ENDED,BULL,2026-08-19,2026-09-18 00:00:00,ENDED,BULL,2026-08-19,True,True,True,True,1d,,,,,,
2026-09-18 20:50:25,btc_signals_log(18.09)_v4.csv,ENDED,BULL,2026-08-19,2026-09-18 00:00:00,ENDED,BULL,2026-08-19,True,True,True,True,1d,,,,,,
2026-09-18 21:20:31,btc_signals_log(18.09)_v4.csv,ENDED,BULL,2026-08-19,2026-09-18 00:00:00,ENDED,BULL,2026-08-19,True,True,True,True,1d,,,,,,
2026-09-18 21:50:36,btc_signals_log(18.09)_v4.csv,ENDED,BULL,2026-08-19,2026-09-18 00:00:00,ENDED,BULL,2026-08-19,True,True,True,True,1d,,,,,,
2026-09-18 22:20:40,btc_signals_log(18.09)_v4.csv,ENDED,BULL,2026-08-19,2026-09-18 00:00:00,ENDED,BULL,2026-08-19,True,True,True,True,1d,,,,,,
2026-09-18 22:50:45,btc_signals_log(18.09)_v4.csv,ENDED,BULL,2026-08-19,2026-09-18 00:00:00,ENDED,BULL,2026-08-19,True,True,True,True,1d,,,,,,
2026-09-18 23:20:49,btc_signals_log(18.09)_v4.csv,ENDED,BULL,2026-08-19,2026-09-18 00:00:00,ENDED,BULL,2026-08-19,True,True,True,True,1d,,,,,,
2026-09-18 23:50:54,btc_signals_log(18.09)_v4.csv,ENDED,BULL,2026-08-19,2026-09-18 00:00:00,ENDED,BULL,2026-08-19,True,True,True,True,1d,,,,,,
2026-09-19 00:20:58,btc_signals_log(19.09)_v4.csv,ACTIVE,BULL,2026-09-18,2026-09-19 00:00:00,ACTIVE,BULL,2026-09-18,True,True,True,True,1d,,,,,,
2026-09-19 00:51:02,btc_signals_log(19.09)_v4.csv,ACTIVE,BULL,2026-09-18,2026-09-19 00:00:00,ACTIVE,BULL,2026-09-18,True,True,True,True,1d,,,,,,
2026-09-19 01:21:07,btc_signals_log(19.09)_v4.csv,ACTIVE,BULL,2026-09-18,2026-09-19 00:00:00,ACTIVE,BULL,2026-09-18,True,True,True,True,1d,,,,,,
2026-09-19 01:51:11,btc_signals_log(19.09)_v4.csv,ACTIVE,BULL,2026-09-18,2026-09-19 00:00:00,ACTIVE,BULL,2026-09-18,True,True,True,True,1d,,,,,,
2026-09-19 02:21:15,btc_signals_log(19.09)_v4.csv,ACTIVE,BULL,2026-09-18,2026-09-19 00:00:00,ACTIVE,BULL,2026-09-18,True,True,True,True,1d,,,,,,
2026-09-19 02:51:19,btc_signals_log(19.09)_v4.csv,ACTIVE,BULL,2026-09-18,2026-09-19 00:00:00,ACTIVE,BULL,2026-09-18,True,True,True,True,1d,,,,,,
2026-09-19 03:21:24,btc_signals_log(19.09)_v4.csv,ACTIVE,BULL,2026-09-18,2026-09-19 00:00:00,ACTIVE,BULL,2026-09-18,True,True,True,True,1d,,,,,,
2026-09-19 03:51:28,btc_signals_log(19.09)_v4.csv,ACTIVE,BULL,2026-09-18,2026-09-19 00:00:00,ACTIVE,BULL,2026-09-18,True,True,True,True,1d,,,,,,
2026-09-19 04:21:32,btc_signals_log(19.09)_v4.csv,ACTIVE,BULL,2026-09-18,2026-09-19 00:00:00,ACTIVE,BULL,2026-09-18,True,True,True,True,1d,,,,,,
2026-09-19 04:51:36,btc_signals_log(19.09)_v4.csv,ACTIVE,BULL,2026-09-18,2026-09-19 00:00:00,ACTIVE,BULL,2026-09-18,True,True,True,True,1d,,,,,,
2026-09-19 05:21:41,btc_signals_log(19.09)_v4.csv,ACTIVE,BULL,2026-09-18,2026-09-19 00:00:00,ACTIVE,BULL,2026-09-18,True,True,True,True,1d,,,,,,
2026-09-19 05:51:45,btc_signals_log(19.09)_v4.csv,ACTIVE,BULL,2026-09-18,2026-09-19 00:00:00,ACTIVE,BULL,2026-09-18,True,True,True,True,1d,,,,,,
2026-09-19 06:21:50,btc_signals_log(19.09)_v4.csv,ACTIVE,BULL,2026-09-18,2026-09-19 00:00:00,ACTIVE,BULL,2026-09-18,True,True,True,True,1d,,,,,,
2026-09-19 06:51:54,btc_signals_log(19.09)_v4.csv,ACTIVE,BULL,2026-09-18,2026-09-19 00:00:00,ACTIVE,BULL,2026-09-18,True,True,True,True,1d,,,,,,
2026-09-19 07:21:58,btc_signals_log(19.09)_v4.csv,ACTIVE,BULL,2026-09-18,2026-09-19 00:00:00,ACTIVE,BULL,2026-09-18,True,True,True,True,1d,,,,,,
2026-09-19 07:52:02,btc_signals_log(19.09)_v4.csv,ACTIVE,BULL,2026-09-18,2026-09-19 00:00:00,ACTIVE,BULL,2026-09-18,True,True,True,True,1d,,,,,,
2026-09-19 11:30:13,btc_signals_log(19.09)_v4.csv,ACTIVE,BULL,2026-09-18,2026-09-19 00:00:00,ACTIVE,BULL,2026-09-18,True,True,True,True,1d,,,,,,
2026-09-19 12:00:19,btc_signals_log(19.09)_v4.csv,ACTIVE,BULL,2026-09-18,2026-09-19 00:00:00,ACTIVE,BULL,2026-09-18,True,True,True,True,1d,,,,,,
2026-09-19 12:30:24,btc_signals_log(19.09)_v4.csv,ACTIVE,BULL,2026-09-18,2026-09-19 00:00:00,ACTIVE,BULL,2026-09-18,True,True,True,True,1d,,,,,,
2026-09-19 13:00:29,btc_signals_log(19.09)_v4.csv,ACTIVE,BULL,2026-09-18,2026-09-19 00:00:00,ACTIVE,BULL,2026-09-18,True,True,True,True,1d,,,,,,
2026-09-19 13:30:33,btc_signals_log(19.09)_v4.csv,ACTIVE,BULL,2026-09-18,2026-09-19 00:00:00,ACTIVE,BULL,2026-09-18,True,True,True,True,1d,,,,,,
2026-09-19 14:00:38,btc_signals_log(19.09)_v4.csv,ACTIVE,BULL,2026-09-18,2026-09-19 00:00:00,ACTIVE,BULL,2026-09-18,True,True,True,True,1d,,,,,,
2026-09-19 14:30:43,btc_signals_log(19.09)_v4.csv,ACTIVE,BULL,2026-09-18,2026-09-19 00:00:00,ACTIVE,BULL,2026-09-18,True,True,True,True,1d,,,,,,
2026-09-19 15:01:03,btc_signals_log(19.09)_v4.csv,ACTIVE,BULL,2026-09-18,2026-09-19 00:00:00,ACTIVE,BULL,2026-09-18,True,True,True,True,1d,,,,,,
2026-09-19 15:31:18,btc_signals_log(19.09)_v4.csv,ACTIVE,BULL,2026-09-18,2026-09-19 00:00:00,ACTIVE,BULL,2026-09-18,True,True,True,True,1d,,,,,,
2026-09-19 16:01:30,btc_signals_log(19.09)_v4.csv,ACTIVE,BULL,2026-09-18,2026-09-19 00:00:00,ACTIVE,BULL,2026-09-18,True,True,True,True,1d,,,,,,
2026-09-19 16:31:41,btc_signals_log(19.09)_v4.csv,ACTIVE,BULL,2026-09-18,2026-09-19 00:00:00,ACTIVE,BULL,2026-09-18,True,True,True,True,1d,,,,,,
2026-09-19 17:01:57,btc_signals_log(19.09)_v4.csv,ACTIVE,BULL,2026-09-18,2026-09-19 00:00:00,ACTIVE,BULL,2026-09-18,True,True,True,True,1d,,,,,,
2026-09-19 17:32:02,btc_signals_log(19.09)_v4.csv,ACTIVE,BULL,2026-09-18,2026-09-19 00:00:00,ACTIVE,BULL,2026-09-18,True,True,True,True,1d,,,,,,
2026-09-19 19:02:37,btc_signals_log(19.09)_v4.csv,ACTIVE,BULL,2026-09-18,2026-09-19 00:00:00,ACTIVE,BULL,2026-09-18,True,True,True,True,1d,,,,,,
2026-09-19 19:32:43,btc_signals_log(19.09)_v4.csv,ACTIVE,BULL,2026-09-18,2026-09-19 00:00:00,ACTIVE,BULL,2026-09-18,True,True,True,True,1d,,,,,,
2026-09-19 20:02:57,btc_signals_log(19.09)_v4.csv,ACTIVE,BULL,2026-09-18,2026-09-19 00:00:00,ACTIVE,BULL,2026-09-18,True,True,True,True,1d,,,,,,
2026-09-19 20:33:03,btc_signals_log(19.09)_v4.csv,ACTIVE,BULL,2026-09-18,2026-09-19 00:00:00,ACTIVE,BULL,2026-09-18,True,True,True,True,1d,,,,,,
2026-09-19 21:03:09,btc_signals_log(19.09)_v4.csv,ACTIVE,BULL,2026-09-18,2026-09-19 00:00:00,ACTIVE,BULL,2026-09-18,True,True,True,True,1d,,,,,,
2026-09-19 21:33:15,btc_signals_log(19.09)_v4.csv,ACTIVE,BULL,2026-09-18,2026-09-19 00:00:00,ACTIVE,BULL,2026-09-18,True,True,True,True,1d,,,,,,
2026-09-19 22:03:20,btc_signals_log(19.09)_v4.csv,ACTIVE,BULL,2026-09-18,2026-09-19 00:00:00,ACTIVE,BULL,2026-09-18,True,True,True,True,1d,,,,,,
2026-09-19 22:33:25,btc_signals_log(19.09)_v4.csv,ACTIVE,BULL,2026-09-18,2026-09-19 00:00:00,ACTIVE,BULL,2026-09-18,True,True,True,True,1d,,,,,,
2026-09-19 23:03:30,btc_signals_log(19.09)_v4.csv,ACTIVE,BULL,2026-09-18,2026-09-19 00:00:00,ACTIVE,BULL,2026-09-18,True,True,True,True,1d,,,,,,
2026-09-19 23:33:38,btc_signals_log(19.09)_v4.csv,ACTIVE,BULL,2026-09-18,2026-09-19 00:00:00,ACTIVE,BULL,2026-09-18,True,True,True,True,1d,,,,,,
2026-09-20 00:03:43,btc_signals_log(20.09)_v4.csv,ACTIVE,BULL,2026-09-18,2026-09-20 00:00:00,ACTIVE,BULL,2026-09-18,True,True,True,True,1d,,,,,,
2026-09-20 00:33:47,btc_signals_log(20.09)_v4.csv,ACTIVE,BULL,2026-09-18,2026-09-20 00:00:00,ACTIVE,BULL,2026-09-18,True,True,True,True,1d,,,,,,
2026-09-20 01:03:52,btc_signals_log(20.09)_v4.csv,ACTIVE,BULL,2026-09-18,2026-09-20 00:00:00,ACTIVE,BULL,2026-09-18,True,True,True,True,1d,,,,,,
2026-09-20 01:33:56,btc_signals_log(20.09)_v4.csv,ACTIVE,BULL,2026-09-18,2026-09-20 00:00:00,ACTIVE,BULL,2026-09-18,True,True,True,True,1d,,,,,,
2026-09-20 02:04:02,btc_signals_log(20.09)_v4.csv,ACTIVE,BULL,2026-09-18,2026-09-20 00:00:00,ACTIVE,BULL,2026-09-18,True,True,True,True,1d,,,,,,
2026-09-20 02:34:07,btc_signals_log(20.09)_v4.csv,ACTIVE,BULL,2026-09-18,2026-09-20 00:00:00,ACTIVE,BULL,2026-09-18,True,True,True,True,1d,,,,,,
2026-09-20 03:04:12,btc_signals_log(20.09)_v4.csv,ACTIVE,BULL,2026-09-18,2026-09-20 00:00:00,ACTIVE,BULL,2026-09-18,True,True,True,True,1d,,,,,,
2026-09-20 03:34:18,btc_signals_log(20.09)_v4.csv,ACTIVE,BULL,2026-09-18,2026-09-20 00:00:00,ACTIVE,BULL,2026-09-18,True,True,True,True,1d,,,,,,
2026-09-20 04:04:22,btc_signals_log(20.09)_v4.csv,ACTIVE,BULL,2026-09-18,2026-09-20 00:00:00,ACTIVE,BULL,2026-09-18,True,True,True,True,1d,,,,,,
2026-09-20 04:34:27,btc_signals_log(20.09)_v4.csv,ACTIVE,BULL,2026-09-18,2026-09-20 00:00:00,ACTIVE,BULL,2026-09-18,True,True,True,True,1d,,,,,,
2026-09-20 05:04:31,btc_signals_log(20.09)_v4.csv,ACTIVE,BULL,2026-09-18,2026-09-20 00:00:00,ACTIVE,BULL,2026-09-18,True,True,True,True,1d,,,,,,
2026-09-20 05:34:36,btc_signals_log(20.09)_v4.csv,ACTIVE,BULL,2026-09-18,2026-09-20 00:00:00,ACTIVE,BULL,2026-09-18,True,True,True,True,1d,,,,,,
2026-09-20 06:04:41,btc_signals_log(20.09)_v4.csv,ACTIVE,BULL,2026-09-18,2026-09-20 00:00:00,ACTIVE,BULL,2026-09-18,True,True,True,True,1d,,,,,,
2026-09-20 09:06:15,btc_signals_log(20.09)_v4.csv,ACTIVE,BULL,2026-09-18,2026-09-20 00:00:00,ACTIVE,BULL,2026-09-18,True,True,True,True,1d,,,,,,
2026-09-20 09:36:20,btc_signals_log(20.09)_v4.csv,ACTIVE,BULL,2026-09-18,2026-09-20 00:00:00,ACTIVE,BULL,2026-09-18,True,True,True,True,1d,,,,,,
2026-09-20 10:06:25,btc_signals_log(20.09)_v4.csv,ACTIVE,BULL,2026-09-18,2026-09-20 00:00:00,ACTIVE,BULL,2026-09-18,True,True,True,True,1d,,,,,,
2026-09-20 10:36:30,btc_signals_log(20.09)_v4.csv,ACTIVE,BULL,2026-09-18,2026-09-20 00:00:00,ACTIVE,BULL,2026-09-18,True,True,True,True,1d,,,,,,
2026-09-20 11:06:34,btc_signals_log(20.09)_v4.csv,ACTIVE,BULL,2026-09-18,2026-09-20 00:00:00,ACTIVE,BULL,2026-09-18,True,True,True,True,1d,,,,,,
2026-09-20 11:36:38,btc_signals_log(20.09)_v4.csv,ACTIVE,BULL,2026-09-18,2026-09-20 00:00:00,ACTIVE,BULL,2026-09-18,True,True,True,True,1d,,,,,,
2026-09-20 12:06:43,btc_signals_log(20.09)_v4.csv,ACTIVE,BULL,2026-09-18,2026-09-20 00:00:00,ACTIVE,BULL,2026-09-18,True,True,True,True,1d,,,,,,
2026-09-20 12:36:48,btc_signals_log(20.09)_v4.csv,ACTIVE,BULL,2026-09-18,2026-09-20 00:00:00,ACTIVE,BULL,2026-09-18,True,True,True,True,1d,,,,,,
2026-09-20 13:06:59,btc_signals_log(20.09)_v4.csv,ACTIVE,BULL,2026-09-18,2026-09-20 00:00:00,ACTIVE,BULL,2026-09-18,True,True,True,True,1d,,,,,,
2026-09-20 13:37:56,btc_signals_log(20.09)_v4.csv,ACTIVE,BULL,2026-09-18,2026-09-20 00:00:00,ACTIVE,BULL,2026-09-18,True,True,True,True,1d,,,,,,
2026-09-20 14:08:02,btc_signals_log(20.09)_v4.csv,ACTIVE,BULL,2026-09-18,2026-09-20 00:00:00,ACTIVE,BULL,2026-09-18,True,True,True,True,1d,,,,,,
2026-09-20 14:38:07,btc_signals_log(20.09)_v4.csv,ACTIVE,BULL,2026-09-18,2026-09-20 00:00:00,ACTIVE,BULL,2026-09-18,True,True,True,True,1d,,,,,,
2026-09-20 15:08:12,btc_signals_log(20.09)_v4.csv,ACTIVE,BULL,2026-09-18,2026-09-20 00:00:00,ACTIVE,BULL,2026-09-18,True,True,True,True,1d,,,,,,
2026-09-20 15:38:16,btc_signals_log(20.09)_v4.csv,ACTIVE,BULL,2026-09-18,2026-09-20 00:00:00,ACTIVE,BULL,2026-09-18,True,True,True,True,1d,,,,,,
2026-09-20 16:08:21,btc_signals_log(20.09)_v4.csv,ACTIVE,BULL,2026-09-18,2026-09-20 00:00:00,ACTIVE,BULL,2026-09-18,True,True,True,True,1d,,,,,,
2026-09-20 16:38:26,btc_signals_log(20.09)_v4.csv,ACTIVE,BULL,2026-09-18,2026-09-20 00:00:00,ACTIVE,BULL,2026-09-18,True,True,True,True,1d,,,,,,
2026-09-20 17:08:30,btc_signals_log(20.09)_v4.csv,ACTIVE,BULL,2026-09-18,2026-09-20 00:00:00,ACTIVE,BULL,2026-09-18,True,True,True,True,1d,,,,,,
2026-09-20 17:38:35,btc_signals_log(20.09)_v4.csv,ACTIVE,BULL,2026-09-18,2026-09-20 00:00:00,ACTIVE,BULL,2026-09-18,True,True,True,True,1d,,,,,,
2026-09-20 18:08:39,btc_signals_log(20.09)_v4.csv,ACTIVE,BULL,2026-09-18,2026-09-20 00:00:00,ACTIVE,BULL,2026-09-18,True,True,True,True,1d,,,,,,
2026-09-20 18:38:44,btc_signals_log(20.09)_v4.csv,ACTIVE,BULL,2026-09-18,2026-09-20 00:00:00,ACTIVE,BULL,2026-09-18,True,True,True,True,1d,,,,,,
2026-09-20 19:08:48,btc_signals_log(20.09)_v4.csv,ACTIVE,BULL,2026-09-18,2026-09-20 00:00:00,ACTIVE,BULL,2026-09-18,True,True,True,True,1d,,,,,,
2026-09-20 21:39:53,btc_signals_log(20.09)_v4.csv,ACTIVE,BULL,2026-09-18,2026-09-20 00:00:00,ACTIVE,BULL,2026-09-18,True,True,True,True,1d,,,,,,
2026-09-20 22:09:59,btc_signals_log(20.09)_v4.csv,ACTIVE,BULL,2026-09-18,2026-09-20 00:00:00,ACTIVE,BULL,2026-09-18,True,True,True,True,1d,,,,,,
2026-09-20 22:40:04,btc_signals_log(20.09)_v4.csv,ACTIVE,BULL,2026-09-18,2026-09-20 00:00:00,ACTIVE,BULL,2026-09-18,True,True,True,True,1d,,,,,,
2026-09-20 23:10:10,btc_signals_log(20.09)_v4.csv,ACTIVE,BULL,2026-09-18,2026-09-20 00:00:00,ACTIVE,BULL,2026-09-18,True,True,True,True,1d,,,,,,
2026-09-21 08:10:16,btc_signals_log(21.09)_v4.csv,ACTIVE,BULL,2026-09-18,2026-09-21 00:00:00,ACTIVE,BULL,2026-09-18,True,True,True,True,1d,,,,,,
2026-09-21 08:40:21,btc_signals_log(21.09)_v4.csv,ACTIVE,BULL,2026-09-18,2026-09-21 00:00:00,ACTIVE,BULL,2026-09-18,True,True,True,True,1d,,,,,,
2026-09-21 09:10:27,btc_signals_log(21.09)_v4.csv,ACTIVE,BULL,2026-09-18,2026-09-21 00:00:00,ACTIVE,BULL,2026-09-18,True,True,True,True,1d,,,,,,
2026-09-21 09:40:32,btc_signals_log(21.09)_v4.csv,ACTIVE,BULL,2026-09-18,2026-09-21 00:00:00,ACTIVE,BULL,2026-09-18,True,True,True,True,1d,,,,,,
2026-09-21 10:40:39,btc_signals_log(21.09)_v4.csv,ACTIVE,BULL,2026-09-18,2026-09-21 00:00:00,ACTIVE,BULL,2026-09-18,True,True,True,True,1d,,,,,,
2026-09-21 11:10:48,btc_signals_log(21.09)_v4.csv,ACTIVE,BULL,2026-09-18,2026-09-21 00:00:00,ACTIVE,BULL,2026-09-18,True,True,True,True,1d,,,,,,
2026-09-21 11:40:58,btc_signals_log(21.09)_v4.csv,ACTIVE,BULL,2026-09-18,2026-09-21 00:00:00,ACTIVE,BULL,2026-09-18,True,True,True,True,1d,,,,,,
2026-09-21 12:11:03,btc_signals_log(21.09)_v4.csv,ACTIVE,BULL,2026-09-18,2026-09-21 00:00:00,ACTIVE,BULL,2026-09-18,True,True,True,True,1d,,,,,,
2026-09-21 12:41:08,btc_signals_log(21.09)_v4.csv,ACTIVE,BULL,2026-09-18,2026-09-21 00:00:00,ACTIVE,BULL,2026-09-18,True,True,True,True,1d,,,,,,
2026-09-21 13:11:13,btc_signals_log(21.09)_v4.csv,ACTIVE,BULL,2026-09-18,2026-09-21 00:00:00,ACTIVE,BULL,2026-09-18,True,True,True,True,1d,,,,,,
2026-09-21 13:41:29,btc_signals_log(21.09)_v4.csv,ACTIVE,BULL,2026-09-18,2026-09-21 00:00:00,ACTIVE,BULL,2026-09-18,True,True,True,True,1d,,,,,,
2026-09-21 14:11:44,btc_signals_log(21.09)_v4.csv,ACTIVE,BULL,2026-09-18,2026-09-21 00:00:00,ACTIVE,BULL,2026-09-18,True,True,True,True,1d,,,,,,
2026-09-21 14:42:04,btc_signals_log(21.09)_v4.csv,ACTIVE,BULL,2026-09-18,2026-09-21 00:00:00,ACTIVE,BULL,2026-09-18,True,True,True,True,1d,,,,,,
2026-09-21 15:12:14,btc_signals_log(21.09)_v4.csv,ACTIVE,BULL,2026-09-18,2026-09-21 00:00:00,ACTIVE,BULL,2026-09-18,True,True,True,True,1d,,,,,,
2026-09-21 15:42:18,btc_signals_log(21.09)_v4.csv,ACTIVE,BULL,2026-09-18,2026-09-21 00:00:00,ACTIVE,BULL,2026-09-18,True,True,True,True,1d,,,,,,
2026-09-21 16:42:24,btc_signals_log(21.09)_v4.csv,ACTIVE,BULL,2026-09-18,2026-09-21 00:00:00,ACTIVE,BULL,2026-09-18,True,True,True,True,1d,,,,,,
2026-09-21 17:42:41,btc_signals_log(21.09)_v4.csv,ACTIVE,BULL,2026-09-18,2026-09-21 00:00:00,ACTIVE,BULL,2026-09-18,True,True,True,True,1d,,,,,,
2026-09-21 18:12:47,btc_signals_log(21.09)_v4.csv,ACTIVE,BULL,2026-09-18,2026-09-21 00:00:00,ACTIVE,BULL,2026-09-18,True,True,True,True,1d,,,,,,
2026-09-21 18:42:53,btc_signals_log(21.09)_v4.csv,ACTIVE,BULL,2026-09-18,2026-09-21 00:00:00,ACTIVE,BULL,2026-09-18,True,True,True,True,1d,,,,,,
2026-09-21 19:13:05,btc_signals_log(21.09)_v4.csv,ACTIVE,BULL,2026-09-18,2026-09-21 00:00:00,ACTIVE,BULL,2026-09-18,True,True,True,True,1d,,,,,,
2026-09-21 19:43:10,btc_signals_log(21.09)_v4.csv,ACTIVE,BULL,2026-09-18,2026-09-21 00:00:00,ACTIVE,BULL,2026-09-18,True,True,True,True,1d,,,,,,
2026-09-21 20:13:15,btc_signals_log(21.09)_v4.csv,ACTIVE,BULL,2026-09-18,2026-09-21 00:00:00,ACTIVE,BULL,2026-09-18,True,True,True,True,1d,,,,,,
2026-09-21 20:43:24,btc_signals_log(21.09)_v4.csv,ACTIVE,BULL,2026-09-18,2026-09-21 00:00:00,ACTIVE,BULL,2026-09-18,True,True,True,True,1d,,,,,,
2026-09-21 21:13:36,btc_signals_log(21.09)_v4.csv,ACTIVE,BULL,2026-09-18,2026-09-21 00:00:00,ACTIVE,BULL,2026-09-18,True,True,True,True,1d,,,,,,
2026-09-21 23:15:12,btc_signals_log(21.09)_v4.csv,ACTIVE,BULL,2026-09-18,2026-09-21 00:00:00,ACTIVE,BULL,2026-09-18,True,True,True,True,1d,,,,,,
2026-09-22 00:15:49,btc_signals_log(22.09)_v4.csv,ACTIVE,BULL,2026-09-18,2026-09-22 00:00:00,ACTIVE,BULL,2026-09-18,True,True,True,True,1d,,,,,,
2026-09-22 01:16:41,btc_signals_log(22.09)_v4.csv,ACTIVE,BULL,2026-09-18,2026-09-22 00:00:00,ACTIVE,BULL,2026-09-18,True,True,True,True,1d,,,,,,
2026-09-22 01:46:47,btc_signals_log(22.09)_v4.csv,ACTIVE,BULL,2026-09-18,2026-09-22 00:00:00,ACTIVE,BULL,2026-09-18,True,True,True,True,1d,,,,,,
2026-09-22 02:16:52,btc_signals_log(22.09)_v4.csv,ACTIVE,BULL,2026-09-18,2026-09-22 00:00:00,ACTIVE,BULL,2026-09-18,True,True,True,True,1d,,,,,,
2026-09-22 02:46:57,btc_signals_log(22.09)_v4.csv,ACTIVE,BULL,2026-09-18,2026-09-22 00:00:00,ACTIVE,BULL,2026-09-18,True,True,True,True,1d,,,,,,
2026-09-22 03:17:02,btc_signals_log(22.09)_v4.csv,ACTIVE,BULL,2026-09-18,2026-09-22 00:00:00,ACTIVE,BULL,2026-09-18,True,True,True,True,1d,,,,,,
2026-09-22 03:47:08,btc_signals_log(22.09)_v4.csv,ACTIVE,BULL,2026-09-18,2026-09-22 00:00:00,ACTIVE,BULL,2026-09-18,True,True,True,True,1d,,,,,,
2026-09-22 04:17:13,btc_signals_log(22.09)_v4.csv,ACTIVE,BULL,2026-09-18,2026-09-22 00:00:00,ACTIVE,BULL,2026-09-18,True,True,True,True,1d,,,,,,
2026-09-22 04:47:18,btc_signals_log(22.09)_v4.csv,ACTIVE,BULL,2026-09-18,2026-09-22 00:00:00,ACTIVE,BULL,2026-09-18,True,True,True,True,1d,,,,,,
2026-09-22 05:17:23,btc_signals_log(22.09)_v4.csv,ACTIVE,BULL,2026-09-18,2026-09-22 00:00:00,ACTIVE,BULL,2026-09-18,True,True,True,True,1d,,,,,,
2026-09-22 05:47:28,btc_signals_log(22.09)_v4.csv,ACTIVE,BULL,2026-09-18,2026-09-22 00:00:00,ACTIVE,BULL,2026-09-18,True,True,True,True,1d,,,,,,
2026-09-22 06:17:34,btc_signals_log(22.09)_v4.csv,ACTIVE,BULL,2026-09-18,2026-09-22 00:00:00,ACTIVE,BULL,2026-09-18,True,True,True,True,1d,,,,,,
2026-09-22 09:22:23,btc_signals_log(22.09)_v4.csv,ACTIVE,BULL,2026-09-18,2026-09-22 00:00:00,ACTIVE,BULL,2026-09-18,True,True,True,True,1d,,,,,,
2026-09-22 09:52:37,btc_signals_log(22.09)_v4.csv,ACTIVE,BULL,2026-09-18,2026-09-22 00:00:00,ACTIVE,BULL,2026-09-18,True,True,True,True,1d,,,,,,
2026-09-22 10:53:14,btc_signals_log(22.09)_v4.csv,ACTIVE,BULL,2026-09-18,2026-09-22 00:00:00,ACTIVE,BULL,2026-09-18,True,True,True,True,1d,,,,,,
2026-09-22 11:23:21,btc_signals_log(22.09)_v4.csv,ACTIVE,BULL,2026-09-18,2026-09-22 00:00:00,ACTIVE,BULL,2026-09-18,True,True,True,True,1d,,,,,,
2026-09-22 11:53:28,btc_signals_log(22.09)_v4.csv,ACTIVE,BULL,2026-09-18,2026-09-22 00:00:00,ACTIVE,BULL,2026-09-18,True,True,True,True,1d,,,,,,
2026-09-22 12:23:34,btc_signals_log(22.09)_v4.csv,ACTIVE,BULL,2026-09-18,2026-09-22 00:00:00,ACTIVE,BULL,2026-09-18,True,True,True,True,1d,,,,,,
2026-09-22 12:53:39,btc_signals_log(22.09)_v4.csv,ACTIVE,BULL,2026-09-18,2026-09-22 00:00:00,ACTIVE,BULL,2026-09-18,True,True,True,True,1d,,,,,,
2026-09-22 13:23:45,btc_signals_log(22.09)_v4.csv,ACTIVE,BULL,2026-09-18,2026-09-22 00:00:00,ACTIVE,BULL,2026-09-18,True,True,True,True,1d,,,,,,
2026-09-22 13:53:51,btc_signals_log(22.09)_v4.csv,ACTIVE,BULL,2026-09-18,2026-09-22 00:00:00,ACTIVE,BULL,2026-09-18,True,True,True,True,1d,,,,,,
2026-09-22 14:23:57,btc_signals_log(22.09)_v4.csv,ACTIVE,BULL,2026-09-18,2026-09-22 00:00:00,ACTIVE,BULL,2026-09-18,True,True,True,True,1d,,,,,,
2026-09-22 14:54:03,btc_signals_log(22.09)_v4.csv,ACTIVE,BULL,2026-09-18,2026-09-22 00:00:00,ACTIVE,BULL,2026-09-18,True,True,True,True,1d,,,,,,
2026-09-22 15:24:09,btc_signals_log(22.09)_v4.csv,ACTIVE,BULL,2026-09-18,2026-09-22 00:00:00,ACTIVE,BULL,2026-09-18,True,True,True,True,1d,,,,,,
2026-09-22 15:54:15,btc_signals_log(22.09)_v4.csv,ACTIVE,BULL,2026-09-18,2026-09-22 00:00:00,ACTIVE,BULL,2026-09-18,True,True,True,True,1d,,,,,,
2026-09-22 16:24:21,btc_signals_log(22.09)_v4.csv,ACTIVE,BULL,2026-09-18,2026-09-22 00:00:00,ACTIVE,BULL,2026-09-18,True,True,True,True,1d,,,,,,
2026-09-22 16:54:27,btc_signals_log(22.09)_v4.csv,ACTIVE,BULL,2026-09-18,2026-09-22 00:00:00,ACTIVE,BULL,2026-09-18,True,True,True,True,1d,,,,,,
2026-09-22 17:25:25,btc_signals_log(22.09)_v4.csv,ACTIVE,BULL,2026-09-18,2026-09-22 00:00:00,ACTIVE,BULL,2026-09-18,True,True,True,True,1d,,,,,,
2026-09-22 17:55:35,btc_signals_log(22.09)_v4.csv,ACTIVE,BULL,2026-09-18,2026-09-22 00:00:00,ACTIVE,BULL,2026-09-18,True,True,True,True,1d,,,,,,
2026-09-22 18:25:41,btc_signals_log(22.09)_v4.csv,ACTIVE,BULL,2026-09-18,2026-09-22 00:00:00,ACTIVE,BULL,2026-09-18,True,True,True,True,1d,,,,,,
2026-09-22 18:55:48,btc_signals_log(22.09)_v4.csv,ACTIVE,BULL,2026-09-18,2026-09-22 00:00:00,ACTIVE,BULL,2026-09-18,True,True,True,True,1d,,,,,,
2026-09-22 21:27:55,btc_signals_log(22.09)_v4.csv,ACTIVE,BULL,2026-09-18,2026-09-22 00:00:00,ACTIVE,BULL,2026-09-18,True,True,True,True,1d,,,,,,
2026-09-22 21:58:01,btc_signals_log(22.09)_v4.csv,ACTIVE,BULL,2026-09-18,2026-09-22 00:00:00,ACTIVE,BULL,2026-09-18,True,True,True,True,1d,,,,,,
2026-09-22 22:28:06,btc_signals_log(22.09)_v4.csv,ACTIVE,BULL,2026-09-18,2026-09-22 00:00:00,ACTIVE,BULL,2026-09-18,True,True,True,True,1d,,,,,,
2026-09-22 22:58:12,btc_signals_log(22.09)_v4.csv,ACTIVE,BULL,2026-09-18,2026-09-22 00:00:00,ACTIVE,BULL,2026-09-18,True,True,True,True,1d,,,,,,
2026-09-22 23:28:18,btc_signals_log(22.09)_v4.csv,ACTIVE,BULL,2026-09-18,2026-09-22 00:00:00,ACTIVE,BULL,2026-09-18,True,True,True,True,1d,,,,,,
2026-09-22 23:58:24,btc_signals_log(22.09)_v4.csv,ACTIVE,BULL,2026-09-18,2026-09-22 00:00:00,ACTIVE,BULL,2026-09-18,True,True,True,True,1d,,,,,,
2026-09-23 00:28:29,btc_signals_log(23.09)_v4.csv,ACTIVE,BULL,2026-09-18,2026-09-23 00:00:00,ACTIVE,BULL,2026-09-18,True,True,True,True,1d,,,,,,
2026-09-23 00:58:34,btc_signals_log(23.09)_v4.csv,ACTIVE,BULL,2026-09-18,2026-09-23 00:00:00,ACTIVE,BULL,2026-09-18,True,True,True,True,1d,,,,,,
2026-09-23 01:28:40,btc_signals_log(23.09)_v4.csv,ACTIVE,BULL,2026-09-18,2026-09-23 00:00:00,ACTIVE,BULL,2026-09-18,True,True,True,True,1d,,,,,,
2026-09-23 01:58:45,btc_signals_log(23.09)_v4.csv,ACTIVE,BULL,2026-09-18,2026-09-23 00:00:00,ACTIVE,BULL,2026-09-18,True,True,True,True,1d,,,,,,
2026-09-23 02:28:51,btc_signals_log(23.09)_v4.csv,ACTIVE,BULL,2026-09-18,2026-09-23 00:00:00,ACTIVE,BULL,2026-09-18,True,True,True,True,1d,,,,,,
2026-09-23 02:58:56,btc_signals_log(23.09)_v4.csv,ACTIVE,BULL,2026-09-18,2026-09-23 00:00:00,ACTIVE,BULL,2026-09-18,True,True,True,True,1d,,,,,,
2026-09-23 03:29:02,btc_signals_log(23.09)_v4.csv,ACTIVE,BULL,2026-09-18,2026-09-23 00:00:00,ACTIVE,BULL,2026-09-18,True,True,True,True,1d,,,,,,
2026-09-23 03:59:08,btc_signals_log(23.09)_v4.csv,ACTIVE,BULL,2026-09-18,2026-09-23 00:00:00,ACTIVE,BULL,2026-09-18,True,True,True,True,1d,,,,,,
2026-09-23 04:29:14,btc_signals_log(23.09)_v4.csv,ACTIVE,BULL,2026-09-18,2026-09-23 00:00:00,ACTIVE,BULL,2026-09-18,True,True,True,True,1d,,,,,,
2026-09-23 04:59:20,btc_signals_log(23.09)_v4.csv,ACTIVE,BULL,2026-09-18,2026-09-23 00:00:00,ACTIVE,BULL,2026-09-18,True,True,True,True,1d,,,,,,
2026-09-23 05:29:26,btc_signals_log(23.09)_v4.csv,ACTIVE,BULL,2026-09-18,2026-09-23 00:00:00,ACTIVE,BULL,2026-09-18,True,True,True,True,1d,,,,,,
2026-09-23 05:59:32,btc_signals_log(23.09)_v4.csv,ACTIVE,BULL,2026-09-18,2026-09-23 00:00:00,ACTIVE,BULL,2026-09-18,True,True,True,True,1d,,,,,,
2026-09-23 08:01:07,btc_signals_log(23.09)_v4.csv,ACTIVE,BULL,2026-09-18,2026-09-23 00:00:00,ACTIVE,BULL,2026-09-18,True,True,True,True,1d,,,,,,
2026-09-23 10:18:52,btc_signals_log(23.09)_v4.csv,ACTIVE,BULL,2026-09-18,2026-09-23 00:00:00,ACTIVE,BULL,2026-09-18,True,True,True,True,1d,,,,,,
2026-09-23 22:54:50,btc_signals_log(23.09)_v4.csv,ACTIVE,BULL,2026-09-18,2026-09-23 00:00:00,ACTIVE,BULL,2026-09-18,True,True,True,True,1d,,,,,,
2026-09-23 23:24:55,btc_signals_log(23.09)_v4.csv,ACTIVE,BULL,2026-09-18,2026-09-23 00:00:00,ACTIVE,BULL,2026-09-18,True,True,True,True,1d,,,,,,
2026-09-23 23:55:01,btc_signals_log(23.09)_v4.csv,ACTIVE,BULL,2026-09-18,2026-09-23 00:00:00,ACTIVE,BULL,2026-09-18,True,True,True,True,1d,,,,,,
2026-09-24 00:25:07,btc_signals_log(24.09)_v4.csv,ACTIVE,BULL,2026-09-18,2026-09-24 00:00:00,ACTIVE,BULL,2026-09-18,True,True,True,True,1d,,,,,,
2026-09-24 00:55:12,btc_signals_log(24.09)_v4.csv,ACTIVE,BULL,2026-09-18,2026-09-24 00:00:00,ACTIVE,BULL,2026-09-18,True,True,True,True,1d,,,,,,
2026-09-24 01:25:17,btc_signals_log(24.09)_v4.csv,ACTIVE,BULL,2026-09-18,2026-09-24 00:00:00,ACTIVE,BULL,2026-09-18,True,True,True,True,1d,,,,,,
2026-09-24 01:55:22,btc_signals_log(24.09)_v4.csv,ACTIVE,BULL,2026-09-18,2026-09-24 00:00:00,ACTIVE,BULL,2026-09-18,True,True,True,True,1d,,,,,,
2026-09-24 02:25:27,btc_signals_log(24.09)_v4.csv,ACTIVE,BULL,2026-09-18,2026-09-24 00:00:00,ACTIVE,BULL,2026-09-18,True,True,True,True,1d,,,,,,
2026-09-24 02:55:32,btc_signals_log(24.09)_v4.csv,ACTIVE,BULL,2026-09-18,2026-09-24 00:00:00,ACTIVE,BULL,2026-09-18,True,True,True,True,1d,,,,,,
2026-09-24 03:25:37,btc_signals_log(24.09)_v4.csv,ACTIVE,BULL,2026-09-18,2026-09-24 00:00:00,ACTIVE,BULL,2026-09-18,True,True,True,True,1d,,,,,,
2026-09-24 03:55:41,btc_signals_log(24.09)_v4.csv,ACTIVE,BULL,2026-09-18,2026-09-24 00:00:00,ACTIVE,BULL,2026-09-18,True,True,True,True,1d,,,,,,
2026-09-24 04:25:47,btc_signals_log(24.09)_v4.csv,ACTIVE,BULL,2026-09-18,2026-09-24 00:00:00,ACTIVE,BULL,2026-09-18,True,True,True,True,1d,,,,,,
2026-09-24 04:55:51,btc_signals_log(24.09)_v4.csv,ACTIVE,BULL,2026-09-18,2026-09-24 00:00:00,ACTIVE,BULL,2026-09-18,True,True,True,True,1d,,,,,,
2026-09-24 05:25:57,btc_signals_log(24.09)_v4.csv,ACTIVE,BULL,2026-09-18,2026-09-24 00:00:00,ACTIVE,BULL,2026-09-18,True,True,True,True,1d,,,,,,
2026-09-24 05:56:01,btc_signals_log(24.09)_v4.csv,ACTIVE,BULL,2026-09-18,2026-09-24 00:00:00,ACTIVE,BULL,2026-09-18,True,True,True,True,1d,,,,,,
2026-09-24 06:26:06,btc_signals_log(24.09)_v4.csv,ACTIVE,BULL,2026-09-18,2026-09-24 00:00:00,ACTIVE,BULL,2026-09-18,True,True,True,True,1d,,,,,,
2026-09-24 06:56:11,btc_signals_log(24.09)_v4.csv,ACTIVE,BULL,2026-09-18,2026-09-24 00:00:00,ACTIVE,BULL,2026-09-18,True,True,True,True,1d,,,,,,
2026-09-24 07:26:16,btc_signals_log(24.09)_v4.csv,ACTIVE,BULL,2026-09-18,2026-09-24 00:00:00,ACTIVE,BULL,2026-09-18,True,True,True,True,1d,,,,,,
2026-09-24 07:56:23,btc_signals_log(24.09)_v4.csv,ACTIVE,BULL,2026-09-18,2026-09-24 00:00:00,ACTIVE,BULL,2026-09-18,True,True,True,True,1d,,,,,,
2026-09-24 08:26:29,btc_signals_log(24.09)_v4.csv,ACTIVE,BULL,2026-09-18,2026-09-24 00:00:00,ACTIVE,BULL,2026-09-18,True,True,True,True,1d,,,,,,
2026-09-24 08:56:35,btc_signals_log(24.09)_v4.csv,ACTIVE,BULL,2026-09-18,2026-09-24 00:00:00,ACTIVE,BULL,2026-09-18,True,True,True,True,1d,,,,,,
2026-09-24 09:26:40,btc_signals_log(24.09)_v4.csv,ACTIVE,BULL,2026-09-18,2026-09-24 00:00:00,ACTIVE,BULL,2026-09-18,True,True,True,True,1d,,,,,,
2026-09-24 09:56:46,btc_signals_log(24.09)_v4.csv,ACTIVE,BULL,2026-09-18,2026-09-24 00:00:00,ACTIVE,BULL,2026-09-18,True,True,True,True,1d,,,,,,
2026-09-24 10:26:51,btc_signals_log(24.09)_v4.csv,ACTIVE,BULL,2026-09-18,2026-09-24 00:00:00,ACTIVE,BULL,2026-09-18,True,True,True,True,1d,,,,,,
2026-09-24 10:56:57,btc_signals_log(24.09)_v4.csv,ACTIVE,BULL,2026-09-18,2026-09-24 00:00:00,ACTIVE,BULL,2026-09-18,True,True,True,True,1d,,,,,,
2026-09-24 12:29:40,btc_signals_log(24.09)_v4.csv,ACTIVE,BULL,2026-09-18,2026-09-24 00:00:00,ACTIVE,BULL,2026-09-18,True,True,True,True,1d,,,,,,
2026-09-24 12:59:46,btc_signals_log(24.09)_v4.csv,ACTIVE,BULL,2026-09-18,2026-09-24 00:00:00,ACTIVE,BULL,2026-09-18,True,True,True,True,1d,,,,,,
2026-09-24 13:29:52,btc_signals_log(24.09)_v4.csv,ACTIVE,BULL,2026-09-18,2026-09-24 00:00:00,ACTIVE,BULL,2026-09-18,True,True,True,True,1d,,,,,,
2026-09-24 13:59:58,btc_signals_log(24.09)_v4.csv,ACTIVE,BULL,2026-09-18,2026-09-24 00:00:00,ACTIVE,BULL,2026-09-18,True,True,True,True,1d,,,,,,
2026-09-24 14:30:04,btc_signals_log(24.09)_v4.csv,ACTIVE,BULL,2026-09-18,2026-09-24 00:00:00,ACTIVE,BULL,2026-09-18,True,True,True,True,1d,,,,,,
2026-09-24 15:00:18,btc_signals_log(24.09)_v4.csv,ACTIVE,BULL,2026-09-18,2026-09-24 00:00:00,ACTIVE,BULL,2026-09-18,True,True,True,True,1d,,,,,,
2026-09-24 15:30:24,btc_signals_log(24.09)_v4.csv,ACTIVE,BULL,2026-09-18,2026-09-24 00:00:00,ACTIVE,BULL,2026-09-18,True,True,True,True,1d,,,,,,
2026-09-24 16:00:30,btc_signals_log(24.09)_v4.csv,ACTIVE,BULL,2026-09-18,2026-09-24 00:00:00,ACTIVE,BULL,2026-09-18,True,True,True,True,1d,,,,,,
2026-09-24 16:30:35,btc_signals_log(24.09)_v4.csv,ACTIVE,BULL,2026-09-18,2026-09-24 00:00:00,ACTIVE,BULL,2026-09-18,True,True,True,True,1d,,,,,,
2026-09-24 19:02:44,btc_signals_log(24.09)_v4.csv,ACTIVE,BULL,2026-09-18,2026-09-24 00:00:00,ACTIVE,BULL,2026-09-18,True,True,True,True,1d,,,,,,
2026-09-24 20:34:12,btc_signals_log(24.09)_v4.csv,ACTIVE,BULL,2026-09-18,2026-09-24 00:00:00,ACTIVE,BULL,2026-09-18,True,True,True,True,1d,,,,,,
2026-09-24 21:04:16,btc_signals_log(24.09)_v4.csv,ACTIVE,BULL,2026-09-18,2026-09-24 00:00:00,ACTIVE,BULL,2026-09-18,True,True,True,True,1d,,,,,,
2026-09-24 21:34:21,btc_signals_log(24.09)_v4.csv,ACTIVE,BULL,2026-09-18,2026-09-24 00:00:00,ACTIVE,BULL,2026-09-18,True,True,True,True,1d,,,,,,
2026-09-24 22:04:25,btc_signals_log(24.09)_v4.csv,ACTIVE,BULL,2026-09-18,2026-09-24 00:00:00,ACTIVE,BULL,2026-09-18,True,True,True,True,1d,,,,,,
2026-09-24 22:34:30,btc_signals_log(24.09)_v4.csv,ACTIVE,BULL,2026-09-18,2026-09-24 00:00:00,ACTIVE,BULL,2026-09-18,True,True,True,True,1d,,,,,,
2026-09-24 23:04:34,btc_signals_log(24.09)_v4.csv,ACTIVE,BULL,2026-09-18,2026-09-24 00:00:00,ACTIVE,BULL,2026-09-18,True,True,True,True,1d,,,,,,
2026-09-24 23:34:39,btc_signals_log(24.09)_v4.csv,ACTIVE,BULL,2026-09-18,2026-09-24 00:00:00,ACTIVE,BULL,2026-09-18,True,True,True,True,1d,,,,,,
2026-09-25 00:04:43,btc_signals_log(25.09)_v4.csv,ACTIVE,BULL,2026-09-18,2026-09-25 00:00:00,ACTIVE,BULL,2026-09-18,True,True,True,True,1d,,,,,,
2026-09-25 00:34:48,btc_signals_log(25.09)_v4.csv,ACTIVE,BULL,2026-09-18,2026-09-25 00:00:00,ACTIVE,BULL,2026-09-18,True,True,True,True,1d,,,,,,
2026-09-25 01:04:52,btc_signals_log(25.09)_v4.csv,ACTIVE,BULL,2026-09-18,2026-09-25 00:00:00,ACTIVE,BULL,2026-09-18,True,True,True,True,1d,,,,,,
2026-09-25 01:35:02,btc_signals_log(25.09)_v4.csv,ACTIVE,BULL,2026-09-18,2026-09-25 00:00:00,ACTIVE,BULL,2026-09-18,True,True,True,True,1d,,,,,,
2026-09-25 02:05:07,btc_signals_log(25.09)_v4.csv,ACTIVE,BULL,2026-09-18,2026-09-25 00:00:00,ACTIVE,BULL,2026-09-18,True,True,True,True,1d,,,,,,
2026-09-25 02:35:11,btc_signals_log(25.09)_v4.csv,ACTIVE,BULL,2026-09-18,2026-09-25 00:00:00,ACTIVE,BULL,2026-09-18,True,True,True,True,1d,,,,,,
2026-09-25 03:05:16,btc_signals_log(25.09)_v4.csv,ACTIVE,BULL,2026-09-18,2026-09-25 00:00:00,ACTIVE,BULL,2026-09-18,True,True,True,True,1d,,,,,,
2026-09-25 03:35:20,btc_signals_log(25.09)_v4.csv,ACTIVE,BULL,2026-09-18,2026-09-25 00:00:00,ACTIVE,BULL,2026-09-18,True,True,True,True,1d,,,,,,
2026-09-25 04:05:24,btc_signals_log(25.09)_v4.csv,ACTIVE,BULL,2026-09-18,2026-09-25 00:00:00,ACTIVE,BULL,2026-09-18,True,True,True,True,1d,,,,,,
2026-09-25 04:35:34,btc_signals_log(25.09)_v4.csv,ACTIVE,BULL,2026-09-18,2026-09-25 00:00:00,ACTIVE,BULL,2026-09-18,True,True,True,True,1d,,,,,,
2026-09-25 05:05:38,btc_signals_log(25.09)_v4.csv,ACTIVE,BULL,2026-09-18,2026-09-25 00:00:00,ACTIVE,BULL,2026-09-18,True,True,True,True,1d,,,,,,
2026-09-25 05:35:42,btc_signals_log(25.09)_v4.csv,ACTIVE,BULL,2026-09-18,2026-09-25 00:00:00,ACTIVE,BULL,2026-09-18,True,True,True,True,1d,,,,,,
2026-09-25 06:05:46,btc_signals_log(25.09)_v4.csv,ACTIVE,BULL,2026-09-18,2026-09-25 00:00:00,ACTIVE,BULL,2026-09-18,True,True,True,True,1d,,,,,,
2026-09-25 06:35:51,btc_signals_log(25.09)_v4.csv,ACTIVE,BULL,2026-09-18,2026-09-25 00:00:00,ACTIVE,BULL,2026-09-18,True,True,True,True,1d,,,,,,
2026-09-25 07:05:56,btc_signals_log(25.09)_v4.csv,ACTIVE,BULL,2026-09-18,2026-09-25 00:00:00,ACTIVE,BULL,2026-09-18,True,True,True,True,1d,,,,,,
2026-09-25 07:36:06,btc_signals_log(25.09)_v4.csv,ACTIVE,BULL,2026-09-18,2026-09-25 00:00:00,ACTIVE,BULL,2026-09-18,True,True,True,True,1d,,,,,,
2026-09-25 08:06:11,btc_signals_log(25.09)_v4.csv,ACTIVE,BULL,2026-09-18,2026-09-25 00:00:00,ACTIVE,BULL,2026-09-18,True,True,True,True,1d,,,,,,
2026-09-25 08:36:16,btc_signals_log(25.09)_v4.csv,ACTIVE,BULL,2026-09-18,2026-09-25 00:00:00,ACTIVE,BULL,2026-09-18,True,True,True,True,1d,,,,,,
2026-09-25 09:06:20,btc_signals_log(25.09)_v4.csv,ACTIVE,BULL,2026-09-18,2026-09-25 00:00:00,ACTIVE,BULL,2026-09-18,True,True,True,True,1d,,,,,,
2026-09-25 09:36:25,btc_signals_log(25.09)_v4.csv,ACTIVE,BULL,2026-09-18,2026-09-25 00:00:00,ACTIVE,BULL,2026-09-18,True,True,True,True,1d,,,,,,
2026-09-25 10:06:35,btc_signals_log(25.09)_v4.csv,ACTIVE,BULL,2026-09-18,2026-09-25 00:00:00,ACTIVE,BULL,2026-09-18,True,True,True,True,1d,,,,,,
2026-09-25 11:06:41,btc_signals_log(25.09)_v4.csv,ACTIVE,BULL,2026-09-18,2026-09-25 00:00:00,ACTIVE,BULL,2026-09-18,True,True,True,True,1d,,,,,,
2026-09-25 12:06:47,btc_signals_log(25.09)_v4.csv,ACTIVE,BULL,2026-09-18,2026-09-25 00:00:00,ACTIVE,BULL,2026-09-18,True,True,True,True,1d,,,,,,
2026-09-25 12:36:53,btc_signals_log(25.09)_v4.csv,ACTIVE,BULL,2026-09-18,2026-09-25 00:00:00,ACTIVE,BULL,2026-09-18,True,True,True,True,1d,,,,,,
2026-09-25 13:06:58,btc_signals_log(25.09)_v4.csv,ACTIVE,BULL,2026-09-18,2026-09-25 00:00:00,ACTIVE,BULL,2026-09-18,True,True,True,True,1d,,,,,,
2026-09-25 13:37:13,btc_signals_log(25.09)_v4.csv,ACTIVE,BULL,2026-09-18,2026-09-25 00:00:00,ACTIVE,BULL,2026-09-18,True,True,True,True,1d,,,,,,
2026-09-25 14:07:18,btc_signals_log(25.09)_v4.csv,ACTIVE,BULL,2026-09-18,2026-09-25 00:00:00,ACTIVE,BULL,2026-09-18,True,True,True,True,1d,,,,,,
2026-09-25 14:37:23,btc_signals_log(25.09)_v4.csv,ACTIVE,BULL,2026-09-18,2026-09-25 00:00:00,ACTIVE,BULL,2026-09-18,True,True,True,True,1d,,,,,,
2026-09-25 15:07:28,btc_signals_log(25.09)_v4.csv,ACTIVE,BULL,2026-09-18,2026-09-25 00:00:00,ACTIVE,BULL,2026-09-18,True,True,True,True,1d,,,,,,
2026-09-25 15:37:45,btc_signals_log(25.09)_v4.csv,ACTIVE,BULL,2026-09-18,2026-09-25 00:00:00,ACTIVE,BULL,2026-09-18,True,True,True,True,1d,,,,,,
2026-09-25 16:07:49,btc_signals_log(25.09)_v4.csv,ACTIVE,BULL,2026-09-18,2026-09-25 00:00:00,ACTIVE,BULL,2026-09-18,True,True,True,True,1d,,,,,,
2026-09-25 16:37:58,btc_signals_log(25.09)_v4.csv,ACTIVE,BULL,2026-09-18,2026-09-25 00:00:00,ACTIVE,BULL,2026-09-18,True,True,True,True,1d,,,,,,
2026-09-25 17:38:04,btc_signals_log(25.09)_v4.csv,ACTIVE,BULL,2026-09-18,2026-09-25 00:00:00,ACTIVE,BULL,2026-09-18,True,True,True,True,1d,,,,,,
2026-09-25 18:08:12,btc_signals_log(25.09)_v4.csv,ACTIVE,BULL,2026-09-18,2026-09-25 00:00:00,ACTIVE,BULL,2026-09-18,True,True,True,True,1d,,,,,,
2026-09-25 18:38:17,btc_signals_log(25.09)_v4.csv,ACTIVE,BULL,2026-09-18,2026-09-25 00:00:00,ACTIVE,BULL,2026-09-18,True,True,True,True,1d,,,,,,
2026-09-25 19:08:22,btc_signals_log(25.09)_v4.csv,ACTIVE,BULL,2026-09-18,2026-09-25 00:00:00,ACTIVE,BULL,2026-09-18,True,True,True,True,1d,,,,,,
2026-09-25 19:38:26,btc_signals_log(25.09)_v4.csv,ACTIVE,BULL,2026-09-18,2026-09-25 00:00:00,ACTIVE,BULL,2026-09-18,True,True,True,True,1d,,,,,,
2026-09-25 20:09:01,btc_signals_log(25.09)_v4.csv,ACTIVE,BULL,2026-09-18,2026-09-25 00:00:00,ACTIVE,BULL,2026-09-18,True,True,True,True,1d,,,,,,
2026-09-25 20:39:05,btc_signals_log(25.09)_v4.csv,ACTIVE,BULL,2026-09-18,2026-09-25 00:00:00,ACTIVE,BULL,2026-09-18,True,True,True,True,1d,,,,,,
2026-09-25 21:09:10,btc_signals_log(25.09)_v4.csv,ACTIVE,BULL,2026-09-18,2026-09-25 00:00:00,ACTIVE,BULL,2026-09-18,True,True,True,True,1d,,,,,,
2026-09-25 21:39:15,btc_signals_log(25.09)_v4.csv,ACTIVE,BULL,2026-09-18,2026-09-25 00:00:00,ACTIVE,BULL,2026-09-18,True,True,True,True,1d,,,,,,
2026-09-25 22:09:20,btc_signals_log(25.09)_v4.csv,ACTIVE,BULL,2026-09-18,2026-09-25 00:00:00,ACTIVE,BULL,2026-09-18,True,True,True,True,1d,,,,,,
2026-09-25 22:39:24,btc_signals_log(25.09)_v4.csv,ACTIVE,BULL,2026-09-18,2026-09-25 00:00:00,ACTIVE,BULL,2026-09-18,True,True,True,True,1d,,,,,,
2026-09-25 23:09:29,btc_signals_log(25.09)_v4.csv,ACTIVE,BULL,2026-09-18,2026-09-25 00:00:00,ACTIVE,BULL,2026-09-18,True,True,True,True,1d,,,,,,
2026-09-25 23:39:34,btc_signals_log(25.09)_v4.csv,ACTIVE,BULL,2026-09-18,2026-09-25 00:00:00,ACTIVE,BULL,2026-09-18,True,True,True,True,1d,,,,,,
2026-09-26 00:09:39,btc_signals_log(26.09)_v4.csv,ACTIVE,BULL,2026-09-18,2026-09-26 00:00:00,ACTIVE,BULL,2026-09-18,True,True,True,True,1d,,,,,,
2026-09-26 00:39:44,btc_signals_log(26.09)_v4.csv,ACTIVE,BULL,2026-09-18,2026-09-26 00:00:00,ACTIVE,BULL,2026-09-18,True,True,True,True,1d,,,,,,
2026-09-26 01:09:48,btc_signals_log(26.09)_v4.csv,ACTIVE,BULL,2026-09-18,2026-09-26 00:00:00,ACTIVE,BULL,2026-09-18,True,True,True,True,1d,,,,,,
2026-09-26 01:39:52,btc_signals_log(26.09)_v4.csv,ACTIVE,BULL,2026-09-18,2026-09-26 00:00:00,ACTIVE,BULL,2026-09-18,True,True,True,True,1d,,,,,,
2026-09-26 02:09:57,btc_signals_log(26.09)_v4.csv,ACTIVE,BULL,2026-09-18,2026-09-26 00:00:00,ACTIVE,BULL,2026-09-18,True,True,True,True,1d,,,,,,
2026-09-26 02:40:02,btc_signals_log(26.09)_v4.csv,ACTIVE,BULL,2026-09-18,2026-09-26 00:00:00,ACTIVE,BULL,2026-09-18,True,True,True,True,1d,,,,,,
2026-09-26 03:10:25,btc_signals_log(26.09)_v4.csv,ACTIVE,BULL,2026-09-18,2026-09-26 00:00:00,ACTIVE,BULL,2026-09-18,True,True,True,True,1d,,,,,,
2026-09-26 03:40:35,btc_signals_log(26.09)_v4.csv,ACTIVE,BULL,2026-09-18,2026-09-26 00:00:00,ACTIVE,BULL,2026-09-18,True,True,True,True,1d,,,,,,
2026-09-26 04:10:40,btc_signals_log(26.09)_v4.csv,ACTIVE,BULL,2026-09-18,2026-09-26 00:00:00,ACTIVE,BULL,2026-09-18,True,True,True,True,1d,,,,,,
2026-09-26 04:40:44,btc_signals_log(26.09)_v4.csv,ACTIVE,BULL,2026-09-18,2026-09-26 00:00:00,ACTIVE,BULL,2026-09-18,True,True,True,True,1d,,,,,,
2026-09-26 05:10:49,btc_signals_log(26.09)_v4.csv,ACTIVE,BULL,2026-09-18,2026-09-26 00:00:00,ACTIVE,BULL,2026-09-18,True,True,True,True,1d,,,,,,
2026-09-26 05:40:53,btc_signals_log(26.09)_v4.csv,ACTIVE,BULL,2026-09-18,2026-09-26 00:00:00,ACTIVE,BULL,2026-09-18,True,True,True,True,1d,,,,,,
2026-09-26 06:10:58,btc_signals_log(26.09)_v4.csv,ACTIVE,BULL,2026-09-18,2026-09-26 00:00:00,ACTIVE,BULL,2026-09-18,True,True,True,True,1d,,,,,,
2026-09-26 06:41:03,btc_signals_log(26.09)_v4.csv,ACTIVE,BULL,2026-09-18,2026-09-26 00:00:00,ACTIVE,BULL,2026-09-18,True,True,True,True,1d,,,,,,
2026-09-26 07:11:07,btc_signals_log(26.09)_v4.csv,ACTIVE,BULL,2026-09-18,2026-09-26 00:00:00,ACTIVE,BULL,2026-09-18,True,True,True,True,1d,,,,,,
2026-09-26 07:41:12,btc_signals_log(26.09)_v4.csv,ACTIVE,BULL,2026-09-18,2026-09-26 00:00:00,ACTIVE,BULL,2026-09-18,True,True,True,True,1d,,,,,,
2026-09-26 08:11:22,btc_signals_log(26.09)_v4.csv,ACTIVE,BULL,2026-09-18,2026-09-26 00:00:00,ACTIVE,BULL,2026-09-18,True,True,True,True,1d,,,,,,
2026-09-26 08:41:27,btc_signals_log(26.09)_v4.csv,ACTIVE,BULL,2026-09-18,2026-09-26 00:00:00,ACTIVE,BULL,2026-09-18,True,True,True,True,1d,,,,,,
2026-09-26 09:11:37,btc_signals_log(26.09)_v4.csv,ACTIVE,BULL,2026-09-18,2026-09-26 00:00:00,ACTIVE,BULL,2026-09-18,True,True,True,True,1d,,,,,,
2026-09-26 09:41:42,btc_signals_log(26.09)_v4.csv,ACTIVE,BULL,2026-09-18,2026-09-26 00:00:00,ACTIVE,BULL,2026-09-18,True,True,True,True,1d,,,,,,
2026-09-26 10:41:55,btc_signals_log(26.09)_v4.csv,ACTIVE,BULL,2026-09-18,2026-09-26 00:00:00,ACTIVE,BULL,2026-09-18,True,True,True,True,1d,,,,,,
2026-09-26 11:12:00,btc_signals_log(26.09)_v4.csv,ACTIVE,BULL,2026-09-18,2026-09-26 00:00:00,ACTIVE,BULL,2026-09-18,True,True,True,True,1d,,,,,,
2026-09-26 11:42:05,btc_signals_log(26.09)_v4.csv,ACTIVE,BULL,2026-09-18,2026-09-26 00:00:00,ACTIVE,BULL,2026-09-18,True,True,True,True,1d,,,,,,
2026-09-26 12:12:10,btc_signals_log(26.09)_v4.csv,ACTIVE,BULL,2026-09-18,2026-09-26 00:00:00,ACTIVE,BULL,2026-09-18,True,True,True,True,1d,,,,,,
2026-09-26 13:12:16,btc_signals_log(26.09)_v4.csv,ACTIVE,BULL,2026-09-18,2026-09-26 00:00:00,ACTIVE,BULL,2026-09-18,True,True,True,True,1d,,,,,,
2026-09-26 13:42:20,btc_signals_log(26.09)_v4.csv,ACTIVE,BULL,2026-09-18,2026-09-26 00:00:00,ACTIVE,BULL,2026-09-18,True,True,True,True,1d,,,,,,
2026-09-26 14:42:38,btc_signals_log(26.09)_v4.csv,ACTIVE,BULL,2026-09-18,2026-09-26 00:00:00,ACTIVE,BULL,2026-09-18,True,True,True,True,1d,,,,,,
2026-09-26 15:12:43,btc_signals_log(26.09)_v4.csv,ACTIVE,BULL,2026-09-18,2026-09-26 00:00:00,ACTIVE,BULL,2026-09-18,True,True,True,True,1d,,,,,,
2026-09-26 16:42:57,btc_signals_log(26.09)_v4.csv,ACTIVE,BULL,2026-09-18,2026-09-26 00:00:00,ACTIVE,BULL,2026-09-18,True,True,True,True,1d,,,,,,
2026-09-26 17:13:03,btc_signals_log(26.09)_v4.csv,ACTIVE,BULL,2026-09-18,2026-09-26 00:00:00,ACTIVE,BULL,2026-09-18,True,True,True,True,1d,,,,,,
2026-09-26 17:43:09,btc_signals_log(26.09)_v4.csv,ACTIVE,BULL,2026-09-18,2026-09-26 00:00:00,ACTIVE,BULL,2026-09-18,True,True,True,True,1d,,,,,,
2026-09-26 18:13:14,btc_signals_log(26.09)_v4.csv,ACTIVE,BULL,2026-09-18,2026-09-26 00:00:00,ACTIVE,BULL,2026-09-18,True,True,True,True,1d,,,,,,
2026-09-26 18:43:25,btc_signals_log(26.09)_v4.csv,ACTIVE,BULL,2026-09-18,2026-09-26 00:00:00,ACTIVE,BULL,2026-09-18,True,True,True,True,1d,,,,,,
2026-09-26 19:13:30,btc_signals_log(26.09)_v4.csv,ACTIVE,BULL,2026-09-18,2026-09-26 00:00:00,ACTIVE,BULL,2026-09-18,True,True,True,True,1d,,,,,,
2026-09-26 19:43:36,btc_signals_log(26.09)_v4.csv,ACTIVE,BULL,2026-09-18,2026-09-26 00:00:00,ACTIVE,BULL,2026-09-18,True,True,True,True,1d,,,,,,
2026-09-26 20:13:41,btc_signals_log(26.09)_v4.csv,ACTIVE,BULL,2026-09-18,2026-09-26 00:00:00,ACTIVE,BULL,2026-09-18,True,True,True,True,1d,,,,,,
2026-09-26 20:43:47,btc_signals_log(26.09)_v4.csv,ACTIVE,BULL,2026-09-18,2026-09-26 00:00:00,ACTIVE,BULL,2026-09-18,True,True,True,True,1d,,,,,,
2026-09-26 21:14:00,btc_signals_log(26.09)_v4.csv,ACTIVE,BULL,2026-09-18,2026-09-26 00:00:00,ACTIVE,BULL,2026-09-18,True,True,True,True,1d,,,,,,
2026-09-26 21:44:05,btc_signals_log(26.09)_v4.csv,ACTIVE,BULL,2026-09-18,2026-09-26 00:00:00,ACTIVE,BULL,2026-09-18,True,True,True,True,1d,,,,,,
2026-09-26 22:14:10,btc_signals_log(26.09)_v4.csv,ACTIVE,BULL,2026-09-18,2026-09-26 00:00:00,ACTIVE,BULL,2026-09-18,True,True,True,True,1d,,,,,,
2026-09-26 22:44:14,btc_signals_log(26.09)_v4.csv,ACTIVE,BULL,2026-09-18,2026-09-26 00:00:00,ACTIVE,BULL,2026-09-18,True,True,True,True,1d,,,,,,
2026-09-26 23:14:18,btc_signals_log(26.09)_v4.csv,ACTIVE,BULL,2026-09-18,2026-09-26 00:00:00,ACTIVE,BULL,2026-09-18,True,True,True,True,1d,,,,,,
2026-09-27 00:14:23,btc_signals_log(27.09)_v4.csv,ACTIVE,BULL,2026-09-18,2026-09-27 00:00:00,ACTIVE,BULL,2026-09-18,True,True,True,True,1d,,,,,,
2026-09-27 01:14:35,btc_signals_log(27.09)_v4.csv,ACTIVE,BULL,2026-09-18,2026-09-27 00:00:00,ACTIVE,BULL,2026-09-18,True,True,True,True,1d,,,,,,
2026-09-27 01:44:40,btc_signals_log(27.09)_v4.csv,ACTIVE,BULL,2026-09-18,2026-09-27 00:00:00,ACTIVE,BULL,2026-09-18,True,True,True,True,1d,,,,,,
2026-09-27 02:14:50,btc_signals_log(27.09)_v4.csv,ACTIVE,BULL,2026-09-18,2026-09-27 00:00:00,ACTIVE,BULL,2026-09-18,True,True,True,True,1d,,,,,,
2026-09-27 02:44:54,btc_signals_log(27.09)_v4.csv,ACTIVE,BULL,2026-09-18,2026-09-27 00:00:00,ACTIVE,BULL,2026-09-18,True,True,True,True,1d,,,,,,
2026-09-27 03:14:59,btc_signals_log(27.09)_v4.csv,ACTIVE,BULL,2026-09-18,2026-09-27 00:00:00,ACTIVE,BULL,2026-09-18,True,True,True,True,1d,,,,,,
2026-09-27 03:45:06,btc_signals_log(27.09)_v4.csv,ACTIVE,BULL,2026-09-18,2026-09-27 00:00:00,ACTIVE,BULL,2026-09-18,True,True,True,True,1d,,,,,,
2026-09-27 04:45:11,btc_signals_log(27.09)_v4.csv,ACTIVE,BULL,2026-09-18,2026-09-27 00:00:00,ACTIVE,BULL,2026-09-18,True,True,True,True,1d,,,,,,
2026-09-27 05:15:16,btc_signals_log(27.09)_v4.csv,ACTIVE,BULL,2026-09-18,2026-09-27 00:00:00,ACTIVE,BULL,2026-09-18,True,True,True,True,1d,,,,,,
2026-09-27 06:15:21,btc_signals_log(27.09)_v4.csv,ACTIVE,BULL,2026-09-18,2026-09-27 00:00:00,ACTIVE,BULL,2026-09-18,True,True,True,True,1d,,,,,,
2026-09-27 06:45:25,btc_signals_log(27.09)_v4.csv,ACTIVE,BULL,2026-09-18,2026-09-27 00:00:00,ACTIVE,BULL,2026-09-18,True,True,True,True,1d,,,,,,
2026-09-27 07:15:30,btc_signals_log(27.09)_v4.csv,ACTIVE,BULL,2026-09-18,2026-09-27 00:00:00,ACTIVE,BULL,2026-09-18,True,True,True,True,1d,,,,,,
2026-09-27 07:45:36,btc_signals_log(27.09)_v4.csv,ACTIVE,BULL,2026-09-18,2026-09-27 00:00:00,ACTIVE,BULL,2026-09-18,True,True,True,True,1d,,,,,,
2026-09-27 08:15:42,btc_signals_log(27.09)_v4.csv,ACTIVE,BULL,2026-09-18,2026-09-27 00:00:00,ACTIVE,BULL,2026-09-18,True,True,True,True,1d,,,,,,
2026-09-27 08:45:48,btc_signals_log(27.09)_v4.csv,ACTIVE,BULL,2026-09-18,2026-09-27 00:00:00,ACTIVE,BULL,2026-09-18,True,True,True,True,1d,,,,,,
2026-09-27 11:31:34,btc_signals_log(27.09)_v4.csv,ACTIVE,BULL,2026-09-18,2026-09-27 00:00:00,ACTIVE,BULL,2026-09-18,True,True,True,True,1d,,,,,,
2026-09-27 12:55:58,btc_signals_log(27.09)_v4.csv,ACTIVE,BULL,2026-09-18,2026-09-27 00:00:00,ACTIVE,BULL,2026-09-18,True,True,True,True,1d,,,,,,
2026-09-27 13:26:03,btc_signals_log(27.09)_v4.csv,ACTIVE,BULL,2026-09-18,2026-09-27 00:00:00,ACTIVE,BULL,2026-09-18,True,True,True,True,1d,,,,,,
2026-09-27 13:56:10,btc_signals_log(27.09)_v4.csv,ACTIVE,BULL,2026-09-18,2026-09-27 00:00:00,ACTIVE,BULL,2026-09-18,True,True,True,True,1d,,,,,,
2026-09-27 15:26:30,btc_signals_log(27.09)_v4.csv,ACTIVE,BULL,2026-09-18,2026-09-27 00:00:00,ACTIVE,BULL,2026-09-18,True,True,True,True,1d,,,,,,
2026-09-27 15:56:46,btc_signals_log(27.09)_v4.csv,ACTIVE,BULL,2026-09-18,2026-09-27 00:00:00,ACTIVE,BULL,2026-09-18,True,True,True,True,1d,,,,,,
2026-09-27 16:57:28,btc_signals_log(27.09)_v4.csv,ACTIVE,BULL,2026-09-18,2026-09-27 00:00:00,ACTIVE,BULL,2026-09-18,True,True,True,True,1d,,,,,,
2026-09-27 17:27:33,btc_signals_log(27.09)_v4.csv,ACTIVE,BULL,2026-09-18,2026-09-27 00:00:00,ACTIVE,BULL,2026-09-18,True,True,True,True,1d,,,,,,
2026-09-27 17:57:49,btc_signals_log(27.09)_v4.csv,ACTIVE,BULL,2026-09-18,2026-09-27 00:00:00,ACTIVE,BULL,2026-09-18,True,True,True,True,1d,,,,,,
2026-09-27 18:28:05,btc_signals_log(27.09)_v4.csv,ACTIVE,BULL,2026-09-18,2026-09-27 00:00:00,ACTIVE,BULL,2026-09-18,True,True,True,True,1d,,,,,,
2026-09-27 18:58:11,btc_signals_log(27.09)_v4.csv,ACTIVE,BULL,2026-09-18,2026-09-27 00:00:00,ACTIVE,BULL,2026-09-18,True,True,True,True,1d,,,,,,
2026-09-27 19:28:19,btc_signals_log(27.09)_v4.csv,ACTIVE,BULL,2026-09-18,2026-09-27 00:00:00,ACTIVE,BULL,2026-09-18,True,True,True,True,1d,,,,,,
2026-09-27 19:58:34,btc_signals_log(27.09)_v4.csv,ACTIVE,BULL,2026-09-18,2026-09-27 00:00:00,ACTIVE,BULL,2026-09-18,True,True,True,True,1d,,,,,,
2026-09-27 21:23:04,btc_signals_log(27.09)_v4.csv,ACTIVE,BULL,2026-09-18,2026-09-27 00:00:00,ACTIVE,BULL,2026-09-18,True,True,True,True,1d,,,,,,
2026-09-27 21:53:10,btc_signals_log(27.09)_v4.csv,ACTIVE,BULL,2026-09-18,2026-09-27 00:00:00,ACTIVE,BULL,2026-09-18,True,True,True,True,1d,,,,,,
2026-09-27 22:23:17,btc_signals_log(27.09)_v4.csv,ACTIVE,BULL,2026-09-18,2026-09-27 00:00:00,ACTIVE,BULL,2026-09-18,True,True,True,True,1d,,,,,,
2026-09-27 22:53:28,btc_signals_log(27.09)_v4.csv,ACTIVE,BULL,2026-09-18,2026-09-27 00:00:00,ACTIVE,BULL,2026-09-18,True,True,True,True,1d,,,,,,
2026-09-27 23:23:34,btc_signals_log(27.09)_v4.csv,ACTIVE,BULL,2026-09-18,2026-09-27 00:00:00,ACTIVE,BULL,2026-09-18,True,True,True,True,1d,,,,,,
2026-09-28 00:23:40,btc_signals_log(28.09)_v4.csv,ACTIVE,BULL,2026-09-18,2026-09-28 00:00:00,ACTIVE,BULL,2026-09-18,True,True,True,True,1d,,,,,,
2026-09-28 00:53:45,btc_signals_log(28.09)_v4.csv,ACTIVE,BULL,2026-09-18,2026-09-28 00:00:00,ACTIVE,BULL,2026-09-18,True,True,True,True,1d,,,,,,
2026-09-28 01:23:51,btc_signals_log(28.09)_v4.csv,ACTIVE,BULL,2026-09-18,2026-09-28 00:00:00,ACTIVE,BULL,2026-09-18,True,True,True,True,1d,,,,,,
2026-09-28 01:53:56,btc_signals_log(28.09)_v4.csv,ACTIVE,BULL,2026-09-18,2026-09-28 00:00:00,ACTIVE,BULL,2026-09-18,True,True,True,True,1d,,,,,,
2026-09-28 02:24:01,btc_signals_log(28.09)_v4.csv,ACTIVE,BULL,2026-09-18,2026-09-28 00:00:00,ACTIVE,BULL,2026-09-18,True,True,True,True,1d,,,,,,
2026-09-28 02:54:06,btc_signals_log(28.09)_v4.csv,ACTIVE,BULL,2026-09-18,2026-09-28 00:00:00,ACTIVE,BULL,2026-09-18,True,True,True,True,1d,,,,,,
2026-09-28 03:24:11,btc_signals_log(28.09)_v4.csv,ACTIVE,BULL,2026-09-18,2026-09-28 00:00:00,ACTIVE,BULL,2026-09-18,True,True,True,True,1d,,,,,,
2026-09-28 04:24:16,btc_signals_log(28.09)_v4.csv,ACTIVE,BULL,2026-09-18,2026-09-28 00:00:00,ACTIVE,BULL,2026-09-18,True,True,True,True,1d,,,,,,
2026-09-28 04:54:21,btc_signals_log(28.09)_v4.csv,ACTIVE,BULL,2026-09-18,2026-09-28 00:00:00,ACTIVE,BULL,2026-09-18,True,True,True,True,1d,,,,,,
2026-09-28 05:24:26,btc_signals_log(28.09)_v4.csv,ACTIVE,BULL,2026-09-18,2026-09-28 00:00:00,ACTIVE,BULL,2026-09-18,True,True,True,True,1d,,,,,,
2026-09-28 05:54:31,btc_signals_log(28.09)_v4.csv,ACTIVE,BULL,2026-09-18,2026-09-28 00:00:00,ACTIVE,BULL,2026-09-18,True,True,True,True,1d,,,,,,
2026-09-28 06:24:36,btc_signals_log(28.09)_v4.csv,ACTIVE,BULL,2026-09-18,2026-09-28 00:00:00,ACTIVE,BULL,2026-09-18,True,True,True,True,1d,,,,,,
2026-09-28 06:54:41,btc_signals_log(28.09)_v4.csv,ACTIVE,BULL,2026-09-18,2026-09-28 00:00:00,ACTIVE,BULL,2026-09-18,True,True,True,True,1d,,,,,,
2026-09-28 07:24:46,btc_signals_log(28.09)_v4.csv,ACTIVE,BULL,2026-09-18,2026-09-28 00:00:00,ACTIVE,BULL,2026-09-18,True,True,True,True,1d,,,,,,
2026-09-28 07:54:53,btc_signals_log(28.09)_v4.csv,ACTIVE,BULL,2026-09-18,2026-09-28 00:00:00,ACTIVE,BULL,2026-09-18,True,True,True,True,1d,,,,,,
2026-09-28 08:24:59,btc_signals_log(28.09)_v4.csv,ACTIVE,BULL,2026-09-18,2026-09-28 00:00:00,ACTIVE,BULL,2026-09-18,True,True,True,True,1d,,,,,,
2026-09-28 08:55:07,btc_signals_log(28.09)_v4.csv,ACTIVE,BULL,2026-09-18,2026-09-28 00:00:00,ACTIVE,BULL,2026-09-18,True,True,True,True,1d,,,,,,
2026-09-28 09:25:50,btc_signals_log(28.09)_v4.csv,ACTIVE,BULL,2026-09-18,2026-09-28 00:00:00,ACTIVE,BULL,2026-09-18,True,True,True,True,1d,,,,,,
2026-09-28 09:55:56,btc_signals_log(28.09)_v4.csv,ACTIVE,BULL,2026-09-18,2026-09-28 00:00:00,ACTIVE,BULL,2026-09-18,True,True,True,True,1d,,,,,,
2026-09-28 10:26:02,btc_signals_log(28.09)_v4.csv,ACTIVE,BULL,2026-09-18,2026-09-28 00:00:00,ACTIVE,BULL,2026-09-18,True,True,True,True,1d,,,,,,
2026-09-28 11:26:15,btc_signals_log(28.09)_v4.csv,ACTIVE,BULL,2026-09-18,2026-09-28 00:00:00,ACTIVE,BULL,2026-09-18,True,True,True,True,1d,,,,,,
2026-09-28 11:56:20,btc_signals_log(28.09)_v4.csv,ACTIVE,BULL,2026-09-18,2026-09-28 00:00:00,ACTIVE,BULL,2026-09-18,True,True,True,True,1d,,,,,,
2026-09-28 12:26:26,btc_signals_log(28.09)_v4.csv,ACTIVE,BULL,2026-09-18,2026-09-28 00:00:00,ACTIVE,BULL,2026-09-18,True,True,True,True,1d,,,,,,
2026-09-28 13:57:58,btc_signals_log(28.09)_v4.csv,ACTIVE,BULL,2026-09-18,2026-09-28 00:00:00,ACTIVE,BULL,2026-09-18,True,True,True,True,1d,,,,,,
2026-09-28 14:28:16,btc_signals_log(28.09)_v4.csv,ACTIVE,BULL,2026-09-18,2026-09-28 00:00:00,ACTIVE,BULL,2026-09-18,True,True,True,True,1d,,,,,,
2026-09-28 14:58:24,btc_signals_log(28.09)_v4.csv,ACTIVE,BULL,2026-09-18,2026-09-28 00:00:00,ACTIVE,BULL,2026-09-18,True,True,True,True,1d,,,,,,
2026-09-28 15:28:32,btc_signals_log(28.09)_v4.csv,ACTIVE,BULL,2026-09-18,2026-09-28 00:00:00,ACTIVE,BULL,2026-09-18,True,True,True,True,1d,,,,,,
2026-09-28 15:58:38,btc_signals_log(28.09)_v4.csv,ACTIVE,BULL,2026-09-18,2026-09-28 00:00:00,ACTIVE,BULL,2026-09-18,True,True,True,True,1d,,,,,,
2026-09-28 16:28:47,btc_signals_log(28.09)_v4.csv,ACTIVE,BULL,2026-09-18,2026-09-28 00:00:00,ACTIVE,BULL,2026-09-18,True,True,True,True,1d,,,,,,
2026-09-28 17:29:01,btc_signals_log(28.09)_v4.csv,ACTIVE,BULL,2026-09-18,2026-09-28 00:00:00,ACTIVE,BULL,2026-09-18,True,True,True,True,1d,,,,,,
2026-09-28 17:59:12,btc_signals_log(28.09)_v4.csv,ACTIVE,BULL,2026-09-18,2026-09-28 00:00:00,ACTIVE,BULL,2026-09-18,True,True,True,True,1d,,,,,,
2026-09-28 18:29:31,btc_signals_log(28.09)_v4.csv,ACTIVE,BULL,2026-09-18,2026-09-28 00:00:00,ACTIVE,BULL,2026-09-18,True,True,True,True,1d,,,,,,
2026-09-28 18:59:48,btc_signals_log(28.09)_v4.csv,ACTIVE,BULL,2026-09-18,2026-09-28 00:00:00,ACTIVE,BULL,2026-09-18,True,True,True,True,1d,,,,,,
2026-09-28 19:29:54,btc_signals_log(28.09)_v4.csv,ACTIVE,BULL,2026-09-18,2026-09-28 00:00:00,ACTIVE,BULL,2026-09-18,True,True,True,True,1d,,,,,,
2026-09-28 20:30:14,btc_signals_log(28.09)_v4.csv,ACTIVE,BULL,2026-09-18,2026-09-28 00:00:00,ACTIVE,BULL,2026-09-18,True,True,True,True,1d,,,,,,
2026-09-28 21:00:21,btc_signals_log(28.09)_v4.csv,ACTIVE,BULL,2026-09-18,2026-09-28 00:00:00,ACTIVE,BULL,2026-09-18,True,True,True,True,1d,,,,,,
2026-09-28 21:30:27,btc_signals_log(28.09)_v4.csv,ACTIVE,BULL,2026-09-18,2026-09-28 00:00:00,ACTIVE,BULL,2026-09-18,True,True,True,True,1d,,,,,,
2026-09-28 22:00:42,btc_signals_log(28.09)_v4.csv,ACTIVE,BULL,2026-09-18,2026-09-28 00:00:00,ACTIVE,BULL,2026-09-18,True,True,True,True,1d,,,,,,
2026-09-28 22:30:48,btc_signals_log(28.09)_v4.csv,ACTIVE,BULL,2026-09-18,2026-09-28 00:00:00,ACTIVE,BULL,2026-09-18,True,True,True,True,1d,,,,,,
2026-09-28 23:00:55,btc_signals_log(28.09)_v4.csv,ACTIVE,BULL,2026-09-18,2026-09-28 00:00:00,ACTIVE,BULL,2026-09-18,True,True,True,True,1d,,,,,,
2026-09-28 23:31:01,btc_signals_log(28.09)_v4.csv,ACTIVE,BULL,2026-09-18,2026-09-28 00:00:00,ACTIVE,BULL,2026-09-18,True,True,True,True,1d,,,,,,
2026-09-29 00:01:06,btc_signals_log(29.09)_v4.csv,ACTIVE,BULL,2026-09-18,2026-09-29 00:00:00,ACTIVE,BULL,2026-09-18,True,True,True,True,1d,,,,,,
2026-09-29 00:31:11,btc_signals_log(29.09)_v4.csv,ACTIVE,BULL,2026-09-18,2026-09-29 00:00:00,ACTIVE,BULL,2026-09-18,True,True,True,True,1d,,,,,,
2026-09-29 01:01:17,btc_signals_log(29.09)_v4.csv,ACTIVE,BULL,2026-09-18,2026-09-29 00:00:00,ACTIVE,BULL,2026-09-18,True,True,True,True,1d,,,,,,
2026-09-29 01:31:22,btc_signals_log(29.09)_v4.csv,ACTIVE,BULL,2026-09-18,2026-09-29 00:00:00,ACTIVE,BULL,2026-09-18,True,True,True,True,1d,,,,,,
2026-09-29 02:01:28,btc_signals_log(29.09)_v4.csv,ACTIVE,BULL,2026-09-18,2026-09-29 00:00:00,ACTIVE,BULL,2026-09-18,True,True,True,True,1d,,,,,,
2026-09-29 02:31:33,btc_signals_log(29.09)_v4.csv,ACTIVE,BULL,2026-09-18,2026-09-29 00:00:00,ACTIVE,BULL,2026-09-18,True,True,True,True,1d,,,,,,
2026-09-29 03:01:39,btc_signals_log(29.09)_v4.csv,ACTIVE,BULL,2026-09-18,2026-09-29 00:00:00,ACTIVE,BULL,2026-09-18,True,True,True,True,1d,,,,,,
2026-09-29 03:31:49,btc_signals_log(29.09)_v4.csv,ACTIVE,BULL,2026-09-18,2026-09-29 00:00:00,ACTIVE,BULL,2026-09-18,True,True,True,True,1d,,,,,,
2026-09-29 04:01:55,btc_signals_log(29.09)_v4.csv,ACTIVE,BULL,2026-09-18,2026-09-29 00:00:00,ACTIVE,BULL,2026-09-18,True,True,True,True,1d,,,,,,
2026-09-29 04:32:02,btc_signals_log(29.09)_v4.csv,ACTIVE,BULL,2026-09-18,2026-09-29 00:00:00,ACTIVE,BULL,2026-09-18,True,True,True,True,1d,,,,,,
2026-09-29 05:02:08,btc_signals_log(29.09)_v4.csv,ACTIVE,BULL,2026-09-18,2026-09-29 00:00:00,ACTIVE,BULL,2026-09-18,True,True,True,True,1d,,,,,,
2026-09-29 07:45:43,btc_signals_log(29.09)_v4.csv,ACTIVE,BULL,2026-09-18,2026-09-29 00:00:00,ACTIVE,BULL,2026-09-18,True,True,True,True,1d,,,,,,
2026-09-29 08:15:49,btc_signals_log(29.09)_v4.csv,ACTIVE,BULL,2026-09-18,2026-09-29 00:00:00,ACTIVE,BULL,2026-09-18,True,True,True,True,1d,,,,,,
2026-09-29 08:45:55,btc_signals_log(29.09)_v4.csv,ACTIVE,BULL,2026-09-18,2026-09-29 00:00:00,ACTIVE,BULL,2026-09-18,True,True,True,True,1d,,,,,,
2026-09-29 09:16:00,btc_signals_log(29.09)_v4.csv,ACTIVE,BULL,2026-09-18,2026-09-29 00:00:00,ACTIVE,BULL,2026-09-18,True,True,True,True,1d,,,,,,
2026-09-29 10:16:08,btc_signals_log(29.09)_v4.csv,ACTIVE,BULL,2026-09-18,2026-09-29 00:00:00,ACTIVE,BULL,2026-09-18,True,True,True,True,1d,,,,,,
2026-09-29 10:46:13,btc_signals_log(29.09)_v4.csv,ACTIVE,BULL,2026-09-18,2026-09-29 00:00:00,ACTIVE,BULL,2026-09-18,True,True,True,True,1d,,,,,,
2026-09-29 11:16:25,btc_signals_log(29.09)_v4.csv,ACTIVE,BULL,2026-09-18,2026-09-29 00:00:00,ACTIVE,BULL,2026-09-18,True,True,True,True,1d,,,,,,
2026-09-29 11:46:41,btc_signals_log(29.09)_v4.csv,ACTIVE,BULL,2026-09-18,2026-09-29 00:00:00,ACTIVE,BULL,2026-09-18,True,True,True,True,1d,,,,,,
2026-09-29 12:16:53,btc_signals_log(29.09)_v4.csv,ACTIVE,BULL,2026-09-18,2026-09-29 00:00:00,ACTIVE,BULL,2026-09-18,True,True,True,True,1d,,,,,,
2026-09-29 12:47:05,btc_signals_log(29.09)_v4.csv,ACTIVE,BULL,2026-09-18,2026-09-29 00:00:00,ACTIVE,BULL,2026-09-18,True,True,True,True,1d,,,,,,
2026-09-29 13:17:16,btc_signals_log(29.09)_v4.csv,ACTIVE,BULL,2026-09-18,2026-09-29 00:00:00,ACTIVE,BULL,2026-09-18,True,True,True,True,1d,,,,,,
2026-09-29 13:47:38,btc_signals_log(29.09)_v4.csv,ACTIVE,BULL,2026-09-18,2026-09-29 00:00:00,ACTIVE,BULL,2026-09-18,True,True,True,True,1d,,,,,,
2026-09-29 14:47:45,btc_signals_log(29.09)_v4.csv,ACTIVE,BULL,2026-09-18,2026-09-29 00:00:00,ACTIVE,BULL,2026-09-18,True,True,True,True,1d,,,,,,
2026-09-29 15:17:53,btc_signals_log(29.09)_v4.csv,ACTIVE,BULL,2026-09-18,2026-09-29 00:00:00,ACTIVE,BULL,2026-09-18,True,True,True,True,1d,,,,,,
2026-09-29 15:48:00,btc_signals_log(29.09)_v4.csv,ACTIVE,BULL,2026-09-18,2026-09-29 00:00:00,ACTIVE,BULL,2026-09-18,True,True,True,True,1d,,,,,,
2026-09-29 16:18:09,btc_signals_log(29.09)_v4.csv,ACTIVE,BULL,2026-09-18,2026-09-29 00:00:00,ACTIVE,BULL,2026-09-18,True,True,True,True,1d,,,,,,
2026-09-29 16:48:26,btc_signals_log(29.09)_v4.csv,ACTIVE,BULL,2026-09-18,2026-09-29 00:00:00,ACTIVE,BULL,2026-09-18,True,True,True,True,1d,,,,,,
2026-09-29 17:18:31,btc_signals_log(29.09)_v4.csv,ACTIVE,BULL,2026-09-18,2026-09-29 00:00:00,ACTIVE,BULL,2026-09-18,True,True,True,True,1d,,,,,,
2026-09-29 17:48:37,btc_signals_log(29.09)_v4.csv,ACTIVE,BULL,2026-09-18,2026-09-29 00:00:00,ACTIVE,BULL,2026-09-18,True,True,True,True,1d,,,,,,
2026-09-29 18:18:43,btc_signals_log(29.09)_v4.csv,ACTIVE,BULL,2026-09-18,2026-09-29 00:00:00,ACTIVE,BULL,2026-09-18,True,True,True,True,1d,,,,,,
2026-09-29 18:48:57,btc_signals_log(29.09)_v4.csv,ACTIVE,BULL,2026-09-18,2026-09-29 00:00:00,ACTIVE,BULL,2026-09-18,True,True,True,True,1d,,,,,,
2026-09-29 19:19:08,btc_signals_log(29.09)_v4.csv,ACTIVE,BULL,2026-09-18,2026-09-29 00:00:00,ACTIVE,BULL,2026-09-18,True,True,True,True,1d,,,,,,
2026-09-29 19:49:15,btc_signals_log(29.09)_v4.csv,ACTIVE,BULL,2026-09-18,2026-09-29 00:00:00,ACTIVE,BULL,2026-09-18,True,True,True,True,1d,,,,,,
2026-09-29 20:19:22,btc_signals_log(29.09)_v4.csv,ACTIVE,BULL,2026-09-18,2026-09-29 00:00:00,ACTIVE,BULL,2026-09-18,True,True,True,True,1d,,,,,,
2026-09-29 20:49:28,btc_signals_log(29.09)_v4.csv,ACTIVE,BULL,2026-09-18,2026-09-29 00:00:00,ACTIVE,BULL,2026-09-18,True,True,True,True,1d,,,,,,
2026-09-29 21:19:34,btc_signals_log(29.09)_v4.csv,ACTIVE,BULL,2026-09-18,2026-09-29 00:00:00,ACTIVE,BULL,2026-09-18,True,True,True,True,1d,,,,,,
2026-09-29 21:49:40,btc_signals_log(29.09)_v4.csv,ACTIVE,BULL,2026-09-18,2026-09-29 00:00:00,ACTIVE,BULL,2026-09-18,True,True,True,True,1d,,,,,,
2026-09-29 22:19:46,btc_signals_log(29.09)_v4.csv,ACTIVE,BULL,2026-09-18,2026-09-29 00:00:00,ACTIVE,BULL,2026-09-18,True,True,True,True,1d,,,,,,
2026-09-29 22:49:51,btc_signals_log(29.09)_v4.csv,ACTIVE,BULL,2026-09-18,2026-09-29 00:00:00,ACTIVE,BULL,2026-09-18,True,True,True,True,1d,,,,,,
2026-09-29 23:19:57,btc_signals_log(29.09)_v4.csv,ACTIVE,BULL,2026-09-18,2026-09-29 00:00:00,ACTIVE,BULL,2026-09-18,True,True,True,True,1d,,,,,,
2026-09-30 00:20:05,btc_signals_log(30.09)_v4.csv,ACTIVE,BULL,2026-09-18,2026-09-30 00:00:00,ACTIVE,BULL,2026-09-18,True,True,True,True,1d,,,,,,
2026-09-30 00:50:10,btc_signals_log(30.09)_v4.csv,ACTIVE,BULL,2026-09-18,2026-09-30 00:00:00,ACTIVE,BULL,2026-09-18,True,True,True,True,1d,,,,,,
2026-09-30 01:50:17,btc_signals_log(30.09)_v4.csv,ACTIVE,BULL,2026-09-18,2026-09-30 00:00:00,ACTIVE,BULL,2026-09-18,True,True,True,True,1d,,,,,,
2026-09-30 02:20:22,btc_signals_log(30.09)_v4.csv,ACTIVE,BULL,2026-09-18,2026-09-30 00:00:00,ACTIVE,BULL,2026-09-18,True,True,True,True,1d,,,,,,
2026-09-30 02:50:27,btc_signals_log(30.09)_v4.csv,ACTIVE,BULL,2026-09-18,2026-09-30 00:00:00,ACTIVE,BULL,2026-09-18,True,True,True,True,1d,,,,,,
2026-09-30 03:20:33,btc_signals_log(30.09)_v4.csv,ACTIVE,BULL,2026-09-18,2026-09-30 00:00:00,ACTIVE,BULL,2026-09-18,True,True,True,True,1d,,,,,,
2026-09-30 03:50:37,btc_signals_log(30.09)_v4.csv,ACTIVE,BULL,2026-09-18,2026-09-30 00:00:00,ACTIVE,BULL,2026-09-18,True,True,True,True,1d,,,,,,
2026-09-30 04:20:42,btc_signals_log(30.09)_v4.csv,ACTIVE,BULL,2026-09-18,2026-09-30 00:00:00,ACTIVE,BULL,2026-09-18,True,True,True,True,1d,,,,,,
2026-09-30 05:20:56,btc_signals_log(30.09)_v4.csv,ACTIVE,BULL,2026-09-18,2026-09-30 00:00:00,ACTIVE,BULL,2026-09-18,True,True,True,True,1d,,,,,,
2026-09-30 06:21:15,btc_signals_log(30.09)_v4.csv,ACTIVE,BULL,2026-09-18,2026-09-30 00:00:00,ACTIVE,BULL,2026-09-18,True,True,True,True,1d,,,,,,
2026-09-30 06:51:29,btc_signals_log(30.09)_v4.csv,ACTIVE,BULL,2026-09-18,2026-09-30 00:00:00,ACTIVE,BULL,2026-09-18,True,True,True,True,1d,,,,,,
2026-09-30 07:51:54,btc_signals_log(30.09)_v4.csv,ACTIVE,BULL,2026-09-18,2026-09-30 00:00:00,ACTIVE,BULL,2026-09-18,True,True,True,True,1d,,,,,,
2026-09-30 08:22:31,btc_signals_log(30.09)_v4.csv,ACTIVE,BULL,2026-09-18,2026-09-30 00:00:00,ACTIVE,BULL,2026-09-18,True,True,True,True,1d,,,,,,
2026-09-30 08:53:09,btc_signals_log(30.09)_v4.csv,ACTIVE,BULL,2026-09-18,2026-09-30 00:00:00,ACTIVE,BULL,2026-09-18,True,True,True,True,1d,,,,,,
2026-09-30 09:23:48,btc_signals_log(30.09)_v4.csv,ACTIVE,BULL,2026-09-18,2026-09-30 00:00:00,ACTIVE,BULL,2026-09-18,True,True,True,True,1d,,,,,,
2026-09-30 09:54:25,btc_signals_log(30.09)_v4.csv,ACTIVE,BULL,2026-09-18,2026-09-30 00:00:00,ACTIVE,BULL,2026-09-18,True,True,True,True,1d,,,,,,
2026-09-30 10:25:19,btc_signals_log(30.09)_v4.csv,ACTIVE,BULL,2026-09-18,2026-09-30 00:00:00,ACTIVE,BULL,2026-09-18,True,True,True,True,1d,,,,,,
2026-09-30 10:55:30,btc_signals_log(30.09)_v4.csv,ACTIVE,BULL,2026-09-18,2026-09-30 00:00:00,ACTIVE,BULL,2026-09-18,True,True,True,True,1d,,,,,,
2026-09-30 11:25:36,btc_signals_log(30.09)_v4.csv,ACTIVE,BULL,2026-09-18,2026-09-30 00:00:00,ACTIVE,BULL,2026-09-18,True,True,True,True,1d,,,,,,
2026-09-30 11:55:48,btc_signals_log(30.09)_v4.csv,ACTIVE,BULL,2026-09-18,2026-09-30 00:00:00,ACTIVE,BULL,2026-09-18,True,True,True,True,1d,,,,,,
2026-09-30 12:56:25,btc_signals_log(30.09)_v4.csv,ACTIVE,BULL,2026-09-18,2026-09-30 00:00:00,ACTIVE,BULL,2026-09-18,True,True,True,True,1d,,,,,,
2026-09-30 13:26:31,btc_signals_log(30.09)_v4.csv,ACTIVE,BULL,2026-09-18,2026-09-30 00:00:00,ACTIVE,BULL,2026-09-18,True,True,True,True,1d,,,,,,
2026-09-30 13:56:42,btc_signals_log(30.09)_v4.csv,ACTIVE,BULL,2026-09-18,2026-09-30 00:00:00,ACTIVE,BULL,2026-09-18,True,True,True,True,1d,,,,,,
2026-09-30 14:26:47,btc_signals_log(30.09)_v4.csv,ACTIVE,BULL,2026-09-18,2026-09-30 00:00:00,ACTIVE,BULL,2026-09-18,True,True,True,True,1d,,,,,,
2026-09-30 14:57:18,btc_signals_log(30.09)_v4.csv,ACTIVE,BULL,2026-09-18,2026-09-30 00:00:00,ACTIVE,BULL,2026-09-18,True,True,True,True,1d,,,,,,
2026-09-30 15:27:37,btc_signals_log(30.09)_v4.csv,ACTIVE,BULL,2026-09-18,2026-09-30 00:00:00,ACTIVE,BULL,2026-09-18,True,True,True,True,1d,,,,,,
2026-09-30 16:27:44,btc_signals_log(30.09)_v4.csv,ACTIVE,BULL,2026-09-18,2026-09-30 00:00:00,ACTIVE,BULL,2026-09-18,True,True,True,True,1d,,,,,,
2026-09-30 16:57:51,btc_signals_log(30.09)_v4.csv,ACTIVE,BULL,2026-09-18,2026-09-30 00:00:00,ACTIVE,BULL,2026-09-18,True,True,True,True,1d,,,,,,
2026-09-30 17:27:58,btc_signals_log(30.09)_v4.csv,ACTIVE,BULL,2026-09-18,2026-09-30 00:00:00,ACTIVE,BULL,2026-09-18,True,True,True,True,1d,,,,,,
2026-09-30 17:58:04,btc_signals_log(30.09)_v4.csv,ACTIVE,BULL,2026-09-18,2026-09-30 00:00:00,ACTIVE,BULL,2026-09-18,True,True,True,True,1d,,,,,,
2026-09-30 18:58:11,btc_signals_log(30.09)_v4.csv,ACTIVE,BULL,2026-09-18,2026-09-30 00:00:00,ACTIVE,BULL,2026-09-18,True,True,True,True,1d,,,,,,
2026-09-30 19:28:16,btc_signals_log(30.09)_v4.csv,ACTIVE,BULL,2026-09-18,2026-09-30 00:00:00,ACTIVE,BULL,2026-09-18,True,True,True,True,1d,,,,,,
2026-09-30 19:58:23,btc_signals_log(30.09)_v4.csv,ACTIVE,BULL,2026-09-18,2026-09-30 00:00:00,ACTIVE,BULL,2026-09-18,True,True,True,True,1d,,,,,,
2026-09-30 20:28:29,btc_signals_log(30.09)_v4.csv,ACTIVE,BULL,2026-09-18,2026-09-30 00:00:00,ACTIVE,BULL,2026-09-18,True,True,True,True,1d,,,,,,
2026-09-30 20:58:34,btc_signals_log(30.09)_v4.csv,ACTIVE,BULL,2026-09-18,2026-09-30 00:00:00,ACTIVE,BULL,2026-09-18,True,True,True,True,1d,,,,,,
2026-09-30 21:28:41,btc_signals_log(30.09)_v4.csv,ACTIVE,BULL,2026-09-18,2026-09-30 00:00:00,ACTIVE,BULL,2026-09-18,True,True,True,True,1d,,,,,,
2026-09-30 21:58:51,btc_signals_log(30.09)_v4.csv,ACTIVE,BULL,2026-09-18,2026-09-30 00:00:00,ACTIVE,BULL,2026-09-18,True,True,True,True,1d,,,,,,
2026-09-30 22:28:57,btc_signals_log(30.09)_v4.csv,ACTIVE,BULL,2026-09-18,2026-09-30 00:00:00,ACTIVE,BULL,2026-09-18,True,True,True,True,1d,,,,,,
2026-10-01 00:29:06,btc_signals_log(01.10)_v4.csv,ACTIVE,BULL,2026-09-18,2026-10-01 00:00:00,ACTIVE,BULL,2026-09-18,True,True,True,True,1d,,,,,,
2026-10-01 00:59:12,btc_signals_log(01.10)_v4.csv,ACTIVE,BULL,2026-09-18,2026-10-01 00:00:00,ACTIVE,BULL,2026-09-18,True,True,True,True,1d,,,,,,
2026-10-01 01:29:17,btc_signals_log(01.10)_v4.csv,ACTIVE,BULL,2026-09-18,2026-10-01 00:00:00,ACTIVE,BULL,2026-09-18,True,True,True,True,1d,,,,,,
2026-10-01 01:59:23,btc_signals_log(01.10)_v4.csv,ACTIVE,BULL,2026-09-18,2026-10-01 00:00:00,ACTIVE,BULL,2026-09-18,True,True,True,True,1d,,,,,,
2026-10-01 02:59:29,btc_signals_log(01.10)_v4.csv,ACTIVE,BULL,2026-09-18,2026-10-01 00:00:00,ACTIVE,BULL,2026-09-18,True,True,True,True,1d,,,,,,
2026-10-01 03:29:34,btc_signals_log(01.10)_v4.csv,ACTIVE,BULL,2026-09-18,2026-10-01 00:00:00,ACTIVE,BULL,2026-09-18,True,True,True,True,1d,,,,,,
2026-10-01 03:59:39,btc_signals_log(01.10)_v4.csv,ACTIVE,BULL,2026-09-18,2026-10-01 00:00:00,ACTIVE,BULL,2026-09-18,True,True,True,True,1d,,,,,,
2026-10-01 04:29:45,btc_signals_log(01.10)_v4.csv,ACTIVE,BULL,2026-09-18,2026-10-01 00:00:00,ACTIVE,BULL,2026-09-18,True,True,True,True,1d,,,,,,
2026-10-01 05:29:51,btc_signals_log(01.10)_v4.csv,ACTIVE,BULL,2026-09-18,2026-10-01 00:00:00,ACTIVE,BULL,2026-09-18,True,True,True,True,1d,,,,,,
2026-10-01 05:59:56,btc_signals_log(01.10)_v4.csv,ACTIVE,BULL,2026-09-18,2026-10-01 00:00:00,ACTIVE,BULL,2026-09-18,True,True,True,True,1d,,,,,,
2026-10-01 06:30:06,btc_signals_log(01.10)_v4.csv,ACTIVE,BULL,2026-09-18,2026-10-01 00:00:00,ACTIVE,BULL,2026-09-18,True,True,True,True,1d,,,,,,
2026-10-01 07:00:17,btc_signals_log(01.10)_v4.csv,ACTIVE,BULL,2026-09-18,2026-10-01 00:00:00,ACTIVE,BULL,2026-09-18,True,True,True,True,1d,,,,,,
2026-10-01 07:30:24,btc_signals_log(01.10)_v4.csv,ACTIVE,BULL,2026-09-18,2026-10-01 00:00:00,ACTIVE,BULL,2026-09-18,True,True,True,True,1d,,,,,,
2026-10-01 08:00:34,btc_signals_log(01.10)_v4.csv,ACTIVE,BULL,2026-09-18,2026-10-01 00:00:00,ACTIVE,BULL,2026-09-18,True,True,True,True,1d,,,,,,
2026-10-01 08:30:40,btc_signals_log(01.10)_v4.csv,ACTIVE,BULL,2026-09-18,2026-10-01 00:00:00,ACTIVE,BULL,2026-09-18,True,True,True,True,1d,,,,,,
2026-10-01 09:00:58,btc_signals_log(01.10)_v4.csv,ACTIVE,BULL,2026-09-18,2026-10-01 00:00:00,ACTIVE,BULL,2026-09-18,True,True,True,True,1d,,,,,,
2026-10-01 09:31:05,btc_signals_log(01.10)_v4.csv,ACTIVE,BULL,2026-09-18,2026-10-01 00:00:00,ACTIVE,BULL,2026-09-18,True,True,True,True,1d,,,,,,
2026-10-01 10:01:14,btc_signals_log(01.10)_v4.csv,ACTIVE,BULL,2026-09-18,2026-10-01 00:00:00,ACTIVE,BULL,2026-09-18,True,True,True,True,1d,,,,,,
2026-10-01 10:48:35,btc_signals_log(01.10)_v4.csv,ACTIVE,BULL,2026-09-18,2026-10-01 00:00:00,ACTIVE,BULL,2026-09-18,True,True,True,True,1d,,,,,,
2026-10-01 11:18:40,btc_signals_log(01.10)_v4.csv,ACTIVE,BULL,2026-09-18,2026-10-01 00:00:00,ACTIVE,BULL,2026-09-18,True,True,True,True,1d,,,,,,
2026-10-01 11:48:46,btc_signals_log(01.10)_v4.csv,ACTIVE,BULL,2026-09-18,2026-10-01 00:00:00,ACTIVE,BULL,2026-09-18,True,True,True,True,1d,,,,,,
2026-10-01 12:18:52,btc_signals_log(01.10)_v4.csv,ACTIVE,BULL,2026-09-18,2026-10-01 00:00:00,ACTIVE,BULL,2026-09-18,True,True,True,True,1d,,,,,,
2026-10-01 12:48:58,btc_signals_log(01.10)_v4.csv,ACTIVE,BULL,2026-09-18,2026-10-01 00:00:00,ACTIVE,BULL,2026-09-18,True,True,True,True,1d,,,,,,
2026-10-01 13:19:04,btc_signals_log(01.10)_v4.csv,ACTIVE,BULL,2026-09-18,2026-10-01 00:00:00,ACTIVE,BULL,2026-09-18,True,True,True,True,1d,,,,,,
2026-10-01 13:49:11,btc_signals_log(01.10)_v4.csv,ACTIVE,BULL,2026-09-18,2026-10-01 00:00:00,ACTIVE,BULL,2026-09-18,True,True,True,True,1d,,,,,,
2026-10-01 15:20:59,btc_signals_log(01.10)_v4.csv,ACTIVE,BULL,2026-09-18,2026-10-01 00:00:00,ACTIVE,BULL,2026-09-18,True,True,True,True,1d,,,,,,
2026-10-01 15:51:16,btc_signals_log(01.10)_v4.csv,ACTIVE,BULL,2026-09-18,2026-10-01 00:00:00,ACTIVE,BULL,2026-09-18,True,True,True,True,1d,,,,,,
2026-10-01 16:21:21,btc_signals_log(01.10)_v4.csv,ACTIVE,BULL,2026-09-18,2026-10-01 00:00:00,ACTIVE,BULL,2026-09-18,True,True,True,True,1d,,,,,,
2026-10-01 17:21:29,btc_signals_log(01.10)_v4.csv,ACTIVE,BULL,2026-09-18,2026-10-01 00:00:00,ACTIVE,BULL,2026-09-18,True,True,True,True,1d,,,,,,
2026-10-01 19:04:01,btc_signals_log(01.10)_v4.csv,ACTIVE,BULL,2026-09-18,2026-10-01 00:00:00,ACTIVE,BULL,2026-09-18,True,True,True,True,1d,,,,,,
2026-10-01 20:04:44,btc_signals_log(01.10)_v4.csv,ACTIVE,BULL,2026-09-18,2026-10-01 00:00:00,ACTIVE,BULL,2026-09-18,True,True,True,True,1d,,,,,,
2026-10-01 20:34:52,btc_signals_log(01.10)_v4.csv,ACTIVE,BULL,2026-09-18,2026-10-01 00:00:00,ACTIVE,BULL,2026-09-18,True,True,True,True,1d,,,,,,
2026-10-01 21:35:07,btc_signals_log(01.10)_v4.csv,ACTIVE,BULL,2026-09-18,2026-10-01 00:00:00,ACTIVE,BULL,2026-09-18,True,True,True,True,1d,,,,,,
2026-10-01 22:05:14,btc_signals_log(01.10)_v4.csv,ACTIVE,BULL,2026-09-18,2026-10-01 00:00:00,ACTIVE,BULL,2026-09-18,True,True,True,True,1d,,,,,,
2026-10-01 23:05:29,btc_signals_log(01.10)_v4.csv,ACTIVE,BULL,2026-09-18,2026-10-01 00:00:00,ACTIVE,BULL,2026-09-18,True,True,True,True,1d,,,,,,
2026-10-01 23:35:35,btc_signals_log(01.10)_v4.csv,ACTIVE,BULL,2026-09-18,2026-10-01 00:00:00,ACTIVE,BULL,2026-09-18,True,True,True,True,1d,,,,,,
2026-10-02 00:05:41,btc_signals_log(02.10)_v4.csv,ACTIVE,BULL,2026-09-18,2026-10-02 00:00:00,ACTIVE,BULL,2026-09-18,True,True,True,True,1d,,,,,,
2026-10-02 01:06:17,btc_signals_log(02.10)_v4.csv,ACTIVE,BULL,2026-09-18,2026-10-02 00:00:00,ACTIVE,BULL,2026-09-18,True,True,True,True,1d,,,,,,
2026-10-02 01:36:22,btc_signals_log(02.10)_v4.csv,ACTIVE,BULL,2026-09-18,2026-10-02 00:00:00,ACTIVE,BULL,2026-09-18,True,True,True,True,1d,,,,,,
2026-10-02 02:06:29,btc_signals_log(02.10)_v4.csv,ACTIVE,BULL,2026-09-18,2026-10-02 00:00:00,ACTIVE,BULL,2026-09-18,True,True,True,True,1d,,,,,,
2026-10-02 02:36:34,btc_signals_log(02.10)_v4.csv,ACTIVE,BULL,2026-09-18,2026-10-02 00:00:00,ACTIVE,BULL,2026-09-18,True,True,True,True,1d,,,,,,
2026-10-02 03:06:41,btc_signals_log(02.10)_v4.csv,ACTIVE,BULL,2026-09-18,2026-10-02 00:00:00,ACTIVE,BULL,2026-09-18,True,True,True,True,1d,,,,,,
2026-10-02 04:36:50,btc_signals_log(02.10)_v4.csv,ACTIVE,BULL,2026-09-18,2026-10-02 00:00:00,ACTIVE,BULL,2026-09-18,True,True,True,True,1d,,,,,,
2026-10-02 06:34:51,btc_signals_log(02.10)_v4.csv,ACTIVE,BULL,2026-09-18,2026-10-02 00:00:00,ACTIVE,BULL,2026-09-18,True,True,True,True,1d,,,,,,
2026-10-02 07:34:58,btc_signals_log(02.10)_v4.csv,ACTIVE,BULL,2026-09-18,2026-10-02 00:00:00,ACTIVE,BULL,2026-09-18,True,True,True,True,1d,,,,,,
2026-10-02 08:05:07,btc_signals_log(02.10)_v4.csv,ACTIVE,BULL,2026-09-18,2026-10-02 00:00:00,ACTIVE,BULL,2026-09-18,True,True,True,True,1d,,,,,,
2026-10-02 08:35:13,btc_signals_log(02.10)_v4.csv,ACTIVE,BULL,2026-09-18,2026-10-02 00:00:00,ACTIVE,BULL,2026-09-18,True,True,True,True,1d,,,,,,
2026-10-02 10:00:32,btc_signals_log(02.10)_v4.csv,ACTIVE,BULL,2026-09-18,2026-10-02 00:00:00,ACTIVE,BULL,2026-09-18,True,True,True,True,1d,,,,,,
2026-10-02 10:30:43,btc_signals_log(02.10)_v4.csv,ACTIVE,BULL,2026-09-18,2026-10-02 00:00:00,ACTIVE,BULL,2026-09-18,True,True,True,True,1d,,,,,,
2026-10-02 11:00:52,btc_signals_log(02.10)_v4.csv,ACTIVE,BULL,2026-09-18,2026-10-02 00:00:00,ACTIVE,BULL,2026-09-18,True,True,True,True,1d,,,,,,
2026-10-02 11:31:22,btc_signals_log(02.10)_v4.csv,ACTIVE,BULL,2026-09-18,2026-10-02 00:00:00,ACTIVE,BULL,2026-09-18,True,True,True,True,1d,,,,,,
2026-10-02 12:02:01,btc_signals_log(02.10)_v4.csv,ACTIVE,BULL,2026-09-18,2026-10-02 00:00:00,ACTIVE,BULL,2026-09-18,True,True,True,True,1d,,,,,,
2026-10-02 12:32:11,btc_signals_log(02.10)_v4.csv,ACTIVE,BULL,2026-09-18,2026-10-02 00:00:00,ACTIVE,BULL,2026-09-18,True,True,True,True,1d,,,,,,
2026-10-02 13:05:55,btc_signals_log(02.10)_v4.csv,ACTIVE,BULL,2026-09-18,2026-10-02 00:00:00,ACTIVE,BULL,2026-09-18,True,True,True,True,1d,,,,,,
2026-10-02 13:36:05,btc_signals_log(02.10)_v4.csv,ACTIVE,BULL,2026-09-18,2026-10-02 00:00:00,ACTIVE,BULL,2026-09-18,True,True,True,True,1d,,,,,,
2026-10-02 14:06:15,btc_signals_log(02.10)_v4.csv,ACTIVE,BULL,2026-09-18,2026-10-02 00:00:00,ACTIVE,BULL,2026-09-18,True,True,True,True,1d,,,,,,
2026-10-02 14:36:24,btc_signals_log(02.10)_v4.csv,ACTIVE,BULL,2026-09-18,2026-10-02 00:00:00,ACTIVE,BULL,2026-09-18,True,True,True,True,1d,,,,,,
2026-10-02 15:06:37,btc_signals_log(02.10)_v4.csv,ACTIVE,BULL,2026-09-18,2026-10-02 00:00:00,ACTIVE,BULL,2026-09-18,True,True,True,True,1d,,,,,,
2026-10-02 15:36:49,btc_signals_log(02.10)_v4.csv,ACTIVE,BULL,2026-09-18,2026-10-02 00:00:00,ACTIVE,BULL,2026-09-18,True,True,True,True,1d,,,,,,
2026-10-02 16:07:02,btc_signals_log(02.10)_v4.csv,ACTIVE,BULL,2026-09-18,2026-10-02 00:00:00,ACTIVE,BULL,2026-09-18,True,True,True,True,1d,,,,,,
2026-10-02 16:37:14,btc_signals_log(02.10)_v4.csv,ACTIVE,BULL,2026-09-18,2026-10-02 00:00:00,ACTIVE,BULL,2026-09-18,True,True,True,True,1d,,,,,,
2026-10-02 17:07:29,btc_signals_log(02.10)_v4.csv,ACTIVE,BULL,2026-09-18,2026-10-02 00:00:00,ACTIVE,BULL,2026-09-18,True,True,True,True,1d,,,,,,
2026-10-02 17:37:40,btc_signals_log(02.10)_v4.csv,ACTIVE,BULL,2026-09-18,2026-10-02 00:00:00,ACTIVE,BULL,2026-09-18,True,True,True,True,1d,,,,,,
2026-10-02 18:38:10,btc_signals_log(02.10)_v4.csv,ACTIVE,BULL,2026-09-18,2026-10-02 00:00:00,ACTIVE,BULL,2026-09-18,True,True,True,True,1d,,,,,,
2026-10-02 19:38:40,btc_signals_log(02.10)_v4.csv,ACTIVE,BULL,2026-09-18,2026-10-02 00:00:00,ACTIVE,BULL,2026-09-18,True,True,True,True,1d,,,,,,
2026-10-02 20:08:55,btc_signals_log(02.10)_v4.csv,ACTIVE,BULL,2026-09-18,2026-10-02 00:00:00,ACTIVE,BULL,2026-09-18,True,True,True,True,1d,,,,,,
2026-10-02 20:39:08,btc_signals_log(02.10)_v4.csv,ACTIVE,BULL,2026-09-18,2026-10-02 00:00:00,ACTIVE,BULL,2026-09-18,True,True,True,True,1d,,,,,,
2026-10-02 21:09:20,btc_signals_log(02.10)_v4.csv,ACTIVE,BULL,2026-09-18,2026-10-02 00:00:00,ACTIVE,BULL,2026-09-18,True,True,True,True,1d,,,,,,
2026-10-02 21:39:32,btc_signals_log(02.10)_v4.csv,ACTIVE,BULL,2026-09-18,2026-10-02 00:00:00,ACTIVE,BULL,2026-09-18,True,True,True,True,1d,,,,,,
2026-10-02 22:09:44,btc_signals_log(02.10)_v4.csv,ACTIVE,BULL,2026-09-18,2026-10-02 00:00:00,ACTIVE,BULL,2026-09-18,True,True,True,True,1d,,,,,,
2026-10-02 22:39:55,btc_signals_log(02.10)_v4.csv,ACTIVE,BULL,2026-09-18,2026-10-02 00:00:00,ACTIVE,BULL,2026-09-18,True,True,True,True,1d,,,,,,
2026-10-02 23:10:08,btc_signals_log(02.10)_v4.csv,ACTIVE,BULL,2026-09-18,2026-10-02 00:00:00,ACTIVE,BULL,2026-09-18,True,True,True,True,1d,,,,,,
2026-10-03 00:10:47,btc_signals_log(03.10)_v4.csv,ACTIVE,BULL,2026-09-18,2026-10-03 00:00:00,ACTIVE,BULL,2026-09-18,True,True,True,True,1d,,,,,,
2026-10-03 00:40:56,btc_signals_log(03.10)_v4.csv,ACTIVE,BULL,2026-09-18,2026-10-03 00:00:00,ACTIVE,BULL,2026-09-18,True,True,True,True,1d,,,,,,
2026-10-03 01:11:04,btc_signals_log(03.10)_v4.csv,ACTIVE,BULL,2026-09-18,2026-10-03 00:00:00,ACTIVE,BULL,2026-09-18,True,True,True,True,1d,,,,,,
2026-10-03 01:41:32,btc_signals_log(03.10)_v4.csv,ACTIVE,BULL,2026-09-18,2026-10-03 00:00:00,ACTIVE,BULL,2026-09-18,True,True,True,True,1d,,,,,,
2026-10-03 02:11:41,btc_signals_log(03.10)_v4.csv,ACTIVE,BULL,2026-09-18,2026-10-03 00:00:00,ACTIVE,BULL,2026-09-18,True,True,True,True,1d,,,,,,
2026-10-03 02:41:51,btc_signals_log(03.10)_v4.csv,ACTIVE,BULL,2026-09-18,2026-10-03 00:00:00,ACTIVE,BULL,2026-09-18,True,True,True,True,1d,,,,,,
2026-10-03 03:12:00,btc_signals_log(03.10)_v4.csv,ACTIVE,BULL,2026-09-18,2026-10-03 00:00:00,ACTIVE,BULL,2026-09-18,True,True,True,True,1d,,,,,,
2026-10-03 03:42:10,btc_signals_log(03.10)_v4.csv,ACTIVE,BULL,2026-09-18,2026-10-03 00:00:00,ACTIVE,BULL,2026-09-18,True,True,True,True,1d,,,,,,
2026-10-03 04:12:19,btc_signals_log(03.10)_v4.csv,ACTIVE,BULL,2026-09-18,2026-10-03 00:00:00,ACTIVE,BULL,2026-09-18,True,True,True,True,1d,,,,,,
2026-10-03 04:42:29,btc_signals_log(03.10)_v4.csv,ACTIVE,BULL,2026-09-18,2026-10-03 00:00:00,ACTIVE,BULL,2026-09-18,True,True,True,True,1d,,,,,,
2026-10-03 05:12:38,btc_signals_log(03.10)_v4.csv,ACTIVE,BULL,2026-09-18,2026-10-03 00:00:00,ACTIVE,BULL,2026-09-18,True,True,True,True,1d,,,,,,
2026-10-03 05:42:47,btc_signals_log(03.10)_v4.csv,ACTIVE,BULL,2026-09-18,2026-10-03 00:00:00,ACTIVE,BULL,2026-09-18,True,True,True,True,1d,,,,,,
2026-10-03 06:12:57,btc_signals_log(03.10)_v4.csv,ACTIVE,BULL,2026-09-18,2026-10-03 00:00:00,ACTIVE,BULL,2026-09-18,True,True,True,True,1d,,,,,,
2026-10-03 06:43:06,btc_signals_log(03.10)_v4.csv,ACTIVE,BULL,2026-09-18,2026-10-03 00:00:00,ACTIVE,BULL,2026-09-18,True,True,True,True,1d,,,,,,
2026-10-03 07:13:15,btc_signals_log(03.10)_v4.csv,ACTIVE,BULL,2026-09-18,2026-10-03 00:00:00,ACTIVE,BULL,2026-09-18,True,True,True,True,1d,,,,,,
2026-10-03 07:43:24,btc_signals_log(03.10)_v4.csv,ACTIVE,BULL,2026-09-18,2026-10-03 00:00:00,ACTIVE,BULL,2026-09-18,True,True,True,True,1d,,,,,,
2026-10-03 08:13:34,btc_signals_log(03.10)_v4.csv,ACTIVE,BULL,2026-09-18,2026-10-03 00:00:00,ACTIVE,BULL,2026-09-18,True,True,True,True,1d,,,,,,
2026-10-03 08:43:43,btc_signals_log(03.10)_v4.csv,ACTIVE,BULL,2026-09-18,2026-10-03 00:00:00,ACTIVE,BULL,2026-09-18,True,True,True,True,1d,,,,,,
2026-10-03 09:13:53,btc_signals_log(03.10)_v4.csv,ACTIVE,BULL,2026-09-18,2026-10-03 00:00:00,ACTIVE,BULL,2026-09-18,True,True,True,True,1d,,,,,,
2026-10-03 09:44:02,btc_signals_log(03.10)_v4.csv,ACTIVE,BULL,2026-09-18,2026-10-03 00:00:00,ACTIVE,BULL,2026-09-18,True,True,True,True,1d,,,,,,
2026-10-03 10:14:13,btc_signals_log(03.10)_v4.csv,ACTIVE,BULL,2026-09-18,2026-10-03 00:00:00,ACTIVE,BULL,2026-09-18,True,True,True,True,1d,,,,,,
2026-10-03 10:44:23,btc_signals_log(03.10)_v4.csv,ACTIVE,BULL,2026-09-18,2026-10-03 00:00:00,ACTIVE,BULL,2026-09-18,True,True,True,True,1d,,,,,,
2026-10-03 11:14:33,btc_signals_log(03.10)_v4.csv,ACTIVE,BULL,2026-09-18,2026-10-03 00:00:00,ACTIVE,BULL,2026-09-18,True,True,True,True,1d,,,,,,
2026-10-03 12:14:54,btc_signals_log(03.10)_v4.csv,ACTIVE,BULL,2026-09-18,2026-10-03 00:00:00,ACTIVE,BULL,2026-09-18,True,True,True,True,1d,,,,,,
2026-10-03 12:45:04,btc_signals_log(03.10)_v4.csv,ACTIVE,BULL,2026-09-18,2026-10-03 00:00:00,ACTIVE,BULL,2026-09-18,True,True,True,True,1d,,,,,,
2026-10-03 13:15:13,btc_signals_log(03.10)_v4.csv,ACTIVE,BULL,2026-09-18,2026-10-03 00:00:00,ACTIVE,BULL,2026-09-18,True,True,True,True,1d,,,,,,
2026-10-03 13:45:22,btc_signals_log(03.10)_v4.csv,ACTIVE,BULL,2026-09-18,2026-10-03 00:00:00,ACTIVE,BULL,2026-09-18,True,True,True,True,1d,,,,,,
2026-10-03 14:15:32,btc_signals_log(03.10)_v4.csv,ACTIVE,BULL,2026-09-18,2026-10-03 00:00:00,ACTIVE,BULL,2026-09-18,True,True,True,True,1d,,,,,,
2026-10-03 14:45:42,btc_signals_log(03.10)_v4.csv,ACTIVE,BULL,2026-09-18,2026-10-03 00:00:00,ACTIVE,BULL,2026-09-18,True,True,True,True,1d,,,,,,
2026-10-03 15:15:52,btc_signals_log(03.10)_v4.csv,ACTIVE,BULL,2026-09-18,2026-10-03 00:00:00,ACTIVE,BULL,2026-09-18,True,True,True,True,1d,,,,,,
2026-10-03 16:16:33,btc_signals_log(03.10)_v4.csv,ACTIVE,BULL,2026-09-18,2026-10-03 00:00:00,ACTIVE,BULL,2026-09-18,True,True,True,True,1d,,,,,,
2026-10-03 16:46:43,btc_signals_log(03.10)_v4.csv,ACTIVE,BULL,2026-09-18,2026-10-03 00:00:00,ACTIVE,BULL,2026-09-18,True,True,True,True,1d,,,,,,
2026-10-03 17:16:53,btc_signals_log(03.10)_v4.csv,ACTIVE,BULL,2026-09-18,2026-10-03 00:00:00,ACTIVE,BULL,2026-09-18,True,True,True,True,1d,,,,,,
2026-10-03 18:17:34,btc_signals_log(03.10)_v4.csv,ACTIVE,BULL,2026-09-18,2026-10-03 00:00:00,ACTIVE,BULL,2026-09-18,True,True,True,True,1d,,,,,,
2026-10-03 18:47:44,btc_signals_log(03.10)_v4.csv,ACTIVE,BULL,2026-09-18,2026-10-03 00:00:00,ACTIVE,BULL,2026-09-18,True,True,True,True,1d,,,,,,
2026-10-03 19:17:55,btc_signals_log(03.10)_v4.csv,ACTIVE,BULL,2026-09-18,2026-10-03 00:00:00,ACTIVE,BULL,2026-09-18,True,True,True,True,1d,,,,,,
2026-10-03 19:48:04,btc_signals_log(03.10)_v4.csv,ACTIVE,BULL,2026-09-18,2026-10-03 00:00:00,ACTIVE,BULL,2026-09-18,True,True,True,True,1d,,,,,,
2026-10-03 20:18:14,btc_signals_log(03.10)_v4.csv,ACTIVE,BULL,2026-09-18,2026-10-03 00:00:00,ACTIVE,BULL,2026-09-18,True,True,True,True,1d,,,,,,
2026-10-03 21:18:38,btc_signals_log(03.10)_v4.csv,ACTIVE,BULL,2026-09-18,2026-10-03 00:00:00,ACTIVE,BULL,2026-09-18,True,True,True,True,1d,,,,,,
2026-10-03 21:48:49,btc_signals_log(03.10)_v4.csv,ACTIVE,BULL,2026-09-18,2026-10-03 00:00:00,ACTIVE,BULL,2026-09-18,True,True,True,True,1d,,,,,,
2026-10-03 22:18:59,btc_signals_log(03.10)_v4.csv,ACTIVE,BULL,2026-09-18,2026-10-03 00:00:00,ACTIVE,BULL,2026-09-18,True,True,True,True,1d,,,,,,
2026-10-03 22:49:08,btc_signals_log(03.10)_v4.csv,ACTIVE,BULL,2026-09-18,2026-10-03 00:00:00,ACTIVE,BULL,2026-09-18,True,True,True,True,1d,,,,,,
2026-10-03 23:19:19,btc_signals_log(03.10)_v4.csv,ACTIVE,BULL,2026-09-18,2026-10-03 00:00:00,ACTIVE,BULL,2026-09-18,True,True,True,True,1d,,,,,,
2026-10-03 23:49:28,btc_signals_log(03.10)_v4.csv,ACTIVE,BULL,2026-09-18,2026-10-03 00:00:00,ACTIVE,BULL,2026-09-18,True,True,True,True,1d,,,,,,
2026-10-04 00:19:56,btc_signals_log(04.10)_v4.csv,ACTIVE,BULL,2026-09-18,2026-10-04 00:00:00,ACTIVE,BULL,2026-09-18,True,True,True,True,1d,,,,,,
2026-10-04 00:50:08,btc_signals_log(04.10)_v4.csv,ACTIVE,BULL,2026-09-18,2026-10-04 00:00:00,ACTIVE,BULL,2026-09-18,True,True,True,True,1d,,,,,,
2026-10-04 01:20:20,btc_signals_log(04.10)_v4.csv,ACTIVE,BULL,2026-09-18,2026-10-04 00:00:00,ACTIVE,BULL,2026-09-18,True,True,True,True,1d,,,,,,
2026-10-04 01:51:06,btc_signals_log(04.10)_v4.csv,ACTIVE,BULL,2026-09-18,2026-10-04 00:00:00,ACTIVE,BULL,2026-09-18,True,True,True,True,1d,,,,,,
2026-10-04 02:21:17,btc_signals_log(04.10)_v4.csv,ACTIVE,BULL,2026-09-18,2026-10-04 00:00:00,ACTIVE,BULL,2026-09-18,True,True,True,True,1d,,,,,,
2026-10-04 02:51:26,btc_signals_log(04.10)_v4.csv,ACTIVE,BULL,2026-09-18,2026-10-04 00:00:00,ACTIVE,BULL,2026-09-18,True,True,True,True,1d,,,,,,
2026-10-04 03:21:36,btc_signals_log(04.10)_v4.csv,ACTIVE,BULL,2026-09-18,2026-10-04 00:00:00,ACTIVE,BULL,2026-09-18,True,True,True,True,1d,,,,,,
2026-10-04 03:51:45,btc_signals_log(04.10)_v4.csv,ACTIVE,BULL,2026-09-18,2026-10-04 00:00:00,ACTIVE,BULL,2026-09-18,True,True,True,True,1d,,,,,,
2026-10-04 04:22:06,btc_signals_log(04.10)_v4.csv,ACTIVE,BULL,2026-09-18,2026-10-04 00:00:00,ACTIVE,BULL,2026-09-18,True,True,True,True,1d,,,,,,
2026-10-04 04:52:16,btc_signals_log(04.10)_v4.csv,ACTIVE,BULL,2026-09-18,2026-10-04 00:00:00,ACTIVE,BULL,2026-09-18,True,True,True,True,1d,,,,,,
2026-10-04 05:22:25,btc_signals_log(04.10)_v4.csv,ACTIVE,BULL,2026-09-18,2026-10-04 00:00:00,ACTIVE,BULL,2026-09-18,True,True,True,True,1d,,,,,,
2026-10-04 05:52:35,btc_signals_log(04.10)_v4.csv,ACTIVE,BULL,2026-09-18,2026-10-04 00:00:00,ACTIVE,BULL,2026-09-18,True,True,True,True,1d,,,,,,
2026-10-04 06:22:45,btc_signals_log(04.10)_v4.csv,ACTIVE,BULL,2026-09-18,2026-10-04 00:00:00,ACTIVE,BULL,2026-09-18,True,True,True,True,1d,,,,,,
2026-10-04 06:52:54,btc_signals_log(04.10)_v4.csv,ACTIVE,BULL,2026-09-18,2026-10-04 00:00:00,ACTIVE,BULL,2026-09-18,True,True,True,True,1d,,,,,,
2026-10-04 07:23:26,btc_signals_log(04.10)_v4.csv,ACTIVE,BULL,2026-09-18,2026-10-04 00:00:00,ACTIVE,BULL,2026-09-18,True,True,True,True,1d,,,,,,
2026-10-04 07:53:36,btc_signals_log(04.10)_v4.csv,ACTIVE,BULL,2026-09-18,2026-10-04 00:00:00,ACTIVE,BULL,2026-09-18,True,True,True,True,1d,,,,,,
2026-10-04 08:23:46,btc_signals_log(04.10)_v4.csv,ACTIVE,BULL,2026-09-18,2026-10-04 00:00:00,ACTIVE,BULL,2026-09-18,True,True,True,True,1d,,,,,,
2026-10-04 08:53:56,btc_signals_log(04.10)_v4.csv,ACTIVE,BULL,2026-09-18,2026-10-04 00:00:00,ACTIVE,BULL,2026-09-18,True,True,True,True,1d,,,,,,
2026-10-04 09:24:15,btc_signals_log(04.10)_v4.csv,ACTIVE,BULL,2026-09-18,2026-10-04 00:00:00,ACTIVE,BULL,2026-09-18,True,True,True,True,1d,,,,,,
2026-10-04 10:24:36,btc_signals_log(04.10)_v4.csv,ACTIVE,BULL,2026-09-18,2026-10-04 00:00:00,ACTIVE,BULL,2026-09-18,True,True,True,True,1d,,,,,,
2026-10-04 11:55:27,btc_signals_log(04.10)_v4.csv,ACTIVE,BULL,2026-09-18,2026-10-04 00:00:00,ACTIVE,BULL,2026-09-18,True,True,True,True,1d,,,,,,
2026-10-04 12:25:38,btc_signals_log(04.10)_v4.csv,ACTIVE,BULL,2026-09-18,2026-10-04 00:00:00,ACTIVE,BULL,2026-09-18,True,True,True,True,1d,,,,,,
2026-10-04 12:55:52,btc_signals_log(04.10)_v4.csv,ACTIVE,BULL,2026-09-18,2026-10-04 00:00:00,ACTIVE,BULL,2026-09-18,True,True,True,True,1d,,,,,,
2026-10-04 13:26:02,btc_signals_log(04.10)_v4.csv,ACTIVE,BULL,2026-09-18,2026-10-04 00:00:00,ACTIVE,BULL,2026-09-18,True,True,True,True,1d,,,,,,
2026-10-04 13:56:12,btc_signals_log(04.10)_v4.csv,ACTIVE,BULL,2026-09-18,2026-10-04 00:00:00,ACTIVE,BULL,2026-09-18,True,True,True,True,1d,,,,,,
2026-10-04 14:26:48,btc_signals_log(04.10)_v4.csv,ACTIVE,BULL,2026-09-18,2026-10-04 00:00:00,ACTIVE,BULL,2026-09-18,True,True,True,True,1d,,,,,,
2026-10-04 14:57:00,btc_signals_log(04.10)_v4.csv,ACTIVE,BULL,2026-09-18,2026-10-04 00:00:00,ACTIVE,BULL,2026-09-18,True,True,True,True,1d,,,,,,
2026-10-04 15:27:11,btc_signals_log(04.10)_v4.csv,ACTIVE,BULL,2026-09-18,2026-10-04 00:00:00,ACTIVE,BULL,2026-09-18,True,True,True,True,1d,,,,,,
2026-10-04 15:57:21,btc_signals_log(04.10)_v4.csv,ACTIVE,BULL,2026-09-18,2026-10-04 00:00:00,ACTIVE,BULL,2026-09-18,True,True,True,True,1d,,,,,,
2026-10-04 16:27:35,btc_signals_log(04.10)_v4.csv,ACTIVE,BULL,2026-09-18,2026-10-04 00:00:00,ACTIVE,BULL,2026-09-18,True,True,True,True,1d,,,,,,
2026-10-04 16:57:48,btc_signals_log(04.10)_v4.csv,ACTIVE,BULL,2026-09-18,2026-10-04 00:00:00,ACTIVE,BULL,2026-09-18,True,True,True,True,1d,,,,,,
2026-10-04 17:28:01,btc_signals_log(04.10)_v4.csv,ACTIVE,BULL,2026-09-18,2026-10-04 00:00:00,ACTIVE,BULL,2026-09-18,True,True,True,True,1d,,,,,,
2026-10-04 18:28:28,btc_signals_log(04.10)_v4.csv,ACTIVE,BULL,2026-09-18,2026-10-04 00:00:00,ACTIVE,BULL,2026-09-18,True,True,True,True,1d,,,,,,
2026-10-04 18:58:38,btc_signals_log(04.10)_v4.csv,ACTIVE,BULL,2026-09-18,2026-10-04 00:00:00,ACTIVE,BULL,2026-09-18,True,True,True,True,1d,,,,,,
2026-10-04 19:28:47,btc_signals_log(04.10)_v4.csv,ACTIVE,BULL,2026-09-18,2026-10-04 00:00:00,ACTIVE,BULL,2026-09-18,True,True,True,True,1d,,,,,,
2026-10-04 19:58:59,btc_signals_log(04.10)_v4.csv,ACTIVE,BULL,2026-09-18,2026-10-04 00:00:00,ACTIVE,BULL,2026-09-18,True,True,True,True,1d,,,,,,
2026-10-04 20:29:09,btc_signals_log(04.10)_v4.csv,ACTIVE,BULL,2026-09-18,2026-10-04 00:00:00,ACTIVE,BULL,2026-09-18,True,True,True,True,1d,,,,,,
2026-10-04 20:59:19,btc_signals_log(04.10)_v4.csv,ACTIVE,BULL,2026-09-18,2026-10-04 00:00:00,ACTIVE,BULL,2026-09-18,True,True,True,True,1d,,,,,,
2026-10-04 21:29:28,btc_signals_log(04.10)_v4.csv,ACTIVE,BULL,2026-09-18,2026-10-04 00:00:00,ACTIVE,BULL,2026-09-18,True,True,True,True,1d,,,,,,
2026-10-04 21:59:39,btc_signals_log(04.10)_v4.csv,ACTIVE,BULL,2026-09-18,2026-10-04 00:00:00,ACTIVE,BULL,2026-09-18,True,True,True,True,1d,,,,,,
2026-10-04 22:29:48,btc_signals_log(04.10)_v4.csv,ACTIVE,BULL,2026-09-18,2026-10-04 00:00:00,ACTIVE,BULL,2026-09-18,True,True,True,True,1d,,,,,,
2026-10-04 22:59:58,btc_signals_log(04.10)_v4.csv,ACTIVE,BULL,2026-09-18,2026-10-04 00:00:00,ACTIVE,BULL,2026-09-18,True,True,True,True,1d,,,,,,
2026-10-04 23:30:09,btc_signals_log(04.10)_v4.csv,ACTIVE,BULL,2026-09-18,2026-10-04 00:00:00,ACTIVE,BULL,2026-09-18,True,True,True,True,1d,,,,,,
2026-10-05 00:00:20,btc_signals_log(05.10)_v4.csv,ACTIVE,BULL,2026-09-18,2026-10-05 00:00:00,ACTIVE,BULL,2026-09-18,True,True,True,True,1d,,,,,,
2026-10-05 00:30:30,btc_signals_log(05.10)_v4.csv,ACTIVE,BULL,2026-09-18,2026-10-05 00:00:00,ACTIVE,BULL,2026-09-18,True,True,True,True,1d,,,,,,
2026-10-05 01:01:04,btc_signals_log(05.10)_v4.csv,ACTIVE,BULL,2026-09-18,2026-10-05 00:00:00,ACTIVE,BULL,2026-09-18,True,True,True,True,1d,,,,,,
2026-10-05 01:31:13,btc_signals_log(05.10)_v4.csv,ACTIVE,BULL,2026-09-18,2026-10-05 00:00:00,ACTIVE,BULL,2026-09-18,True,True,True,True,1d,,,,,,
2026-10-05 02:31:55,btc_signals_log(05.10)_v4.csv,ACTIVE,BULL,2026-09-18,2026-10-05 00:00:00,ACTIVE,BULL,2026-09-18,True,True,True,True,1d,,,,,,
2026-10-05 03:02:05,btc_signals_log(05.10)_v4.csv,ACTIVE,BULL,2026-09-18,2026-10-05 00:00:00,ACTIVE,BULL,2026-09-18,True,True,True,True,1d,,,,,,
2026-10-05 03:32:15,btc_signals_log(05.10)_v4.csv,ACTIVE,BULL,2026-09-18,2026-10-05 00:00:00,ACTIVE,BULL,2026-09-18,True,True,True,True,1d,,,,,,
2026-10-05 04:02:25,btc_signals_log(05.10)_v4.csv,ACTIVE,BULL,2026-09-18,2026-10-05 00:00:00,ACTIVE,BULL,2026-09-18,True,True,True,True,1d,,,,,,
2026-10-05 04:32:36,btc_signals_log(05.10)_v4.csv,ACTIVE,BULL,2026-09-18,2026-10-05 00:00:00,ACTIVE,BULL,2026-09-18,True,True,True,True,1d,,,,,,
2026-10-05 05:02:46,btc_signals_log(05.10)_v4.csv,ACTIVE,BULL,2026-09-18,2026-10-05 00:00:00,ACTIVE,BULL,2026-09-18,True,True,True,True,1d,,,,,,
2026-10-05 05:32:56,btc_signals_log(05.10)_v4.csv,ACTIVE,BULL,2026-09-18,2026-10-05 00:00:00,ACTIVE,BULL,2026-09-18,True,True,True,True,1d,,,,,,
2026-10-05 06:33:38,btc_signals_log(05.10)_v4.csv,ACTIVE,BULL,2026-09-18,2026-10-05 00:00:00,ACTIVE,BULL,2026-09-18,True,True,True,True,1d,,,,,,
2026-10-05 07:03:49,btc_signals_log(05.10)_v4.csv,ACTIVE,BULL,2026-09-18,2026-10-05 00:00:00,ACTIVE,BULL,2026-09-18,True,True,True,True,1d,,,,,,
2026-10-05 07:34:02,btc_signals_log(05.10)_v4.csv,ACTIVE,BULL,2026-09-18,2026-10-05 00:00:00,ACTIVE,BULL,2026-09-18,True,True,True,True,1d,,,,,,
2026-10-05 08:04:13,btc_signals_log(05.10)_v4.csv,ACTIVE,BULL,2026-09-18,2026-10-05 00:00:00,ACTIVE,BULL,2026-09-18,True,True,True,True,1d,,,,,,
2026-10-05 08:34:24,btc_signals_log(05.10)_v4.csv,ACTIVE,BULL,2026-09-18,2026-10-05 00:00:00,ACTIVE,BULL,2026-09-18,True,True,True,True,1d,,,,,,
2026-10-05 09:04:37,btc_signals_log(05.10)_v4.csv,ACTIVE,BULL,2026-09-18,2026-10-05 00:00:00,ACTIVE,BULL,2026-09-18,True,True,True,True,1d,,,,,,
2026-10-05 09:34:47,btc_signals_log(05.10)_v4.csv,ACTIVE,BULL,2026-09-18,2026-10-05 00:00:00,ACTIVE,BULL,2026-09-18,True,True,True,True,1d,,,,,,
2026-10-05 10:04:58,btc_signals_log(05.10)_v4.csv,ACTIVE,BULL,2026-09-18,2026-10-05 00:00:00,ACTIVE,BULL,2026-09-18,True,True,True,True,1d,,,,,,
2026-10-05 10:35:10,btc_signals_log(05.10)_v4.csv,ACTIVE,BULL,2026-09-18,2026-10-05 00:00:00,ACTIVE,BULL,2026-09-18,True,True,True,True,1d,,,,,,
2026-10-05 11:05:21,btc_signals_log(05.10)_v4.csv,ACTIVE,BULL,2026-09-18,2026-10-05 00:00:00,ACTIVE,BULL,2026-09-18,True,True,True,True,1d,,,,,,
2026-10-05 12:06:03,btc_signals_log(05.10)_v4.csv,ACTIVE,BULL,2026-09-18,2026-10-05 00:00:00,ACTIVE,BULL,2026-09-18,True,True,True,True,1d,,,,,,
2026-10-05 13:06:30,btc_signals_log(05.10)_v4.csv,ACTIVE,BULL,2026-09-18,2026-10-05 00:00:00,ACTIVE,BULL,2026-09-18,True,True,True,True,1d,,,,,,
2026-10-05 13:36:42,btc_signals_log(05.10)_v4.csv,ACTIVE,BULL,2026-09-18,2026-10-05 00:00:00,ACTIVE,BULL,2026-09-18,True,True,True,True,1d,,,,,,
2026-10-05 14:06:52,btc_signals_log(05.10)_v4.csv,ACTIVE,BULL,2026-09-18,2026-10-05 00:00:00,ACTIVE,BULL,2026-09-18,True,True,True,True,1d,,,,,,
2026-10-05 14:37:06,btc_signals_log(05.10)_v4.csv,ACTIVE,BULL,2026-09-18,2026-10-05 00:00:00,ACTIVE,BULL,2026-09-18,True,True,True,True,1d,,,,,,
2026-10-05 15:07:18,btc_signals_log(05.10)_v4.csv,ACTIVE,BULL,2026-09-18,2026-10-05 00:00:00,ACTIVE,BULL,2026-09-18,True,True,True,True,1d,,,,,,
2026-10-05 15:37:28,btc_signals_log(05.10)_v4.csv,ACTIVE,BULL,2026-09-18,2026-10-05 00:00:00,ACTIVE,BULL,2026-09-18,True,True,True,True,1d,,,,,,
2026-10-05 16:07:43,btc_signals_log(05.10)_v4.csv,ACTIVE,BULL,2026-09-18,2026-10-05 00:00:00,ACTIVE,BULL,2026-09-18,True,True,True,True,1d,,,,,,
2026-10-05 16:37:52,btc_signals_log(05.10)_v4.csv,ACTIVE,BULL,2026-09-18,2026-10-05 00:00:00,ACTIVE,BULL,2026-09-18,True,True,True,True,1d,,,,,,
2026-10-05 17:08:03,btc_signals_log(05.10)_v4.csv,ACTIVE,BULL,2026-09-18,2026-10-05 00:00:00,ACTIVE,BULL,2026-09-18,True,True,True,True,1d,,,,,,
2026-10-05 17:38:14,btc_signals_log(05.10)_v4.csv,ACTIVE,BULL,2026-09-18,2026-10-05 00:00:00,ACTIVE,BULL,2026-09-18,True,True,True,True,1d,,,,,,
2026-10-05 18:08:26,btc_signals_log(05.10)_v4.csv,ACTIVE,BULL,2026-09-18,2026-10-05 00:00:00,ACTIVE,BULL,2026-09-18,True,True,True,True,1d,,,,,,
2026-10-05 18:38:37,btc_signals_log(05.10)_v4.csv,ACTIVE,BULL,2026-09-18,2026-10-05 00:00:00,ACTIVE,BULL,2026-09-18,True,True,True,True,1d,,,,,,
2026-10-05 19:08:48,btc_signals_log(05.10)_v4.csv,ACTIVE,BULL,2026-09-18,2026-10-05 00:00:00,ACTIVE,BULL,2026-09-18,True,True,True,True,1d,,,,,,
2026-10-05 19:39:00,btc_signals_log(05.10)_v4.csv,ACTIVE,BULL,2026-09-18,2026-10-05 00:00:00,ACTIVE,BULL,2026-09-18,True,True,True,True,1d,,,,,,
2026-10-05 20:39:29,btc_signals_log(05.10)_v4.csv,ACTIVE,BULL,2026-09-18,2026-10-05 00:00:00,ACTIVE,BULL,2026-09-18,True,True,True,True,1d,,,,,,
2026-10-05 21:09:40,btc_signals_log(05.10)_v4.csv,ACTIVE,BULL,2026-09-18,2026-10-05 00:00:00,ACTIVE,BULL,2026-09-18,True,True,True,True,1d,,,,,,
2026-10-05 21:39:51,btc_signals_log(05.10)_v4.csv,ACTIVE,BULL,2026-09-18,2026-10-05 00:00:00,ACTIVE,BULL,2026-09-18,True,True,True,True,1d,,,,,,
2026-10-05 22:10:26,btc_signals_log(05.10)_v4.csv,ACTIVE,BULL,2026-09-18,2026-10-05 00:00:00,ACTIVE,BULL,2026-09-18,True,True,True,True,1d,,,,,,
2026-10-05 22:41:09,btc_signals_log(05.10)_v4.csv,ACTIVE,BULL,2026-09-18,2026-10-05 00:00:00,ACTIVE,BULL,2026-09-18,True,True,True,True,1d,,,,,,
2026-10-05 23:11:23,btc_signals_log(05.10)_v4.csv,ACTIVE,BULL,2026-09-18,2026-10-05 00:00:00,ACTIVE,BULL,2026-09-18,True,True,True,True,1d,,,,,,
2026-10-05 23:41:34,btc_signals_log(05.10)_v4.csv,ACTIVE,BULL,2026-09-18,2026-10-05 00:00:00,ACTIVE,BULL,2026-09-18,True,True,True,True,1d,,,,,,
2026-10-06 00:12:08,btc_signals_log(06.10)_v4.csv,ACTIVE,BULL,2026-09-18,2026-10-06 00:00:00,ACTIVE,BULL,2026-09-18,True,True,True,True,1d,,,,,,
2026-10-06 00:42:19,btc_signals_log(06.10)_v4.csv,ACTIVE,BULL,2026-09-18,2026-10-06 00:00:00,ACTIVE,BULL,2026-09-18,True,True,True,True,1d,,,,,,
2026-10-06 01:12:29,btc_signals_log(06.10)_v4.csv,ACTIVE,BULL,2026-09-18,2026-10-06 00:00:00,ACTIVE,BULL,2026-09-18,True,True,True,True,1d,,,,,,
2026-10-06 01:42:39,btc_signals_log(06.10)_v4.csv,ACTIVE,BULL,2026-09-18,2026-10-06 00:00:00,ACTIVE,BULL,2026-09-18,True,True,True,True,1d,,,,,,
2026-10-06 02:12:49,btc_signals_log(06.10)_v4.csv,ACTIVE,BULL,2026-09-18,2026-10-06 00:00:00,ACTIVE,BULL,2026-09-18,True,True,True,True,1d,,,,,,
2026-10-06 02:42:59,btc_signals_log(06.10)_v4.csv,ACTIVE,BULL,2026-09-18,2026-10-06 00:00:00,ACTIVE,BULL,2026-09-18,True,True,True,True,1d,,,,,,
2026-10-06 03:13:09,btc_signals_log(06.10)_v4.csv,ACTIVE,BULL,2026-09-18,2026-10-06 00:00:00,ACTIVE,BULL,2026-09-18,True,True,True,True,1d,,,,,,
2026-10-06 03:43:19,btc_signals_log(06.10)_v4.csv,ACTIVE,BULL,2026-09-18,2026-10-06 00:00:00,ACTIVE,BULL,2026-09-18,True,True,True,True,1d,,,,,,
2026-10-06 04:13:29,btc_signals_log(06.10)_v4.csv,ACTIVE,BULL,2026-09-18,2026-10-06 00:00:00,ACTIVE,BULL,2026-09-18,True,True,True,True,1d,,,,,,
2026-10-06 04:43:38,btc_signals_log(06.10)_v4.csv,ACTIVE,BULL,2026-09-18,2026-10-06 00:00:00,ACTIVE,BULL,2026-09-18,True,True,True,True,1d,,,,,,
2026-10-06 05:13:48,btc_signals_log(06.10)_v4.csv,ACTIVE,BULL,2026-09-18,2026-10-06 00:00:00,ACTIVE,BULL,2026-09-18,True,True,True,True,1d,,,,,,
2026-10-06 05:43:57,btc_signals_log(06.10)_v4.csv,ACTIVE,BULL,2026-09-18,2026-10-06 00:00:00,ACTIVE,BULL,2026-09-18,True,True,True,True,1d,,,,,,
2026-10-06 06:44:43,btc_signals_log(06.10)_v4.csv,ACTIVE,BULL,2026-09-18,2026-10-06 00:00:00,ACTIVE,BULL,2026-09-18,True,True,True,True,1d,,,,,,
2026-10-06 07:15:00,btc_signals_log(06.10)_v4.csv,ACTIVE,BULL,2026-09-18,2026-10-06 00:00:00,ACTIVE,BULL,2026-09-18,True,True,True,True,1d,,,,,,
2026-10-06 07:45:13,btc_signals_log(06.10)_v4.csv,ACTIVE,BULL,2026-09-18,2026-10-06 00:00:00,ACTIVE,BULL,2026-09-18,True,True,True,True,1d,,,,,,
2026-10-06 08:15:24,btc_signals_log(06.10)_v4.csv,ACTIVE,BULL,2026-09-18,2026-10-06 00:00:00,ACTIVE,BULL,2026-09-18,True,True,True,True,1d,,,,,,
2026-10-06 08:45:35,btc_signals_log(06.10)_v4.csv,ACTIVE,BULL,2026-09-18,2026-10-06 00:00:00,ACTIVE,BULL,2026-09-18,True,True,True,True,1d,,,,,,
2026-10-06 09:15:47,btc_signals_log(06.10)_v4.csv,ACTIVE,BULL,2026-09-18,2026-10-06 00:00:00,ACTIVE,BULL,2026-09-18,True,True,True,True,1d,,,,,,
2026-10-06 09:45:59,btc_signals_log(06.10)_v4.csv,ACTIVE,BULL,2026-09-18,2026-10-06 00:00:00,ACTIVE,BULL,2026-09-18,True,True,True,True,1d,,,,,,
2026-10-06 10:16:13,btc_signals_log(06.10)_v4.csv,ACTIVE,BULL,2026-09-18,2026-10-06 00:00:00,ACTIVE,BULL,2026-09-18,True,True,True,True,1d,,,,,,
2026-10-06 10:46:45,btc_signals_log(06.10)_v4.csv,ACTIVE,BULL,2026-09-18,2026-10-06 00:00:00,ACTIVE,BULL,2026-09-18,True,True,True,True,1d,,,,,,
2026-10-06 11:16:57,btc_signals_log(06.10)_v4.csv,ACTIVE,BULL,2026-09-18,2026-10-06 00:00:00,ACTIVE,BULL,2026-09-18,True,True,True,True,1d,,,,,,
2026-10-06 11:47:07,btc_signals_log(06.10)_v4.csv,ACTIVE,BULL,2026-09-18,2026-10-06 00:00:00,ACTIVE,BULL,2026-09-18,True,True,True,True,1d,,,,,,
2026-10-06 12:17:20,btc_signals_log(06.10)_v4.csv,ACTIVE,BULL,2026-09-18,2026-10-06 00:00:00,ACTIVE,BULL,2026-09-18,True,True,True,True,1d,,,,,,
2026-10-06 12:47:31,btc_signals_log(06.10)_v4.csv,ACTIVE,BULL,2026-09-18,2026-10-06 00:00:00,ACTIVE,BULL,2026-09-18,True,True,True,True,1d,,,,,,
2026-10-06 13:17:50,btc_signals_log(06.10)_v4.csv,ACTIVE,BULL,2026-09-18,2026-10-06 00:00:00,ACTIVE,BULL,2026-09-18,True,True,True,True,1d,,,,,,
2026-10-06 13:48:02,btc_signals_log(06.10)_v4.csv,ACTIVE,BULL,2026-09-18,2026-10-06 00:00:00,ACTIVE,BULL,2026-09-18,True,True,True,True,1d,,,,,,
2026-10-06 14:18:15,btc_signals_log(06.10)_v4.csv,ACTIVE,BULL,2026-09-18,2026-10-06 00:00:00,ACTIVE,BULL,2026-09-18,True,True,True,True,1d,,,,,,
2026-10-06 14:48:26,btc_signals_log(06.10)_v4.csv,ACTIVE,BULL,2026-09-18,2026-10-06 00:00:00,ACTIVE,BULL,2026-09-18,True,True,True,True,1d,,,,,,
2026-10-06 15:18:41,btc_signals_log(06.10)_v4.csv,ACTIVE,BULL,2026-09-18,2026-10-06 00:00:00,ACTIVE,BULL,2026-09-18,True,True,True,True,1d,,,,,,
2026-10-06 15:49:15,btc_signals_log(06.10)_v4.csv,ACTIVE,BULL,2026-09-18,2026-10-06 00:00:00,ACTIVE,BULL,2026-09-18,True,True,True,True,1d,,,,,,
2026-10-06 16:49:45,btc_signals_log(06.10)_v4.csv,ACTIVE,BULL,2026-09-18,2026-10-06 00:00:00,ACTIVE,BULL,2026-09-18,True,True,True,True,1d,,,,,,
2026-10-06 17:50:33,btc_signals_log(06.10)_v4.csv,ACTIVE,BULL,2026-09-18,2026-10-06 00:00:00,ACTIVE,BULL,2026-09-18,True,True,True,True,1d,,,,,,
2026-10-06 18:21:14,btc_signals_log(06.10)_v4.csv,ACTIVE,BULL,2026-09-18,2026-10-06 00:00:00,ACTIVE,BULL,2026-09-18,True,True,True,True,1d,,,,,,
2026-10-06 18:51:26,btc_signals_log(06.10)_v4.csv,ACTIVE,BULL,2026-09-18,2026-10-06 00:00:00,ACTIVE,BULL,2026-09-18,True,True,True,True,1d,,,,,,
2026-10-06 19:21:41,btc_signals_log(06.10)_v4.csv,ACTIVE,BULL,2026-09-18,2026-10-06 00:00:00,ACTIVE,BULL,2026-09-18,True,True,True,True,1d,,,,,,
2026-10-06 19:51:52,btc_signals_log(06.10)_v4.csv,ACTIVE,BULL,2026-09-18,2026-10-06 00:00:00,ACTIVE,BULL,2026-09-18,True,True,True,True,1d,,,,,,
2026-10-06 20:22:15,btc_signals_log(06.10)_v4.csv,ACTIVE,BULL,2026-09-18,2026-10-06 00:00:00,ACTIVE,BULL,2026-09-18,True,True,True,True,1d,,,,,,
2026-10-06 20:53:10,btc_signals_log(06.10)_v4.csv,ACTIVE,BULL,2026-09-18,2026-10-06 00:00:00,ACTIVE,BULL,2026-09-18,True,True,True,True,1d,,,,,,
2026-10-06 21:23:25,btc_signals_log(06.10)_v4.csv,ACTIVE,BULL,2026-09-18,2026-10-06 00:00:00,ACTIVE,BULL,2026-09-18,True,True,True,True,1d,,,,,,
2026-10-06 21:53:36,btc_signals_log(06.10)_v4.csv,ACTIVE,BULL,2026-09-18,2026-10-06 00:00:00,ACTIVE,BULL,2026-09-18,True,True,True,True,1d,,,,,,
2026-10-06 22:23:57,btc_signals_log(06.10)_v4.csv,ACTIVE,BULL,2026-09-18,2026-10-06 00:00:00,ACTIVE,BULL,2026-09-18,True,True,True,True,1d,,,,,,
2026-10-06 22:54:09,btc_signals_log(06.10)_v4.csv,ACTIVE,BULL,2026-09-18,2026-10-06 00:00:00,ACTIVE,BULL,2026-09-18,True,True,True,True,1d,,,,,,
2026-10-06 23:24:16,btc_signals_log(06.10)_v4.csv,ACTIVE,BULL,2026-09-18,2026-10-06 00:00:00,ACTIVE,BULL,2026-09-18,True,True,True,True,1d,,,,,,
2026-10-06 23:54:24,btc_signals_log(06.10)_v4.csv,ACTIVE,BULL,2026-09-18,2026-10-06 00:00:00,ACTIVE,BULL,2026-09-18,True,True,True,True,1d,,,,,,
2026-10-07 00:24:52,btc_signals_log(07.10)_v4.csv,ACTIVE,BULL,2026-09-18,2026-10-07 00:00:00,ACTIVE,BULL,2026-09-18,True,True,True,True,1d,,,,,,
2026-10-07 00:55:03,btc_signals_log(07.10)_v4.csv,ACTIVE,BULL,2026-09-18,2026-10-07 00:00:00,ACTIVE,BULL,2026-09-18,True,True,True,True,1d,,,,,,
2026-10-07 01:25:10,btc_signals_log(07.10)_v4.csv,ACTIVE,BULL,2026-09-18,2026-10-07 00:00:00,ACTIVE,BULL,2026-09-18,True,True,True,True,1d,,,,,,
2026-10-07 02:25:27,btc_signals_log(07.10)_v4.csv,ACTIVE,BULL,2026-09-18,2026-10-07 00:00:00,ACTIVE,BULL,2026-09-18,True,True,True,True,1d,,,,,,
2026-10-07 02:55:34,btc_signals_log(07.10)_v4.csv,ACTIVE,BULL,2026-09-18,2026-10-07 00:00:00,ACTIVE,BULL,2026-09-18,True,True,True,True,1d,,,,,,
2026-10-07 03:25:41,btc_signals_log(07.10)_v4.csv,ACTIVE,BULL,2026-09-18,2026-10-07 00:00:00,ACTIVE,BULL,2026-09-18,True,True,True,True,1d,,,,,,
2026-10-07 03:55:49,btc_signals_log(07.10)_v4.csv,ACTIVE,BULL,2026-09-18,2026-10-07 00:00:00,ACTIVE,BULL,2026-09-18,True,True,True,True,1d,,,,,,
2026-10-07 04:25:56,btc_signals_log(07.10)_v4.csv,ACTIVE,BULL,2026-09-18,2026-10-07 00:00:00,ACTIVE,BULL,2026-09-18,True,True,True,True,1d,,,,,,
2026-10-07 04:56:03,btc_signals_log(07.10)_v4.csv,ACTIVE,BULL,2026-09-18,2026-10-07 00:00:00,ACTIVE,BULL,2026-09-18,True,True,True,True,1d,,,,,,
2026-10-07 05:26:10,btc_signals_log(07.10)_v4.csv,ACTIVE,BULL,2026-09-18,2026-10-07 00:00:00,ACTIVE,BULL,2026-09-18,True,True,True,True,1d,,,,,,
2026-10-07 05:56:16,btc_signals_log(07.10)_v4.csv,ACTIVE,BULL,2026-09-18,2026-10-07 00:00:00,ACTIVE,BULL,2026-09-18,True,True,True,True,1d,,,,,,
2026-10-07 06:26:23,btc_signals_log(07.10)_v4.csv,ACTIVE,BULL,2026-09-18,2026-10-07 00:00:00,ACTIVE,BULL,2026-09-18,True,True,True,True,1d,,,,,,
2026-10-07 06:56:31,btc_signals_log(07.10)_v4.csv,ACTIVE,BULL,2026-09-18,2026-10-07 00:00:00,ACTIVE,BULL,2026-09-18,True,True,True,True,1d,,,,,,
2026-10-07 07:56:54,btc_signals_log(07.10)_v4.csv,ACTIVE,BULL,2026-09-18,2026-10-07 00:00:00,ACTIVE,BULL,2026-09-18,True,True,True,True,1d,,,,,,
2026-10-07 08:27:03,btc_signals_log(07.10)_v4.csv,ACTIVE,BULL,2026-09-18,2026-10-07 00:00:00,ACTIVE,BULL,2026-09-18,True,True,True,True,1d,,,,,,
2026-10-07 08:57:10,btc_signals_log(07.10)_v4.csv,ACTIVE,BULL,2026-09-18,2026-10-07 00:00:00,ACTIVE,BULL,2026-09-18,True,True,True,True,1d,,,,,,
2026-10-07 09:27:31,btc_signals_log(07.10)_v4.csv,ACTIVE,BULL,2026-09-18,2026-10-07 00:00:00,ACTIVE,BULL,2026-09-18,True,True,True,True,1d,,,,,,
2026-08-21 19:34:23,btc_signals_log(21.08)_v4.csv,,,,2026-08-21 16:00:00,ACTIVE,BULL,18.08 12:00,True,True,True,True,4h,ACTIVE,BULL,18.08 12:00,,,
2026-08-21 20:04:26,btc_signals_log(21.08)_v4.csv,,,,2026-08-21 20:00:00,ACTIVE,BULL,18.08 12:00,True,True,True,True,4h,ACTIVE,BULL,18.08 12:00,,,
2026-08-21 20:34:29,btc_signals_log(21.08)_v4.csv,,,,2026-08-21 20:00:00,ACTIVE,BULL,18.08 12:00,True,True,True,True,4h,ACTIVE,BULL,18.08 12:00,,,
2026-08-21 21:04:32,btc_signals_log(21.08)_v4.csv,,,,2026-08-21 20:00:00,ACTIVE,BULL,18.08 12:00,True,True,True,True,4h,ACTIVE,BULL,18.08 12:00,,,
2026-08-21 21:34:35,btc_signals_log(21.08)_v4.csv,,,,2026-08-21 20:00:00,ACTIVE,BULL,18.08 12:00,True,True,True,True,4h,ACTIVE,BULL,18.08 12:00,,,
2026-08-21 22:04:38,btc_signals_log(21.08)_v4.csv,,,,2026-08-21 20:00:00,ACTIVE,BULL,18.08 12:00,True,True,True,True,4h,ACTIVE,BULL,18.08 12:00,,,
2026-08-21 22:34:41,btc_signals_log(21.08)_v4.csv,,,,2026-08-21 20:00:00,ACTIVE,BULL,18.08 12:00,True,True,True,True,4h,ACTIVE,BULL,18.08 12:00,,,
2026-08-21 23:04:44,btc_signals_log(21.08)_v4.csv,,,,2026-08-21 20:00:00,ACTIVE,BULL,18.08 12:00,True,True,True,True,4h,ACTIVE,BULL,18.08 12:00,,,
2026-08-21 23:34:47,btc_signals_log(21.08)_v4.csv,,,,2026-08-21 20:00:00,ACTIVE,BULL,18.08 12:00,True,True,True,True,4h,ACTIVE,BULL,18.08 12:00,,,
2026-08-22 00:04:50,btc_signals_log(22.08)_v4.csv,,,,2026-08-22 00:00:00,ACTIVE,BULL,18.08 12:00,True,True,True,True,4h,ACTIVE,BULL,18.08 12:00,,,
2026-08-22 00:34:53,btc_signals_log(22.08)_v4.csv,,,,2026-08-22 00:00:00,ACTIVE,BULL,18.08 12:00,True,True,True,True,4h,ACTIVE,BULL,18.08 12:00,,,
2026-08-22 01:04:56,btc_signals_log(22.08)_v4.csv,,,,2026-08-22 00:00:00,ACTIVE,BULL,18.08 12:00,True,True,True,True,4h,ACTIVE,BULL,18.08 12:00,,,
2026-08-22 01:35:00,btc_signals_log(22.08)_v4.csv,,,,2026-08-22 00:00:00,ACTIVE,BULL,18.08 12:00,True,True,True,True,4h,ACTIVE,BULL,18.08 12:00,,,
2026-08-22 02:05:04,btc_signals_log(22.08)_v4.csv,,,,2026-08-22 00:00:00,ACTIVE,BULL,18.08 12:00,True,True,True,True,4h,ACTIVE,BULL,18.08 12:00,,,
2026-08-22 02:35:07,btc_signals_log(22.08)_v4.csv,,,,2026-08-22 00:00:00,ACTIVE,BULL,18.08 12:00,True,True,True,True,4h,ACTIVE,BULL,18.08 12:00,,,
2026-08-22 03:05:10,btc_signals_log(22.08)_v4.csv,,,,2026-08-22 00:00:00,ACTIVE,BULL,18.08 12:00,True,True,True,True,4h,ACTIVE,BULL,18.08 12:00,,,
2026-08-22 03:35:13,btc_signals_log(22.08)_v4.csv,,,,2026-08-22 00:00:00,ACTIVE,BULL,18.08 12:00,True,True,True,True,4h,ACTIVE,BULL,18.08 12:00,,,
2026-08-22 04:05:16,btc_signals_log(22.08)_v4.csv,,,,2026-08-22 04:00:00,ACTIVE,BULL,18.08 12:00,True,True,True,True,4h,ACTIVE,BULL,18.08 12:00,,,
2026-08-22 04:35:19,btc_signals_log(22.08)_v4.csv,,,,2026-08-22 04:00:00,ACTIVE,BULL,18.08 12:00,True,True,True,True,4h,ACTIVE,BULL,18.08 12:00,,,
2026-08-22 05:05:22,btc_signals_log(22.08)_v4.csv,,,,2026-08-22 04:00:00,ACTIVE,BULL,18.08 12:00,True,True,True,True,4h,ACTIVE,BULL,18.08 12:00,,,
2026-08-22 05:35:25,btc_signals_log(22.08)_v4.csv,,,,2026-08-22 04:00:00,ACTIVE,BULL,18.08 12:00,True,True,True,True,4h,ACTIVE,BULL,18.08 12:00,,,
2026-08-22 06:05:28,btc_signals_log(22.08)_v4.csv,,,,2026-08-22 04:00:00,ACTIVE,BULL,18.08 12:00,True,True,True,True,4h,ACTIVE,BULL,18.08 12:00,,,
2026-08-22 06:35:31,btc_signals_log(22.08)_v4.csv,,,,2026-08-22 04:00:00,ACTIVE,BULL,18.08 12:00,True,True,True,True,4h,ACTIVE,BULL,18.08 12:00,,,
2026-08-22 07:05:34,btc_signals_log(22.08)_v4.csv,,,,2026-08-22 04:00:00,ACTIVE,BULL,18.08 12:00,True,True,True,True,4h,ACTIVE,BULL,18.08 12:00,,,
2026-08-22 07:35:37,btc_signals_log(22.08)_v4.csv,,,,2026-08-22 04:00:00,ACTIVE,BULL,18.08 12:00,True,True,True,True,4h,ACTIVE,BULL,18.08 12:00,,,
2026-08-22 08:05:40,btc_signals_log(22.08)_v4.csv,,,,2026-08-22 08:00:00,ACTIVE,BULL,18.08 12:00,True,True,True,True,4h,ACTIVE,BULL,18.08 12:00,,,
2026-08-22 08:35:44,btc_signals_log(22.08)_v4.csv,,,,2026-08-22 08:00:00,ACTIVE,BULL,18.08 12:00,True,True,True,True,4h,ACTIVE,BULL,18.08 12:00,,,
2026-08-22 09:05:47,btc_signals_log(22.08)_v4.csv,,,,2026-08-22 08:00:00,ACTIVE,BULL,18.08 12:00,True,True,True,True,4h,ACTIVE,BULL,18.08 12:00,,,
2026-08-22 09:35:51,btc_signals_log(22.08)_v4.csv,,,,2026-08-22 08:00:00,ACTIVE,BULL,18.08 12:00,True,True,True,True,4h,ACTIVE,BULL,18.08 12:00,,,
2026-08-22 10:05:54,btc_signals_log(22.08)_v4.csv,,,,2026-08-22 08:00:00,ACTIVE,BULL,18.08 12:00,True,True,True,True,4h,ACTIVE,BULL,18.08 12:00,,,
2026-08-22 10:35:59,btc_signals_log(22.08)_v4.csv,,,,2026-08-22 08:00:00,ACTIVE,BULL,18.08 12:00,True,True,True,True,4h,ACTIVE,BULL,18.08 12:00,,,
2026-08-22 11:06:02,btc_signals_log(22.08)_v4.csv,,,,2026-08-22 08:00:00,ACTIVE,BULL,18.08 12:00,True,True,True,True,4h,ACTIVE,BULL,18.08 12:00,,,
2026-08-22 11:36:04,btc_signals_log(22.08)_v4.csv,,,,2026-08-22 08:00:00,ACTIVE,BULL,18.08 12:00,True,True,True,True,4h,ACTIVE,BULL,18.08 12:00,,,
2026-08-22 12:06:09,btc_signals_log(22.08)_v4.csv,,,,2026-08-22 12:00:00,ACTIVE,BULL,18.08 12:00,True,True,True,True,4h,ACTIVE,BULL,18.08 12:00,,,
2026-08-22 12:36:14,btc_signals_log(22.08)_v4.csv,,,,2026-08-22 12:00:00,ACTIVE,BULL,18.08 12:00,True,True,True,True,4h,ACTIVE,BULL,18.08 12:00,,,
2026-08-22 13:06:19,btc_signals_log(22.08)_v4.csv,,,,2026-08-22 12:00:00,ACTIVE,BULL,18.08 12:00,True,True,True,True,4h,ACTIVE,BULL,18.08 12:00,,,
2026-08-22 13:36:23,btc_signals_log(22.08)_v4.csv,,,,2026-08-22 12:00:00,ACTIVE,BULL,18.08 12:00,True,True,True,True,4h,ACTIVE,BULL,18.08 12:00,,,
2026-08-22 14:06:26,btc_signals_log(22.08)_v4.csv,,,,2026-08-22 12:00:00,ACTIVE,BULL,18.08 12:00,True,True,True,True,4h,ACTIVE,BULL,18.08 12:00,,,
2026-08-22 14:36:29,btc_signals_log(22.08)_v4.csv,,,,2026-08-22 12:00:00,ACTIVE,BULL,18.08 12:00,True,True,True,True,4h,ACTIVE,BULL,18.08 12:00,,,
2026-08-22 15:06:32,btc_signals_log(22.08)_v4.csv,,,,2026-08-22 12:00:00,ACTIVE,BULL,18.08 12:00,True,True,True,True,4h,ACTIVE,BULL,18.08 12:00,,,
2026-08-22 15:36:35,btc_signals_log(22.08)_v4.csv,,,,2026-08-22 12:00:00,ACTIVE,BULL,18.08 12:00,True,True,True,True,4h,ACTIVE,BULL,18.08 12:00,,,
2026-08-22 16:06:38,btc_signals_log(22.08)_v4.csv,,,,2026-08-22 16:00:00,ACTIVE,BULL,18.08 12:00,True,True,True,True,4h,ACTIVE,BULL,18.08 12:00,,,
2026-08-22 16:36:42,btc_signals_log(22.08)_v4.csv,,,,2026-08-22 16:00:00,ACTIVE,BULL,18.08 12:00,True,True,True,True,4h,ACTIVE,BULL,18.08 12:00,,,
2026-08-22 17:06:45,btc_signals_log(22.08)_v4.csv,,,,2026-08-22 16:00:00,ACTIVE,BULL,18.08 12:00,True,True,True,True,4h,ACTIVE,BULL,18.08 12:00,,,
2026-08-22 17:36:48,btc_signals_log(22.08)_v4.csv,,,,2026-08-22 16:00:00,ACTIVE,BULL,18.08 12:00,True,True,True,True,4h,ACTIVE,BULL,18.08 12:00,,,
2026-08-22 18:06:51,btc_signals_log(22.08)_v4.csv,,,,2026-08-22 16:00:00,ACTIVE,BULL,18.08 12:00,True,True,True,True,4h,ACTIVE,BULL,18.08 12:00,,,
2026-08-22 18:36:54,btc_signals_log(22.08)_v4.csv,,,,2026-08-22 16:00:00,ACTIVE,BULL,18.08 12:00,True,True,True,True,4h,ACTIVE,BULL,18.08 12:00,,,
2026-08-22 19:06:57,btc_signals_log(22.08)_v4.csv,,,,2026-08-22 16:00:00,ACTIVE,BULL,18.08 12:00,True,True,True,True,4h,ACTIVE,BULL,18.08 12:00,,,
2026-08-22 19:37:00,btc_signals_log(22.08)_v4.csv,,,,2026-08-22 16:00:00,ACTIVE,BULL,18.08 12:00,True,True,True,True,4h,ACTIVE,BULL,18.08 12:00,,,
2026-08-22 20:07:03,btc_signals_log(22.08)_v4.csv,,,,2026-08-22 20:00:00,ACTIVE,BULL,18.08 12:00,True,True,True,True,4h,ACTIVE,BULL,18.08 12:00,,,
2026-08-22 20:37:06,btc_signals_log(22.08)_v4.csv,,,,2026-08-22 20:00:00,ACTIVE,BULL,18.08 12:00,True,True,True,True,4h,ACTIVE,BULL,18.08 12:00,,,
2026-08-22 21:07:09,btc_signals_log(22.08)_v4.csv,,,,2026-08-22 20:00:00,ACTIVE,BULL,18.08 12:00,True,True,True,True,4h,ACTIVE,BULL,18.08 12:00,,,
2026-08-22 21:37:12,btc_signals_log(22.08)_v4.csv,,,,2026-08-22 20:00:00,ACTIVE,BULL,18.08 12:00,True,True,True,True,4h,ACTIVE,BULL,18.08 12:00,,,
2026-08-22 22:07:15,btc_signals_log(22.08)_v4.csv,,,,2026-08-22 20:00:00,ACTIVE,BULL,18.08 12:00,True,True,True,True,4h,ACTIVE,BULL,18.08 12:00,,,
2026-08-22 22:37:18,btc_signals_log(22.08)_v4.csv,,,,2026-08-22 20:00:00,ACTIVE,BULL,18.08 12:00,True,True,True,True,4h,ACTIVE,BULL,18.08 12:00,,,
2026-08-22 23:07:21,btc_signals_log(22.08)_v4.csv,,,,2026-08-22 20:00:00,ACTIVE,BULL,18.08 12:00,True,True,True,True,4h,ACTIVE,BULL,18.08 12:00,,,
2026-08-22 23:37:24,btc_signals_log(22.08)_v4.csv,,,,2026-08-22 20:00:00,ACTIVE,BULL,18.08 12:00,True,True,True,True,4h,ACTIVE,BULL,18.08 12:00,,,
2026-08-23 00:07:27,btc_signals_log(23.08)_v4.csv,,,,2026-08-23 00:00:00,ACTIVE,BULL,18.08 12:00,True,True,True,True,4h,ACTIVE,BULL,18.08 12:00,,,
2026-08-23 00:37:29,btc_signals_log(23.08)_v4.csv,,,,2026-08-23 00:00:00,ACTIVE,BULL,18.08 12:00,True,True,True,True,4h,ACTIVE,BULL,18.08 12:00,,,
2026-08-23 01:07:32,btc_signals_log(23.08)_v4.csv,,,,2026-08-23 00:00:00,ACTIVE,BULL,18.08 12:00,True,True,True,True,4h,ACTIVE,BULL,18.08 12:00,,,
2026-08-23 01:37:35,btc_signals_log(23.08)_v4.csv,,,,2026-08-23 00:00:00,ACTIVE,BULL,18.08 12:00,True,True,True,True,4h,ACTIVE,BULL,18.08 12:00,,,
2026-08-23 02:07:38,btc_signals_log(23.08)_v4.csv,,,,2026-08-23 00:00:00,ACTIVE,BULL,18.08 12:00,True,True,True,True,4h,ACTIVE,BULL,18.08 12:00,,,
2026-08-23 02:37:42,btc_signals_log(23.08)_v4.csv,,,,2026-08-23 00:00:00,ACTIVE,BULL,18.08 12:00,True,True,True,True,4h,ACTIVE,BULL,18.08 12:00,,,
2026-08-23 03:07:45,btc_signals_log(23.08)_v4.csv,,,,2026-08-23 00:00:00,ACTIVE,BULL,18.08 12:00,True,True,True,True,4h,ACTIVE,BULL,18.08 12:00,,,
2026-08-23 03:37:48,btc_signals_log(23.08)_v4.csv,,,,2026-08-23 00:00:00,ACTIVE,BULL,18.08 12:00,True,True,True,True,4h,ACTIVE,BULL,18.08 12:00,,,
2026-08-23 04:07:50,btc_signals_log(23.08)_v4.csv,,,,2026-08-23 04:00:00,ACTIVE,BULL,18.08 12:00,True,True,True,True,4h,ACTIVE,BULL,18.08 12:00,,,
2026-08-23 04:37:53,btc_signals_log(23.08)_v4.csv,,,,2026-08-23 04:00:00,ACTIVE,BULL,18.08 12:00,True,True,True,True,4h,ACTIVE,BULL,18.08 12:00,,,
2026-08-23 05:07:56,btc_signals_log(23.08)_v4.csv,,,,2026-08-23 04:00:00,ACTIVE,BULL,18.08 12:00,True,True,True,True,4h,ACTIVE,BULL,18.08 12:00,,,
2026-08-23 05:37:59,btc_signals_log(23.08)_v4.csv,,,,2026-08-23 04:00:00,ACTIVE,BULL,18.08 12:00,True,True,True,True,4h,ACTIVE,BULL,18.08 12:00,,,
2026-08-23 06:08:04,btc_signals_log(23.08)_v4.csv,,,,2026-08-23 04:00:00,ACTIVE,BULL,18.08 12:00,True,True,True,True,4h,ACTIVE,BULL,18.08 12:00,,,
2026-08-23 06:38:09,btc_signals_log(23.08)_v4.csv,,,,2026-08-23 04:00:00,ACTIVE,BULL,18.08 12:00,True,True,True,True,4h,ACTIVE,BULL,18.08 12:00,,,
2026-08-23 07:08:12,btc_signals_log(23.08)_v4.csv,,,,2026-08-23 04:00:00,ACTIVE,BULL,18.08 12:00,True,True,True,True,4h,ACTIVE,BULL,18.08 12:00,,,
2026-08-23 07:38:15,btc_signals_log(23.08)_v4.csv,,,,2026-08-23 04:00:00,ACTIVE,BULL,18.08 12:00,True,True,True,True,4h,ACTIVE,BULL,18.08 12:00,,,
2026-08-23 08:08:19,btc_signals_log(23.08)_v4.csv,,,,2026-08-23 08:00:00,ENDED,BULL,18.08 12:00,True,True,True,True,4h,ENDED,BULL,18.08 12:00,,,
2026-08-23 08:38:24,btc_signals_log(23.08)_v4.csv,,,,2026-08-23 08:00:00,ENDED,BULL,18.08 12:00,True,True,True,True,4h,ENDED,BULL,18.08 12:00,,,
2026-08-23 09:08:27,btc_signals_log(23.08)_v4.csv,,,,2026-08-23 08:00:00,ENDED,BULL,18.08 12:00,True,True,True,True,4h,ENDED,BULL,18.08 12:00,,,
2026-08-23 09:38:32,btc_signals_log(23.08)_v4.csv,,,,2026-08-23 08:00:00,ENDED,BULL,18.08 12:00,True,True,True,True,4h,ENDED,BULL,18.08 12:00,,,
2026-08-23 10:08:36,btc_signals_log(23.08)_v4.csv,,,,2026-08-23 08:00:00,ENDED,BULL,18.08 12:00,True,True,True,True,4h,ENDED,BULL,18.08 12:00,,,
2026-08-23 10:38:41,btc_signals_log(23.08)_v4.csv,,,,2026-08-23 08:00:00,ENDED,BULL,18.08 12:00,True,True,True,True,4h,ENDED,BULL,18.08 12:00,,,
2026-08-23 11:08:46,btc_signals_log(23.08)_v4.csv,,,,2026-08-23 08:00:00,ENDED,BULL,18.08 12:00,True,True,True,True,4h,ENDED,BULL,18.08 12:00,,,
2026-08-23 11:38:49,btc_signals_log(23.08)_v4.csv,,,,2026-08-23 08:00:00,ENDED,BULL,18.08 12:00,True,True,True,True,4h,ENDED,BULL,18.08 12:00,,,
2026-08-23 12:08:52,btc_signals_log(23.08)_v4.csv,,,,2026-08-23 12:00:00,ENDED,BULL,18.08 12:00,True,True,True,True,4h,ENDED,BULL,18.08 12:00,,,
2026-08-23 12:38:56,btc_signals_log(23.08)_v4.csv,,,,2026-08-23 12:00:00,ENDED,BULL,18.08 12:00,True,True,True,True,4h,ENDED,BULL,18.08 12:00,,,
2026-08-23 13:08:59,btc_signals_log(23.08)_v4.csv,,,,2026-08-23 12:00:00,ENDED,BULL,18.08 12:00,True,True,True,True,4h,ENDED,BULL,18.08 12:00,,,
2026-08-23 13:39:02,btc_signals_log(23.08)_v4.csv,,,,2026-08-23 12:00:00,ENDED,BULL,18.08 12:00,True,True,True,True,4h,ENDED,BULL,18.08 12:00,,,
2026-08-23 14:09:07,btc_signals_log(23.08)_v4.csv,,,,2026-08-23 12:00:00,ENDED,BULL,18.08 12:00,True,True,True,True,4h,ENDED,BULL,18.08 12:00,,,
2026-08-23 14:39:10,btc_signals_log(23.08)_v4.csv,,,,2026-08-23 12:00:00,ENDED,BULL,18.08 12:00,True,True,True,True,4h,ENDED,BULL,18.08 12:00,,,
2026-08-23 15:09:14,btc_signals_log(23.08)_v4.csv,,,,2026-08-23 12:00:00,ENDED,BULL,18.08 12:00,True,True,True,True,4h,ENDED,BULL,18.08 12:00,,,
2026-08-23 15:39:17,btc_signals_log(23.08)_v4.csv,,,,2026-08-23 12:00:00,ENDED,BULL,18.08 12:00,True,True,True,True,4h,ENDED,BULL,18.08 12:00,,,
2026-08-23 16:09:21,btc_signals_log(23.08)_v4.csv,,,,2026-08-23 16:00:00,ENDED,BULL,18.08 12:00,True,True,True,True,4h,ENDED,BULL,18.08 12:00,,,
2026-08-23 16:39:25,btc_signals_log(23.08)_v4.csv,,,,2026-08-23 16:00:00,ENDED,BULL,18.08 12:00,True,True,True,True,4h,ENDED,BULL,18.08 12:00,,,
2026-08-23 17:09:30,btc_signals_log(23.08)_v4.csv,,,,2026-08-23 16:00:00,ENDED,BULL,18.08 12:00,True,True,True,True,4h,ENDED,BULL,18.08 12:00,,,
2026-08-23 17:39:35,btc_signals_log(23.08)_v4.csv,,,,2026-08-23 16:00:00,ENDED,BULL,18.08 12:00,True,True,True,True,4h,ENDED,BULL,18.08 12:00,,,
2026-08-23 18:09:38,btc_signals_log(23.08)_v4.csv,,,,2026-08-23 16:00:00,ENDED,BULL,18.08 12:00,True,True,True,True,4h,ENDED,BULL,18.08 12:00,,,
2026-08-23 18:39:41,btc_signals_log(23.08)_v4.csv,,,,2026-08-23 16:00:00,ENDED,BULL,18.08 12:00,True,True,True,True,4h,ENDED,BULL,18.08 12:00,,,
2026-08-23 19:09:44,btc_signals_log(23.08)_v4.csv,,,,2026-08-23 16:00:00,ENDED,BULL,18.08 12:00,True,True,True,True,4h,ENDED,BULL,18.08 12:00,,,
2026-08-23 19:39:47,btc_signals_log(23.08)_v4.csv,,,,2026-08-23 16:00:00,ENDED,BULL,18.08 12:00,True,True,True,True,4h,ENDED,BULL,18.08 12:00,,,
2026-08-23 20:09:50,btc_signals_log(23.08)_v4.csv,,,,2026-08-23 20:00:00,ENDED,BULL,18.08 12:00,True,True,True,True,4h,ENDED,BULL,18.08 12:00,,,
2026-08-23 20:39:53,btc_signals_log(23.08)_v4.csv,,,,2026-08-23 20:00:00,ENDED,BULL,18.08 12:00,True,True,True,True,4h,ENDED,BULL,18.08 12:00,,,
2026-08-23 21:09:56,btc_signals_log(23.08)_v4.csv,,,,2026-08-23 20:00:00,ENDED,BULL,18.08 12:00,True,True,True,True,4h,ENDED,BULL,18.08 12:00,,,
2026-08-23 21:39:58,btc_signals_log(23.08)_v4.csv,,,,2026-08-23 20:00:00,ENDED,BULL,18.08 12:00,True,True,True,True,4h,ENDED,BULL,18.08 12:00,,,
2026-08-23 22:10:02,btc_signals_log(23.08)_v4.csv,,,,2026-08-23 20:00:00,ENDED,BULL,18.08 12:00,True,True,True,True,4h,ENDED,BULL,18.08 12:00,,,
2026-08-23 22:40:05,btc_signals_log(23.08)_v4.csv,,,,2026-08-23 20:00:00,ENDED,BULL,18.08 12:00,True,True,True,True,4h,ENDED,BULL,18.08 12:00,,,
2026-08-23 23:10:09,btc_signals_log(23.08)_v4.csv,,,,2026-08-23 20:00:00,ENDED,BULL,18.08 12:00,True,True,True,True,4h,ENDED,BULL,18.08 12:00,,,
2026-08-23 23:40:12,btc_signals_log(23.08)_v4.csv,,,,2026-08-23 20:00:00,ENDED,BULL,18.08 12:00,True,True,True,True,4h,ENDED,BULL,18.08 12:00,,,
2026-08-24 00:10:15,btc_signals_log(24.08)_v4.csv,,,,2026-08-24 00:00:00,ENDED,BULL,18.08 12:00,True,True,True,True,4h,ENDED,BULL,18.08 12:00,,,
2026-08-24 00:40:18,btc_signals_log(24.08)_v4.csv,,,,2026-08-24 00:00:00,ENDED,BULL,18.08 12:00,True,True,True,True,4h,ENDED,BULL,18.08 12:00,,,
2026-08-24 01:10:20,btc_signals_log(24.08)_v4.csv,,,,2026-08-24 00:00:00,ENDED,BULL,18.08 12:00,True,True,True,True,4h,ENDED,BULL,18.08 12:00,,,
2026-08-24 01:40:36,btc_signals_log(24.08)_v4.csv,,,,2026-08-24 00:00:00,ENDED,BULL,18.08 12:00,True,True,True,True,4h,ENDED,BULL,18.08 12:00,,,
2026-08-24 02:10:39,btc_signals_log(24.08)_v4.csv,,,,2026-08-24 00:00:00,ENDED,BULL,18.08 12:00,True,True,True,True,4h,ENDED,BULL,18.08 12:00,,,
2026-08-24 02:40:43,btc_signals_log(24.08)_v4.csv,,,,2026-08-24 00:00:00,ENDED,BULL,18.08 12:00,True,True,True,True,4h,ENDED,BULL,18.08 12:00,,,
2026-08-24 03:10:46,btc_signals_log(24.08)_v4.csv,,,,2026-08-24 00:00:00,ENDED,BULL,18.08 12:00,True,True,True,True,4h,ENDED,BULL,18.08 12:00,,,
2026-08-24 03:40:48,btc_signals_log(24.08)_v4.csv,,,,2026-08-24 00:00:00,ENDED,BULL,18.08 12:00,True,True,True,True,4h,ENDED,BULL,18.08 12:00,,,
2026-08-24 04:10:51,btc_signals_log(24.08)_v4.csv,,,,2026-08-24 04:00:00,ENDED,BULL,18.08 12:00,True,True,True,True,4h,ENDED,BULL,18.08 12:00,,,
2026-08-24 04:40:54,btc_signals_log(24.08)_v4.csv,,,,2026-08-24 04:00:00,ENDED,BULL,18.08 12:00,True,True,True,True,4h,ENDED,BULL,18.08 12:00,,,
2026-08-24 05:10:57,btc_signals_log(24.08)_v4.csv,,,,2026-08-24 04:00:00,ENDED,BULL,18.08 12:00,True,True,True,True,4h,ENDED,BULL,18.08 12:00,,,
2026-08-24 05:41:00,btc_signals_log(24.08)_v4.csv,,,,2026-08-24 04:00:00,ENDED,BULL,18.08 12:00,True,True,True,True,4h,ENDED,BULL,18.08 12:00,,,
2026-08-24 06:11:02,btc_signals_log(24.08)_v4.csv,,,,2026-08-24 04:00:00,ENDED,BULL,18.08 12:00,True,True,True,True,4h,ENDED,BULL,18.08 12:00,,,
2026-08-24 06:41:07,btc_signals_log(24.08)_v4.csv,,,,2026-08-24 04:00:00,ENDED,BULL,18.08 12:00,True,True,True,True,4h,ENDED,BULL,18.08 12:00,,,
2026-08-24 07:11:10,btc_signals_log(24.08)_v4.csv,,,,2026-08-24 04:00:00,ENDED,BULL,18.08 12:00,True,True,True,True,4h,ENDED,BULL,18.08 12:00,,,
2026-08-24 07:41:13,btc_signals_log(24.08)_v4.csv,,,,2026-08-24 04:00:00,ENDED,BULL,18.08 12:00,True,True,True,True,4h,ENDED,BULL,18.08 12:00,,,
2026-08-24 08:11:16,btc_signals_log(24.08)_v4.csv,,,,2026-08-24 08:00:00,ENDED,BULL,18.08 12:00,True,True,True,True,4h,ENDED,BULL,18.08 12:00,,,
2026-08-24 08:41:19,btc_signals_log(24.08)_v4.csv,,,,2026-08-24 08:00:00,ENDED,BULL,18.08 12:00,True,True,True,True,4h,ENDED,BULL,18.08 12:00,,,
2026-08-24 09:11:23,btc_signals_log(24.08)_v4.csv,,,,2026-08-24 08:00:00,ENDED,BULL,18.08 12:00,True,True,True,True,4h,ENDED,BULL,18.08 12:00,,,
2026-08-24 09:41:26,btc_signals_log(24.08)_v4.csv,,,,2026-08-24 08:00:00,ENDED,BULL,18.08 12:00,True,True,True,True,4h,ENDED,BULL,18.08 12:00,,,
2026-08-24 10:11:30,btc_signals_log(24.08)_v4.csv,,,,2026-08-24 08:00:00,ENDED,BULL,18.08 12:00,True,True,True,True,4h,ENDED,BULL,18.08 12:00,,,
2026-08-24 10:41:33,btc_signals_log(24.08)_v4.csv,,,,2026-08-24 08:00:00,ENDED,BULL,18.08 12:00,True,True,True,True,4h,ENDED,BULL,18.08 12:00,,,
2026-08-24 11:11:36,btc_signals_log(24.08)_v4.csv,,,,2026-08-24 08:00:00,ENDED,BULL,18.08 12:00,True,True,True,True,4h,ENDED,BULL,18.08 12:00,,,
2026-08-24 11:41:39,btc_signals_log(24.08)_v4.csv,,,,2026-08-24 08:00:00,ENDED,BULL,18.08 12:00,True,True,True,True,4h,ENDED,BULL,18.08 12:00,,,
2026-08-24 12:11:42,btc_signals_log(24.08)_v4.csv,,,,2026-08-24 12:00:00,ENDED,BULL,18.08 12:00,True,True,True,True,4h,ENDED,BULL,18.08 12:00,,,
2026-08-24 12:41:46,btc_signals_log(24.08)_v4.csv,,,,2026-08-24 12:00:00,ENDED,BULL,18.08 12:00,True,True,True,True,4h,ENDED,BULL,18.08 12:00,,,
2026-08-24 13:11:49,btc_signals_log(24.08)_v4.csv,,,,2026-08-24 12:00:00,ENDED,BULL,18.08 12:00,True,True,True,True,4h,ENDED,BULL,18.08 12:00,,,
2026-08-24 13:41:52,btc_signals_log(24.08)_v4.csv,,,,2026-08-24 12:00:00,ENDED,BULL,18.08 12:00,True,True,True,True,4h,ENDED,BULL,18.08 12:00,,,
2026-08-24 14:11:54,btc_signals_log(24.08)_v4.csv,,,,2026-08-24 12:00:00,ENDED,BULL,18.08 12:00,True,True,True,True,4h,ENDED,BULL,18.08 12:00,,,
2026-08-24 14:41:57,btc_signals_log(24.08)_v4.csv,,,,2026-08-24 12:00:00,ENDED,BULL,18.08 12:00,True,True,True,True,4h,ENDED,BULL,18.08 12:00,,,
2026-08-24 15:12:00,btc_signals_log(24.08)_v4.csv,,,,2026-08-24 12:00:00,ENDED,BULL,18.08 12:00,True,True,True,True,4h,ENDED,BULL,18.08 12:00,,,
2026-08-24 15:42:03,btc_signals_log(24.08)_v4.csv,,,,2026-08-24 12:00:00,ENDED,BULL,18.08 12:00,True,True,True,True,4h,ENDED,BULL,18.08 12:00,,,
2026-08-24 16:12:06,btc_signals_log(24.08)_v4.csv,,,,2026-08-24 16:00:00,ENDED,BULL,18.08 12:00,True,True,True,True,4h,ENDED,BULL,18.08 12:00,,,
2026-08-24 16:42:09,btc_signals_log(24.08)_v4.csv,,,,2026-08-24 16:00:00,ENDED,BULL,18.08 12:00,True,True,True,True,4h,ENDED,BULL,18.08 12:00,,,
2026-08-24 17:12:12,btc_signals_log(24.08)_v4.csv,,,,2026-08-24 16:00:00,ENDED,BULL,18.08 12:00,True,True,True,True,4h,ENDED,BULL,18.08 12:00,,,
2026-08-24 17:42:15,btc_signals_log(24.08)_v4.csv,,,,2026-08-24 16:00:00,ENDED,BULL,18.08 12:00,True,True,True,True,4h,ENDED,BULL,18.08 12:00,,,
2026-08-24 18:12:18,btc_signals_log(24.08)_v4.csv,,,,2026-08-24 16:00:00,ENDED,BULL,18.08 12:00,True,True,True,True,4h,ENDED,BULL,18.08 12:00,,,
2026-08-24 18:42:20,btc_signals_log(24.08)_v4.csv,,,,2026-08-24 16:00:00,ENDED,BULL,18.08 12:00,True,True,True,True,4h,ENDED,BULL,18.08 12:00,,,
2026-08-24 19:12:23,btc_signals_log(24.08)_v4.csv,,,,2026-08-24 16:00:00,ENDED,BULL,18.08 12:00,True,True,True,True,4h,ENDED,BULL,18.08 12:00,,,
2026-08-24 19:42:26,btc_signals_log(24.08)_v4.csv,,,,2026-08-24 16:00:00,ENDED,BULL,18.08 12:00,True,True,True,True,4h,ENDED,BULL,18.08 12:00,,,
2026-08-24 20:12:29,btc_signals_log(24.08)_v4.csv,,,,2026-08-24 20:00:00,ENDED,BULL,18.08 12:00,True,True,True,True,4h,ENDED,BULL,18.08 12:00,,,
2026-08-24 20:42:32,btc_signals_log(24.08)_v4.csv,,,,2026-08-24 20:00:00,ENDED,BULL,18.08 12:00,True,True,True,True,4h,ENDED,BULL,18.08 12:00,,,
2026-08-24 20:48:37,btc_signals_log(24.08)_v4.csv,,,,2026-08-24 20:00:00,ENDED,BULL,18.08 12:00,True,True,True,True,4h,ENDED,BULL,18.08 12:00,,,
2026-08-24 21:18:40,btc_signals_log(24.08)_v4.csv,,,,2026-08-24 20:00:00,ENDED,BULL,18.08 12:00,True,True,True,True,4h,ENDED,BULL,18.08 12:00,,,
2026-08-24 21:48:44,btc_signals_log(24.08)_v4.csv,,,,2026-08-24 20:00:00,ENDED,BULL,18.08 12:00,True,True,True,True,4h,ENDED,BULL,18.08 12:00,,,
2026-08-24 22:18:47,btc_signals_log(24.08)_v4.csv,,,,2026-08-24 20:00:00,ENDED,BULL,18.08 12:00,True,True,True,True,4h,ENDED,BULL,18.08 12:00,,,
2026-08-24 22:48:49,btc_signals_log(24.08)_v4.csv,,,,2026-08-24 20:00:00,ENDED,BULL,18.08 12:00,True,True,True,True,4h,ENDED,BULL,18.08 12:00,,,
2026-08-24 23:18:52,btc_signals_log(24.08)_v4.csv,,,,2026-08-24 20:00:00,ENDED,BULL,18.08 12:00,True,True,True,True,4h,ENDED,BULL,18.08 12:00,,,
2026-08-24 23:48:55,btc_signals_log(24.08)_v4.csv,,,,2026-08-24 20:00:00,ENDED,BULL,18.08 12:00,True,True,True,True,4h,ENDED,BULL,18.08 12:00,,,
2026-08-25 00:18:58,btc_signals_log(25.08)_v4.csv,,,,2026-08-25 00:00:00,ENDED,BULL,18.08 12:00,True,True,True,True,4h,ENDED,BULL,18.08 12:00,,,
2026-08-25 00:49:01,btc_signals_log(25.08)_v4.csv,,,,2026-08-25 00:00:00,ENDED,BULL,18.08 12:00,True,True,True,True,4h,ENDED,BULL,18.08 12:00,,,
2026-08-25 01:19:04,btc_signals_log(25.08)_v4.csv,,,,2026-08-25 00:00:00,ENDED,BULL,18.08 12:00,True,True,True,True,4h,ENDED,BULL,18.08 12:00,,,
2026-08-25 01:49:07,btc_signals_log(25.08)_v4.csv,,,,2026-08-25 00:00:00,ENDED,BULL,18.08 12:00,True,True,True,True,4h,ENDED,BULL,18.08 12:00,,,
2026-08-25 02:19:10,btc_signals_log(25.08)_v4.csv,,,,2026-08-25 00:00:00,ENDED,BULL,18.08 12:00,True,True,True,True,4h,ENDED,BULL,18.08 12:00,,,
2026-08-25 02:49:13,btc_signals_log(25.08)_v4.csv,,,,2026-08-25 00:00:00,ENDED,BULL,18.08 12:00,True,True,True,True,4h,ENDED,BULL,18.08 12:00,,,
2026-08-25 03:19:16,btc_signals_log(25.08)_v4.csv,,,,2026-08-25 00:00:00,ENDED,BULL,18.08 12:00,True,True,True,True,4h,ENDED,BULL,18.08 12:00,,,
2026-08-25 03:49:20,btc_signals_log(25.08)_v4.csv,,,,2026-08-25 00:00:00,ENDED,BULL,18.08 12:00,True,True,True,True,4h,ENDED,BULL,18.08 12:00,,,
2026-08-25 04:19:23,btc_signals_log(25.08)_v4.csv,,,,2026-08-25 04:00:00,ACTIVE,BULL,25.08 00:00,True,True,True,True,4h,ACTIVE,BULL,25.08 00:00,,,
2026-08-25 04:49:25,btc_signals_log(25.08)_v4.csv,,,,2026-08-25 04:00:00,ACTIVE,BULL,25.08 00:00,True,True,True,True,4h,ACTIVE,BULL,25.08 00:00,,,
2026-08-25 05:19:28,btc_signals_log(25.08)_v4.csv,,,,2026-08-25 04:00:00,ACTIVE,BULL,25.08 00:00,True,True,True,True,4h,ACTIVE,BULL,25.08 00:00,,,
2026-08-25 05:49:32,btc_signals_log(25.08)_v4.csv,,,,2026-08-25 04:00:00,ACTIVE,BULL,25.08 00:00,True,True,True,True,4h,ACTIVE,BULL,25.08 00:00,,,
2026-08-25 06:19:35,btc_signals_log(25.08)_v4.csv,,,,2026-08-25 04:00:00,ACTIVE,BULL,25.08 00:00,True,True,True,True,4h,ACTIVE,BULL,25.08 00:00,,,
2026-08-25 06:49:39,btc_signals_log(25.08)_v4.csv,,,,2026-08-25 04:00:00,ACTIVE,BULL,25.08 00:00,True,True,True,True,4h,ACTIVE,BULL,25.08 00:00,,,
2026-08-25 07:19:42,btc_signals_log(25.08)_v4.csv,,,,2026-08-25 04:00:00,ACTIVE,BULL,25.08 00:00,True,True,True,True,4h,ACTIVE,BULL,25.08 00:00,,,
2026-08-25 07:49:45,btc_signals_log(25.08)_v4.csv,,,,2026-08-25 04:00:00,ACTIVE,BULL,25.08 00:00,True,True,True,True,4h,ACTIVE,BULL,25.08 00:00,,,
2026-08-25 08:19:48,btc_signals_log(25.08)_v4.csv,,,,2026-08-25 08:00:00,ACTIVE,BULL,25.08 00:00,True,True,True,True,4h,ACTIVE,BULL,25.08 00:00,,,
2026-08-25 08:49:51,btc_signals_log(25.08)_v4.csv,,,,2026-08-25 08:00:00,ACTIVE,BULL,25.08 00:00,True,True,True,True,4h,ACTIVE,BULL,25.08 00:00,,,
2026-08-25 09:19:55,btc_signals_log(25.08)_v4.csv,,,,2026-08-25 08:00:00,ACTIVE,BULL,25.08 00:00,True,True,True,True,4h,ACTIVE,BULL,25.08 00:00,,,
2026-08-25 09:49:58,btc_signals_log(25.08)_v4.csv,,,,2026-08-25 08:00:00,ACTIVE,BULL,25.08 00:00,True,True,True,True,4h,ACTIVE,BULL,25.08 00:00,,,
2026-08-25 14:17:17,btc_signals_log(25.08)_v4.csv,,,,2026-08-25 12:00:00,ACTIVE,BULL,25.08 00:00,True,True,True,True,4h,ACTIVE,BULL,25.08 00:00,,,
2026-08-25 14:23:31,btc_signals_log(25.08)_v4.csv,,,,2026-08-25 12:00:00,ACTIVE,BULL,25.08 00:00,True,True,True,True,4h,ACTIVE,BULL,25.08 00:00,,,
2026-08-25 14:53:34,btc_signals_log(25.08)_v4.csv,,,,2026-08-25 12:00:00,ACTIVE,BULL,25.08 00:00,True,True,True,True,4h,ACTIVE,BULL,25.08 00:00,,,
2026-08-25 15:23:37,btc_signals_log(25.08)_v4.csv,,,,2026-08-25 12:00:00,ACTIVE,BULL,25.08 00:00,True,True,True,True,4h,ACTIVE,BULL,25.08 00:00,,,
2026-08-25 15:53:40,btc_signals_log(25.08)_v4.csv,,,,2026-08-25 12:00:00,ACTIVE,BULL,25.08 00:00,True,True,True,True,4h,ACTIVE,BULL,25.08 00:00,,,
2026-08-25 16:23:43,btc_signals_log(25.08)_v4.csv,,,,2026-08-25 16:00:00,ACTIVE,BULL,25.08 00:00,True,True,True,True,4h,ACTIVE,BULL,25.08 00:00,,,
2026-08-25 16:53:46,btc_signals_log(25.08)_v4.csv,,,,2026-08-25 16:00:00,ACTIVE,BULL,25.08 00:00,True,True,True,True,4h,ACTIVE,BULL,25.08 00:00,,,
2026-08-25 17:23:50,btc_signals_log(25.08)_v4.csv,,,,2026-08-25 16:00:00,ACTIVE,BULL,25.08 00:00,True,True,True,True,4h,ACTIVE,BULL,25.08 00:00,,,
2026-08-25 17:53:53,btc_signals_log(25.08)_v4.csv,,,,2026-08-25 16:00:00,ACTIVE,BULL,25.08 00:00,True,True,True,True,4h,ACTIVE,BULL,25.08 00:00,,,
2026-08-25 18:23:56,btc_signals_log(25.08)_v4.csv,,,,2026-08-25 16:00:00,ACTIVE,BULL,25.08 00:00,True,True,True,True,4h,ACTIVE,BULL,25.08 00:00,,,
2026-08-25 18:53:59,btc_signals_log(25.08)_v4.csv,,,,2026-08-25 16:00:00,ACTIVE,BULL,25.08 00:00,True,True,True,True,4h,ACTIVE,BULL,25.08 00:00,,,
2026-08-25 19:24:03,btc_signals_log(25.08)_v4.csv,,,,2026-08-25 16:00:00,ACTIVE,BULL,25.08 00:00,True,True,True,True,4h,ACTIVE,BULL,25.08 00:00,,,
2026-08-25 19:54:06,btc_signals_log(25.08)_v4.csv,,,,2026-08-25 16:00:00,ACTIVE,BULL,25.08 00:00,True,True,True,True,4h,ACTIVE,BULL,25.08 00:00,,,
2026-08-25 20:24:09,btc_signals_log(25.08)_v4.csv,,,,2026-08-25 20:00:00,ACTIVE,BULL,25.08 00:00,True,True,True,True,4h,ACTIVE,BULL,25.08 00:00,,,
2026-08-25 20:54:12,btc_signals_log(25.08)_v4.csv,,,,2026-08-25 20:00:00,ACTIVE,BULL,25.08 00:00,True,True,True,True,4h,ACTIVE,BULL,25.08 00:00,,,
2026-08-25 21:24:16,btc_signals_log(25.08)_v4.csv,,,,2026-08-25 20:00:00,ACTIVE,BULL,25.08 00:00,True,True,True,True,4h,ACTIVE,BULL,25.08 00:00,,,
2026-08-25 21:54:19,btc_signals_log(25.08)_v4.csv,,,,2026-08-25 20:00:00,ACTIVE,BULL,25.08 00:00,True,True,True,True,4h,ACTIVE,BULL,25.08 00:00,,,
2026-08-25 22:24:22,btc_signals_log(25.08)_v4.csv,,,,2026-08-25 20:00:00,ACTIVE,BULL,25.08 00:00,True,True,True,True,4h,ACTIVE,BULL,25.08 00:00,,,
2026-08-25 22:54:25,btc_signals_log(25.08)_v4.csv,,,,2026-08-25 20:00:00,ACTIVE,BULL,25.08 00:00,True,True,True,True,4h,ACTIVE,BULL,25.08 00:00,,,
2026-08-25 23:24:28,btc_signals_log(25.08)_v4.csv,,,,2026-08-25 20:00:00,ACTIVE,BULL,25.08 00:00,True,True,True,True,4h,ACTIVE,BULL,25.08 00:00,,,
2026-08-25 23:54:31,btc_signals_log(25.08)_v4.csv,,,,2026-08-25 20:00:00,ACTIVE,BULL,25.08 00:00,True,True,True,True,4h,ACTIVE,BULL,25.08 00:00,,,
2026-08-26 00:24:34,btc_signals_log(26.08)_v4.csv,,,,2026-08-26 00:00:00,ACTIVE,BULL,25.08 00:00,True,True,True,True,4h,ACTIVE,BULL,25.08 00:00,,,
2026-08-26 00:54:37,btc_signals_log(26.08)_v4.csv,,,,2026-08-26 00:00:00,ACTIVE,BULL,25.08 00:00,True,True,True,True,4h,ACTIVE,BULL,25.08 00:00,,,
2026-08-26 01:24:40,btc_signals_log(26.08)_v4.csv,,,,2026-08-26 00:00:00,ACTIVE,BULL,25.08 00:00,True,True,True,True,4h,ACTIVE,BULL,25.08 00:00,,,
2026-08-26 01:54:43,btc_signals_log(26.08)_v4.csv,,,,2026-08-26 00:00:00,ACTIVE,BULL,25.08 00:00,True,True,True,True,4h,ACTIVE,BULL,25.08 00:00,,,
2026-08-26 02:24:46,btc_signals_log(26.08)_v4.csv,,,,2026-08-26 00:00:00,ACTIVE,BULL,25.08 00:00,True,True,True,True,4h,ACTIVE,BULL,25.08 00:00,,,
2026-08-26 02:54:49,btc_signals_log(26.08)_v4.csv,,,,2026-08-26 00:00:00,ACTIVE,BULL,25.08 00:00,True,True,True,True,4h,ACTIVE,BULL,25.08 00:00,,,
2026-08-26 03:24:52,btc_signals_log(26.08)_v4.csv,,,,2026-08-26 00:00:00,ACTIVE,BULL,25.08 00:00,True,True,True,True,4h,ACTIVE,BULL,25.08 00:00,,,
2026-08-26 03:54:55,btc_signals_log(26.08)_v4.csv,,,,2026-08-26 00:00:00,ACTIVE,BULL,25.08 00:00,True,True,True,True,4h,ACTIVE,BULL,25.08 00:00,,,
2026-08-26 04:24:58,btc_signals_log(26.08)_v4.csv,,,,2026-08-26 04:00:00,ACTIVE,BULL,25.08 00:00,True,True,True,True,4h,ACTIVE,BULL,25.08 00:00,,,
2026-08-26 04:55:01,btc_signals_log(26.08)_v4.csv,,,,2026-08-26 04:00:00,ACTIVE,BULL,25.08 00:00,True,True,True,True,4h,ACTIVE,BULL,25.08 00:00,,,
2026-08-26 05:25:05,btc_signals_log(26.08)_v4.csv,,,,2026-08-26 04:00:00,ACTIVE,BULL,25.08 00:00,True,True,True,True,4h,ACTIVE,BULL,25.08 00:00,,,
2026-08-26 05:55:08,btc_signals_log(26.08)_v4.csv,,,,2026-08-26 04:00:00,ACTIVE,BULL,25.08 00:00,True,True,True,True,4h,ACTIVE,BULL,25.08 00:00,,,
2026-08-26 06:25:11,btc_signals_log(26.08)_v4.csv,,,,2026-08-26 04:00:00,ACTIVE,BULL,25.08 00:00,True,True,True,True,4h,ACTIVE,BULL,25.08 00:00,,,
2026-08-26 06:55:14,btc_signals_log(26.08)_v4.csv,,,,2026-08-26 04:00:00,ACTIVE,BULL,25.08 00:00,True,True,True,True,4h,ACTIVE,BULL,25.08 00:00,,,
2026-08-26 07:25:17,btc_signals_log(26.08)_v4.csv,,,,2026-08-26 04:00:00,ACTIVE,BULL,25.08 00:00,True,True,True,True,4h,ACTIVE,BULL,25.08 00:00,,,
2026-08-26 07:55:21,btc_signals_log(26.08)_v4.csv,,,,2026-08-26 04:00:00,ACTIVE,BULL,25.08 00:00,True,True,True,True,4h,ACTIVE,BULL,25.08 00:00,,,
2026-08-26 08:25:23,btc_signals_log(26.08)_v4.csv,,,,2026-08-26 08:00:00,ACTIVE,BULL,25.08 00:00,True,True,True,True,4h,ACTIVE,BULL,25.08 00:00,,,
2026-08-26 08:55:27,btc_signals_log(26.08)_v4.csv,,,,2026-08-26 08:00:00,ACTIVE,BULL,25.08 00:00,True,True,True,True,4h,ACTIVE,BULL,25.08 00:00,,,
2026-08-26 09:25:30,btc_signals_log(26.08)_v4.csv,,,,2026-08-26 08:00:00,ACTIVE,BULL,25.08 00:00,True,True,True,True,4h,ACTIVE,BULL,25.08 00:00,,,
2026-08-26 09:55:34,btc_signals_log(26.08)_v4.csv,,,,2026-08-26 08:00:00,ACTIVE,BULL,25.08 00:00,True,True,True,True,4h,ACTIVE,BULL,25.08 00:00,,,
2026-08-26 10:25:37,btc_signals_log(26.08)_v4.csv,,,,2026-08-26 08:00:00,ACTIVE,BULL,25.08 00:00,True,True,True,True,4h,ACTIVE,BULL,25.08 00:00,,,
2026-08-26 10:55:40,btc_signals_log(26.08)_v4.csv,,,,2026-08-26 08:00:00,ACTIVE,BULL,25.08 00:00,True,True,True,True,4h,ACTIVE,BULL,25.08 00:00,,,
2026-08-26 11:25:43,btc_signals_log(26.08)_v4.csv,,,,2026-08-26 08:00:00,ACTIVE,BULL,25.08 00:00,True,True,True,True,4h,ACTIVE,BULL,25.08 00:00,,,
2026-08-26 11:55:46,btc_signals_log(26.08)_v4.csv,,,,2026-08-26 08:00:00,ACTIVE,BULL,25.08 00:00,True,True,True,True,4h,ACTIVE,BULL,25.08 00:00,,,
2026-08-26 12:25:49,btc_signals_log(26.08)_v4.csv,,,,2026-08-26 12:00:00,ACTIVE,BULL,25.08 00:00,True,True,True,True,4h,ACTIVE,BULL,25.08 00:00,,,
2026-08-26 12:55:53,btc_signals_log(26.08)_v4.csv,,,,2026-08-26 12:00:00,ACTIVE,BULL,25.08 00:00,True,True,True,True,4h,ACTIVE,BULL,25.08 00:00,,,
2026-08-26 13:25:56,btc_signals_log(26.08)_v4.csv,,,,2026-08-26 12:00:00,ACTIVE,BULL,25.08 00:00,True,True,True,True,4h,ACTIVE,BULL,25.08 00:00,,,
2026-08-26 13:56:00,btc_signals_log(26.08)_v4.csv,,,,2026-08-26 12:00:00,ACTIVE,BULL,25.08 00:00,True,True,True,True,4h,ACTIVE,BULL,25.08 00:00,,,
2026-08-26 14:26:03,btc_signals_log(26.08)_v4.csv,,,,2026-08-26 12:00:00,ACTIVE,BULL,25.08 00:00,True,True,True,True,4h,ACTIVE,BULL,25.08 00:00,,,
2026-08-26 14:56:07,btc_signals_log(26.08)_v4.csv,,,,2026-08-26 12:00:00,ACTIVE,BULL,25.08 00:00,True,True,True,True,4h,ACTIVE,BULL,25.08 00:00,,,
2026-08-26 15:26:10,btc_signals_log(26.08)_v4.csv,,,,2026-08-26 12:00:00,ACTIVE,BULL,25.08 00:00,True,True,True,True,4h,ACTIVE,BULL,25.08 00:00,,,
2026-08-26 15:56:13,btc_signals_log(26.08)_v4.csv,,,,2026-08-26 12:00:00,ACTIVE,BULL,25.08 00:00,True,True,True,True,4h,ACTIVE,BULL,25.08 00:00,,,
2026-08-26 16:26:16,btc_signals_log(26.08)_v4.csv,,,,2026-08-26 16:00:00,ACTIVE,BULL,25.08 00:00,True,True,True,True,4h,ACTIVE,BULL,25.08 00:00,,,
2026-08-26 16:56:19,btc_signals_log(26.08)_v4.csv,,,,2026-08-26 16:00:00,ACTIVE,BULL,25.08 00:00,True,True,True,True,4h,ACTIVE,BULL,25.08 00:00,,,
2026-08-26 17:26:23,btc_signals_log(26.08)_v4.csv,,,,2026-08-26 16:00:00,ACTIVE,BULL,25.08 00:00,True,True,True,True,4h,ACTIVE,BULL,25.08 00:00,,,
2026-08-26 17:56:26,btc_signals_log(26.08)_v4.csv,,,,2026-08-26 16:00:00,ACTIVE,BULL,25.08 00:00,True,True,True,True,4h,ACTIVE,BULL,25.08 00:00,,,
2026-08-26 18:26:30,btc_signals_log(26.08)_v4.csv,,,,2026-08-26 16:00:00,ACTIVE,BULL,25.08 00:00,True,True,True,True,4h,ACTIVE,BULL,25.08 00:00,,,
2026-08-26 18:56:33,btc_signals_log(26.08)_v4.csv,,,,2026-08-26 16:00:00,ACTIVE,BULL,25.08 00:00,True,True,True,True,4h,ACTIVE,BULL,25.08 00:00,,,
2026-08-26 19:26:36,btc_signals_log(26.08)_v4.csv,,,,2026-08-26 16:00:00,ACTIVE,BULL,25.08 00:00,True,True,True,True,4h,ACTIVE,BULL,25.08 00:00,,,
2026-08-26 19:56:40,btc_signals_log(26.08)_v4.csv,,,,2026-08-26 16:00:00,ACTIVE,BULL,25.08 00:00,True,True,True,True,4h,ACTIVE,BULL,25.08 00:00,,,
2026-08-26 20:26:43,btc_signals_log(26.08)_v4.csv,,,,2026-08-26 20:00:00,ACTIVE,BULL,25.08 00:00,True,True,True,True,4h,ACTIVE,BULL,25.08 00:00,,,
2026-08-26 20:56:46,btc_signals_log(26.08)_v4.csv,,,,2026-08-26 20:00:00,ACTIVE,BULL,25.08 00:00,True,True,True,True,4h,ACTIVE,BULL,25.08 00:00,,,
2026-08-26 21:26:49,btc_signals_log(26.08)_v4.csv,,,,2026-08-26 20:00:00,ACTIVE,BULL,25.08 00:00,True,True,True,True,4h,ACTIVE,BULL,25.08 00:00,,,
2026-08-26 21:56:54,btc_signals_log(26.08)_v4.csv,,,,2026-08-26 20:00:00,ACTIVE,BULL,25.08 00:00,True,True,True,True,4h,ACTIVE,BULL,25.08 00:00,,,
2026-08-26 22:26:57,btc_signals_log(26.08)_v4.csv,,,,2026-08-26 20:00:00,ACTIVE,BULL,25.08 00:00,True,True,True,True,4h,ACTIVE,BULL,25.08 00:00,,,
2026-08-26 22:57:00,btc_signals_log(26.08)_v4.csv,,,,2026-08-26 20:00:00,ACTIVE,BULL,25.08 00:00,True,True,True,True,4h,ACTIVE,BULL,25.08 00:00,,,
2026-08-26 23:27:04,btc_signals_log(26.08)_v4.csv,,,,2026-08-26 20:00:00,ACTIVE,BULL,25.08 00:00,True,True,True,True,4h,ACTIVE,BULL,25.08 00:00,,,
2026-08-26 23:57:07,btc_signals_log(26.08)_v4.csv,,,,2026-08-26 20:00:00,ACTIVE,BULL,25.08 00:00,True,True,True,True,4h,ACTIVE,BULL,25.08 00:00,,,
2026-08-27 00:27:10,btc_signals_log(27.08)_v4.csv,,,,2026-08-27 00:00:00,ACTIVE,BULL,25.08 00:00,True,True,True,True,4h,ACTIVE,BULL,25.08 00:00,,,
2026-08-27 00:57:14,btc_signals_log(27.08)_v4.csv,,,,2026-08-27 00:00:00,ACTIVE,BULL,25.08 00:00,True,True,True,True,4h,ACTIVE,BULL,25.08 00:00,,,
2026-08-27 01:27:18,btc_signals_log(27.08)_v4.csv,,,,2026-08-27 00:00:00,ACTIVE,BULL,25.08 00:00,True,True,True,True,4h,ACTIVE,BULL,25.08 00:00,,,
2026-08-27 01:57:21,btc_signals_log(27.08)_v4.csv,,,,2026-08-27 00:00:00,ACTIVE,BULL,25.08 00:00,True,True,True,True,4h,ACTIVE,BULL,25.08 00:00,,,
2026-08-27 02:27:24,btc_signals_log(27.08)_v4.csv,,,,2026-08-27 00:00:00,ACTIVE,BULL,25.08 00:00,True,True,True,True,4h,ACTIVE,BULL,25.08 00:00,,,
2026-08-27 02:57:28,btc_signals_log(27.08)_v4.csv,,,,2026-08-27 00:00:00,ACTIVE,BULL,25.08 00:00,True,True,True,True,4h,ACTIVE,BULL,25.08 00:00,,,
2026-08-27 03:27:31,btc_signals_log(27.08)_v4.csv,,,,2026-08-27 00:00:00,ACTIVE,BULL,25.08 00:00,True,True,True,True,4h,ACTIVE,BULL,25.08 00:00,,,
2026-08-27 03:57:34,btc_signals_log(27.08)_v4.csv,,,,2026-08-27 00:00:00,ACTIVE,BULL,25.08 00:00,True,True,True,True,4h,ACTIVE,BULL,25.08 00:00,,,
2026-08-27 04:27:37,btc_signals_log(27.08)_v4.csv,,,,2026-08-27 04:00:00,ACTIVE,BULL,25.08 00:00,True,True,True,True,4h,ACTIVE,BULL,25.08 00:00,,,
2026-08-27 04:57:40,btc_signals_log(27.08)_v4.csv,,,,2026-08-27 04:00:00,ACTIVE,BULL,25.08 00:00,True,True,True,True,4h,ACTIVE,BULL,25.08 00:00,,,
2026-08-27 05:27:44,btc_signals_log(27.08)_v4.csv,,,,2026-08-27 04:00:00,ACTIVE,BULL,25.08 00:00,True,True,True,True,4h,ACTIVE,BULL,25.08 00:00,,,
2026-08-27 05:57:47,btc_signals_log(27.08)_v4.csv,,,,2026-08-27 04:00:00,ACTIVE,BULL,25.08 00:00,True,True,True,True,4h,ACTIVE,BULL,25.08 00:00,,,
2026-08-27 06:27:50,btc_signals_log(27.08)_v4.csv,,,,2026-08-27 04:00:00,ACTIVE,BULL,25.08 00:00,True,True,True,True,4h,ACTIVE,BULL,25.08 00:00,,,
2026-08-27 06:57:53,btc_signals_log(27.08)_v4.csv,,,,2026-08-27 04:00:00,ACTIVE,BULL,25.08 00:00,True,True,True,True,4h,ACTIVE,BULL,25.08 00:00,,,
2026-08-27 07:27:57,btc_signals_log(27.08)_v4.csv,,,,2026-08-27 04:00:00,ACTIVE,BULL,25.08 00:00,True,True,True,True,4h,ACTIVE,BULL,25.08 00:00,,,
2026-08-27 07:58:00,btc_signals_log(27.08)_v4.csv,,,,2026-08-27 04:00:00,ACTIVE,BULL,25.08 00:00,True,True,True,True,4h,ACTIVE,BULL,25.08 00:00,,,
2026-08-27 08:28:04,btc_signals_log(27.08)_v4.csv,,,,2026-08-27 08:00:00,ACTIVE,BULL,25.08 00:00,True,True,True,True,4h,ACTIVE,BULL,25.08 00:00,,,
2026-08-27 08:58:07,btc_signals_log(27.08)_v4.csv,,,,2026-08-27 08:00:00,ACTIVE,BULL,25.08 00:00,True,True,True,True,4h,ACTIVE,BULL,25.08 00:00,,,
2026-08-27 09:28:10,btc_signals_log(27.08)_v4.csv,,,,2026-08-27 08:00:00,ACTIVE,BULL,25.08 00:00,True,True,True,True,4h,ACTIVE,BULL,25.08 00:00,,,
2026-08-27 09:58:13,btc_signals_log(27.08)_v4.csv,,,,2026-08-27 08:00:00,ACTIVE,BULL,25.08 00:00,True,True,True,True,4h,ACTIVE,BULL,25.08 00:00,,,
2026-08-27 10:28:17,btc_signals_log(27.08)_v4.csv,,,,2026-08-27 08:00:00,ACTIVE,BULL,25.08 00:00,True,True,True,True,4h,ACTIVE,BULL,25.08 00:00,,,
2026-08-27 10:58:20,btc_signals_log(27.08)_v4.csv,,,,2026-08-27 08:00:00,ACTIVE,BULL,25.08 00:00,True,True,True,True,4h,ACTIVE,BULL,25.08 00:00,,,
2026-08-27 11:28:23,btc_signals_log(27.08)_v4.csv,,,,2026-08-27 08:00:00,ACTIVE,BULL,25.08 00:00,True,True,True,True,4h,ACTIVE,BULL,25.08 00:00,,,
2026-08-27 11:58:26,btc_signals_log(27.08)_v4.csv,,,,2026-08-27 08:00:00,ACTIVE,BULL,25.08 00:00,True,True,True,True,4h,ACTIVE,BULL,25.08 00:00,,,
2026-08-27 12:28:29,btc_signals_log(27.08)_v4.csv,,,,2026-08-27 12:00:00,ACTIVE,BULL,25.08 00:00,True,True,True,True,4h,ACTIVE,BULL,25.08 00:00,,,
2026-08-27 12:58:33,btc_signals_log(27.08)_v4.csv,,,,2026-08-27 12:00:00,ACTIVE,BULL,25.08 00:00,True,True,True,True,4h,ACTIVE,BULL,25.08 00:00,,,
2026-08-27 13:28:36,btc_signals_log(27.08)_v4.csv,,,,2026-08-27 12:00:00,ACTIVE,BULL,25.08 00:00,True,True,True,True,4h,ACTIVE,BULL,25.08 00:00,,,
2026-08-27 13:58:40,btc_signals_log(27.08)_v4.csv,,,,2026-08-27 12:00:00,ACTIVE,BULL,25.08 00:00,True,True,True,True,4h,ACTIVE,BULL,25.08 00:00,,,
2026-08-27 14:28:43,btc_signals_log(27.08)_v4.csv,,,,2026-08-27 12:00:00,ACTIVE,BULL,25.08 00:00,True,True,True,True,4h,ACTIVE,BULL,25.08 00:00,,,
2026-08-27 14:58:47,btc_signals_log(27.08)_v4.csv,,,,2026-08-27 12:00:00,ACTIVE,BULL,25.08 00:00,True,True,True,True,4h,ACTIVE,BULL,25.08 00:00,,,
2026-08-27 15:28:50,btc_signals_log(27.08)_v4.csv,,,,2026-08-27 12:00:00,ACTIVE,BULL,25.08 00:00,True,True,True,True,4h,ACTIVE,BULL,25.08 00:00,,,
2026-08-27 15:58:54,btc_signals_log(27.08)_v4.csv,,,,2026-08-27 12:00:00,ACTIVE,BULL,25.08 00:00,True,True,True,True,4h,ACTIVE,BULL,25.08 00:00,,,
2026-08-27 16:28:57,btc_signals_log(27.08)_v4.csv,,,,2026-08-27 16:00:00,ACTIVE,BULL,25.08 00:00,True,True,True,True,4h,ACTIVE,BULL,25.08 00:00,,,
2026-08-27 16:59:01,btc_signals_log(27.08)_v4.csv,,,,2026-08-27 16:00:00,ACTIVE,BULL,25.08 00:00,True,True,True,True,4h,ACTIVE,BULL,25.08 00:00,,,
2026-08-27 17:29:04,btc_signals_log(27.08)_v4.csv,,,,2026-08-27 16:00:00,ACTIVE,BULL,25.08 00:00,True,True,True,True,4h,ACTIVE,BULL,25.08 00:00,,,
2026-08-27 17:59:07,btc_signals_log(27.08)_v4.csv,,,,2026-08-27 16:00:00,ACTIVE,BULL,25.08 00:00,True,True,True,True,4h,ACTIVE,BULL,25.08 00:00,,,
2026-08-27 18:29:10,btc_signals_log(27.08)_v4.csv,,,,2026-08-27 16:00:00,ACTIVE,BULL,25.08 00:00,True,True,True,True,4h,ACTIVE,BULL,25.08 00:00,,,
2026-08-27 18:59:14,btc_signals_log(27.08)_v4.csv,,,,2026-08-27 16:00:00,ACTIVE,BULL,25.08 00:00,True,True,True,True,4h,ACTIVE,BULL,25.08 00:00,,,
2026-08-27 19:29:17,btc_signals_log(27.08)_v4.csv,,,,2026-08-27 16:00:00,ACTIVE,BULL,25.08 00:00,True,True,True,True,4h,ACTIVE,BULL,25.08 00:00,,,
2026-08-27 19:59:21,btc_signals_log(27.08)_v4.csv,,,,2026-08-27 16:00:00,ACTIVE,BULL,25.08 00:00,True,True,True,True,4h,ACTIVE,BULL,25.08 00:00,,,
2026-08-27 20:29:24,btc_signals_log(27.08)_v4.csv,,,,2026-08-27 20:00:00,ACTIVE,BULL,25.08 00:00,True,True,True,True,4h,ACTIVE,BULL,25.08 00:00,,,
2026-08-27 20:59:28,btc_signals_log(27.08)_v4.csv,,,,2026-08-27 20:00:00,ACTIVE,BULL,25.08 00:00,True,True,True,True,4h,ACTIVE,BULL,25.08 00:00,,,
2026-08-27 21:29:32,btc_signals_log(27.08)_v4.csv,,,,2026-08-27 20:00:00,ACTIVE,BULL,25.08 00:00,True,True,True,True,4h,ACTIVE,BULL,25.08 00:00,,,
2026-08-27 21:59:35,btc_signals_log(27.08)_v4.csv,,,,2026-08-27 20:00:00,ACTIVE,BULL,25.08 00:00,True,True,True,True,4h,ACTIVE,BULL,25.08 00:00,,,
2026-08-27 22:29:38,btc_signals_log(27.08)_v4.csv,,,,2026-08-27 20:00:00,ACTIVE,BULL,25.08 00:00,True,True,True,True,4h,ACTIVE,BULL,25.08 00:00,,,
2026-08-27 22:59:41,btc_signals_log(27.08)_v4.csv,,,,2026-08-27 20:00:00,ACTIVE,BULL,25.08 00:00,True,True,True,True,4h,ACTIVE,BULL,25.08 00:00,,,
2026-08-27 23:29:45,btc_signals_log(27.08)_v4.csv,,,,2026-08-27 20:00:00,ACTIVE,BULL,25.08 00:00,True,True,True,True,4h,ACTIVE,BULL,25.08 00:00,,,
2026-08-27 23:59:48,btc_signals_log(27.08)_v4.csv,,,,2026-08-27 20:00:00,ACTIVE,BULL,25.08 00:00,True,True,True,True,4h,ACTIVE,BULL,25.08 00:00,,,
2026-08-28 00:29:51,btc_signals_log(28.08)_v4.csv,,,,2026-08-28 00:00:00,ACTIVE,BULL,25.08 00:00,True,True,True,True,4h,ACTIVE,BULL,25.08 00:00,,,
2026-08-28 00:59:54,btc_signals_log(28.08)_v4.csv,,,,2026-08-28 00:00:00,ACTIVE,BULL,25.08 00:00,True,True,True,True,4h,ACTIVE,BULL,25.08 00:00,,,
2026-08-28 01:29:58,btc_signals_log(28.08)_v4.csv,,,,2026-08-28 00:00:00,ACTIVE,BULL,25.08 00:00,True,True,True,True,4h,ACTIVE,BULL,25.08 00:00,,,
2026-08-28 02:00:03,btc_signals_log(28.08)_v4.csv,,,,2026-08-28 00:00:00,ACTIVE,BULL,25.08 00:00,True,True,True,True,4h,ACTIVE,BULL,25.08 00:00,,,
2026-08-28 02:30:06,btc_signals_log(28.08)_v4.csv,,,,2026-08-28 00:00:00,ACTIVE,BULL,25.08 00:00,True,True,True,True,4h,ACTIVE,BULL,25.08 00:00,,,
2026-08-28 03:00:09,btc_signals_log(28.08)_v4.csv,,,,2026-08-28 00:00:00,ACTIVE,BULL,25.08 00:00,True,True,True,True,4h,ACTIVE,BULL,25.08 00:00,,,
2026-08-28 03:30:13,btc_signals_log(28.08)_v4.csv,,,,2026-08-28 00:00:00,ACTIVE,BULL,25.08 00:00,True,True,True,True,4h,ACTIVE,BULL,25.08 00:00,,,
2026-08-28 04:00:16,btc_signals_log(28.08)_v4.csv,,,,2026-08-28 04:00:00,ACTIVE,BULL,25.08 00:00,True,True,True,True,4h,ACTIVE,BULL,25.08 00:00,,,
2026-08-28 04:30:19,btc_signals_log(28.08)_v4.csv,,,,2026-08-28 04:00:00,ACTIVE,BULL,25.08 00:00,True,True,True,True,4h,ACTIVE,BULL,25.08 00:00,,,
2026-08-28 05:00:22,btc_signals_log(28.08)_v4.csv,,,,2026-08-28 04:00:00,ACTIVE,BULL,25.08 00:00,True,True,True,True,4h,ACTIVE,BULL,25.08 00:00,,,
2026-08-28 05:30:25,btc_signals_log(28.08)_v4.csv,,,,2026-08-28 04:00:00,ACTIVE,BULL,25.08 00:00,True,True,True,True,4h,ACTIVE,BULL,25.08 00:00,,,
2026-08-28 06:00:28,btc_signals_log(28.08)_v4.csv,,,,2026-08-28 04:00:00,ACTIVE,BULL,25.08 00:00,True,True,True,True,4h,ACTIVE,BULL,25.08 00:00,,,
2026-08-28 06:30:31,btc_signals_log(28.08)_v4.csv,,,,2026-08-28 04:00:00,ACTIVE,BULL,25.08 00:00,True,True,True,True,4h,ACTIVE,BULL,25.08 00:00,,,
2026-08-28 07:00:34,btc_signals_log(28.08)_v4.csv,,,,2026-08-28 04:00:00,ACTIVE,BULL,25.08 00:00,True,True,True,True,4h,ACTIVE,BULL,25.08 00:00,,,
2026-08-28 07:30:38,btc_signals_log(28.08)_v4.csv,,,,2026-08-28 04:00:00,ACTIVE,BULL,25.08 00:00,True,True,True,True,4h,ACTIVE,BULL,25.08 00:00,,,
2026-08-28 08:00:41,btc_signals_log(28.08)_v4.csv,,,,2026-08-28 08:00:00,ACTIVE,BULL,25.08 00:00,True,True,True,True,4h,ACTIVE,BULL,25.08 00:00,,,
2026-08-28 08:30:44,btc_signals_log(28.08)_v4.csv,,,,2026-08-28 08:00:00,ACTIVE,BULL,25.08 00:00,True,True,True,True,4h,ACTIVE,BULL,25.08 00:00,,,
2026-08-28 09:00:48,btc_signals_log(28.08)_v4.csv,,,,2026-08-28 08:00:00,ACTIVE,BULL,25.08 00:00,True,True,True,True,4h,ACTIVE,BULL,25.08 00:00,,,
2026-08-28 09:30:51,btc_signals_log(28.08)_v4.csv,,,,2026-08-28 08:00:00,ACTIVE,BULL,25.08 00:00,True,True,True,True,4h,ACTIVE,BULL,25.08 00:00,,,
2026-08-28 10:00:54,btc_signals_log(28.08)_v4.csv,,,,2026-08-28 08:00:00,ACTIVE,BULL,25.08 00:00,True,True,True,True,4h,ACTIVE,BULL,25.08 00:00,,,
2026-08-28 10:30:57,btc_signals_log(28.08)_v4.csv,,,,2026-08-28 08:00:00,ACTIVE,BULL,25.08 00:00,True,True,True,True,4h,ACTIVE,BULL,25.08 00:00,,,
2026-08-28 11:01:00,btc_signals_log(28.08)_v4.csv,,,,2026-08-28 08:00:00,ACTIVE,BULL,25.08 00:00,True,True,True,True,4h,ACTIVE,BULL,25.08 00:00,,,
2026-08-28 11:31:04,btc_signals_log(28.08)_v4.csv,,,,2026-08-28 08:00:00,ACTIVE,BULL,25.08 00:00,True,True,True,True,4h,ACTIVE,BULL,25.08 00:00,,,
2026-08-28 12:01:07,btc_signals_log(28.08)_v4.csv,,,,2026-08-28 12:00:00,ACTIVE,BULL,25.08 00:00,True,True,True,True,4h,ACTIVE,BULL,25.08 00:00,,,
2026-08-28 13:25:28,btc_signals_log(28.08)_v4.csv,,,,2026-08-28 12:00:00,ACTIVE,BULL,25.08 00:00,True,True,True,True,4h,ACTIVE,BULL,25.08 00:00,,,
2026-08-28 13:55:32,btc_signals_log(28.08)_v4.csv,,,,2026-08-28 12:00:00,ACTIVE,BULL,25.08 00:00,True,True,True,True,4h,ACTIVE,BULL,25.08 00:00,,,
2026-08-28 14:25:36,btc_signals_log(28.08)_v4.csv,,,,2026-08-28 12:00:00,ACTIVE,BULL,25.08 00:00,True,True,True,True,4h,ACTIVE,BULL,25.08 00:00,,,
2026-08-28 14:55:39,btc_signals_log(28.08)_v4.csv,,,,2026-08-28 12:00:00,ACTIVE,BULL,25.08 00:00,True,True,True,True,4h,ACTIVE,BULL,25.08 00:00,,,
2026-08-28 15:25:43,btc_signals_log(28.08)_v4.csv,,,,2026-08-28 12:00:00,ACTIVE,BULL,25.08 00:00,True,True,True,True,4h,ACTIVE,BULL,25.08 00:00,,,
2026-08-28 15:55:46,btc_signals_log(28.08)_v4.csv,,,,2026-08-28 12:00:00,ACTIVE,BULL,25.08 00:00,True,True,True,True,4h,ACTIVE,BULL,25.08 00:00,,,
2026-08-28 16:25:49,btc_signals_log(28.08)_v4.csv,,,,2026-08-28 16:00:00,ACTIVE,BULL,25.08 00:00,True,True,True,True,4h,ACTIVE,BULL,25.08 00:00,,,
2026-08-28 16:55:53,btc_signals_log(28.08)_v4.csv,,,,2026-08-28 16:00:00,ACTIVE,BULL,25.08 00:00,True,True,True,True,4h,ACTIVE,BULL,25.08 00:00,,,
2026-08-28 17:25:56,btc_signals_log(28.08)_v4.csv,,,,2026-08-28 16:00:00,ACTIVE,BULL,25.08 00:00,True,True,True,True,4h,ACTIVE,BULL,25.08 00:00,,,
2026-08-28 17:55:59,btc_signals_log(28.08)_v4.csv,,,,2026-08-28 16:00:00,ACTIVE,BULL,25.08 00:00,True,True,True,True,4h,ACTIVE,BULL,25.08 00:00,,,
2026-08-28 18:26:03,btc_signals_log(28.08)_v4.csv,,,,2026-08-28 16:00:00,ACTIVE,BULL,25.08 00:00,True,True,True,True,4h,ACTIVE,BULL,25.08 00:00,,,
2026-08-28 18:56:06,btc_signals_log(28.08)_v4.csv,,,,2026-08-28 16:00:00,ACTIVE,BULL,25.08 00:00,True,True,True,True,4h,ACTIVE,BULL,25.08 00:00,,,
2026-08-28 19:26:09,btc_signals_log(28.08)_v4.csv,,,,2026-08-28 16:00:00,ACTIVE,BULL,25.08 00:00,True,True,True,True,4h,ACTIVE,BULL,25.08 00:00,,,
2026-08-28 19:56:13,btc_signals_log(28.08)_v4.csv,,,,2026-08-28 16:00:00,ACTIVE,BULL,25.08 00:00,True,True,True,True,4h,ACTIVE,BULL,25.08 00:00,,,
2026-08-28 20:26:16,btc_signals_log(28.08)_v4.csv,,,,2026-08-28 20:00:00,ACTIVE,BULL,25.08 00:00,True,True,True,True,4h,ACTIVE,BULL,25.08 00:00,,,
2026-08-28 20:56:20,btc_signals_log(28.08)_v4.csv,,,,2026-08-28 20:00:00,ACTIVE,BULL,25.08 00:00,True,True,True,True,4h,ACTIVE,BULL,25.08 00:00,,,
2026-08-28 21:26:23,btc_signals_log(28.08)_v4.csv,,,,2026-08-28 20:00:00,ACTIVE,BULL,25.08 00:00,True,True,True,True,4h,ACTIVE,BULL,25.08 00:00,,,
2026-08-28 21:56:26,btc_signals_log(28.08)_v4.csv,,,,2026-08-28 20:00:00,ACTIVE,BULL,25.08 00:00,True,True,True,True,4h,ACTIVE,BULL,25.08 00:00,,,
2026-08-28 22:26:29,btc_signals_log(28.08)_v4.csv,,,,2026-08-28 20:00:00,ACTIVE,BULL,25.08 00:00,True,True,True,True,4h,ACTIVE,BULL,25.08 00:00,,,
2026-08-28 22:56:32,btc_signals_log(28.08)_v4.csv,,,,2026-08-28 20:00:00,ACTIVE,BULL,25.08 00:00,True,True,True,True,4h,ACTIVE,BULL,25.08 00:00,,,
2026-08-28 23:26:35,btc_signals_log(28.08)_v4.csv,,,,2026-08-28 20:00:00,ACTIVE,BULL,25.08 00:00,True,True,True,True,4h,ACTIVE,BULL,25.08 00:00,,,
2026-08-28 23:56:38,btc_signals_log(28.08)_v4.csv,,,,2026-08-28 20:00:00,ACTIVE,BULL,25.08 00:00,True,True,True,True,4h,ACTIVE,BULL,25.08 00:00,,,
2026-08-29 00:26:41,btc_signals_log(29.08)_v4.csv,,,,2026-08-29 00:00:00,ACTIVE,BULL,25.08 00:00,True,True,True,True,4h,ACTIVE,BULL,25.08 00:00,,,
2026-08-29 00:56:44,btc_signals_log(29.08)_v4.csv,,,,2026-08-29 00:00:00,ACTIVE,BULL,25.08 00:00,True,True,True,True,4h,ACTIVE,BULL,25.08 00:00,,,
2026-08-29 01:26:47,btc_signals_log(29.08)_v4.csv,,,,2026-08-29 00:00:00,ACTIVE,BULL,25.08 00:00,True,True,True,True,4h,ACTIVE,BULL,25.08 00:00,,,
2026-08-29 01:56:50,btc_signals_log(29.08)_v4.csv,,,,2026-08-29 00:00:00,ACTIVE,BULL,25.08 00:00,True,True,True,True,4h,ACTIVE,BULL,25.08 00:00,,,
2026-08-29 02:26:53,btc_signals_log(29.08)_v4.csv,,,,2026-08-29 00:00:00,ACTIVE,BULL,25.08 00:00,True,True,True,True,4h,ACTIVE,BULL,25.08 00:00,,,
2026-08-29 02:56:57,btc_signals_log(29.08)_v4.csv,,,,2026-08-29 00:00:00,ACTIVE,BULL,25.08 00:00,True,True,True,True,4h,ACTIVE,BULL,25.08 00:00,,,
2026-08-29 03:27:00,btc_signals_log(29.08)_v4.csv,,,,2026-08-29 00:00:00,ACTIVE,BULL,25.08 00:00,True,True,True,True,4h,ACTIVE,BULL,25.08 00:00,,,
2026-08-29 03:57:04,btc_signals_log(29.08)_v4.csv,,,,2026-08-29 00:00:00,ACTIVE,BULL,25.08 00:00,True,True,True,True,4h,ACTIVE,BULL,25.08 00:00,,,
2026-08-29 04:27:07,btc_signals_log(29.08)_v4.csv,,,,2026-08-29 04:00:00,ACTIVE,BULL,25.08 00:00,True,True,True,True,4h,ACTIVE,BULL,25.08 00:00,,,
2026-08-29 04:57:10,btc_signals_log(29.08)_v4.csv,,,,2026-08-29 04:00:00,ACTIVE,BULL,25.08 00:00,True,True,True,True,4h,ACTIVE,BULL,25.08 00:00,,,
2026-08-29 05:27:15,btc_signals_log(29.08)_v4.csv,,,,2026-08-29 04:00:00,ACTIVE,BULL,25.08 00:00,True,True,True,True,4h,ACTIVE,BULL,25.08 00:00,,,
2026-08-29 05:57:19,btc_signals_log(29.08)_v4.csv,,,,2026-08-29 04:00:00,ACTIVE,BULL,25.08 00:00,True,True,True,True,4h,ACTIVE,BULL,25.08 00:00,,,
2026-08-29 06:27:22,btc_signals_log(29.08)_v4.csv,,,,2026-08-29 04:00:00,ACTIVE,BULL,25.08 00:00,True,True,True,True,4h,ACTIVE,BULL,25.08 00:00,,,
2026-08-29 06:57:25,btc_signals_log(29.08)_v4.csv,,,,2026-08-29 04:00:00,ACTIVE,BULL,25.08 00:00,True,True,True,True,4h,ACTIVE,BULL,25.08 00:00,,,
2026-08-29 07:27:28,btc_signals_log(29.08)_v4.csv,,,,2026-08-29 04:00:00,ACTIVE,BULL,25.08 00:00,True,True,True,True,4h,ACTIVE,BULL,25.08 00:00,,,
2026-08-29 07:57:31,btc_signals_log(29.08)_v4.csv,,,,2026-08-29 04:00:00,ACTIVE,BULL,25.08 00:00,True,True,True,True,4h,ACTIVE,BULL,25.08 00:00,,,
2026-08-29 08:27:34,btc_signals_log(29.08)_v4.csv,,,,2026-08-29 08:00:00,ACTIVE,BULL,25.08 00:00,True,True,True,True,4h,ACTIVE,BULL,25.08 00:00,,,
2026-08-29 08:57:38,btc_signals_log(29.08)_v4.csv,,,,2026-08-29 08:00:00,ACTIVE,BULL,25.08 00:00,True,True,True,True,4h,ACTIVE,BULL,25.08 00:00,,,
2026-08-29 09:27:41,btc_signals_log(29.08)_v4.csv,,,,2026-08-29 08:00:00,ACTIVE,BULL,25.08 00:00,True,True,True,True,4h,ACTIVE,BULL,25.08 00:00,,,
2026-08-29 09:57:45,btc_signals_log(29.08)_v4.csv,,,,2026-08-29 08:00:00,ACTIVE,BULL,25.08 00:00,True,True,True,True,4h,ACTIVE,BULL,25.08 00:00,,,
2026-08-29 10:27:48,btc_signals_log(29.08)_v4.csv,,,,2026-08-29 08:00:00,ACTIVE,BULL,25.08 00:00,True,True,True,True,4h,ACTIVE,BULL,25.08 00:00,,,
2026-08-29 10:57:51,btc_signals_log(29.08)_v4.csv,,,,2026-08-29 08:00:00,ACTIVE,BULL,25.08 00:00,True,True,True,True,4h,ACTIVE,BULL,25.08 00:00,,,
2026-08-29 11:27:54,btc_signals_log(29.08)_v4.csv,,,,2026-08-29 08:00:00,ACTIVE,BULL,25.08 00:00,True,True,True,True,4h,ACTIVE,BULL,25.08 00:00,,,
2026-08-29 11:57:58,btc_signals_log(29.08)_v4.csv,,,,2026-08-29 08:00:00,ACTIVE,BULL,25.08 00:00,True,True,True,True,4h,ACTIVE,BULL,25.08 00:00,,,
2026-08-29 12:28:01,btc_signals_log(29.08)_v4.csv,,,,2026-08-29 12:00:00,ACTIVE,BULL,25.08 00:00,True,True,True,True,4h,ACTIVE,BULL,25.08 00:00,,,
2026-08-29 12:58:04,btc_signals_log(29.08)_v4.csv,,,,2026-08-29 12:00:00,ACTIVE,BULL,25.08 00:00,True,True,True,True,4h,ACTIVE,BULL,25.08 00:00,,,
2026-08-29 13:28:07,btc_signals_log(29.08)_v4.csv,,,,2026-08-29 12:00:00,ACTIVE,BULL,25.08 00:00,True,True,True,True,4h,ACTIVE,BULL,25.08 00:00,,,
2026-08-29 13:58:10,btc_signals_log(29.08)_v4.csv,,,,2026-08-29 12:00:00,ACTIVE,BULL,25.08 00:00,True,True,True,True,4h,ACTIVE,BULL,25.08 00:00,,,
2026-08-29 14:28:14,btc_signals_log(29.08)_v4.csv,,,,2026-08-29 12:00:00,ACTIVE,BULL,25.08 00:00,True,True,True,True,4h,ACTIVE,BULL,25.08 00:00,,,
2026-08-29 14:58:17,btc_signals_log(29.08)_v4.csv,,,,2026-08-29 12:00:00,ACTIVE,BULL,25.08 00:00,True,True,True,True,4h,ACTIVE,BULL,25.08 00:00,,,
2026-08-29 15:28:20,btc_signals_log(29.08)_v4.csv,,,,2026-08-29 12:00:00,ACTIVE,BULL,25.08 00:00,True,True,True,True,4h,ACTIVE,BULL,25.08 00:00,,,
2026-08-29 15:58:24,btc_signals_log(29.08)_v4.csv,,,,2026-08-29 12:00:00,ACTIVE,BULL,25.08 00:00,True,True,True,True,4h,ACTIVE,BULL,25.08 00:00,,,
2026-08-29 16:28:27,btc_signals_log(29.08)_v4.csv,,,,2026-08-29 16:00:00,ACTIVE,BULL,25.08 00:00,True,True,True,True,4h,ACTIVE,BULL,25.08 00:00,,,
2026-08-29 16:58:30,btc_signals_log(29.08)_v4.csv,,,,2026-08-29 16:00:00,ACTIVE,BULL,25.08 00:00,True,True,True,True,4h,ACTIVE,BULL,25.08 00:00,,,
2026-08-29 17:28:34,btc_signals_log(29.08)_v4.csv,,,,2026-08-29 16:00:00,ACTIVE,BULL,25.08 00:00,True,True,True,True,4h,ACTIVE,BULL,25.08 00:00,,,
2026-08-29 17:58:37,btc_signals_log(29.08)_v4.csv,,,,2026-08-29 16:00:00,ACTIVE,BULL,25.08 00:00,True,True,True,True,4h,ACTIVE,BULL,25.08 00:00,,,
2026-08-29 18:28:40,btc_signals_log(29.08)_v4.csv,,,,2026-08-29 16:00:00,ACTIVE,BULL,25.08 00:00,True,True,True,True,4h,ACTIVE,BULL,25.08 00:00,,,
2026-08-29 18:58:44,btc_signals_log(29.08)_v4.csv,,,,2026-08-29 16:00:00,ACTIVE,BULL,25.08 00:00,True,True,True,True,4h,ACTIVE,BULL,25.08 00:00,,,
2026-08-29 19:28:47,btc_signals_log(29.08)_v4.csv,,,,2026-08-29 16:00:00,ACTIVE,BULL,25.08 00:00,True,True,True,True,4h,ACTIVE,BULL,25.08 00:00,,,
2026-08-29 19:58:51,btc_signals_log(29.08)_v4.csv,,,,2026-08-29 16:00:00,ACTIVE,BULL,25.08 00:00,True,True,True,True,4h,ACTIVE,BULL,25.08 00:00,,,
2026-08-29 20:28:54,btc_signals_log(29.08)_v4.csv,,,,2026-08-29 20:00:00,ACTIVE,BULL,25.08 00:00,True,True,True,True,4h,ACTIVE,BULL,25.08 00:00,,,
2026-08-29 20:58:57,btc_signals_log(29.08)_v4.csv,,,,2026-08-29 20:00:00,ACTIVE,BULL,25.08 00:00,True,True,True,True,4h,ACTIVE,BULL,25.08 00:00,,,
2026-08-29 21:29:00,btc_signals_log(29.08)_v4.csv,,,,2026-08-29 20:00:00,ACTIVE,BULL,25.08 00:00,True,True,True,True,4h,ACTIVE,BULL,25.08 00:00,,,
2026-08-29 21:59:04,btc_signals_log(29.08)_v4.csv,,,,2026-08-29 20:00:00,ACTIVE,BULL,25.08 00:00,True,True,True,True,4h,ACTIVE,BULL,25.08 00:00,,,
2026-08-29 22:29:08,btc_signals_log(29.08)_v4.csv,,,,2026-08-29 20:00:00,ACTIVE,BULL,25.08 00:00,True,True,True,True,4h,ACTIVE,BULL,25.08 00:00,,,
2026-08-29 22:59:11,btc_signals_log(29.08)_v4.csv,,,,2026-08-29 20:00:00,ACTIVE,BULL,25.08 00:00,True,True,True,True,4h,ACTIVE,BULL,25.08 00:00,,,
2026-08-29 23:29:14,btc_signals_log(29.08)_v4.csv,,,,2026-08-29 20:00:00,ACTIVE,BULL,25.08 00:00,True,True,True,True,4h,ACTIVE,BULL,25.08 00:00,,,
2026-08-29 23:59:18,btc_signals_log(29.08)_v4.csv,,,,2026-08-29 20:00:00,ACTIVE,BULL,25.08 00:00,True,True,True,True,4h,ACTIVE,BULL,25.08 00:00,,,
2026-08-30 00:29:21,btc_signals_log(30.08)_v4.csv,,,,2026-08-30 00:00:00,ACTIVE,BULL,25.08 00:00,True,True,True,True,4h,ACTIVE,BULL,25.08 00:00,,,
2026-08-30 00:59:24,btc_signals_log(30.08)_v4.csv,,,,2026-08-30 00:00:00,ACTIVE,BULL,25.08 00:00,True,True,True,True,4h,ACTIVE,BULL,25.08 00:00,,,
2026-08-30 01:29:28,btc_signals_log(30.08)_v4.csv,,,,2026-08-30 00:00:00,ACTIVE,BULL,25.08 00:00,True,True,True,True,4h,ACTIVE,BULL,25.08 00:00,,,
2026-08-30 01:59:31,btc_signals_log(30.08)_v4.csv,,,,2026-08-30 00:00:00,ACTIVE,BULL,25.08 00:00,True,True,True,True,4h,ACTIVE,BULL,25.08 00:00,,,
2026-08-30 02:29:34,btc_signals_log(30.08)_v4.csv,,,,2026-08-30 00:00:00,ACTIVE,BULL,25.08 00:00,True,True,True,True,4h,ACTIVE,BULL,25.08 00:00,,,
2026-08-30 02:59:38,btc_signals_log(30.08)_v4.csv,,,,2026-08-30 00:00:00,ACTIVE,BULL,25.08 00:00,True,True,True,True,4h,ACTIVE,BULL,25.08 00:00,,,
2026-08-30 03:29:41,btc_signals_log(30.08)_v4.csv,,,,2026-08-30 00:00:00,ACTIVE,BULL,25.08 00:00,True,True,True,True,4h,ACTIVE,BULL,25.08 00:00,,,
2026-08-30 03:59:44,btc_signals_log(30.08)_v4.csv,,,,2026-08-30 00:00:00,ACTIVE,BULL,25.08 00:00,True,True,True,True,4h,ACTIVE,BULL,25.08 00:00,,,
2026-08-30 04:29:47,btc_signals_log(30.08)_v4.csv,,,,2026-08-30 04:00:00,ACTIVE,BULL,25.08 00:00,True,True,True,True,4h,ACTIVE,BULL,25.08 00:00,,,
2026-08-30 04:59:51,btc_signals_log(30.08)_v4.csv,,,,2026-08-30 04:00:00,ACTIVE,BULL,25.08 00:00,True,True,True,True,4h,ACTIVE,BULL,25.08 00:00,,,
2026-08-30 05:29:54,btc_signals_log(30.08)_v4.csv,,,,2026-08-30 04:00:00,ACTIVE,BULL,25.08 00:00,True,True,True,True,4h,ACTIVE,BULL,25.08 00:00,,,
2026-08-30 05:59:57,btc_signals_log(30.08)_v4.csv,,,,2026-08-30 04:00:00,ACTIVE,BULL,25.08 00:00,True,True,True,True,4h,ACTIVE,BULL,25.08 00:00,,,
2026-08-30 06:30:01,btc_signals_log(30.08)_v4.csv,,,,2026-08-30 04:00:00,ACTIVE,BULL,25.08 00:00,True,True,True,True,4h,ACTIVE,BULL,25.08 00:00,,,
2026-08-30 07:00:07,btc_signals_log(30.08)_v4.csv,,,,2026-08-30 04:00:00,ACTIVE,BULL,25.08 00:00,True,True,True,True,4h,ACTIVE,BULL,25.08 00:00,,,
2026-08-30 07:30:10,btc_signals_log(30.08)_v4.csv,,,,2026-08-30 04:00:00,ACTIVE,BULL,25.08 00:00,True,True,True,True,4h,ACTIVE,BULL,25.08 00:00,,,
2026-08-30 08:00:13,btc_signals_log(30.08)_v4.csv,,,,2026-08-30 08:00:00,ACTIVE,BULL,25.08 00:00,True,True,True,True,4h,ACTIVE,BULL,25.08 00:00,,,
2026-08-30 08:30:17,btc_signals_log(30.08)_v4.csv,,,,2026-08-30 08:00:00,ACTIVE,BULL,25.08 00:00,True,True,True,True,4h,ACTIVE,BULL,25.08 00:00,,,
2026-08-30 09:00:20,btc_signals_log(30.08)_v4.csv,,,,2026-08-30 08:00:00,ACTIVE,BULL,25.08 00:00,True,True,True,True,4h,ACTIVE,BULL,25.08 00:00,,,
2026-08-30 09:30:23,btc_signals_log(30.08)_v4.csv,,,,2026-08-30 08:00:00,ACTIVE,BULL,25.08 00:00,True,True,True,True,4h,ACTIVE,BULL,25.08 00:00,,,
2026-08-30 10:00:26,btc_signals_log(30.08)_v4.csv,,,,2026-08-30 08:00:00,ACTIVE,BULL,25.08 00:00,True,True,True,True,4h,ACTIVE,BULL,25.08 00:00,,,
2026-08-30 10:30:29,btc_signals_log(30.08)_v4.csv,,,,2026-08-30 08:00:00,ACTIVE,BULL,25.08 00:00,True,True,True,True,4h,ACTIVE,BULL,25.08 00:00,,,
2026-08-30 11:00:33,btc_signals_log(30.08)_v4.csv,,,,2026-08-30 08:00:00,ACTIVE,BULL,25.08 00:00,True,True,True,True,4h,ACTIVE,BULL,25.08 00:00,,,
2026-08-30 11:30:36,btc_signals_log(30.08)_v4.csv,,,,2026-08-30 08:00:00,ACTIVE,BULL,25.08 00:00,True,True,True,True,4h,ACTIVE,BULL,25.08 00:00,,,
2026-08-30 12:00:40,btc_signals_log(30.08)_v4.csv,,,,2026-08-30 12:00:00,ACTIVE,BULL,25.08 00:00,True,True,True,True,4h,ACTIVE,BULL,25.08 00:00,,,
2026-08-30 12:30:43,btc_signals_log(30.08)_v4.csv,,,,2026-08-30 12:00:00,ACTIVE,BULL,25.08 00:00,True,True,True,True,4h,ACTIVE,BULL,25.08 00:00,,,
2026-08-30 13:00:47,btc_signals_log(30.08)_v4.csv,,,,2026-08-30 12:00:00,ACTIVE,BULL,25.08 00:00,True,True,True,True,4h,ACTIVE,BULL,25.08 00:00,,,
2026-08-30 13:30:50,btc_signals_log(30.08)_v4.csv,,,,2026-08-30 12:00:00,ACTIVE,BULL,25.08 00:00,True,True,True,True,4h,ACTIVE,BULL,25.08 00:00,,,
2026-08-30 14:00:53,btc_signals_log(30.08)_v4.csv,,,,2026-08-30 12:00:00,ACTIVE,BULL,25.08 00:00,True,True,True,True,4h,ACTIVE,BULL,25.08 00:00,,,
2026-08-30 14:30:57,btc_signals_log(30.08)_v4.csv,,,,2026-08-30 12:00:00,ACTIVE,BULL,25.08 00:00,True,True,True,True,4h,ACTIVE,BULL,25.08 00:00,,,
2026-08-30 15:01:00,btc_signals_log(30.08)_v4.csv,,,,2026-08-30 12:00:00,ACTIVE,BULL,25.08 00:00,True,True,True,True,4h,ACTIVE,BULL,25.08 00:00,,,
2026-08-30 15:31:04,btc_signals_log(30.08)_v4.csv,,,,2026-08-30 12:00:00,ACTIVE,BULL,25.08 00:00,True,True,True,True,4h,ACTIVE,BULL,25.08 00:00,,,
2026-08-30 16:01:07,btc_signals_log(30.08)_v4.csv,,,,2026-08-30 16:00:00,ACTIVE,BULL,25.08 00:00,True,True,True,True,4h,ACTIVE,BULL,25.08 00:00,,,
2026-08-30 16:31:11,btc_signals_log(30.08)_v4.csv,,,,2026-08-30 16:00:00,ACTIVE,BULL,25.08 00:00,True,True,True,True,4h,ACTIVE,BULL,25.08 00:00,,,
2026-08-30 17:01:14,btc_signals_log(30.08)_v4.csv,,,,2026-08-30 16:00:00,ACTIVE,BULL,25.08 00:00,True,True,True,True,4h,ACTIVE,BULL,25.08 00:00,,,
2026-08-30 17:31:18,btc_signals_log(30.08)_v4.csv,,,,2026-08-30 16:00:00,ACTIVE,BULL,25.08 00:00,True,True,True,True,4h,ACTIVE,BULL,25.08 00:00,,,
2026-08-30 18:01:23,btc_signals_log(30.08)_v4.csv,,,,2026-08-30 16:00:00,ACTIVE,BULL,25.08 00:00,True,True,True,True,4h,ACTIVE,BULL,25.08 00:00,,,
2026-08-30 18:31:26,btc_signals_log(30.08)_v4.csv,,,,2026-08-30 16:00:00,ACTIVE,BULL,25.08 00:00,True,True,True,True,4h,ACTIVE,BULL,25.08 00:00,,,
2026-08-30 19:01:29,btc_signals_log(30.08)_v4.csv,,,,2026-08-30 16:00:00,ACTIVE,BULL,25.08 00:00,True,True,True,True,4h,ACTIVE,BULL,25.08 00:00,,,
2026-08-30 19:31:33,btc_signals_log(30.08)_v4.csv,,,,2026-08-30 16:00:00,ACTIVE,BULL,25.08 00:00,True,True,True,True,4h,ACTIVE,BULL,25.08 00:00,,,
2026-08-30 20:01:36,btc_signals_log(30.08)_v4.csv,,,,2026-08-30 20:00:00,ACTIVE,BULL,25.08 00:00,True,True,True,True,4h,ACTIVE,BULL,25.08 00:00,,,
2026-08-30 20:31:39,btc_signals_log(30.08)_v4.csv,,,,2026-08-30 20:00:00,ACTIVE,BULL,25.08 00:00,True,True,True,True,4h,ACTIVE,BULL,25.08 00:00,,,
2026-08-30 21:01:42,btc_signals_log(30.08)_v4.csv,,,,2026-08-30 20:00:00,ACTIVE,BULL,25.08 00:00,True,True,True,True,4h,ACTIVE,BULL,25.08 00:00,,,
2026-08-30 21:31:46,btc_signals_log(30.08)_v4.csv,,,,2026-08-30 20:00:00,ACTIVE,BULL,25.08 00:00,True,True,True,True,4h,ACTIVE,BULL,25.08 00:00,,,
2026-08-30 22:01:49,btc_signals_log(30.08)_v4.csv,,,,2026-08-30 20:00:00,ACTIVE,BULL,25.08 00:00,True,True,True,True,4h,ACTIVE,BULL,25.08 00:00,,,
2026-08-30 22:31:52,btc_signals_log(30.08)_v4.csv,,,,2026-08-30 20:00:00,ACTIVE,BULL,25.08 00:00,True,True,True,True,4h,ACTIVE,BULL,25.08 00:00,,,
2026-08-30 23:01:55,btc_signals_log(30.08)_v4.csv,,,,2026-08-30 20:00:00,ACTIVE,BULL,25.08 00:00,True,True,True,True,4h,ACTIVE,BULL,25.08 00:00,,,
2026-08-30 23:31:59,btc_signals_log(30.08)_v4.csv,,,,2026-08-30 20:00:00,ACTIVE,BULL,25.08 00:00,True,True,True,True,4h,ACTIVE,BULL,25.08 00:00,,,
2026-08-31 00:02:02,btc_signals_log(31.08)_v4.csv,,,,2026-08-31 00:00:00,ENDED,BULL,25.08 00:00,True,True,True,True,4h,ENDED,BULL,25.08 00:00,,,
2026-08-31 00:32:05,btc_signals_log(31.08)_v4.csv,,,,2026-08-31 00:00:00,ENDED,BULL,25.08 00:00,True,True,True,True,4h,ENDED,BULL,25.08 00:00,,,
2026-08-31 01:02:08,btc_signals_log(31.08)_v4.csv,,,,2026-08-31 00:00:00,ENDED,BULL,25.08 00:00,True,True,True,True,4h,ENDED,BULL,25.08 00:00,,,
2026-08-31 01:32:12,btc_signals_log(31.08)_v4.csv,,,,2026-08-31 00:00:00,ENDED,BULL,25.08 00:00,True,True,True,True,4h,ENDED,BULL,25.08 00:00,,,
2026-08-31 02:02:15,btc_signals_log(31.08)_v4.csv,,,,2026-08-31 00:00:00,ENDED,BULL,25.08 00:00,True,True,True,True,4h,ENDED,BULL,25.08 00:00,,,
2026-08-31 02:32:18,btc_signals_log(31.08)_v4.csv,,,,2026-08-31 00:00:00,ENDED,BULL,25.08 00:00,True,True,True,True,4h,ENDED,BULL,25.08 00:00,,,
2026-08-31 03:02:22,btc_signals_log(31.08)_v4.csv,,,,2026-08-31 00:00:00,ENDED,BULL,25.08 00:00,True,True,True,True,4h,ENDED,BULL,25.08 00:00,,,
2026-08-31 03:32:25,btc_signals_log(31.08)_v4.csv,,,,2026-08-31 00:00:00,ENDED,BULL,25.08 00:00,True,True,True,True,4h,ENDED,BULL,25.08 00:00,,,
2026-08-31 04:02:28,btc_signals_log(31.08)_v4.csv,,,,2026-08-31 04:00:00,ENDED,BULL,25.08 00:00,True,True,True,True,4h,ENDED,BULL,25.08 00:00,,,
2026-08-31 04:32:31,btc_signals_log(31.08)_v4.csv,,,,2026-08-31 04:00:00,ENDED,BULL,25.08 00:00,True,True,True,True,4h,ENDED,BULL,25.08 00:00,,,
2026-08-31 05:02:35,btc_signals_log(31.08)_v4.csv,,,,2026-08-31 04:00:00,ENDED,BULL,25.08 00:00,True,True,True,True,4h,ENDED,BULL,25.08 00:00,,,
2026-08-31 05:32:38,btc_signals_log(31.08)_v4.csv,,,,2026-08-31 04:00:00,ENDED,BULL,25.08 00:00,True,True,True,True,4h,ENDED,BULL,25.08 00:00,,,
2026-08-31 06:02:41,btc_signals_log(31.08)_v4.csv,,,,2026-08-31 04:00:00,ENDED,BULL,25.08 00:00,True,True,True,True,4h,ENDED,BULL,25.08 00:00,,,
2026-08-31 06:32:44,btc_signals_log(31.08)_v4.csv,,,,2026-08-31 04:00:00,ENDED,BULL,25.08 00:00,True,True,True,True,4h,ENDED,BULL,25.08 00:00,,,
2026-08-31 07:02:48,btc_signals_log(31.08)_v4.csv,,,,2026-08-31 04:00:00,ENDED,BULL,25.08 00:00,True,True,True,True,4h,ENDED,BULL,25.08 00:00,,,
2026-08-31 07:32:51,btc_signals_log(31.08)_v4.csv,,,,2026-08-31 04:00:00,ENDED,BULL,25.08 00:00,True,True,True,True,4h,ENDED,BULL,25.08 00:00,,,
2026-08-31 08:02:54,btc_signals_log(31.08)_v4.csv,,,,2026-08-31 08:00:00,ENDED,BULL,25.08 00:00,True,True,True,True,4h,ENDED,BULL,25.08 00:00,,,
2026-08-31 08:32:58,btc_signals_log(31.08)_v4.csv,,,,2026-08-31 08:00:00,ENDED,BULL,25.08 00:00,True,True,True,True,4h,ENDED,BULL,25.08 00:00,,,
2026-08-31 09:03:01,btc_signals_log(31.08)_v4.csv,,,,2026-08-31 08:00:00,ENDED,BULL,25.08 00:00,True,True,True,True,4h,ENDED,BULL,25.08 00:00,,,
2026-08-31 09:33:04,btc_signals_log(31.08)_v4.csv,,,,2026-08-31 08:00:00,ENDED,BULL,25.08 00:00,True,True,True,True,4h,ENDED,BULL,25.08 00:00,,,
2026-08-31 10:03:08,btc_signals_log(31.08)_v4.csv,,,,2026-08-31 08:00:00,ENDED,BULL,25.08 00:00,True,True,True,True,4h,ENDED,BULL,25.08 00:00,,,
2026-08-31 10:33:13,btc_signals_log(31.08)_v4.csv,,,,2026-08-31 08:00:00,ENDED,BULL,25.08 00:00,True,True,True,True,4h,ENDED,BULL,25.08 00:00,,,
2026-08-31 11:03:18,btc_signals_log(31.08)_v4.csv,,,,2026-08-31 08:00:00,ENDED,BULL,25.08 00:00,True,True,True,True,4h,ENDED,BULL,25.08 00:00,,,
2026-08-31 11:33:22,btc_signals_log(31.08)_v4.csv,,,,2026-08-31 08:00:00,ENDED,BULL,25.08 00:00,True,True,True,True,4h,ENDED,BULL,25.08 00:00,,,
2026-08-31 12:03:25,btc_signals_log(31.08)_v4.csv,,,,2026-08-31 12:00:00,ENDED,BULL,25.08 00:00,True,True,True,True,4h,ENDED,BULL,25.08 00:00,,,
2026-08-31 12:33:28,btc_signals_log(31.08)_v4.csv,,,,2026-08-31 12:00:00,ENDED,BULL,25.08 00:00,True,True,True,True,4h,ENDED,BULL,25.08 00:00,,,
2026-08-31 13:03:34,btc_signals_log(31.08)_v4.csv,,,,2026-08-31 12:00:00,ENDED,BULL,25.08 00:00,True,True,True,True,4h,ENDED,BULL,25.08 00:00,,,
2026-08-31 13:33:37,btc_signals_log(31.08)_v4.csv,,,,2026-08-31 12:00:00,ENDED,BULL,25.08 00:00,True,True,True,True,4h,ENDED,BULL,25.08 00:00,,,
2026-08-31 14:03:42,btc_signals_log(31.08)_v4.csv,,,,2026-08-31 12:00:00,ENDED,BULL,25.08 00:00,True,True,True,True,4h,ENDED,BULL,25.08 00:00,,,
2026-08-31 14:33:48,btc_signals_log(31.08)_v4.csv,,,,2026-08-31 12:00:00,ENDED,BULL,25.08 00:00,True,True,True,True,4h,ENDED,BULL,25.08 00:00,,,
2026-08-31 15:03:51,btc_signals_log(31.08)_v4.csv,,,,2026-08-31 12:00:00,ENDED,BULL,25.08 00:00,True,True,True,True,4h,ENDED,BULL,25.08 00:00,,,
2026-08-31 15:33:55,btc_signals_log(31.08)_v4.csv,,,,2026-08-31 12:00:00,ENDED,BULL,25.08 00:00,True,True,True,True,4h,ENDED,BULL,25.08 00:00,,,
2026-08-31 16:03:58,btc_signals_log(31.08)_v4.csv,,,,2026-08-31 16:00:00,ENDED,BULL,25.08 00:00,True,True,True,True,4h,ENDED,BULL,25.08 00:00,,,
2026-08-31 16:34:01,btc_signals_log(31.08)_v4.csv,,,,2026-08-31 16:00:00,ENDED,BULL,25.08 00:00,True,True,True,True,4h,ENDED,BULL,25.08 00:00,,,
2026-08-31 17:04:05,btc_signals_log(31.08)_v4.csv,,,,2026-08-31 16:00:00,ENDED,BULL,25.08 00:00,True,True,True,True,4h,ENDED,BULL,25.08 00:00,,,
2026-08-31 17:34:08,btc_signals_log(31.08)_v4.csv,,,,2026-08-31 16:00:00,ENDED,BULL,25.08 00:00,True,True,True,True,4h,ENDED,BULL,25.08 00:00,,,
2026-08-31 18:04:12,btc_signals_log(31.08)_v4.csv,,,,2026-08-31 16:00:00,ENDED,BULL,25.08 00:00,True,True,True,True,4h,ENDED,BULL,25.08 00:00,,,
2026-08-31 18:34:16,btc_signals_log(31.08)_v4.csv,,,,2026-08-31 16:00:00,ENDED,BULL,25.08 00:00,True,True,True,True,4h,ENDED,BULL,25.08 00:00,,,
2026-08-31 19:04:22,btc_signals_log(31.08)_v4.csv,,,,2026-08-31 16:00:00,ENDED,BULL,25.08 00:00,True,True,True,True,4h,ENDED,BULL,25.08 00:00,,,
2026-08-31 19:34:28,btc_signals_log(31.08)_v4.csv,,,,2026-08-31 16:00:00,ENDED,BULL,25.08 00:00,True,True,True,True,4h,ENDED,BULL,25.08 00:00,,,
2026-08-31 20:04:32,btc_signals_log(31.08)_v4.csv,,,,2026-08-31 20:00:00,ENDED,BULL,25.08 00:00,True,True,True,True,4h,ENDED,BULL,25.08 00:00,,,
2026-08-31 20:34:36,btc_signals_log(31.08)_v4.csv,,,,2026-08-31 20:00:00,ENDED,BULL,25.08 00:00,True,True,True,True,4h,ENDED,BULL,25.08 00:00,,,
2026-08-31 21:04:39,btc_signals_log(31.08)_v4.csv,,,,2026-08-31 20:00:00,ENDED,BULL,25.08 00:00,True,True,True,True,4h,ENDED,BULL,25.08 00:00,,,
2026-08-31 21:34:43,btc_signals_log(31.08)_v4.csv,,,,2026-08-31 20:00:00,ENDED,BULL,25.08 00:00,True,True,True,True,4h,ENDED,BULL,25.08 00:00,,,
2026-08-31 22:04:48,btc_signals_log(31.08)_v4.csv,,,,2026-08-31 20:00:00,ENDED,BULL,25.08 00:00,True,True,True,True,4h,ENDED,BULL,25.08 00:00,,,
2026-08-31 22:34:51,btc_signals_log(31.08)_v4.csv,,,,2026-08-31 20:00:00,ENDED,BULL,25.08 00:00,True,True,True,True,4h,ENDED,BULL,25.08 00:00,,,
2026-08-31 23:04:55,btc_signals_log(31.08)_v4.csv,,,,2026-08-31 20:00:00,ENDED,BULL,25.08 00:00,True,True,True,True,4h,ENDED,BULL,25.08 00:00,,,
2026-08-31 23:34:58,btc_signals_log(31.08)_v4.csv,,,,2026-08-31 20:00:00,ENDED,BULL,25.08 00:00,True,True,True,True,4h,ENDED,BULL,25.08 00:00,,,
2026-09-01 00:05:05,btc_signals_log(01.09)_v4.csv,,,,2026-09-01 00:00:00,ENDED,BULL,25.08 00:00,True,True,True,True,4h,ENDED,BULL,25.08 00:00,,,
2026-09-01 00:35:08,btc_signals_log(01.09)_v4.csv,,,,2026-09-01 00:00:00,ENDED,BULL,25.08 00:00,True,True,True,True,4h,ENDED,BULL,25.08 00:00,,,
2026-09-01 01:05:12,btc_signals_log(01.09)_v4.csv,,,,2026-09-01 00:00:00,ENDED,BULL,25.08 00:00,True,True,True,True,4h,ENDED,BULL,25.08 00:00,,,
2026-09-01 01:35:16,btc_signals_log(01.09)_v4.csv,,,,2026-09-01 00:00:00,ENDED,BULL,25.08 00:00,True,True,True,True,4h,ENDED,BULL,25.08 00:00,,,
2026-09-01 02:05:22,btc_signals_log(01.09)_v4.csv,,,,2026-09-01 00:00:00,ENDED,BULL,25.08 00:00,True,True,True,True,4h,ENDED,BULL,25.08 00:00,,,
2026-09-01 02:35:25,btc_signals_log(01.09)_v4.csv,,,,2026-09-01 00:00:00,ENDED,BULL,25.08 00:00,True,True,True,True,4h,ENDED,BULL,25.08 00:00,,,
2026-09-01 03:05:29,btc_signals_log(01.09)_v4.csv,,,,2026-09-01 00:00:00,ENDED,BULL,25.08 00:00,True,True,True,True,4h,ENDED,BULL,25.08 00:00,,,
2026-09-01 03:35:32,btc_signals_log(01.09)_v4.csv,,,,2026-09-01 00:00:00,ENDED,BULL,25.08 00:00,True,True,True,True,4h,ENDED,BULL,25.08 00:00,,,
2026-09-01 04:05:35,btc_signals_log(01.09)_v4.csv,,,,2026-09-01 04:00:00,ENDED,BULL,25.08 00:00,True,True,True,True,4h,ENDED,BULL,25.08 00:00,,,
2026-09-01 04:35:40,btc_signals_log(01.09)_v4.csv,,,,2026-09-01 04:00:00,ENDED,BULL,25.08 00:00,True,True,True,True,4h,ENDED,BULL,25.08 00:00,,,
2026-09-01 05:05:45,btc_signals_log(01.09)_v4.csv,,,,2026-09-01 04:00:00,ENDED,BULL,25.08 00:00,True,True,True,True,4h,ENDED,BULL,25.08 00:00,,,
2026-09-01 05:35:50,btc_signals_log(01.09)_v4.csv,,,,2026-09-01 04:00:00,ENDED,BULL,25.08 00:00,True,True,True,True,4h,ENDED,BULL,25.08 00:00,,,
2026-09-01 06:05:55,btc_signals_log(01.09)_v4.csv,,,,2026-09-01 04:00:00,ENDED,BULL,25.08 00:00,True,True,True,True,4h,ENDED,BULL,25.08 00:00,,,
2026-09-01 06:36:00,btc_signals_log(01.09)_v4.csv,,,,2026-09-01 04:00:00,ENDED,BULL,25.08 00:00,True,True,True,True,4h,ENDED,BULL,25.08 00:00,,,
2026-09-01 07:06:05,btc_signals_log(01.09)_v4.csv,,,,2026-09-01 04:00:00,ENDED,BULL,25.08 00:00,True,True,True,True,4h,ENDED,BULL,25.08 00:00,,,
2026-09-01 07:36:10,btc_signals_log(01.09)_v4.csv,,,,2026-09-01 04:00:00,ENDED,BULL,25.08 00:00,True,True,True,True,4h,ENDED,BULL,25.08 00:00,,,
2026-09-01 08:06:13,btc_signals_log(01.09)_v4.csv,,,,2026-09-01 08:00:00,ENDED,BULL,25.08 00:00,True,True,True,True,4h,ENDED,BULL,25.08 00:00,,,
2026-09-01 08:36:17,btc_signals_log(01.09)_v4.csv,,,,2026-09-01 08:00:00,ENDED,BULL,25.08 00:00,True,True,True,True,4h,ENDED,BULL,25.08 00:00,,,
2026-09-01 09:06:21,btc_signals_log(01.09)_v4.csv,,,,2026-09-01 08:00:00,ENDED,BULL,25.08 00:00,True,True,True,True,4h,ENDED,BULL,25.08 00:00,,,
2026-09-01 09:36:24,btc_signals_log(01.09)_v4.csv,,,,2026-09-01 08:00:00,ENDED,BULL,25.08 00:00,True,True,True,True,4h,ENDED,BULL,25.08 00:00,,,
2026-09-01 10:06:28,btc_signals_log(01.09)_v4.csv,,,,2026-09-01 08:00:00,ENDED,BULL,25.08 00:00,True,True,True,True,4h,ENDED,BULL,25.08 00:00,,,
2026-09-01 10:36:31,btc_signals_log(01.09)_v4.csv,,,,2026-09-01 08:00:00,ENDED,BULL,25.08 00:00,True,True,True,True,4h,ENDED,BULL,25.08 00:00,,,
2026-09-01 11:06:35,btc_signals_log(01.09)_v4.csv,,,,2026-09-01 08:00:00,ENDED,BULL,25.08 00:00,True,True,True,True,4h,ENDED,BULL,25.08 00:00,,,
2026-09-01 11:36:38,btc_signals_log(01.09)_v4.csv,,,,2026-09-01 08:00:00,ENDED,BULL,25.08 00:00,True,True,True,True,4h,ENDED,BULL,25.08 00:00,,,
2026-09-01 12:06:42,btc_signals_log(01.09)_v4.csv,,,,2026-09-01 12:00:00,ENDED,BULL,25.08 00:00,True,True,True,True,4h,ENDED,BULL,25.08 00:00,,,
2026-09-01 12:36:45,btc_signals_log(01.09)_v4.csv,,,,2026-09-01 12:00:00,ENDED,BULL,25.08 00:00,True,True,True,True,4h,ENDED,BULL,25.08 00:00,,,
2026-09-01 13:06:49,btc_signals_log(01.09)_v4.csv,,,,2026-09-01 12:00:00,ENDED,BULL,25.08 00:00,True,True,True,True,4h,ENDED,BULL,25.08 00:00,,,
2026-09-01 13:36:52,btc_signals_log(01.09)_v4.csv,,,,2026-09-01 12:00:00,ENDED,BULL,25.08 00:00,True,True,True,True,4h,ENDED,BULL,25.08 00:00,,,
2026-09-01 14:06:56,btc_signals_log(01.09)_v4.csv,,,,2026-09-01 12:00:00,ENDED,BULL,25.08 00:00,True,True,True,True,4h,ENDED,BULL,25.08 00:00,,,
2026-09-01 14:36:59,btc_signals_log(01.09)_v4.csv,,,,2026-09-01 12:00:00,ENDED,BULL,25.08 00:00,True,True,True,True,4h,ENDED,BULL,25.08 00:00,,,
2026-09-01 15:07:03,btc_signals_log(01.09)_v4.csv,,,,2026-09-01 12:00:00,ENDED,BULL,25.08 00:00,True,True,True,True,4h,ENDED,BULL,25.08 00:00,,,
2026-09-01 15:37:07,btc_signals_log(01.09)_v4.csv,,,,2026-09-01 12:00:00,ENDED,BULL,25.08 00:00,True,True,True,True,4h,ENDED,BULL,25.08 00:00,,,
2026-09-01 16:07:10,btc_signals_log(01.09)_v4.csv,,,,2026-09-01 16:00:00,ENDED,BULL,25.08 00:00,True,True,True,True,4h,ENDED,BULL,25.08 00:00,,,
2026-09-01 16:37:15,btc_signals_log(01.09)_v4.csv,,,,2026-09-01 16:00:00,ENDED,BULL,25.08 00:00,True,True,True,True,4h,ENDED,BULL,25.08 00:00,,,
2026-09-01 17:07:18,btc_signals_log(01.09)_v4.csv,,,,2026-09-01 16:00:00,ENDED,BULL,25.08 00:00,True,True,True,True,4h,ENDED,BULL,25.08 00:00,,,
2026-09-01 17:37:22,btc_signals_log(01.09)_v4.csv,,,,2026-09-01 16:00:00,ENDED,BULL,25.08 00:00,True,True,True,True,4h,ENDED,BULL,25.08 00:00,,,
2026-09-01 18:07:25,btc_signals_log(01.09)_v4.csv,,,,2026-09-01 16:00:00,ENDED,BULL,25.08 00:00,True,True,True,True,4h,ENDED,BULL,25.08 00:00,,,
2026-09-01 18:37:29,btc_signals_log(01.09)_v4.csv,,,,2026-09-01 16:00:00,ENDED,BULL,25.08 00:00,True,True,True,True,4h,ENDED,BULL,25.08 00:00,,,
2026-09-01 19:07:34,btc_signals_log(01.09)_v4.csv,,,,2026-09-01 16:00:00,ENDED,BULL,25.08 00:00,True,True,True,True,4h,ENDED,BULL,25.08 00:00,,,
2026-09-01 19:37:37,btc_signals_log(01.09)_v4.csv,,,,2026-09-01 16:00:00,ENDED,BULL,25.08 00:00,True,True,True,True,4h,ENDED,BULL,25.08 00:00,,,
2026-09-01 20:07:41,btc_signals_log(01.09)_v4.csv,,,,2026-09-01 20:00:00,ENDED,BULL,25.08 00:00,True,True,True,True,4h,ENDED,BULL,25.08 00:00,,,
2026-09-01 20:37:44,btc_signals_log(01.09)_v4.csv,,,,2026-09-01 20:00:00,ENDED,BULL,25.08 00:00,True,True,True,True,4h,ENDED,BULL,25.08 00:00,,,
2026-09-01 21:07:48,btc_signals_log(01.09)_v4.csv,,,,2026-09-01 20:00:00,ENDED,BULL,25.08 00:00,True,True,True,True,4h,ENDED,BULL,25.08 00:00,,,
2026-09-01 21:37:51,btc_signals_log(01.09)_v4.csv,,,,2026-09-01 20:00:00,ENDED,BULL,25.08 00:00,True,True,True,True,4h,ENDED,BULL,25.08 00:00,,,
2026-09-01 22:07:55,btc_signals_log(01.09)_v4.csv,,,,2026-09-01 20:00:00,ENDED,BULL,25.08 00:00,True,True,True,True,4h,ENDED,BULL,25.08 00:00,,,
2026-09-01 22:37:58,btc_signals_log(01.09)_v4.csv,,,,2026-09-01 20:00:00,ENDED,BULL,25.08 00:00,True,True,True,True,4h,ENDED,BULL,25.08 00:00,,,
2026-09-01 23:08:01,btc_signals_log(01.09)_v4.csv,,,,2026-09-01 20:00:00,ENDED,BULL,25.08 00:00,True,True,True,True,4h,ENDED,BULL,25.08 00:00,,,
2026-09-01 23:38:05,btc_signals_log(01.09)_v4.csv,,,,2026-09-01 20:00:00,ENDED,BULL,25.08 00:00,True,True,True,True,4h,ENDED,BULL,25.08 00:00,,,
2026-09-02 00:08:08,btc_signals_log(02.09)_v4.csv,,,,2026-09-02 00:00:00,ENDED,BULL,25.08 00:00,True,True,True,True,4h,ENDED,BULL,25.08 00:00,,,
2026-09-02 00:38:11,btc_signals_log(02.09)_v4.csv,,,,2026-09-02 00:00:00,ENDED,BULL,25.08 00:00,True,True,True,True,4h,ENDED,BULL,25.08 00:00,,,
2026-09-02 01:08:15,btc_signals_log(02.09)_v4.csv,,,,2026-09-02 00:00:00,ENDED,BULL,25.08 00:00,True,True,True,True,4h,ENDED,BULL,25.08 00:00,,,
2026-09-02 01:38:18,btc_signals_log(02.09)_v4.csv,,,,2026-09-02 00:00:00,ENDED,BULL,25.08 00:00,True,True,True,True,4h,ENDED,BULL,25.08 00:00,,,
2026-09-02 02:08:21,btc_signals_log(02.09)_v4.csv,,,,2026-09-02 00:00:00,ENDED,BULL,25.08 00:00,True,True,True,True,4h,ENDED,BULL,25.08 00:00,,,
2026-09-02 02:38:25,btc_signals_log(02.09)_v4.csv,,,,2026-09-02 00:00:00,ENDED,BULL,25.08 00:00,True,True,True,True,4h,ENDED,BULL,25.08 00:00,,,
2026-09-02 03:08:29,btc_signals_log(02.09)_v4.csv,,,,2026-09-02 00:00:00,ENDED,BULL,25.08 00:00,True,True,True,True,4h,ENDED,BULL,25.08 00:00,,,
2026-09-02 03:38:33,btc_signals_log(02.09)_v4.csv,,,,2026-09-02 00:00:00,ENDED,BULL,25.08 00:00,True,True,True,True,4h,ENDED,BULL,25.08 00:00,,,
2026-09-02 04:08:36,btc_signals_log(02.09)_v4.csv,,,,2026-09-02 04:00:00,ENDED,BULL,25.08 00:00,True,True,True,True,4h,ENDED,BULL,25.08 00:00,,,
2026-09-02 04:38:39,btc_signals_log(02.09)_v4.csv,,,,2026-09-02 04:00:00,ENDED,BULL,25.08 00:00,True,True,True,True,4h,ENDED,BULL,25.08 00:00,,,
2026-09-02 05:08:43,btc_signals_log(02.09)_v4.csv,,,,2026-09-02 04:00:00,ENDED,BULL,25.08 00:00,True,True,True,True,4h,ENDED,BULL,25.08 00:00,,,
2026-09-02 05:38:46,btc_signals_log(02.09)_v4.csv,,,,2026-09-02 04:00:00,ENDED,BULL,25.08 00:00,True,True,True,True,4h,ENDED,BULL,25.08 00:00,,,
2026-09-02 06:08:49,btc_signals_log(02.09)_v4.csv,,,,2026-09-02 04:00:00,ENDED,BULL,25.08 00:00,True,True,True,True,4h,ENDED,BULL,25.08 00:00,,,
2026-09-02 06:38:53,btc_signals_log(02.09)_v4.csv,,,,2026-09-02 04:00:00,ENDED,BULL,25.08 00:00,True,True,True,True,4h,ENDED,BULL,25.08 00:00,,,
2026-09-02 07:08:57,btc_signals_log(02.09)_v4.csv,,,,2026-09-02 04:00:00,ENDED,BULL,25.08 00:00,True,True,True,True,4h,ENDED,BULL,25.08 00:00,,,
2026-09-02 07:39:01,btc_signals_log(02.09)_v4.csv,,,,2026-09-02 04:00:00,ENDED,BULL,25.08 00:00,True,True,True,True,4h,ENDED,BULL,25.08 00:00,,,
2026-09-02 08:09:04,btc_signals_log(02.09)_v4.csv,,,,2026-09-02 08:00:00,ENDED,BULL,25.08 00:00,True,True,True,True,4h,ENDED,BULL,25.08 00:00,,,
2026-09-02 08:39:09,btc_signals_log(02.09)_v4.csv,,,,2026-09-02 08:00:00,ENDED,BULL,25.08 00:00,True,True,True,True,4h,ENDED,BULL,25.08 00:00,,,
2026-09-02 09:09:12,btc_signals_log(02.09)_v4.csv,,,,2026-09-02 08:00:00,ENDED,BULL,25.08 00:00,True,True,True,True,4h,ENDED,BULL,25.08 00:00,,,
2026-09-02 09:39:16,btc_signals_log(02.09)_v4.csv,,,,2026-09-02 08:00:00,ENDED,BULL,25.08 00:00,True,True,True,True,4h,ENDED,BULL,25.08 00:00,,,
2026-09-02 10:09:19,btc_signals_log(02.09)_v4.csv,,,,2026-09-02 08:00:00,ENDED,BULL,25.08 00:00,True,True,True,True,4h,ENDED,BULL,25.08 00:00,,,
2026-09-02 10:39:23,btc_signals_log(02.09)_v4.csv,,,,2026-09-02 08:00:00,ENDED,BULL,25.08 00:00,True,True,True,True,4h,ENDED,BULL,25.08 00:00,,,
2026-09-02 11:09:27,btc_signals_log(02.09)_v4.csv,,,,2026-09-02 08:00:00,ENDED,BULL,25.08 00:00,True,True,True,True,4h,ENDED,BULL,25.08 00:00,,,
2026-09-02 11:39:31,btc_signals_log(02.09)_v4.csv,,,,2026-09-02 08:00:00,ENDED,BULL,25.08 00:00,True,True,True,True,4h,ENDED,BULL,25.08 00:00,,,
2026-09-02 12:09:34,btc_signals_log(02.09)_v4.csv,,,,2026-09-02 12:00:00,ENDED,BULL,25.08 00:00,True,True,True,True,4h,ENDED,BULL,25.08 00:00,,,
2026-09-02 12:39:38,btc_signals_log(02.09)_v4.csv,,,,2026-09-02 12:00:00,ENDED,BULL,25.08 00:00,True,True,True,True,4h,ENDED,BULL,25.08 00:00,,,
2026-09-02 13:09:42,btc_signals_log(02.09)_v4.csv,,,,2026-09-02 12:00:00,ENDED,BULL,25.08 00:00,True,True,True,True,4h,ENDED,BULL,25.08 00:00,,,
2026-09-02 13:39:45,btc_signals_log(02.09)_v4.csv,,,,2026-09-02 12:00:00,ENDED,BULL,25.08 00:00,True,True,True,True,4h,ENDED,BULL,25.08 00:00,,,
2026-09-02 14:09:49,btc_signals_log(02.09)_v4.csv,,,,2026-09-02 12:00:00,ENDED,BULL,25.08 00:00,True,True,True,True,4h,ENDED,BULL,25.08 00:00,,,
2026-09-02 14:39:52,btc_signals_log(02.09)_v4.csv,,,,2026-09-02 12:00:00,ENDED,BULL,25.08 00:00,True,True,True,True,4h,ENDED,BULL,25.08 00:00,,,
2026-09-02 15:09:56,btc_signals_log(02.09)_v4.csv,,,,2026-09-02 12:00:00,ENDED,BULL,25.08 00:00,True,True,True,True,4h,ENDED,BULL,25.08 00:00,,,
2026-09-02 15:39:59,btc_signals_log(02.09)_v4.csv,,,,2026-09-02 12:00:00,ENDED,BULL,25.08 00:00,True,True,True,True,4h,ENDED,BULL,25.08 00:00,,,
2026-09-02 16:10:04,btc_signals_log(02.09)_v4.csv,,,,2026-09-02 16:00:00,ENDED,BULL,25.08 00:00,True,True,True,True,4h,ENDED,BULL,25.08 00:00,,,
2026-09-02 16:40:07,btc_signals_log(02.09)_v4.csv,,,,2026-09-02 16:00:00,ENDED,BULL,25.08 00:00,True,True,True,True,4h,ENDED,BULL,25.08 00:00,,,
2026-09-02 17:10:11,btc_signals_log(02.09)_v4.csv,,,,2026-09-02 16:00:00,ENDED,BULL,25.08 00:00,True,True,True,True,4h,ENDED,BULL,25.08 00:00,,,
2026-09-02 17:40:14,btc_signals_log(02.09)_v4.csv,,,,2026-09-02 16:00:00,ENDED,BULL,25.08 00:00,True,True,True,True,4h,ENDED,BULL,25.08 00:00,,,
2026-09-02 18:10:17,btc_signals_log(02.09)_v4.csv,,,,2026-09-02 16:00:00,ENDED,BULL,25.08 00:00,True,True,True,True,4h,ENDED,BULL,25.08 00:00,,,
2026-09-02 18:40:21,btc_signals_log(02.09)_v4.csv,,,,2026-09-02 16:00:00,ENDED,BULL,25.08 00:00,True,True,True,True,4h,ENDED,BULL,25.08 00:00,,,
2026-09-02 19:10:24,btc_signals_log(02.09)_v4.csv,,,,2026-09-02 16:00:00,ENDED,BULL,25.08 00:00,True,True,True,True,4h,ENDED,BULL,25.08 00:00,,,
2026-09-02 19:40:28,btc_signals_log(02.09)_v4.csv,,,,2026-09-02 16:00:00,ENDED,BULL,25.08 00:00,True,True,True,True,4h,ENDED,BULL,25.08 00:00,,,
2026-09-02 20:10:32,btc_signals_log(02.09)_v4.csv,,,,2026-09-02 20:00:00,ENDED,BULL,25.08 00:00,True,True,True,True,4h,ENDED,BULL,25.08 00:00,,,
2026-09-02 20:40:35,btc_signals_log(02.09)_v4.csv,,,,2026-09-02 20:00:00,ENDED,BULL,25.08 00:00,True,True,True,True,4h,ENDED,BULL,25.08 00:00,,,
2026-09-02 21:10:38,btc_signals_log(02.09)_v4.csv,,,,2026-09-02 20:00:00,ENDED,BULL,25.08 00:00,True,True,True,True,4h,ENDED,BULL,25.08 00:00,,,
2026-09-02 21:40:42,btc_signals_log(02.09)_v4.csv,,,,2026-09-02 20:00:00,ENDED,BULL,25.08 00:00,True,True,True,True,4h,ENDED,BULL,25.08 00:00,,,
2026-09-02 22:10:47,btc_signals_log(02.09)_v4.csv,,,,2026-09-02 20:00:00,ENDED,BULL,25.08 00:00,True,True,True,True,4h,ENDED,BULL,25.08 00:00,,,
2026-09-02 22:40:52,btc_signals_log(02.09)_v4.csv,,,,2026-09-02 20:00:00,ENDED,BULL,25.08 00:00,True,True,True,True,4h,ENDED,BULL,25.08 00:00,,,
2026-09-02 23:10:56,btc_signals_log(02.09)_v4.csv,,,,2026-09-02 20:00:00,ENDED,BULL,25.08 00:00,True,True,True,True,4h,ENDED,BULL,25.08 00:00,,,
2026-09-02 23:41:00,btc_signals_log(02.09)_v4.csv,,,,2026-09-02 20:00:00,ENDED,BULL,25.08 00:00,True,True,True,True,4h,ENDED,BULL,25.08 00:00,,,
2026-09-03 00:11:04,btc_signals_log(03.09)_v4.csv,,,,2026-09-03 00:00:00,ENDED,BULL,25.08 00:00,True,True,True,True,4h,ENDED,BULL,25.08 00:00,,,
2026-09-03 00:41:08,btc_signals_log(03.09)_v4.csv,,,,2026-09-03 00:00:00,ENDED,BULL,25.08 00:00,True,True,True,True,4h,ENDED,BULL,25.08 00:00,,,
2026-09-03 01:11:11,btc_signals_log(03.09)_v4.csv,,,,2026-09-03 00:00:00,ENDED,BULL,25.08 00:00,True,True,True,True,4h,ENDED,BULL,25.08 00:00,,,
2026-09-03 01:41:15,btc_signals_log(03.09)_v4.csv,,,,2026-09-03 00:00:00,ENDED,BULL,25.08 00:00,True,True,True,True,4h,ENDED,BULL,25.08 00:00,,,
2026-09-03 02:11:18,btc_signals_log(03.09)_v4.csv,,,,2026-09-03 00:00:00,ENDED,BULL,25.08 00:00,True,True,True,True,4h,ENDED,BULL,25.08 00:00,,,
2026-09-03 02:41:21,btc_signals_log(03.09)_v4.csv,,,,2026-09-03 00:00:00,ENDED,BULL,25.08 00:00,True,True,True,True,4h,ENDED,BULL,25.08 00:00,,,
2026-09-03 03:11:25,btc_signals_log(03.09)_v4.csv,,,,2026-09-03 00:00:00,ENDED,BULL,25.08 00:00,True,True,True,True,4h,ENDED,BULL,25.08 00:00,,,
2026-09-03 03:41:28,btc_signals_log(03.09)_v4.csv,,,,2026-09-03 00:00:00,ENDED,BULL,25.08 00:00,True,True,True,True,4h,ENDED,BULL,25.08 00:00,,,
2026-09-03 08:46:02,btc_signals_log(03.09)_v4.csv,,,,2026-09-03 08:00:00,ENDED,BULL,25.08 00:00,True,True,True,True,4h,ENDED,BULL,25.08 00:00,,,
2026-09-03 09:16:06,btc_signals_log(03.09)_v4.csv,,,,2026-09-03 08:00:00,ENDED,BULL,25.08 00:00,True,True,True,True,4h,ENDED,BULL,25.08 00:00,,,
2026-09-03 09:46:10,btc_signals_log(03.09)_v4.csv,,,,2026-09-03 08:00:00,ENDED,BULL,25.08 00:00,True,True,True,True,4h,ENDED,BULL,25.08 00:00,,,
2026-09-03 10:16:13,btc_signals_log(03.09)_v4.csv,,,,2026-09-03 08:00:00,ENDED,BULL,25.08 00:00,True,True,True,True,4h,ENDED,BULL,25.08 00:00,,,
2026-09-03 10:46:18,btc_signals_log(03.09)_v4.csv,,,,2026-09-03 08:00:00,ENDED,BULL,25.08 00:00,True,True,True,True,4h,ENDED,BULL,25.08 00:00,,,
2026-09-03 11:16:21,btc_signals_log(03.09)_v4.csv,,,,2026-09-03 08:00:00,ENDED,BULL,25.08 00:00,True,True,True,True,4h,ENDED,BULL,25.08 00:00,,,
2026-09-03 11:46:25,btc_signals_log(03.09)_v4.csv,,,,2026-09-03 08:00:00,ENDED,BULL,25.08 00:00,True,True,True,True,4h,ENDED,BULL,25.08 00:00,,,
2026-09-03 12:16:29,btc_signals_log(03.09)_v4.csv,,,,2026-09-03 12:00:00,ENDED,BULL,25.08 00:00,True,True,True,True,4h,ENDED,BULL,25.08 00:00,,,
2026-09-03 12:46:33,btc_signals_log(03.09)_v4.csv,,,,2026-09-03 12:00:00,ENDED,BULL,25.08 00:00,True,True,True,True,4h,ENDED,BULL,25.08 00:00,,,
2026-09-03 13:16:37,btc_signals_log(03.09)_v4.csv,,,,2026-09-03 12:00:00,ENDED,BULL,25.08 00:00,True,True,True,True,4h,ENDED,BULL,25.08 00:00,,,
2026-09-03 13:46:40,btc_signals_log(03.09)_v4.csv,,,,2026-09-03 12:00:00,ENDED,BULL,25.08 00:00,True,True,True,True,4h,ENDED,BULL,25.08 00:00,,,
2026-09-03 14:16:44,btc_signals_log(03.09)_v4.csv,,,,2026-09-03 12:00:00,ENDED,BULL,25.08 00:00,True,True,True,True,4h,ENDED,BULL,25.08 00:00,,,
2026-09-03 14:46:48,btc_signals_log(03.09)_v4.csv,,,,2026-09-03 12:00:00,ENDED,BULL,25.08 00:00,True,True,True,True,4h,ENDED,BULL,25.08 00:00,,,
2026-09-03 15:16:52,btc_signals_log(03.09)_v4.csv,,,,2026-09-03 12:00:00,ENDED,BULL,25.08 00:00,True,True,True,True,4h,ENDED,BULL,25.08 00:00,,,
2026-09-03 15:46:55,btc_signals_log(03.09)_v4.csv,,,,2026-09-03 12:00:00,ENDED,BULL,25.08 00:00,True,True,True,True,4h,ENDED,BULL,25.08 00:00,,,
2026-09-03 16:16:59,btc_signals_log(03.09)_v4.csv,,,,2026-09-03 16:00:00,ACTIVE,BULL,03.09 12:00,True,True,True,True,4h,ACTIVE,BULL,03.09 12:00,,,
2026-09-03 16:47:03,btc_signals_log(03.09)_v4.csv,,,,2026-09-03 16:00:00,ACTIVE,BULL,03.09 12:00,True,True,True,True,4h,ACTIVE,BULL,03.09 12:00,,,
2026-09-03 17:17:06,btc_signals_log(03.09)_v4.csv,,,,2026-09-03 16:00:00,ACTIVE,BULL,03.09 12:00,True,True,True,True,4h,ACTIVE,BULL,03.09 12:00,,,
2026-09-03 17:47:10,btc_signals_log(03.09)_v4.csv,,,,2026-09-03 16:00:00,ACTIVE,BULL,03.09 12:00,True,True,True,True,4h,ACTIVE,BULL,03.09 12:00,,,
2026-09-03 18:17:14,btc_signals_log(03.09)_v4.csv,,,,2026-09-03 16:00:00,ACTIVE,BULL,03.09 12:00,True,True,True,True,4h,ACTIVE,BULL,03.09 12:00,,,
2026-09-03 18:47:18,btc_signals_log(03.09)_v4.csv,,,,2026-09-03 16:00:00,ACTIVE,BULL,03.09 12:00,True,True,True,True,4h,ACTIVE,BULL,03.09 12:00,,,
2026-09-03 19:17:21,btc_signals_log(03.09)_v4.csv,,,,2026-09-03 16:00:00,ACTIVE,BULL,03.09 12:00,True,True,True,True,4h,ACTIVE,BULL,03.09 12:00,,,
2026-09-03 19:47:25,btc_signals_log(03.09)_v4.csv,,,,2026-09-03 16:00:00,ACTIVE,BULL,03.09 12:00,True,True,True,True,4h,ACTIVE,BULL,03.09 12:00,,,
2026-09-03 20:17:28,btc_signals_log(03.09)_v4.csv,,,,2026-09-03 20:00:00,ACTIVE,BULL,03.09 12:00,True,True,True,True,4h,ACTIVE,BULL,03.09 12:00,,,
2026-09-03 20:47:32,btc_signals_log(03.09)_v4.csv,,,,2026-09-03 20:00:00,ACTIVE,BULL,03.09 12:00,True,True,True,True,4h,ACTIVE,BULL,03.09 12:00,,,
2026-09-03 21:17:36,btc_signals_log(03.09)_v4.csv,,,,2026-09-03 20:00:00,ACTIVE,BULL,03.09 12:00,True,True,True,True,4h,ACTIVE,BULL,03.09 12:00,,,
2026-09-03 21:47:40,btc_signals_log(03.09)_v4.csv,,,,2026-09-03 20:00:00,ACTIVE,BULL,03.09 12:00,True,True,True,True,4h,ACTIVE,BULL,03.09 12:00,,,
2026-09-03 22:17:44,btc_signals_log(03.09)_v4.csv,,,,2026-09-03 20:00:00,ACTIVE,BULL,03.09 12:00,True,True,True,True,4h,ACTIVE,BULL,03.09 12:00,,,
2026-09-03 22:47:48,btc_signals_log(03.09)_v4.csv,,,,2026-09-03 20:00:00,ACTIVE,BULL,03.09 12:00,True,True,True,True,4h,ACTIVE,BULL,03.09 12:00,,,
2026-09-03 23:17:52,btc_signals_log(03.09)_v4.csv,,,,2026-09-03 20:00:00,ACTIVE,BULL,03.09 12:00,True,True,True,True,4h,ACTIVE,BULL,03.09 12:00,,,
2026-09-03 23:47:56,btc_signals_log(03.09)_v4.csv,,,,2026-09-03 20:00:00,ACTIVE,BULL,03.09 12:00,True,True,True,True,4h,ACTIVE,BULL,03.09 12:00,,,
2026-09-04 00:18:00,btc_signals_log(04.09)_v4.csv,,,,2026-09-04 00:00:00,ACTIVE,BULL,03.09 12:00,True,True,True,True,4h,ACTIVE,BULL,03.09 12:00,,,
2026-09-04 00:48:04,btc_signals_log(04.09)_v4.csv,,,,2026-09-04 00:00:00,ACTIVE,BULL,03.09 12:00,True,True,True,True,4h,ACTIVE,BULL,03.09 12:00,,,
2026-09-04 01:18:09,btc_signals_log(04.09)_v4.csv,,,,2026-09-04 00:00:00,ACTIVE,BULL,03.09 12:00,True,True,True,True,4h,ACTIVE,BULL,03.09 12:00,,,
2026-09-04 01:48:13,btc_signals_log(04.09)_v4.csv,,,,2026-09-04 00:00:00,ACTIVE,BULL,03.09 12:00,True,True,True,True,4h,ACTIVE,BULL,03.09 12:00,,,
2026-09-04 02:18:17,btc_signals_log(04.09)_v4.csv,,,,2026-09-04 00:00:00,ACTIVE,BULL,03.09 12:00,True,True,True,True,4h,ACTIVE,BULL,03.09 12:00,,,
2026-09-04 02:48:21,btc_signals_log(04.09)_v4.csv,,,,2026-09-04 00:00:00,ACTIVE,BULL,03.09 12:00,True,True,True,True,4h,ACTIVE,BULL,03.09 12:00,,,
2026-09-04 03:18:25,btc_signals_log(04.09)_v4.csv,,,,2026-09-04 00:00:00,ACTIVE,BULL,03.09 12:00,True,True,True,True,4h,ACTIVE,BULL,03.09 12:00,,,
2026-09-04 03:48:29,btc_signals_log(04.09)_v4.csv,,,,2026-09-04 00:00:00,ACTIVE,BULL,03.09 12:00,True,True,True,True,4h,ACTIVE,BULL,03.09 12:00,,,
2026-09-04 04:18:32,btc_signals_log(04.09)_v4.csv,,,,2026-09-04 04:00:00,ACTIVE,BULL,03.09 12:00,True,True,True,True,4h,ACTIVE,BULL,03.09 12:00,,,
2026-09-04 04:48:36,btc_signals_log(04.09)_v4.csv,,,,2026-09-04 04:00:00,ACTIVE,BULL,03.09 12:00,True,True,True,True,4h,ACTIVE,BULL,03.09 12:00,,,
2026-09-04 05:18:40,btc_signals_log(04.09)_v4.csv,,,,2026-09-04 04:00:00,ACTIVE,BULL,03.09 12:00,True,True,True,True,4h,ACTIVE,BULL,03.09 12:00,,,
2026-09-04 05:48:44,btc_signals_log(04.09)_v4.csv,,,,2026-09-04 04:00:00,ACTIVE,BULL,03.09 12:00,True,True,True,True,4h,ACTIVE,BULL,03.09 12:00,,,
2026-09-04 06:18:48,btc_signals_log(04.09)_v4.csv,,,,2026-09-04 04:00:00,ACTIVE,BULL,03.09 12:00,True,True,True,True,4h,ACTIVE,BULL,03.09 12:00,,,
2026-09-04 06:48:52,btc_signals_log(04.09)_v4.csv,,,,2026-09-04 04:00:00,ACTIVE,BULL,03.09 12:00,True,True,True,True,4h,ACTIVE,BULL,03.09 12:00,,,
2026-09-04 07:18:55,btc_signals_log(04.09)_v4.csv,,,,2026-09-04 04:00:00,ACTIVE,BULL,03.09 12:00,True,True,True,True,4h,ACTIVE,BULL,03.09 12:00,,,
2026-09-04 07:48:59,btc_signals_log(04.09)_v4.csv,,,,2026-09-04 04:00:00,ACTIVE,BULL,03.09 12:00,True,True,True,True,4h,ACTIVE,BULL,03.09 12:00,,,
2026-09-04 08:19:03,btc_signals_log(04.09)_v4.csv,,,,2026-09-04 08:00:00,ACTIVE,BULL,03.09 12:00,True,True,True,True,4h,ACTIVE,BULL,03.09 12:00,,,
2026-09-04 08:49:06,btc_signals_log(04.09)_v4.csv,,,,2026-09-04 08:00:00,ACTIVE,BULL,03.09 12:00,True,True,True,True,4h,ACTIVE,BULL,03.09 12:00,,,
2026-09-04 09:19:10,btc_signals_log(04.09)_v4.csv,,,,2026-09-04 08:00:00,ACTIVE,BULL,03.09 12:00,True,True,True,True,4h,ACTIVE,BULL,03.09 12:00,,,
2026-09-04 09:49:13,btc_signals_log(04.09)_v4.csv,,,,2026-09-04 08:00:00,ACTIVE,BULL,03.09 12:00,True,True,True,True,4h,ACTIVE,BULL,03.09 12:00,,,
2026-09-04 10:19:17,btc_signals_log(04.09)_v4.csv,,,,2026-09-04 08:00:00,ACTIVE,BULL,03.09 12:00,True,True,True,True,4h,ACTIVE,BULL,03.09 12:00,,,
2026-09-04 10:49:20,btc_signals_log(04.09)_v4.csv,,,,2026-09-04 08:00:00,ACTIVE,BULL,03.09 12:00,True,True,True,True,4h,ACTIVE,BULL,03.09 12:00,,,
2026-09-04 11:19:24,btc_signals_log(04.09)_v4.csv,,,,2026-09-04 08:00:00,ACTIVE,BULL,03.09 12:00,True,True,True,True,4h,ACTIVE,BULL,03.09 12:00,,,
2026-09-04 11:49:28,btc_signals_log(04.09)_v4.csv,,,,2026-09-04 08:00:00,ACTIVE,BULL,03.09 12:00,True,True,True,True,4h,ACTIVE,BULL,03.09 12:00,,,
2026-09-04 12:19:31,btc_signals_log(04.09)_v4.csv,,,,2026-09-04 12:00:00,ACTIVE,BULL,03.09 12:00,True,True,True,True,4h,ACTIVE,BULL,03.09 12:00,,,
2026-09-04 12:49:35,btc_signals_log(04.09)_v4.csv,,,,2026-09-04 12:00:00,ACTIVE,BULL,03.09 12:00,True,True,True,True,4h,ACTIVE,BULL,03.09 12:00,,,
2026-09-04 13:19:38,btc_signals_log(04.09)_v4.csv,,,,2026-09-04 12:00:00,ACTIVE,BULL,03.09 12:00,True,True,True,True,4h,ACTIVE,BULL,03.09 12:00,,,
2026-09-04 13:49:42,btc_signals_log(04.09)_v4.csv,,,,2026-09-04 12:00:00,ACTIVE,BULL,03.09 12:00,True,True,True,True,4h,ACTIVE,BULL,03.09 12:00,,,
2026-09-04 14:19:45,btc_signals_log(04.09)_v4.csv,,,,2026-09-04 12:00:00,ACTIVE,BULL,03.09 12:00,True,True,True,True,4h,ACTIVE,BULL,03.09 12:00,,,
2026-09-04 14:49:49,btc_signals_log(04.09)_v4.csv,,,,2026-09-04 12:00:00,ACTIVE,BULL,03.09 12:00,True,True,True,True,4h,ACTIVE,BULL,03.09 12:00,,,
2026-09-04 15:19:53,btc_signals_log(04.09)_v4.csv,,,,2026-09-04 12:00:00,ACTIVE,BULL,03.09 12:00,True,True,True,True,4h,ACTIVE,BULL,03.09 12:00,,,
2026-09-04 15:49:57,btc_signals_log(04.09)_v4.csv,,,,2026-09-04 12:00:00,ACTIVE,BULL,03.09 12:00,True,True,True,True,4h,ACTIVE,BULL,03.09 12:00,,,
2026-09-04 16:20:00,btc_signals_log(04.09)_v4.csv,,,,2026-09-04 16:00:00,ACTIVE,BULL,03.09 12:00,True,True,True,True,4h,ACTIVE,BULL,03.09 12:00,,,
2026-09-04 16:50:05,btc_signals_log(04.09)_v4.csv,,,,2026-09-04 16:00:00,ACTIVE,BULL,03.09 12:00,True,True,True,True,4h,ACTIVE,BULL,03.09 12:00,,,
2026-09-04 17:20:09,btc_signals_log(04.09)_v4.csv,,,,2026-09-04 16:00:00,ACTIVE,BULL,03.09 12:00,True,True,True,True,4h,ACTIVE,BULL,03.09 12:00,,,
2026-09-04 17:50:12,btc_signals_log(04.09)_v4.csv,,,,2026-09-04 16:00:00,ACTIVE,BULL,03.09 12:00,True,True,True,True,4h,ACTIVE,BULL,03.09 12:00,,,
2026-09-04 18:20:16,btc_signals_log(04.09)_v4.csv,,,,2026-09-04 16:00:00,ACTIVE,BULL,03.09 12:00,True,True,True,True,4h,ACTIVE,BULL,03.09 12:00,,,
2026-09-04 18:50:20,btc_signals_log(04.09)_v4.csv,,,,2026-09-04 16:00:00,ACTIVE,BULL,03.09 12:00,True,True,True,True,4h,ACTIVE,BULL,03.09 12:00,,,
2026-09-04 19:20:24,btc_signals_log(04.09)_v4.csv,,,,2026-09-04 16:00:00,ACTIVE,BULL,03.09 12:00,True,True,True,True,4h,ACTIVE,BULL,03.09 12:00,,,
2026-09-04 19:50:28,btc_signals_log(04.09)_v4.csv,,,,2026-09-04 16:00:00,ACTIVE,BULL,03.09 12:00,True,True,True,True,4h,ACTIVE,BULL,03.09 12:00,,,
2026-09-04 20:20:32,btc_signals_log(04.09)_v4.csv,,,,2026-09-04 20:00:00,ACTIVE,BULL,03.09 12:00,True,True,True,True,4h,ACTIVE,BULL,03.09 12:00,,,
2026-09-04 20:50:35,btc_signals_log(04.09)_v4.csv,,,,2026-09-04 20:00:00,ACTIVE,BULL,03.09 12:00,True,True,True,True,4h,ACTIVE,BULL,03.09 12:00,,,
2026-09-04 21:20:39,btc_signals_log(04.09)_v4.csv,,,,2026-09-04 20:00:00,ACTIVE,BULL,03.09 12:00,True,True,True,True,4h,ACTIVE,BULL,03.09 12:00,,,
2026-09-04 21:50:42,btc_signals_log(04.09)_v4.csv,,,,2026-09-04 20:00:00,ACTIVE,BULL,03.09 12:00,True,True,True,True,4h,ACTIVE,BULL,03.09 12:00,,,
2026-09-04 22:20:46,btc_signals_log(04.09)_v4.csv,,,,2026-09-04 20:00:00,ACTIVE,BULL,03.09 12:00,True,True,True,True,4h,ACTIVE,BULL,03.09 12:00,,,
2026-09-04 22:50:49,btc_signals_log(04.09)_v4.csv,,,,2026-09-04 20:00:00,ACTIVE,BULL,03.09 12:00,True,True,True,True,4h,ACTIVE,BULL,03.09 12:00,,,
2026-09-04 23:20:53,btc_signals_log(04.09)_v4.csv,,,,2026-09-04 20:00:00,ACTIVE,BULL,03.09 12:00,True,True,True,True,4h,ACTIVE,BULL,03.09 12:00,,,
2026-09-04 23:50:56,btc_signals_log(04.09)_v4.csv,,,,2026-09-04 20:00:00,ACTIVE,BULL,03.09 12:00,True,True,True,True,4h,ACTIVE,BULL,03.09 12:00,,,
2026-09-05 00:21:00,btc_signals_log(05.09)_v4.csv,,,,2026-09-05 00:00:00,ACTIVE,BULL,03.09 12:00,True,True,True,True,4h,ACTIVE,BULL,03.09 12:00,,,
2026-09-05 00:51:04,btc_signals_log(05.09)_v4.csv,,,,2026-09-05 00:00:00,ACTIVE,BULL,03.09 12:00,True,True,True,True,4h,ACTIVE,BULL,03.09 12:00,,,
2026-09-05 01:21:07,btc_signals_log(05.09)_v4.csv,,,,2026-09-05 00:00:00,ACTIVE,BULL,03.09 12:00,True,True,True,True,4h,ACTIVE,BULL,03.09 12:00,,,
2026-09-05 01:51:11,btc_signals_log(05.09)_v4.csv,,,,2026-09-05 00:00:00,ACTIVE,BULL,03.09 12:00,True,True,True,True,4h,ACTIVE,BULL,03.09 12:00,,,
2026-09-05 02:21:14,btc_signals_log(05.09)_v4.csv,,,,2026-09-05 00:00:00,ACTIVE,BULL,03.09 12:00,True,True,True,True,4h,ACTIVE,BULL,03.09 12:00,,,
2026-09-05 02:51:18,btc_signals_log(05.09)_v4.csv,,,,2026-09-05 00:00:00,ACTIVE,BULL,03.09 12:00,True,True,True,True,4h,ACTIVE,BULL,03.09 12:00,,,
2026-09-05 03:21:22,btc_signals_log(05.09)_v4.csv,,,,2026-09-05 00:00:00,ACTIVE,BULL,03.09 12:00,True,True,True,True,4h,ACTIVE,BULL,03.09 12:00,,,
2026-09-05 03:51:26,btc_signals_log(05.09)_v4.csv,,,,2026-09-05 00:00:00,ACTIVE,BULL,03.09 12:00,True,True,True,True,4h,ACTIVE,BULL,03.09 12:00,,,
2026-09-05 04:21:29,btc_signals_log(05.09)_v4.csv,,,,2026-09-05 04:00:00,ACTIVE,BULL,03.09 12:00,True,True,True,True,4h,ACTIVE,BULL,03.09 12:00,,,
2026-09-05 04:51:33,btc_signals_log(05.09)_v4.csv,,,,2026-09-05 04:00:00,ACTIVE,BULL,03.09 12:00,True,True,True,True,4h,ACTIVE,BULL,03.09 12:00,,,
2026-09-05 05:21:36,btc_signals_log(05.09)_v4.csv,,,,2026-09-05 04:00:00,ACTIVE,BULL,03.09 12:00,True,True,True,True,4h,ACTIVE,BULL,03.09 12:00,,,
2026-09-05 05:51:40,btc_signals_log(05.09)_v4.csv,,,,2026-09-05 04:00:00,ACTIVE,BULL,03.09 12:00,True,True,True,True,4h,ACTIVE,BULL,03.09 12:00,,,
2026-09-05 06:21:43,btc_signals_log(05.09)_v4.csv,,,,2026-09-05 04:00:00,ACTIVE,BULL,03.09 12:00,True,True,True,True,4h,ACTIVE,BULL,03.09 12:00,,,
2026-09-05 06:51:47,btc_signals_log(05.09)_v4.csv,,,,2026-09-05 04:00:00,ACTIVE,BULL,03.09 12:00,True,True,True,True,4h,ACTIVE,BULL,03.09 12:00,,,
2026-09-05 07:21:51,btc_signals_log(05.09)_v4.csv,,,,2026-09-05 04:00:00,ACTIVE,BULL,03.09 12:00,True,True,True,True,4h,ACTIVE,BULL,03.09 12:00,,,
2026-09-05 07:51:54,btc_signals_log(05.09)_v4.csv,,,,2026-09-05 04:00:00,ACTIVE,BULL,03.09 12:00,True,True,True,True,4h,ACTIVE,BULL,03.09 12:00,,,
2026-09-05 08:21:58,btc_signals_log(05.09)_v4.csv,,,,2026-09-05 08:00:00,ACTIVE,BULL,03.09 12:00,True,True,True,True,4h,ACTIVE,BULL,03.09 12:00,,,
2026-09-05 08:52:02,btc_signals_log(05.09)_v4.csv,,,,2026-09-05 08:00:00,ACTIVE,BULL,03.09 12:00,True,True,True,True,4h,ACTIVE,BULL,03.09 12:00,,,
2026-09-05 09:22:05,btc_signals_log(05.09)_v4.csv,,,,2026-09-05 08:00:00,ACTIVE,BULL,03.09 12:00,True,True,True,True,4h,ACTIVE,BULL,03.09 12:00,,,
2026-09-05 09:52:09,btc_signals_log(05.09)_v4.csv,,,,2026-09-05 08:00:00,ACTIVE,BULL,03.09 12:00,True,True,True,True,4h,ACTIVE,BULL,03.09 12:00,,,
2026-09-05 10:22:13,btc_signals_log(05.09)_v4.csv,,,,2026-09-05 08:00:00,ACTIVE,BULL,03.09 12:00,True,True,True,True,4h,ACTIVE,BULL,03.09 12:00,,,
2026-09-05 10:52:17,btc_signals_log(05.09)_v4.csv,,,,2026-09-05 08:00:00,ACTIVE,BULL,03.09 12:00,True,True,True,True,4h,ACTIVE,BULL,03.09 12:00,,,
2026-09-05 11:22:21,btc_signals_log(05.09)_v4.csv,,,,2026-09-05 08:00:00,ACTIVE,BULL,03.09 12:00,True,True,True,True,4h,ACTIVE,BULL,03.09 12:00,,,
2026-09-05 11:52:25,btc_signals_log(05.09)_v4.csv,,,,2026-09-05 08:00:00,ACTIVE,BULL,03.09 12:00,True,True,True,True,4h,ACTIVE,BULL,03.09 12:00,,,
2026-09-05 12:22:29,btc_signals_log(05.09)_v4.csv,,,,2026-09-05 12:00:00,ACTIVE,BULL,03.09 12:00,True,True,True,True,4h,ACTIVE,BULL,03.09 12:00,,,
2026-09-05 12:52:32,btc_signals_log(05.09)_v4.csv,,,,2026-09-05 12:00:00,ACTIVE,BULL,03.09 12:00,True,True,True,True,4h,ACTIVE,BULL,03.09 12:00,,,
2026-09-05 13:22:36,btc_signals_log(05.09)_v4.csv,,,,2026-09-05 12:00:00,ACTIVE,BULL,03.09 12:00,True,True,True,True,4h,ACTIVE,BULL,03.09 12:00,,,
2026-09-05 13:52:39,btc_signals_log(05.09)_v4.csv,,,,2026-09-05 12:00:00,ACTIVE,BULL,03.09 12:00,True,True,True,True,4h,ACTIVE,BULL,03.09 12:00,,,
2026-09-05 14:22:43,btc_signals_log(05.09)_v4.csv,,,,2026-09-05 12:00:00,ACTIVE,BULL,03.09 12:00,True,True,True,True,4h,ACTIVE,BULL,03.09 12:00,,,
2026-09-05 14:52:47,btc_signals_log(05.09)_v4.csv,,,,2026-09-05 12:00:00,ACTIVE,BULL,03.09 12:00,True,True,True,True,4h,ACTIVE,BULL,03.09 12:00,,,
2026-09-05 15:22:51,btc_signals_log(05.09)_v4.csv,,,,2026-09-05 12:00:00,ACTIVE,BULL,03.09 12:00,True,True,True,True,4h,ACTIVE,BULL,03.09 12:00,,,
2026-09-05 15:52:54,btc_signals_log(05.09)_v4.csv,,,,2026-09-05 12:00:00,ACTIVE,BULL,03.09 12:00,True,True,True,True,4h,ACTIVE,BULL,03.09 12:00,,,
2026-09-05 16:22:58,btc_signals_log(05.09)_v4.csv,,,,2026-09-05 16:00:00,ACTIVE,BULL,03.09 12:00,True,True,True,True,4h,ACTIVE,BULL,03.09 12:00,,,
2026-09-05 16:53:02,btc_signals_log(05.09)_v4.csv,,,,2026-09-05 16:00:00,ACTIVE,BULL,03.09 12:00,True,True,True,True,4h,ACTIVE,BULL,03.09 12:00,,,
2026-09-05 17:23:05,btc_signals_log(05.09)_v4.csv,,,,2026-09-05 16:00:00,ACTIVE,BULL,03.09 12:00,True,True,True,True,4h,ACTIVE,BULL,03.09 12:00,,,
2026-09-05 17:53:09,btc_signals_log(05.09)_v4.csv,,,,2026-09-05 16:00:00,ACTIVE,BULL,03.09 12:00,True,True,True,True,4h,ACTIVE,BULL,03.09 12:00,,,
2026-09-05 18:23:13,btc_signals_log(05.09)_v4.csv,,,,2026-09-05 16:00:00,ACTIVE,BULL,03.09 12:00,True,True,True,True,4h,ACTIVE,BULL,03.09 12:00,,,
2026-09-05 18:53:16,btc_signals_log(05.09)_v4.csv,,,,2026-09-05 16:00:00,ACTIVE,BULL,03.09 12:00,True,True,True,True,4h,ACTIVE,BULL,03.09 12:00,,,
2026-09-05 19:23:20,btc_signals_log(05.09)_v4.csv,,,,2026-09-05 16:00:00,ACTIVE,BULL,03.09 12:00,True,True,True,True,4h,ACTIVE,BULL,03.09 12:00,,,
2026-09-05 19:53:24,btc_signals_log(05.09)_v4.csv,,,,2026-09-05 16:00:00,ACTIVE,BULL,03.09 12:00,True,True,True,True,4h,ACTIVE,BULL,03.09 12:00,,,
2026-09-05 20:23:27,btc_signals_log(05.09)_v4.csv,,,,2026-09-05 20:00:00,ACTIVE,BULL,03.09 12:00,True,True,True,True,4h,ACTIVE,BULL,03.09 12:00,,,
2026-09-05 20:53:31,btc_signals_log(05.09)_v4.csv,,,,2026-09-05 20:00:00,ACTIVE,BULL,03.09 12:00,True,True,True,True,4h,ACTIVE,BULL,03.09 12:00,,,
2026-09-05 21:23:35,btc_signals_log(05.09)_v4.csv,,,,2026-09-05 20:00:00,ACTIVE,BULL,03.09 12:00,True,True,True,True,4h,ACTIVE,BULL,03.09 12:00,,,
2026-09-05 21:53:38,btc_signals_log(05.09)_v4.csv,,,,2026-09-05 20:00:00,ACTIVE,BULL,03.09 12:00,True,True,True,True,4h,ACTIVE,BULL,03.09 12:00,,,
2026-09-05 22:23:42,btc_signals_log(05.09)_v4.csv,,,,2026-09-05 20:00:00,ACTIVE,BULL,03.09 12:00,True,True,True,True,4h,ACTIVE,BULL,03.09 12:00,,,
2026-09-05 22:53:46,btc_signals_log(05.09)_v4.csv,,,,2026-09-05 20:00:00,ACTIVE,BULL,03.09 12:00,True,True,True,True,4h,ACTIVE,BULL,03.09 12:00,,,
2026-09-05 23:23:49,btc_signals_log(05.09)_v4.csv,,,,2026-09-05 20:00:00,ACTIVE,BULL,03.09 12:00,True,True,True,True,4h,ACTIVE,BULL,03.09 12:00,,,
2026-09-05 23:53:53,btc_signals_log(05.09)_v4.csv,,,,2026-09-05 20:00:00,ACTIVE,BULL,03.09 12:00,True,True,True,True,4h,ACTIVE,BULL,03.09 12:00,,,
2026-09-06 00:23:56,btc_signals_log(06.09)_v4.csv,,,,2026-09-06 00:00:00,ACTIVE,BULL,03.09 12:00,True,True,True,True,4h,ACTIVE,BULL,03.09 12:00,,,
2026-09-06 00:54:00,btc_signals_log(06.09)_v4.csv,,,,2026-09-06 00:00:00,ACTIVE,BULL,03.09 12:00,True,True,True,True,4h,ACTIVE,BULL,03.09 12:00,,,
2026-09-06 01:24:03,btc_signals_log(06.09)_v4.csv,,,,2026-09-06 00:00:00,ACTIVE,BULL,03.09 12:00,True,True,True,True,4h,ACTIVE,BULL,03.09 12:00,,,
2026-09-06 01:54:07,btc_signals_log(06.09)_v4.csv,,,,2026-09-06 00:00:00,ACTIVE,BULL,03.09 12:00,True,True,True,True,4h,ACTIVE,BULL,03.09 12:00,,,
2026-09-06 02:24:11,btc_signals_log(06.09)_v4.csv,,,,2026-09-06 00:00:00,ACTIVE,BULL,03.09 12:00,True,True,True,True,4h,ACTIVE,BULL,03.09 12:00,,,
2026-09-06 02:54:14,btc_signals_log(06.09)_v4.csv,,,,2026-09-06 00:00:00,ACTIVE,BULL,03.09 12:00,True,True,True,True,4h,ACTIVE,BULL,03.09 12:00,,,
2026-09-06 03:24:18,btc_signals_log(06.09)_v4.csv,,,,2026-09-06 00:00:00,ACTIVE,BULL,03.09 12:00,True,True,True,True,4h,ACTIVE,BULL,03.09 12:00,,,
2026-09-06 03:54:22,btc_signals_log(06.09)_v4.csv,,,,2026-09-06 00:00:00,ACTIVE,BULL,03.09 12:00,True,True,True,True,4h,ACTIVE,BULL,03.09 12:00,,,
2026-09-06 04:24:25,btc_signals_log(06.09)_v4.csv,,,,2026-09-06 04:00:00,ACTIVE,BULL,03.09 12:00,True,True,True,True,4h,ACTIVE,BULL,03.09 12:00,,,
2026-09-06 04:54:29,btc_signals_log(06.09)_v4.csv,,,,2026-09-06 04:00:00,ACTIVE,BULL,03.09 12:00,True,True,True,True,4h,ACTIVE,BULL,03.09 12:00,,,
2026-09-06 05:24:32,btc_signals_log(06.09)_v4.csv,,,,2026-09-06 04:00:00,ACTIVE,BULL,03.09 12:00,True,True,True,True,4h,ACTIVE,BULL,03.09 12:00,,,
2026-09-06 05:54:36,btc_signals_log(06.09)_v4.csv,,,,2026-09-06 04:00:00,ACTIVE,BULL,03.09 12:00,True,True,True,True,4h,ACTIVE,BULL,03.09 12:00,,,
2026-09-06 06:24:40,btc_signals_log(06.09)_v4.csv,,,,2026-09-06 04:00:00,ACTIVE,BULL,03.09 12:00,True,True,True,True,4h,ACTIVE,BULL,03.09 12:00,,,
2026-09-06 06:54:43,btc_signals_log(06.09)_v4.csv,,,,2026-09-06 04:00:00,ACTIVE,BULL,03.09 12:00,True,True,True,True,4h,ACTIVE,BULL,03.09 12:00,,,
2026-09-06 07:24:47,btc_signals_log(06.09)_v4.csv,,,,2026-09-06 04:00:00,ACTIVE,BULL,03.09 12:00,True,True,True,True,4h,ACTIVE,BULL,03.09 12:00,,,
2026-09-06 07:54:50,btc_signals_log(06.09)_v4.csv,,,,2026-09-06 04:00:00,ACTIVE,BULL,03.09 12:00,True,True,True,True,4h,ACTIVE,BULL,03.09 12:00,,,
2026-09-06 08:24:54,btc_signals_log(06.09)_v4.csv,,,,2026-09-06 08:00:00,ACTIVE,BULL,03.09 12:00,True,True,True,True,4h,ACTIVE,BULL,03.09 12:00,,,
2026-09-06 08:54:58,btc_signals_log(06.09)_v4.csv,,,,2026-09-06 08:00:00,ACTIVE,BULL,03.09 12:00,True,True,True,True,4h,ACTIVE,BULL,03.09 12:00,,,
2026-09-06 09:25:02,btc_signals_log(06.09)_v4.csv,,,,2026-09-06 08:00:00,ACTIVE,BULL,03.09 12:00,True,True,True,True,4h,ACTIVE,BULL,03.09 12:00,,,
2026-09-06 09:55:05,btc_signals_log(06.09)_v4.csv,,,,2026-09-06 08:00:00,ACTIVE,BULL,03.09 12:00,True,True,True,True,4h,ACTIVE,BULL,03.09 12:00,,,
2026-09-06 10:25:10,btc_signals_log(06.09)_v4.csv,,,,2026-09-06 08:00:00,ACTIVE,BULL,03.09 12:00,True,True,True,True,4h,ACTIVE,BULL,03.09 12:00,,,
2026-09-06 10:55:14,btc_signals_log(06.09)_v4.csv,,,,2026-09-06 08:00:00,ACTIVE,BULL,03.09 12:00,True,True,True,True,4h,ACTIVE,BULL,03.09 12:00,,,
2026-09-06 11:25:18,btc_signals_log(06.09)_v4.csv,,,,2026-09-06 08:00:00,ACTIVE,BULL,03.09 12:00,True,True,True,True,4h,ACTIVE,BULL,03.09 12:00,,,
2026-09-06 11:55:22,btc_signals_log(06.09)_v4.csv,,,,2026-09-06 08:00:00,ACTIVE,BULL,03.09 12:00,True,True,True,True,4h,ACTIVE,BULL,03.09 12:00,,,
2026-09-06 12:25:26,btc_signals_log(06.09)_v4.csv,,,,2026-09-06 12:00:00,ACTIVE,BULL,03.09 12:00,True,True,True,True,4h,ACTIVE,BULL,03.09 12:00,,,
2026-09-06 12:55:29,btc_signals_log(06.09)_v4.csv,,,,2026-09-06 12:00:00,ACTIVE,BULL,03.09 12:00,True,True,True,True,4h,ACTIVE,BULL,03.09 12:00,,,
2026-09-06 13:25:33,btc_signals_log(06.09)_v4.csv,,,,2026-09-06 12:00:00,ACTIVE,BULL,03.09 12:00,True,True,True,True,4h,ACTIVE,BULL,03.09 12:00,,,
2026-09-06 13:55:37,btc_signals_log(06.09)_v4.csv,,,,2026-09-06 12:00:00,ACTIVE,BULL,03.09 12:00,True,True,True,True,4h,ACTIVE,BULL,03.09 12:00,,,
2026-09-06 14:25:41,btc_signals_log(06.09)_v4.csv,,,,2026-09-06 12:00:00,ACTIVE,BULL,03.09 12:00,True,True,True,True,4h,ACTIVE,BULL,03.09 12:00,,,
2026-09-06 14:55:45,btc_signals_log(06.09)_v4.csv,,,,2026-09-06 12:00:00,ACTIVE,BULL,03.09 12:00,True,True,True,True,4h,ACTIVE,BULL,03.09 12:00,,,
2026-09-06 15:25:49,btc_signals_log(06.09)_v4.csv,,,,2026-09-06 12:00:00,ACTIVE,BULL,03.09 12:00,True,True,True,True,4h,ACTIVE,BULL,03.09 12:00,,,
2026-09-06 15:55:53,btc_signals_log(06.09)_v4.csv,,,,2026-09-06 12:00:00,ACTIVE,BULL,03.09 12:00,True,True,True,True,4h,ACTIVE,BULL,03.09 12:00,,,
2026-09-06 16:25:57,btc_signals_log(06.09)_v4.csv,,,,2026-09-06 16:00:00,ACTIVE,BULL,03.09 12:00,True,True,True,True,4h,ACTIVE,BULL,03.09 12:00,,,
2026-09-06 16:56:00,btc_signals_log(06.09)_v4.csv,,,,2026-09-06 16:00:00,ACTIVE,BULL,03.09 12:00,True,True,True,True,4h,ACTIVE,BULL,03.09 12:00,,,
2026-09-06 17:26:04,btc_signals_log(06.09)_v4.csv,,,,2026-09-06 16:00:00,ACTIVE,BULL,03.09 12:00,True,True,True,True,4h,ACTIVE,BULL,03.09 12:00,,,
2026-09-06 17:56:07,btc_signals_log(06.09)_v4.csv,,,,2026-09-06 16:00:00,ACTIVE,BULL,03.09 12:00,True,True,True,True,4h,ACTIVE,BULL,03.09 12:00,,,
2026-09-06 18:26:11,btc_signals_log(06.09)_v4.csv,,,,2026-09-06 16:00:00,ACTIVE,BULL,03.09 12:00,True,True,True,True,4h,ACTIVE,BULL,03.09 12:00,,,
2026-09-06 18:56:15,btc_signals_log(06.09)_v4.csv,,,,2026-09-06 16:00:00,ACTIVE,BULL,03.09 12:00,True,True,True,True,4h,ACTIVE,BULL,03.09 12:00,,,
2026-09-06 19:26:18,btc_signals_log(06.09)_v4.csv,,,,2026-09-06 16:00:00,ACTIVE,BULL,03.09 12:00,True,True,True,True,4h,ACTIVE,BULL,03.09 12:00,,,
2026-09-06 19:56:22,btc_signals_log(06.09)_v4.csv,,,,2026-09-06 16:00:00,ACTIVE,BULL,03.09 12:00,True,True,True,True,4h,ACTIVE,BULL,03.09 12:00,,,
2026-09-06 20:26:25,btc_signals_log(06.09)_v4.csv,,,,2026-09-06 20:00:00,ACTIVE,BULL,03.09 12:00,True,True,True,True,4h,ACTIVE,BULL,03.09 12:00,,,
2026-09-06 20:56:29,btc_signals_log(06.09)_v4.csv,,,,2026-09-06 20:00:00,ACTIVE,BULL,03.09 12:00,True,True,True,True,4h,ACTIVE,BULL,03.09 12:00,,,
2026-09-06 21:26:33,btc_signals_log(06.09)_v4.csv,,,,2026-09-06 20:00:00,ACTIVE,BULL,03.09 12:00,True,True,True,True,4h,ACTIVE,BULL,03.09 12:00,,,
2026-09-06 21:56:37,btc_signals_log(06.09)_v4.csv,,,,2026-09-06 20:00:00,ACTIVE,BULL,03.09 12:00,True,True,True,True,4h,ACTIVE,BULL,03.09 12:00,,,
2026-09-06 22:26:41,btc_signals_log(06.09)_v4.csv,,,,2026-09-06 20:00:00,ACTIVE,BULL,03.09 12:00,True,True,True,True,4h,ACTIVE,BULL,03.09 12:00,,,
2026-09-06 22:56:44,btc_signals_log(06.09)_v4.csv,,,,2026-09-06 20:00:00,ACTIVE,BULL,03.09 12:00,True,True,True,True,4h,ACTIVE,BULL,03.09 12:00,,,
2026-09-06 23:26:48,btc_signals_log(06.09)_v4.csv,,,,2026-09-06 20:00:00,ACTIVE,BULL,03.09 12:00,True,True,True,True,4h,ACTIVE,BULL,03.09 12:00,,,
2026-09-06 23:56:52,btc_signals_log(06.09)_v4.csv,,,,2026-09-06 20:00:00,ACTIVE,BULL,03.09 12:00,True,True,True,True,4h,ACTIVE,BULL,03.09 12:00,,,
2026-09-07 00:26:56,btc_signals_log(07.09)_v4.csv,,,,2026-09-07 00:00:00,ACTIVE,BULL,03.09 12:00,True,True,True,True,4h,ACTIVE,BULL,03.09 12:00,,,
2026-09-07 00:56:59,btc_signals_log(07.09)_v4.csv,,,,2026-09-07 00:00:00,ACTIVE,BULL,03.09 12:00,True,True,True,True,4h,ACTIVE,BULL,03.09 12:00,,,
2026-09-07 01:27:03,btc_signals_log(07.09)_v4.csv,,,,2026-09-07 00:00:00,ACTIVE,BULL,03.09 12:00,True,True,True,True,4h,ACTIVE,BULL,03.09 12:00,,,
2026-09-07 01:57:07,btc_signals_log(07.09)_v4.csv,,,,2026-09-07 00:00:00,ACTIVE,BULL,03.09 12:00,True,True,True,True,4h,ACTIVE,BULL,03.09 12:00,,,
2026-09-07 02:27:10,btc_signals_log(07.09)_v4.csv,,,,2026-09-07 00:00:00,ACTIVE,BULL,03.09 12:00,True,True,True,True,4h,ACTIVE,BULL,03.09 12:00,,,
2026-09-07 02:57:14,btc_signals_log(07.09)_v4.csv,,,,2026-09-07 00:00:00,ACTIVE,BULL,03.09 12:00,True,True,True,True,4h,ACTIVE,BULL,03.09 12:00,,,
2026-09-07 03:27:18,btc_signals_log(07.09)_v4.csv,,,,2026-09-07 00:00:00,ACTIVE,BULL,03.09 12:00,True,True,True,True,4h,ACTIVE,BULL,03.09 12:00,,,
2026-09-07 03:57:21,btc_signals_log(07.09)_v4.csv,,,,2026-09-07 00:00:00,ACTIVE,BULL,03.09 12:00,True,True,True,True,4h,ACTIVE,BULL,03.09 12:00,,,
2026-09-07 04:27:25,btc_signals_log(07.09)_v4.csv,,,,2026-09-07 04:00:00,ACTIVE,BULL,03.09 12:00,True,True,True,True,4h,ACTIVE,BULL,03.09 12:00,,,
2026-09-07 04:57:29,btc_signals_log(07.09)_v4.csv,,,,2026-09-07 04:00:00,ACTIVE,BULL,03.09 12:00,True,True,True,True,4h,ACTIVE,BULL,03.09 12:00,,,
2026-09-07 05:27:33,btc_signals_log(07.09)_v4.csv,,,,2026-09-07 04:00:00,ACTIVE,BULL,03.09 12:00,True,True,True,True,4h,ACTIVE,BULL,03.09 12:00,,,
2026-09-07 05:57:36,btc_signals_log(07.09)_v4.csv,,,,2026-09-07 04:00:00,ACTIVE,BULL,03.09 12:00,True,True,True,True,4h,ACTIVE,BULL,03.09 12:00,,,
2026-09-07 06:27:40,btc_signals_log(07.09)_v4.csv,,,,2026-09-07 04:00:00,ACTIVE,BULL,03.09 12:00,True,True,True,True,4h,ACTIVE,BULL,03.09 12:00,,,
2026-09-07 06:57:44,btc_signals_log(07.09)_v4.csv,,,,2026-09-07 04:00:00,ACTIVE,BULL,03.09 12:00,True,True,True,True,4h,ACTIVE,BULL,03.09 12:00,,,
2026-09-07 07:27:48,btc_signals_log(07.09)_v4.csv,,,,2026-09-07 04:00:00,ACTIVE,BULL,03.09 12:00,True,True,True,True,4h,ACTIVE,BULL,03.09 12:00,,,
2026-09-07 07:57:52,btc_signals_log(07.09)_v4.csv,,,,2026-09-07 04:00:00,ACTIVE,BULL,03.09 12:00,True,True,True,True,4h,ACTIVE,BULL,03.09 12:00,,,
2026-09-07 08:27:56,btc_signals_log(07.09)_v4.csv,,,,2026-09-07 08:00:00,ACTIVE,BULL,03.09 12:00,True,True,True,True,4h,ACTIVE,BULL,03.09 12:00,,,
2026-09-07 08:58:01,btc_signals_log(07.09)_v4.csv,,,,2026-09-07 08:00:00,ACTIVE,BULL,03.09 12:00,True,True,True,True,4h,ACTIVE,BULL,03.09 12:00,,,
2026-09-07 09:28:05,btc_signals_log(07.09)_v4.csv,,,,2026-09-07 08:00:00,ACTIVE,BULL,03.09 12:00,True,True,True,True,4h,ACTIVE,BULL,03.09 12:00,,,
2026-09-07 09:58:09,btc_signals_log(07.09)_v4.csv,,,,2026-09-07 08:00:00,ACTIVE,BULL,03.09 12:00,True,True,True,True,4h,ACTIVE,BULL,03.09 12:00,,,
2026-09-07 10:28:13,btc_signals_log(07.09)_v4.csv,,,,2026-09-07 08:00:00,ACTIVE,BULL,03.09 12:00,True,True,True,True,4h,ACTIVE,BULL,03.09 12:00,,,
2026-09-07 10:58:18,btc_signals_log(07.09)_v4.csv,,,,2026-09-07 08:00:00,ACTIVE,BULL,03.09 12:00,True,True,True,True,4h,ACTIVE,BULL,03.09 12:00,,,
2026-09-07 11:28:22,btc_signals_log(07.09)_v4.csv,,,,2026-09-07 08:00:00,ACTIVE,BULL,03.09 12:00,True,True,True,True,4h,ACTIVE,BULL,03.09 12:00,,,
2026-09-07 11:58:26,btc_signals_log(07.09)_v4.csv,,,,2026-09-07 08:00:00,ACTIVE,BULL,03.09 12:00,True,True,True,True,4h,ACTIVE,BULL,03.09 12:00,,,
2026-09-07 12:28:30,btc_signals_log(07.09)_v4.csv,,,,2026-09-07 12:00:00,ACTIVE,BULL,03.09 12:00,True,True,True,True,4h,ACTIVE,BULL,03.09 12:00,,,
2026-09-07 12:58:34,btc_signals_log(07.09)_v4.csv,,,,2026-09-07 12:00:00,ACTIVE,BULL,03.09 12:00,True,True,True,True,4h,ACTIVE,BULL,03.09 12:00,,,
2026-09-07 13:28:38,btc_signals_log(07.09)_v4.csv,,,,2026-09-07 12:00:00,ACTIVE,BULL,03.09 12:00,True,True,True,True,4h,ACTIVE,BULL,03.09 12:00,,,
2026-09-07 13:58:42,btc_signals_log(07.09)_v4.csv,,,,2026-09-07 12:00:00,ACTIVE,BULL,03.09 12:00,True,True,True,True,4h,ACTIVE,BULL,03.09 12:00,,,
2026-09-07 14:28:46,btc_signals_log(07.09)_v4.csv,,,,2026-09-07 12:00:00,ACTIVE,BULL,03.09 12:00,True,True,True,True,4h,ACTIVE,BULL,03.09 12:00,,,
2026-09-07 14:58:51,btc_signals_log(07.09)_v4.csv,,,,2026-09-07 12:00:00,ACTIVE,BULL,03.09 12:00,True,True,True,True,4h,ACTIVE,BULL,03.09 12:00,,,
2026-09-07 15:28:55,btc_signals_log(07.09)_v4.csv,,,,2026-09-07 12:00:00,ACTIVE,BULL,03.09 12:00,True,True,True,True,4h,ACTIVE,BULL,03.09 12:00,,,
2026-09-07 15:58:59,btc_signals_log(07.09)_v4.csv,,,,2026-09-07 12:00:00,ACTIVE,BULL,03.09 12:00,True,True,True,True,4h,ACTIVE,BULL,03.09 12:00,,,
2026-09-07 16:29:03,btc_signals_log(07.09)_v4.csv,,,,2026-09-07 16:00:00,ENDED,BULL,03.09 12:00,True,True,True,True,4h,ENDED,BULL,03.09 12:00,,,
2026-09-07 16:59:07,btc_signals_log(07.09)_v4.csv,,,,2026-09-07 16:00:00,ENDED,BULL,03.09 12:00,True,True,True,True,4h,ENDED,BULL,03.09 12:00,,,
2026-09-07 17:29:11,btc_signals_log(07.09)_v4.csv,,,,2026-09-07 16:00:00,ENDED,BULL,03.09 12:00,True,True,True,True,4h,ENDED,BULL,03.09 12:00,,,
2026-09-07 17:59:15,btc_signals_log(07.09)_v4.csv,,,,2026-09-07 16:00:00,ENDED,BULL,03.09 12:00,True,True,True,True,4h,ENDED,BULL,03.09 12:00,,,
2026-09-07 18:29:19,btc_signals_log(07.09)_v4.csv,,,,2026-09-07 16:00:00,ENDED,BULL,03.09 12:00,True,True,True,True,4h,ENDED,BULL,03.09 12:00,,,
2026-09-07 18:59:23,btc_signals_log(07.09)_v4.csv,,,,2026-09-07 16:00:00,ENDED,BULL,03.09 12:00,True,True,True,True,4h,ENDED,BULL,03.09 12:00,,,
2026-09-07 19:29:26,btc_signals_log(07.09)_v4.csv,,,,2026-09-07 16:00:00,ENDED,BULL,03.09 12:00,True,True,True,True,4h,ENDED,BULL,03.09 12:00,,,
2026-09-07 19:59:30,btc_signals_log(07.09)_v4.csv,,,,2026-09-07 16:00:00,ENDED,BULL,03.09 12:00,True,True,True,True,4h,ENDED,BULL,03.09 12:00,,,
2026-09-07 20:29:34,btc_signals_log(07.09)_v4.csv,,,,2026-09-07 20:00:00,ENDED,BULL,03.09 12:00,True,True,True,True,4h,ENDED,BULL,03.09 12:00,,,
2026-09-07 20:59:37,btc_signals_log(07.09)_v4.csv,,,,2026-09-07 20:00:00,ENDED,BULL,03.09 12:00,True,True,True,True,4h,ENDED,BULL,03.09 12:00,,,
2026-09-07 21:29:41,btc_signals_log(07.09)_v4.csv,,,,2026-09-07 20:00:00,ENDED,BULL,03.09 12:00,True,True,True,True,4h,ENDED,BULL,03.09 12:00,,,
2026-09-07 21:59:45,btc_signals_log(07.09)_v4.csv,,,,2026-09-07 20:00:00,ENDED,BULL,03.09 12:00,True,True,True,True,4h,ENDED,BULL,03.09 12:00,,,
2026-09-07 22:29:48,btc_signals_log(07.09)_v4.csv,,,,2026-09-07 20:00:00,ENDED,BULL,03.09 12:00,True,True,True,True,4h,ENDED,BULL,03.09 12:00,,,
2026-09-07 22:59:52,btc_signals_log(07.09)_v4.csv,,,,2026-09-07 20:00:00,ENDED,BULL,03.09 12:00,True,True,True,True,4h,ENDED,BULL,03.09 12:00,,,
2026-09-07 23:29:57,btc_signals_log(07.09)_v4.csv,,,,2026-09-07 20:00:00,ENDED,BULL,03.09 12:00,True,True,True,True,4h,ENDED,BULL,03.09 12:00,,,
2026-09-08 00:00:00,btc_signals_log(08.09)_v4.csv,,,,2026-09-08 00:00:00,ENDED,BULL,03.09 12:00,True,True,True,True,4h,ENDED,BULL,03.09 12:00,,,
2026-09-08 00:30:05,btc_signals_log(08.09)_v4.csv,,,,2026-09-08 00:00:00,ENDED,BULL,03.09 12:00,True,True,True,True,4h,ENDED,BULL,03.09 12:00,,,
2026-09-08 01:00:10,btc_signals_log(08.09)_v4.csv,,,,2026-09-08 00:00:00,ENDED,BULL,03.09 12:00,True,True,True,True,4h,ENDED,BULL,03.09 12:00,,,
2026-09-08 01:30:13,btc_signals_log(08.09)_v4.csv,,,,2026-09-08 00:00:00,ENDED,BULL,03.09 12:00,True,True,True,True,4h,ENDED,BULL,03.09 12:00,,,
2026-09-08 02:00:17,btc_signals_log(08.09)_v4.csv,,,,2026-09-08 00:00:00,ENDED,BULL,03.09 12:00,True,True,True,True,4h,ENDED,BULL,03.09 12:00,,,
2026-09-08 02:30:21,btc_signals_log(08.09)_v4.csv,,,,2026-09-08 00:00:00,ENDED,BULL,03.09 12:00,True,True,True,True,4h,ENDED,BULL,03.09 12:00,,,
2026-09-08 03:00:25,btc_signals_log(08.09)_v4.csv,,,,2026-09-08 00:00:00,ENDED,BULL,03.09 12:00,True,True,True,True,4h,ENDED,BULL,03.09 12:00,,,
2026-09-08 03:30:29,btc_signals_log(08.09)_v4.csv,,,,2026-09-08 00:00:00,ENDED,BULL,03.09 12:00,True,True,True,True,4h,ENDED,BULL,03.09 12:00,,,
2026-09-08 04:00:32,btc_signals_log(08.09)_v4.csv,,,,2026-09-08 04:00:00,ENDED,BULL,03.09 12:00,True,True,True,True,4h,ENDED,BULL,03.09 12:00,,,
2026-09-08 04:30:36,btc_signals_log(08.09)_v4.csv,,,,2026-09-08 04:00:00,ENDED,BULL,03.09 12:00,True,True,True,True,4h,ENDED,BULL,03.09 12:00,,,
2026-09-08 05:00:40,btc_signals_log(08.09)_v4.csv,,,,2026-09-08 04:00:00,ENDED,BULL,03.09 12:00,True,True,True,True,4h,ENDED,BULL,03.09 12:00,,,
2026-09-08 05:30:44,btc_signals_log(08.09)_v4.csv,,,,2026-09-08 04:00:00,ENDED,BULL,03.09 12:00,True,True,True,True,4h,ENDED,BULL,03.09 12:00,,,
2026-09-08 06:00:47,btc_signals_log(08.09)_v4.csv,,,,2026-09-08 04:00:00,ENDED,BULL,03.09 12:00,True,True,True,True,4h,ENDED,BULL,03.09 12:00,,,
2026-09-08 06:30:51,btc_signals_log(08.09)_v4.csv,,,,2026-09-08 04:00:00,ENDED,BULL,03.09 12:00,True,True,True,True,4h,ENDED,BULL,03.09 12:00,,,
2026-09-08 07:00:54,btc_signals_log(08.09)_v4.csv,,,,2026-09-08 04:00:00,ENDED,BULL,03.09 12:00,True,True,True,True,4h,ENDED,BULL,03.09 12:00,,,
2026-09-08 07:30:58,btc_signals_log(08.09)_v4.csv,,,,2026-09-08 04:00:00,ENDED,BULL,03.09 12:00,True,True,True,True,4h,ENDED,BULL,03.09 12:00,,,
2026-09-08 08:01:02,btc_signals_log(08.09)_v4.csv,,,,2026-09-08 08:00:00,ENDED,BULL,03.09 12:00,True,True,True,True,4h,ENDED,BULL,03.09 12:00,,,
2026-09-08 08:31:05,btc_signals_log(08.09)_v4.csv,,,,2026-09-08 08:00:00,ENDED,BULL,03.09 12:00,True,True,True,True,4h,ENDED,BULL,03.09 12:00,,,
2026-09-08 09:01:09,btc_signals_log(08.09)_v4.csv,,,,2026-09-08 08:00:00,ENDED,BULL,03.09 12:00,True,True,True,True,4h,ENDED,BULL,03.09 12:00,,,
2026-09-08 09:31:13,btc_signals_log(08.09)_v4.csv,,,,2026-09-08 08:00:00,ENDED,BULL,03.09 12:00,True,True,True,True,4h,ENDED,BULL,03.09 12:00,,,
2026-09-08 10:01:17,btc_signals_log(08.09)_v4.csv,,,,2026-09-08 08:00:00,ENDED,BULL,03.09 12:00,True,True,True,True,4h,ENDED,BULL,03.09 12:00,,,
2026-09-08 10:31:21,btc_signals_log(08.09)_v4.csv,,,,2026-09-08 08:00:00,ENDED,BULL,03.09 12:00,True,True,True,True,4h,ENDED,BULL,03.09 12:00,,,
2026-09-08 11:01:24,btc_signals_log(08.09)_v4.csv,,,,2026-09-08 08:00:00,ENDED,BULL,03.09 12:00,True,True,True,True,4h,ENDED,BULL,03.09 12:00,,,
2026-09-08 11:31:28,btc_signals_log(08.09)_v4.csv,,,,2026-09-08 08:00:00,ENDED,BULL,03.09 12:00,True,True,True,True,4h,ENDED,BULL,03.09 12:00,,,
2026-09-08 12:01:32,btc_signals_log(08.09)_v4.csv,,,,2026-09-08 12:00:00,ENDED,BULL,03.09 12:00,True,True,True,True,4h,ENDED,BULL,03.09 12:00,,,
2026-09-08 12:31:36,btc_signals_log(08.09)_v4.csv,,,,2026-09-08 12:00:00,ENDED,BULL,03.09 12:00,True,True,True,True,4h,ENDED,BULL,03.09 12:00,,,
2026-09-08 13:01:40,btc_signals_log(08.09)_v4.csv,,,,2026-09-08 12:00:00,ENDED,BULL,03.09 12:00,True,True,True,True,4h,ENDED,BULL,03.09 12:00,,,
2026-09-08 13:31:44,btc_signals_log(08.09)_v4.csv,,,,2026-09-08 12:00:00,ENDED,BULL,03.09 12:00,True,True,True,True,4h,ENDED,BULL,03.09 12:00,,,
2026-09-08 14:01:48,btc_signals_log(08.09)_v4.csv,,,,2026-09-08 12:00:00,ENDED,BULL,03.09 12:00,True,True,True,True,4h,ENDED,BULL,03.09 12:00,,,
2026-09-08 14:31:52,btc_signals_log(08.09)_v4.csv,,,,2026-09-08 12:00:00,ENDED,BULL,03.09 12:00,True,True,True,True,4h,ENDED,BULL,03.09 12:00,,,
2026-09-08 15:01:56,btc_signals_log(08.09)_v4.csv,,,,2026-09-08 12:00:00,ENDED,BULL,03.09 12:00,True,True,True,True,4h,ENDED,BULL,03.09 12:00,,,
2026-09-08 15:31:59,btc_signals_log(08.09)_v4.csv,,,,2026-09-08 12:00:00,ENDED,BULL,03.09 12:00,True,True,True,True,4h,ENDED,BULL,03.09 12:00,,,
2026-09-08 16:02:03,btc_signals_log(08.09)_v4.csv,,,,2026-09-08 16:00:00,ENDED,BULL,03.09 12:00,True,True,True,True,4h,ENDED,BULL,03.09 12:00,,,
2026-09-08 16:32:07,btc_signals_log(08.09)_v4.csv,,,,2026-09-08 16:00:00,ENDED,BULL,03.09 12:00,True,True,True,True,4h,ENDED,BULL,03.09 12:00,,,
2026-09-08 17:02:11,btc_signals_log(08.09)_v4.csv,,,,2026-09-08 16:00:00,ENDED,BULL,03.09 12:00,True,True,True,True,4h,ENDED,BULL,03.09 12:00,,,
2026-09-08 17:32:15,btc_signals_log(08.09)_v4.csv,,,,2026-09-08 16:00:00,ENDED,BULL,03.09 12:00,True,True,True,True,4h,ENDED,BULL,03.09 12:00,,,
2026-09-08 18:02:19,btc_signals_log(08.09)_v4.csv,,,,2026-09-08 16:00:00,ENDED,BULL,03.09 12:00,True,True,True,True,4h,ENDED,BULL,03.09 12:00,,,
2026-09-08 18:32:23,btc_signals_log(08.09)_v4.csv,,,,2026-09-08 16:00:00,ENDED,BULL,03.09 12:00,True,True,True,True,4h,ENDED,BULL,03.09 12:00,,,
2026-09-08 19:02:27,btc_signals_log(08.09)_v4.csv,,,,2026-09-08 16:00:00,ENDED,BULL,03.09 12:00,True,True,True,True,4h,ENDED,BULL,03.09 12:00,,,
2026-09-08 19:32:31,btc_signals_log(08.09)_v4.csv,,,,2026-09-08 16:00:00,ENDED,BULL,03.09 12:00,True,True,True,True,4h,ENDED,BULL,03.09 12:00,,,
2026-09-08 20:02:35,btc_signals_log(08.09)_v4.csv,,,,2026-09-08 20:00:00,ENDED,BULL,03.09 12:00,True,True,True,True,4h,ENDED,BULL,03.09 12:00,,,
2026-09-08 20:32:39,btc_signals_log(08.09)_v4.csv,,,,2026-09-08 20:00:00,ENDED,BULL,03.09 12:00,True,True,True,True,4h,ENDED,BULL,03.09 12:00,,,
2026-09-08 21:02:42,btc_signals_log(08.09)_v4.csv,,,,2026-09-08 20:00:00,ENDED,BULL,03.09 12:00,True,True,True,True,4h,ENDED,BULL,03.09 12:00,,,
2026-09-08 21:32:46,btc_signals_log(08.09)_v4.csv,,,,2026-09-08 20:00:00,ENDED,BULL,03.09 12:00,True,True,True,True,4h,ENDED,BULL,03.09 12:00,,,
2026-09-08 22:02:49,btc_signals_log(08.09)_v4.csv,,,,2026-09-08 20:00:00,ENDED,BULL,03.09 12:00,True,True,True,True,4h,ENDED,BULL,03.09 12:00,,,
2026-09-08 22:32:53,btc_signals_log(08.09)_v4.csv,,,,2026-09-08 20:00:00,ENDED,BULL,03.09 12:00,True,True,True,True,4h,ENDED,BULL,03.09 12:00,,,
2026-09-08 23:02:57,btc_signals_log(08.09)_v4.csv,,,,2026-09-08 20:00:00,ENDED,BULL,03.09 12:00,True,True,True,True,4h,ENDED,BULL,03.09 12:00,,,
2026-09-08 23:33:01,btc_signals_log(08.09)_v4.csv,,,,2026-09-08 20:00:00,ENDED,BULL,03.09 12:00,True,True,True,True,4h,ENDED,BULL,03.09 12:00,,,
2026-09-09 00:03:05,btc_signals_log(09.09)_v4.csv,,,,2026-09-09 00:00:00,ENDED,BULL,03.09 12:00,True,True,True,True,4h,ENDED,BULL,03.09 12:00,,,
2026-09-09 00:33:09,btc_signals_log(09.09)_v4.csv,,,,2026-09-09 00:00:00,ENDED,BULL,03.09 12:00,True,True,True,True,4h,ENDED,BULL,03.09 12:00,,,
2026-09-09 01:03:12,btc_signals_log(09.09)_v4.csv,,,,2026-09-09 00:00:00,ENDED,BULL,03.09 12:00,True,True,True,True,4h,ENDED,BULL,03.09 12:00,,,
2026-09-09 01:33:16,btc_signals_log(09.09)_v4.csv,,,,2026-09-09 00:00:00,ENDED,BULL,03.09 12:00,True,True,True,True,4h,ENDED,BULL,03.09 12:00,,,
2026-09-09 02:03:20,btc_signals_log(09.09)_v4.csv,,,,2026-09-09 00:00:00,ENDED,BULL,03.09 12:00,True,True,True,True,4h,ENDED,BULL,03.09 12:00,,,
2026-09-09 02:33:24,btc_signals_log(09.09)_v4.csv,,,,2026-09-09 00:00:00,ENDED,BULL,03.09 12:00,True,True,True,True,4h,ENDED,BULL,03.09 12:00,,,
2026-09-09 03:03:28,btc_signals_log(09.09)_v4.csv,,,,2026-09-09 00:00:00,ENDED,BULL,03.09 12:00,True,True,True,True,4h,ENDED,BULL,03.09 12:00,,,
2026-09-09 03:33:31,btc_signals_log(09.09)_v4.csv,,,,2026-09-09 00:00:00,ENDED,BULL,03.09 12:00,True,True,True,True,4h,ENDED,BULL,03.09 12:00,,,
2026-09-09 04:03:35,btc_signals_log(09.09)_v4.csv,,,,2026-09-09 04:00:00,ENDED,BULL,03.09 12:00,True,True,True,True,4h,ENDED,BULL,03.09 12:00,,,
2026-09-09 04:33:39,btc_signals_log(09.09)_v4.csv,,,,2026-09-09 04:00:00,ENDED,BULL,03.09 12:00,True,True,True,True,4h,ENDED,BULL,03.09 12:00,,,
2026-09-09 05:03:42,btc_signals_log(09.09)_v4.csv,,,,2026-09-09 04:00:00,ENDED,BULL,03.09 12:00,True,True,True,True,4h,ENDED,BULL,03.09 12:00,,,
2026-09-09 05:33:46,btc_signals_log(09.09)_v4.csv,,,,2026-09-09 04:00:00,ENDED,BULL,03.09 12:00,True,True,True,True,4h,ENDED,BULL,03.09 12:00,,,
2026-09-09 06:03:50,btc_signals_log(09.09)_v4.csv,,,,2026-09-09 04:00:00,ENDED,BULL,03.09 12:00,True,True,True,True,4h,ENDED,BULL,03.09 12:00,,,
2026-09-09 06:33:54,btc_signals_log(09.09)_v4.csv,,,,2026-09-09 04:00:00,ENDED,BULL,03.09 12:00,True,True,True,True,4h,ENDED,BULL,03.09 12:00,,,
2026-09-09 07:03:57,btc_signals_log(09.09)_v4.csv,,,,2026-09-09 04:00:00,ENDED,BULL,03.09 12:00,True,True,True,True,4h,ENDED,BULL,03.09 12:00,,,
2026-09-09 07:34:01,btc_signals_log(09.09)_v4.csv,,,,2026-09-09 04:00:00,ENDED,BULL,03.09 12:00,True,True,True,True,4h,ENDED,BULL,03.09 12:00,,,
2026-09-09 08:04:05,btc_signals_log(09.09)_v4.csv,,,,2026-09-09 08:00:00,ENDED,BULL,03.09 12:00,True,True,True,True,4h,ENDED,BULL,03.09 12:00,,,
2026-09-09 08:34:10,btc_signals_log(09.09)_v4.csv,,,,2026-09-09 08:00:00,ENDED,BULL,03.09 12:00,True,True,True,True,4h,ENDED,BULL,03.09 12:00,,,
2026-09-09 09:04:13,btc_signals_log(09.09)_v4.csv,,,,2026-09-09 08:00:00,ENDED,BULL,03.09 12:00,True,True,True,True,4h,ENDED,BULL,03.09 12:00,,,
2026-09-09 09:34:17,btc_signals_log(09.09)_v4.csv,,,,2026-09-09 08:00:00,ENDED,BULL,03.09 12:00,True,True,True,True,4h,ENDED,BULL,03.09 12:00,,,
2026-09-09 10:04:21,btc_signals_log(09.09)_v4.csv,,,,2026-09-09 08:00:00,ENDED,BULL,03.09 12:00,True,True,True,True,4h,ENDED,BULL,03.09 12:00,,,
2026-09-09 10:34:25,btc_signals_log(09.09)_v4.csv,,,,2026-09-09 08:00:00,ENDED,BULL,03.09 12:00,True,True,True,True,4h,ENDED,BULL,03.09 12:00,,,
2026-09-09 11:04:31,btc_signals_log(09.09)_v4.csv,,,,2026-09-09 08:00:00,ENDED,BULL,03.09 12:00,True,True,True,True,4h,ENDED,BULL,03.09 12:00,,,
2026-09-09 11:34:36,btc_signals_log(09.09)_v4.csv,,,,2026-09-09 08:00:00,ENDED,BULL,03.09 12:00,True,True,True,True,4h,ENDED,BULL,03.09 12:00,,,
2026-09-09 12:04:41,btc_signals_log(09.09)_v4.csv,,,,2026-09-09 12:00:00,ENDED,BULL,03.09 12:00,True,True,True,True,4h,ENDED,BULL,03.09 12:00,,,
2026-09-09 12:36:22,btc_signals_log(09.09)_v4.csv,,,,2026-09-09 12:00:00,ENDED,BULL,03.09 12:00,True,True,True,True,4h,ENDED,BULL,03.09 12:00,,,
2026-09-09 13:06:26,btc_signals_log(09.09)_v4.csv,,,,2026-09-09 12:00:00,ENDED,BULL,03.09 12:00,True,True,True,True,4h,ENDED,BULL,03.09 12:00,,,
2026-09-09 13:36:30,btc_signals_log(09.09)_v4.csv,,,,2026-09-09 12:00:00,ENDED,BULL,03.09 12:00,True,True,True,True,4h,ENDED,BULL,03.09 12:00,,,
2026-09-09 14:06:34,btc_signals_log(09.09)_v4.csv,,,,2026-09-09 12:00:00,ENDED,BULL,03.09 12:00,True,True,True,True,4h,ENDED,BULL,03.09 12:00,,,
2026-09-09 14:36:38,btc_signals_log(09.09)_v4.csv,,,,2026-09-09 12:00:00,ENDED,BULL,03.09 12:00,True,True,True,True,4h,ENDED,BULL,03.09 12:00,,,
2026-09-09 15:06:42,btc_signals_log(09.09)_v4.csv,,,,2026-09-09 12:00:00,ENDED,BULL,03.09 12:00,True,True,True,True,4h,ENDED,BULL,03.09 12:00,,,
2026-09-09 15:36:45,btc_signals_log(09.09)_v4.csv,,,,2026-09-09 12:00:00,ENDED,BULL,03.09 12:00,True,True,True,True,4h,ENDED,BULL,03.09 12:00,,,
2026-09-09 16:06:50,btc_signals_log(09.09)_v4.csv,,,,2026-09-09 16:00:00,ENDED,BULL,03.09 12:00,True,True,True,True,4h,ENDED,BULL,03.09 12:00,,,
2026-09-09 16:36:54,btc_signals_log(09.09)_v4.csv,,,,2026-09-09 16:00:00,ENDED,BULL,03.09 12:00,True,True,True,True,4h,ENDED,BULL,03.09 12:00,,,
2026-09-09 17:06:57,btc_signals_log(09.09)_v4.csv,,,,2026-09-09 16:00:00,ENDED,BULL,03.09 12:00,True,True,True,True,4h,ENDED,BULL,03.09 12:00,,,
2026-09-09 17:37:01,btc_signals_log(09.09)_v4.csv,,,,2026-09-09 16:00:00,ENDED,BULL,03.09 12:00,True,True,True,True,4h,ENDED,BULL,03.09 12:00,,,
2026-09-09 18:07:05,btc_signals_log(09.09)_v4.csv,,,,2026-09-09 16:00:00,ENDED,BULL,03.09 12:00,True,True,True,True,4h,ENDED,BULL,03.09 12:00,,,
2026-09-09 18:37:09,btc_signals_log(09.09)_v4.csv,,,,2026-09-09 16:00:00,ENDED,BULL,03.09 12:00,True,True,True,True,4h,ENDED,BULL,03.09 12:00,,,
2026-09-09 19:07:13,btc_signals_log(09.09)_v4.csv,,,,2026-09-09 16:00:00,ENDED,BULL,03.09 12:00,True,True,True,True,4h,ENDED,BULL,03.09 12:00,,,
2026-09-09 19:37:17,btc_signals_log(09.09)_v4.csv,,,,2026-09-09 16:00:00,ENDED,BULL,03.09 12:00,True,True,True,True,4h,ENDED,BULL,03.09 12:00,,,
2026-09-09 20:07:21,btc_signals_log(09.09)_v4.csv,,,,2026-09-09 20:00:00,ENDED,BULL,03.09 12:00,True,True,True,True,4h,ENDED,BULL,03.09 12:00,,,
2026-09-09 20:37:25,btc_signals_log(09.09)_v4.csv,,,,2026-09-09 20:00:00,ENDED,BULL,03.09 12:00,True,True,True,True,4h,ENDED,BULL,03.09 12:00,,,
2026-09-09 21:07:29,btc_signals_log(09.09)_v4.csv,,,,2026-09-09 20:00:00,ENDED,BULL,03.09 12:00,True,True,True,True,4h,ENDED,BULL,03.09 12:00,,,
2026-09-09 21:37:32,btc_signals_log(09.09)_v4.csv,,,,2026-09-09 20:00:00,ENDED,BULL,03.09 12:00,True,True,True,True,4h,ENDED,BULL,03.09 12:00,,,
2026-09-09 22:07:36,btc_signals_log(09.09)_v4.csv,,,,2026-09-09 20:00:00,ENDED,BULL,03.09 12:00,True,True,True,True,4h,ENDED,BULL,03.09 12:00,,,
2026-09-09 22:37:40,btc_signals_log(09.09)_v4.csv,,,,2026-09-09 20:00:00,ENDED,BULL,03.09 12:00,True,True,True,True,4h,ENDED,BULL,03.09 12:00,,,
2026-09-09 23:07:44,btc_signals_log(09.09)_v4.csv,,,,2026-09-09 20:00:00,ENDED,BULL,03.09 12:00,True,True,True,True,4h,ENDED,BULL,03.09 12:00,,,
2026-09-09 23:37:48,btc_signals_log(09.09)_v4.csv,,,,2026-09-09 20:00:00,ENDED,BULL,03.09 12:00,True,True,True,True,4h,ENDED,BULL,03.09 12:00,,,
2026-09-10 00:07:51,btc_signals_log(10.09)_v4.csv,,,,2026-09-10 00:00:00,ENDED,BULL,03.09 12:00,True,True,True,True,4h,ENDED,BULL,03.09 12:00,,,
2026-09-10 00:37:55,btc_signals_log(10.09)_v4.csv,,,,2026-09-10 00:00:00,ENDED,BULL,03.09 12:00,True,True,True,True,4h,ENDED,BULL,03.09 12:00,,,
2026-09-10 01:07:59,btc_signals_log(10.09)_v4.csv,,,,2026-09-10 00:00:00,ENDED,BULL,03.09 12:00,True,True,True,True,4h,ENDED,BULL,03.09 12:00,,,
2026-09-10 01:38:03,btc_signals_log(10.09)_v4.csv,,,,2026-09-10 00:00:00,ENDED,BULL,03.09 12:00,True,True,True,True,4h,ENDED,BULL,03.09 12:00,,,
2026-09-10 02:08:07,btc_signals_log(10.09)_v4.csv,,,,2026-09-10 00:00:00,ENDED,BULL,03.09 12:00,True,True,True,True,4h,ENDED,BULL,03.09 12:00,,,
2026-09-10 02:38:11,btc_signals_log(10.09)_v4.csv,,,,2026-09-10 00:00:00,ENDED,BULL,03.09 12:00,True,True,True,True,4h,ENDED,BULL,03.09 12:00,,,
2026-09-10 03:08:14,btc_signals_log(10.09)_v4.csv,,,,2026-09-10 00:00:00,ENDED,BULL,03.09 12:00,True,True,True,True,4h,ENDED,BULL,03.09 12:00,,,
2026-09-10 03:38:18,btc_signals_log(10.09)_v4.csv,,,,2026-09-10 00:00:00,ENDED,BULL,03.09 12:00,True,True,True,True,4h,ENDED,BULL,03.09 12:00,,,
2026-09-10 04:08:22,btc_signals_log(10.09)_v4.csv,,,,2026-09-10 04:00:00,ENDED,BULL,03.09 12:00,True,True,True,True,4h,ENDED,BULL,03.09 12:00,,,
2026-09-10 04:38:26,btc_signals_log(10.09)_v4.csv,,,,2026-09-10 04:00:00,ENDED,BULL,03.09 12:00,True,True,True,True,4h,ENDED,BULL,03.09 12:00,,,
2026-09-10 05:08:30,btc_signals_log(10.09)_v4.csv,,,,2026-09-10 04:00:00,ENDED,BULL,03.09 12:00,True,True,True,True,4h,ENDED,BULL,03.09 12:00,,,
2026-09-10 05:38:33,btc_signals_log(10.09)_v4.csv,,,,2026-09-10 04:00:00,ENDED,BULL,03.09 12:00,True,True,True,True,4h,ENDED,BULL,03.09 12:00,,,
2026-09-10 06:08:37,btc_signals_log(10.09)_v4.csv,,,,2026-09-10 04:00:00,ENDED,BULL,03.09 12:00,True,True,True,True,4h,ENDED,BULL,03.09 12:00,,,
2026-09-10 06:38:41,btc_signals_log(10.09)_v4.csv,,,,2026-09-10 04:00:00,ENDED,BULL,03.09 12:00,True,True,True,True,4h,ENDED,BULL,03.09 12:00,,,
2026-09-10 07:08:45,btc_signals_log(10.09)_v4.csv,,,,2026-09-10 04:00:00,ENDED,BULL,03.09 12:00,True,True,True,True,4h,ENDED,BULL,03.09 12:00,,,
2026-09-10 07:38:48,btc_signals_log(10.09)_v4.csv,,,,2026-09-10 04:00:00,ENDED,BULL,03.09 12:00,True,True,True,True,4h,ENDED,BULL,03.09 12:00,,,
2026-09-10 08:08:52,btc_signals_log(10.09)_v4.csv,,,,2026-09-10 08:00:00,ENDED,BULL,03.09 12:00,True,True,True,True,4h,ENDED,BULL,03.09 12:00,,,
2026-09-10 08:38:56,btc_signals_log(10.09)_v4.csv,,,,2026-09-10 08:00:00,ENDED,BULL,03.09 12:00,True,True,True,True,4h,ENDED,BULL,03.09 12:00,,,
2026-09-10 09:09:00,btc_signals_log(10.09)_v4.csv,,,,2026-09-10 08:00:00,ENDED,BULL,03.09 12:00,True,True,True,True,4h,ENDED,BULL,03.09 12:00,,,
2026-09-10 09:39:05,btc_signals_log(10.09)_v4.csv,,,,2026-09-10 08:00:00,ENDED,BULL,03.09 12:00,True,True,True,True,4h,ENDED,BULL,03.09 12:00,,,
2026-09-10 10:09:09,btc_signals_log(10.09)_v4.csv,,,,2026-09-10 08:00:00,ENDED,BULL,03.09 12:00,True,True,True,True,4h,ENDED,BULL,03.09 12:00,,,
2026-09-10 10:39:13,btc_signals_log(10.09)_v4.csv,,,,2026-09-10 08:00:00,ENDED,BULL,03.09 12:00,True,True,True,True,4h,ENDED,BULL,03.09 12:00,,,
2026-09-10 11:09:17,btc_signals_log(10.09)_v4.csv,,,,2026-09-10 08:00:00,ENDED,BULL,03.09 12:00,True,True,True,True,4h,ENDED,BULL,03.09 12:00,,,
2026-09-10 11:39:21,btc_signals_log(10.09)_v4.csv,,,,2026-09-10 08:00:00,ENDED,BULL,03.09 12:00,True,True,True,True,4h,ENDED,BULL,03.09 12:00,,,
2026-09-10 12:09:25,btc_signals_log(10.09)_v4.csv,,,,2026-09-10 12:00:00,ENDED,BULL,03.09 12:00,True,True,True,True,4h,ENDED,BULL,03.09 12:00,,,
2026-09-10 12:39:29,btc_signals_log(10.09)_v4.csv,,,,2026-09-10 12:00:00,ENDED,BULL,03.09 12:00,True,True,True,True,4h,ENDED,BULL,03.09 12:00,,,
2026-09-10 13:09:33,btc_signals_log(10.09)_v4.csv,,,,2026-09-10 12:00:00,ENDED,BULL,03.09 12:00,True,True,True,True,4h,ENDED,BULL,03.09 12:00,,,
2026-09-10 13:39:37,btc_signals_log(10.09)_v4.csv,,,,2026-09-10 12:00:00,ENDED,BULL,03.09 12:00,True,True,True,True,4h,ENDED,BULL,03.09 12:00,,,
2026-09-10 14:09:40,btc_signals_log(10.09)_v4.csv,,,,2026-09-10 12:00:00,ENDED,BULL,03.09 12:00,True,True,True,True,4h,ENDED,BULL,03.09 12:00,,,
2026-09-10 14:40:03,btc_signals_log(10.09)_v4.csv,,,,2026-09-10 12:00:00,ENDED,BULL,03.09 12:00,True,True,True,True,4h,ENDED,BULL,03.09 12:00,,,
2026-09-10 15:10:07,btc_signals_log(10.09)_v4.csv,,,,2026-09-10 12:00:00,ENDED,BULL,03.09 12:00,True,True,True,True,4h,ENDED,BULL,03.09 12:00,,,
2026-09-10 15:40:11,btc_signals_log(10.09)_v4.csv,,,,2026-09-10 12:00:00,ENDED,BULL,03.09 12:00,True,True,True,True,4h,ENDED,BULL,03.09 12:00,,,
2026-09-10 16:10:15,btc_signals_log(10.09)_v4.csv,,,,2026-09-10 16:00:00,ACTIVE,BEAR,10.09 12:00,True,True,True,True,4h,ACTIVE,BEAR,10.09 12:00,,,
2026-09-10 16:40:19,btc_signals_log(10.09)_v4.csv,,,,2026-09-10 16:00:00,ACTIVE,BEAR,10.09 12:00,True,True,True,True,4h,ACTIVE,BEAR,10.09 12:00,,,
2026-09-10 17:10:23,btc_signals_log(10.09)_v4.csv,,,,2026-09-10 16:00:00,ACTIVE,BEAR,10.09 12:00,True,True,True,True,4h,ACTIVE,BEAR,10.09 12:00,,,
2026-09-10 17:40:26,btc_signals_log(10.09)_v4.csv,,,,2026-09-10 16:00:00,ACTIVE,BEAR,10.09 12:00,True,True,True,True,4h,ACTIVE,BEAR,10.09 12:00,,,
2026-09-10 18:10:30,btc_signals_log(10.09)_v4.csv,,,,2026-09-10 16:00:00,ACTIVE,BEAR,10.09 12:00,True,True,True,True,4h,ACTIVE,BEAR,10.09 12:00,,,
2026-09-10 18:40:34,btc_signals_log(10.09)_v4.csv,,,,2026-09-10 16:00:00,ACTIVE,BEAR,10.09 12:00,True,True,True,True,4h,ACTIVE,BEAR,10.09 12:00,,,
2026-09-10 19:10:38,btc_signals_log(10.09)_v4.csv,,,,2026-09-10 16:00:00,ACTIVE,BEAR,10.09 12:00,True,True,True,True,4h,ACTIVE,BEAR,10.09 12:00,,,
2026-09-10 19:40:42,btc_signals_log(10.09)_v4.csv,,,,2026-09-10 16:00:00,ACTIVE,BEAR,10.09 12:00,True,True,True,True,4h,ACTIVE,BEAR,10.09 12:00,,,
2026-09-10 20:10:45,btc_signals_log(10.09)_v4.csv,,,,2026-09-10 20:00:00,ACTIVE,BEAR,10.09 12:00,True,True,True,True,4h,ACTIVE,BEAR,10.09 12:00,,,
2026-09-10 20:40:49,btc_signals_log(10.09)_v4.csv,,,,2026-09-10 20:00:00,ACTIVE,BEAR,10.09 12:00,True,True,True,True,4h,ACTIVE,BEAR,10.09 12:00,,,
2026-09-10 21:10:53,btc_signals_log(10.09)_v4.csv,,,,2026-09-10 20:00:00,ACTIVE,BEAR,10.09 12:00,True,True,True,True,4h,ACTIVE,BEAR,10.09 12:00,,,
2026-09-10 21:40:57,btc_signals_log(10.09)_v4.csv,,,,2026-09-10 20:00:00,ACTIVE,BEAR,10.09 12:00,True,True,True,True,4h,ACTIVE,BEAR,10.09 12:00,,,
2026-09-10 22:11:01,btc_signals_log(10.09)_v4.csv,,,,2026-09-10 20:00:00,ACTIVE,BEAR,10.09 12:00,True,True,True,True,4h,ACTIVE,BEAR,10.09 12:00,,,
2026-09-10 22:41:05,btc_signals_log(10.09)_v4.csv,,,,2026-09-10 20:00:00,ACTIVE,BEAR,10.09 12:00,True,True,True,True,4h,ACTIVE,BEAR,10.09 12:00,,,
2026-09-10 23:11:09,btc_signals_log(10.09)_v4.csv,,,,2026-09-10 20:00:00,ACTIVE,BEAR,10.09 12:00,True,True,True,True,4h,ACTIVE,BEAR,10.09 12:00,,,
2026-09-10 23:41:13,btc_signals_log(10.09)_v4.csv,,,,2026-09-10 20:00:00,ACTIVE,BEAR,10.09 12:00,True,True,True,True,4h,ACTIVE,BEAR,10.09 12:00,,,
2026-09-11 00:11:17,btc_signals_log(11.09)_v4.csv,,,,2026-09-11 00:00:00,ACTIVE,BEAR,10.09 12:00,True,True,True,True,4h,ACTIVE,BEAR,10.09 12:00,,,
2026-09-11 00:41:21,btc_signals_log(11.09)_v4.csv,,,,2026-09-11 00:00:00,ACTIVE,BEAR,10.09 12:00,True,True,True,True,4h,ACTIVE,BEAR,10.09 12:00,,,
2026-09-11 01:11:25,btc_signals_log(11.09)_v4.csv,,,,2026-09-11 00:00:00,ACTIVE,BEAR,10.09 12:00,True,True,True,True,4h,ACTIVE,BEAR,10.09 12:00,,,
2026-09-11 01:41:28,btc_signals_log(11.09)_v4.csv,,,,2026-09-11 00:00:00,ACTIVE,BEAR,10.09 12:00,True,True,True,True,4h,ACTIVE,BEAR,10.09 12:00,,,
2026-09-11 02:11:32,btc_signals_log(11.09)_v4.csv,,,,2026-09-11 00:00:00,ACTIVE,BEAR,10.09 12:00,True,True,True,True,4h,ACTIVE,BEAR,10.09 12:00,,,
2026-09-11 02:41:36,btc_signals_log(11.09)_v4.csv,,,,2026-09-11 00:00:00,ACTIVE,BEAR,10.09 12:00,True,True,True,True,4h,ACTIVE,BEAR,10.09 12:00,,,
2026-09-11 03:11:40,btc_signals_log(11.09)_v4.csv,,,,2026-09-11 00:00:00,ACTIVE,BEAR,10.09 12:00,True,True,True,True,4h,ACTIVE,BEAR,10.09 12:00,,,
2026-09-11 03:41:44,btc_signals_log(11.09)_v4.csv,,,,2026-09-11 00:00:00,ACTIVE,BEAR,10.09 12:00,True,True,True,True,4h,ACTIVE,BEAR,10.09 12:00,,,
2026-09-11 04:11:48,btc_signals_log(11.09)_v4.csv,,,,2026-09-11 04:00:00,ACTIVE,BEAR,10.09 12:00,True,True,True,True,4h,ACTIVE,BEAR,10.09 12:00,,,
2026-09-11 04:41:51,btc_signals_log(11.09)_v4.csv,,,,2026-09-11 04:00:00,ACTIVE,BEAR,10.09 12:00,True,True,True,True,4h,ACTIVE,BEAR,10.09 12:00,,,
2026-09-11 05:11:55,btc_signals_log(11.09)_v4.csv,,,,2026-09-11 04:00:00,ACTIVE,BEAR,10.09 12:00,True,True,True,True,4h,ACTIVE,BEAR,10.09 12:00,,,
2026-09-11 05:41:59,btc_signals_log(11.09)_v4.csv,,,,2026-09-11 04:00:00,ACTIVE,BEAR,10.09 12:00,True,True,True,True,4h,ACTIVE,BEAR,10.09 12:00,,,
2026-09-11 06:12:03,btc_signals_log(11.09)_v4.csv,,,,2026-09-11 04:00:00,ACTIVE,BEAR,10.09 12:00,True,True,True,True,4h,ACTIVE,BEAR,10.09 12:00,,,
2026-09-11 06:42:07,btc_signals_log(11.09)_v4.csv,,,,2026-09-11 04:00:00,ACTIVE,BEAR,10.09 12:00,True,True,True,True,4h,ACTIVE,BEAR,10.09 12:00,,,
2026-09-11 07:12:11,btc_signals_log(11.09)_v4.csv,,,,2026-09-11 04:00:00,ACTIVE,BEAR,10.09 12:00,True,True,True,True,4h,ACTIVE,BEAR,10.09 12:00,,,
2026-09-11 07:42:15,btc_signals_log(11.09)_v4.csv,,,,2026-09-11 04:00:00,ACTIVE,BEAR,10.09 12:00,True,True,True,True,4h,ACTIVE,BEAR,10.09 12:00,,,
2026-09-11 08:12:19,btc_signals_log(11.09)_v4.csv,,,,2026-09-11 08:00:00,ACTIVE,BEAR,10.09 12:00,True,True,True,True,4h,ACTIVE,BEAR,10.09 12:00,,,
2026-09-11 08:42:24,btc_signals_log(11.09)_v4.csv,,,,2026-09-11 08:00:00,ACTIVE,BEAR,10.09 12:00,True,True,True,True,4h,ACTIVE,BEAR,10.09 12:00,,,
2026-09-11 09:12:28,btc_signals_log(11.09)_v4.csv,,,,2026-09-11 08:00:00,ACTIVE,BEAR,10.09 12:00,True,True,True,True,4h,ACTIVE,BEAR,10.09 12:00,,,
2026-09-11 09:42:32,btc_signals_log(11.09)_v4.csv,,,,2026-09-11 08:00:00,ACTIVE,BEAR,10.09 12:00,True,True,True,True,4h,ACTIVE,BEAR,10.09 12:00,,,
2026-09-11 10:15:09,btc_signals_log(11.09)_v4.csv,,,,2026-09-11 08:00:00,ACTIVE,BEAR,10.09 12:00,True,True,True,True,4h,ACTIVE,BEAR,10.09 12:00,,,
2026-09-11 10:45:14,btc_signals_log(11.09)_v4.csv,,,,2026-09-11 08:00:00,ACTIVE,BEAR,10.09 12:00,True,True,True,True,4h,ACTIVE,BEAR,10.09 12:00,,,
2026-09-11 11:15:19,btc_signals_log(11.09)_v4.csv,,,,2026-09-11 08:00:00,ACTIVE,BEAR,10.09 12:00,True,True,True,True,4h,ACTIVE,BEAR,10.09 12:00,,,
2026-09-11 11:45:24,btc_signals_log(11.09)_v4.csv,,,,2026-09-11 08:00:00,ACTIVE,BEAR,10.09 12:00,True,True,True,True,4h,ACTIVE,BEAR,10.09 12:00,,,
2026-09-11 12:15:30,btc_signals_log(11.09)_v4.csv,,,,2026-09-11 12:00:00,ACTIVE,BEAR,10.09 12:00,True,True,True,True,4h,ACTIVE,BEAR,10.09 12:00,,,
2026-09-11 12:45:35,btc_signals_log(11.09)_v4.csv,,,,2026-09-11 12:00:00,ACTIVE,BEAR,10.09 12:00,True,True,True,True,4h,ACTIVE,BEAR,10.09 12:00,,,
2026-09-11 13:15:40,btc_signals_log(11.09)_v4.csv,,,,2026-09-11 12:00:00,ACTIVE,BEAR,10.09 12:00,True,True,True,True,4h,ACTIVE,BEAR,10.09 12:00,,,
2026-09-11 13:45:46,btc_signals_log(11.09)_v4.csv,,,,2026-09-11 12:00:00,ACTIVE,BEAR,10.09 12:00,True,True,True,True,4h,ACTIVE,BEAR,10.09 12:00,,,
2026-09-11 14:15:51,btc_signals_log(11.09)_v4.csv,,,,2026-09-11 12:00:00,ACTIVE,BEAR,10.09 12:00,True,True,True,True,4h,ACTIVE,BEAR,10.09 12:00,,,
2026-09-11 14:45:56,btc_signals_log(11.09)_v4.csv,,,,2026-09-11 12:00:00,ACTIVE,BEAR,10.09 12:00,True,True,True,True,4h,ACTIVE,BEAR,10.09 12:00,,,
2026-09-11 15:16:01,btc_signals_log(11.09)_v4.csv,,,,2026-09-11 12:00:00,ACTIVE,BEAR,10.09 12:00,True,True,True,True,4h,ACTIVE,BEAR,10.09 12:00,,,
2026-09-11 15:46:06,btc_signals_log(11.09)_v4.csv,,,,2026-09-11 12:00:00,ACTIVE,BEAR,10.09 12:00,True,True,True,True,4h,ACTIVE,BEAR,10.09 12:00,,,
2026-09-11 16:16:11,btc_signals_log(11.09)_v4.csv,,,,2026-09-11 16:00:00,ACTIVE,BEAR,10.09 12:00,True,True,True,True,4h,ACTIVE,BEAR,10.09 12:00,,,
2026-09-11 16:46:17,btc_signals_log(11.09)_v4.csv,,,,2026-09-11 16:00:00,ACTIVE,BEAR,10.09 12:00,True,True,True,True,4h,ACTIVE,BEAR,10.09 12:00,,,
2026-09-11 17:16:22,btc_signals_log(11.09)_v4.csv,,,,2026-09-11 16:00:00,ACTIVE,BEAR,10.09 12:00,True,True,True,True,4h,ACTIVE,BEAR,10.09 12:00,,,
2026-09-11 17:46:27,btc_signals_log(11.09)_v4.csv,,,,2026-09-11 16:00:00,ACTIVE,BEAR,10.09 12:00,True,True,True,True,4h,ACTIVE,BEAR,10.09 12:00,,,
2026-09-11 18:16:32,btc_signals_log(11.09)_v4.csv,,,,2026-09-11 16:00:00,ACTIVE,BEAR,10.09 12:00,True,True,True,True,4h,ACTIVE,BEAR,10.09 12:00,,,
2026-09-11 18:46:37,btc_signals_log(11.09)_v4.csv,,,,2026-09-11 16:00:00,ACTIVE,BEAR,10.09 12:00,True,True,True,True,4h,ACTIVE,BEAR,10.09 12:00,,,
2026-09-11 19:16:42,btc_signals_log(11.09)_v4.csv,,,,2026-09-11 16:00:00,ACTIVE,BEAR,10.09 12:00,True,True,True,True,4h,ACTIVE,BEAR,10.09 12:00,,,
2026-09-11 19:46:48,btc_signals_log(11.09)_v4.csv,,,,2026-09-11 16:00:00,ACTIVE,BEAR,10.09 12:00,True,True,True,True,4h,ACTIVE,BEAR,10.09 12:00,,,
2026-09-11 20:16:54,btc_signals_log(11.09)_v4.csv,,,,2026-09-11 20:00:00,ACTIVE,BEAR,10.09 12:00,True,True,True,True,4h,ACTIVE,BEAR,10.09 12:00,,,
2026-09-11 20:47:00,btc_signals_log(11.09)_v4.csv,,,,2026-09-11 20:00:00,ACTIVE,BEAR,10.09 12:00,True,True,True,True,4h,ACTIVE,BEAR,10.09 12:00,,,
2026-09-11 21:17:05,btc_signals_log(11.09)_v4.csv,,,,2026-09-11 20:00:00,ACTIVE,BEAR,10.09 12:00,True,True,True,True,4h,ACTIVE,BEAR,10.09 12:00,,,
2026-09-11 21:55:45,btc_signals_log(11.09)_v4.csv,,,,2026-09-11 20:00:00,ACTIVE,BEAR,10.09 12:00,True,True,True,True,4h,ACTIVE,BEAR,10.09 12:00,,,
2026-09-11 22:32:55,btc_signals_log(11.09)_v4.csv,,,,2026-09-11 20:00:00,ACTIVE,BEAR,10.09 12:00,True,True,True,True,4h,ACTIVE,BEAR,10.09 12:00,,,
2026-09-11 23:03:00,btc_signals_log(11.09)_v4.csv,,,,2026-09-11 20:00:00,ACTIVE,BEAR,10.09 12:00,True,True,True,True,4h,ACTIVE,BEAR,10.09 12:00,,,
2026-09-12 08:45:10,btc_signals_log(12.09)_v4.csv,,,,2026-09-12 08:00:00,ACTIVE,BEAR,10.09 12:00,True,True,True,True,4h,ACTIVE,BEAR,10.09 12:00,,,
2026-09-12 08:46:20,btc_signals_log(12.09)_v4.csv,,,,2026-09-12 08:00:00,ACTIVE,BEAR,10.09 12:00,True,True,True,True,4h,ACTIVE,BEAR,10.09 12:00,,,
2026-09-12 08:50:07,btc_signals_log(12.09)_v4.csv,,,,2026-09-12 08:00:00,ACTIVE,BEAR,10.09 12:00,True,True,True,True,4h,ACTIVE,BEAR,10.09 12:00,,,
2026-09-12 09:16:25,btc_signals_log(12.09)_v4.csv,,,,2026-09-12 08:00:00,ACTIVE,BEAR,10.09 12:00,True,True,True,True,4h,ACTIVE,BEAR,10.09 12:00,,,
2026-09-12 09:46:30,btc_signals_log(12.09)_v4.csv,,,,2026-09-12 08:00:00,ACTIVE,BEAR,10.09 12:00,True,True,True,True,4h,ACTIVE,BEAR,10.09 12:00,,,
2026-09-12 11:46:36,btc_signals_log(12.09)_v4.csv,,,,2026-09-12 08:00:00,ACTIVE,BEAR,10.09 12:00,True,True,True,True,4h,ACTIVE,BEAR,10.09 12:00,,,
2026-09-12 16:58:23,btc_signals_log(12.09)_v4.csv,,,,2026-09-12 16:00:00,ACTIVE,BEAR,10.09 12:00,True,True,True,True,4h,ACTIVE,BEAR,10.09 12:00,,,
2026-09-12 17:28:28,btc_signals_log(12.09)_v4.csv,,,,2026-09-12 16:00:00,ACTIVE,BEAR,10.09 12:00,True,True,True,True,4h,ACTIVE,BEAR,10.09 12:00,,,
2026-09-12 17:58:32,btc_signals_log(12.09)_v4.csv,,,,2026-09-12 16:00:00,ACTIVE,BEAR,10.09 12:00,True,True,True,True,4h,ACTIVE,BEAR,10.09 12:00,,,
2026-09-12 18:28:37,btc_signals_log(12.09)_v4.csv,,,,2026-09-12 16:00:00,ACTIVE,BEAR,10.09 12:00,True,True,True,True,4h,ACTIVE,BEAR,10.09 12:00,,,
2026-09-12 18:58:41,btc_signals_log(12.09)_v4.csv,,,,2026-09-12 16:00:00,ACTIVE,BEAR,10.09 12:00,True,True,True,True,4h,ACTIVE,BEAR,10.09 12:00,,,
2026-09-12 19:28:45,btc_signals_log(12.09)_v4.csv,,,,2026-09-12 16:00:00,ACTIVE,BEAR,10.09 12:00,True,True,True,True,4h,ACTIVE,BEAR,10.09 12:00,,,
2026-09-12 19:58:49,btc_signals_log(12.09)_v4.csv,,,,2026-09-12 16:00:00,ACTIVE,BEAR,10.09 12:00,True,True,True,True,4h,ACTIVE,BEAR,10.09 12:00,,,
2026-09-12 20:28:53,btc_signals_log(12.09)_v4.csv,,,,2026-09-12 20:00:00,ACTIVE,BEAR,10.09 12:00,True,True,True,True,4h,ACTIVE,BEAR,10.09 12:00,,,
2026-09-12 20:58:58,btc_signals_log(12.09)_v4.csv,,,,2026-09-12 20:00:00,ACTIVE,BEAR,10.09 12:00,True,True,True,True,4h,ACTIVE,BEAR,10.09 12:00,,,
2026-09-12 21:29:02,btc_signals_log(12.09)_v4.csv,,,,2026-09-12 20:00:00,ACTIVE,BEAR,10.09 12:00,True,True,True,True,4h,ACTIVE,BEAR,10.09 12:00,,,
2026-09-12 21:59:06,btc_signals_log(12.09)_v4.csv,,,,2026-09-12 20:00:00,ACTIVE,BEAR,10.09 12:00,True,True,True,True,4h,ACTIVE,BEAR,10.09 12:00,,,
2026-09-12 22:29:10,btc_signals_log(12.09)_v4.csv,,,,2026-09-12 20:00:00,ACTIVE,BEAR,10.09 12:00,True,True,True,True,4h,ACTIVE,BEAR,10.09 12:00,,,
2026-09-12 22:59:14,btc_signals_log(12.09)_v4.csv,,,,2026-09-12 20:00:00,ACTIVE,BEAR,10.09 12:00,True,True,True,True,4h,ACTIVE,BEAR,10.09 12:00,,,
2026-09-12 23:29:18,btc_signals_log(12.09)_v4.csv,,,,2026-09-12 20:00:00,ACTIVE,BEAR,10.09 12:00,True,True,True,True,4h,ACTIVE,BEAR,10.09 12:00,,,
2026-09-12 23:59:23,btc_signals_log(12.09)_v4.csv,,,,2026-09-12 20:00:00,ACTIVE,BEAR,10.09 12:00,True,True,True,True,4h,ACTIVE,BEAR,10.09 12:00,,,
2026-09-13 00:29:27,btc_signals_log(13.09)_v4.csv,,,,2026-09-13 00:00:00,ACTIVE,BEAR,10.09 12:00,True,True,True,True,4h,ACTIVE,BEAR,10.09 12:00,,,
2026-09-13 00:59:31,btc_signals_log(13.09)_v4.csv,,,,2026-09-13 00:00:00,ACTIVE,BEAR,10.09 12:00,True,True,True,True,4h,ACTIVE,BEAR,10.09 12:00,,,
2026-09-13 01:29:37,btc_signals_log(13.09)_v4.csv,,,,2026-09-13 00:00:00,ACTIVE,BEAR,10.09 12:00,True,True,True,True,4h,ACTIVE,BEAR,10.09 12:00,,,
2026-09-13 01:59:42,btc_signals_log(13.09)_v4.csv,,,,2026-09-13 00:00:00,ACTIVE,BEAR,10.09 12:00,True,True,True,True,4h,ACTIVE,BEAR,10.09 12:00,,,
2026-09-13 02:29:46,btc_signals_log(13.09)_v4.csv,,,,2026-09-13 00:00:00,ACTIVE,BEAR,10.09 12:00,True,True,True,True,4h,ACTIVE,BEAR,10.09 12:00,,,
2026-09-13 02:59:51,btc_signals_log(13.09)_v4.csv,,,,2026-09-13 00:00:00,ACTIVE,BEAR,10.09 12:00,True,True,True,True,4h,ACTIVE,BEAR,10.09 12:00,,,
2026-09-13 03:29:55,btc_signals_log(13.09)_v4.csv,,,,2026-09-13 00:00:00,ACTIVE,BEAR,10.09 12:00,True,True,True,True,4h,ACTIVE,BEAR,10.09 12:00,,,
2026-09-13 03:59:59,btc_signals_log(13.09)_v4.csv,,,,2026-09-13 00:00:00,ACTIVE,BEAR,10.09 12:00,True,True,True,True,4h,ACTIVE,BEAR,10.09 12:00,,,
2026-09-13 04:30:05,btc_signals_log(13.09)_v4.csv,,,,2026-09-13 04:00:00,ACTIVE,BEAR,10.09 12:00,True,True,True,True,4h,ACTIVE,BEAR,10.09 12:00,,,
2026-09-13 05:00:10,btc_signals_log(13.09)_v4.csv,,,,2026-09-13 04:00:00,ACTIVE,BEAR,10.09 12:00,True,True,True,True,4h,ACTIVE,BEAR,10.09 12:00,,,
2026-09-13 05:30:14,btc_signals_log(13.09)_v4.csv,,,,2026-09-13 04:00:00,ACTIVE,BEAR,10.09 12:00,True,True,True,True,4h,ACTIVE,BEAR,10.09 12:00,,,
2026-09-13 06:00:19,btc_signals_log(13.09)_v4.csv,,,,2026-09-13 04:00:00,ACTIVE,BEAR,10.09 12:00,True,True,True,True,4h,ACTIVE,BEAR,10.09 12:00,,,
2026-09-13 06:30:23,btc_signals_log(13.09)_v4.csv,,,,2026-09-13 04:00:00,ACTIVE,BEAR,10.09 12:00,True,True,True,True,4h,ACTIVE,BEAR,10.09 12:00,,,
2026-09-13 07:00:28,btc_signals_log(13.09)_v4.csv,,,,2026-09-13 04:00:00,ACTIVE,BEAR,10.09 12:00,True,True,True,True,4h,ACTIVE,BEAR,10.09 12:00,,,
2026-09-13 07:30:33,btc_signals_log(13.09)_v4.csv,,,,2026-09-13 04:00:00,ACTIVE,BEAR,10.09 12:00,True,True,True,True,4h,ACTIVE,BEAR,10.09 12:00,,,
2026-09-13 08:00:37,btc_signals_log(13.09)_v4.csv,,,,2026-09-13 08:00:00,ACTIVE,BEAR,10.09 12:00,True,True,True,True,4h,ACTIVE,BEAR,10.09 12:00,,,
2026-09-13 08:30:42,btc_signals_log(13.09)_v4.csv,,,,2026-09-13 08:00:00,ACTIVE,BEAR,10.09 12:00,True,True,True,True,4h,ACTIVE,BEAR,10.09 12:00,,,
2026-09-13 09:05:46,btc_signals_log(13.09)_v4.csv,,,,2026-09-13 08:00:00,ACTIVE,BEAR,10.09 12:00,False,False,False,False,4h,NONE,,,,,
2026-09-13 09:35:51,btc_signals_log(13.09)_v4.csv,,,,2026-09-13 08:00:00,ACTIVE,BEAR,10.09 12:00,True,True,True,True,4h,ACTIVE,BEAR,10.09 12:00,,,
2026-09-13 10:05:55,btc_signals_log(13.09)_v4.csv,,,,2026-09-13 08:00:00,ACTIVE,BEAR,10.09 12:00,True,True,True,True,4h,ACTIVE,BEAR,10.09 12:00,,,
2026-09-13 10:35:59,btc_signals_log(13.09)_v4.csv,,,,2026-09-13 08:00:00,ACTIVE,BEAR,10.09 12:00,True,True,True,True,4h,ACTIVE,BEAR,10.09 12:00,,,
2026-09-13 11:06:04,btc_signals_log(13.09)_v4.csv,,,,2026-09-13 08:00:00,ACTIVE,BEAR,10.09 12:00,True,True,True,True,4h,ACTIVE,BEAR,10.09 12:00,,,
2026-09-13 11:36:09,btc_signals_log(13.09)_v4.csv,,,,2026-09-13 08:00:00,ACTIVE,BEAR,10.09 12:00,True,True,True,True,4h,ACTIVE,BEAR,10.09 12:00,,,
2026-09-13 12:06:13,btc_signals_log(13.09)_v4.csv,,,,2026-09-13 12:00:00,ACTIVE,BEAR,10.09 12:00,True,True,True,True,4h,ACTIVE,BEAR,10.09 12:00,,,
2026-09-13 12:36:21,btc_signals_log(13.09)_v4.csv,,,,2026-09-13 12:00:00,ACTIVE,BEAR,10.09 12:00,True,True,True,True,4h,ACTIVE,BEAR,10.09 12:00,,,
2026-09-13 13:06:26,btc_signals_log(13.09)_v4.csv,,,,2026-09-13 12:00:00,ACTIVE,BEAR,10.09 12:00,True,True,True,True,4h,ACTIVE,BEAR,10.09 12:00,,,
2026-09-13 13:36:30,btc_signals_log(13.09)_v4.csv,,,,2026-09-13 12:00:00,ACTIVE,BEAR,10.09 12:00,True,True,True,True,4h,ACTIVE,BEAR,10.09 12:00,,,
2026-09-13 14:06:35,btc_signals_log(13.09)_v4.csv,,,,2026-09-13 12:00:00,ACTIVE,BEAR,10.09 12:00,True,True,True,True,4h,ACTIVE,BEAR,10.09 12:00,,,
2026-09-13 14:36:40,btc_signals_log(13.09)_v4.csv,,,,2026-09-13 12:00:00,ACTIVE,BEAR,10.09 12:00,True,True,True,True,4h,ACTIVE,BEAR,10.09 12:00,,,
2026-09-13 15:06:44,btc_signals_log(13.09)_v4.csv,,,,2026-09-13 12:00:00,ACTIVE,BEAR,10.09 12:00,True,True,True,True,4h,ACTIVE,BEAR,10.09 12:00,,,
2026-09-13 15:36:48,btc_signals_log(13.09)_v4.csv,,,,2026-09-13 12:00:00,ACTIVE,BEAR,10.09 12:00,True,True,True,True,4h,ACTIVE,BEAR,10.09 12:00,,,
2026-09-13 16:06:52,btc_signals_log(13.09)_v4.csv,,,,2026-09-13 16:00:00,ACTIVE,BEAR,10.09 12:00,True,True,True,True,4h,ACTIVE,BEAR,10.09 12:00,,,
2026-09-13 16:36:56,btc_signals_log(13.09)_v4.csv,,,,2026-09-13 16:00:00,ACTIVE,BEAR,10.09 12:00,True,True,True,True,4h,ACTIVE,BEAR,10.09 12:00,,,
2026-09-13 17:07:01,btc_signals_log(13.09)_v4.csv,,,,2026-09-13 16:00:00,ACTIVE,BEAR,10.09 12:00,True,True,True,True,4h,ACTIVE,BEAR,10.09 12:00,,,
2026-09-13 17:37:05,btc_signals_log(13.09)_v4.csv,,,,2026-09-13 16:00:00,ACTIVE,BEAR,10.09 12:00,True,True,True,True,4h,ACTIVE,BEAR,10.09 12:00,,,
2026-09-13 18:07:09,btc_signals_log(13.09)_v4.csv,,,,2026-09-13 16:00:00,ACTIVE,BEAR,10.09 12:00,True,True,True,True,4h,ACTIVE,BEAR,10.09 12:00,,,
2026-09-13 18:37:13,btc_signals_log(13.09)_v4.csv,,,,2026-09-13 16:00:00,ACTIVE,BEAR,10.09 12:00,True,True,True,True,4h,ACTIVE,BEAR,10.09 12:00,,,
2026-09-13 19:07:18,btc_signals_log(13.09)_v4.csv,,,,2026-09-13 16:00:00,ACTIVE,BEAR,10.09 12:00,True,True,True,True,4h,ACTIVE,BEAR,10.09 12:00,,,
2026-09-13 19:37:22,btc_signals_log(13.09)_v4.csv,,,,2026-09-13 16:00:00,ACTIVE,BEAR,10.09 12:00,True,True,True,True,4h,ACTIVE,BEAR,10.09 12:00,,,
2026-09-13 20:07:26,btc_signals_log(13.09)_v4.csv,,,,2026-09-13 20:00:00,ACTIVE,BEAR,10.09 12:00,True,True,True,True,4h,ACTIVE,BEAR,10.09 12:00,,,
2026-09-13 20:37:31,btc_signals_log(13.09)_v4.csv,,,,2026-09-13 20:00:00,ACTIVE,BEAR,10.09 12:00,True,True,True,True,4h,ACTIVE,BEAR,10.09 12:00,,,
2026-09-13 21:07:37,btc_signals_log(13.09)_v4.csv,,,,2026-09-13 20:00:00,ACTIVE,BEAR,10.09 12:00,True,True,True,True,4h,ACTIVE,BEAR,10.09 12:00,,,
2026-09-13 21:37:41,btc_signals_log(13.09)_v4.csv,,,,2026-09-13 20:00:00,ACTIVE,BEAR,10.09 12:00,True,True,True,True,4h,ACTIVE,BEAR,10.09 12:00,,,
2026-09-13 22:07:45,btc_signals_log(13.09)_v4.csv,,,,2026-09-13 20:00:00,ACTIVE,BEAR,10.09 12:00,True,True,True,True,4h,ACTIVE,BEAR,10.09 12:00,,,
2026-09-13 22:37:50,btc_signals_log(13.09)_v4.csv,,,,2026-09-13 20:00:00,ACTIVE,BEAR,10.09 12:00,True,True,True,True,4h,ACTIVE,BEAR,10.09 12:00,,,
2026-09-13 23:07:54,btc_signals_log(13.09)_v4.csv,,,,2026-09-13 20:00:00,ACTIVE,BEAR,10.09 12:00,True,True,True,True,4h,ACTIVE,BEAR,10.09 12:00,,,
2026-09-13 23:37:59,btc_signals_log(13.09)_v4.csv,,,,2026-09-13 20:00:00,ACTIVE,BEAR,10.09 12:00,True,True,True,True,4h,ACTIVE,BEAR,10.09 12:00,,,
2026-09-14 00:08:03,btc_signals_log(14.09)_v4.csv,,,,2026-09-14 00:00:00,ACTIVE,BEAR,10.09 12:00,True,True,True,True,4h,ACTIVE,BEAR,10.09 12:00,,,
2026-09-14 00:38:08,btc_signals_log(14.09)_v4.csv,,,,2026-09-14 00:00:00,ACTIVE,BEAR,10.09 12:00,True,True,True,True,4h,ACTIVE,BEAR,10.09 12:00,,,
2026-09-14 01:08:12,btc_signals_log(14.09)_v4.csv,,,,2026-09-14 00:00:00,ACTIVE,BEAR,10.09 12:00,True,True,True,True,4h,ACTIVE,BEAR,10.09 12:00,,,
2026-09-14 01:38:17,btc_signals_log(14.09)_v4.csv,,,,2026-09-14 00:00:00,ACTIVE,BEAR,10.09 12:00,True,True,True,True,4h,ACTIVE,BEAR,10.09 12:00,,,
2026-09-14 02:08:21,btc_signals_log(14.09)_v4.csv,,,,2026-09-14 00:00:00,ACTIVE,BEAR,10.09 12:00,True,True,True,True,4h,ACTIVE,BEAR,10.09 12:00,,,
2026-09-14 02:38:26,btc_signals_log(14.09)_v4.csv,,,,2026-09-14 00:00:00,ACTIVE,BEAR,10.09 12:00,True,True,True,True,4h,ACTIVE,BEAR,10.09 12:00,,,
2026-09-14 03:08:30,btc_signals_log(14.09)_v4.csv,,,,2026-09-14 00:00:00,ACTIVE,BEAR,10.09 12:00,True,True,True,True,4h,ACTIVE,BEAR,10.09 12:00,,,
2026-09-14 03:38:34,btc_signals_log(14.09)_v4.csv,,,,2026-09-14 00:00:00,ACTIVE,BEAR,10.09 12:00,True,True,True,True,4h,ACTIVE,BEAR,10.09 12:00,,,
2026-09-14 04:08:39,btc_signals_log(14.09)_v4.csv,,,,2026-09-14 04:00:00,ENDED,BEAR,10.09 12:00,True,True,True,True,4h,ENDED,BEAR,10.09 12:00,,,
2026-09-14 04:38:43,btc_signals_log(14.09)_v4.csv,,,,2026-09-14 04:00:00,ENDED,BEAR,10.09 12:00,True,True,True,True,4h,ENDED,BEAR,10.09 12:00,,,
2026-09-14 05:08:48,btc_signals_log(14.09)_v4.csv,,,,2026-09-14 04:00:00,ENDED,BEAR,10.09 12:00,True,True,True,True,4h,ENDED,BEAR,10.09 12:00,,,
2026-09-14 05:38:52,btc_signals_log(14.09)_v4.csv,,,,2026-09-14 04:00:00,ENDED,BEAR,10.09 12:00,True,True,True,True,4h,ENDED,BEAR,10.09 12:00,,,
2026-09-14 06:08:57,btc_signals_log(14.09)_v4.csv,,,,2026-09-14 04:00:00,ENDED,BEAR,10.09 12:00,True,True,True,True,4h,ENDED,BEAR,10.09 12:00,,,
2026-09-14 06:39:02,btc_signals_log(14.09)_v4.csv,,,,2026-09-14 04:00:00,ENDED,BEAR,10.09 12:00,True,True,True,True,4h,ENDED,BEAR,10.09 12:00,,,
2026-09-14 07:09:07,btc_signals_log(14.09)_v4.csv,,,,2026-09-14 04:00:00,ENDED,BEAR,10.09 12:00,True,True,True,True,4h,ENDED,BEAR,10.09 12:00,,,
2026-09-14 07:39:12,btc_signals_log(14.09)_v4.csv,,,,2026-09-14 04:00:00,ENDED,BEAR,10.09 12:00,True,True,True,True,4h,ENDED,BEAR,10.09 12:00,,,
2026-09-14 08:09:17,btc_signals_log(14.09)_v4.csv,,,,2026-09-14 08:00:00,ENDED,BEAR,10.09 12:00,True,True,True,True,4h,ENDED,BEAR,10.09 12:00,,,
2026-09-14 08:39:22,btc_signals_log(14.09)_v4.csv,,,,2026-09-14 08:00:00,ENDED,BEAR,10.09 12:00,True,True,True,True,4h,ENDED,BEAR,10.09 12:00,,,
2026-09-14 09:09:27,btc_signals_log(14.09)_v4.csv,,,,2026-09-14 08:00:00,ENDED,BEAR,10.09 12:00,True,True,True,True,4h,ENDED,BEAR,10.09 12:00,,,
2026-09-14 09:39:32,btc_signals_log(14.09)_v4.csv,,,,2026-09-14 08:00:00,ENDED,BEAR,10.09 12:00,True,True,True,True,4h,ENDED,BEAR,10.09 12:00,,,
2026-09-14 10:09:37,btc_signals_log(14.09)_v4.csv,,,,2026-09-14 08:00:00,ENDED,BEAR,10.09 12:00,True,True,True,True,4h,ENDED,BEAR,10.09 12:00,,,
2026-09-14 10:39:41,btc_signals_log(14.09)_v4.csv,,,,2026-09-14 08:00:00,ENDED,BEAR,10.09 12:00,True,True,True,True,4h,ENDED,BEAR,10.09 12:00,,,
2026-09-14 11:09:46,btc_signals_log(14.09)_v4.csv,,,,2026-09-14 08:00:00,ENDED,BEAR,10.09 12:00,True,True,True,True,4h,ENDED,BEAR,10.09 12:00,,,
2026-09-14 11:39:51,btc_signals_log(14.09)_v4.csv,,,,2026-09-14 08:00:00,ENDED,BEAR,10.09 12:00,True,True,True,True,4h,ENDED,BEAR,10.09 12:00,,,
2026-09-14 12:09:55,btc_signals_log(14.09)_v4.csv,,,,2026-09-14 12:00:00,ENDED,BEAR,10.09 12:00,True,True,True,True,4h,ENDED,BEAR,10.09 12:00,,,
2026-09-14 12:39:59,btc_signals_log(14.09)_v4.csv,,,,2026-09-14 12:00:00,ENDED,BEAR,10.09 12:00,True,True,True,True,4h,ENDED,BEAR,10.09 12:00,,,
2026-09-14 13:10:05,btc_signals_log(14.09)_v4.csv,,,,2026-09-14 12:00:00,ENDED,BEAR,10.09 12:00,True,True,True,True,4h,ENDED,BEAR,10.09 12:00,,,
2026-09-14 13:40:10,btc_signals_log(14.09)_v4.csv,,,,2026-09-14 12:00:00,ENDED,BEAR,10.09 12:00,True,True,True,True,4h,ENDED,BEAR,10.09 12:00,,,
2026-09-14 14:10:15,btc_signals_log(14.09)_v4.csv,,,,2026-09-14 12:00:00,ENDED,BEAR,10.09 12:00,True,True,True,True,4h,ENDED,BEAR,10.09 12:00,,,
2026-09-14 14:40:19,btc_signals_log(14.09)_v4.csv,,,,2026-09-14 12:00:00,ENDED,BEAR,10.09 12:00,True,True,True,True,4h,ENDED,BEAR,10.09 12:00,,,
2026-09-14 15:10:23,btc_signals_log(14.09)_v4.csv,,,,2026-09-14 12:00:00,ENDED,BEAR,10.09 12:00,True,True,True,True,4h,ENDED,BEAR,10.09 12:00,,,
2026-09-14 15:40:28,btc_signals_log(14.09)_v4.csv,,,,2026-09-14 12:00:00,ENDED,BEAR,10.09 12:00,True,True,True,True,4h,ENDED,BEAR,10.09 12:00,,,
2026-09-14 16:10:32,btc_signals_log(14.09)_v4.csv,,,,2026-09-14 16:00:00,ENDED,BEAR,10.09 12:00,True,True,True,True,4h,ENDED,BEAR,10.09 12:00,,,
2026-09-14 16:40:37,btc_signals_log(14.09)_v4.csv,,,,2026-09-14 16:00:00,ENDED,BEAR,10.09 12:00,True,True,True,True,4h,ENDED,BEAR,10.09 12:00,,,
2026-09-14 17:10:41,btc_signals_log(14.09)_v4.csv,,,,2026-09-14 16:00:00,ENDED,BEAR,10.09 12:00,True,True,True,True,4h,ENDED,BEAR,10.09 12:00,,,
2026-09-14 17:40:45,btc_signals_log(14.09)_v4.csv,,,,2026-09-14 16:00:00,ENDED,BEAR,10.09 12:00,True,True,True,True,4h,ENDED,BEAR,10.09 12:00,,,
2026-09-14 18:10:50,btc_signals_log(14.09)_v4.csv,,,,2026-09-14 16:00:00,ENDED,BEAR,10.09 12:00,True,True,True,True,4h,ENDED,BEAR,10.09 12:00,,,
2026-09-14 18:40:54,btc_signals_log(14.09)_v4.csv,,,,2026-09-14 16:00:00,ENDED,BEAR,10.09 12:00,True,True,True,True,4h,ENDED,BEAR,10.09 12:00,,,
2026-09-14 19:10:58,btc_signals_log(14.09)_v4.csv,,,,2026-09-14 16:00:00,ENDED,BEAR,10.09 12:00,True,True,True,True,4h,ENDED,BEAR,10.09 12:00,,,
2026-09-14 19:41:03,btc_signals_log(14.09)_v4.csv,,,,2026-09-14 16:00:00,ENDED,BEAR,10.09 12:00,True,True,True,True,4h,ENDED,BEAR,10.09 12:00,,,
2026-09-14 20:11:07,btc_signals_log(14.09)_v4.csv,,,,2026-09-14 20:00:00,ENDED,BEAR,10.09 12:00,True,True,True,True,4h,ENDED,BEAR,10.09 12:00,,,
2026-09-14 20:41:11,btc_signals_log(14.09)_v4.csv,,,,2026-09-14 20:00:00,ENDED,BEAR,10.09 12:00,True,True,True,True,4h,ENDED,BEAR,10.09 12:00,,,
2026-09-14 21:11:15,btc_signals_log(14.09)_v4.csv,,,,2026-09-14 20:00:00,ENDED,BEAR,10.09 12:00,True,True,True,True,4h,ENDED,BEAR,10.09 12:00,,,
2026-09-14 21:41:20,btc_signals_log(14.09)_v4.csv,,,,2026-09-14 20:00:00,ENDED,BEAR,10.09 12:00,True,True,True,True,4h,ENDED,BEAR,10.09 12:00,,,
2026-09-14 22:11:24,btc_signals_log(14.09)_v4.csv,,,,2026-09-14 20:00:00,ENDED,BEAR,10.09 12:00,True,True,True,True,4h,ENDED,BEAR,10.09 12:00,,,
2026-09-14 22:41:28,btc_signals_log(14.09)_v4.csv,,,,2026-09-14 20:00:00,ENDED,BEAR,10.09 12:00,True,True,True,True,4h,ENDED,BEAR,10.09 12:00,,,
2026-09-14 23:11:33,btc_signals_log(14.09)_v4.csv,,,,2026-09-14 20:00:00,ENDED,BEAR,10.09 12:00,True,True,True,True,4h,ENDED,BEAR,10.09 12:00,,,
2026-09-14 23:41:38,btc_signals_log(14.09)_v4.csv,,,,2026-09-14 20:00:00,ENDED,BEAR,10.09 12:00,True,True,True,True,4h,ENDED,BEAR,10.09 12:00,,,
2026-09-15 00:11:42,btc_signals_log(15.09)_v4.csv,,,,2026-09-15 00:00:00,ENDED,BEAR,10.09 12:00,True,True,True,True,4h,ENDED,BEAR,10.09 12:00,,,
2026-09-15 00:41:46,btc_signals_log(15.09)_v4.csv,,,,2026-09-15 00:00:00,ENDED,BEAR,10.09 12:00,True,True,True,True,4h,ENDED,BEAR,10.09 12:00,,,
2026-09-15 01:11:51,btc_signals_log(15.09)_v4.csv,,,,2026-09-15 00:00:00,ENDED,BEAR,10.09 12:00,True,True,True,True,4h,ENDED,BEAR,10.09 12:00,,,
2026-09-15 01:41:56,btc_signals_log(15.09)_v4.csv,,,,2026-09-15 00:00:00,ENDED,BEAR,10.09 12:00,True,True,True,True,4h,ENDED,BEAR,10.09 12:00,,,
2026-09-15 02:12:01,btc_signals_log(15.09)_v4.csv,,,,2026-09-15 00:00:00,ENDED,BEAR,10.09 12:00,True,True,True,True,4h,ENDED,BEAR,10.09 12:00,,,
2026-09-15 02:42:05,btc_signals_log(15.09)_v4.csv,,,,2026-09-15 00:00:00,ENDED,BEAR,10.09 12:00,True,True,True,True,4h,ENDED,BEAR,10.09 12:00,,,
2026-09-15 03:12:10,btc_signals_log(15.09)_v4.csv,,,,2026-09-15 00:00:00,ENDED,BEAR,10.09 12:00,True,True,True,True,4h,ENDED,BEAR,10.09 12:00,,,
2026-09-15 03:42:14,btc_signals_log(15.09)_v4.csv,,,,2026-09-15 00:00:00,ENDED,BEAR,10.09 12:00,True,True,True,True,4h,ENDED,BEAR,10.09 12:00,,,
2026-09-15 04:12:19,btc_signals_log(15.09)_v4.csv,,,,2026-09-15 04:00:00,ENDED,BEAR,10.09 12:00,True,True,True,True,4h,ENDED,BEAR,10.09 12:00,,,
2026-09-15 04:42:23,btc_signals_log(15.09)_v4.csv,,,,2026-09-15 04:00:00,ENDED,BEAR,10.09 12:00,True,True,True,True,4h,ENDED,BEAR,10.09 12:00,,,
2026-09-15 05:12:28,btc_signals_log(15.09)_v4.csv,,,,2026-09-15 04:00:00,ENDED,BEAR,10.09 12:00,True,True,True,True,4h,ENDED,BEAR,10.09 12:00,,,
2026-09-15 05:42:33,btc_signals_log(15.09)_v4.csv,,,,2026-09-15 04:00:00,ENDED,BEAR,10.09 12:00,True,True,True,True,4h,ENDED,BEAR,10.09 12:00,,,
2026-09-15 06:12:37,btc_signals_log(15.09)_v4.csv,,,,2026-09-15 04:00:00,ENDED,BEAR,10.09 12:00,True,True,True,True,4h,ENDED,BEAR,10.09 12:00,,,
2026-09-15 06:42:41,btc_signals_log(15.09)_v4.csv,,,,2026-09-15 04:00:00,ENDED,BEAR,10.09 12:00,True,True,True,True,4h,ENDED,BEAR,10.09 12:00,,,
2026-09-15 07:12:46,btc_signals_log(15.09)_v4.csv,,,,2026-09-15 04:00:00,ENDED,BEAR,10.09 12:00,True,True,True,True,4h,ENDED,BEAR,10.09 12:00,,,
2026-09-15 07:42:51,btc_signals_log(15.09)_v4.csv,,,,2026-09-15 04:00:00,ENDED,BEAR,10.09 12:00,True,True,True,True,4h,ENDED,BEAR,10.09 12:00,,,
2026-09-15 08:12:56,btc_signals_log(15.09)_v4.csv,,,,2026-09-15 08:00:00,ENDED,BEAR,10.09 12:00,True,True,True,True,4h,ENDED,BEAR,10.09 12:00,,,
2026-09-15 08:43:00,btc_signals_log(15.09)_v4.csv,,,,2026-09-15 08:00:00,ENDED,BEAR,10.09 12:00,True,True,True,True,4h,ENDED,BEAR,10.09 12:00,,,
2026-09-15 09:13:05,btc_signals_log(15.09)_v4.csv,,,,2026-09-15 08:00:00,ENDED,BEAR,10.09 12:00,True,True,True,True,4h,ENDED,BEAR,10.09 12:00,,,
2026-09-15 09:43:09,btc_signals_log(15.09)_v4.csv,,,,2026-09-15 08:00:00,ENDED,BEAR,10.09 12:00,True,True,True,True,4h,ENDED,BEAR,10.09 12:00,,,
2026-09-15 14:06:12,btc_signals_log(15.09)_v4.csv,,,,2026-09-15 12:00:00,ENDED,BEAR,10.09 12:00,True,True,True,True,4h,ENDED,BEAR,10.09 12:00,,,
2026-09-15 14:36:17,btc_signals_log(15.09)_v4.csv,,,,2026-09-15 12:00:00,ENDED,BEAR,10.09 12:00,True,True,True,True,4h,ENDED,BEAR,10.09 12:00,,,
2026-09-15 15:06:22,btc_signals_log(15.09)_v4.csv,,,,2026-09-15 12:00:00,ENDED,BEAR,10.09 12:00,True,True,True,True,4h,ENDED,BEAR,10.09 12:00,,,
2026-09-15 15:36:26,btc_signals_log(15.09)_v4.csv,,,,2026-09-15 12:00:00,ENDED,BEAR,10.09 12:00,True,True,True,True,4h,ENDED,BEAR,10.09 12:00,,,
2026-09-15 16:06:30,btc_signals_log(15.09)_v4.csv,,,,2026-09-15 16:00:00,ENDED,BEAR,10.09 12:00,True,True,True,True,4h,ENDED,BEAR,10.09 12:00,,,
2026-09-15 16:36:35,btc_signals_log(15.09)_v4.csv,,,,2026-09-15 16:00:00,ENDED,BEAR,10.09 12:00,True,True,True,True,4h,ENDED,BEAR,10.09 12:00,,,
2026-09-15 17:06:40,btc_signals_log(15.09)_v4.csv,,,,2026-09-15 16:00:00,ENDED,BEAR,10.09 12:00,True,True,True,True,4h,ENDED,BEAR,10.09 12:00,,,
2026-09-15 17:36:45,btc_signals_log(15.09)_v4.csv,,,,2026-09-15 16:00:00,ENDED,BEAR,10.09 12:00,True,True,True,True,4h,ENDED,BEAR,10.09 12:00,,,
2026-09-15 18:06:50,btc_signals_log(15.09)_v4.csv,,,,2026-09-15 16:00:00,ENDED,BEAR,10.09 12:00,True,True,True,True,4h,ENDED,BEAR,10.09 12:00,,,
2026-09-15 18:36:54,btc_signals_log(15.09)_v4.csv,,,,2026-09-15 16:00:00,ENDED,BEAR,10.09 12:00,True,True,True,True,4h,ENDED,BEAR,10.09 12:00,,,
2026-09-15 19:06:59,btc_signals_log(15.09)_v4.csv,,,,2026-09-15 16:00:00,ENDED,BEAR,10.09 12:00,True,True,True,True,4h,ENDED,BEAR,10.09 12:00,,,
2026-09-15 19:37:03,btc_signals_log(15.09)_v4.csv,,,,2026-09-15 16:00:00,ENDED,BEAR,10.09 12:00,True,True,True,True,4h,ENDED,BEAR,10.09 12:00,,,
2026-09-15 20:07:08,btc_signals_log(15.09)_v4.csv,,,,2026-09-15 20:00:00,ACTIVE,BEAR,15.09 16:00,True,True,True,True,4h,ACTIVE,BEAR,15.09 16:00,,,
2026-09-15 20:37:12,btc_signals_log(15.09)_v4.csv,,,,2026-09-15 20:00:00,ACTIVE,BEAR,15.09 16:00,True,True,True,True,4h,ACTIVE,BEAR,15.09 16:00,,,
2026-09-15 21:07:17,btc_signals_log(15.09)_v4.csv,,,,2026-09-15 20:00:00,ACTIVE,BEAR,15.09 16:00,True,True,True,True,4h,ACTIVE,BEAR,15.09 16:00,,,
2026-09-15 21:37:21,btc_signals_log(15.09)_v4.csv,,,,2026-09-15 20:00:00,ACTIVE,BEAR,15.09 16:00,True,True,True,True,4h,ACTIVE,BEAR,15.09 16:00,,,
2026-09-15 22:07:25,btc_signals_log(15.09)_v4.csv,,,,2026-09-15 20:00:00,ACTIVE,BEAR,15.09 16:00,True,True,True,True,4h,ACTIVE,BEAR,15.09 16:00,,,
2026-09-15 22:37:29,btc_signals_log(15.09)_v4.csv,,,,2026-09-15 20:00:00,ACTIVE,BEAR,15.09 16:00,True,True,True,True,4h,ACTIVE,BEAR,15.09 16:00,,,
2026-09-15 23:07:35,btc_signals_log(15.09)_v4.csv,,,,2026-09-15 20:00:00,ACTIVE,BEAR,15.09 16:00,True,True,True,True,4h,ACTIVE,BEAR,15.09 16:00,,,
2026-09-15 23:37:40,btc_signals_log(15.09)_v4.csv,,,,2026-09-15 20:00:00,ACTIVE,BEAR,15.09 16:00,True,True,True,True,4h,ACTIVE,BEAR,15.09 16:00,,,
2026-09-16 00:07:45,btc_signals_log(16.09)_v4.csv,,,,2026-09-16 00:00:00,ACTIVE,BEAR,15.09 16:00,True,True,True,True,4h,ACTIVE,BEAR,15.09 16:00,,,
2026-09-16 00:37:49,btc_signals_log(16.09)_v4.csv,,,,2026-09-16 00:00:00,ACTIVE,BEAR,15.09 16:00,True,True,True,True,4h,ACTIVE,BEAR,15.09 16:00,,,
2026-09-16 01:07:54,btc_signals_log(16.09)_v4.csv,,,,2026-09-16 00:00:00,ACTIVE,BEAR,15.09 16:00,True,True,True,True,4h,ACTIVE,BEAR,15.09 16:00,,,
2026-09-16 01:37:58,btc_signals_log(16.09)_v4.csv,,,,2026-09-16 00:00:00,ACTIVE,BEAR,15.09 16:00,True,True,True,True,4h,ACTIVE,BEAR,15.09 16:00,,,
2026-09-16 02:08:03,btc_signals_log(16.09)_v4.csv,,,,2026-09-16 00:00:00,ACTIVE,BEAR,15.09 16:00,True,True,True,True,4h,ACTIVE,BEAR,15.09 16:00,,,
2026-09-16 02:38:07,btc_signals_log(16.09)_v4.csv,,,,2026-09-16 00:00:00,ACTIVE,BEAR,15.09 16:00,True,True,True,True,4h,ACTIVE,BEAR,15.09 16:00,,,
2026-09-16 03:08:12,btc_signals_log(16.09)_v4.csv,,,,2026-09-16 00:00:00,ACTIVE,BEAR,15.09 16:00,True,True,True,True,4h,ACTIVE,BEAR,15.09 16:00,,,
2026-09-16 07:38:05,btc_signals_log(16.09)_v4.csv,,,,2026-09-16 04:00:00,ACTIVE,BEAR,15.09 16:00,True,True,True,True,4h,ACTIVE,BEAR,15.09 16:00,,,
2026-09-16 08:08:09,btc_signals_log(16.09)_v4.csv,,,,2026-09-16 08:00:00,ACTIVE,BEAR,15.09 16:00,True,True,True,True,4h,ACTIVE,BEAR,15.09 16:00,,,
2026-09-16 08:40:47,btc_signals_log(16.09)_v4.csv,,,,2026-09-16 08:00:00,ACTIVE,BEAR,15.09 16:00,True,True,True,True,4h,ACTIVE,BEAR,15.09 16:00,,,
2026-09-16 09:10:52,btc_signals_log(16.09)_v4.csv,,,,2026-09-16 08:00:00,ACTIVE,BEAR,15.09 16:00,True,True,True,True,4h,ACTIVE,BEAR,15.09 16:00,,,
2026-09-16 09:40:56,btc_signals_log(16.09)_v4.csv,,,,2026-09-16 08:00:00,ACTIVE,BEAR,15.09 16:00,True,True,True,True,4h,ACTIVE,BEAR,15.09 16:00,,,
2026-09-16 10:11:01,btc_signals_log(16.09)_v4.csv,,,,2026-09-16 08:00:00,ACTIVE,BEAR,15.09 16:00,True,True,True,True,4h,ACTIVE,BEAR,15.09 16:00,,,
2026-09-16 10:41:06,btc_signals_log(16.09)_v4.csv,,,,2026-09-16 08:00:00,ACTIVE,BEAR,15.09 16:00,True,True,True,True,4h,ACTIVE,BEAR,15.09 16:00,,,
2026-09-16 11:11:10,btc_signals_log(16.09)_v4.csv,,,,2026-09-16 08:00:00,ACTIVE,BEAR,15.09 16:00,True,True,True,True,4h,ACTIVE,BEAR,15.09 16:00,,,
2026-09-16 11:41:15,btc_signals_log(16.09)_v4.csv,,,,2026-09-16 08:00:00,ACTIVE,BEAR,15.09 16:00,True,True,True,True,4h,ACTIVE,BEAR,15.09 16:00,,,
2026-09-16 12:11:20,btc_signals_log(16.09)_v4.csv,,,,2026-09-16 12:00:00,ACTIVE,BEAR,15.09 16:00,True,True,True,True,4h,ACTIVE,BEAR,15.09 16:00,,,
2026-09-16 12:41:26,btc_signals_log(16.09)_v4.csv,,,,2026-09-16 12:00:00,ACTIVE,BEAR,15.09 16:00,True,True,True,True,4h,ACTIVE,BEAR,15.09 16:00,,,
2026-09-16 13:11:31,btc_signals_log(16.09)_v4.csv,,,,2026-09-16 12:00:00,ACTIVE,BEAR,15.09 16:00,True,True,True,True,4h,ACTIVE,BEAR,15.09 16:00,,,
2026-09-16 13:41:35,btc_signals_log(16.09)_v4.csv,,,,2026-09-16 12:00:00,ACTIVE,BEAR,15.09 16:00,True,True,True,True,4h,ACTIVE,BEAR,15.09 16:00,,,
2026-09-16 14:11:41,btc_signals_log(16.09)_v4.csv,,,,2026-09-16 12:00:00,ACTIVE,BEAR,15.09 16:00,True,True,True,True,4h,ACTIVE,BEAR,15.09 16:00,,,
2026-09-16 14:41:46,btc_signals_log(16.09)_v4.csv,,,,2026-09-16 12:00:00,ACTIVE,BEAR,15.09 16:00,True,True,True,True,4h,ACTIVE,BEAR,15.09 16:00,,,
2026-09-16 15:11:51,btc_signals_log(16.09)_v4.csv,,,,2026-09-16 12:00:00,ACTIVE,BEAR,15.09 16:00,True,True,True,True,4h,ACTIVE,BEAR,15.09 16:00,,,
2026-09-16 15:41:55,btc_signals_log(16.09)_v4.csv,,,,2026-09-16 12:00:00,ACTIVE,BEAR,15.09 16:00,True,True,True,True,4h,ACTIVE,BEAR,15.09 16:00,,,
2026-09-16 16:12:01,btc_signals_log(16.09)_v4.csv,,,,2026-09-16 16:00:00,ACTIVE,BEAR,15.09 16:00,True,True,True,True,4h,ACTIVE,BEAR,15.09 16:00,,,
2026-09-16 16:42:06,btc_signals_log(16.09)_v4.csv,,,,2026-09-16 16:00:00,ACTIVE,BEAR,15.09 16:00,True,True,True,True,4h,ACTIVE,BEAR,15.09 16:00,,,
2026-09-16 17:12:10,btc_signals_log(16.09)_v4.csv,,,,2026-09-16 16:00:00,ACTIVE,BEAR,15.09 16:00,True,True,True,True,4h,ACTIVE,BEAR,15.09 16:00,,,
2026-09-16 17:42:15,btc_signals_log(16.09)_v4.csv,,,,2026-09-16 16:00:00,ACTIVE,BEAR,15.09 16:00,True,True,True,True,4h,ACTIVE,BEAR,15.09 16:00,,,
2026-09-16 18:12:19,btc_signals_log(16.09)_v4.csv,,,,2026-09-16 16:00:00,ACTIVE,BEAR,15.09 16:00,True,True,True,True,4h,ACTIVE,BEAR,15.09 16:00,,,
2026-09-16 18:42:24,btc_signals_log(16.09)_v4.csv,,,,2026-09-16 16:00:00,ACTIVE,BEAR,15.09 16:00,True,True,True,True,4h,ACTIVE,BEAR,15.09 16:00,,,
2026-09-16 19:12:29,btc_signals_log(16.09)_v4.csv,,,,2026-09-16 16:00:00,ACTIVE,BEAR,15.09 16:00,True,True,True,True,4h,ACTIVE,BEAR,15.09 16:00,,,
2026-09-16 19:42:34,btc_signals_log(16.09)_v4.csv,,,,2026-09-16 16:00:00,ACTIVE,BEAR,15.09 16:00,True,True,True,True,4h,ACTIVE,BEAR,15.09 16:00,,,
2026-09-16 20:12:38,btc_signals_log(16.09)_v4.csv,,,,2026-09-16 20:00:00,ACTIVE,BEAR,15.09 16:00,True,True,True,True,4h,ACTIVE,BEAR,15.09 16:00,,,
2026-09-16 20:42:43,btc_signals_log(16.09)_v4.csv,,,,2026-09-16 20:00:00,ACTIVE,BEAR,15.09 16:00,True,True,True,True,4h,ACTIVE,BEAR,15.09 16:00,,,
2026-09-16 21:12:47,btc_signals_log(16.09)_v4.csv,,,,2026-09-16 20:00:00,ACTIVE,BEAR,15.09 16:00,True,True,True,True,4h,ACTIVE,BEAR,15.09 16:00,,,
2026-09-16 21:42:52,btc_signals_log(16.09)_v4.csv,,,,2026-09-16 20:00:00,ACTIVE,BEAR,15.09 16:00,True,True,True,True,4h,ACTIVE,BEAR,15.09 16:00,,,
2026-09-16 22:12:56,btc_signals_log(16.09)_v4.csv,,,,2026-09-16 20:00:00,ACTIVE,BEAR,15.09 16:00,True,True,True,True,4h,ACTIVE,BEAR,15.09 16:00,,,
2026-09-16 22:43:00,btc_signals_log(16.09)_v4.csv,,,,2026-09-16 20:00:00,ACTIVE,BEAR,15.09 16:00,True,True,True,True,4h,ACTIVE,BEAR,15.09 16:00,,,
2026-09-16 23:13:05,btc_signals_log(16.09)_v4.csv,,,,2026-09-16 20:00:00,ACTIVE,BEAR,15.09 16:00,True,True,True,True,4h,ACTIVE,BEAR,15.09 16:00,,,
2026-09-16 23:43:09,btc_signals_log(16.09)_v4.csv,,,,2026-09-16 20:00:00,ACTIVE,BEAR,15.09 16:00,True,True,True,True,4h,ACTIVE,BEAR,15.09 16:00,,,
2026-09-17 00:13:13,btc_signals_log(17.09)_v4.csv,,,,2026-09-17 00:00:00,ACTIVE,BEAR,15.09 16:00,True,True,True,True,4h,ACTIVE,BEAR,15.09 16:00,,,
2026-09-17 00:43:18,btc_signals_log(17.09)_v4.csv,,,,2026-09-17 00:00:00,ACTIVE,BEAR,15.09 16:00,True,True,True,True,4h,ACTIVE,BEAR,15.09 16:00,,,
2026-09-17 01:13:22,btc_signals_log(17.09)_v4.csv,,,,2026-09-17 00:00:00,ACTIVE,BEAR,15.09 16:00,True,True,True,True,4h,ACTIVE,BEAR,15.09 16:00,,,
2026-09-17 01:43:27,btc_signals_log(17.09)_v4.csv,,,,2026-09-17 00:00:00,ACTIVE,BEAR,15.09 16:00,True,True,True,True,4h,ACTIVE,BEAR,15.09 16:00,,,
2026-09-17 02:13:31,btc_signals_log(17.09)_v4.csv,,,,2026-09-17 00:00:00,ACTIVE,BEAR,15.09 16:00,True,True,True,True,4h,ACTIVE,BEAR,15.09 16:00,,,
2026-09-17 02:43:35,btc_signals_log(17.09)_v4.csv,,,,2026-09-17 00:00:00,ACTIVE,BEAR,15.09 16:00,True,True,True,True,4h,ACTIVE,BEAR,15.09 16:00,,,
2026-09-17 03:13:40,btc_signals_log(17.09)_v4.csv,,,,2026-09-17 00:00:00,ACTIVE,BEAR,15.09 16:00,True,True,True,True,4h,ACTIVE,BEAR,15.09 16:00,,,
2026-09-17 03:43:45,btc_signals_log(17.09)_v4.csv,,,,2026-09-17 00:00:00,ACTIVE,BEAR,15.09 16:00,True,True,True,True,4h,ACTIVE,BEAR,15.09 16:00,,,
2026-09-17 04:13:49,btc_signals_log(17.09)_v4.csv,,,,2026-09-17 04:00:00,ACTIVE,BEAR,15.09 16:00,True,True,True,True,4h,ACTIVE,BEAR,15.09 16:00,,,
2026-09-17 04:43:53,btc_signals_log(17.09)_v4.csv,,,,2026-09-17 04:00:00,ACTIVE,BEAR,15.09 16:00,True,True,True,True,4h,ACTIVE,BEAR,15.09 16:00,,,
2026-09-17 05:13:58,btc_signals_log(17.09)_v4.csv,,,,2026-09-17 04:00:00,ACTIVE,BEAR,15.09 16:00,True,True,True,True,4h,ACTIVE,BEAR,15.09 16:00,,,
2026-09-17 05:44:02,btc_signals_log(17.09)_v4.csv,,,,2026-09-17 04:00:00,ACTIVE,BEAR,15.09 16:00,True,True,True,True,4h,ACTIVE,BEAR,15.09 16:00,,,
2026-09-17 06:14:07,btc_signals_log(17.09)_v4.csv,,,,2026-09-17 04:00:00,ACTIVE,BEAR,15.09 16:00,True,True,True,True,4h,ACTIVE,BEAR,15.09 16:00,,,
2026-09-17 06:44:11,btc_signals_log(17.09)_v4.csv,,,,2026-09-17 04:00:00,ACTIVE,BEAR,15.09 16:00,True,True,True,True,4h,ACTIVE,BEAR,15.09 16:00,,,
2026-09-17 07:14:15,btc_signals_log(17.09)_v4.csv,,,,2026-09-17 04:00:00,ACTIVE,BEAR,15.09 16:00,True,True,True,True,4h,ACTIVE,BEAR,15.09 16:00,,,
2026-09-17 07:44:20,btc_signals_log(17.09)_v4.csv,,,,2026-09-17 04:00:00,ACTIVE,BEAR,15.09 16:00,True,True,True,True,4h,ACTIVE,BEAR,15.09 16:00,,,
2026-09-17 08:14:45,btc_signals_log(17.09)_v4.csv,,,,2026-09-17 08:00:00,ACTIVE,BEAR,15.09 16:00,True,True,True,True,4h,ACTIVE,BEAR,15.09 16:00,,,
2026-09-17 08:44:48,btc_signals_log(17.09)_v4.csv,,,,2026-09-17 08:00:00,ACTIVE,BEAR,15.09 16:00,True,True,True,True,4h,ACTIVE,BEAR,15.09 16:00,,,
2026-09-17 09:14:52,btc_signals_log(17.09)_v4.csv,,,,2026-09-17 08:00:00,ACTIVE,BEAR,15.09 16:00,True,True,True,True,4h,ACTIVE,BEAR,15.09 16:00,,,
2026-09-17 09:44:57,btc_signals_log(17.09)_v4.csv,,,,2026-09-17 08:00:00,ACTIVE,BEAR,15.09 16:00,True,True,True,True,4h,ACTIVE,BEAR,15.09 16:00,,,
2026-09-17 10:15:02,btc_signals_log(17.09)_v4.csv,,,,2026-09-17 08:00:00,ACTIVE,BEAR,15.09 16:00,True,True,True,True,4h,ACTIVE,BEAR,15.09 16:00,,,
2026-09-17 10:45:06,btc_signals_log(17.09)_v4.csv,,,,2026-09-17 08:00:00,ACTIVE,BEAR,15.09 16:00,True,True,True,True,4h,ACTIVE,BEAR,15.09 16:00,,,
2026-09-17 11:15:11,btc_signals_log(17.09)_v4.csv,,,,2026-09-17 08:00:00,ACTIVE,BEAR,15.09 16:00,True,True,True,True,4h,ACTIVE,BEAR,15.09 16:00,,,
2026-09-17 11:45:15,btc_signals_log(17.09)_v4.csv,,,,2026-09-17 08:00:00,ACTIVE,BEAR,15.09 16:00,True,True,True,True,4h,ACTIVE,BEAR,15.09 16:00,,,
2026-09-17 12:15:21,btc_signals_log(17.09)_v4.csv,,,,2026-09-17 12:00:00,ACTIVE,BEAR,15.09 16:00,True,True,True,True,4h,ACTIVE,BEAR,15.09 16:00,,,
2026-09-17 12:45:25,btc_signals_log(17.09)_v4.csv,,,,2026-09-17 12:00:00,ACTIVE,BEAR,15.09 16:00,True,True,True,True,4h,ACTIVE,BEAR,15.09 16:00,,,
2026-09-17 13:15:30,btc_signals_log(17.09)_v4.csv,,,,2026-09-17 12:00:00,ACTIVE,BEAR,15.09 16:00,True,True,True,True,4h,ACTIVE,BEAR,15.09 16:00,,,
2026-09-17 13:45:34,btc_signals_log(17.09)_v4.csv,,,,2026-09-17 12:00:00,ACTIVE,BEAR,15.09 16:00,True,True,True,True,4h,ACTIVE,BEAR,15.09 16:00,,,
2026-09-17 14:15:39,btc_signals_log(17.09)_v4.csv,,,,2026-09-17 12:00:00,ACTIVE,BEAR,15.09 16:00,True,True,True,True,4h,ACTIVE,BEAR,15.09 16:00,,,
2026-09-17 14:45:43,btc_signals_log(17.09)_v4.csv,,,,2026-09-17 12:00:00,ACTIVE,BEAR,15.09 16:00,True,True,True,True,4h,ACTIVE,BEAR,15.09 16:00,,,
2026-09-17 15:15:48,btc_signals_log(17.09)_v4.csv,,,,2026-09-17 12:00:00,ACTIVE,BEAR,15.09 16:00,True,True,True,True,4h,ACTIVE,BEAR,15.09 16:00,,,
2026-09-17 15:45:53,btc_signals_log(17.09)_v4.csv,,,,2026-09-17 12:00:00,ACTIVE,BEAR,15.09 16:00,True,True,True,True,4h,ACTIVE,BEAR,15.09 16:00,,,
2026-09-17 16:15:58,btc_signals_log(17.09)_v4.csv,,,,2026-09-17 16:00:00,ACTIVE,BEAR,15.09 16:00,True,True,True,True,4h,ACTIVE,BEAR,15.09 16:00,,,
2026-09-17 16:46:03,btc_signals_log(17.09)_v4.csv,,,,2026-09-17 16:00:00,ACTIVE,BEAR,15.09 16:00,True,True,True,True,4h,ACTIVE,BEAR,15.09 16:00,,,
2026-09-17 17:16:07,btc_signals_log(17.09)_v4.csv,,,,2026-09-17 16:00:00,ACTIVE,BEAR,15.09 16:00,True,True,True,True,4h,ACTIVE,BEAR,15.09 16:00,,,
2026-09-17 17:46:12,btc_signals_log(17.09)_v4.csv,,,,2026-09-17 16:00:00,ACTIVE,BEAR,15.09 16:00,True,True,True,True,4h,ACTIVE,BEAR,15.09 16:00,,,
2026-09-17 18:16:16,btc_signals_log(17.09)_v4.csv,,,,2026-09-17 16:00:00,ACTIVE,BEAR,15.09 16:00,True,True,True,True,4h,ACTIVE,BEAR,15.09 16:00,,,
2026-09-17 18:46:21,btc_signals_log(17.09)_v4.csv,,,,2026-09-17 16:00:00,ACTIVE,BEAR,15.09 16:00,True,True,True,True,4h,ACTIVE,BEAR,15.09 16:00,,,
2026-09-17 19:16:26,btc_signals_log(17.09)_v4.csv,,,,2026-09-17 16:00:00,ACTIVE,BEAR,15.09 16:00,True,True,True,True,4h,ACTIVE,BEAR,15.09 16:00,,,
2026-09-17 19:46:30,btc_signals_log(17.09)_v4.csv,,,,2026-09-17 16:00:00,ACTIVE,BEAR,15.09 16:00,True,True,True,True,4h,ACTIVE,BEAR,15.09 16:00,,,
2026-09-17 20:16:35,btc_signals_log(17.09)_v4.csv,,,,2026-09-17 20:00:00,ACTIVE,BEAR,15.09 16:00,True,True,True,True,4h,ACTIVE,BEAR,15.09 16:00,,,
2026-09-17 20:46:40,btc_signals_log(17.09)_v4.csv,,,,2026-09-17 20:00:00,ACTIVE,BEAR,15.09 16:00,True,True,True,True,4h,ACTIVE,BEAR,15.09 16:00,,,
2026-09-17 21:16:46,btc_signals_log(17.09)_v4.csv,,,,2026-09-17 20:00:00,ACTIVE,BEAR,15.09 16:00,True,True,True,True,4h,ACTIVE,BEAR,15.09 16:00,,,
2026-09-17 21:46:50,btc_signals_log(17.09)_v4.csv,,,,2026-09-17 20:00:00,ACTIVE,BEAR,15.09 16:00,True,True,True,True,4h,ACTIVE,BEAR,15.09 16:00,,,
2026-09-17 22:16:55,btc_signals_log(17.09)_v4.csv,,,,2026-09-17 20:00:00,ACTIVE,BEAR,15.09 16:00,True,True,True,True,4h,ACTIVE,BEAR,15.09 16:00,,,
2026-09-17 22:47:04,btc_signals_log(17.09)_v4.csv,,,,2026-09-17 20:00:00,ACTIVE,BEAR,15.09 16:00,True,True,True,True,4h,ACTIVE,BEAR,15.09 16:00,,,
2026-09-17 23:17:08,btc_signals_log(17.09)_v4.csv,,,,2026-09-17 20:00:00,ACTIVE,BEAR,15.09 16:00,True,True,True,True,4h,ACTIVE,BEAR,15.09 16:00,,,
2026-09-17 23:47:12,btc_signals_log(17.09)_v4.csv,,,,2026-09-17 20:00:00,ACTIVE,BEAR,15.09 16:00,True,True,True,True,4h,ACTIVE,BEAR,15.09 16:00,,,
2026-09-18 00:17:16,btc_signals_log(18.09)_v4.csv,,,,2026-09-18 00:00:00,ACTIVE,BEAR,15.09 16:00,True,True,True,True,4h,ACTIVE,BEAR,15.09 16:00,,,
2026-09-18 00:47:20,btc_signals_log(18.09)_v4.csv,,,,2026-09-18 00:00:00,ACTIVE,BEAR,15.09 16:00,True,True,True,True,4h,ACTIVE,BEAR,15.09 16:00,,,
2026-09-18 01:17:25,btc_signals_log(18.09)_v4.csv,,,,2026-09-18 00:00:00,ACTIVE,BEAR,15.09 16:00,True,True,True,True,4h,ACTIVE,BEAR,15.09 16:00,,,
2026-09-18 01:47:30,btc_signals_log(18.09)_v4.csv,,,,2026-09-18 00:00:00,ACTIVE,BEAR,15.09 16:00,True,True,True,True,4h,ACTIVE,BEAR,15.09 16:00,,,
2026-09-18 02:17:34,btc_signals_log(18.09)_v4.csv,,,,2026-09-18 00:00:00,ACTIVE,BEAR,15.09 16:00,True,True,True,True,4h,ACTIVE,BEAR,15.09 16:00,,,
2026-09-18 02:47:39,btc_signals_log(18.09)_v4.csv,,,,2026-09-18 00:00:00,ACTIVE,BEAR,15.09 16:00,True,True,True,True,4h,ACTIVE,BEAR,15.09 16:00,,,
2026-09-18 03:17:43,btc_signals_log(18.09)_v4.csv,,,,2026-09-18 00:00:00,ACTIVE,BEAR,15.09 16:00,True,True,True,True,4h,ACTIVE,BEAR,15.09 16:00,,,
2026-09-18 03:47:48,btc_signals_log(18.09)_v4.csv,,,,2026-09-18 00:00:00,ACTIVE,BEAR,15.09 16:00,True,True,True,True,4h,ACTIVE,BEAR,15.09 16:00,,,
2026-09-18 04:17:52,btc_signals_log(18.09)_v4.csv,,,,2026-09-18 04:00:00,ENDED,BEAR,15.09 16:00,True,True,True,True,4h,ENDED,BEAR,15.09 16:00,,,
2026-09-18 04:47:58,btc_signals_log(18.09)_v4.csv,,,,2026-09-18 04:00:00,ENDED,BEAR,15.09 16:00,True,True,True,True,4h,ENDED,BEAR,15.09 16:00,,,
2026-09-18 05:18:02,btc_signals_log(18.09)_v4.csv,,,,2026-09-18 04:00:00,ENDED,BEAR,15.09 16:00,True,True,True,True,4h,ENDED,BEAR,15.09 16:00,,,
2026-09-18 05:48:07,btc_signals_log(18.09)_v4.csv,,,,2026-09-18 04:00:00,ENDED,BEAR,15.09 16:00,True,True,True,True,4h,ENDED,BEAR,15.09 16:00,,,
2026-09-18 06:18:12,btc_signals_log(18.09)_v4.csv,,,,2026-09-18 04:00:00,ENDED,BEAR,15.09 16:00,True,True,True,True,4h,ENDED,BEAR,15.09 16:00,,,
2026-09-18 06:48:18,btc_signals_log(18.09)_v4.csv,,,,2026-09-18 04:00:00,ENDED,BEAR,15.09 16:00,True,True,True,True,4h,ENDED,BEAR,15.09 16:00,,,
2026-09-18 07:18:23,btc_signals_log(18.09)_v4.csv,,,,2026-09-18 04:00:00,ENDED,BEAR,15.09 16:00,True,True,True,True,4h,ENDED,BEAR,15.09 16:00,,,
2026-09-18 07:48:27,btc_signals_log(18.09)_v4.csv,,,,2026-09-18 04:00:00,ENDED,BEAR,15.09 16:00,True,True,True,True,4h,ENDED,BEAR,15.09 16:00,,,
2026-09-18 08:18:32,btc_signals_log(18.09)_v4.csv,,,,2026-09-18 08:00:00,ENDED,BEAR,15.09 16:00,True,True,True,True,4h,ENDED,BEAR,15.09 16:00,,,
2026-09-18 08:48:36,btc_signals_log(18.09)_v4.csv,,,,2026-09-18 08:00:00,ENDED,BEAR,15.09 16:00,True,True,True,True,4h,ENDED,BEAR,15.09 16:00,,,
2026-09-18 09:18:40,btc_signals_log(18.09)_v4.csv,,,,2026-09-18 08:00:00,ENDED,BEAR,15.09 16:00,True,True,True,True,4h,ENDED,BEAR,15.09 16:00,,,
2026-09-18 09:48:45,btc_signals_log(18.09)_v4.csv,,,,2026-09-18 08:00:00,ENDED,BEAR,15.09 16:00,True,True,True,True,4h,ENDED,BEAR,15.09 16:00,,,
2026-09-18 10:18:49,btc_signals_log(18.09)_v4.csv,,,,2026-09-18 08:00:00,ENDED,BEAR,15.09 16:00,True,True,True,True,4h,ENDED,BEAR,15.09 16:00,,,
2026-09-18 10:48:54,btc_signals_log(18.09)_v4.csv,,,,2026-09-18 08:00:00,ENDED,BEAR,15.09 16:00,True,True,True,True,4h,ENDED,BEAR,15.09 16:00,,,
2026-09-18 11:18:58,btc_signals_log(18.09)_v4.csv,,,,2026-09-18 08:00:00,ENDED,BEAR,15.09 16:00,True,True,True,True,4h,ENDED,BEAR,15.09 16:00,,,
2026-09-18 11:49:03,btc_signals_log(18.09)_v4.csv,,,,2026-09-18 08:00:00,ENDED,BEAR,15.09 16:00,True,True,True,True,4h,ENDED,BEAR,15.09 16:00,,,
2026-09-18 12:19:07,btc_signals_log(18.09)_v4.csv,,,,2026-09-18 12:00:00,ENDED,BEAR,15.09 16:00,True,True,True,True,4h,ENDED,BEAR,15.09 16:00,,,
2026-09-18 12:49:12,btc_signals_log(18.09)_v4.csv,,,,2026-09-18 12:00:00,ENDED,BEAR,15.09 16:00,True,True,True,True,4h,ENDED,BEAR,15.09 16:00,,,
2026-09-18 13:19:16,btc_signals_log(18.09)_v4.csv,,,,2026-09-18 12:00:00,ENDED,BEAR,15.09 16:00,True,True,True,True,4h,ENDED,BEAR,15.09 16:00,,,
2026-09-18 13:49:21,btc_signals_log(18.09)_v4.csv,,,,2026-09-18 12:00:00,ENDED,BEAR,15.09 16:00,True,True,True,True,4h,ENDED,BEAR,15.09 16:00,,,
2026-09-18 14:19:25,btc_signals_log(18.09)_v4.csv,,,,2026-09-18 12:00:00,ENDED,BEAR,15.09 16:00,True,True,True,True,4h,ENDED,BEAR,15.09 16:00,,,
2026-09-18 14:49:29,btc_signals_log(18.09)_v4.csv,,,,2026-09-18 12:00:00,ENDED,BEAR,15.09 16:00,True,True,True,True,4h,ENDED,BEAR,15.09 16:00,,,
2026-09-18 15:19:34,btc_signals_log(18.09)_v4.csv,,,,2026-09-18 12:00:00,ENDED,BEAR,15.09 16:00,True,True,True,True,4h,ENDED,BEAR,15.09 16:00,,,
2026-09-18 15:49:39,btc_signals_log(18.09)_v4.csv,,,,2026-09-18 12:00:00,ENDED,BEAR,15.09 16:00,True,True,True,True,4h,ENDED,BEAR,15.09 16:00,,,
2026-09-18 16:19:43,btc_signals_log(18.09)_v4.csv,,,,2026-09-18 16:00:00,ACTIVE,BULL,18.09 12:00,True,True,True,True,4h,ACTIVE,BULL,18.09 12:00,,,
2026-09-18 16:49:48,btc_signals_log(18.09)_v4.csv,,,,2026-09-18 16:00:00,ACTIVE,BULL,18.09 12:00,True,True,True,True,4h,ACTIVE,BULL,18.09 12:00,,,
2026-09-18 17:19:52,btc_signals_log(18.09)_v4.csv,,,,2026-09-18 16:00:00,ACTIVE,BULL,18.09 12:00,True,True,True,True,4h,ACTIVE,BULL,18.09 12:00,,,
2026-09-18 17:49:57,btc_signals_log(18.09)_v4.csv,,,,2026-09-18 16:00:00,ACTIVE,BULL,18.09 12:00,True,True,True,True,4h,ACTIVE,BULL,18.09 12:00,,,
2026-09-18 18:20:01,btc_signals_log(18.09)_v4.csv,,,,2026-09-18 16:00:00,ACTIVE,BULL,18.09 12:00,True,True,True,True,4h,ACTIVE,BULL,18.09 12:00,,,
2026-09-18 18:50:06,btc_signals_log(18.09)_v4.csv,,,,2026-09-18 16:00:00,ACTIVE,BULL,18.09 12:00,True,True,True,True,4h,ACTIVE,BULL,18.09 12:00,,,
2026-09-18 19:20:11,btc_signals_log(18.09)_v4.csv,,,,2026-09-18 16:00:00,ACTIVE,BULL,18.09 12:00,True,True,True,True,4h,ACTIVE,BULL,18.09 12:00,,,
2026-09-18 19:50:16,btc_signals_log(18.09)_v4.csv,,,,2026-09-18 16:00:00,ACTIVE,BULL,18.09 12:00,True,True,True,True,4h,ACTIVE,BULL,18.09 12:00,,,
2026-09-18 20:20:21,btc_signals_log(18.09)_v4.csv,,,,2026-09-18 20:00:00,ACTIVE,BULL,18.09 12:00,True,True,True,True,4h,ACTIVE,BULL,18.09 12:00,,,
2026-09-18 20:50:25,btc_signals_log(18.09)_v4.csv,,,,2026-09-18 20:00:00,ACTIVE,BULL,18.09 12:00,True,True,True,True,4h,ACTIVE,BULL,18.09 12:00,,,
2026-09-18 21:20:31,btc_signals_log(18.09)_v4.csv,,,,2026-09-18 20:00:00,ACTIVE,BULL,18.09 12:00,True,True,True,True,4h,ACTIVE,BULL,18.09 12:00,,,
2026-09-18 21:50:36,btc_signals_log(18.09)_v4.csv,,,,2026-09-18 20:00:00,ACTIVE,BULL,18.09 12:00,True,True,True,True,4h,ACTIVE,BULL,18.09 12:00,,,
2026-09-18 22:20:40,btc_signals_log(18.09)_v4.csv,,,,2026-09-18 20:00:00,ACTIVE,BULL,18.09 12:00,True,True,True,True,4h,ACTIVE,BULL,18.09 12:00,,,
2026-09-18 22:50:45,btc_signals_log(18.09)_v4.csv,,,,2026-09-18 20:00:00,ACTIVE,BULL,18.09 12:00,True,True,True,True,4h,ACTIVE,BULL,18.09 12:00,,,
2026-09-18 23:20:49,btc_signals_log(18.09)_v4.csv,,,,2026-09-18 20:00:00,ACTIVE,BULL,18.09 12:00,True,True,True,True,4h,ACTIVE,BULL,18.09 12:00,,,
2026-09-18 23:50:54,btc_signals_log(18.09)_v4.csv,,,,2026-09-18 20:00:00,ACTIVE,BULL,18.09 12:00,True,True,True,True,4h,ACTIVE,BULL,18.09 12:00,,,
2026-09-19 00:20:58,btc_signals_log(19.09)_v4.csv,,,,2026-09-19 00:00:00,ACTIVE,BULL,18.09 12:00,True,True,True,True,4h,ACTIVE,BULL,18.09 12:00,,,
2026-09-19 00:51:02,btc_signals_log(19.09)_v4.csv,,,,2026-09-19 00:00:00,ACTIVE,BULL,18.09 12:00,True,True,True,True,4h,ACTIVE,BULL,18.09 12:00,,,
2026-09-19 01:21:07,btc_signals_log(19.09)_v4.csv,,,,2026-09-19 00:00:00,ACTIVE,BULL,18.09 12:00,True,True,True,True,4h,ACTIVE,BULL,18.09 12:00,,,
2026-09-19 01:51:11,btc_signals_log(19.09)_v4.csv,,,,2026-09-19 00:00:00,ACTIVE,BULL,18.09 12:00,True,True,True,True,4h,ACTIVE,BULL,18.09 12:00,,,
2026-09-19 02:21:15,btc_signals_log(19.09)_v4.csv,,,,2026-09-19 00:00:00,ACTIVE,BULL,18.09 12:00,True,True,True,True,4h,ACTIVE,BULL,18.09 12:00,,,
2026-09-19 02:51:19,btc_signals_log(19.09)_v4.csv,,,,2026-09-19 00:00:00,ACTIVE,BULL,18.09 12:00,True,True,True,True,4h,ACTIVE,BULL,18.09 12:00,,,
2026-09-19 03:21:24,btc_signals_log(19.09)_v4.csv,,,,2026-09-19 00:00:00,ACTIVE,BULL,18.09 12:00,True,True,True,True,4h,ACTIVE,BULL,18.09 12:00,,,
2026-09-19 03:51:28,btc_signals_log(19.09)_v4.csv,,,,2026-09-19 00:00:00,ACTIVE,BULL,18.09 12:00,True,True,True,True,4h,ACTIVE,BULL,18.09 12:00,,,
2026-09-19 04:21:32,btc_signals_log(19.09)_v4.csv,,,,2026-09-19 04:00:00,ACTIVE,BULL,18.09 12:00,True,True,True,True,4h,ACTIVE,BULL,18.09 12:00,,,
2026-09-19 04:51:36,btc_signals_log(19.09)_v4.csv,,,,2026-09-19 04:00:00,ACTIVE,BULL,18.09 12:00,True,True,True,True,4h,ACTIVE,BULL,18.09 12:00,,,
2026-09-19 05:21:41,btc_signals_log(19.09)_v4.csv,,,,2026-09-19 04:00:00,ACTIVE,BULL,18.09 12:00,True,True,True,True,4h,ACTIVE,BULL,18.09 12:00,,,
2026-09-19 05:51:45,btc_signals_log(19.09)_v4.csv,,,,2026-09-19 04:00:00,ACTIVE,BULL,18.09 12:00,True,True,True,True,4h,ACTIVE,BULL,18.09 12:00,,,
2026-09-19 06:21:50,btc_signals_log(19.09)_v4.csv,,,,2026-09-19 04:00:00,ACTIVE,BULL,18.09 12:00,True,True,True,True,4h,ACTIVE,BULL,18.09 12:00,,,
2026-09-19 06:51:54,btc_signals_log(19.09)_v4.csv,,,,2026-09-19 04:00:00,ACTIVE,BULL,18.09 12:00,True,True,True,True,4h,ACTIVE,BULL,18.09 12:00,,,
2026-09-19 07:21:58,btc_signals_log(19.09)_v4.csv,,,,2026-09-19 04:00:00,ACTIVE,BULL,18.09 12:00,True,True,True,True,4h,ACTIVE,BULL,18.09 12:00,,,
2026-09-19 07:52:02,btc_signals_log(19.09)_v4.csv,,,,2026-09-19 04:00:00,ACTIVE,BULL,18.09 12:00,True,True,True,True,4h,ACTIVE,BULL,18.09 12:00,,,
2026-09-19 11:30:13,btc_signals_log(19.09)_v4.csv,,,,2026-09-19 08:00:00,ACTIVE,BULL,18.09 12:00,True,True,True,True,4h,ACTIVE,BULL,18.09 12:00,,,
2026-09-19 12:00:19,btc_signals_log(19.09)_v4.csv,,,,2026-09-19 12:00:00,ACTIVE,BULL,18.09 12:00,True,True,True,True,4h,ACTIVE,BULL,18.09 12:00,,,
2026-09-19 12:30:24,btc_signals_log(19.09)_v4.csv,,,,2026-09-19 12:00:00,ACTIVE,BULL,18.09 12:00,True,True,True,True,4h,ACTIVE,BULL,18.09 12:00,,,
2026-09-19 13:00:29,btc_signals_log(19.09)_v4.csv,,,,2026-09-19 12:00:00,ACTIVE,BULL,18.09 12:00,True,True,True,True,4h,ACTIVE,BULL,18.09 12:00,,,
2026-09-19 13:30:33,btc_signals_log(19.09)_v4.csv,,,,2026-09-19 12:00:00,ACTIVE,BULL,18.09 12:00,True,True,True,True,4h,ACTIVE,BULL,18.09 12:00,,,
2026-09-19 14:00:38,btc_signals_log(19.09)_v4.csv,,,,2026-09-19 12:00:00,ACTIVE,BULL,18.09 12:00,True,True,True,True,4h,ACTIVE,BULL,18.09 12:00,,,
2026-09-19 14:30:43,btc_signals_log(19.09)_v4.csv,,,,2026-09-19 12:00:00,ACTIVE,BULL,18.09 12:00,True,True,True,True,4h,ACTIVE,BULL,18.09 12:00,,,
2026-09-19 15:01:03,btc_signals_log(19.09)_v4.csv,,,,2026-09-19 12:00:00,ACTIVE,BULL,18.09 12:00,True,True,True,True,4h,ACTIVE,BULL,18.09 12:00,,,
2026-09-19 15:31:18,btc_signals_log(19.09)_v4.csv,,,,2026-09-19 12:00:00,ACTIVE,BULL,18.09 12:00,True,True,True,True,4h,ACTIVE,BULL,18.09 12:00,,,
2026-09-19 16:01:30,btc_signals_log(19.09)_v4.csv,,,,2026-09-19 16:00:00,ACTIVE,BULL,18.09 12:00,True,True,True,True,4h,ACTIVE,BULL,18.09 12:00,,,
2026-09-19 16:31:41,btc_signals_log(19.09)_v4.csv,,,,2026-09-19 16:00:00,ACTIVE,BULL,18.09 12:00,True,True,True,True,4h,ACTIVE,BULL,18.09 12:00,,,
2026-09-19 17:01:57,btc_signals_log(19.09)_v4.csv,,,,2026-09-19 16:00:00,ACTIVE,BULL,18.09 12:00,True,True,True,True,4h,ACTIVE,BULL,18.09 12:00,,,
2026-09-19 17:32:02,btc_signals_log(19.09)_v4.csv,,,,2026-09-19 16:00:00,ACTIVE,BULL,18.09 12:00,True,True,True,True,4h,ACTIVE,BULL,18.09 12:00,,,
2026-09-19 19:02:37,btc_signals_log(19.09)_v4.csv,,,,2026-09-19 16:00:00,ACTIVE,BULL,18.09 12:00,True,True,True,True,4h,ACTIVE,BULL,18.09 12:00,,,
2026-09-19 19:32:43,btc_signals_log(19.09)_v4.csv,,,,2026-09-19 16:00:00,ACTIVE,BULL,18.09 12:00,True,True,True,True,4h,ACTIVE,BULL,18.09 12:00,,,
2026-09-19 20:02:57,btc_signals_log(19.09)_v4.csv,,,,2026-09-19 20:00:00,ACTIVE,BULL,18.09 12:00,True,True,True,True,4h,ACTIVE,BULL,18.09 12:00,,,
2026-09-19 20:33:03,btc_signals_log(19.09)_v4.csv,,,,2026-09-19 20:00:00,ACTIVE,BULL,18.09 12:00,True,True,True,True,4h,ACTIVE,BULL,18.09 12:00,,,
2026-09-19 21:03:09,btc_signals_log(19.09)_v4.csv,,,,2026-09-19 20:00:00,ACTIVE,BULL,18.09 12:00,True,True,True,True,4h,ACTIVE,BULL,18.09 12:00,,,
2026-09-19 21:33:15,btc_signals_log(19.09)_v4.csv,,,,2026-09-19 20:00:00,ACTIVE,BULL,18.09 12:00,True,True,True,True,4h,ACTIVE,BULL,18.09 12:00,,,
2026-09-19 22:03:20,btc_signals_log(19.09)_v4.csv,,,,2026-09-19 20:00:00,ACTIVE,BULL,18.09 12:00,True,True,True,True,4h,ACTIVE,BULL,18.09 12:00,,,
2026-09-19 22:33:25,btc_signals_log(19.09)_v4.csv,,,,2026-09-19 20:00:00,ACTIVE,BULL,18.09 12:00,True,True,True,True,4h,ACTIVE,BULL,18.09 12:00,,,
2026-09-19 23:03:30,btc_signals_log(19.09)_v4.csv,,,,2026-09-19 20:00:00,ACTIVE,BULL,18.09 12:00,True,True,True,True,4h,ACTIVE,BULL,18.09 12:00,,,
2026-09-19 23:33:38,btc_signals_log(19.09)_v4.csv,,,,2026-09-19 20:00:00,ACTIVE,BULL,18.09 12:00,True,True,True,True,4h,ACTIVE,BULL,18.09 12:00,,,
2026-09-20 00:03:43,btc_signals_log(20.09)_v4.csv,,,,2026-09-20 00:00:00,ACTIVE,BULL,18.09 12:00,True,True,True,True,4h,ACTIVE,BULL,18.09 12:00,,,
2026-09-20 00:33:47,btc_signals_log(20.09)_v4.csv,,,,2026-09-20 00:00:00,ACTIVE,BULL,18.09 12:00,True,True,True,True,4h,ACTIVE,BULL,18.09 12:00,,,
2026-09-20 01:03:52,btc_signals_log(20.09)_v4.csv,,,,2026-09-20 00:00:00,ACTIVE,BULL,18.09 12:00,True,True,True,True,4h,ACTIVE,BULL,18.09 12:00,,,
2026-09-20 01:33:56,btc_signals_log(20.09)_v4.csv,,,,2026-09-20 00:00:00,ACTIVE,BULL,18.09 12:00,True,True,True,True,4h,ACTIVE,BULL,18.09 12:00,,,
2026-09-20 02:04:02,btc_signals_log(20.09)_v4.csv,,,,2026-09-20 00:00:00,ACTIVE,BULL,18.09 12:00,True,True,True,True,4h,ACTIVE,BULL,18.09 12:00,,,
2026-09-20 02:34:07,btc_signals_log(20.09)_v4.csv,,,,2026-09-20 00:00:00,ACTIVE,BULL,18.09 12:00,True,True,True,True,4h,ACTIVE,BULL,18.09 12:00,,,
2026-09-20 03:04:12,btc_signals_log(20.09)_v4.csv,,,,2026-09-20 00:00:00,ACTIVE,BULL,18.09 12:00,True,True,True,True,4h,ACTIVE,BULL,18.09 12:00,,,
2026-09-20 03:34:18,btc_signals_log(20.09)_v4.csv,,,,2026-09-20 00:00:00,ACTIVE,BULL,18.09 12:00,True,True,True,True,4h,ACTIVE,BULL,18.09 12:00,,,
2026-09-20 04:04:22,btc_signals_log(20.09)_v4.csv,,,,2026-09-20 04:00:00,ACTIVE,BULL,18.09 12:00,True,True,True,True,4h,ACTIVE,BULL,18.09 12:00,,,
2026-09-20 04:34:27,btc_signals_log(20.09)_v4.csv,,,,2026-09-20 04:00:00,ACTIVE,BULL,18.09 12:00,True,True,True,True,4h,ACTIVE,BULL,18.09 12:00,,,
2026-09-20 05:04:31,btc_signals_log(20.09)_v4.csv,,,,2026-09-20 04:00:00,ACTIVE,BULL,18.09 12:00,True,True,True,True,4h,ACTIVE,BULL,18.09 12:00,,,
2026-09-20 05:34:36,btc_signals_log(20.09)_v4.csv,,,,2026-09-20 04:00:00,ACTIVE,BULL,18.09 12:00,True,True,True,True,4h,ACTIVE,BULL,18.09 12:00,,,
2026-09-20 06:04:41,btc_signals_log(20.09)_v4.csv,,,,2026-09-20 04:00:00,ACTIVE,BULL,18.09 12:00,True,True,True,True,4h,ACTIVE,BULL,18.09 12:00,,,
2026-09-20 09:06:15,btc_signals_log(20.09)_v4.csv,,,,2026-09-20 08:00:00,ACTIVE,BULL,18.09 12:00,True,True,True,True,4h,ACTIVE,BULL,18.09 12:00,,,
2026-09-20 09:36:20,btc_signals_log(20.09)_v4.csv,,,,2026-09-20 08:00:00,ACTIVE,BULL,18.09 12:00,True,True,True,True,4h,ACTIVE,BULL,18.09 12:00,,,
2026-09-20 10:06:25,btc_signals_log(20.09)_v4.csv,,,,2026-09-20 08:00:00,ACTIVE,BULL,18.09 12:00,True,True,True,True,4h,ACTIVE,BULL,18.09 12:00,,,
2026-09-20 10:36:30,btc_signals_log(20.09)_v4.csv,,,,2026-09-20 08:00:00,ACTIVE,BULL,18.09 12:00,True,True,True,True,4h,ACTIVE,BULL,18.09 12:00,,,
2026-09-20 11:06:34,btc_signals_log(20.09)_v4.csv,,,,2026-09-20 08:00:00,ACTIVE,BULL,18.09 12:00,True,True,True,True,4h,ACTIVE,BULL,18.09 12:00,,,
2026-09-20 11:36:38,btc_signals_log(20.09)_v4.csv,,,,2026-09-20 08:00:00,ACTIVE,BULL,18.09 12:00,True,True,True,True,4h,ACTIVE,BULL,18.09 12:00,,,
2026-09-20 12:06:43,btc_signals_log(20.09)_v4.csv,,,,2026-09-20 12:00:00,ACTIVE,BULL,18.09 12:00,True,True,True,True,4h,ACTIVE,BULL,18.09 12:00,,,
2026-09-20 12:36:48,btc_signals_log(20.09)_v4.csv,,,,2026-09-20 12:00:00,ACTIVE,BULL,18.09 12:00,True,True,True,True,4h,ACTIVE,BULL,18.09 12:00,,,
2026-09-20 13:06:59,btc_signals_log(20.09)_v4.csv,,,,2026-09-20 12:00:00,ACTIVE,BULL,18.09 12:00,True,True,True,True,4h,ACTIVE,BULL,18.09 12:00,,,
2026-09-20 13:37:56,btc_signals_log(20.09)_v4.csv,,,,2026-09-20 12:00:00,ACTIVE,BULL,18.09 12:00,True,True,True,True,4h,ACTIVE,BULL,18.09 12:00,,,
2026-09-20 14:08:02,btc_signals_log(20.09)_v4.csv,,,,2026-09-20 12:00:00,ACTIVE,BULL,18.09 12:00,True,True,True,True,4h,ACTIVE,BULL,18.09 12:00,,,
2026-09-20 14:38:07,btc_signals_log(20.09)_v4.csv,,,,2026-09-20 12:00:00,ACTIVE,BULL,18.09 12:00,True,True,True,True,4h,ACTIVE,BULL,18.09 12:00,,,
2026-09-20 15:08:12,btc_signals_log(20.09)_v4.csv,,,,2026-09-20 12:00:00,ACTIVE,BULL,18.09 12:00,True,True,True,True,4h,ACTIVE,BULL,18.09 12:00,,,
2026-09-20 15:38:16,btc_signals_log(20.09)_v4.csv,,,,2026-09-20 12:00:00,ACTIVE,BULL,18.09 12:00,True,True,True,True,4h,ACTIVE,BULL,18.09 12:00,,,
2026-09-20 16:08:21,btc_signals_log(20.09)_v4.csv,,,,2026-09-20 16:00:00,ACTIVE,BULL,18.09 12:00,True,True,True,True,4h,ACTIVE,BULL,18.09 12:00,,,
2026-09-20 16:38:26,btc_signals_log(20.09)_v4.csv,,,,2026-09-20 16:00:00,ACTIVE,BULL,18.09 12:00,True,True,True,True,4h,ACTIVE,BULL,18.09 12:00,,,
2026-09-20 17:08:30,btc_signals_log(20.09)_v4.csv,,,,2026-09-20 16:00:00,ACTIVE,BULL,18.09 12:00,True,True,True,True,4h,ACTIVE,BULL,18.09 12:00,,,
2026-09-20 17:38:35,btc_signals_log(20.09)_v4.csv,,,,2026-09-20 16:00:00,ACTIVE,BULL,18.09 12:00,True,True,True,True,4h,ACTIVE,BULL,18.09 12:00,,,
2026-09-20 18:08:39,btc_signals_log(20.09)_v4.csv,,,,2026-09-20 16:00:00,ACTIVE,BULL,18.09 12:00,True,True,True,True,4h,ACTIVE,BULL,18.09 12:00,,,
2026-09-20 18:38:44,btc_signals_log(20.09)_v4.csv,,,,2026-09-20 16:00:00,ACTIVE,BULL,18.09 12:00,True,True,True,True,4h,ACTIVE,BULL,18.09 12:00,,,
2026-09-20 19:08:48,btc_signals_log(20.09)_v4.csv,,,,2026-09-20 16:00:00,ACTIVE,BULL,18.09 12:00,True,True,True,True,4h,ACTIVE,BULL,18.09 12:00,,,
2026-09-20 21:39:53,btc_signals_log(20.09)_v4.csv,,,,2026-09-20 20:00:00,ACTIVE,BULL,18.09 12:00,True,True,True,True,4h,ACTIVE,BULL,18.09 12:00,,,
2026-09-20 22:09:59,btc_signals_log(20.09)_v4.csv,,,,2026-09-20 20:00:00,ACTIVE,BULL,18.09 12:00,True,True,True,True,4h,ACTIVE,BULL,18.09 12:00,,,
2026-09-20 22:40:04,btc_signals_log(20.09)_v4.csv,,,,2026-09-20 20:00:00,ACTIVE,BULL,18.09 12:00,True,True,True,True,4h,ACTIVE,BULL,18.09 12:00,,,
2026-09-20 23:10:10,btc_signals_log(20.09)_v4.csv,,,,2026-09-20 20:00:00,ACTIVE,BULL,18.09 12:00,True,True,True,True,4h,ACTIVE,BULL,18.09 12:00,,,
2026-09-21 08:10:16,btc_signals_log(21.09)_v4.csv,,,,2026-09-21 08:00:00,ACTIVE,BULL,18.09 12:00,True,True,True,True,4h,ACTIVE,BULL,18.09 12:00,,,
2026-09-21 08:40:21,btc_signals_log(21.09)_v4.csv,,,,2026-09-21 08:00:00,ACTIVE,BULL,18.09 12:00,True,True,True,True,4h,ACTIVE,BULL,18.09 12:00,,,
2026-09-21 09:10:27,btc_signals_log(21.09)_v4.csv,,,,2026-09-21 08:00:00,ACTIVE,BULL,18.09 12:00,True,True,True,True,4h,ACTIVE,BULL,18.09 12:00,,,
2026-09-21 09:40:32,btc_signals_log(21.09)_v4.csv,,,,2026-09-21 08:00:00,ACTIVE,BULL,18.09 12:00,True,True,True,True,4h,ACTIVE,BULL,18.09 12:00,,,
2026-09-21 10:40:39,btc_signals_log(21.09)_v4.csv,,,,2026-09-21 08:00:00,ACTIVE,BULL,18.09 12:00,True,True,True,True,4h,ACTIVE,BULL,18.09 12:00,,,
2026-09-21 11:10:48,btc_signals_log(21.09)_v4.csv,,,,2026-09-21 08:00:00,ACTIVE,BULL,18.09 12:00,True,True,True,True,4h,ACTIVE,BULL,18.09 12:00,,,
2026-09-21 11:40:58,btc_signals_log(21.09)_v4.csv,,,,2026-09-21 08:00:00,ACTIVE,BULL,18.09 12:00,True,True,True,True,4h,ACTIVE,BULL,18.09 12:00,,,
2026-09-21 12:11:03,btc_signals_log(21.09)_v4.csv,,,,2026-09-21 12:00:00,ACTIVE,BULL,18.09 12:00,True,True,True,True,4h,ACTIVE,BULL,18.09 12:00,,,
2026-09-21 12:41:08,btc_signals_log(21.09)_v4.csv,,,,2026-09-21 12:00:00,ACTIVE,BULL,18.09 12:00,True,True,True,True,4h,ACTIVE,BULL,18.09 12:00,,,
2026-09-21 13:11:13,btc_signals_log(21.09)_v4.csv,,,,2026-09-21 12:00:00,ACTIVE,BULL,18.09 12:00,True,True,True,True,4h,ACTIVE,BULL,18.09 12:00,,,
2026-09-21 13:41:29,btc_signals_log(21.09)_v4.csv,,,,2026-09-21 12:00:00,ACTIVE,BULL,18.09 12:00,True,True,True,True,4h,ACTIVE,BULL,18.09 12:00,,,
2026-09-21 14:11:44,btc_signals_log(21.09)_v4.csv,,,,2026-09-21 12:00:00,ACTIVE,BULL,18.09 12:00,True,True,True,True,4h,ACTIVE,BULL,18.09 12:00,,,
2026-09-21 14:42:04,btc_signals_log(21.09)_v4.csv,,,,2026-09-21 12:00:00,ACTIVE,BULL,18.09 12:00,True,True,True,True,4h,ACTIVE,BULL,18.09 12:00,,,
2026-09-21 15:12:14,btc_signals_log(21.09)_v4.csv,,,,2026-09-21 12:00:00,ACTIVE,BULL,18.09 12:00,True,True,True,True,4h,ACTIVE,BULL,18.09 12:00,,,
2026-09-21 15:42:18,btc_signals_log(21.09)_v4.csv,,,,2026-09-21 12:00:00,ACTIVE,BULL,18.09 12:00,True,True,True,True,4h,ACTIVE,BULL,18.09 12:00,,,
2026-09-21 16:42:24,btc_signals_log(21.09)_v4.csv,,,,2026-09-21 16:00:00,ACTIVE,BULL,18.09 12:00,True,True,True,True,4h,ACTIVE,BULL,18.09 12:00,,,
2026-09-21 17:42:41,btc_signals_log(21.09)_v4.csv,,,,2026-09-21 16:00:00,ACTIVE,BULL,18.09 12:00,True,True,True,True,4h,ACTIVE,BULL,18.09 12:00,,,
2026-09-21 18:12:47,btc_signals_log(21.09)_v4.csv,,,,2026-09-21 16:00:00,ACTIVE,BULL,18.09 12:00,True,True,True,True,4h,ACTIVE,BULL,18.09 12:00,,,
2026-09-21 18:42:53,btc_signals_log(21.09)_v4.csv,,,,2026-09-21 16:00:00,ACTIVE,BULL,18.09 12:00,True,True,True,True,4h,ACTIVE,BULL,18.09 12:00,,,
2026-09-21 19:13:05,btc_signals_log(21.09)_v4.csv,,,,2026-09-21 16:00:00,ACTIVE,BULL,18.09 12:00,True,True,True,True,4h,ACTIVE,BULL,18.09 12:00,,,
2026-09-21 19:43:10,btc_signals_log(21.09)_v4.csv,,,,2026-09-21 16:00:00,ACTIVE,BULL,18.09 12:00,True,True,True,True,4h,ACTIVE,BULL,18.09 12:00,,,
2026-09-21 20:13:15,btc_signals_log(21.09)_v4.csv,,,,2026-09-21 20:00:00,ACTIVE,BULL,18.09 12:00,True,True,True,True,4h,ACTIVE,BULL,18.09 12:00,,,
2026-09-21 20:43:24,btc_signals_log(21.09)_v4.csv,,,,2026-09-21 20:00:00,ACTIVE,BULL,18.09 12:00,True,True,True,True,4h,ACTIVE,BULL,18.09 12:00,,,
2026-09-21 21:13:36,btc_signals_log(21.09)_v4.csv,,,,2026-09-21 20:00:00,ACTIVE,BULL,18.09 12:00,True,True,True,True,4h,ACTIVE,BULL,18.09 12:00,,,
2026-09-21 23:15:12,btc_signals_log(21.09)_v4.csv,,,,2026-09-21 20:00:00,ACTIVE,BULL,18.09 12:00,True,True,True,True,4h,ACTIVE,BULL,18.09 12:00,,,
2026-09-22 00:15:49,btc_signals_log(22.09)_v4.csv,,,,2026-09-22 00:00:00,ACTIVE,BULL,18.09 12:00,True,True,True,True,4h,ACTIVE,BULL,18.09 12:00,,,
2026-09-22 01:16:41,btc_signals_log(22.09)_v4.csv,,,,2026-09-22 00:00:00,ACTIVE,BULL,18.09 12:00,True,True,True,True,4h,ACTIVE,BULL,18.09 12:00,,,
2026-09-22 01:46:47,btc_signals_log(22.09)_v4.csv,,,,2026-09-22 00:00:00,ACTIVE,BULL,18.09 12:00,True,True,True,True,4h,ACTIVE,BULL,18.09 12:00,,,
2026-09-22 02:16:52,btc_signals_log(22.09)_v4.csv,,,,2026-09-22 00:00:00,ACTIVE,BULL,18.09 12:00,True,True,True,True,4h,ACTIVE,BULL,18.09 12:00,,,
2026-09-22 02:46:57,btc_signals_log(22.09)_v4.csv,,,,2026-09-22 00:00:00,ACTIVE,BULL,18.09 12:00,True,True,True,True,4h,ACTIVE,BULL,18.09 12:00,,,
2026-09-22 03:17:02,btc_signals_log(22.09)_v4.csv,,,,2026-09-22 00:00:00,ACTIVE,BULL,18.09 12:00,True,True,True,True,4h,ACTIVE,BULL,18.09 12:00,,,
2026-09-22 03:47:08,btc_signals_log(22.09)_v4.csv,,,,2026-09-22 00:00:00,ACTIVE,BULL,18.09 12:00,True,True,True,True,4h,ACTIVE,BULL,18.09 12:00,,,
2026-09-22 04:17:13,btc_signals_log(22.09)_v4.csv,,,,2026-09-22 04:00:00,ACTIVE,BULL,18.09 12:00,True,True,True,True,4h,ACTIVE,BULL,18.09 12:00,,,
2026-09-22 04:47:18,btc_signals_log(22.09)_v4.csv,,,,2026-09-22 04:00:00,ACTIVE,BULL,18.09 12:00,True,True,True,True,4h,ACTIVE,BULL,18.09 12:00,,,
2026-09-22 05:17:23,btc_signals_log(22.09)_v4.csv,,,,2026-09-22 04:00:00,ACTIVE,BULL,18.09 12:00,True,True,True,True,4h,ACTIVE,BULL,18.09 12:00,,,
2026-09-22 05:47:28,btc_signals_log(22.09)_v4.csv,,,,2026-09-22 04:00:00,ACTIVE,BULL,18.09 12:00,True,True,True,True,4h,ACTIVE,BULL,18.09 12:00,,,
2026-09-22 06:17:34,btc_signals_log(22.09)_v4.csv,,,,2026-09-22 04:00:00,ACTIVE,BULL,18.09 12:00,True,True,True,True,4h,ACTIVE,BULL,18.09 12:00,,,
2026-09-22 09:22:23,btc_signals_log(22.09)_v4.csv,,,,2026-09-22 08:00:00,ACTIVE,BULL,18.09 12:00,True,True,True,True,4h,ACTIVE,BULL,18.09 12:00,,,
2026-09-22 09:52:37,btc_signals_log(22.09)_v4.csv,,,,2026-09-22 08:00:00,ACTIVE,BULL,18.09 12:00,True,True,True,True,4h,ACTIVE,BULL,18.09 12:00,,,
2026-09-22 10:53:14,btc_signals_log(22.09)_v4.csv,,,,2026-09-22 08:00:00,ACTIVE,BULL,18.09 12:00,True,True,True,True,4h,ACTIVE,BULL,18.09 12:00,,,
2026-09-22 11:23:21,btc_signals_log(22.09)_v4.csv,,,,2026-09-22 08:00:00,ACTIVE,BULL,18.09 12:00,True,True,True,True,4h,ACTIVE,BULL,18.09 12:00,,,
2026-09-22 11:53:28,btc_signals_log(22.09)_v4.csv,,,,2026-09-22 08:00:00,ACTIVE,BULL,18.09 12:00,True,True,True,True,4h,ACTIVE,BULL,18.09 12:00,,,
2026-09-22 12:23:34,btc_signals_log(22.09)_v4.csv,,,,2026-09-22 12:00:00,ACTIVE,BULL,18.09 12:00,True,True,True,True,4h,ACTIVE,BULL,18.09 12:00,,,
2026-09-22 12:53:39,btc_signals_log(22.09)_v4.csv,,,,2026-09-22 12:00:00,ACTIVE,BULL,18.09 12:00,True,True,True,True,4h,ACTIVE,BULL,18.09 12:00,,,
2026-09-22 13:23:45,btc_signals_log(22.09)_v4.csv,,,,2026-09-22 12:00:00,ACTIVE,BULL,18.09 12:00,True,True,True,True,4h,ACTIVE,BULL,18.09 12:00,,,
2026-09-22 13:53:51,btc_signals_log(22.09)_v4.csv,,,,2026-09-22 12:00:00,ACTIVE,BULL,18.09 12:00,True,True,True,True,4h,ACTIVE,BULL,18.09 12:00,,,
2026-09-22 14:23:57,btc_signals_log(22.09)_v4.csv,,,,2026-09-22 12:00:00,ACTIVE,BULL,18.09 12:00,True,True,True,True,4h,ACTIVE,BULL,18.09 12:00,,,
2026-09-22 14:54:03,btc_signals_log(22.09)_v4.csv,,,,2026-09-22 12:00:00,ACTIVE,BULL,18.09 12:00,True,True,True,True,4h,ACTIVE,BULL,18.09 12:00,,,
2026-09-22 15:24:09,btc_signals_log(22.09)_v4.csv,,,,2026-09-22 12:00:00,ACTIVE,BULL,18.09 12:00,True,True,True,True,4h,ACTIVE,BULL,18.09 12:00,,,
2026-09-22 15:54:15,btc_signals_log(22.09)_v4.csv,,,,2026-09-22 12:00:00,ACTIVE,BULL,18.09 12:00,True,True,True,True,4h,ACTIVE,BULL,18.09 12:00,,,
2026-09-22 16:24:21,btc_signals_log(22.09)_v4.csv,,,,2026-09-22 16:00:00,ACTIVE,BULL,18.09 12:00,True,True,True,True,4h,ACTIVE,BULL,18.09 12:00,,,
2026-09-22 16:54:27,btc_signals_log(22.09)_v4.csv,,,,2026-09-22 16:00:00,ACTIVE,BULL,18.09 12:00,True,True,True,True,4h,ACTIVE,BULL,18.09 12:00,,,
2026-09-22 17:25:25,btc_signals_log(22.09)_v4.csv,,,,2026-09-22 16:00:00,ACTIVE,BULL,18.09 12:00,True,True,True,True,4h,ACTIVE,BULL,18.09 12:00,,,
2026-09-22 17:55:35,btc_signals_log(22.09)_v4.csv,,,,2026-09-22 16:00:00,ACTIVE,BULL,18.09 12:00,True,True,True,True,4h,ACTIVE,BULL,18.09 12:00,,,
2026-09-22 18:25:41,btc_signals_log(22.09)_v4.csv,,,,2026-09-22 16:00:00,ACTIVE,BULL,18.09 12:00,True,True,True,True,4h,ACTIVE,BULL,18.09 12:00,,,
2026-09-22 18:55:48,btc_signals_log(22.09)_v4.csv,,,,2026-09-22 16:00:00,ACTIVE,BULL,18.09 12:00,True,True,True,True,4h,ACTIVE,BULL,18.09 12:00,,,
2026-09-22 21:27:55,btc_signals_log(22.09)_v4.csv,,,,2026-09-22 20:00:00,ACTIVE,BULL,18.09 12:00,True,True,True,True,4h,ACTIVE,BULL,18.09 12:00,,,
2026-09-22 21:58:01,btc_signals_log(22.09)_v4.csv,,,,2026-09-22 20:00:00,ACTIVE,BULL,18.09 12:00,True,True,True,True,4h,ACTIVE,BULL,18.09 12:00,,,
2026-09-22 22:28:06,btc_signals_log(22.09)_v4.csv,,,,2026-09-22 20:00:00,ACTIVE,BULL,18.09 12:00,True,True,True,True,4h,ACTIVE,BULL,18.09 12:00,,,
2026-09-22 22:58:12,btc_signals_log(22.09)_v4.csv,,,,2026-09-22 20:00:00,ACTIVE,BULL,18.09 12:00,True,True,True,True,4h,ACTIVE,BULL,18.09 12:00,,,
2026-09-22 23:28:18,btc_signals_log(22.09)_v4.csv,,,,2026-09-22 20:00:00,ACTIVE,BULL,18.09 12:00,True,True,True,True,4h,ACTIVE,BULL,18.09 12:00,,,
2026-09-22 23:58:24,btc_signals_log(22.09)_v4.csv,,,,2026-09-22 20:00:00,ACTIVE,BULL,18.09 12:00,True,True,True,True,4h,ACTIVE,BULL,18.09 12:00,,,
2026-09-23 00:28:29,btc_signals_log(23.09)_v4.csv,,,,2026-09-23 00:00:00,ACTIVE,BULL,18.09 12:00,True,True,True,True,4h,ACTIVE,BULL,18.09 12:00,,,
2026-09-23 00:58:34,btc_signals_log(23.09)_v4.csv,,,,2026-09-23 00:00:00,ACTIVE,BULL,18.09 12:00,True,True,True,True,4h,ACTIVE,BULL,18.09 12:00,,,
2026-09-23 01:28:40,btc_signals_log(23.09)_v4.csv,,,,2026-09-23 00:00:00,ACTIVE,BULL,18.09 12:00,True,True,True,True,4h,ACTIVE,BULL,18.09 12:00,,,
2026-09-23 01:58:45,btc_signals_log(23.09)_v4.csv,,,,2026-09-23 00:00:00,ACTIVE,BULL,18.09 12:00,True,True,True,True,4h,ACTIVE,BULL,18.09 12:00,,,
2026-09-23 02:28:51,btc_signals_log(23.09)_v4.csv,,,,2026-09-23 00:00:00,ACTIVE,BULL,18.09 12:00,True,True,True,True,4h,ACTIVE,BULL,18.09 12:00,,,
2026-09-23 02:58:56,btc_signals_log(23.09)_v4.csv,,,,2026-09-23 00:00:00,ACTIVE,BULL,18.09 12:00,True,True,True,True,4h,ACTIVE,BULL,18.09 12:00,,,
2026-09-23 03:29:02,btc_signals_log(23.09)_v4.csv,,,,2026-09-23 00:00:00,ACTIVE,BULL,18.09 12:00,True,True,True,True,4h,ACTIVE,BULL,18.09 12:00,,,
2026-09-23 03:59:08,btc_signals_log(23.09)_v4.csv,,,,2026-09-23 00:00:00,ACTIVE,BULL,18.09 12:00,True,True,True,True,4h,ACTIVE,BULL,18.09 12:00,,,
2026-09-23 04:29:14,btc_signals_log(23.09)_v4.csv,,,,2026-09-23 04:00:00,ACTIVE,BULL,18.09 12:00,True,True,True,True,4h,ACTIVE,BULL,18.09 12:00,,,
2026-09-23 04:59:20,btc_signals_log(23.09)_v4.csv,,,,2026-09-23 04:00:00,ACTIVE,BULL,18.09 12:00,True,True,True,True,4h,ACTIVE,BULL,18.09 12:00,,,
2026-09-23 05:29:26,btc_signals_log(23.09)_v4.csv,,,,2026-09-23 04:00:00,ACTIVE,BULL,18.09 12:00,True,True,True,True,4h,ACTIVE,BULL,18.09 12:00,,,
2026-09-23 05:59:32,btc_signals_log(23.09)_v4.csv,,,,2026-09-23 04:00:00,ACTIVE,BULL,18.09 12:00,True,True,True,True,4h,ACTIVE,BULL,18.09 12:00,,,
2026-09-23 08:01:07,btc_signals_log(23.09)_v4.csv,,,,2026-09-23 08:00:00,ACTIVE,BULL,18.09 12:00,True,True,True,True,4h,ACTIVE,BULL,18.09 12:00,,,
2026-09-23 10:18:52,btc_signals_log(23.09)_v4.csv,,,,2026-09-23 08:00:00,ACTIVE,BULL,18.09 12:00,True,True,True,True,4h,ACTIVE,BULL,18.09 12:00,,,
2026-09-23 22:54:50,btc_signals_log(23.09)_v4.csv,,,,2026-09-23 20:00:00,ENDED,BULL,18.09 12:00,True,True,True,True,4h,ENDED,BULL,18.09 12:00,,,
2026-09-23 23:24:55,btc_signals_log(23.09)_v4.csv,,,,2026-09-23 20:00:00,ENDED,BULL,18.09 12:00,True,True,True,True,4h,ENDED,BULL,18.09 12:00,,,
2026-09-23 23:55:01,btc_signals_log(23.09)_v4.csv,,,,2026-09-23 20:00:00,ENDED,BULL,18.09 12:00,True,True,True,True,4h,ENDED,BULL,18.09 12:00,,,
2026-09-24 00:25:07,btc_signals_log(24.09)_v4.csv,,,,2026-09-24 00:00:00,ENDED,BULL,18.09 12:00,True,True,True,True,4h,ENDED,BULL,18.09 12:00,,,
2026-09-24 00:55:12,btc_signals_log(24.09)_v4.csv,,,,2026-09-24 00:00:00,ENDED,BULL,18.09 12:00,True,True,True,True,4h,ENDED,BULL,18.09 12:00,,,
2026-09-24 01:25:17,btc_signals_log(24.09)_v4.csv,,,,2026-09-24 00:00:00,ENDED,BULL,18.09 12:00,True,True,True,True,4h,ENDED,BULL,18.09 12:00,,,
2026-09-24 01:55:22,btc_signals_log(24.09)_v4.csv,,,,2026-09-24 00:00:00,ENDED,BULL,18.09 12:00,True,True,True,True,4h,ENDED,BULL,18.09 12:00,,,
2026-09-24 02:25:27,btc_signals_log(24.09)_v4.csv,,,,2026-09-24 00:00:00,ENDED,BULL,18.09 12:00,True,True,True,True,4h,ENDED,BULL,18.09 12:00,,,
2026-09-24 02:55:32,btc_signals_log(24.09)_v4.csv,,,,2026-09-24 00:00:00,ENDED,BULL,18.09 12:00,True,True,True,True,4h,ENDED,BULL,18.09 12:00,,,
2026-09-24 03:25:37,btc_signals_log(24.09)_v4.csv,,,,2026-09-24 00:00:00,ENDED,BULL,18.09 12:00,True,True,True,True,4h,ENDED,BULL,18.09 12:00,,,
2026-09-24 03:55:41,btc_signals_log(24.09)_v4.csv,,,,2026-09-24 00:00:00,ENDED,BULL,18.09 12:00,True,True,True,True,4h,ENDED,BULL,18.09 12:00,,,
2026-09-24 04:25:47,btc_signals_log(24.09)_v4.csv,,,,2026-09-24 04:00:00,ENDED,BULL,18.09 12:00,True,True,True,True,4h,ENDED,BULL,18.09 12:00,,,
2026-09-24 04:55:51,btc_signals_log(24.09)_v4.csv,,,,2026-09-24 04:00:00,ENDED,BULL,18.09 12:00,True,True,True,True,4h,ENDED,BULL,18.09 12:00,,,
2026-09-24 05:25:57,btc_signals_log(24.09)_v4.csv,,,,2026-09-24 04:00:00,ENDED,BULL,18.09 12:00,True,True,True,True,4h,ENDED,BULL,18.09 12:00,,,
2026-09-24 05:56:01,btc_signals_log(24.09)_v4.csv,,,,2026-09-24 04:00:00,ENDED,BULL,18.09 12:00,True,True,True,True,4h,ENDED,BULL,18.09 12:00,,,
2026-09-24 06:26:06,btc_signals_log(24.09)_v4.csv,,,,2026-09-24 04:00:00,ENDED,BULL,18.09 12:00,True,True,True,True,4h,ENDED,BULL,18.09 12:00,,,
2026-09-24 06:56:11,btc_signals_log(24.09)_v4.csv,,,,2026-09-24 04:00:00,ENDED,BULL,18.09 12:00,True,True,True,True,4h,ENDED,BULL,18.09 12:00,,,
2026-09-24 07:26:16,btc_signals_log(24.09)_v4.csv,,,,2026-09-24 04:00:00,ENDED,BULL,18.09 12:00,True,True,True,True,4h,ENDED,BULL,18.09 12:00,,,
2026-09-24 07:56:23,btc_signals_log(24.09)_v4.csv,,,,2026-09-24 04:00:00,ENDED,BULL,18.09 12:00,True,True,True,True,4h,ENDED,BULL,18.09 12:00,,,
2026-09-24 08:26:29,btc_signals_log(24.09)_v4.csv,,,,2026-09-24 08:00:00,ENDED,BULL,18.09 12:00,True,True,True,True,4h,ENDED,BULL,18.09 12:00,,,
2026-09-24 08:56:35,btc_signals_log(24.09)_v4.csv,,,,2026-09-24 08:00:00,ENDED,BULL,18.09 12:00,True,True,True,True,4h,ENDED,BULL,18.09 12:00,,,
2026-09-24 09:26:40,btc_signals_log(24.09)_v4.csv,,,,2026-09-24 08:00:00,ENDED,BULL,18.09 12:00,True,True,True,True,4h,ENDED,BULL,18.09 12:00,,,
2026-09-24 09:56:46,btc_signals_log(24.09)_v4.csv,,,,2026-09-24 08:00:00,ENDED,BULL,18.09 12:00,True,True,True,True,4h,ENDED,BULL,18.09 12:00,,,
2026-09-24 10:26:51,btc_signals_log(24.09)_v4.csv,,,,2026-09-24 08:00:00,ENDED,BULL,18.09 12:00,True,True,True,True,4h,ENDED,BULL,18.09 12:00,,,
2026-09-24 10:56:57,btc_signals_log(24.09)_v4.csv,,,,2026-09-24 08:00:00,ENDED,BULL,18.09 12:00,True,True,True,True,4h,ENDED,BULL,18.09 12:00,,,
2026-09-24 12:29:40,btc_signals_log(24.09)_v4.csv,,,,2026-09-24 12:00:00,ENDED,BULL,18.09 12:00,True,True,True,True,4h,ENDED,BULL,18.09 12:00,,,
2026-09-24 12:59:46,btc_signals_log(24.09)_v4.csv,,,,2026-09-24 12:00:00,ENDED,BULL,18.09 12:00,True,True,True,True,4h,ENDED,BULL,18.09 12:00,,,
2026-09-24 13:29:52,btc_signals_log(24.09)_v4.csv,,,,2026-09-24 12:00:00,ENDED,BULL,18.09 12:00,True,True,True,True,4h,ENDED,BULL,18.09 12:00,,,
2026-09-24 13:59:58,btc_signals_log(24.09)_v4.csv,,,,2026-09-24 12:00:00,ENDED,BULL,18.09 12:00,True,True,True,True,4h,ENDED,BULL,18.09 12:00,,,
2026-09-24 14:30:04,btc_signals_log(24.09)_v4.csv,,,,2026-09-24 12:00:00,ENDED,BULL,18.09 12:00,True,True,True,True,4h,ENDED,BULL,18.09 12:00,,,
2026-09-24 15:00:18,btc_signals_log(24.09)_v4.csv,,,,2026-09-24 12:00:00,ENDED,BULL,18.09 12:00,True,True,True,True,4h,ENDED,BULL,18.09 12:00,,,
2026-09-24 15:30:24,btc_signals_log(24.09)_v4.csv,,,,2026-09-24 12:00:00,ENDED,BULL,18.09 12:00,True,True,True,True,4h,ENDED,BULL,18.09 12:00,,,
2026-09-24 16:00:30,btc_signals_log(24.09)_v4.csv,,,,2026-09-24 16:00:00,ENDED,BULL,18.09 12:00,True,True,True,True,4h,ENDED,BULL,18.09 12:00,,,
2026-09-24 16:30:35,btc_signals_log(24.09)_v4.csv,,,,2026-09-24 16:00:00,ENDED,BULL,18.09 12:00,True,True,True,True,4h,ENDED,BULL,18.09 12:00,,,
2026-09-24 19:02:44,btc_signals_log(24.09)_v4.csv,,,,2026-09-24 16:00:00,ENDED,BULL,18.09 12:00,True,True,True,True,4h,ENDED,BULL,18.09 12:00,,,
2026-09-24 20:34:12,btc_signals_log(24.09)_v4.csv,,,,2026-09-24 20:00:00,ENDED,BULL,18.09 12:00,True,True,True,True,4h,ENDED,BULL,18.09 12:00,,,
2026-09-24 21:04:16,btc_signals_log(24.09)_v4.csv,,,,2026-09-24 20:00:00,ENDED,BULL,18.09 12:00,True,True,True,True,4h,ENDED,BULL,18.09 12:00,,,
2026-09-24 21:34:21,btc_signals_log(24.09)_v4.csv,,,,2026-09-24 20:00:00,ENDED,BULL,18.09 12:00,True,True,True,True,4h,ENDED,BULL,18.09 12:00,,,
2026-09-24 22:04:25,btc_signals_log(24.09)_v4.csv,,,,2026-09-24 20:00:00,ENDED,BULL,18.09 12:00,False,False,False,False,4h,NONE,,,,,
2026-09-24 22:34:30,btc_signals_log(24.09)_v4.csv,,,,2026-09-24 20:00:00,ENDED,BULL,18.09 12:00,True,True,True,True,4h,ENDED,BULL,18.09 12:00,,,
2026-09-24 23:04:34,btc_signals_log(24.09)_v4.csv,,,,2026-09-24 20:00:00,ENDED,BULL,18.09 12:00,True,True,True,True,4h,ENDED,BULL,18.09 12:00,,,
2026-09-24 23:34:39,btc_signals_log(24.09)_v4.csv,,,,2026-09-24 20:00:00,ENDED,BULL,18.09 12:00,True,True,True,True,4h,ENDED,BULL,18.09 12:00,,,
2026-09-25 00:04:43,btc_signals_log(25.09)_v4.csv,,,,2026-09-25 00:00:00,ENDED,BULL,18.09 12:00,True,True,True,True,4h,ENDED,BULL,18.09 12:00,,,
2026-09-25 00:34:48,btc_signals_log(25.09)_v4.csv,,,,2026-09-25 00:00:00,ENDED,BULL,18.09 12:00,True,True,True,True,4h,ENDED,BULL,18.09 12:00,,,
2026-09-25 01:04:52,btc_signals_log(25.09)_v4.csv,,,,2026-09-25 00:00:00,ENDED,BULL,18.09 12:00,True,True,True,True,4h,ENDED,BULL,18.09 12:00,,,
2026-09-25 01:35:02,btc_signals_log(25.09)_v4.csv,,,,2026-09-25 00:00:00,ENDED,BULL,18.09 12:00,True,True,True,True,4h,ENDED,BULL,18.09 12:00,,,
2026-09-25 02:05:07,btc_signals_log(25.09)_v4.csv,,,,2026-09-25 00:00:00,ENDED,BULL,18.09 12:00,True,True,True,True,4h,ENDED,BULL,18.09 12:00,,,
2026-09-25 02:35:11,btc_signals_log(25.09)_v4.csv,,,,2026-09-25 00:00:00,ENDED,BULL,18.09 12:00,True,True,True,True,4h,ENDED,BULL,18.09 12:00,,,
2026-09-25 03:05:16,btc_signals_log(25.09)_v4.csv,,,,2026-09-25 00:00:00,ENDED,BULL,18.09 12:00,True,True,True,True,4h,ENDED,BULL,18.09 12:00,,,
2026-09-25 03:35:20,btc_signals_log(25.09)_v4.csv,,,,2026-09-25 00:00:00,ENDED,BULL,18.09 12:00,True,True,True,True,4h,ENDED,BULL,18.09 12:00,,,
2026-09-25 04:05:24,btc_signals_log(25.09)_v4.csv,,,,2026-09-25 04:00:00,ENDED,BULL,18.09 12:00,True,True,True,True,4h,ENDED,BULL,18.09 12:00,,,
2026-09-25 04:35:34,btc_signals_log(25.09)_v4.csv,,,,2026-09-25 04:00:00,ENDED,BULL,18.09 12:00,True,True,True,True,4h,ENDED,BULL,18.09 12:00,,,
2026-09-25 05:05:38,btc_signals_log(25.09)_v4.csv,,,,2026-09-25 04:00:00,ENDED,BULL,18.09 12:00,True,True,True,True,4h,ENDED,BULL,18.09 12:00,,,
2026-09-25 05:35:42,btc_signals_log(25.09)_v4.csv,,,,2026-09-25 04:00:00,ENDED,BULL,18.09 12:00,False,False,False,False,4h,NONE,,,,,
2026-09-25 06:05:46,btc_signals_log(25.09)_v4.csv,,,,2026-09-25 04:00:00,ENDED,BULL,18.09 12:00,True,True,True,True,4h,ENDED,BULL,18.09 12:00,,,
2026-09-25 06:35:51,btc_signals_log(25.09)_v4.csv,,,,2026-09-25 04:00:00,ENDED,BULL,18.09 12:00,True,True,True,True,4h,ENDED,BULL,18.09 12:00,,,
2026-09-25 07:05:56,btc_signals_log(25.09)_v4.csv,,,,2026-09-25 04:00:00,ENDED,BULL,18.09 12:00,True,True,True,True,4h,ENDED,BULL,18.09 12:00,,,
2026-09-25 07:36:06,btc_signals_log(25.09)_v4.csv,,,,2026-09-25 04:00:00,ENDED,BULL,18.09 12:00,True,True,True,True,4h,ENDED,BULL,18.09 12:00,,,
2026-09-25 08:06:11,btc_signals_log(25.09)_v4.csv,,,,2026-09-25 08:00:00,ENDED,BULL,18.09 12:00,True,True,True,True,4h,ENDED,BULL,18.09 12:00,,,
2026-09-25 08:36:16,btc_signals_log(25.09)_v4.csv,,,,2026-09-25 08:00:00,ENDED,BULL,18.09 12:00,True,True,True,True,4h,ENDED,BULL,18.09 12:00,,,
2026-09-25 09:06:20,btc_signals_log(25.09)_v4.csv,,,,2026-09-25 08:00:00,ENDED,BULL,18.09 12:00,True,True,True,True,4h,ENDED,BULL,18.09 12:00,,,
2026-09-25 09:36:25,btc_signals_log(25.09)_v4.csv,,,,2026-09-25 08:00:00,ENDED,BULL,18.09 12:00,True,True,True,True,4h,ENDED,BULL,18.09 12:00,,,
2026-09-25 10:06:35,btc_signals_log(25.09)_v4.csv,,,,2026-09-25 08:00:00,ENDED,BULL,18.09 12:00,True,True,True,True,4h,ENDED,BULL,18.09 12:00,,,
2026-09-25 11:06:41,btc_signals_log(25.09)_v4.csv,,,,2026-09-25 08:00:00,ENDED,BULL,18.09 12:00,True,True,True,True,4h,ENDED,BULL,18.09 12:00,,,
2026-09-25 12:06:47,btc_signals_log(25.09)_v4.csv,,,,2026-09-25 12:00:00,ENDED,BULL,18.09 12:00,True,True,True,True,4h,ENDED,BULL,18.09 12:00,,,
2026-09-25 12:36:53,btc_signals_log(25.09)_v4.csv,,,,2026-09-25 12:00:00,ENDED,BULL,18.09 12:00,True,True,True,True,4h,ENDED,BULL,18.09 12:00,,,
2026-09-25 13:06:58,btc_signals_log(25.09)_v4.csv,,,,2026-09-25 12:00:00,ENDED,BULL,18.09 12:00,True,True,True,True,4h,ENDED,BULL,18.09 12:00,,,
2026-09-25 13:37:13,btc_signals_log(25.09)_v4.csv,,,,2026-09-25 12:00:00,ENDED,BULL,18.09 12:00,True,True,True,True,4h,ENDED,BULL,18.09 12:00,,,
2026-09-25 14:07:18,btc_signals_log(25.09)_v4.csv,,,,2026-09-25 12:00:00,ENDED,BULL,18.09 12:00,True,True,True,True,4h,ENDED,BULL,18.09 12:00,,,
2026-09-25 14:37:23,btc_signals_log(25.09)_v4.csv,,,,2026-09-25 12:00:00,ENDED,BULL,18.09 12:00,True,True,True,True,4h,ENDED,BULL,18.09 12:00,,,
2026-09-25 15:07:28,btc_signals_log(25.09)_v4.csv,,,,2026-09-25 12:00:00,ENDED,BULL,18.09 12:00,True,True,True,True,4h,ENDED,BULL,18.09 12:00,,,
2026-09-25 15:37:45,btc_signals_log(25.09)_v4.csv,,,,2026-09-25 12:00:00,ENDED,BULL,18.09 12:00,True,True,True,True,4h,ENDED,BULL,18.09 12:00,,,
2026-09-25 16:07:49,btc_signals_log(25.09)_v4.csv,,,,2026-09-25 16:00:00,ENDED,BULL,18.09 12:00,True,True,True,True,4h,ENDED,BULL,18.09 12:00,,,
2026-09-25 16:37:58,btc_signals_log(25.09)_v4.csv,,,,2026-09-25 16:00:00,ENDED,BULL,18.09 12:00,True,True,True,True,4h,ENDED,BULL,18.09 12:00,,,
2026-09-25 17:38:04,btc_signals_log(25.09)_v4.csv,,,,2026-09-25 16:00:00,ENDED,BULL,18.09 12:00,True,True,True,True,4h,ENDED,BULL,18.09 12:00,,,
2026-09-25 18:08:12,btc_signals_log(25.09)_v4.csv,,,,2026-09-25 16:00:00,ENDED,BULL,18.09 12:00,True,True,True,True,4h,ENDED,BULL,18.09 12:00,,,
2026-09-25 18:38:17,btc_signals_log(25.09)_v4.csv,,,,2026-09-25 16:00:00,ENDED,BULL,18.09 12:00,True,True,True,True,4h,ENDED,BULL,18.09 12:00,,,
2026-09-25 19:08:22,btc_signals_log(25.09)_v4.csv,,,,2026-09-25 16:00:00,ENDED,BULL,18.09 12:00,True,True,True,True,4h,ENDED,BULL,18.09 12:00,,,
2026-09-25 19:38:26,btc_signals_log(25.09)_v4.csv,,,,2026-09-25 16:00:00,ENDED,BULL,18.09 12:00,True,True,True,True,4h,ENDED,BULL,18.09 12:00,,,
2026-09-25 20:09:01,btc_signals_log(25.09)_v4.csv,,,,2026-09-25 20:00:00,ENDED,BULL,18.09 12:00,True,True,True,True,4h,ENDED,BULL,18.09 12:00,,,
2026-09-25 20:39:05,btc_signals_log(25.09)_v4.csv,,,,2026-09-25 20:00:00,ENDED,BULL,18.09 12:00,True,True,True,True,4h,ENDED,BULL,18.09 12:00,,,
2026-09-25 21:09:10,btc_signals_log(25.09)_v4.csv,,,,2026-09-25 20:00:00,ENDED,BULL,18.09 12:00,True,True,True,True,4h,ENDED,BULL,18.09 12:00,,,
2026-09-25 21:39:15,btc_signals_log(25.09)_v4.csv,,,,2026-09-25 20:00:00,ENDED,BULL,18.09 12:00,True,True,True,True,4h,ENDED,BULL,18.09 12:00,,,
2026-09-25 22:09:20,btc_signals_log(25.09)_v4.csv,,,,2026-09-25 20:00:00,ENDED,BULL,18.09 12:00,True,True,True,True,4h,ENDED,BULL,18.09 12:00,,,
2026-09-25 22:39:24,btc_signals_log(25.09)_v4.csv,,,,2026-09-25 20:00:00,ENDED,BULL,18.09 12:00,True,True,True,True,4h,ENDED,BULL,18.09 12:00,,,
2026-09-25 23:09:29,btc_signals_log(25.09)_v4.csv,,,,2026-09-25 20:00:00,ENDED,BULL,18.09 12:00,True,True,True,True,4h,ENDED,BULL,18.09 12:00,,,
2026-09-25 23:39:34,btc_signals_log(25.09)_v4.csv,,,,2026-09-25 20:00:00,ENDED,BULL,18.09 12:00,True,True,True,True,4h,ENDED,BULL,18.09 12:00,,,
2026-09-26 00:09:39,btc_signals_log(26.09)_v4.csv,,,,2026-09-26 00:00:00,ENDED,BULL,18.09 12:00,True,True,True,True,4h,ENDED,BULL,18.09 12:00,,,
2026-09-26 00:39:44,btc_signals_log(26.09)_v4.csv,,,,2026-09-26 00:00:00,ENDED,BULL,18.09 12:00,True,True,True,True,4h,ENDED,BULL,18.09 12:00,,,
2026-09-26 01:09:48,btc_signals_log(26.09)_v4.csv,,,,2026-09-26 00:00:00,ENDED,BULL,18.09 12:00,True,True,True,True,4h,ENDED,BULL,18.09 12:00,,,
2026-09-26 01:39:52,btc_signals_log(26.09)_v4.csv,,,,2026-09-26 00:00:00,ENDED,BULL,18.09 12:00,True,True,True,True,4h,ENDED,BULL,18.09 12:00,,,
2026-09-26 02:09:57,btc_signals_log(26.09)_v4.csv,,,,2026-09-26 00:00:00,ENDED,BULL,18.09 12:00,True,True,True,True,4h,ENDED,BULL,18.09 12:00,,,
2026-09-26 02:40:02,btc_signals_log(26.09)_v4.csv,,,,2026-09-26 00:00:00,ENDED,BULL,18.09 12:00,True,True,True,True,4h,ENDED,BULL,18.09 12:00,,,
2026-09-26 03:10:25,btc_signals_log(26.09)_v4.csv,,,,2026-09-26 00:00:00,ENDED,BULL,18.09 12:00,True,True,True,True,4h,ENDED,BULL,18.09 12:00,,,
2026-09-26 03:40:35,btc_signals_log(26.09)_v4.csv,,,,2026-09-26 00:00:00,ENDED,BULL,18.09 12:00,True,True,True,True,4h,ENDED,BULL,18.09 12:00,,,
2026-09-26 04:10:40,btc_signals_log(26.09)_v4.csv,,,,2026-09-26 04:00:00,ENDED,BULL,18.09 12:00,True,True,True,True,4h,ENDED,BULL,18.09 12:00,,,
2026-09-26 04:40:44,btc_signals_log(26.09)_v4.csv,,,,2026-09-26 04:00:00,ENDED,BULL,18.09 12:00,True,True,True,True,4h,ENDED,BULL,18.09 12:00,,,
2026-09-26 05:10:49,btc_signals_log(26.09)_v4.csv,,,,2026-09-26 04:00:00,ENDED,BULL,18.09 12:00,True,True,True,True,4h,ENDED,BULL,18.09 12:00,,,
2026-09-26 05:40:53,btc_signals_log(26.09)_v4.csv,,,,2026-09-26 04:00:00,ENDED,BULL,18.09 12:00,True,True,True,True,4h,ENDED,BULL,18.09 12:00,,,
2026-09-26 06:10:58,btc_signals_log(26.09)_v4.csv,,,,2026-09-26 04:00:00,ENDED,BULL,18.09 12:00,True,True,True,True,4h,ENDED,BULL,18.09 12:00,,,
2026-09-26 06:41:03,btc_signals_log(26.09)_v4.csv,,,,2026-09-26 04:00:00,ENDED,BULL,18.09 12:00,True,True,True,True,4h,ENDED,BULL,18.09 12:00,,,
2026-09-26 07:11:07,btc_signals_log(26.09)_v4.csv,,,,2026-09-26 04:00:00,ENDED,BULL,18.09 12:00,True,True,True,True,4h,ENDED,BULL,18.09 12:00,,,
2026-09-26 07:41:12,btc_signals_log(26.09)_v4.csv,,,,2026-09-26 04:00:00,ENDED,BULL,18.09 12:00,True,True,True,True,4h,ENDED,BULL,18.09 12:00,,,
2026-09-26 08:11:22,btc_signals_log(26.09)_v4.csv,,,,2026-09-26 08:00:00,ENDED,BULL,18.09 12:00,True,True,True,True,4h,ENDED,BULL,18.09 12:00,,,
2026-09-26 08:41:27,btc_signals_log(26.09)_v4.csv,,,,2026-09-26 08:00:00,ENDED,BULL,18.09 12:00,True,True,True,True,4h,ENDED,BULL,18.09 12:00,,,
2026-09-26 09:11:37,btc_signals_log(26.09)_v4.csv,,,,2026-09-26 08:00:00,ENDED,BULL,18.09 12:00,True,True,True,True,4h,ENDED,BULL,18.09 12:00,,,
2026-09-26 09:41:42,btc_signals_log(26.09)_v4.csv,,,,2026-09-26 08:00:00,ENDED,BULL,18.09 12:00,True,True,True,True,4h,ENDED,BULL,18.09 12:00,,,
2026-09-26 10:41:55,btc_signals_log(26.09)_v4.csv,,,,2026-09-26 08:00:00,ENDED,BULL,18.09 12:00,True,True,True,True,4h,ENDED,BULL,18.09 12:00,,,
2026-09-26 11:12:00,btc_signals_log(26.09)_v4.csv,,,,2026-09-26 08:00:00,ENDED,BULL,18.09 12:00,True,True,True,True,4h,ENDED,BULL,18.09 12:00,,,
2026-09-26 11:42:05,btc_signals_log(26.09)_v4.csv,,,,2026-09-26 08:00:00,ENDED,BULL,18.09 12:00,True,True,True,True,4h,ENDED,BULL,18.09 12:00,,,
2026-09-26 12:12:10,btc_signals_log(26.09)_v4.csv,,,,2026-09-26 12:00:00,ENDED,BULL,18.09 12:00,True,True,True,True,4h,ENDED,BULL,18.09 12:00,,,
2026-09-26 13:12:16,btc_signals_log(26.09)_v4.csv,,,,2026-09-26 12:00:00,ENDED,BULL,18.09 12:00,True,True,True,True,4h,ENDED,BULL,18.09 12:00,,,
2026-09-26 13:42:20,btc_signals_log(26.09)_v4.csv,,,,2026-09-26 12:00:00,ENDED,BULL,18.09 12:00,True,True,True,True,4h,ENDED,BULL,18.09 12:00,,,
2026-09-26 14:42:38,btc_signals_log(26.09)_v4.csv,,,,2026-09-26 12:00:00,ENDED,BULL,18.09 12:00,True,True,True,True,4h,ENDED,BULL,18.09 12:00,,,
2026-09-26 15:12:43,btc_signals_log(26.09)_v4.csv,,,,2026-09-26 12:00:00,ENDED,BULL,18.09 12:00,True,True,True,True,4h,ENDED,BULL,18.09 12:00,,,
2026-09-26 16:42:57,btc_signals_log(26.09)_v4.csv,,,,2026-09-26 16:00:00,ENDED,BULL,18.09 12:00,True,True,True,True,4h,ENDED,BULL,18.09 12:00,,,
2026-09-26 17:13:03,btc_signals_log(26.09)_v4.csv,,,,2026-09-26 16:00:00,ENDED,BULL,18.09 12:00,True,True,True,True,4h,ENDED,BULL,18.09 12:00,,,
2026-09-26 17:43:09,btc_signals_log(26.09)_v4.csv,,,,2026-09-26 16:00:00,ENDED,BULL,18.09 12:00,True,True,True,True,4h,ENDED,BULL,18.09 12:00,,,
2026-09-26 18:13:14,btc_signals_log(26.09)_v4.csv,,,,2026-09-26 16:00:00,ENDED,BULL,18.09 12:00,True,True,True,True,4h,ENDED,BULL,18.09 12:00,,,
2026-09-26 18:43:25,btc_signals_log(26.09)_v4.csv,,,,2026-09-26 16:00:00,ENDED,BULL,18.09 12:00,True,True,True,True,4h,ENDED,BULL,18.09 12:00,,,
2026-09-26 19:13:30,btc_signals_log(26.09)_v4.csv,,,,2026-09-26 16:00:00,ENDED,BULL,18.09 12:00,True,True,True,True,4h,ENDED,BULL,18.09 12:00,,,
2026-09-26 19:43:36,btc_signals_log(26.09)_v4.csv,,,,2026-09-26 16:00:00,ENDED,BULL,18.09 12:00,True,True,True,True,4h,ENDED,BULL,18.09 12:00,,,
2026-09-26 20:13:41,btc_signals_log(26.09)_v4.csv,,,,2026-09-26 20:00:00,ENDED,BULL,18.09 12:00,True,True,True,True,4h,ENDED,BULL,18.09 12:00,,,
2026-09-26 20:43:47,btc_signals_log(26.09)_v4.csv,,,,2026-09-26 20:00:00,ENDED,BULL,18.09 12:00,False,False,False,False,4h,NONE,,,,,
2026-09-26 21:14:00,btc_signals_log(26.09)_v4.csv,,,,2026-09-26 20:00:00,ENDED,BULL,18.09 12:00,True,True,True,True,4h,ENDED,BULL,18.09 12:00,,,
2026-09-26 21:44:05,btc_signals_log(26.09)_v4.csv,,,,2026-09-26 20:00:00,ENDED,BULL,18.09 12:00,True,True,True,True,4h,ENDED,BULL,18.09 12:00,,,
2026-09-26 22:14:10,btc_signals_log(26.09)_v4.csv,,,,2026-09-26 20:00:00,ENDED,BULL,18.09 12:00,True,True,True,True,4h,ENDED,BULL,18.09 12:00,,,
2026-09-26 22:44:14,btc_signals_log(26.09)_v4.csv,,,,2026-09-26 20:00:00,ENDED,BULL,18.09 12:00,False,False,False,False,4h,NONE,,,,,
2026-09-26 23:14:18,btc_signals_log(26.09)_v4.csv,,,,2026-09-26 20:00:00,ENDED,BULL,18.09 12:00,True,True,True,True,4h,ENDED,BULL,18.09 12:00,,,
2026-09-27 00:14:23,btc_signals_log(27.09)_v4.csv,,,,2026-09-27 00:00:00,ENDED,BULL,18.09 12:00,False,False,False,False,4h,NONE,,,,,
2026-09-27 01:14:35,btc_signals_log(27.09)_v4.csv,,,,2026-09-27 00:00:00,ENDED,BULL,18.09 12:00,True,True,True,True,4h,ENDED,BULL,18.09 12:00,,,
2026-09-27 01:44:40,btc_signals_log(27.09)_v4.csv,,,,2026-09-27 00:00:00,ENDED,BULL,18.09 12:00,True,True,True,True,4h,ENDED,BULL,18.09 12:00,,,
2026-09-27 02:14:50,btc_signals_log(27.09)_v4.csv,,,,2026-09-27 00:00:00,ENDED,BULL,18.09 12:00,True,True,True,True,4h,ENDED,BULL,18.09 12:00,,,
2026-09-27 02:44:54,btc_signals_log(27.09)_v4.csv,,,,2026-09-27 00:00:00,ENDED,BULL,18.09 12:00,True,True,True,True,4h,ENDED,BULL,18.09 12:00,,,
2026-09-27 03:14:59,btc_signals_log(27.09)_v4.csv,,,,2026-09-27 00:00:00,ENDED,BULL,18.09 12:00,True,True,True,True,4h,ENDED,BULL,18.09 12:00,,,
2026-09-27 03:45:06,btc_signals_log(27.09)_v4.csv,,,,2026-09-27 00:00:00,ENDED,BULL,18.09 12:00,True,True,True,True,4h,ENDED,BULL,18.09 12:00,,,
2026-09-27 04:45:11,btc_signals_log(27.09)_v4.csv,,,,2026-09-27 04:00:00,ENDED,BULL,18.09 12:00,True,True,True,True,4h,ENDED,BULL,18.09 12:00,,,
2026-09-27 05:15:16,btc_signals_log(27.09)_v4.csv,,,,2026-09-27 04:00:00,ENDED,BULL,18.09 12:00,True,True,True,True,4h,ENDED,BULL,18.09 12:00,,,
2026-09-27 06:15:21,btc_signals_log(27.09)_v4.csv,,,,2026-09-27 04:00:00,ENDED,BULL,18.09 12:00,True,True,True,True,4h,ENDED,BULL,18.09 12:00,,,
2026-09-27 06:45:25,btc_signals_log(27.09)_v4.csv,,,,2026-09-27 04:00:00,ENDED,BULL,18.09 12:00,True,True,True,True,4h,ENDED,BULL,18.09 12:00,,,
2026-09-27 07:15:30,btc_signals_log(27.09)_v4.csv,,,,2026-09-27 04:00:00,ENDED,BULL,18.09 12:00,True,True,True,True,4h,ENDED,BULL,18.09 12:00,,,
2026-09-27 07:45:36,btc_signals_log(27.09)_v4.csv,,,,2026-09-27 04:00:00,ENDED,BULL,18.09 12:00,True,True,True,True,4h,ENDED,BULL,18.09 12:00,,,
2026-09-27 08:15:42,btc_signals_log(27.09)_v4.csv,,,,2026-09-27 08:00:00,ENDED,BULL,18.09 12:00,True,True,True,True,4h,ENDED,BULL,18.09 12:00,,,
2026-09-27 08:45:48,btc_signals_log(27.09)_v4.csv,,,,2026-09-27 08:00:00,ENDED,BULL,18.09 12:00,True,True,True,True,4h,ENDED,BULL,18.09 12:00,,,
2026-09-27 11:31:34,btc_signals_log(27.09)_v4.csv,,,,2026-09-27 08:00:00,ENDED,BULL,18.09 12:00,True,True,True,True,4h,ENDED,BULL,18.09 12:00,,,
2026-09-27 12:55:58,btc_signals_log(27.09)_v4.csv,,,,2026-09-27 12:00:00,ENDED,BULL,18.09 12:00,True,True,True,True,4h,ENDED,BULL,18.09 12:00,,,
2026-09-27 13:26:03,btc_signals_log(27.09)_v4.csv,,,,2026-09-27 12:00:00,ENDED,BULL,18.09 12:00,False,False,False,False,4h,NONE,,,,,
2026-09-27 13:56:10,btc_signals_log(27.09)_v4.csv,,,,2026-09-27 12:00:00,ENDED,BULL,18.09 12:00,True,True,True,True,4h,ENDED,BULL,18.09 12:00,,,
2026-09-27 15:26:30,btc_signals_log(27.09)_v4.csv,,,,2026-09-27 12:00:00,ENDED,BULL,18.09 12:00,True,True,True,True,4h,ENDED,BULL,18.09 12:00,,,
2026-09-27 15:56:46,btc_signals_log(27.09)_v4.csv,,,,2026-09-27 12:00:00,ENDED,BULL,18.09 12:00,True,True,True,True,4h,ENDED,BULL,18.09 12:00,,,
2026-09-27 16:57:28,btc_signals_log(27.09)_v4.csv,,,,2026-09-27 16:00:00,ENDED,BULL,18.09 12:00,True,True,True,True,4h,ENDED,BULL,18.09 12:00,,,
2026-09-27 17:27:33,btc_signals_log(27.09)_v4.csv,,,,2026-09-27 16:00:00,ENDED,BULL,18.09 12:00,True,True,True,True,4h,ENDED,BULL,18.09 12:00,,,
2026-09-27 17:57:49,btc_signals_log(27.09)_v4.csv,,,,2026-09-27 16:00:00,ENDED,BULL,18.09 12:00,True,True,True,True,4h,ENDED,BULL,18.09 12:00,,,
2026-09-27 18:28:05,btc_signals_log(27.09)_v4.csv,,,,2026-09-27 16:00:00,ENDED,BULL,18.09 12:00,True,True,True,True,4h,ENDED,BULL,18.09 12:00,,,
2026-09-27 18:58:11,btc_signals_log(27.09)_v4.csv,,,,2026-09-27 16:00:00,ENDED,BULL,18.09 12:00,True,True,True,True,4h,ENDED,BULL,18.09 12:00,,,
2026-09-27 19:28:19,btc_signals_log(27.09)_v4.csv,,,,2026-09-27 16:00:00,ENDED,BULL,18.09 12:00,False,False,False,False,4h,NONE,,,,,
2026-09-27 19:58:34,btc_signals_log(27.09)_v4.csv,,,,2026-09-27 16:00:00,ENDED,BULL,18.09 12:00,False,False,False,False,4h,NONE,,,,,
2026-09-27 21:23:04,btc_signals_log(27.09)_v4.csv,,,,2026-09-27 20:00:00,ENDED,BULL,18.09 12:00,True,True,True,True,4h,ENDED,BULL,18.09 12:00,,,
2026-09-27 21:53:10,btc_signals_log(27.09)_v4.csv,,,,2026-09-27 20:00:00,ENDED,BULL,18.09 12:00,True,True,True,True,4h,ENDED,BULL,18.09 12:00,,,
2026-09-27 22:23:17,btc_signals_log(27.09)_v4.csv,,,,2026-09-27 20:00:00,ENDED,BULL,18.09 12:00,True,True,True,True,4h,ENDED,BULL,18.09 12:00,,,
2026-09-27 22:53:28,btc_signals_log(27.09)_v4.csv,,,,2026-09-27 20:00:00,ENDED,BULL,18.09 12:00,True,True,True,True,4h,ENDED,BULL,18.09 12:00,,,
2026-09-27 23:23:34,btc_signals_log(27.09)_v4.csv,,,,2026-09-27 20:00:00,ENDED,BULL,18.09 12:00,True,True,True,True,4h,ENDED,BULL,18.09 12:00,,,
2026-09-28 00:23:40,btc_signals_log(28.09)_v4.csv,,,,2026-09-28 00:00:00,ENDED,BULL,18.09 12:00,True,True,True,True,4h,ENDED,BULL,18.09 12:00,,,
2026-09-28 00:53:45,btc_signals_log(28.09)_v4.csv,,,,2026-09-28 00:00:00,ENDED,BULL,18.09 12:00,True,True,True,True,4h,ENDED,BULL,18.09 12:00,,,
2026-09-28 01:23:51,btc_signals_log(28.09)_v4.csv,,,,2026-09-28 00:00:00,ENDED,BULL,18.09 12:00,True,True,True,True,4h,ENDED,BULL,18.09 12:00,,,
2026-09-28 01:53:56,btc_signals_log(28.09)_v4.csv,,,,2026-09-28 00:00:00,ENDED,BULL,18.09 12:00,True,True,True,True,4h,ENDED,BULL,18.09 12:00,,,
2026-09-28 02:24:01,btc_signals_log(28.09)_v4.csv,,,,2026-09-28 00:00:00,ENDED,BULL,18.09 12:00,True,True,True,True,4h,ENDED,BULL,18.09 12:00,,,
2026-09-28 02:54:06,btc_signals_log(28.09)_v4.csv,,,,2026-09-28 00:00:00,ENDED,BULL,18.09 12:00,True,True,True,True,4h,ENDED,BULL,18.09 12:00,,,
2026-09-28 03:24:11,btc_signals_log(28.09)_v4.csv,,,,2026-09-28 00:00:00,ENDED,BULL,18.09 12:00,True,True,True,True,4h,ENDED,BULL,18.09 12:00,,,
2026-09-28 04:24:16,btc_signals_log(28.09)_v4.csv,,,,2026-09-28 04:00:00,ENDED,BULL,18.09 12:00,True,True,True,True,4h,ENDED,BULL,18.09 12:00,,,
2026-09-28 04:54:21,btc_signals_log(28.09)_v4.csv,,,,2026-09-28 04:00:00,ENDED,BULL,18.09 12:00,True,True,True,True,4h,ENDED,BULL,18.09 12:00,,,
2026-09-28 05:24:26,btc_signals_log(28.09)_v4.csv,,,,2026-09-28 04:00:00,ENDED,BULL,18.09 12:00,True,True,True,True,4h,ENDED,BULL,18.09 12:00,,,
2026-09-28 05:54:31,btc_signals_log(28.09)_v4.csv,,,,2026-09-28 04:00:00,ENDED,BULL,18.09 12:00,True,True,True,True,4h,ENDED,BULL,18.09 12:00,,,
2026-09-28 06:24:36,btc_signals_log(28.09)_v4.csv,,,,2026-09-28 04:00:00,ENDED,BULL,18.09 12:00,True,True,True,True,4h,ENDED,BULL,18.09 12:00,,,
2026-09-28 06:54:41,btc_signals_log(28.09)_v4.csv,,,,2026-09-28 04:00:00,ENDED,BULL,18.09 12:00,False,False,False,False,4h,NONE,,,,,
2026-09-28 07:24:46,btc_signals_log(28.09)_v4.csv,,,,2026-09-28 04:00:00,ENDED,BULL,18.09 12:00,False,False,False,False,4h,NONE,,,,,
2026-09-28 07:54:53,btc_signals_log(28.09)_v4.csv,,,,2026-09-28 04:00:00,ENDED,BULL,18.09 12:00,True,True,True,True,4h,ENDED,BULL,18.09 12:00,,,
2026-09-28 08:24:59,btc_signals_log(28.09)_v4.csv,,,,2026-09-28 08:00:00,ENDED,BULL,18.09 12:00,True,True,True,True,4h,ENDED,BULL,18.09 12:00,,,
2026-09-28 08:55:07,btc_signals_log(28.09)_v4.csv,,,,2026-09-28 08:00:00,ENDED,BULL,18.09 12:00,True,True,True,True,4h,ENDED,BULL,18.09 12:00,,,
2026-09-28 09:25:50,btc_signals_log(28.09)_v4.csv,,,,2026-09-28 08:00:00,ENDED,BULL,18.09 12:00,True,True,True,True,4h,ENDED,BULL,18.09 12:00,,,
2026-09-28 09:55:56,btc_signals_log(28.09)_v4.csv,,,,2026-09-28 08:00:00,ENDED,BULL,18.09 12:00,True,True,True,True,4h,ENDED,BULL,18.09 12:00,,,
2026-09-28 10:26:02,btc_signals_log(28.09)_v4.csv,,,,2026-09-28 08:00:00,ENDED,BULL,18.09 12:00,True,True,True,True,4h,ENDED,BULL,18.09 12:00,,,
2026-09-28 11:26:15,btc_signals_log(28.09)_v4.csv,,,,2026-09-28 08:00:00,ENDED,BULL,18.09 12:00,True,True,True,True,4h,ENDED,BULL,18.09 12:00,,,
2026-09-28 11:56:20,btc_signals_log(28.09)_v4.csv,,,,2026-09-28 08:00:00,ENDED,BULL,18.09 12:00,True,True,True,True,4h,ENDED,BULL,18.09 12:00,,,
2026-09-28 12:26:26,btc_signals_log(28.09)_v4.csv,,,,2026-09-28 12:00:00,ENDED,BULL,18.09 12:00,True,True,True,True,4h,ENDED,BULL,18.09 12:00,,,
2026-09-28 13:57:58,btc_signals_log(28.09)_v4.csv,,,,2026-09-28 12:00:00,ENDED,BULL,18.09 12:00,True,True,True,True,4h,ENDED,BULL,18.09 12:00,,,
2026-09-28 14:28:16,btc_signals_log(28.09)_v4.csv,,,,2026-09-28 12:00:00,ENDED,BULL,18.09 12:00,True,True,True,True,4h,ENDED,BULL,18.09 12:00,,,
2026-09-28 14:58:24,btc_signals_log(28.09)_v4.csv,,,,2026-09-28 12:00:00,ENDED,BULL,18.09 12:00,False,False,False,False,4h,NONE,,,,,
2026-09-28 15:28:32,btc_signals_log(28.09)_v4.csv,,,,2026-09-28 12:00:00,ENDED,BULL,18.09 12:00,True,True,True,True,4h,ENDED,BULL,18.09 12:00,,,
2026-09-28 15:58:38,btc_signals_log(28.09)_v4.csv,,,,2026-09-28 12:00:00,ENDED,BULL,18.09 12:00,True,True,True,True,4h,ENDED,BULL,18.09 12:00,,,
2026-09-28 16:28:47,btc_signals_log(28.09)_v4.csv,,,,2026-09-28 16:00:00,ENDED,BULL,18.09 12:00,False,False,False,False,4h,NONE,,,,,
2026-09-28 17:29:01,btc_signals_log(28.09)_v4.csv,,,,2026-09-28 16:00:00,ENDED,BULL,18.09 12:00,True,True,True,True,4h,ENDED,BULL,18.09 12:00,,,
2026-09-28 17:59:12,btc_signals_log(28.09)_v4.csv,,,,2026-09-28 16:00:00,ENDED,BULL,18.09 12:00,True,True,True,True,4h,ENDED,BULL,18.09 12:00,,,
2026-09-28 18:29:31,btc_signals_log(28.09)_v4.csv,,,,2026-09-28 16:00:00,ENDED,BULL,18.09 12:00,True,True,True,True,4h,ENDED,BULL,18.09 12:00,,,
2026-09-28 18:59:48,btc_signals_log(28.09)_v4.csv,,,,2026-09-28 16:00:00,ENDED,BULL,18.09 12:00,True,True,True,True,4h,ENDED,BULL,18.09 12:00,,,
2026-09-28 19:29:54,btc_signals_log(28.09)_v4.csv,,,,2026-09-28 16:00:00,ENDED,BULL,18.09 12:00,False,False,False,False,4h,NONE,,,,,
2026-09-28 20:30:14,btc_signals_log(28.09)_v4.csv,,,,2026-09-28 20:00:00,ENDED,BULL,18.09 12:00,True,True,True,True,4h,ENDED,BULL,18.09 12:00,,,
2026-09-28 21:00:21,btc_signals_log(28.09)_v4.csv,,,,2026-09-28 20:00:00,ENDED,BULL,18.09 12:00,True,True,True,True,4h,ENDED,BULL,18.09 12:00,,,
2026-09-28 21:30:27,btc_signals_log(28.09)_v4.csv,,,,2026-09-28 20:00:00,ENDED,BULL,18.09 12:00,True,True,True,True,4h,ENDED,BULL,18.09 12:00,,,
2026-09-28 22:00:42,btc_signals_log(28.09)_v4.csv,,,,2026-09-28 20:00:00,ENDED,BULL,18.09 12:00,True,True,True,True,4h,ENDED,BULL,18.09 12:00,,,
2026-09-28 22:30:48,btc_signals_log(28.09)_v4.csv,,,,2026-09-28 20:00:00,ENDED,BULL,18.09 12:00,True,True,True,True,4h,ENDED,BULL,18.09 12:00,,,
2026-09-28 23:00:55,btc_signals_log(28.09)_v4.csv,,,,2026-09-28 20:00:00,ENDED,BULL,18.09 12:00,True,True,True,True,4h,ENDED,BULL,18.09 12:00,,,
2026-09-28 23:31:01,btc_signals_log(28.09)_v4.csv,,,,2026-09-28 20:00:00,ENDED,BULL,18.09 12:00,True,True,True,True,4h,ENDED,BULL,18.09 12:00,,,
2026-09-29 00:01:06,btc_signals_log(29.09)_v4.csv,,,,2026-09-29 00:00:00,ENDED,BULL,18.09 12:00,True,True,True,True,4h,ENDED,BULL,18.09 12:00,,,
2026-09-29 00:31:11,btc_signals_log(29.09)_v4.csv,,,,2026-09-29 00:00:00,ENDED,BULL,18.09 12:00,True,True,True,True,4h,ENDED,BULL,18.09 12:00,,,
2026-09-29 01:01:17,btc_signals_log(29.09)_v4.csv,,,,2026-09-29 00:00:00,ENDED,BULL,18.09 12:00,True,True,True,True,4h,ENDED,BULL,18.09 12:00,,,
2026-09-29 01:31:22,btc_signals_log(29.09)_v4.csv,,,,2026-09-29 00:00:00,ENDED,BULL,18.09 12:00,True,True,True,True,4h,ENDED,BULL,18.09 12:00,,,
2026-09-29 02:01:28,btc_signals_log(29.09)_v4.csv,,,,2026-09-29 00:00:00,ENDED,BULL,18.09 12:00,True,True,True,True,4h,ENDED,BULL,18.09 12:00,,,
2026-09-29 02:31:33,btc_signals_log(29.09)_v4.csv,,,,2026-09-29 00:00:00,ENDED,BULL,18.09 12:00,True,True,True,True,4h,ENDED,BULL,18.09 12:00,,,
2026-09-29 03:01:39,btc_signals_log(29.09)_v4.csv,,,,2026-09-29 00:00:00,ENDED,BULL,18.09 12:00,True,True,True,True,4h,ENDED,BULL,18.09 12:00,,,
2026-09-29 03:31:49,btc_signals_log(29.09)_v4.csv,,,,2026-09-29 00:00:00,ENDED,BULL,18.09 12:00,False,False,False,False,4h,NONE,,,,,
2026-09-29 04:01:55,btc_signals_log(29.09)_v4.csv,,,,2026-09-29 04:00:00,ENDED,BULL,18.09 12:00,True,True,True,True,4h,ENDED,BULL,18.09 12:00,,,
2026-09-29 04:32:02,btc_signals_log(29.09)_v4.csv,,,,2026-09-29 04:00:00,ENDED,BULL,18.09 12:00,True,True,True,True,4h,ENDED,BULL,18.09 12:00,,,
2026-09-29 05:02:08,btc_signals_log(29.09)_v4.csv,,,,2026-09-29 04:00:00,ENDED,BULL,18.09 12:00,True,True,True,True,4h,ENDED,BULL,18.09 12:00,,,
2026-09-29 07:45:43,btc_signals_log(29.09)_v4.csv,,,,2026-09-29 04:00:00,ENDED,BULL,18.09 12:00,True,True,True,True,4h,ENDED,BULL,18.09 12:00,,,
2026-09-29 08:15:49,btc_signals_log(29.09)_v4.csv,,,,2026-09-29 08:00:00,ENDED,BULL,18.09 12:00,True,True,True,True,4h,ENDED,BULL,18.09 12:00,,,
2026-09-29 08:45:55,btc_signals_log(29.09)_v4.csv,,,,2026-09-29 08:00:00,ENDED,BULL,18.09 12:00,True,True,True,True,4h,ENDED,BULL,18.09 12:00,,,
2026-09-29 09:16:00,btc_signals_log(29.09)_v4.csv,,,,2026-09-29 08:00:00,ENDED,BULL,18.09 12:00,True,True,True,True,4h,ENDED,BULL,18.09 12:00,,,
2026-09-29 10:16:08,btc_signals_log(29.09)_v4.csv,,,,2026-09-29 08:00:00,ENDED,BULL,18.09 12:00,True,True,True,True,4h,ENDED,BULL,18.09 12:00,,,
2026-09-29 10:46:13,btc_signals_log(29.09)_v4.csv,,,,2026-09-29 08:00:00,ENDED,BULL,18.09 12:00,True,True,True,True,4h,ENDED,BULL,18.09 12:00,,,
2026-09-29 11:16:25,btc_signals_log(29.09)_v4.csv,,,,2026-09-29 08:00:00,ENDED,BULL,18.09 12:00,True,True,True,True,4h,ENDED,BULL,18.09 12:00,,,
2026-09-29 11:46:41,btc_signals_log(29.09)_v4.csv,,,,2026-09-29 08:00:00,ENDED,BULL,18.09 12:00,True,True,True,True,4h,ENDED,BULL,18.09 12:00,,,
2026-09-29 12:16:53,btc_signals_log(29.09)_v4.csv,,,,2026-09-29 12:00:00,ENDED,BULL,18.09 12:00,True,True,True,True,4h,ENDED,BULL,18.09 12:00,,,
2026-09-29 12:47:05,btc_signals_log(29.09)_v4.csv,,,,2026-09-29 12:00:00,ENDED,BULL,18.09 12:00,True,True,True,True,4h,ENDED,BULL,18.09 12:00,,,
2026-09-29 13:17:16,btc_signals_log(29.09)_v4.csv,,,,2026-09-29 12:00:00,ENDED,BULL,18.09 12:00,True,True,True,True,4h,ENDED,BULL,18.09 12:00,,,
2026-09-29 13:47:38,btc_signals_log(29.09)_v4.csv,,,,2026-09-29 12:00:00,ENDED,BULL,18.09 12:00,True,True,True,True,4h,ENDED,BULL,18.09 12:00,,,
2026-09-29 14:47:45,btc_signals_log(29.09)_v4.csv,,,,2026-09-29 12:00:00,ENDED,BULL,18.09 12:00,True,True,True,True,4h,ENDED,BULL,18.09 12:00,,,
2026-09-29 15:17:53,btc_signals_log(29.09)_v4.csv,,,,2026-09-29 12:00:00,ENDED,BULL,18.09 12:00,True,True,True,True,4h,ENDED,BULL,18.09 12:00,,,
2026-09-29 15:48:00,btc_signals_log(29.09)_v4.csv,,,,2026-09-29 12:00:00,ENDED,BULL,18.09 12:00,True,True,True,True,4h,ENDED,BULL,18.09 12:00,,,
2026-09-29 16:18:09,btc_signals_log(29.09)_v4.csv,,,,2026-09-29 16:00:00,ENDED,BULL,18.09 12:00,True,True,True,True,4h,ENDED,BULL,18.09 12:00,,,
2026-09-29 16:48:26,btc_signals_log(29.09)_v4.csv,,,,2026-09-29 16:00:00,ENDED,BULL,18.09 12:00,True,True,True,True,4h,ENDED,BULL,18.09 12:00,,,
2026-09-29 17:18:31,btc_signals_log(29.09)_v4.csv,,,,2026-09-29 16:00:00,ENDED,BULL,18.09 12:00,True,True,True,True,4h,ENDED,BULL,18.09 12:00,,,
2026-09-29 17:48:37,btc_signals_log(29.09)_v4.csv,,,,2026-09-29 16:00:00,ENDED,BULL,18.09 12:00,True,True,True,True,4h,ENDED,BULL,18.09 12:00,,,
2026-09-29 18:18:43,btc_signals_log(29.09)_v4.csv,,,,2026-09-29 16:00:00,ENDED,BULL,18.09 12:00,True,True,True,True,4h,ENDED,BULL,18.09 12:00,,,
2026-09-29 18:48:57,btc_signals_log(29.09)_v4.csv,,,,2026-09-29 16:00:00,ENDED,BULL,18.09 12:00,True,True,True,True,4h,ENDED,BULL,18.09 12:00,,,
2026-09-29 19:19:08,btc_signals_log(29.09)_v4.csv,,,,2026-09-29 16:00:00,ENDED,BULL,18.09 12:00,True,True,True,True,4h,ENDED,BULL,18.09 12:00,,,
2026-09-29 19:49:15,btc_signals_log(29.09)_v4.csv,,,,2026-09-29 16:00:00,ENDED,BULL,18.09 12:00,True,True,True,True,4h,ENDED,BULL,18.09 12:00,,,
2026-09-29 20:19:22,btc_signals_log(29.09)_v4.csv,,,,2026-09-29 20:00:00,ENDED,BULL,18.09 12:00,True,True,True,True,4h,ENDED,BULL,18.09 12:00,,,
2026-09-29 20:49:28,btc_signals_log(29.09)_v4.csv,,,,2026-09-29 20:00:00,ENDED,BULL,18.09 12:00,True,True,True,True,4h,ENDED,BULL,18.09 12:00,,,
2026-09-29 21:19:34,btc_signals_log(29.09)_v4.csv,,,,2026-09-29 20:00:00,ENDED,BULL,18.09 12:00,True,True,True,True,4h,ENDED,BULL,18.09 12:00,,,
2026-09-29 21:49:40,btc_signals_log(29.09)_v4.csv,,,,2026-09-29 20:00:00,ENDED,BULL,18.09 12:00,True,True,True,True,4h,ENDED,BULL,18.09 12:00,,,
2026-09-29 22:19:46,btc_signals_log(29.09)_v4.csv,,,,2026-09-29 20:00:00,ENDED,BULL,18.09 12:00,True,True,True,True,4h,ENDED,BULL,18.09 12:00,,,
2026-09-29 22:49:51,btc_signals_log(29.09)_v4.csv,,,,2026-09-29 20:00:00,ENDED,BULL,18.09 12:00,True,True,True,True,4h,ENDED,BULL,18.09 12:00,,,
2026-09-29 23:19:57,btc_signals_log(29.09)_v4.csv,,,,2026-09-29 20:00:00,ENDED,BULL,18.09 12:00,True,True,True,True,4h,ENDED,BULL,18.09 12:00,,,
2026-09-30 00:20:05,btc_signals_log(30.09)_v4.csv,,,,2026-09-30 00:00:00,ENDED,BULL,18.09 12:00,True,True,True,True,4h,ENDED,BULL,18.09 12:00,,,
2026-09-30 00:50:10,btc_signals_log(30.09)_v4.csv,,,,2026-09-30 00:00:00,ENDED,BULL,18.09 12:00,True,True,True,True,4h,ENDED,BULL,18.09 12:00,,,
2026-09-30 01:50:17,btc_signals_log(30.09)_v4.csv,,,,2026-09-30 00:00:00,ENDED,BULL,18.09 12:00,True,True,True,True,4h,ENDED,BULL,18.09 12:00,,,
2026-09-30 02:20:22,btc_signals_log(30.09)_v4.csv,,,,2026-09-30 00:00:00,ENDED,BULL,18.09 12:00,True,True,True,True,4h,ENDED,BULL,18.09 12:00,,,
2026-09-30 02:50:27,btc_signals_log(30.09)_v4.csv,,,,2026-09-30 00:00:00,ENDED,BULL,18.09 12:00,True,True,True,True,4h,ENDED,BULL,18.09 12:00,,,
2026-09-30 03:20:33,btc_signals_log(30.09)_v4.csv,,,,2026-09-30 00:00:00,ENDED,BULL,18.09 12:00,True,True,True,True,4h,ENDED,BULL,18.09 12:00,,,
2026-09-30 03:50:37,btc_signals_log(30.09)_v4.csv,,,,2026-09-30 00:00:00,ENDED,BULL,18.09 12:00,False,False,False,False,4h,NONE,,,,,
2026-09-30 04:20:42,btc_signals_log(30.09)_v4.csv,,,,2026-09-30 04:00:00,ENDED,BULL,18.09 12:00,True,True,True,True,4h,ENDED,BULL,18.09 12:00,,,
2026-09-30 05:20:56,btc_signals_log(30.09)_v4.csv,,,,2026-09-30 04:00:00,ENDED,BULL,18.09 12:00,True,True,True,True,4h,ENDED,BULL,18.09 12:00,,,
2026-09-30 06:21:15,btc_signals_log(30.09)_v4.csv,,,,2026-09-30 04:00:00,ENDED,BULL,18.09 12:00,True,True,True,True,4h,ENDED,BULL,18.09 12:00,,,
2026-09-30 06:51:29,btc_signals_log(30.09)_v4.csv,,,,2026-09-30 04:00:00,ENDED,BULL,18.09 12:00,True,True,True,True,4h,ENDED,BULL,18.09 12:00,,,
2026-09-30 07:51:54,btc_signals_log(30.09)_v4.csv,,,,2026-09-30 04:00:00,ENDED,BULL,18.09 12:00,True,True,True,True,4h,ENDED,BULL,18.09 12:00,,,
2026-09-30 08:22:31,btc_signals_log(30.09)_v4.csv,,,,2026-09-30 08:00:00,ENDED,BULL,18.09 12:00,True,True,True,True,4h,ENDED,BULL,18.09 12:00,,,
2026-09-30 08:53:09,btc_signals_log(30.09)_v4.csv,,,,2026-09-30 08:00:00,ENDED,BULL,18.09 12:00,True,True,True,True,4h,ENDED,BULL,18.09 12:00,,,
2026-09-30 09:23:48,btc_signals_log(30.09)_v4.csv,,,,2026-09-30 08:00:00,ENDED,BULL,18.09 12:00,True,True,True,True,4h,ENDED,BULL,18.09 12:00,,,
2026-09-30 09:54:25,btc_signals_log(30.09)_v4.csv,,,,2026-09-30 08:00:00,ENDED,BULL,18.09 12:00,True,True,True,True,4h,ENDED,BULL,18.09 12:00,,,
2026-09-30 10:25:19,btc_signals_log(30.09)_v4.csv,,,,2026-09-30 08:00:00,ENDED,BULL,18.09 12:00,True,True,True,True,4h,ENDED,BULL,18.09 12:00,,,
2026-09-30 10:55:30,btc_signals_log(30.09)_v4.csv,,,,2026-09-30 08:00:00,ENDED,BULL,18.09 12:00,False,False,False,False,4h,NONE,,,,,
2026-09-30 11:25:36,btc_signals_log(30.09)_v4.csv,,,,2026-09-30 08:00:00,ENDED,BULL,18.09 12:00,True,True,True,True,4h,ENDED,BULL,18.09 12:00,,,
2026-09-30 11:55:48,btc_signals_log(30.09)_v4.csv,,,,2026-09-30 08:00:00,ENDED,BULL,18.09 12:00,True,True,True,True,4h,ENDED,BULL,18.09 12:00,,,
2026-09-30 12:56:25,btc_signals_log(30.09)_v4.csv,,,,2026-09-30 12:00:00,ENDED,BULL,18.09 12:00,True,True,True,True,4h,ENDED,BULL,18.09 12:00,,,
2026-09-30 13:26:31,btc_signals_log(30.09)_v4.csv,,,,2026-09-30 12:00:00,ENDED,BULL,18.09 12:00,True,True,True,True,4h,ENDED,BULL,18.09 12:00,,,
2026-09-30 13:56:42,btc_signals_log(30.09)_v4.csv,,,,2026-09-30 12:00:00,ENDED,BULL,18.09 12:00,True,True,True,True,4h,ENDED,BULL,18.09 12:00,,,
2026-09-30 14:26:47,btc_signals_log(30.09)_v4.csv,,,,2026-09-30 12:00:00,ENDED,BULL,18.09 12:00,True,True,True,True,4h,ENDED,BULL,18.09 12:00,,,
2026-09-30 14:57:18,btc_signals_log(30.09)_v4.csv,,,,2026-09-30 12:00:00,ENDED,BULL,18.09 12:00,True,True,True,True,4h,ENDED,BULL,18.09 12:00,,,
2026-09-30 15:27:37,btc_signals_log(30.09)_v4.csv,,,,2026-09-30 12:00:00,ENDED,BULL,18.09 12:00,True,True,True,True,4h,ENDED,BULL,18.09 12:00,,,
2026-09-30 16:27:44,btc_signals_log(30.09)_v4.csv,,,,2026-09-30 16:00:00,ENDED,BULL,18.09 12:00,True,True,True,True,4h,ENDED,BULL,18.09 12:00,,,
2026-09-30 16:57:51,btc_signals_log(30.09)_v4.csv,,,,2026-09-30 16:00:00,ENDED,BULL,18.09 12:00,True,True,True,True,4h,ENDED,BULL,18.09 12:00,,,
2026-09-30 17:27:58,btc_signals_log(30.09)_v4.csv,,,,2026-09-30 16:00:00,ENDED,BULL,18.09 12:00,True,True,True,True,4h,ENDED,BULL,18.09 12:00,,,
2026-09-30 17:58:04,btc_signals_log(30.09)_v4.csv,,,,2026-09-30 16:00:00,ENDED,BULL,18.09 12:00,True,True,True,True,4h,ENDED,BULL,18.09 12:00,,,
2026-09-30 18:58:11,btc_signals_log(30.09)_v4.csv,,,,2026-09-30 16:00:00,ENDED,BULL,18.09 12:00,True,True,True,True,4h,ENDED,BULL,18.09 12:00,,,
2026-09-30 19:28:16,btc_signals_log(30.09)_v4.csv,,,,2026-09-30 16:00:00,ENDED,BULL,18.09 12:00,True,True,True,True,4h,ENDED,BULL,18.09 12:00,,,
2026-09-30 19:58:23,btc_signals_log(30.09)_v4.csv,,,,2026-09-30 16:00:00,ENDED,BULL,18.09 12:00,True,True,True,True,4h,ENDED,BULL,18.09 12:00,,,
2026-09-30 20:28:29,btc_signals_log(30.09)_v4.csv,,,,2026-09-30 20:00:00,ENDED,BULL,18.09 12:00,True,True,True,True,4h,ENDED,BULL,18.09 12:00,,,
2026-09-30 20:58:34,btc_signals_log(30.09)_v4.csv,,,,2026-09-30 20:00:00,ENDED,BULL,18.09 12:00,True,True,True,True,4h,ENDED,BULL,18.09 12:00,,,
2026-09-30 21:28:41,btc_signals_log(30.09)_v4.csv,,,,2026-09-30 20:00:00,ENDED,BULL,18.09 12:00,True,True,True,True,4h,ENDED,BULL,18.09 12:00,,,
2026-09-30 21:58:51,btc_signals_log(30.09)_v4.csv,,,,2026-09-30 20:00:00,ENDED,BULL,18.09 12:00,True,True,True,True,4h,ENDED,BULL,18.09 12:00,,,
2026-09-30 22:28:57,btc_signals_log(30.09)_v4.csv,,,,2026-09-30 20:00:00,ENDED,BULL,18.09 12:00,True,True,True,True,4h,ENDED,BULL,18.09 12:00,,,
2026-10-01 00:29:06,btc_signals_log(01.10)_v4.csv,,,,2026-10-01 00:00:00,ENDED,BULL,18.09 12:00,True,True,True,True,4h,ENDED,BULL,18.09 12:00,,,
2026-10-01 00:59:12,btc_signals_log(01.10)_v4.csv,,,,2026-10-01 00:00:00,ENDED,BULL,18.09 12:00,True,True,True,True,4h,ENDED,BULL,18.09 12:00,,,
2026-10-01 01:29:17,btc_signals_log(01.10)_v4.csv,,,,2026-10-01 00:00:00,ENDED,BULL,18.09 12:00,True,True,True,True,4h,ENDED,BULL,18.09 12:00,,,
2026-10-01 01:59:23,btc_signals_log(01.10)_v4.csv,,,,2026-10-01 00:00:00,ENDED,BULL,18.09 12:00,True,True,True,True,4h,ENDED,BULL,18.09 12:00,,,
2026-10-01 02:59:29,btc_signals_log(01.10)_v4.csv,,,,2026-10-01 00:00:00,ENDED,BULL,18.09 12:00,True,True,True,True,4h,ENDED,BULL,18.09 12:00,,,
2026-10-01 03:29:34,btc_signals_log(01.10)_v4.csv,,,,2026-10-01 00:00:00,ENDED,BULL,18.09 12:00,True,True,True,True,4h,ENDED,BULL,18.09 12:00,,,
2026-10-01 03:59:39,btc_signals_log(01.10)_v4.csv,,,,2026-10-01 00:00:00,ENDED,BULL,18.09 12:00,True,True,True,True,4h,ENDED,BULL,18.09 12:00,,,
2026-10-01 04:29:45,btc_signals_log(01.10)_v4.csv,,,,2026-10-01 04:00:00,ENDED,BULL,18.09 12:00,True,True,True,True,4h,ENDED,BULL,18.09 12:00,,,
2026-10-01 05:29:51,btc_signals_log(01.10)_v4.csv,,,,2026-10-01 04:00:00,ENDED,BULL,18.09 12:00,True,True,True,True,4h,ENDED,BULL,18.09 12:00,,,
2026-10-01 05:59:56,btc_signals_log(01.10)_v4.csv,,,,2026-10-01 04:00:00,ENDED,BULL,18.09 12:00,True,True,True,True,4h,ENDED,BULL,18.09 12:00,,,
2026-10-01 06:30:06,btc_signals_log(01.10)_v4.csv,,,,2026-10-01 04:00:00,ENDED,BULL,18.09 12:00,True,True,True,True,4h,ENDED,BULL,18.09 12:00,,,
2026-10-01 07:00:17,btc_signals_log(01.10)_v4.csv,,,,2026-10-01 04:00:00,ENDED,BULL,18.09 12:00,True,True,True,True,4h,ENDED,BULL,18.09 12:00,,,
2026-10-01 07:30:24,btc_signals_log(01.10)_v4.csv,,,,2026-10-01 04:00:00,ENDED,BULL,18.09 12:00,True,True,True,True,4h,ENDED,BULL,18.09 12:00,,,
2026-10-01 08:00:34,btc_signals_log(01.10)_v4.csv,,,,2026-10-01 08:00:00,ENDED,BULL,18.09 12:00,False,False,False,False,4h,NONE,,,,,
2026-10-01 08:30:40,btc_signals_log(01.10)_v4.csv,,,,2026-10-01 08:00:00,ENDED,BULL,18.09 12:00,True,True,True,True,4h,ENDED,BULL,18.09 12:00,,,
2026-10-01 09:00:58,btc_signals_log(01.10)_v4.csv,,,,2026-10-01 08:00:00,ENDED,BULL,18.09 12:00,True,True,True,True,4h,ENDED,BULL,18.09 12:00,,,
2026-10-01 09:31:05,btc_signals_log(01.10)_v4.csv,,,,2026-10-01 08:00:00,ENDED,BULL,18.09 12:00,True,True,True,True,4h,ENDED,BULL,18.09 12:00,,,
2026-10-01 10:01:14,btc_signals_log(01.10)_v4.csv,,,,2026-10-01 08:00:00,ENDED,BULL,18.09 12:00,True,True,True,True,4h,ENDED,BULL,18.09 12:00,,,
2026-10-01 10:48:35,btc_signals_log(01.10)_v4.csv,,,,2026-10-01 08:00:00,ENDED,BULL,18.09 12:00,True,True,True,True,4h,ENDED,BULL,18.09 12:00,,,
2026-10-01 11:18:40,btc_signals_log(01.10)_v4.csv,,,,2026-10-01 08:00:00,ENDED,BULL,18.09 12:00,True,True,True,True,4h,ENDED,BULL,18.09 12:00,,,
2026-10-01 11:48:46,btc_signals_log(01.10)_v4.csv,,,,2026-10-01 08:00:00,ENDED,BULL,18.09 12:00,False,False,False,False,4h,NONE,,,,,
2026-10-01 12:18:52,btc_signals_log(01.10)_v4.csv,,,,2026-10-01 12:00:00,ENDED,BULL,18.09 12:00,True,True,True,True,4h,ENDED,BULL,18.09 12:00,,,
2026-10-01 12:48:58,btc_signals_log(01.10)_v4.csv,,,,2026-10-01 12:00:00,ENDED,BULL,18.09 12:00,True,True,True,True,4h,ENDED,BULL,18.09 12:00,,,
2026-10-01 13:19:04,btc_signals_log(01.10)_v4.csv,,,,2026-10-01 12:00:00,ENDED,BULL,18.09 12:00,True,True,True,True,4h,ENDED,BULL,18.09 12:00,,,
2026-10-01 13:49:11,btc_signals_log(01.10)_v4.csv,,,,2026-10-01 12:00:00,ENDED,BULL,18.09 12:00,True,True,True,True,4h,ENDED,BULL,18.09 12:00,,,
2026-10-01 15:20:59,btc_signals_log(01.10)_v4.csv,,,,2026-10-01 12:00:00,ENDED,BULL,18.09 12:00,True,True,True,True,4h,ENDED,BULL,18.09 12:00,,,
2026-10-01 15:51:16,btc_signals_log(01.10)_v4.csv,,,,2026-10-01 12:00:00,ENDED,BULL,18.09 12:00,True,True,True,True,4h,ENDED,BULL,18.09 12:00,,,
2026-10-01 16:21:21,btc_signals_log(01.10)_v4.csv,,,,2026-10-01 16:00:00,ENDED,BULL,18.09 12:00,True,True,True,True,4h,ENDED,BULL,18.09 12:00,,,
2026-10-01 17:21:29,btc_signals_log(01.10)_v4.csv,,,,2026-10-01 16:00:00,ENDED,BULL,18.09 12:00,True,True,True,True,4h,ENDED,BULL,18.09 12:00,,,
2026-10-01 19:04:01,btc_signals_log(01.10)_v4.csv,,,,2026-10-01 16:00:00,ENDED,BULL,18.09 12:00,True,True,True,True,4h,ENDED,BULL,18.09 12:00,,,
2026-10-01 20:04:44,btc_signals_log(01.10)_v4.csv,,,,2026-10-01 20:00:00,ENDED,BULL,18.09 12:00,True,True,True,True,4h,ENDED,BULL,18.09 12:00,,,
2026-10-01 20:34:52,btc_signals_log(01.10)_v4.csv,,,,2026-10-01 20:00:00,ENDED,BULL,18.09 12:00,True,True,True,True,4h,ENDED,BULL,18.09 12:00,,,
2026-10-01 21:35:07,btc_signals_log(01.10)_v4.csv,,,,2026-10-01 20:00:00,ENDED,BULL,18.09 12:00,True,True,True,True,4h,ENDED,BULL,18.09 12:00,,,
2026-10-01 22:05:14,btc_signals_log(01.10)_v4.csv,,,,2026-10-01 20:00:00,ENDED,BULL,18.09 12:00,True,True,True,True,4h,ENDED,BULL,18.09 12:00,,,
2026-10-01 23:05:29,btc_signals_log(01.10)_v4.csv,,,,2026-10-01 20:00:00,ENDED,BULL,18.09 12:00,True,True,True,True,4h,ENDED,BULL,18.09 12:00,,,
2026-10-01 23:35:35,btc_signals_log(01.10)_v4.csv,,,,2026-10-01 20:00:00,ENDED,BULL,18.09 12:00,False,False,False,False,4h,NONE,,,,,
2026-10-02 00:05:41,btc_signals_log(02.10)_v4.csv,,,,2026-10-02 00:00:00,ENDED,BULL,18.09 12:00,True,True,True,True,4h,ENDED,BULL,18.09 12:00,,,
2026-10-02 01:06:17,btc_signals_log(02.10)_v4.csv,,,,2026-10-02 00:00:00,ENDED,BULL,18.09 12:00,True,True,True,True,4h,ENDED,BULL,18.09 12:00,,,
2026-10-02 01:36:22,btc_signals_log(02.10)_v4.csv,,,,2026-10-02 00:00:00,ENDED,BULL,18.09 12:00,True,True,True,True,4h,ENDED,BULL,18.09 12:00,,,
2026-10-02 02:06:29,btc_signals_log(02.10)_v4.csv,,,,2026-10-02 00:00:00,ENDED,BULL,18.09 12:00,True,True,True,True,4h,ENDED,BULL,18.09 12:00,,,
2026-10-02 02:36:34,btc_signals_log(02.10)_v4.csv,,,,2026-10-02 00:00:00,ENDED,BULL,18.09 12:00,True,True,True,True,4h,ENDED,BULL,18.09 12:00,,,
2026-10-02 03:06:41,btc_signals_log(02.10)_v4.csv,,,,2026-10-02 00:00:00,ENDED,BULL,18.09 12:00,True,True,True,True,4h,ENDED,BULL,18.09 12:00,,,
2026-10-02 04:36:50,btc_signals_log(02.10)_v4.csv,,,,2026-10-02 04:00:00,ENDED,BULL,18.09 12:00,True,True,True,True,4h,ENDED,BULL,18.09 12:00,,,
2026-10-02 06:34:51,btc_signals_log(02.10)_v4.csv,,,,2026-10-02 04:00:00,ENDED,BULL,18.09 12:00,True,True,True,True,4h,ENDED,BULL,18.09 12:00,,,
2026-10-02 07:34:58,btc_signals_log(02.10)_v4.csv,,,,2026-10-02 04:00:00,ENDED,BULL,18.09 12:00,True,True,True,True,4h,ENDED,BULL,18.09 12:00,,,
2026-10-02 08:05:07,btc_signals_log(02.10)_v4.csv,,,,2026-10-02 08:00:00,ACTIVE,BULL,02.10 04:00,True,True,True,True,4h,ACTIVE,BULL,02.10 04:00,,,
2026-10-02 08:35:13,btc_signals_log(02.10)_v4.csv,,,,2026-10-02 08:00:00,ACTIVE,BULL,02.10 04:00,True,True,True,True,4h,ACTIVE,BULL,02.10 04:00,,,
2026-10-02 10:00:32,btc_signals_log(02.10)_v4.csv,,,,2026-10-02 08:00:00,ACTIVE,BULL,02.10 04:00,True,True,True,True,4h,ACTIVE,BULL,02.10 04:00,,,
2026-10-02 10:30:43,btc_signals_log(02.10)_v4.csv,,,,2026-10-02 08:00:00,ACTIVE,BULL,02.10 04:00,True,True,True,True,4h,ACTIVE,BULL,02.10 04:00,,,
2026-10-02 11:00:52,btc_signals_log(02.10)_v4.csv,,,,2026-10-02 08:00:00,ACTIVE,BULL,02.10 04:00,True,True,True,True,4h,ACTIVE,BULL,02.10 04:00,,,
2026-10-02 11:31:22,btc_signals_log(02.10)_v4.csv,,,,2026-10-02 08:00:00,ACTIVE,BULL,02.10 04:00,True,True,True,True,4h,ACTIVE,BULL,02.10 04:00,,,
2026-10-02 12:02:01,btc_signals_log(02.10)_v4.csv,,,,2026-10-02 12:00:00,ACTIVE,BULL,02.10 04:00,False,False,False,False,4h,NONE,,,,,
2026-10-02 12:32:11,btc_signals_log(02.10)_v4.csv,,,,2026-10-02 12:00:00,ACTIVE,BULL,02.10 04:00,True,True,True,True,4h,ACTIVE,BULL,02.10 04:00,,,
2026-10-02 13:05:55,btc_signals_log(02.10)_v4.csv,,,,2026-10-02 12:00:00,ACTIVE,BULL,02.10 04:00,True,True,True,True,4h,ACTIVE,BULL,02.10 04:00,,,
2026-10-02 13:36:05,btc_signals_log(02.10)_v4.csv,,,,2026-10-02 12:00:00,ACTIVE,BULL,02.10 04:00,True,True,True,True,4h,ACTIVE,BULL,02.10 04:00,,,
2026-10-02 14:06:15,btc_signals_log(02.10)_v4.csv,,,,2026-10-02 12:00:00,ACTIVE,BULL,02.10 04:00,True,True,True,True,4h,ACTIVE,BULL,02.10 04:00,,,
2026-10-02 14:36:24,btc_signals_log(02.10)_v4.csv,,,,2026-10-02 12:00:00,ACTIVE,BULL,02.10 04:00,True,True,True,True,4h,ACTIVE,BULL,02.10 04:00,,,
2026-10-02 15:06:37,btc_signals_log(02.10)_v4.csv,,,,2026-10-02 12:00:00,ACTIVE,BULL,02.10 04:00,True,True,True,True,4h,ACTIVE,BULL,02.10 04:00,,,
2026-10-02 15:36:49,btc_signals_log(02.10)_v4.csv,,,,2026-10-02 12:00:00,ACTIVE,BULL,02.10 04:00,True,True,True,True,4h,ACTIVE,BULL,02.10 04:00,,,
2026-10-02 16:07:02,btc_signals_log(02.10)_v4.csv,,,,2026-10-02 16:00:00,ACTIVE,BULL,02.10 04:00,True,True,True,True,4h,ACTIVE,BULL,02.10 04:00,,,
2026-10-02 16:37:14,btc_signals_log(02.10)_v4.csv,,,,2026-10-02 16:00:00,ACTIVE,BULL,02.10 04:00,True,True,True,True,4h,ACTIVE,BULL,02.10 04:00,,,
2026-10-02 17:07:29,btc_signals_log(02.10)_v4.csv,,,,2026-10-02 16:00:00,ACTIVE,BULL,02.10 04:00,True,True,True,True,4h,ACTIVE,BULL,02.10 04:00,,,
2026-10-02 17:37:40,btc_signals_log(02.10)_v4.csv,,,,2026-10-02 16:00:00,ACTIVE,BULL,02.10 04:00,True,True,True,True,4h,ACTIVE,BULL,02.10 04:00,,,
2026-10-02 18:38:10,btc_signals_log(02.10)_v4.csv,,,,2026-10-02 16:00:00,ACTIVE,BULL,02.10 04:00,True,True,True,True,4h,ACTIVE,BULL,02.10 04:00,,,
2026-10-02 19:38:40,btc_signals_log(02.10)_v4.csv,,,,2026-10-02 16:00:00,ACTIVE,BULL,02.10 04:00,True,True,True,True,4h,ACTIVE,BULL,02.10 04:00,,,
2026-10-02 20:08:55,btc_signals_log(02.10)_v4.csv,,,,2026-10-02 20:00:00,ACTIVE,BULL,02.10 04:00,True,True,True,True,4h,ACTIVE,BULL,02.10 04:00,,,
2026-10-02 20:39:08,btc_signals_log(02.10)_v4.csv,,,,2026-10-02 20:00:00,ACTIVE,BULL,02.10 04:00,True,True,True,True,4h,ACTIVE,BULL,02.10 04:00,,,
2026-10-02 21:09:20,btc_signals_log(02.10)_v4.csv,,,,2026-10-02 20:00:00,ACTIVE,BULL,02.10 04:00,True,True,True,True,4h,ACTIVE,BULL,02.10 04:00,,,
2026-10-02 21:39:32,btc_signals_log(02.10)_v4.csv,,,,2026-10-02 20:00:00,ACTIVE,BULL,02.10 04:00,True,True,True,True,4h,ACTIVE,BULL,02.10 04:00,,,
2026-10-02 22:09:44,btc_signals_log(02.10)_v4.csv,,,,2026-10-02 20:00:00,ACTIVE,BULL,02.10 04:00,True,True,True,True,4h,ACTIVE,BULL,02.10 04:00,,,
2026-10-02 22:39:55,btc_signals_log(02.10)_v4.csv,,,,2026-10-02 20:00:00,ACTIVE,BULL,02.10 04:00,True,True,True,True,4h,ACTIVE,BULL,02.10 04:00,,,
2026-10-02 23:10:08,btc_signals_log(02.10)_v4.csv,,,,2026-10-02 20:00:00,ACTIVE,BULL,02.10 04:00,True,True,True,True,4h,ACTIVE,BULL,02.10 04:00,,,
2026-10-03 00:10:47,btc_signals_log(03.10)_v4.csv,,,,2026-10-03 00:00:00,ACTIVE,BULL,02.10 04:00,True,True,True,True,4h,ACTIVE,BULL,02.10 04:00,,,
2026-10-03 00:40:56,btc_signals_log(03.10)_v4.csv,,,,2026-10-03 00:00:00,ACTIVE,BULL,02.10 04:00,True,True,True,True,4h,ACTIVE,BULL,02.10 04:00,,,
2026-10-03 01:11:04,btc_signals_log(03.10)_v4.csv,,,,2026-10-03 00:00:00,ACTIVE,BULL,02.10 04:00,True,True,True,True,4h,ACTIVE,BULL,02.10 04:00,,,
2026-10-03 01:41:32,btc_signals_log(03.10)_v4.csv,,,,2026-10-03 00:00:00,ACTIVE,BULL,02.10 04:00,True,True,True,True,4h,ACTIVE,BULL,02.10 04:00,,,
2026-10-03 02:11:41,btc_signals_log(03.10)_v4.csv,,,,2026-10-03 00:00:00,ACTIVE,BULL,02.10 04:00,True,True,True,True,4h,ACTIVE,BULL,02.10 04:00,,,
2026-10-03 02:41:51,btc_signals_log(03.10)_v4.csv,,,,2026-10-03 00:00:00,ACTIVE,BULL,02.10 04:00,True,True,True,True,4h,ACTIVE,BULL,02.10 04:00,,,
2026-10-03 03:12:00,btc_signals_log(03.10)_v4.csv,,,,2026-10-03 00:00:00,ACTIVE,BULL,02.10 04:00,True,True,True,True,4h,ACTIVE,BULL,02.10 04:00,,,
2026-10-03 03:42:10,btc_signals_log(03.10)_v4.csv,,,,2026-10-03 00:00:00,ACTIVE,BULL,02.10 04:00,True,True,True,True,4h,ACTIVE,BULL,02.10 04:00,,,
2026-10-03 04:12:19,btc_signals_log(03.10)_v4.csv,,,,2026-10-03 04:00:00,ACTIVE,BULL,02.10 04:00,True,True,True,True,4h,ACTIVE,BULL,02.10 04:00,,,
2026-10-03 04:42:29,btc_signals_log(03.10)_v4.csv,,,,2026-10-03 04:00:00,ACTIVE,BULL,02.10 04:00,True,True,True,True,4h,ACTIVE,BULL,02.10 04:00,,,
2026-10-03 05:12:38,btc_signals_log(03.10)_v4.csv,,,,2026-10-03 04:00:00,ACTIVE,BULL,02.10 04:00,True,True,True,True,4h,ACTIVE,BULL,02.10 04:00,,,
2026-10-03 05:42:47,btc_signals_log(03.10)_v4.csv,,,,2026-10-03 04:00:00,ACTIVE,BULL,02.10 04:00,True,True,True,True,4h,ACTIVE,BULL,02.10 04:00,,,
2026-10-03 06:12:57,btc_signals_log(03.10)_v4.csv,,,,2026-10-03 04:00:00,ACTIVE,BULL,02.10 04:00,True,True,True,True,4h,ACTIVE,BULL,02.10 04:00,,,
2026-10-03 06:43:06,btc_signals_log(03.10)_v4.csv,,,,2026-10-03 04:00:00,ACTIVE,BULL,02.10 04:00,True,True,True,True,4h,ACTIVE,BULL,02.10 04:00,,,
2026-10-03 07:13:15,btc_signals_log(03.10)_v4.csv,,,,2026-10-03 04:00:00,ACTIVE,BULL,02.10 04:00,True,True,True,True,4h,ACTIVE,BULL,02.10 04:00,,,
2026-10-03 07:43:24,btc_signals_log(03.10)_v4.csv,,,,2026-10-03 04:00:00,ACTIVE,BULL,02.10 04:00,True,True,True,True,4h,ACTIVE,BULL,02.10 04:00,,,
2026-10-03 08:13:34,btc_signals_log(03.10)_v4.csv,,,,2026-10-03 08:00:00,ACTIVE,BULL,02.10 04:00,True,True,True,True,4h,ACTIVE,BULL,02.10 04:00,,,
2026-10-03 08:43:43,btc_signals_log(03.10)_v4.csv,,,,2026-10-03 08:00:00,ACTIVE,BULL,02.10 04:00,True,True,True,True,4h,ACTIVE,BULL,02.10 04:00,,,
2026-10-03 09:13:53,btc_signals_log(03.10)_v4.csv,,,,2026-10-03 08:00:00,ACTIVE,BULL,02.10 04:00,True,True,True,True,4h,ACTIVE,BULL,02.10 04:00,,,
2026-10-03 09:44:02,btc_signals_log(03.10)_v4.csv,,,,2026-10-03 08:00:00,ACTIVE,BULL,02.10 04:00,True,True,True,True,4h,ACTIVE,BULL,02.10 04:00,,,
2026-10-03 10:14:13,btc_signals_log(03.10)_v4.csv,,,,2026-10-03 08:00:00,ACTIVE,BULL,02.10 04:00,True,True,True,True,4h,ACTIVE,BULL,02.10 04:00,,,
2026-10-03 10:44:23,btc_signals_log(03.10)_v4.csv,,,,2026-10-03 08:00:00,ACTIVE,BULL,02.10 04:00,True,True,True,True,4h,ACTIVE,BULL,02.10 04:00,,,
2026-10-03 11:14:33,btc_signals_log(03.10)_v4.csv,,,,2026-10-03 08:00:00,ACTIVE,BULL,02.10 04:00,True,True,True,True,4h,ACTIVE,BULL,02.10 04:00,,,
2026-10-03 12:14:54,btc_signals_log(03.10)_v4.csv,,,,2026-10-03 12:00:00,ACTIVE,BULL,02.10 04:00,True,True,True,True,4h,ACTIVE,BULL,02.10 04:00,,,
2026-10-03 12:45:04,btc_signals_log(03.10)_v4.csv,,,,2026-10-03 12:00:00,ACTIVE,BULL,02.10 04:00,True,True,True,True,4h,ACTIVE,BULL,02.10 04:00,,,
2026-10-03 13:15:13,btc_signals_log(03.10)_v4.csv,,,,2026-10-03 12:00:00,ACTIVE,BULL,02.10 04:00,True,True,True,True,4h,ACTIVE,BULL,02.10 04:00,,,
2026-10-03 13:45:22,btc_signals_log(03.10)_v4.csv,,,,2026-10-03 12:00:00,ACTIVE,BULL,02.10 04:00,True,True,True,True,4h,ACTIVE,BULL,02.10 04:00,,,
2026-10-03 14:15:32,btc_signals_log(03.10)_v4.csv,,,,2026-10-03 12:00:00,ACTIVE,BULL,02.10 04:00,True,True,True,True,4h,ACTIVE,BULL,02.10 04:00,,,
2026-10-03 14:45:42,btc_signals_log(03.10)_v4.csv,,,,2026-10-03 12:00:00,ACTIVE,BULL,02.10 04:00,True,True,True,True,4h,ACTIVE,BULL,02.10 04:00,,,
2026-10-03 15:15:52,btc_signals_log(03.10)_v4.csv,,,,2026-10-03 12:00:00,ACTIVE,BULL,02.10 04:00,True,True,True,True,4h,ACTIVE,BULL,02.10 04:00,,,
2026-10-03 16:16:33,btc_signals_log(03.10)_v4.csv,,,,2026-10-03 16:00:00,ACTIVE,BULL,02.10 04:00,True,True,True,True,4h,ACTIVE,BULL,02.10 04:00,,,
2026-10-03 16:46:43,btc_signals_log(03.10)_v4.csv,,,,2026-10-03 16:00:00,ACTIVE,BULL,02.10 04:00,True,True,True,True,4h,ACTIVE,BULL,02.10 04:00,,,
2026-10-03 17:16:53,btc_signals_log(03.10)_v4.csv,,,,2026-10-03 16:00:00,ACTIVE,BULL,02.10 04:00,True,True,True,True,4h,ACTIVE,BULL,02.10 04:00,,,
2026-10-03 18:17:34,btc_signals_log(03.10)_v4.csv,,,,2026-10-03 16:00:00,ACTIVE,BULL,02.10 04:00,True,True,True,True,4h,ACTIVE,BULL,02.10 04:00,,,
2026-10-03 18:47:44,btc_signals_log(03.10)_v4.csv,,,,2026-10-03 16:00:00,ACTIVE,BULL,02.10 04:00,True,True,True,True,4h,ACTIVE,BULL,02.10 04:00,,,
2026-10-03 19:17:55,btc_signals_log(03.10)_v4.csv,,,,2026-10-03 16:00:00,ACTIVE,BULL,02.10 04:00,True,True,True,True,4h,ACTIVE,BULL,02.10 04:00,,,
2026-10-03 19:48:04,btc_signals_log(03.10)_v4.csv,,,,2026-10-03 16:00:00,ACTIVE,BULL,02.10 04:00,True,True,True,True,4h,ACTIVE,BULL,02.10 04:00,,,
2026-10-03 20:18:14,btc_signals_log(03.10)_v4.csv,,,,2026-10-03 20:00:00,ACTIVE,BULL,02.10 04:00,True,True,True,True,4h,ACTIVE,BULL,02.10 04:00,,,
2026-10-03 21:18:38,btc_signals_log(03.10)_v4.csv,,,,2026-10-03 20:00:00,ACTIVE,BULL,02.10 04:00,True,True,True,True,4h,ACTIVE,BULL,02.10 04:00,,,
2026-10-03 21:48:49,btc_signals_log(03.10)_v4.csv,,,,2026-10-03 20:00:00,ACTIVE,BULL,02.10 04:00,True,True,True,True,4h,ACTIVE,BULL,02.10 04:00,,,
2026-10-03 22:18:59,btc_signals_log(03.10)_v4.csv,,,,2026-10-03 20:00:00,ACTIVE,BULL,02.10 04:00,True,True,True,True,4h,ACTIVE,BULL,02.10 04:00,,,
2026-10-03 22:49:08,btc_signals_log(03.10)_v4.csv,,,,2026-10-03 20:00:00,ACTIVE,BULL,02.10 04:00,True,True,True,True,4h,ACTIVE,BULL,02.10 04:00,,,
2026-10-03 23:19:19,btc_signals_log(03.10)_v4.csv,,,,2026-10-03 20:00:00,ACTIVE,BULL,02.10 04:00,True,True,True,True,4h,ACTIVE,BULL,02.10 04:00,,,
2026-10-03 23:49:28,btc_signals_log(03.10)_v4.csv,,,,2026-10-03 20:00:00,ACTIVE,BULL,02.10 04:00,True,True,True,True,4h,ACTIVE,BULL,02.10 04:00,,,
2026-10-04 00:19:56,btc_signals_log(04.10)_v4.csv,,,,2026-10-04 00:00:00,ACTIVE,BULL,02.10 04:00,True,True,True,True,4h,ACTIVE,BULL,02.10 04:00,,,
2026-10-04 00:50:08,btc_signals_log(04.10)_v4.csv,,,,2026-10-04 00:00:00,ACTIVE,BULL,02.10 04:00,True,True,True,True,4h,ACTIVE,BULL,02.10 04:00,,,
2026-10-04 01:20:20,btc_signals_log(04.10)_v4.csv,,,,2026-10-04 00:00:00,ACTIVE,BULL,02.10 04:00,True,True,True,True,4h,ACTIVE,BULL,02.10 04:00,,,
2026-10-04 01:51:06,btc_signals_log(04.10)_v4.csv,,,,2026-10-04 00:00:00,ACTIVE,BULL,02.10 04:00,True,True,True,True,4h,ACTIVE,BULL,02.10 04:00,,,
2026-10-04 02:21:17,btc_signals_log(04.10)_v4.csv,,,,2026-10-04 00:00:00,ACTIVE,BULL,02.10 04:00,True,True,True,True,4h,ACTIVE,BULL,02.10 04:00,,,
2026-10-04 02:51:26,btc_signals_log(04.10)_v4.csv,,,,2026-10-04 00:00:00,ACTIVE,BULL,02.10 04:00,True,True,True,True,4h,ACTIVE,BULL,02.10 04:00,,,
2026-10-04 03:21:36,btc_signals_log(04.10)_v4.csv,,,,2026-10-04 00:00:00,ACTIVE,BULL,02.10 04:00,True,True,True,True,4h,ACTIVE,BULL,02.10 04:00,,,
2026-10-04 03:51:45,btc_signals_log(04.10)_v4.csv,,,,2026-10-04 00:00:00,ACTIVE,BULL,02.10 04:00,True,True,True,True,4h,ACTIVE,BULL,02.10 04:00,,,
2026-10-04 04:22:06,btc_signals_log(04.10)_v4.csv,,,,2026-10-04 04:00:00,ACTIVE,BULL,02.10 04:00,True,True,True,True,4h,ACTIVE,BULL,02.10 04:00,,,
2026-10-04 04:52:16,btc_signals_log(04.10)_v4.csv,,,,2026-10-04 04:00:00,ACTIVE,BULL,02.10 04:00,True,True,True,True,4h,ACTIVE,BULL,02.10 04:00,,,
2026-10-04 05:22:25,btc_signals_log(04.10)_v4.csv,,,,2026-10-04 04:00:00,ACTIVE,BULL,02.10 04:00,True,True,True,True,4h,ACTIVE,BULL,02.10 04:00,,,
2026-10-04 05:52:35,btc_signals_log(04.10)_v4.csv,,,,2026-10-04 04:00:00,ACTIVE,BULL,02.10 04:00,True,True,True,True,4h,ACTIVE,BULL,02.10 04:00,,,
2026-10-04 06:22:45,btc_signals_log(04.10)_v4.csv,,,,2026-10-04 04:00:00,ACTIVE,BULL,02.10 04:00,True,True,True,True,4h,ACTIVE,BULL,02.10 04:00,,,
2026-10-04 06:52:54,btc_signals_log(04.10)_v4.csv,,,,2026-10-04 04:00:00,ACTIVE,BULL,02.10 04:00,True,True,True,True,4h,ACTIVE,BULL,02.10 04:00,,,
2026-10-04 07:23:26,btc_signals_log(04.10)_v4.csv,,,,2026-10-04 04:00:00,ACTIVE,BULL,02.10 04:00,True,True,True,True,4h,ACTIVE,BULL,02.10 04:00,,,
2026-10-04 07:53:36,btc_signals_log(04.10)_v4.csv,,,,2026-10-04 04:00:00,ACTIVE,BULL,02.10 04:00,True,True,True,True,4h,ACTIVE,BULL,02.10 04:00,,,
2026-10-04 08:23:46,btc_signals_log(04.10)_v4.csv,,,,2026-10-04 08:00:00,ACTIVE,BULL,02.10 04:00,True,True,True,True,4h,ACTIVE,BULL,02.10 04:00,,,
2026-10-04 08:53:56,btc_signals_log(04.10)_v4.csv,,,,2026-10-04 08:00:00,ACTIVE,BULL,02.10 04:00,True,True,True,True,4h,ACTIVE,BULL,02.10 04:00,,,
2026-10-04 09:24:15,btc_signals_log(04.10)_v4.csv,,,,2026-10-04 08:00:00,ACTIVE,BULL,02.10 04:00,True,True,True,True,4h,ACTIVE,BULL,02.10 04:00,,,
2026-10-04 10:24:36,btc_signals_log(04.10)_v4.csv,,,,2026-10-04 08:00:00,ACTIVE,BULL,02.10 04:00,True,True,True,True,4h,ACTIVE,BULL,02.10 04:00,,,
2026-10-04 11:55:27,btc_signals_log(04.10)_v4.csv,,,,2026-10-04 08:00:00,ACTIVE,BULL,02.10 04:00,True,True,True,True,4h,ACTIVE,BULL,02.10 04:00,,,
2026-10-04 12:25:38,btc_signals_log(04.10)_v4.csv,,,,2026-10-04 12:00:00,ACTIVE,BULL,02.10 04:00,True,True,True,True,4h,ACTIVE,BULL,02.10 04:00,,,
2026-10-04 12:55:52,btc_signals_log(04.10)_v4.csv,,,,2026-10-04 12:00:00,ACTIVE,BULL,02.10 04:00,True,True,True,True,4h,ACTIVE,BULL,02.10 04:00,,,
2026-10-04 13:26:02,btc_signals_log(04.10)_v4.csv,,,,2026-10-04 12:00:00,ACTIVE,BULL,02.10 04:00,True,True,True,True,4h,ACTIVE,BULL,02.10 04:00,,,
2026-10-04 13:56:12,btc_signals_log(04.10)_v4.csv,,,,2026-10-04 12:00:00,ACTIVE,BULL,02.10 04:00,True,True,True,True,4h,ACTIVE,BULL,02.10 04:00,,,
2026-10-04 14:26:48,btc_signals_log(04.10)_v4.csv,,,,2026-10-04 12:00:00,ACTIVE,BULL,02.10 04:00,True,True,True,True,4h,ACTIVE,BULL,02.10 04:00,,,
2026-10-04 14:57:00,btc_signals_log(04.10)_v4.csv,,,,2026-10-04 12:00:00,ACTIVE,BULL,02.10 04:00,True,True,True,True,4h,ACTIVE,BULL,02.10 04:00,,,
2026-10-04 15:27:11,btc_signals_log(04.10)_v4.csv,,,,2026-10-04 12:00:00,ACTIVE,BULL,02.10 04:00,True,True,True,True,4h,ACTIVE,BULL,02.10 04:00,,,
2026-10-04 15:57:21,btc_signals_log(04.10)_v4.csv,,,,2026-10-04 12:00:00,ACTIVE,BULL,02.10 04:00,True,True,True,True,4h,ACTIVE,BULL,02.10 04:00,,,
2026-10-04 16:27:35,btc_signals_log(04.10)_v4.csv,,,,2026-10-04 16:00:00,ACTIVE,BULL,02.10 04:00,True,True,True,True,4h,ACTIVE,BULL,02.10 04:00,,,
2026-10-04 16:57:48,btc_signals_log(04.10)_v4.csv,,,,2026-10-04 16:00:00,ACTIVE,BULL,02.10 04:00,True,True,True,True,4h,ACTIVE,BULL,02.10 04:00,,,
2026-10-04 17:28:01,btc_signals_log(04.10)_v4.csv,,,,2026-10-04 16:00:00,ACTIVE,BULL,02.10 04:00,True,True,True,True,4h,ACTIVE,BULL,02.10 04:00,,,
2026-10-04 18:28:28,btc_signals_log(04.10)_v4.csv,,,,2026-10-04 16:00:00,ACTIVE,BULL,02.10 04:00,True,True,True,True,4h,ACTIVE,BULL,02.10 04:00,,,
2026-10-04 18:58:38,btc_signals_log(04.10)_v4.csv,,,,2026-10-04 16:00:00,ACTIVE,BULL,02.10 04:00,True,True,True,True,4h,ACTIVE,BULL,02.10 04:00,,,
2026-10-04 19:28:47,btc_signals_log(04.10)_v4.csv,,,,2026-10-04 16:00:00,ACTIVE,BULL,02.10 04:00,True,True,True,True,4h,ACTIVE,BULL,02.10 04:00,,,
2026-10-04 19:58:59,btc_signals_log(04.10)_v4.csv,,,,2026-10-04 16:00:00,ACTIVE,BULL,02.10 04:00,True,True,True,True,4h,ACTIVE,BULL,02.10 04:00,,,
2026-10-04 20:29:09,btc_signals_log(04.10)_v4.csv,,,,2026-10-04 20:00:00,ACTIVE,BULL,02.10 04:00,True,True,True,True,4h,ACTIVE,BULL,02.10 04:00,,,
2026-10-04 20:59:19,btc_signals_log(04.10)_v4.csv,,,,2026-10-04 20:00:00,ACTIVE,BULL,02.10 04:00,True,True,True,True,4h,ACTIVE,BULL,02.10 04:00,,,
2026-10-04 21:29:28,btc_signals_log(04.10)_v4.csv,,,,2026-10-04 20:00:00,ACTIVE,BULL,02.10 04:00,True,True,True,True,4h,ACTIVE,BULL,02.10 04:00,,,
2026-10-04 21:59:39,btc_signals_log(04.10)_v4.csv,,,,2026-10-04 20:00:00,ACTIVE,BULL,02.10 04:00,True,True,True,True,4h,ACTIVE,BULL,02.10 04:00,,,
2026-10-04 22:29:48,btc_signals_log(04.10)_v4.csv,,,,2026-10-04 20:00:00,ACTIVE,BULL,02.10 04:00,True,True,True,True,4h,ACTIVE,BULL,02.10 04:00,,,
2026-10-04 22:59:58,btc_signals_log(04.10)_v4.csv,,,,2026-10-04 20:00:00,ACTIVE,BULL,02.10 04:00,True,True,True,True,4h,ACTIVE,BULL,02.10 04:00,,,
2026-10-04 23:30:09,btc_signals_log(04.10)_v4.csv,,,,2026-10-04 20:00:00,ACTIVE,BULL,02.10 04:00,True,True,True,True,4h,ACTIVE,BULL,02.10 04:00,,,
2026-10-05 00:00:20,btc_signals_log(05.10)_v4.csv,,,,2026-10-05 00:00:00,ACTIVE,BULL,02.10 04:00,True,True,True,True,4h,ACTIVE,BULL,02.10 04:00,,,
2026-10-05 00:30:30,btc_signals_log(05.10)_v4.csv,,,,2026-10-05 00:00:00,ACTIVE,BULL,02.10 04:00,True,True,True,True,4h,ACTIVE,BULL,02.10 04:00,,,
2026-10-05 01:01:04,btc_signals_log(05.10)_v4.csv,,,,2026-10-05 00:00:00,ACTIVE,BULL,02.10 04:00,True,True,True,True,4h,ACTIVE,BULL,02.10 04:00,,,
2026-10-05 01:31:13,btc_signals_log(05.10)_v4.csv,,,,2026-10-05 00:00:00,ACTIVE,BULL,02.10 04:00,True,True,True,True,4h,ACTIVE,BULL,02.10 04:00,,,
2026-10-05 02:31:55,btc_signals_log(05.10)_v4.csv,,,,2026-10-05 00:00:00,ACTIVE,BULL,02.10 04:00,True,True,True,True,4h,ACTIVE,BULL,02.10 04:00,,,
2026-10-05 03:02:05,btc_signals_log(05.10)_v4.csv,,,,2026-10-05 00:00:00,ACTIVE,BULL,02.10 04:00,True,True,True,True,4h,ACTIVE,BULL,02.10 04:00,,,
2026-10-05 03:32:15,btc_signals_log(05.10)_v4.csv,,,,2026-10-05 00:00:00,ACTIVE,BULL,02.10 04:00,True,True,True,True,4h,ACTIVE,BULL,02.10 04:00,,,
2026-10-05 04:02:25,btc_signals_log(05.10)_v4.csv,,,,2026-10-05 04:00:00,ACTIVE,BULL,02.10 04:00,True,True,True,True,4h,ACTIVE,BULL,02.10 04:00,,,
2026-10-05 04:32:36,btc_signals_log(05.10)_v4.csv,,,,2026-10-05 04:00:00,ACTIVE,BULL,02.10 04:00,True,True,True,True,4h,ACTIVE,BULL,02.10 04:00,,,
2026-10-05 05:02:46,btc_signals_log(05.10)_v4.csv,,,,2026-10-05 04:00:00,ACTIVE,BULL,02.10 04:00,True,True,True,True,4h,ACTIVE,BULL,02.10 04:00,,,
2026-10-05 05:32:56,btc_signals_log(05.10)_v4.csv,,,,2026-10-05 04:00:00,ACTIVE,BULL,02.10 04:00,True,True,True,True,4h,ACTIVE,BULL,02.10 04:00,,,
2026-10-05 06:33:38,btc_signals_log(05.10)_v4.csv,,,,2026-10-05 04:00:00,ACTIVE,BULL,02.10 04:00,True,True,True,True,4h,ACTIVE,BULL,02.10 04:00,,,
2026-10-05 07:03:49,btc_signals_log(05.10)_v4.csv,,,,2026-10-05 04:00:00,ACTIVE,BULL,02.10 04:00,True,True,True,True,4h,ACTIVE,BULL,02.10 04:00,,,
2026-10-05 07:34:02,btc_signals_log(05.10)_v4.csv,,,,2026-10-05 04:00:00,ACTIVE,BULL,02.10 04:00,True,True,True,True,4h,ACTIVE,BULL,02.10 04:00,,,
2026-10-05 08:04:13,btc_signals_log(05.10)_v4.csv,,,,2026-10-05 08:00:00,ACTIVE,BULL,02.10 04:00,True,True,True,True,4h,ACTIVE,BULL,02.10 04:00,,,
2026-10-05 08:34:24,btc_signals_log(05.10)_v4.csv,,,,2026-10-05 08:00:00,ACTIVE,BULL,02.10 04:00,True,True,True,True,4h,ACTIVE,BULL,02.10 04:00,,,
2026-10-05 09:04:37,btc_signals_log(05.10)_v4.csv,,,,2026-10-05 08:00:00,ACTIVE,BULL,02.10 04:00,True,True,True,True,4h,ACTIVE,BULL,02.10 04:00,,,
2026-10-05 09:34:47,btc_signals_log(05.10)_v4.csv,,,,2026-10-05 08:00:00,ACTIVE,BULL,02.10 04:00,True,True,True,True,4h,ACTIVE,BULL,02.10 04:00,,,
2026-10-05 10:04:58,btc_signals_log(05.10)_v4.csv,,,,2026-10-05 08:00:00,ACTIVE,BULL,02.10 04:00,True,True,True,True,4h,ACTIVE,BULL,02.10 04:00,,,
2026-10-05 10:35:10,btc_signals_log(05.10)_v4.csv,,,,2026-10-05 08:00:00,ACTIVE,BULL,02.10 04:00,True,True,True,True,4h,ACTIVE,BULL,02.10 04:00,,,
2026-10-05 11:05:21,btc_signals_log(05.10)_v4.csv,,,,2026-10-05 08:00:00,ACTIVE,BULL,02.10 04:00,True,True,True,True,4h,ACTIVE,BULL,02.10 04:00,,,
2026-10-05 12:06:03,btc_signals_log(05.10)_v4.csv,,,,2026-10-05 12:00:00,ACTIVE,BULL,02.10 04:00,True,True,True,True,4h,ACTIVE,BULL,02.10 04:00,,,
2026-10-05 13:06:30,btc_signals_log(05.10)_v4.csv,,,,2026-10-05 12:00:00,ACTIVE,BULL,02.10 04:00,True,True,True,True,4h,ACTIVE,BULL,02.10 04:00,,,
2026-10-05 13:36:42,btc_signals_log(05.10)_v4.csv,,,,2026-10-05 12:00:00,ACTIVE,BULL,02.10 04:00,True,True,True,True,4h,ACTIVE,BULL,02.10 04:00,,,
2026-10-05 14:06:52,btc_signals_log(05.10)_v4.csv,,,,2026-10-05 12:00:00,ACTIVE,BULL,02.10 04:00,True,True,True,True,4h,ACTIVE,BULL,02.10 04:00,,,
2026-10-05 14:37:06,btc_signals_log(05.10)_v4.csv,,,,2026-10-05 12:00:00,ACTIVE,BULL,02.10 04:00,True,True,True,True,4h,ACTIVE,BULL,02.10 04:00,,,
2026-10-05 15:07:18,btc_signals_log(05.10)_v4.csv,,,,2026-10-05 12:00:00,ACTIVE,BULL,02.10 04:00,True,True,True,True,4h,ACTIVE,BULL,02.10 04:00,,,
2026-10-05 15:37:28,btc_signals_log(05.10)_v4.csv,,,,2026-10-05 12:00:00,ACTIVE,BULL,02.10 04:00,True,True,True,True,4h,ACTIVE,BULL,02.10 04:00,,,
2026-10-05 16:07:43,btc_signals_log(05.10)_v4.csv,,,,2026-10-05 16:00:00,ACTIVE,BULL,02.10 04:00,True,True,True,True,4h,ACTIVE,BULL,02.10 04:00,,,
2026-10-05 16:37:52,btc_signals_log(05.10)_v4.csv,,,,2026-10-05 16:00:00,ACTIVE,BULL,02.10 04:00,True,True,True,True,4h,ACTIVE,BULL,02.10 04:00,,,
2026-10-05 17:08:03,btc_signals_log(05.10)_v4.csv,,,,2026-10-05 16:00:00,ACTIVE,BULL,02.10 04:00,True,True,True,True,4h,ACTIVE,BULL,02.10 04:00,,,
2026-10-05 17:38:14,btc_signals_log(05.10)_v4.csv,,,,2026-10-05 16:00:00,ACTIVE,BULL,02.10 04:00,True,True,True,True,4h,ACTIVE,BULL,02.10 04:00,,,
2026-10-05 18:08:26,btc_signals_log(05.10)_v4.csv,,,,2026-10-05 16:00:00,ACTIVE,BULL,02.10 04:00,True,True,True,True,4h,ACTIVE,BULL,02.10 04:00,,,
2026-10-05 18:38:37,btc_signals_log(05.10)_v4.csv,,,,2026-10-05 16:00:00,ACTIVE,BULL,02.10 04:00,True,True,True,True,4h,ACTIVE,BULL,02.10 04:00,,,
2026-10-05 19:08:48,btc_signals_log(05.10)_v4.csv,,,,2026-10-05 16:00:00,ACTIVE,BULL,02.10 04:00,True,True,True,True,4h,ACTIVE,BULL,02.10 04:00,,,
2026-10-05 19:39:00,btc_signals_log(05.10)_v4.csv,,,,2026-10-05 16:00:00,ACTIVE,BULL,02.10 04:00,True,True,True,True,4h,ACTIVE,BULL,02.10 04:00,,,
2026-10-05 20:39:29,btc_signals_log(05.10)_v4.csv,,,,2026-10-05 20:00:00,ACTIVE,BULL,02.10 04:00,True,True,True,True,4h,ACTIVE,BULL,02.10 04:00,,,
2026-10-05 21:09:40,btc_signals_log(05.10)_v4.csv,,,,2026-10-05 20:00:00,ACTIVE,BULL,02.10 04:00,True,True,True,True,4h,ACTIVE,BULL,02.10 04:00,,,
2026-10-05 21:39:51,btc_signals_log(05.10)_v4.csv,,,,2026-10-05 20:00:00,ACTIVE,BULL,02.10 04:00,True,True,True,True,4h,ACTIVE,BULL,02.10 04:00,,,
2026-10-05 22:10:26,btc_signals_log(05.10)_v4.csv,,,,2026-10-05 20:00:00,ACTIVE,BULL,02.10 04:00,True,True,True,True,4h,ACTIVE,BULL,02.10 04:00,,,
2026-10-05 22:41:09,btc_signals_log(05.10)_v4.csv,,,,2026-10-05 20:00:00,ACTIVE,BULL,02.10 04:00,True,True,True,True,4h,ACTIVE,BULL,02.10 04:00,,,
2026-10-05 23:11:23,btc_signals_log(05.10)_v4.csv,,,,2026-10-05 20:00:00,ACTIVE,BULL,02.10 04:00,True,True,True,True,4h,ACTIVE,BULL,02.10 04:00,,,
2026-10-05 23:41:34,btc_signals_log(05.10)_v4.csv,,,,2026-10-05 20:00:00,ACTIVE,BULL,02.10 04:00,True,True,True,True,4h,ACTIVE,BULL,02.10 04:00,,,
2026-10-06 00:12:08,btc_signals_log(06.10)_v4.csv,,,,2026-10-06 00:00:00,ACTIVE,BULL,02.10 04:00,True,True,True,True,4h,ACTIVE,BULL,02.10 04:00,,,
2026-10-06 00:42:19,btc_signals_log(06.10)_v4.csv,,,,2026-10-06 00:00:00,ACTIVE,BULL,02.10 04:00,True,True,True,True,4h,ACTIVE,BULL,02.10 04:00,,,
2026-10-06 01:12:29,btc_signals_log(06.10)_v4.csv,,,,2026-10-06 00:00:00,ACTIVE,BULL,02.10 04:00,True,True,True,True,4h,ACTIVE,BULL,02.10 04:00,,,
2026-10-06 01:42:39,btc_signals_log(06.10)_v4.csv,,,,2026-10-06 00:00:00,ACTIVE,BULL,02.10 04:00,True,True,True,True,4h,ACTIVE,BULL,02.10 04:00,,,
2026-10-06 02:12:49,btc_signals_log(06.10)_v4.csv,,,,2026-10-06 00:00:00,ACTIVE,BULL,02.10 04:00,True,True,True,True,4h,ACTIVE,BULL,02.10 04:00,,,
2026-10-06 02:42:59,btc_signals_log(06.10)_v4.csv,,,,2026-10-06 00:00:00,ACTIVE,BULL,02.10 04:00,True,True,True,True,4h,ACTIVE,BULL,02.10 04:00,,,
2026-10-06 03:13:09,btc_signals_log(06.10)_v4.csv,,,,2026-10-06 00:00:00,ACTIVE,BULL,02.10 04:00,True,True,True,True,4h,ACTIVE,BULL,02.10 04:00,,,
2026-10-06 03:43:19,btc_signals_log(06.10)_v4.csv,,,,2026-10-06 00:00:00,ACTIVE,BULL,02.10 04:00,True,True,True,True,4h,ACTIVE,BULL,02.10 04:00,,,
2026-10-06 04:13:29,btc_signals_log(06.10)_v4.csv,,,,2026-10-06 04:00:00,ACTIVE,BULL,02.10 04:00,True,True,True,True,4h,ACTIVE,BULL,02.10 04:00,,,
2026-10-06 04:43:38,btc_signals_log(06.10)_v4.csv,,,,2026-10-06 04:00:00,ACTIVE,BULL,02.10 04:00,True,True,True,True,4h,ACTIVE,BULL,02.10 04:00,,,
2026-10-06 05:13:48,btc_signals_log(06.10)_v4.csv,,,,2026-10-06 04:00:00,ACTIVE,BULL,02.10 04:00,True,True,True,True,4h,ACTIVE,BULL,02.10 04:00,,,
2026-10-06 05:43:57,btc_signals_log(06.10)_v4.csv,,,,2026-10-06 04:00:00,ACTIVE,BULL,02.10 04:00,True,True,True,True,4h,ACTIVE,BULL,02.10 04:00,,,
2026-10-06 06:44:43,btc_signals_log(06.10)_v4.csv,,,,2026-10-06 04:00:00,ACTIVE,BULL,02.10 04:00,True,True,True,True,4h,ACTIVE,BULL,02.10 04:00,,,
2026-10-06 07:15:00,btc_signals_log(06.10)_v4.csv,,,,2026-10-06 04:00:00,ACTIVE,BULL,02.10 04:00,True,True,True,True,4h,ACTIVE,BULL,02.10 04:00,,,
2026-10-06 07:45:13,btc_signals_log(06.10)_v4.csv,,,,2026-10-06 04:00:00,ACTIVE,BULL,02.10 04:00,True,True,True,True,4h,ACTIVE,BULL,02.10 04:00,,,
2026-10-06 08:15:24,btc_signals_log(06.10)_v4.csv,,,,2026-10-06 08:00:00,ACTIVE,BULL,02.10 04:00,True,True,True,True,4h,ACTIVE,BULL,02.10 04:00,,,
2026-10-06 08:45:35,btc_signals_log(06.10)_v4.csv,,,,2026-10-06 08:00:00,ACTIVE,BULL,02.10 04:00,True,True,True,True,4h,ACTIVE,BULL,02.10 04:00,,,
2026-10-06 09:15:47,btc_signals_log(06.10)_v4.csv,,,,2026-10-06 08:00:00,ACTIVE,BULL,02.10 04:00,True,True,True,True,4h,ACTIVE,BULL,02.10 04:00,,,
2026-10-06 09:45:59,btc_signals_log(06.10)_v4.csv,,,,2026-10-06 08:00:00,ACTIVE,BULL,02.10 04:00,True,True,True,True,4h,ACTIVE,BULL,02.10 04:00,,,
2026-10-06 10:16:13,btc_signals_log(06.10)_v4.csv,,,,2026-10-06 08:00:00,ACTIVE,BULL,02.10 04:00,True,True,True,True,4h,ACTIVE,BULL,02.10 04:00,,,
2026-10-06 10:46:45,btc_signals_log(06.10)_v4.csv,,,,2026-10-06 08:00:00,ACTIVE,BULL,02.10 04:00,True,True,True,True,4h,ACTIVE,BULL,02.10 04:00,,,
2026-10-06 11:16:57,btc_signals_log(06.10)_v4.csv,,,,2026-10-06 08:00:00,ACTIVE,BULL,02.10 04:00,True,True,True,True,4h,ACTIVE,BULL,02.10 04:00,,,
2026-10-06 11:47:07,btc_signals_log(06.10)_v4.csv,,,,2026-10-06 08:00:00,ACTIVE,BULL,02.10 04:00,True,True,True,True,4h,ACTIVE,BULL,02.10 04:00,,,
2026-10-06 12:17:20,btc_signals_log(06.10)_v4.csv,,,,2026-10-06 12:00:00,ACTIVE,BULL,02.10 04:00,True,True,True,True,4h,ACTIVE,BULL,02.10 04:00,,,
2026-10-06 12:47:31,btc_signals_log(06.10)_v4.csv,,,,2026-10-06 12:00:00,ACTIVE,BULL,02.10 04:00,True,True,True,True,4h,ACTIVE,BULL,02.10 04:00,,,
2026-10-06 13:17:50,btc_signals_log(06.10)_v4.csv,,,,2026-10-06 12:00:00,ACTIVE,BULL,02.10 04:00,True,True,True,True,4h,ACTIVE,BULL,02.10 04:00,,,
2026-10-06 13:48:02,btc_signals_log(06.10)_v4.csv,,,,2026-10-06 12:00:00,ACTIVE,BULL,02.10 04:00,True,True,True,True,4h,ACTIVE,BULL,02.10 04:00,,,
2026-10-06 14:18:15,btc_signals_log(06.10)_v4.csv,,,,2026-10-06 12:00:00,ACTIVE,BULL,02.10 04:00,True,True,True,True,4h,ACTIVE,BULL,02.10 04:00,,,
2026-10-06 14:48:26,btc_signals_log(06.10)_v4.csv,,,,2026-10-06 12:00:00,ACTIVE,BULL,02.10 04:00,True,True,True,True,4h,ACTIVE,BULL,02.10 04:00,,,
2026-10-06 15:18:41,btc_signals_log(06.10)_v4.csv,,,,2026-10-06 12:00:00,ACTIVE,BULL,02.10 04:00,True,True,True,True,4h,ACTIVE,BULL,02.10 04:00,,,
2026-10-06 15:49:15,btc_signals_log(06.10)_v4.csv,,,,2026-10-06 12:00:00,ACTIVE,BULL,02.10 04:00,True,True,True,True,4h,ACTIVE,BULL,02.10 04:00,,,
2026-10-06 16:49:45,btc_signals_log(06.10)_v4.csv,,,,2026-10-06 16:00:00,ACTIVE,BULL,02.10 04:00,True,True,True,True,4h,ACTIVE,BULL,02.10 04:00,,,
2026-10-06 17:50:33,btc_signals_log(06.10)_v4.csv,,,,2026-10-06 16:00:00,ACTIVE,BULL,02.10 04:00,True,True,True,True,4h,ACTIVE,BULL,02.10 04:00,,,
2026-10-06 18:21:14,btc_signals_log(06.10)_v4.csv,,,,2026-10-06 16:00:00,ACTIVE,BULL,02.10 04:00,False,False,False,False,4h,NONE,,,,,
2026-10-06 18:51:26,btc_signals_log(06.10)_v4.csv,,,,2026-10-06 16:00:00,ACTIVE,BULL,02.10 04:00,True,True,True,True,4h,ACTIVE,BULL,02.10 04:00,,,
2026-10-06 19:21:41,btc_signals_log(06.10)_v4.csv,,,,2026-10-06 16:00:00,ACTIVE,BULL,02.10 04:00,True,True,True,True,4h,ACTIVE,BULL,02.10 04:00,,,
2026-10-06 19:51:52,btc_signals_log(06.10)_v4.csv,,,,2026-10-06 16:00:00,ACTIVE,BULL,02.10 04:00,True,True,True,True,4h,ACTIVE,BULL,02.10 04:00,,,
2026-10-06 20:22:15,btc_signals_log(06.10)_v4.csv,,,,2026-10-06 20:00:00,ACTIVE,BULL,02.10 04:00,True,True,True,True,4h,ACTIVE,BULL,02.10 04:00,,,
2026-10-06 20:53:10,btc_signals_log(06.10)_v4.csv,,,,2026-10-06 20:00:00,ACTIVE,BULL,02.10 04:00,True,True,True,True,4h,ACTIVE,BULL,02.10 04:00,,,
2026-10-06 21:23:25,btc_signals_log(06.10)_v4.csv,,,,2026-10-06 20:00:00,ACTIVE,BULL,02.10 04:00,True,True,True,True,4h,ACTIVE,BULL,02.10 04:00,,,
2026-10-06 21:53:36,btc_signals_log(06.10)_v4.csv,,,,2026-10-06 20:00:00,ACTIVE,BULL,02.10 04:00,True,True,True,True,4h,ACTIVE,BULL,02.10 04:00,,,
2026-10-06 22:23:57,btc_signals_log(06.10)_v4.csv,,,,2026-10-06 20:00:00,ACTIVE,BULL,02.10 04:00,True,True,True,True,4h,ACTIVE,BULL,02.10 04:00,,,
2026-10-06 22:54:09,btc_signals_log(06.10)_v4.csv,,,,2026-10-06 20:00:00,ACTIVE,BULL,02.10 04:00,True,True,True,True,4h,ACTIVE,BULL,02.10 04:00,,,
2026-10-06 23:24:16,btc_signals_log(06.10)_v4.csv,,,,2026-10-06 20:00:00,ACTIVE,BULL,02.10 04:00,True,True,True,True,4h,ACTIVE,BULL,02.10 04:00,,,
2026-10-06 23:54:24,btc_signals_log(06.10)_v4.csv,,,,2026-10-06 20:00:00,ACTIVE,BULL,02.10 04:00,True,True,True,True,4h,ACTIVE,BULL,02.10 04:00,,,
2026-10-07 00:24:52,btc_signals_log(07.10)_v4.csv,,,,2026-10-07 00:00:00,ACTIVE,BULL,02.10 04:00,True,True,True,True,4h,ACTIVE,BULL,02.10 04:00,,,
2026-10-07 00:55:03,btc_signals_log(07.10)_v4.csv,,,,2026-10-07 00:00:00,ACTIVE,BULL,02.10 04:00,True,True,True,True,4h,ACTIVE,BULL,02.10 04:00,,,
2026-10-07 01:25:10,btc_signals_log(07.10)_v4.csv,,,,2026-10-07 00:00:00,ACTIVE,BULL,02.10 04:00,True,True,True,True,4h,ACTIVE,BULL,02.10 04:00,,,
2026-10-07 02:25:27,btc_signals_log(07.10)_v4.csv,,,,2026-10-07 00:00:00,ACTIVE,BULL,02.10 04:00,True,True,True,True,4h,ACTIVE,BULL,02.10 04:00,,,
2026-10-07 02:55:34,btc_signals_log(07.10)_v4.csv,,,,2026-10-07 00:00:00,ACTIVE,BULL,02.10 04:00,True,True,True,True,4h,ACTIVE,BULL,02.10 04:00,,,
2026-10-07 03:25:41,btc_signals_log(07.10)_v4.csv,,,,2026-10-07 00:00:00,ACTIVE,BULL,02.10 04:00,True,True,True,True,4h,ACTIVE,BULL,02.10 04:00,,,
2026-10-07 03:55:49,btc_signals_log(07.10)_v4.csv,,,,2026-10-07 00:00:00,ACTIVE,BULL,02.10 04:00,True,True,True,True,4h,ACTIVE,BULL,02.10 04:00,,,
2026-10-07 04:25:56,btc_signals_log(07.10)_v4.csv,,,,2026-10-07 04:00:00,ENDED,BULL,02.10 04:00,True,True,True,True,4h,ENDED,BULL,02.10 04:00,,,
2026-10-07 04:56:03,btc_signals_log(07.10)_v4.csv,,,,2026-10-07 04:00:00,ENDED,BULL,02.10 04:00,True,True,True,True,4h,ENDED,BULL,02.10 04:00,,,
2026-10-07 05:26:10,btc_signals_log(07.10)_v4.csv,,,,2026-10-07 04:00:00,ENDED,BULL,02.10 04:00,True,True,True,True,4h,ENDED,BULL,02.10 04:00,,,
2026-10-07 05:56:16,btc_signals_log(07.10)_v4.csv,,,,2026-10-07 04:00:00,ENDED,BULL,02.10 04:00,True,True,True,True,4h,ENDED,BULL,02.10 04:00,,,
2026-10-07 06:26:23,btc_signals_log(07.10)_v4.csv,,,,2026-10-07 04:00:00,ENDED,BULL,02.10 04:00,True,True,True,True,4h,ENDED,BULL,02.10 04:00,,,
2026-10-07 06:56:31,btc_signals_log(07.10)_v4.csv,,,,2026-10-07 04:00:00,ENDED,BULL,02.10 04:00,True,True,True,True,4h,ENDED,BULL,02.10 04:00,,,
2026-10-07 07:56:54,btc_signals_log(07.10)_v4.csv,,,,2026-10-07 04:00:00,ENDED,BULL,02.10 04:00,True,True,True,True,4h,ENDED,BULL,02.10 04:00,,,
2026-10-07 08:27:03,btc_signals_log(07.10)_v4.csv,,,,2026-10-07 08:00:00,ENDED,BULL,02.10 04:00,True,True,True,True,4h,ENDED,BULL,02.10 04:00,,,
2026-10-07 08:57:10,btc_signals_log(07.10)_v4.csv,,,,2026-10-07 08:00:00,ENDED,BULL,02.10 04:00,True,True,True,True,4h,ENDED,BULL,02.10 04:00,,,
2026-10-07 09:27:31,btc_signals_log(07.10)_v4.csv,,,,2026-10-07 08:00:00,ENDED,BULL,02.10 04:00,True,True,True,True,4h,ENDED,BULL,02.10 04:00,,,
2026-08-21 19:34:23,btc_signals_log(21.08)_v4.csv,,,,2026-08-21 19:00:00,ACTIVE,BULL,18.08 14:00,True,True,True,True,1h,,,,ACTIVE,BULL,18.08 14:00
2026-08-21 20:04:26,btc_signals_log(21.08)_v4.csv,,,,2026-08-21 20:00:00,ACTIVE,BULL,18.08 14:00,True,True,True,True,1h,,,,ACTIVE,BULL,18.08 14:00
2026-08-21 20:34:29,btc_signals_log(21.08)_v4.csv,,,,2026-08-21 20:00:00,ACTIVE,BULL,18.08 14:00,True,True,True,True,1h,,,,ACTIVE,BULL,18.08 14:00
2026-08-21 21:04:32,btc_signals_log(21.08)_v4.csv,,,,2026-08-21 21:00:00,ACTIVE,BULL,18.08 14:00,True,True,True,True,1h,,,,ACTIVE,BULL,18.08 14:00
2026-08-21 21:34:35,btc_signals_log(21.08)_v4.csv,,,,2026-08-21 21:00:00,ACTIVE,BULL,18.08 14:00,True,True,True,True,1h,,,,ACTIVE,BULL,18.08 14:00
2026-08-21 22:04:38,btc_signals_log(21.08)_v4.csv,,,,2026-08-21 22:00:00,ACTIVE,BULL,18.08 14:00,True,True,True,True,1h,,,,ACTIVE,BULL,18.08 14:00
2026-08-21 22:34:41,btc_signals_log(21.08)_v4.csv,,,,2026-08-21 22:00:00,ACTIVE,BULL,18.08 14:00,True,True,True,True,1h,,,,ACTIVE,BULL,18.08 14:00
2026-08-21 23:04:44,btc_signals_log(21.08)_v4.csv,,,,2026-08-21 23:00:00,ACTIVE,BULL,18.08 14:00,True,True,True,True,1h,,,,ACTIVE,BULL,18.08 14:00
2026-08-21 23:34:47,btc_signals_log(21.08)_v4.csv,,,,2026-08-21 23:00:00,ACTIVE,BULL,18.08 14:00,True,True,True,True,1h,,,,ACTIVE,BULL,18.08 14:00
2026-08-22 00:04:50,btc_signals_log(22.08)_v4.csv,,,,2026-08-22 00:00:00,ACTIVE,BULL,18.08 14:00,True,True,True,True,1h,,,,ACTIVE,BULL,18.08 14:00
2026-08-22 00:34:53,btc_signals_log(22.08)_v4.csv,,,,2026-08-22 00:00:00,ACTIVE,BULL,18.08 14:00,True,True,True,True,1h,,,,ACTIVE,BULL,18.08 14:00
2026-08-22 01:04:56,btc_signals_log(22.08)_v4.csv,,,,2026-08-22 01:00:00,ACTIVE,BULL,18.08 14:00,True,True,True,True,1h,,,,ACTIVE,BULL,18.08 14:00
2026-08-22 01:35:00,btc_signals_log(22.08)_v4.csv,,,,2026-08-22 01:00:00,ACTIVE,BULL,18.08 14:00,True,True,True,True,1h,,,,ACTIVE,BULL,18.08 14:00
2026-08-22 02:05:04,btc_signals_log(22.08)_v4.csv,,,,2026-08-22 02:00:00,ACTIVE,BULL,18.08 14:00,True,True,True,True,1h,,,,ACTIVE,BULL,18.08 14:00
2026-08-22 02:35:07,btc_signals_log(22.08)_v4.csv,,,,2026-08-22 02:00:00,ACTIVE,BULL,18.08 14:00,True,True,True,True,1h,,,,ACTIVE,BULL,18.08 14:00
2026-08-22 03:05:10,btc_signals_log(22.08)_v4.csv,,,,2026-08-22 03:00:00,ACTIVE,BULL,18.08 14:00,True,True,True,True,1h,,,,ACTIVE,BULL,18.08 14:00
2026-08-22 03:35:13,btc_signals_log(22.08)_v4.csv,,,,2026-08-22 03:00:00,ACTIVE,BULL,18.08 14:00,True,True,True,True,1h,,,,ACTIVE,BULL,18.08 14:00
2026-08-22 04:05:16,btc_signals_log(22.08)_v4.csv,,,,2026-08-22 04:00:00,ACTIVE,BULL,18.08 14:00,True,True,True,True,1h,,,,ACTIVE,BULL,18.08 14:00
2026-08-22 04:35:19,btc_signals_log(22.08)_v4.csv,,,,2026-08-22 04:00:00,ACTIVE,BULL,18.08 14:00,True,True,True,True,1h,,,,ACTIVE,BULL,18.08 14:00
2026-08-22 05:05:22,btc_signals_log(22.08)_v4.csv,,,,2026-08-22 05:00:00,ACTIVE,BULL,18.08 14:00,True,True,True,True,1h,,,,ACTIVE,BULL,18.08 14:00
2026-08-22 05:35:25,btc_signals_log(22.08)_v4.csv,,,,2026-08-22 05:00:00,ACTIVE,BULL,18.08 14:00,True,True,True,True,1h,,,,ACTIVE,BULL,18.08 14:00
2026-08-22 06:05:28,btc_signals_log(22.08)_v4.csv,,,,2026-08-22 06:00:00,ENDED,BULL,18.08 14:00,True,True,True,True,1h,,,,ENDED,BULL,18.08 14:00
2026-08-22 06:35:31,btc_signals_log(22.08)_v4.csv,,,,2026-08-22 06:00:00,ENDED,BULL,18.08 14:00,True,True,True,True,1h,,,,ENDED,BULL,18.08 14:00
2026-08-22 07:05:34,btc_signals_log(22.08)_v4.csv,,,,2026-08-22 07:00:00,ENDED,BULL,18.08 14:00,True,True,True,True,1h,,,,ENDED,BULL,18.08 14:00
2026-08-22 07:35:37,btc_signals_log(22.08)_v4.csv,,,,2026-08-22 07:00:00,ENDED,BULL,18.08 14:00,True,True,True,True,1h,,,,ENDED,BULL,18.08 14:00
2026-08-22 08:05:40,btc_signals_log(22.08)_v4.csv,,,,2026-08-22 08:00:00,ENDED,BULL,18.08 14:00,True,True,True,True,1h,,,,ENDED,BULL,18.08 14:00
2026-08-22 08:35:44,btc_signals_log(22.08)_v4.csv,,,,2026-08-22 08:00:00,ENDED,BULL,18.08 14:00,True,True,True,True,1h,,,,ENDED,BULL,18.08 14:00
2026-08-22 09:05:47,btc_signals_log(22.08)_v4.csv,,,,2026-08-22 09:00:00,ENDED,BULL,18.08 14:00,True,True,True,True,1h,,,,ENDED,BULL,18.08 14:00
2026-08-22 09:35:51,btc_signals_log(22.08)_v4.csv,,,,2026-08-22 09:00:00,ENDED,BULL,18.08 14:00,True,True,True,True,1h,,,,ENDED,BULL,18.08 14:00
2026-08-22 10:05:54,btc_signals_log(22.08)_v4.csv,,,,2026-08-22 10:00:00,ENDED,BULL,18.08 14:00,True,True,True,True,1h,,,,ENDED,BULL,18.08 14:00
2026-08-22 10:35:59,btc_signals_log(22.08)_v4.csv,,,,2026-08-22 10:00:00,ENDED,BULL,18.08 14:00,True,True,True,True,1h,,,,ENDED,BULL,18.08 14:00
2026-08-22 11:06:02,btc_signals_log(22.08)_v4.csv,,,,2026-08-22 11:00:00,ENDED,BULL,18.08 14:00,True,True,True,True,1h,,,,ENDED,BULL,18.08 14:00
2026-08-22 11:36:04,btc_signals_log(22.08)_v4.csv,,,,2026-08-22 11:00:00,ENDED,BULL,18.08 14:00,True,True,True,True,1h,,,,ENDED,BULL,18.08 14:00
2026-08-22 12:06:09,btc_signals_log(22.08)_v4.csv,,,,2026-08-22 12:00:00,ENDED,BULL,18.08 14:00,True,True,True,True,1h,,,,ENDED,BULL,18.08 14:00
2026-08-22 12:36:14,btc_signals_log(22.08)_v4.csv,,,,2026-08-22 12:00:00,ENDED,BULL,18.08 14:00,True,True,True,True,1h,,,,ENDED,BULL,18.08 14:00
2026-08-22 13:06:19,btc_signals_log(22.08)_v4.csv,,,,2026-08-22 13:00:00,ENDED,BULL,18.08 14:00,True,True,True,True,1h,,,,ENDED,BULL,18.08 14:00
2026-08-22 13:36:23,btc_signals_log(22.08)_v4.csv,,,,2026-08-22 13:00:00,ENDED,BULL,18.08 14:00,True,True,True,True,1h,,,,ENDED,BULL,18.08 14:00
2026-08-22 14:06:26,btc_signals_log(22.08)_v4.csv,,,,2026-08-22 14:00:00,ENDED,BULL,18.08 14:00,True,True,True,True,1h,,,,ENDED,BULL,18.08 14:00
2026-08-22 14:36:29,btc_signals_log(22.08)_v4.csv,,,,2026-08-22 14:00:00,ENDED,BULL,18.08 14:00,True,True,True,True,1h,,,,ENDED,BULL,18.08 14:00
2026-08-22 15:06:32,btc_signals_log(22.08)_v4.csv,,,,2026-08-22 15:00:00,ENDED,BULL,18.08 14:00,True,True,True,True,1h,,,,ENDED,BULL,18.08 14:00
2026-08-22 15:36:35,btc_signals_log(22.08)_v4.csv,,,,2026-08-22 15:00:00,ENDED,BULL,18.08 14:00,True,True,True,True,1h,,,,ENDED,BULL,18.08 14:00
2026-08-22 16:06:38,btc_signals_log(22.08)_v4.csv,,,,2026-08-22 16:00:00,ENDED,BULL,18.08 14:00,True,True,True,True,1h,,,,ENDED,BULL,18.08 14:00
2026-08-22 16:36:42,btc_signals_log(22.08)_v4.csv,,,,2026-08-22 16:00:00,ENDED,BULL,18.08 14:00,True,True,True,True,1h,,,,ENDED,BULL,18.08 14:00
2026-08-22 17:06:45,btc_signals_log(22.08)_v4.csv,,,,2026-08-22 17:00:00,ENDED,BULL,18.08 14:00,True,True,True,True,1h,,,,ENDED,BULL,18.08 14:00
2026-08-22 17:36:48,btc_signals_log(22.08)_v4.csv,,,,2026-08-22 17:00:00,ENDED,BULL,18.08 14:00,True,True,True,True,1h,,,,ENDED,BULL,18.08 14:00
2026-08-22 18:06:51,btc_signals_log(22.08)_v4.csv,,,,2026-08-22 18:00:00,ENDED,BULL,18.08 14:00,True,True,True,True,1h,,,,ENDED,BULL,18.08 14:00
2026-08-22 18:36:54,btc_signals_log(22.08)_v4.csv,,,,2026-08-22 18:00:00,ENDED,BULL,18.08 14:00,True,True,True,True,1h,,,,ENDED,BULL,18.08 14:00
2026-08-22 19:06:57,btc_signals_log(22.08)_v4.csv,,,,2026-08-22 19:00:00,ENDED,BULL,18.08 14:00,True,True,True,True,1h,,,,ENDED,BULL,18.08 14:00
2026-08-22 19:37:00,btc_signals_log(22.08)_v4.csv,,,,2026-08-22 19:00:00,ENDED,BULL,18.08 14:00,True,True,True,True,1h,,,,ENDED,BULL,18.08 14:00
2026-08-22 20:07:03,btc_signals_log(22.08)_v4.csv,,,,2026-08-22 20:00:00,ENDED,BULL,18.08 14:00,True,True,True,True,1h,,,,ENDED,BULL,18.08 14:00
2026-08-22 20:37:06,btc_signals_log(22.08)_v4.csv,,,,2026-08-22 20:00:00,ENDED,BULL,18.08 14:00,True,True,True,True,1h,,,,ENDED,BULL,18.08 14:00
2026-08-22 21:07:09,btc_signals_log(22.08)_v4.csv,,,,2026-08-22 21:00:00,ENDED,BULL,18.08 14:00,True,True,True,True,1h,,,,ENDED,BULL,18.08 14:00
2026-08-22 21:37:12,btc_signals_log(22.08)_v4.csv,,,,2026-08-22 21:00:00,ENDED,BULL,18.08 14:00,True,True,True,True,1h,,,,ENDED,BULL,18.08 14:00
2026-08-22 22:07:15,btc_signals_log(22.08)_v4.csv,,,,2026-08-22 22:00:00,ENDED,BULL,18.08 14:00,True,True,True,True,1h,,,,ENDED,BULL,18.08 14:00
2026-08-22 22:37:18,btc_signals_log(22.08)_v4.csv,,,,2026-08-22 22:00:00,ENDED,BULL,18.08 14:00,True,True,True,True,1h,,,,ENDED,BULL,18.08 14:00
2026-08-22 23:07:21,btc_signals_log(22.08)_v4.csv,,,,2026-08-22 23:00:00,ENDED,BULL,18.08 14:00,True,True,True,True,1h,,,,ENDED,BULL,18.08 14:00
2026-08-22 23:37:24,btc_signals_log(22.08)_v4.csv,,,,2026-08-22 23:00:00,ENDED,BULL,18.08 14:00,True,True,True,True,1h,,,,ENDED,BULL,18.08 14:00
2026-08-23 00:07:27,btc_signals_log(23.08)_v4.csv,,,,2026-08-23 00:00:00,ENDED,BULL,18.08 14:00,True,True,True,True,1h,,,,ENDED,BULL,18.08 14:00
2026-08-23 00:37:29,btc_signals_log(23.08)_v4.csv,,,,2026-08-23 00:00:00,ENDED,BULL,18.08 14:00,True,True,True,True,1h,,,,ENDED,BULL,18.08 14:00
2026-08-23 01:07:32,btc_signals_log(23.08)_v4.csv,,,,2026-08-23 01:00:00,ENDED,BULL,18.08 14:00,True,True,True,True,1h,,,,ENDED,BULL,18.08 14:00
2026-08-23 01:37:35,btc_signals_log(23.08)_v4.csv,,,,2026-08-23 01:00:00,ENDED,BULL,18.08 14:00,True,True,True,True,1h,,,,ENDED,BULL,18.08 14:00
2026-08-23 02:07:38,btc_signals_log(23.08)_v4.csv,,,,2026-08-23 02:00:00,ENDED,BULL,18.08 14:00,True,True,True,True,1h,,,,ENDED,BULL,18.08 14:00
2026-08-23 02:37:42,btc_signals_log(23.08)_v4.csv,,,,2026-08-23 02:00:00,ENDED,BULL,18.08 14:00,True,True,True,True,1h,,,,ENDED,BULL,18.08 14:00
2026-08-23 03:07:45,btc_signals_log(23.08)_v4.csv,,,,2026-08-23 03:00:00,ENDED,BULL,18.08 14:00,True,True,True,True,1h,,,,ENDED,BULL,18.08 14:00
2026-08-23 03:37:48,btc_signals_log(23.08)_v4.csv,,,,2026-08-23 03:00:00,ENDED,BULL,18.08 14:00,True,True,True,True,1h,,,,ENDED,BULL,18.08 14:00
2026-08-23 04:07:50,btc_signals_log(23.08)_v4.csv,,,,2026-08-23 04:00:00,ENDED,BULL,18.08 14:00,True,True,True,True,1h,,,,ENDED,BULL,18.08 14:00
2026-08-23 04:37:53,btc_signals_log(23.08)_v4.csv,,,,2026-08-23 04:00:00,ENDED,BULL,18.08 14:00,True,True,True,True,1h,,,,ENDED,BULL,18.08 14:00
2026-08-23 05:07:56,btc_signals_log(23.08)_v4.csv,,,,2026-08-23 05:00:00,ENDED,BULL,18.08 14:00,True,True,True,True,1h,,,,ENDED,BULL,18.08 14:00
2026-08-23 05:37:59,btc_signals_log(23.08)_v4.csv,,,,2026-08-23 05:00:00,ENDED,BULL,18.08 14:00,True,True,True,True,1h,,,,ENDED,BULL,18.08 14:00
2026-08-23 06:08:04,btc_signals_log(23.08)_v4.csv,,,,2026-08-23 06:00:00,ENDED,BULL,18.08 14:00,True,True,True,True,1h,,,,ENDED,BULL,18.08 14:00
2026-08-23 06:38:09,btc_signals_log(23.08)_v4.csv,,,,2026-08-23 06:00:00,ENDED,BULL,18.08 14:00,True,True,True,True,1h,,,,ENDED,BULL,18.08 14:00
2026-08-23 07:08:12,btc_signals_log(23.08)_v4.csv,,,,2026-08-23 07:00:00,ENDED,BULL,18.08 14:00,True,True,True,True,1h,,,,ENDED,BULL,18.08 14:00
2026-08-23 07:38:15,btc_signals_log(23.08)_v4.csv,,,,2026-08-23 07:00:00,ENDED,BULL,18.08 14:00,True,True,True,True,1h,,,,ENDED,BULL,18.08 14:00
2026-08-23 08:08:19,btc_signals_log(23.08)_v4.csv,,,,2026-08-23 08:00:00,ENDED,BULL,18.08 14:00,True,True,True,True,1h,,,,ENDED,BULL,18.08 14:00
2026-08-23 08:38:24,btc_signals_log(23.08)_v4.csv,,,,2026-08-23 08:00:00,ENDED,BULL,18.08 14:00,True,True,True,True,1h,,,,ENDED,BULL,18.08 14:00
2026-08-23 09:08:27,btc_signals_log(23.08)_v4.csv,,,,2026-08-23 09:00:00,ENDED,BULL,18.08 14:00,True,True,True,True,1h,,,,ENDED,BULL,18.08 14:00
2026-08-23 09:38:32,btc_signals_log(23.08)_v4.csv,,,,2026-08-23 09:00:00,ENDED,BULL,18.08 14:00,True,True,True,True,1h,,,,ENDED,BULL,18.08 14:00
2026-08-23 10:08:36,btc_signals_log(23.08)_v4.csv,,,,2026-08-23 10:00:00,ENDED,BULL,18.08 14:00,True,True,True,True,1h,,,,ENDED,BULL,18.08 14:00
2026-08-23 10:38:41,btc_signals_log(23.08)_v4.csv,,,,2026-08-23 10:00:00,ENDED,BULL,18.08 14:00,True,True,True,True,1h,,,,ENDED,BULL,18.08 14:00
2026-08-23 11:08:46,btc_signals_log(23.08)_v4.csv,,,,2026-08-23 11:00:00,ENDED,BULL,18.08 14:00,True,True,True,True,1h,,,,ENDED,BULL,18.08 14:00
2026-08-23 11:38:49,btc_signals_log(23.08)_v4.csv,,,,2026-08-23 11:00:00,ENDED,BULL,18.08 14:00,True,True,True,True,1h,,,,ENDED,BULL,18.08 14:00
2026-08-23 12:08:52,btc_signals_log(23.08)_v4.csv,,,,2026-08-23 12:00:00,ENDED,BULL,18.08 14:00,True,True,True,True,1h,,,,ENDED,BULL,18.08 14:00
2026-08-23 12:38:56,btc_signals_log(23.08)_v4.csv,,,,2026-08-23 12:00:00,ENDED,BULL,18.08 14:00,True,True,True,True,1h,,,,ENDED,BULL,18.08 14:00
2026-08-23 13:08:59,btc_signals_log(23.08)_v4.csv,,,,2026-08-23 13:00:00,ENDED,BULL,18.08 14:00,True,True,True,True,1h,,,,ENDED,BULL,18.08 14:00
2026-08-23 13:39:02,btc_signals_log(23.08)_v4.csv,,,,2026-08-23 13:00:00,ENDED,BULL,18.08 14:00,True,True,True,True,1h,,,,ENDED,BULL,18.08 14:00
2026-08-23 14:09:07,btc_signals_log(23.08)_v4.csv,,,,2026-08-23 14:00:00,ENDED,BULL,18.08 14:00,True,True,True,True,1h,,,,ENDED,BULL,18.08 14:00
2026-08-23 14:39:10,btc_signals_log(23.08)_v4.csv,,,,2026-08-23 14:00:00,ENDED,BULL,18.08 14:00,True,True,True,True,1h,,,,ENDED,BULL,18.08 14:00
2026-08-23 15:09:14,btc_signals_log(23.08)_v4.csv,,,,2026-08-23 15:00:00,ENDED,BULL,18.08 14:00,True,True,True,True,1h,,,,ENDED,BULL,18.08 14:00
2026-08-23 15:39:17,btc_signals_log(23.08)_v4.csv,,,,2026-08-23 15:00:00,ENDED,BULL,18.08 14:00,True,True,True,True,1h,,,,ENDED,BULL,18.08 14:00
2026-08-23 16:09:21,btc_signals_log(23.08)_v4.csv,,,,2026-08-23 16:00:00,ENDED,BULL,18.08 14:00,True,True,True,True,1h,,,,ENDED,BULL,18.08 14:00
2026-08-23 16:39:25,btc_signals_log(23.08)_v4.csv,,,,2026-08-23 16:00:00,ENDED,BULL,18.08 14:00,True,True,True,True,1h,,,,ENDED,BULL,18.08 14:00
2026-08-23 17:09:30,btc_signals_log(23.08)_v4.csv,,,,2026-08-23 17:00:00,ENDED,BULL,18.08 14:00,True,True,True,True,1h,,,,ENDED,BULL,18.08 14:00
2026-08-23 17:39:35,btc_signals_log(23.08)_v4.csv,,,,2026-08-23 17:00:00,ENDED,BULL,18.08 14:00,True,True,True,True,1h,,,,ENDED,BULL,18.08 14:00
2026-08-23 18:09:38,btc_signals_log(23.08)_v4.csv,,,,2026-08-23 18:00:00,ENDED,BULL,18.08 14:00,True,True,True,True,1h,,,,ENDED,BULL,18.08 14:00
2026-08-23 18:39:41,btc_signals_log(23.08)_v4.csv,,,,2026-08-23 18:00:00,ENDED,BULL,18.08 14:00,True,True,True,True,1h,,,,ENDED,BULL,18.08 14:00
2026-08-23 19:09:44,btc_signals_log(23.08)_v4.csv,,,,2026-08-23 19:00:00,ENDED,BULL,18.08 14:00,True,True,True,True,1h,,,,ENDED,BULL,18.08 14:00
2026-08-23 19:39:47,btc_signals_log(23.08)_v4.csv,,,,2026-08-23 19:00:00,ENDED,BULL,18.08 14:00,True,True,True,True,1h,,,,ENDED,BULL,18.08 14:00
2026-08-23 20:09:50,btc_signals_log(23.08)_v4.csv,,,,2026-08-23 20:00:00,ENDED,BULL,18.08 14:00,True,True,True,True,1h,,,,ENDED,BULL,18.08 14:00
2026-08-23 20:39:53,btc_signals_log(23.08)_v4.csv,,,,2026-08-23 20:00:00,ENDED,BULL,18.08 14:00,True,True,True,True,1h,,,,ENDED,BULL,18.08 14:00
2026-08-23 21:09:56,btc_signals_log(23.08)_v4.csv,,,,2026-08-23 21:00:00,ENDED,BULL,18.08 14:00,True,True,True,True,1h,,,,ENDED,BULL,18.08 14:00
2026-08-23 21:39:58,btc_signals_log(23.08)_v4.csv,,,,2026-08-23 21:00:00,ENDED,BULL,18.08 14:00,True,True,True,True,1h,,,,ENDED,BULL,18.08 14:00
2026-08-23 22:10:02,btc_signals_log(23.08)_v4.csv,,,,2026-08-23 22:00:00,ENDED,BULL,18.08 14:00,True,True,True,True,1h,,,,ENDED,BULL,18.08 14:00
2026-08-23 22:40:05,btc_signals_log(23.08)_v4.csv,,,,2026-08-23 22:00:00,ENDED,BULL,18.08 14:00,True,True,True,True,1h,,,,ENDED,BULL,18.08 14:00
2026-08-23 23:10:09,btc_signals_log(23.08)_v4.csv,,,,2026-08-23 23:00:00,ENDED,BULL,18.08 14:00,True,True,True,True,1h,,,,ENDED,BULL,18.08 14:00
2026-08-23 23:40:12,btc_signals_log(23.08)_v4.csv,,,,2026-08-23 23:00:00,ENDED,BULL,18.08 14:00,True,True,True,True,1h,,,,ENDED,BULL,18.08 14:00
2026-08-24 00:10:15,btc_signals_log(24.08)_v4.csv,,,,2026-08-24 00:00:00,ENDED,BULL,18.08 14:00,True,True,True,True,1h,,,,ENDED,BULL,18.08 14:00
2026-08-24 00:40:18,btc_signals_log(24.08)_v4.csv,,,,2026-08-24 00:00:00,ENDED,BULL,18.08 14:00,True,True,True,True,1h,,,,ENDED,BULL,18.08 14:00
2026-08-24 01:10:20,btc_signals_log(24.08)_v4.csv,,,,2026-08-24 01:00:00,ENDED,BULL,18.08 14:00,True,True,True,True,1h,,,,ENDED,BULL,18.08 14:00
2026-08-24 01:40:36,btc_signals_log(24.08)_v4.csv,,,,2026-08-24 01:00:00,ENDED,BULL,18.08 14:00,True,True,True,True,1h,,,,ENDED,BULL,18.08 14:00
2026-08-24 02:10:39,btc_signals_log(24.08)_v4.csv,,,,2026-08-24 02:00:00,ENDED,BULL,18.08 14:00,True,True,True,True,1h,,,,ENDED,BULL,18.08 14:00
2026-08-24 02:40:43,btc_signals_log(24.08)_v4.csv,,,,2026-08-24 02:00:00,ENDED,BULL,18.08 14:00,True,True,True,True,1h,,,,ENDED,BULL,18.08 14:00
2026-08-24 03:10:46,btc_signals_log(24.08)_v4.csv,,,,2026-08-24 03:00:00,ENDED,BULL,18.08 14:00,True,True,True,True,1h,,,,ENDED,BULL,18.08 14:00
2026-08-24 03:40:48,btc_signals_log(24.08)_v4.csv,,,,2026-08-24 03:00:00,ENDED,BULL,18.08 14:00,True,True,True,True,1h,,,,ENDED,BULL,18.08 14:00
2026-08-24 04:10:51,btc_signals_log(24.08)_v4.csv,,,,2026-08-24 04:00:00,ENDED,BULL,18.08 14:00,True,True,True,True,1h,,,,ENDED,BULL,18.08 14:00
2026-08-24 04:40:54,btc_signals_log(24.08)_v4.csv,,,,2026-08-24 04:00:00,ENDED,BULL,18.08 14:00,True,True,True,True,1h,,,,ENDED,BULL,18.08 14:00
2026-08-24 05:10:57,btc_signals_log(24.08)_v4.csv,,,,2026-08-24 05:00:00,ENDED,BULL,18.08 14:00,True,True,True,True,1h,,,,ENDED,BULL,18.08 14:00
2026-08-24 05:41:00,btc_signals_log(24.08)_v4.csv,,,,2026-08-24 05:00:00,ENDED,BULL,18.08 14:00,True,True,True,True,1h,,,,ENDED,BULL,18.08 14:00
2026-08-24 06:11:02,btc_signals_log(24.08)_v4.csv,,,,2026-08-24 06:00:00,ENDED,BULL,18.08 14:00,True,True,True,True,1h,,,,ENDED,BULL,18.08 14:00
2026-08-24 06:41:07,btc_signals_log(24.08)_v4.csv,,,,2026-08-24 06:00:00,ENDED,BULL,18.08 14:00,True,True,True,True,1h,,,,ENDED,BULL,18.08 14:00
2026-08-24 07:11:10,btc_signals_log(24.08)_v4.csv,,,,2026-08-24 07:00:00,ENDED,BULL,18.08 14:00,True,True,True,True,1h,,,,ENDED,BULL,18.08 14:00
2026-08-24 07:41:13,btc_signals_log(24.08)_v4.csv,,,,2026-08-24 07:00:00,ENDED,BULL,18.08 14:00,True,True,True,True,1h,,,,ENDED,BULL,18.08 14:00
2026-08-24 08:11:16,btc_signals_log(24.08)_v4.csv,,,,2026-08-24 08:00:00,ENDED,BULL,18.08 14:00,True,True,True,True,1h,,,,ENDED,BULL,18.08 14:00
2026-08-24 08:41:19,btc_signals_log(24.08)_v4.csv,,,,2026-08-24 08:00:00,ENDED,BULL,18.08 14:00,True,True,True,True,1h,,,,ENDED,BULL,18.08 14:00
2026-08-24 09:11:23,btc_signals_log(24.08)_v4.csv,,,,2026-08-24 09:00:00,ENDED,BULL,18.08 14:00,True,True,True,True,1h,,,,ENDED,BULL,18.08 14:00
2026-08-24 09:41:26,btc_signals_log(24.08)_v4.csv,,,,2026-08-24 09:00:00,ENDED,BULL,18.08 14:00,True,True,True,True,1h,,,,ENDED,BULL,18.08 14:00
2026-08-24 10:11:30,btc_signals_log(24.08)_v4.csv,,,,2026-08-24 10:00:00,ENDED,BULL,18.08 14:00,True,True,True,True,1h,,,,ENDED,BULL,18.08 14:00
2026-08-24 10:41:33,btc_signals_log(24.08)_v4.csv,,,,2026-08-24 10:00:00,ENDED,BULL,18.08 14:00,True,True,True,True,1h,,,,ENDED,BULL,18.08 14:00
2026-08-24 11:11:36,btc_signals_log(24.08)_v4.csv,,,,2026-08-24 11:00:00,ENDED,BULL,18.08 14:00,True,True,True,True,1h,,,,ENDED,BULL,18.08 14:00
2026-08-24 11:41:39,btc_signals_log(24.08)_v4.csv,,,,2026-08-24 11:00:00,ENDED,BULL,18.08 14:00,True,True,True,True,1h,,,,ENDED,BULL,18.08 14:00
2026-08-24 12:11:42,btc_signals_log(24.08)_v4.csv,,,,2026-08-24 12:00:00,ACTIVE,BULL,24.08 11:00,True,True,True,True,1h,,,,ACTIVE,BULL,24.08 11:00
2026-08-24 12:41:46,btc_signals_log(24.08)_v4.csv,,,,2026-08-24 12:00:00,ACTIVE,BULL,24.08 11:00,True,True,True,True,1h,,,,ACTIVE,BULL,24.08 11:00
2026-08-24 13:11:49,btc_signals_log(24.08)_v4.csv,,,,2026-08-24 13:00:00,ACTIVE,BULL,24.08 11:00,True,True,True,True,1h,,,,ACTIVE,BULL,24.08 11:00
2026-08-24 13:41:52,btc_signals_log(24.08)_v4.csv,,,,2026-08-24 13:00:00,ACTIVE,BULL,24.08 11:00,True,True,True,True,1h,,,,ACTIVE,BULL,24.08 11:00
2026-08-24 14:11:54,btc_signals_log(24.08)_v4.csv,,,,2026-08-24 14:00:00,ACTIVE,BULL,24.08 11:00,True,True,True,True,1h,,,,ACTIVE,BULL,24.08 11:00
2026-08-24 14:41:57,btc_signals_log(24.08)_v4.csv,,,,2026-08-24 14:00:00,ACTIVE,BULL,24.08 11:00,True,True,True,True,1h,,,,ACTIVE,BULL,24.08 11:00
2026-08-24 15:12:00,btc_signals_log(24.08)_v4.csv,,,,2026-08-24 15:00:00,ACTIVE,BULL,24.08 11:00,True,True,True,True,1h,,,,ACTIVE,BULL,24.08 11:00
2026-08-24 15:42:03,btc_signals_log(24.08)_v4.csv,,,,2026-08-24 15:00:00,ACTIVE,BULL,24.08 11:00,True,True,True,True,1h,,,,ACTIVE,BULL,24.08 11:00
2026-08-24 16:12:06,btc_signals_log(24.08)_v4.csv,,,,2026-08-24 16:00:00,ACTIVE,BULL,24.08 11:00,True,True,True,True,1h,,,,ACTIVE,BULL,24.08 11:00
2026-08-24 16:42:09,btc_signals_log(24.08)_v4.csv,,,,2026-08-24 16:00:00,ACTIVE,BULL,24.08 11:00,True,True,True,True,1h,,,,ACTIVE,BULL,24.08 11:00
2026-08-24 17:12:12,btc_signals_log(24.08)_v4.csv,,,,2026-08-24 17:00:00,ACTIVE,BULL,24.08 11:00,True,True,True,True,1h,,,,ACTIVE,BULL,24.08 11:00
2026-08-24 17:42:15,btc_signals_log(24.08)_v4.csv,,,,2026-08-24 17:00:00,ACTIVE,BULL,24.08 11:00,True,True,True,True,1h,,,,ACTIVE,BULL,24.08 11:00
2026-08-24 18:12:18,btc_signals_log(24.08)_v4.csv,,,,2026-08-24 18:00:00,ACTIVE,BULL,24.08 11:00,True,True,True,True,1h,,,,ACTIVE,BULL,24.08 11:00
2026-08-24 18:42:20,btc_signals_log(24.08)_v4.csv,,,,2026-08-24 18:00:00,ACTIVE,BULL,24.08 11:00,True,True,True,True,1h,,,,ACTIVE,BULL,24.08 11:00
2026-08-24 19:12:23,btc_signals_log(24.08)_v4.csv,,,,2026-08-24 19:00:00,ACTIVE,BULL,24.08 11:00,True,True,True,True,1h,,,,ACTIVE,BULL,24.08 11:00
2026-08-24 19:42:26,btc_signals_log(24.08)_v4.csv,,,,2026-08-24 19:00:00,ACTIVE,BULL,24.08 11:00,True,True,True,True,1h,,,,ACTIVE,BULL,24.08 11:00
2026-08-24 20:12:29,btc_signals_log(24.08)_v4.csv,,,,2026-08-24 20:00:00,ACTIVE,BULL,24.08 11:00,True,True,True,True,1h,,,,ACTIVE,BULL,24.08 11:00
2026-08-24 20:42:32,btc_signals_log(24.08)_v4.csv,,,,2026-08-24 20:00:00,ACTIVE,BULL,24.08 11:00,True,True,True,True,1h,,,,ACTIVE,BULL,24.08 11:00
2026-08-24 20:48:37,btc_signals_log(24.08)_v4.csv,,,,2026-08-24 20:00:00,ACTIVE,BULL,24.08 11:00,True,True,True,True,1h,,,,ACTIVE,BULL,24.08 11:00
2026-08-24 21:18:40,btc_signals_log(24.08)_v4.csv,,,,2026-08-24 21:00:00,ACTIVE,BULL,24.08 11:00,True,True,True,True,1h,,,,ACTIVE,BULL,24.08 11:00
2026-08-24 21:48:44,btc_signals_log(24.08)_v4.csv,,,,2026-08-24 21:00:00,ACTIVE,BULL,24.08 11:00,True,True,True,True,1h,,,,ACTIVE,BULL,24.08 11:00
2026-08-24 22:18:47,btc_signals_log(24.08)_v4.csv,,,,2026-08-24 22:00:00,ACTIVE,BULL,24.08 11:00,True,True,True,True,1h,,,,ACTIVE,BULL,24.08 11:00
2026-08-24 22:48:49,btc_signals_log(24.08)_v4.csv,,,,2026-08-24 22:00:00,ACTIVE,BULL,24.08 11:00,True,True,True,True,1h,,,,ACTIVE,BULL,24.08 11:00
2026-08-24 23:18:52,btc_signals_log(24.08)_v4.csv,,,,2026-08-24 23:00:00,ACTIVE,BULL,24.08 11:00,True,True,True,True,1h,,,,ACTIVE,BULL,24.08 11:00
2026-08-24 23:48:55,btc_signals_log(24.08)_v4.csv,,,,2026-08-24 23:00:00,ACTIVE,BULL,24.08 11:00,True,True,True,True,1h,,,,ACTIVE,BULL,24.08 11:00
2026-08-25 00:18:58,btc_signals_log(25.08)_v4.csv,,,,2026-08-25 00:00:00,ACTIVE,BULL,24.08 11:00,True,True,True,True,1h,,,,ACTIVE,BULL,24.08 11:00
2026-08-25 00:49:01,btc_signals_log(25.08)_v4.csv,,,,2026-08-25 00:00:00,ACTIVE,BULL,24.08 11:00,True,True,True,True,1h,,,,ACTIVE,BULL,24.08 11:00
2026-08-25 01:19:04,btc_signals_log(25.08)_v4.csv,,,,2026-08-25 01:00:00,ACTIVE,BULL,24.08 11:00,True,True,True,True,1h,,,,ACTIVE,BULL,24.08 11:00
2026-08-25 01:49:07,btc_signals_log(25.08)_v4.csv,,,,2026-08-25 01:00:00,ACTIVE,BULL,24.08 11:00,True,True,True,True,1h,,,,ACTIVE,BULL,24.08 11:00
2026-08-25 02:19:10,btc_signals_log(25.08)_v4.csv,,,,2026-08-25 02:00:00,ACTIVE,BULL,24.08 11:00,True,True,True,True,1h,,,,ACTIVE,BULL,24.08 11:00
2026-08-25 02:49:13,btc_signals_log(25.08)_v4.csv,,,,2026-08-25 02:00:00,ACTIVE,BULL,24.08 11:00,True,True,True,True,1h,,,,ACTIVE,BULL,24.08 11:00
2026-08-25 03:19:16,btc_signals_log(25.08)_v4.csv,,,,2026-08-25 03:00:00,ACTIVE,BULL,24.08 11:00,True,True,True,True,1h,,,,ACTIVE,BULL,24.08 11:00
2026-08-25 03:49:20,btc_signals_log(25.08)_v4.csv,,,,2026-08-25 03:00:00,ACTIVE,BULL,24.08 11:00,True,True,True,True,1h,,,,ACTIVE,BULL,24.08 11:00
2026-08-25 04:19:23,btc_signals_log(25.08)_v4.csv,,,,2026-08-25 04:00:00,ACTIVE,BULL,24.08 11:00,True,True,True,True,1h,,,,ACTIVE,BULL,24.08 11:00
2026-08-25 04:49:25,btc_signals_log(25.08)_v4.csv,,,,2026-08-25 04:00:00,ACTIVE,BULL,24.08 11:00,True,True,True,True,1h,,,,ACTIVE,BULL,24.08 11:00
2026-08-25 05:19:28,btc_signals_log(25.08)_v4.csv,,,,2026-08-25 05:00:00,ACTIVE,BULL,24.08 11:00,True,True,True,True,1h,,,,ACTIVE,BULL,24.08 11:00
2026-08-25 05:49:32,btc_signals_log(25.08)_v4.csv,,,,2026-08-25 05:00:00,ACTIVE,BULL,24.08 11:00,True,True,True,True,1h,,,,ACTIVE,BULL,24.08 11:00
2026-08-25 06:19:35,btc_signals_log(25.08)_v4.csv,,,,2026-08-25 06:00:00,ACTIVE,BULL,24.08 11:00,True,True,True,True,1h,,,,ACTIVE,BULL,24.08 11:00
2026-08-25 06:49:39,btc_signals_log(25.08)_v4.csv,,,,2026-08-25 06:00:00,ACTIVE,BULL,24.08 11:00,True,True,True,True,1h,,,,ACTIVE,BULL,24.08 11:00
2026-08-25 07:19:42,btc_signals_log(25.08)_v4.csv,,,,2026-08-25 07:00:00,ACTIVE,BULL,24.08 11:00,True,True,True,True,1h,,,,ACTIVE,BULL,24.08 11:00
2026-08-25 07:49:45,btc_signals_log(25.08)_v4.csv,,,,2026-08-25 07:00:00,ACTIVE,BULL,24.08 11:00,True,True,True,True,1h,,,,ACTIVE,BULL,24.08 11:00
2026-08-25 08:19:48,btc_signals_log(25.08)_v4.csv,,,,2026-08-25 08:00:00,ACTIVE,BULL,24.08 11:00,True,True,True,True,1h,,,,ACTIVE,BULL,24.08 11:00
2026-08-25 08:49:51,btc_signals_log(25.08)_v4.csv,,,,2026-08-25 08:00:00,ACTIVE,BULL,24.08 11:00,True,True,True,True,1h,,,,ACTIVE,BULL,24.08 11:00
2026-08-25 09:19:55,btc_signals_log(25.08)_v4.csv,,,,2026-08-25 09:00:00,ACTIVE,BULL,24.08 11:00,True,True,True,True,1h,,,,ACTIVE,BULL,24.08 11:00
2026-08-25 09:49:58,btc_signals_log(25.08)_v4.csv,,,,2026-08-25 09:00:00,ACTIVE,BULL,24.08 11:00,True,True,True,True,1h,,,,ACTIVE,BULL,24.08 11:00
2026-08-25 14:17:17,btc_signals_log(25.08)_v4.csv,,,,2026-08-25 14:00:00,ENDED,BULL,24.08 11:00,True,True,True,True,1h,,,,ENDED,BULL,24.08 11:00
2026-08-25 14:23:31,btc_signals_log(25.08)_v4.csv,,,,2026-08-25 14:00:00,ENDED,BULL,24.08 11:00,True,True,True,True,1h,,,,ENDED,BULL,24.08 11:00
2026-08-25 14:53:34,btc_signals_log(25.08)_v4.csv,,,,2026-08-25 14:00:00,ENDED,BULL,24.08 11:00,True,True,True,True,1h,,,,ENDED,BULL,24.08 11:00
2026-08-25 15:23:37,btc_signals_log(25.08)_v4.csv,,,,2026-08-25 15:00:00,ENDED,BULL,24.08 11:00,True,True,True,True,1h,,,,ENDED,BULL,24.08 11:00
2026-08-25 15:53:40,btc_signals_log(25.08)_v4.csv,,,,2026-08-25 15:00:00,ENDED,BULL,24.08 11:00,True,True,True,True,1h,,,,ENDED,BULL,24.08 11:00
2026-08-25 16:23:43,btc_signals_log(25.08)_v4.csv,,,,2026-08-25 16:00:00,ENDED,BULL,24.08 11:00,True,True,True,True,1h,,,,ENDED,BULL,24.08 11:00
2026-08-25 16:53:46,btc_signals_log(25.08)_v4.csv,,,,2026-08-25 16:00:00,ENDED,BULL,24.08 11:00,True,True,True,True,1h,,,,ENDED,BULL,24.08 11:00
2026-08-25 17:23:50,btc_signals_log(25.08)_v4.csv,,,,2026-08-25 17:00:00,ENDED,BULL,24.08 11:00,True,True,True,True,1h,,,,ENDED,BULL,24.08 11:00
2026-08-25 17:53:53,btc_signals_log(25.08)_v4.csv,,,,2026-08-25 17:00:00,ENDED,BULL,24.08 11:00,True,True,True,True,1h,,,,ENDED,BULL,24.08 11:00
2026-08-25 18:23:56,btc_signals_log(25.08)_v4.csv,,,,2026-08-25 18:00:00,ENDED,BULL,24.08 11:00,True,True,True,True,1h,,,,ENDED,BULL,24.08 11:00
2026-08-25 18:53:59,btc_signals_log(25.08)_v4.csv,,,,2026-08-25 18:00:00,ENDED,BULL,24.08 11:00,True,True,True,True,1h,,,,ENDED,BULL,24.08 11:00
2026-08-25 19:24:03,btc_signals_log(25.08)_v4.csv,,,,2026-08-25 19:00:00,ENDED,BULL,24.08 11:00,True,True,True,True,1h,,,,ENDED,BULL,24.08 11:00
2026-08-25 19:54:06,btc_signals_log(25.08)_v4.csv,,,,2026-08-25 19:00:00,ENDED,BULL,24.08 11:00,True,True,True,True,1h,,,,ENDED,BULL,24.08 11:00
2026-08-25 20:24:09,btc_signals_log(25.08)_v4.csv,,,,2026-08-25 20:00:00,ENDED,BULL,24.08 11:00,True,True,True,True,1h,,,,ENDED,BULL,24.08 11:00
2026-08-25 20:54:12,btc_signals_log(25.08)_v4.csv,,,,2026-08-25 20:00:00,ENDED,BULL,24.08 11:00,True,True,True,True,1h,,,,ENDED,BULL,24.08 11:00
2026-08-25 21:24:16,btc_signals_log(25.08)_v4.csv,,,,2026-08-25 21:00:00,ENDED,BULL,24.08 11:00,True,True,True,True,1h,,,,ENDED,BULL,24.08 11:00
2026-08-25 21:54:19,btc_signals_log(25.08)_v4.csv,,,,2026-08-25 21:00:00,ENDED,BULL,24.08 11:00,True,True,True,True,1h,,,,ENDED,BULL,24.08 11:00
2026-08-25 22:24:22,btc_signals_log(25.08)_v4.csv,,,,2026-08-25 22:00:00,ENDED,BULL,24.08 11:00,True,True,True,True,1h,,,,ENDED,BULL,24.08 11:00
2026-08-25 22:54:25,btc_signals_log(25.08)_v4.csv,,,,2026-08-25 22:00:00,ENDED,BULL,24.08 11:00,True,True,True,True,1h,,,,ENDED,BULL,24.08 11:00
2026-08-25 23:24:28,btc_signals_log(25.08)_v4.csv,,,,2026-08-25 23:00:00,ENDED,BULL,24.08 11:00,True,True,True,True,1h,,,,ENDED,BULL,24.08 11:00
2026-08-25 23:54:31,btc_signals_log(25.08)_v4.csv,,,,2026-08-25 23:00:00,ENDED,BULL,24.08 11:00,True,True,True,True,1h,,,,ENDED,BULL,24.08 11:00
2026-08-26 00:24:34,btc_signals_log(26.08)_v4.csv,,,,2026-08-26 00:00:00,ENDED,BULL,24.08 11:00,True,True,True,True,1h,,,,ENDED,BULL,24.08 11:00
2026-08-26 00:54:37,btc_signals_log(26.08)_v4.csv,,,,2026-08-26 00:00:00,ENDED,BULL,24.08 11:00,True,True,True,True,1h,,,,ENDED,BULL,24.08 11:00
2026-08-26 01:24:40,btc_signals_log(26.08)_v4.csv,,,,2026-08-26 01:00:00,ENDED,BULL,24.08 11:00,True,True,True,True,1h,,,,ENDED,BULL,24.08 11:00
2026-08-26 01:54:43,btc_signals_log(26.08)_v4.csv,,,,2026-08-26 01:00:00,ENDED,BULL,24.08 11:00,True,True,True,True,1h,,,,ENDED,BULL,24.08 11:00
2026-08-26 02:24:46,btc_signals_log(26.08)_v4.csv,,,,2026-08-26 02:00:00,ENDED,BULL,24.08 11:00,True,True,True,True,1h,,,,ENDED,BULL,24.08 11:00
2026-08-26 02:54:49,btc_signals_log(26.08)_v4.csv,,,,2026-08-26 02:00:00,ENDED,BULL,24.08 11:00,True,True,True,True,1h,,,,ENDED,BULL,24.08 11:00
2026-08-26 03:24:52,btc_signals_log(26.08)_v4.csv,,,,2026-08-26 03:00:00,ENDED,BULL,24.08 11:00,True,True,True,True,1h,,,,ENDED,BULL,24.08 11:00
2026-08-26 03:54:55,btc_signals_log(26.08)_v4.csv,,,,2026-08-26 03:00:00,ENDED,BULL,24.08 11:00,True,True,True,True,1h,,,,ENDED,BULL,24.08 11:00
2026-08-26 04:24:58,btc_signals_log(26.08)_v4.csv,,,,2026-08-26 04:00:00,ENDED,BULL,24.08 11:00,True,True,True,True,1h,,,,ENDED,BULL,24.08 11:00
2026-08-26 04:55:01,btc_signals_log(26.08)_v4.csv,,,,2026-08-26 04:00:00,ENDED,BULL,24.08 11:00,True,True,True,True,1h,,,,ENDED,BULL,24.08 11:00
2026-08-26 05:25:05,btc_signals_log(26.08)_v4.csv,,,,2026-08-26 05:00:00,ENDED,BULL,24.08 11:00,True,True,True,True,1h,,,,ENDED,BULL,24.08 11:00
2026-08-26 05:55:08,btc_signals_log(26.08)_v4.csv,,,,2026-08-26 05:00:00,ENDED,BULL,24.08 11:00,True,True,True,True,1h,,,,ENDED,BULL,24.08 11:00
2026-08-26 06:25:11,btc_signals_log(26.08)_v4.csv,,,,2026-08-26 06:00:00,ENDED,BULL,24.08 11:00,True,True,True,True,1h,,,,ENDED,BULL,24.08 11:00
2026-08-26 06:55:14,btc_signals_log(26.08)_v4.csv,,,,2026-08-26 06:00:00,ENDED,BULL,24.08 11:00,True,True,True,True,1h,,,,ENDED,BULL,24.08 11:00
2026-08-26 07:25:17,btc_signals_log(26.08)_v4.csv,,,,2026-08-26 07:00:00,ENDED,BULL,24.08 11:00,True,True,True,True,1h,,,,ENDED,BULL,24.08 11:00
2026-08-26 07:55:21,btc_signals_log(26.08)_v4.csv,,,,2026-08-26 07:00:00,ENDED,BULL,24.08 11:00,True,True,True,True,1h,,,,ENDED,BULL,24.08 11:00
2026-08-26 08:25:23,btc_signals_log(26.08)_v4.csv,,,,2026-08-26 08:00:00,ENDED,BULL,24.08 11:00,True,True,True,True,1h,,,,ENDED,BULL,24.08 11:00
2026-08-26 08:55:27,btc_signals_log(26.08)_v4.csv,,,,2026-08-26 08:00:00,ENDED,BULL,24.08 11:00,True,True,True,True,1h,,,,ENDED,BULL,24.08 11:00
2026-08-26 09:25:30,btc_signals_log(26.08)_v4.csv,,,,2026-08-26 09:00:00,ENDED,BULL,24.08 11:00,True,True,True,True,1h,,,,ENDED,BULL,24.08 11:00
2026-08-26 09:55:34,btc_signals_log(26.08)_v4.csv,,,,2026-08-26 09:00:00,ENDED,BULL,24.08 11:00,True,True,True,True,1h,,,,ENDED,BULL,24.08 11:00
2026-08-26 10:25:37,btc_signals_log(26.08)_v4.csv,,,,2026-08-26 10:00:00,ENDED,BULL,24.08 11:00,True,True,True,True,1h,,,,ENDED,BULL,24.08 11:00
2026-08-26 10:55:40,btc_signals_log(26.08)_v4.csv,,,,2026-08-26 10:00:00,ENDED,BULL,24.08 11:00,True,True,True,True,1h,,,,ENDED,BULL,24.08 11:00
2026-08-26 11:25:43,btc_signals_log(26.08)_v4.csv,,,,2026-08-26 11:00:00,ENDED,BULL,24.08 11:00,True,True,True,True,1h,,,,ENDED,BULL,24.08 11:00
2026-08-26 11:55:46,btc_signals_log(26.08)_v4.csv,,,,2026-08-26 11:00:00,ENDED,BULL,24.08 11:00,True,True,True,True,1h,,,,ENDED,BULL,24.08 11:00
2026-08-26 12:25:49,btc_signals_log(26.08)_v4.csv,,,,2026-08-26 12:00:00,ENDED,BULL,24.08 11:00,True,True,True,True,1h,,,,ENDED,BULL,24.08 11:00
2026-08-26 12:55:53,btc_signals_log(26.08)_v4.csv,,,,2026-08-26 12:00:00,ENDED,BULL,24.08 11:00,True,True,True,True,1h,,,,ENDED,BULL,24.08 11:00
2026-08-26 13:25:56,btc_signals_log(26.08)_v4.csv,,,,2026-08-26 13:00:00,ENDED,BULL,24.08 11:00,True,True,True,True,1h,,,,ENDED,BULL,24.08 11:00
2026-08-26 13:56:00,btc_signals_log(26.08)_v4.csv,,,,2026-08-26 13:00:00,ENDED,BULL,24.08 11:00,True,True,True,True,1h,,,,ENDED,BULL,24.08 11:00
2026-08-26 14:26:03,btc_signals_log(26.08)_v4.csv,,,,2026-08-26 14:00:00,ENDED,BULL,24.08 11:00,True,True,True,True,1h,,,,ENDED,BULL,24.08 11:00
2026-08-26 14:56:07,btc_signals_log(26.08)_v4.csv,,,,2026-08-26 14:00:00,ENDED,BULL,24.08 11:00,True,True,True,True,1h,,,,ENDED,BULL,24.08 11:00
2026-08-26 15:26:10,btc_signals_log(26.08)_v4.csv,,,,2026-08-26 15:00:00,ENDED,BULL,24.08 11:00,True,True,True,True,1h,,,,ENDED,BULL,24.08 11:00
2026-08-26 15:56:13,btc_signals_log(26.08)_v4.csv,,,,2026-08-26 15:00:00,ENDED,BULL,24.08 11:00,True,True,True,True,1h,,,,ENDED,BULL,24.08 11:00
2026-08-26 16:26:16,btc_signals_log(26.08)_v4.csv,,,,2026-08-26 16:00:00,ENDED,BULL,24.08 11:00,True,True,True,True,1h,,,,ENDED,BULL,24.08 11:00
2026-08-26 16:56:19,btc_signals_log(26.08)_v4.csv,,,,2026-08-26 16:00:00,ENDED,BULL,24.08 11:00,True,True,True,True,1h,,,,ENDED,BULL,24.08 11:00
2026-08-26 17:26:23,btc_signals_log(26.08)_v4.csv,,,,2026-08-26 17:00:00,ENDED,BULL,24.08 11:00,True,True,True,True,1h,,,,ENDED,BULL,24.08 11:00
2026-08-26 17:56:26,btc_signals_log(26.08)_v4.csv,,,,2026-08-26 17:00:00,ENDED,BULL,24.08 11:00,True,True,True,True,1h,,,,ENDED,BULL,24.08 11:00
2026-08-26 18:26:30,btc_signals_log(26.08)_v4.csv,,,,2026-08-26 18:00:00,ENDED,BULL,24.08 11:00,True,True,True,True,1h,,,,ENDED,BULL,24.08 11:00
2026-08-26 18:56:33,btc_signals_log(26.08)_v4.csv,,,,2026-08-26 18:00:00,ENDED,BULL,24.08 11:00,True,True,True,True,1h,,,,ENDED,BULL,24.08 11:00
2026-08-26 19:26:36,btc_signals_log(26.08)_v4.csv,,,,2026-08-26 19:00:00,ENDED,BULL,24.08 11:00,True,True,True,True,1h,,,,ENDED,BULL,24.08 11:00
2026-08-26 19:56:40,btc_signals_log(26.08)_v4.csv,,,,2026-08-26 19:00:00,ENDED,BULL,24.08 11:00,True,True,True,True,1h,,,,ENDED,BULL,24.08 11:00
2026-08-26 20:26:43,btc_signals_log(26.08)_v4.csv,,,,2026-08-26 20:00:00,ENDED,BULL,24.08 11:00,True,True,True,True,1h,,,,ENDED,BULL,24.08 11:00
2026-08-26 20:56:46,btc_signals_log(26.08)_v4.csv,,,,2026-08-26 20:00:00,ENDED,BULL,24.08 11:00,True,True,True,True,1h,,,,ENDED,BULL,24.08 11:00
2026-08-26 21:26:49,btc_signals_log(26.08)_v4.csv,,,,2026-08-26 21:00:00,ENDED,BULL,24.08 11:00,True,True,True,True,1h,,,,ENDED,BULL,24.08 11:00
2026-08-26 21:56:54,btc_signals_log(26.08)_v4.csv,,,,2026-08-26 21:00:00,ENDED,BULL,24.08 11:00,True,True,True,True,1h,,,,ENDED,BULL,24.08 11:00
2026-08-26 22:26:57,btc_signals_log(26.08)_v4.csv,,,,2026-08-26 22:00:00,ENDED,BULL,24.08 11:00,True,True,True,True,1h,,,,ENDED,BULL,24.08 11:00
2026-08-26 22:57:00,btc_signals_log(26.08)_v4.csv,,,,2026-08-26 22:00:00,ENDED,BULL,24.08 11:00,True,True,True,True,1h,,,,ENDED,BULL,24.08 11:00
2026-08-26 23:27:04,btc_signals_log(26.08)_v4.csv,,,,2026-08-26 23:00:00,ENDED,BULL,24.08 11:00,True,True,True,True,1h,,,,ENDED,BULL,24.08 11:00
2026-08-26 23:57:07,btc_signals_log(26.08)_v4.csv,,,,2026-08-26 23:00:00,ENDED,BULL,24.08 11:00,True,True,True,True,1h,,,,ENDED,BULL,24.08 11:00
2026-08-27 00:27:10,btc_signals_log(27.08)_v4.csv,,,,2026-08-27 00:00:00,ENDED,BULL,24.08 11:00,True,True,True,True,1h,,,,ENDED,BULL,24.08 11:00
2026-08-27 00:57:14,btc_signals_log(27.08)_v4.csv,,,,2026-08-27 00:00:00,ENDED,BULL,24.08 11:00,True,True,True,True,1h,,,,ENDED,BULL,24.08 11:00
2026-08-27 01:27:18,btc_signals_log(27.08)_v4.csv,,,,2026-08-27 01:00:00,ENDED,BULL,24.08 11:00,True,True,True,True,1h,,,,ENDED,BULL,24.08 11:00
2026-08-27 01:57:21,btc_signals_log(27.08)_v4.csv,,,,2026-08-27 01:00:00,ENDED,BULL,24.08 11:00,True,True,True,True,1h,,,,ENDED,BULL,24.08 11:00
2026-08-27 02:27:24,btc_signals_log(27.08)_v4.csv,,,,2026-08-27 02:00:00,ENDED,BULL,24.08 11:00,True,True,True,True,1h,,,,ENDED,BULL,24.08 11:00
2026-08-27 02:57:28,btc_signals_log(27.08)_v4.csv,,,,2026-08-27 02:00:00,ENDED,BULL,24.08 11:00,True,True,True,True,1h,,,,ENDED,BULL,24.08 11:00
2026-08-27 03:27:31,btc_signals_log(27.08)_v4.csv,,,,2026-08-27 03:00:00,ENDED,BULL,24.08 11:00,True,True,True,True,1h,,,,ENDED,BULL,24.08 11:00
2026-08-27 03:57:34,btc_signals_log(27.08)_v4.csv,,,,2026-08-27 03:00:00,ENDED,BULL,24.08 11:00,True,True,True,True,1h,,,,ENDED,BULL,24.08 11:00
2026-08-27 04:27:37,btc_signals_log(27.08)_v4.csv,,,,2026-08-27 04:00:00,ENDED,BULL,24.08 11:00,True,True,True,True,1h,,,,ENDED,BULL,24.08 11:00
2026-08-27 04:57:40,btc_signals_log(27.08)_v4.csv,,,,2026-08-27 04:00:00,ENDED,BULL,24.08 11:00,True,True,True,True,1h,,,,ENDED,BULL,24.08 11:00
2026-08-27 05:27:44,btc_signals_log(27.08)_v4.csv,,,,2026-08-27 05:00:00,ENDED,BULL,24.08 11:00,True,True,True,True,1h,,,,ENDED,BULL,24.08 11:00
2026-08-27 05:57:47,btc_signals_log(27.08)_v4.csv,,,,2026-08-27 05:00:00,ENDED,BULL,24.08 11:00,True,True,True,True,1h,,,,ENDED,BULL,24.08 11:00
2026-08-27 06:27:50,btc_signals_log(27.08)_v4.csv,,,,2026-08-27 06:00:00,ENDED,BULL,24.08 11:00,True,True,True,True,1h,,,,ENDED,BULL,24.08 11:00
2026-08-27 06:57:53,btc_signals_log(27.08)_v4.csv,,,,2026-08-27 06:00:00,ENDED,BULL,24.08 11:00,True,True,True,True,1h,,,,ENDED,BULL,24.08 11:00
2026-08-27 07:27:57,btc_signals_log(27.08)_v4.csv,,,,2026-08-27 07:00:00,ENDED,BULL,24.08 11:00,True,True,True,True,1h,,,,ENDED,BULL,24.08 11:00
2026-08-27 07:58:00,btc_signals_log(27.08)_v4.csv,,,,2026-08-27 07:00:00,ENDED,BULL,24.08 11:00,True,True,True,True,1h,,,,ENDED,BULL,24.08 11:00
2026-08-27 08:28:04,btc_signals_log(27.08)_v4.csv,,,,2026-08-27 08:00:00,ENDED,BULL,24.08 11:00,True,True,True,True,1h,,,,ENDED,BULL,24.08 11:00
2026-08-27 08:58:07,btc_signals_log(27.08)_v4.csv,,,,2026-08-27 08:00:00,ENDED,BULL,24.08 11:00,True,True,True,True,1h,,,,ENDED,BULL,24.08 11:00
2026-08-27 09:28:10,btc_signals_log(27.08)_v4.csv,,,,2026-08-27 09:00:00,ACTIVE,BULL,27.08 08:00,True,True,True,True,1h,,,,ACTIVE,BULL,27.08 08:00
2026-08-27 09:58:13,btc_signals_log(27.08)_v4.csv,,,,2026-08-27 09:00:00,ACTIVE,BULL,27.08 08:00,True,True,True,True,1h,,,,ACTIVE,BULL,27.08 08:00
2026-08-27 10:28:17,btc_signals_log(27.08)_v4.csv,,,,2026-08-27 10:00:00,ACTIVE,BULL,27.08 08:00,True,True,True,True,1h,,,,ACTIVE,BULL,27.08 08:00
2026-08-27 10:58:20,btc_signals_log(27.08)_v4.csv,,,,2026-08-27 10:00:00,ACTIVE,BULL,27.08 08:00,True,True,True,True,1h,,,,ACTIVE,BULL,27.08 08:00
2026-08-27 11:28:23,btc_signals_log(27.08)_v4.csv,,,,2026-08-27 11:00:00,ACTIVE,BULL,27.08 08:00,True,True,True,True,1h,,,,ACTIVE,BULL,27.08 08:00
2026-08-27 11:58:26,btc_signals_log(27.08)_v4.csv,,,,2026-08-27 11:00:00,ACTIVE,BULL,27.08 08:00,True,True,True,True,1h,,,,ACTIVE,BULL,27.08 08:00
2026-08-27 12:28:29,btc_signals_log(27.08)_v4.csv,,,,2026-08-27 12:00:00,ACTIVE,BULL,27.08 08:00,True,True,True,True,1h,,,,ACTIVE,BULL,27.08 08:00
2026-08-27 12:58:33,btc_signals_log(27.08)_v4.csv,,,,2026-08-27 12:00:00,ACTIVE,BULL,27.08 08:00,True,True,True,True,1h,,,,ACTIVE,BULL,27.08 08:00
2026-08-27 13:28:36,btc_signals_log(27.08)_v4.csv,,,,2026-08-27 13:00:00,ACTIVE,BULL,27.08 08:00,True,True,True,True,1h,,,,ACTIVE,BULL,27.08 08:00
2026-08-27 13:58:40,btc_signals_log(27.08)_v4.csv,,,,2026-08-27 13:00:00,ACTIVE,BULL,27.08 08:00,True,True,True,True,1h,,,,ACTIVE,BULL,27.08 08:00
2026-08-27 14:28:43,btc_signals_log(27.08)_v4.csv,,,,2026-08-27 14:00:00,ACTIVE,BULL,27.08 08:00,True,True,True,True,1h,,,,ACTIVE,BULL,27.08 08:00
2026-08-27 14:58:47,btc_signals_log(27.08)_v4.csv,,,,2026-08-27 14:00:00,ACTIVE,BULL,27.08 08:00,True,True,True,True,1h,,,,ACTIVE,BULL,27.08 08:00
2026-08-27 15:28:50,btc_signals_log(27.08)_v4.csv,,,,2026-08-27 15:00:00,ACTIVE,BULL,27.08 08:00,True,True,True,True,1h,,,,ACTIVE,BULL,27.08 08:00
2026-08-27 15:58:54,btc_signals_log(27.08)_v4.csv,,,,2026-08-27 15:00:00,ACTIVE,BULL,27.08 08:00,True,True,True,True,1h,,,,ACTIVE,BULL,27.08 08:00
2026-08-27 16:28:57,btc_signals_log(27.08)_v4.csv,,,,2026-08-27 16:00:00,ACTIVE,BULL,27.08 08:00,True,True,True,True,1h,,,,ACTIVE,BULL,27.08 08:00
2026-08-27 16:59:01,btc_signals_log(27.08)_v4.csv,,,,2026-08-27 16:00:00,ACTIVE,BULL,27.08 08:00,True,True,True,True,1h,,,,ACTIVE,BULL,27.08 08:00
2026-08-27 17:29:04,btc_signals_log(27.08)_v4.csv,,,,2026-08-27 17:00:00,ACTIVE,BULL,27.08 08:00,True,True,True,True,1h,,,,ACTIVE,BULL,27.08 08:00
2026-08-27 17:59:07,btc_signals_log(27.08)_v4.csv,,,,2026-08-27 17:00:00,ACTIVE,BULL,27.08 08:00,True,True,True,True,1h,,,,ACTIVE,BULL,27.08 08:00
2026-08-27 18:29:10,btc_signals_log(27.08)_v4.csv,,,,2026-08-27 18:00:00,ACTIVE,BULL,27.08 08:00,True,True,True,True,1h,,,,ACTIVE,BULL,27.08 08:00
2026-08-27 18:59:14,btc_signals_log(27.08)_v4.csv,,,,2026-08-27 18:00:00,ACTIVE,BULL,27.08 08:00,True,True,True,True,1h,,,,ACTIVE,BULL,27.08 08:00
2026-08-27 19:29:17,btc_signals_log(27.08)_v4.csv,,,,2026-08-27 19:00:00,ACTIVE,BULL,27.08 08:00,True,True,True,True,1h,,,,ACTIVE,BULL,27.08 08:00
2026-08-27 19:59:21,btc_signals_log(27.08)_v4.csv,,,,2026-08-27 19:00:00,ACTIVE,BULL,27.08 08:00,True,True,True,True,1h,,,,ACTIVE,BULL,27.08 08:00
2026-08-27 20:29:24,btc_signals_log(27.08)_v4.csv,,,,2026-08-27 20:00:00,ACTIVE,BULL,27.08 08:00,True,True,True,True,1h,,,,ACTIVE,BULL,27.08 08:00
2026-08-27 20:59:28,btc_signals_log(27.08)_v4.csv,,,,2026-08-27 20:00:00,ACTIVE,BULL,27.08 08:00,True,True,True,True,1h,,,,ACTIVE,BULL,27.08 08:00
2026-08-27 21:29:32,btc_signals_log(27.08)_v4.csv,,,,2026-08-27 21:00:00,ACTIVE,BULL,27.08 08:00,True,True,True,True,1h,,,,ACTIVE,BULL,27.08 08:00
2026-08-27 21:59:35,btc_signals_log(27.08)_v4.csv,,,,2026-08-27 21:00:00,ACTIVE,BULL,27.08 08:00,True,True,True,True,1h,,,,ACTIVE,BULL,27.08 08:00
2026-08-27 22:29:38,btc_signals_log(27.08)_v4.csv,,,,2026-08-27 22:00:00,ACTIVE,BULL,27.08 08:00,True,True,True,True,1h,,,,ACTIVE,BULL,27.08 08:00
2026-08-27 22:59:41,btc_signals_log(27.08)_v4.csv,,,,2026-08-27 22:00:00,ACTIVE,BULL,27.08 08:00,True,True,True,True,1h,,,,ACTIVE,BULL,27.08 08:00
2026-08-27 23:29:45,btc_signals_log(27.08)_v4.csv,,,,2026-08-27 23:00:00,ACTIVE,BULL,27.08 08:00,True,True,True,True,1h,,,,ACTIVE,BULL,27.08 08:00
2026-08-27 23:59:48,btc_signals_log(27.08)_v4.csv,,,,2026-08-27 23:00:00,ACTIVE,BULL,27.08 08:00,True,True,True,True,1h,,,,ACTIVE,BULL,27.08 08:00
2026-08-28 00:29:51,btc_signals_log(28.08)_v4.csv,,,,2026-08-28 00:00:00,ACTIVE,BULL,27.08 08:00,True,True,True,True,1h,,,,ACTIVE,BULL,27.08 08:00
2026-08-28 00:59:54,btc_signals_log(28.08)_v4.csv,,,,2026-08-28 00:00:00,ACTIVE,BULL,27.08 08:00,True,True,True,True,1h,,,,ACTIVE,BULL,27.08 08:00
2026-08-28 01:29:58,btc_signals_log(28.08)_v4.csv,,,,2026-08-28 01:00:00,ACTIVE,BULL,27.08 08:00,True,True,True,True,1h,,,,ACTIVE,BULL,27.08 08:00
2026-08-28 02:00:03,btc_signals_log(28.08)_v4.csv,,,,2026-08-28 02:00:00,ACTIVE,BULL,27.08 08:00,True,True,True,True,1h,,,,ACTIVE,BULL,27.08 08:00
2026-08-28 02:30:06,btc_signals_log(28.08)_v4.csv,,,,2026-08-28 02:00:00,ACTIVE,BULL,27.08 08:00,True,True,True,True,1h,,,,ACTIVE,BULL,27.08 08:00
2026-08-28 03:00:09,btc_signals_log(28.08)_v4.csv,,,,2026-08-28 03:00:00,ACTIVE,BULL,27.08 08:00,True,True,True,True,1h,,,,ACTIVE,BULL,27.08 08:00
2026-08-28 03:30:13,btc_signals_log(28.08)_v4.csv,,,,2026-08-28 03:00:00,ACTIVE,BULL,27.08 08:00,True,True,True,True,1h,,,,ACTIVE,BULL,27.08 08:00
2026-08-28 04:00:16,btc_signals_log(28.08)_v4.csv,,,,2026-08-28 04:00:00,ACTIVE,BULL,27.08 08:00,True,True,True,True,1h,,,,ACTIVE,BULL,27.08 08:00
2026-08-28 04:30:19,btc_signals_log(28.08)_v4.csv,,,,2026-08-28 04:00:00,ACTIVE,BULL,27.08 08:00,True,True,True,True,1h,,,,ACTIVE,BULL,27.08 08:00
2026-08-28 05:00:22,btc_signals_log(28.08)_v4.csv,,,,2026-08-28 05:00:00,ENDED,BULL,27.08 08:00,True,True,True,True,1h,,,,ENDED,BULL,27.08 08:00
2026-08-28 05:30:25,btc_signals_log(28.08)_v4.csv,,,,2026-08-28 05:00:00,ENDED,BULL,27.08 08:00,True,True,True,True,1h,,,,ENDED,BULL,27.08 08:00
2026-08-28 06:00:28,btc_signals_log(28.08)_v4.csv,,,,2026-08-28 06:00:00,ENDED,BULL,27.08 08:00,True,True,True,True,1h,,,,ENDED,BULL,27.08 08:00
2026-08-28 06:30:31,btc_signals_log(28.08)_v4.csv,,,,2026-08-28 06:00:00,ENDED,BULL,27.08 08:00,True,True,True,True,1h,,,,ENDED,BULL,27.08 08:00
2026-08-28 07:00:34,btc_signals_log(28.08)_v4.csv,,,,2026-08-28 07:00:00,ENDED,BULL,27.08 08:00,True,True,True,True,1h,,,,ENDED,BULL,27.08 08:00
2026-08-28 07:30:38,btc_signals_log(28.08)_v4.csv,,,,2026-08-28 07:00:00,ENDED,BULL,27.08 08:00,True,True,True,True,1h,,,,ENDED,BULL,27.08 08:00
2026-08-28 08:00:41,btc_signals_log(28.08)_v4.csv,,,,2026-08-28 08:00:00,ENDED,BULL,27.08 08:00,True,True,True,True,1h,,,,ENDED,BULL,27.08 08:00
2026-08-28 08:30:44,btc_signals_log(28.08)_v4.csv,,,,2026-08-28 08:00:00,ENDED,BULL,27.08 08:00,True,True,True,True,1h,,,,ENDED,BULL,27.08 08:00
2026-08-28 09:00:48,btc_signals_log(28.08)_v4.csv,,,,2026-08-28 09:00:00,ENDED,BULL,27.08 08:00,True,True,True,True,1h,,,,ENDED,BULL,27.08 08:00
2026-08-28 09:30:51,btc_signals_log(28.08)_v4.csv,,,,2026-08-28 09:00:00,ENDED,BULL,27.08 08:00,True,True,True,True,1h,,,,ENDED,BULL,27.08 08:00
2026-08-28 10:00:54,btc_signals_log(28.08)_v4.csv,,,,2026-08-28 10:00:00,ENDED,BULL,27.08 08:00,True,True,True,True,1h,,,,ENDED,BULL,27.08 08:00
2026-08-28 10:30:57,btc_signals_log(28.08)_v4.csv,,,,2026-08-28 10:00:00,ENDED,BULL,27.08 08:00,True,True,True,True,1h,,,,ENDED,BULL,27.08 08:00
2026-08-28 11:01:00,btc_signals_log(28.08)_v4.csv,,,,2026-08-28 11:00:00,ENDED,BULL,27.08 08:00,True,True,True,True,1h,,,,ENDED,BULL,27.08 08:00
2026-08-28 11:31:04,btc_signals_log(28.08)_v4.csv,,,,2026-08-28 11:00:00,ENDED,BULL,27.08 08:00,True,True,True,True,1h,,,,ENDED,BULL,27.08 08:00
2026-08-28 12:01:07,btc_signals_log(28.08)_v4.csv,,,,2026-08-28 12:00:00,ENDED,BULL,27.08 08:00,True,True,True,True,1h,,,,ENDED,BULL,27.08 08:00
2026-08-28 13:25:28,btc_signals_log(28.08)_v4.csv,,,,2026-08-28 13:00:00,ENDED,BULL,27.08 08:00,True,True,True,True,1h,,,,ENDED,BULL,27.08 08:00
2026-08-28 13:55:32,btc_signals_log(28.08)_v4.csv,,,,2026-08-28 13:00:00,ENDED,BULL,27.08 08:00,True,True,True,True,1h,,,,ENDED,BULL,27.08 08:00
2026-08-28 14:25:36,btc_signals_log(28.08)_v4.csv,,,,2026-08-28 14:00:00,ENDED,BULL,27.08 08:00,True,True,True,True,1h,,,,ENDED,BULL,27.08 08:00
2026-08-28 14:55:39,btc_signals_log(28.08)_v4.csv,,,,2026-08-28 14:00:00,ENDED,BULL,27.08 08:00,True,True,True,True,1h,,,,ENDED,BULL,27.08 08:00
2026-08-28 15:25:43,btc_signals_log(28.08)_v4.csv,,,,2026-08-28 15:00:00,ENDED,BULL,27.08 08:00,True,True,True,True,1h,,,,ENDED,BULL,27.08 08:00
2026-08-28 15:55:46,btc_signals_log(28.08)_v4.csv,,,,2026-08-28 15:00:00,ENDED,BULL,27.08 08:00,True,True,True,True,1h,,,,ENDED,BULL,27.08 08:00
2026-08-28 16:25:49,btc_signals_log(28.08)_v4.csv,,,,2026-08-28 16:00:00,ENDED,BULL,27.08 08:00,True,True,True,True,1h,,,,ENDED,BULL,27.08 08:00
2026-08-28 16:55:53,btc_signals_log(28.08)_v4.csv,,,,2026-08-28 16:00:00,ENDED,BULL,27.08 08:00,True,True,True,True,1h,,,,ENDED,BULL,27.08 08:00
2026-08-28 17:25:56,btc_signals_log(28.08)_v4.csv,,,,2026-08-28 17:00:00,ENDED,BULL,27.08 08:00,True,True,True,True,1h,,,,ENDED,BULL,27.08 08:00
2026-08-28 17:55:59,btc_signals_log(28.08)_v4.csv,,,,2026-08-28 17:00:00,ENDED,BULL,27.08 08:00,True,True,True,True,1h,,,,ENDED,BULL,27.08 08:00
2026-08-28 18:26:03,btc_signals_log(28.08)_v4.csv,,,,2026-08-28 18:00:00,ENDED,BULL,27.08 08:00,True,True,True,True,1h,,,,ENDED,BULL,27.08 08:00
2026-08-28 18:56:06,btc_signals_log(28.08)_v4.csv,,,,2026-08-28 18:00:00,ENDED,BULL,27.08 08:00,True,True,True,True,1h,,,,ENDED,BULL,27.08 08:00
2026-08-28 19:26:09,btc_signals_log(28.08)_v4.csv,,,,2026-08-28 19:00:00,ACTIVE,BEAR,28.08 18:00,True,True,True,True,1h,,,,ACTIVE,BEAR,28.08 18:00
2026-08-28 19:56:13,btc_signals_log(28.08)_v4.csv,,,,2026-08-28 19:00:00,ACTIVE,BEAR,28.08 18:00,True,True,True,True,1h,,,,ACTIVE,BEAR,28.08 18:00
2026-08-28 20:26:16,btc_signals_log(28.08)_v4.csv,,,,2026-08-28 20:00:00,ACTIVE,BEAR,28.08 18:00,True,True,True,True,1h,,,,ACTIVE,BEAR,28.08 18:00
2026-08-28 20:56:20,btc_signals_log(28.08)_v4.csv,,,,2026-08-28 20:00:00,ACTIVE,BEAR,28.08 18:00,True,True,True,True,1h,,,,ACTIVE,BEAR,28.08 18:00
2026-08-28 21:26:23,btc_signals_log(28.08)_v4.csv,,,,2026-08-28 21:00:00,ACTIVE,BEAR,28.08 18:00,True,True,True,True,1h,,,,ACTIVE,BEAR,28.08 18:00
2026-08-28 21:56:26,btc_signals_log(28.08)_v4.csv,,,,2026-08-28 21:00:00,ACTIVE,BEAR,28.08 18:00,True,True,True,True,1h,,,,ACTIVE,BEAR,28.08 18:00
2026-08-28 22:26:29,btc_signals_log(28.08)_v4.csv,,,,2026-08-28 22:00:00,ACTIVE,BEAR,28.08 18:00,True,True,True,True,1h,,,,ACTIVE,BEAR,28.08 18:00
2026-08-28 22:56:32,btc_signals_log(28.08)_v4.csv,,,,2026-08-28 22:00:00,ACTIVE,BEAR,28.08 18:00,True,True,True,True,1h,,,,ACTIVE,BEAR,28.08 18:00
2026-08-28 23:26:35,btc_signals_log(28.08)_v4.csv,,,,2026-08-28 23:00:00,ACTIVE,BEAR,28.08 18:00,True,True,True,True,1h,,,,ACTIVE,BEAR,28.08 18:00
2026-08-28 23:56:38,btc_signals_log(28.08)_v4.csv,,,,2026-08-28 23:00:00,ACTIVE,BEAR,28.08 18:00,True,True,True,True,1h,,,,ACTIVE,BEAR,28.08 18:00
2026-08-29 00:26:41,btc_signals_log(29.08)_v4.csv,,,,2026-08-29 00:00:00,ACTIVE,BEAR,28.08 18:00,True,True,True,True,1h,,,,ACTIVE,BEAR,28.08 18:00
2026-08-29 00:56:44,btc_signals_log(29.08)_v4.csv,,,,2026-08-29 00:00:00,ACTIVE,BEAR,28.08 18:00,True,True,True,True,1h,,,,ACTIVE,BEAR,28.08 18:00
2026-08-29 01:26:47,btc_signals_log(29.08)_v4.csv,,,,2026-08-29 01:00:00,ACTIVE,BEAR,28.08 18:00,True,True,True,True,1h,,,,ACTIVE,BEAR,28.08 18:00
2026-08-29 01:56:50,btc_signals_log(29.08)_v4.csv,,,,2026-08-29 01:00:00,ACTIVE,BEAR,28.08 18:00,True,True,True,True,1h,,,,ACTIVE,BEAR,28.08 18:00
2026-08-29 02:26:53,btc_signals_log(29.08)_v4.csv,,,,2026-08-29 02:00:00,ACTIVE,BEAR,28.08 18:00,True,True,True,True,1h,,,,ACTIVE,BEAR,28.08 18:00
2026-08-29 02:56:57,btc_signals_log(29.08)_v4.csv,,,,2026-08-29 02:00:00,ACTIVE,BEAR,28.08 18:00,True,True,True,True,1h,,,,ACTIVE,BEAR,28.08 18:00
2026-08-29 03:27:00,btc_signals_log(29.08)_v4.csv,,,,2026-08-29 03:00:00,ACTIVE,BEAR,28.08 18:00,True,True,True,True,1h,,,,ACTIVE,BEAR,28.08 18:00
2026-08-29 03:57:04,btc_signals_log(29.08)_v4.csv,,,,2026-08-29 03:00:00,ACTIVE,BEAR,28.08 18:00,True,True,True,True,1h,,,,ACTIVE,BEAR,28.08 18:00
2026-08-29 04:27:07,btc_signals_log(29.08)_v4.csv,,,,2026-08-29 04:00:00,ACTIVE,BEAR,28.08 18:00,True,True,True,True,1h,,,,ACTIVE,BEAR,28.08 18:00
2026-08-29 04:57:10,btc_signals_log(29.08)_v4.csv,,,,2026-08-29 04:00:00,ACTIVE,BEAR,28.08 18:00,True,True,True,True,1h,,,,ACTIVE,BEAR,28.08 18:00
2026-08-29 05:27:15,btc_signals_log(29.08)_v4.csv,,,,2026-08-29 05:00:00,ACTIVE,BEAR,28.08 18:00,True,True,True,True,1h,,,,ACTIVE,BEAR,28.08 18:00
2026-08-29 05:57:19,btc_signals_log(29.08)_v4.csv,,,,2026-08-29 05:00:00,ACTIVE,BEAR,28.08 18:00,True,True,True,True,1h,,,,ACTIVE,BEAR,28.08 18:00
2026-08-29 06:27:22,btc_signals_log(29.08)_v4.csv,,,,2026-08-29 06:00:00,ACTIVE,BEAR,28.08 18:00,True,True,True,True,1h,,,,ACTIVE,BEAR,28.08 18:00
2026-08-29 06:57:25,btc_signals_log(29.08)_v4.csv,,,,2026-08-29 06:00:00,ACTIVE,BEAR,28.08 18:00,True,True,True,True,1h,,,,ACTIVE,BEAR,28.08 18:00
2026-08-29 07:27:28,btc_signals_log(29.08)_v4.csv,,,,2026-08-29 07:00:00,ACTIVE,BEAR,28.08 18:00,True,True,True,True,1h,,,,ACTIVE,BEAR,28.08 18:00
2026-08-29 07:57:31,btc_signals_log(29.08)_v4.csv,,,,2026-08-29 07:00:00,ACTIVE,BEAR,28.08 18:00,True,True,True,True,1h,,,,ACTIVE,BEAR,28.08 18:00
2026-08-29 08:27:34,btc_signals_log(29.08)_v4.csv,,,,2026-08-29 08:00:00,ACTIVE,BEAR,28.08 18:00,True,True,True,True,1h,,,,ACTIVE,BEAR,28.08 18:00
2026-08-29 08:57:38,btc_signals_log(29.08)_v4.csv,,,,2026-08-29 08:00:00,ACTIVE,BEAR,28.08 18:00,True,True,True,True,1h,,,,ACTIVE,BEAR,28.08 18:00
2026-08-29 09:27:41,btc_signals_log(29.08)_v4.csv,,,,2026-08-29 09:00:00,ACTIVE,BEAR,28.08 18:00,True,True,True,True,1h,,,,ACTIVE,BEAR,28.08 18:00
2026-08-29 09:57:45,btc_signals_log(29.08)_v4.csv,,,,2026-08-29 09:00:00,ACTIVE,BEAR,28.08 18:00,True,True,True,True,1h,,,,ACTIVE,BEAR,28.08 18:00
2026-08-29 10:27:48,btc_signals_log(29.08)_v4.csv,,,,2026-08-29 10:00:00,ACTIVE,BEAR,28.08 18:00,True,True,True,True,1h,,,,ACTIVE,BEAR,28.08 18:00
2026-08-29 10:57:51,btc_signals_log(29.08)_v4.csv,,,,2026-08-29 10:00:00,ACTIVE,BEAR,28.08 18:00,True,True,True,True,1h,,,,ACTIVE,BEAR,28.08 18:00
2026-08-29 11:27:54,btc_signals_log(29.08)_v4.csv,,,,2026-08-29 11:00:00,ACTIVE,BEAR,28.08 18:00,True,True,True,True,1h,,,,ACTIVE,BEAR,28.08 18:00
2026-08-29 11:57:58,btc_signals_log(29.08)_v4.csv,,,,2026-08-29 11:00:00,ACTIVE,BEAR,28.08 18:00,True,True,True,True,1h,,,,ACTIVE,BEAR,28.08 18:00
2026-08-29 12:28:01,btc_signals_log(29.08)_v4.csv,,,,2026-08-29 12:00:00,ACTIVE,BEAR,28.08 18:00,True,True,True,True,1h,,,,ACTIVE,BEAR,28.08 18:00
2026-08-29 12:58:04,btc_signals_log(29.08)_v4.csv,,,,2026-08-29 12:00:00,ACTIVE,BEAR,28.08 18:00,True,True,True,True,1h,,,,ACTIVE,BEAR,28.08 18:00
2026-08-29 13:28:07,btc_signals_log(29.08)_v4.csv,,,,2026-08-29 13:00:00,ACTIVE,BEAR,28.08 18:00,True,True,True,True,1h,,,,ACTIVE,BEAR,28.08 18:00
2026-08-29 13:58:10,btc_signals_log(29.08)_v4.csv,,,,2026-08-29 13:00:00,ACTIVE,BEAR,28.08 18:00,True,True,True,True,1h,,,,ACTIVE,BEAR,28.08 18:00
2026-08-29 14:28:14,btc_signals_log(29.08)_v4.csv,,,,2026-08-29 14:00:00,ACTIVE,BEAR,28.08 18:00,True,True,True,True,1h,,,,ACTIVE,BEAR,28.08 18:00
2026-08-29 14:58:17,btc_signals_log(29.08)_v4.csv,,,,2026-08-29 14:00:00,ACTIVE,BEAR,28.08 18:00,True,True,True,True,1h,,,,ACTIVE,BEAR,28.08 18:00
2026-08-29 15:28:20,btc_signals_log(29.08)_v4.csv,,,,2026-08-29 15:00:00,ENDED,BEAR,28.08 18:00,True,True,True,True,1h,,,,ENDED,BEAR,28.08 18:00
2026-08-29 15:58:24,btc_signals_log(29.08)_v4.csv,,,,2026-08-29 15:00:00,ENDED,BEAR,28.08 18:00,True,True,True,True,1h,,,,ENDED,BEAR,28.08 18:00
2026-08-29 16:28:27,btc_signals_log(29.08)_v4.csv,,,,2026-08-29 16:00:00,ENDED,BEAR,28.08 18:00,True,True,True,True,1h,,,,ENDED,BEAR,28.08 18:00
2026-08-29 16:58:30,btc_signals_log(29.08)_v4.csv,,,,2026-08-29 16:00:00,ENDED,BEAR,28.08 18:00,True,True,True,True,1h,,,,ENDED,BEAR,28.08 18:00
2026-08-29 17:28:34,btc_signals_log(29.08)_v4.csv,,,,2026-08-29 17:00:00,ENDED,BEAR,28.08 18:00,True,True,True,True,1h,,,,ENDED,BEAR,28.08 18:00
2026-08-29 17:58:37,btc_signals_log(29.08)_v4.csv,,,,2026-08-29 17:00:00,ENDED,BEAR,28.08 18:00,True,True,True,True,1h,,,,ENDED,BEAR,28.08 18:00
2026-08-29 18:28:40,btc_signals_log(29.08)_v4.csv,,,,2026-08-29 18:00:00,ENDED,BEAR,28.08 18:00,True,True,True,True,1h,,,,ENDED,BEAR,28.08 18:00
2026-08-29 18:58:44,btc_signals_log(29.08)_v4.csv,,,,2026-08-29 18:00:00,ENDED,BEAR,28.08 18:00,True,True,True,True,1h,,,,ENDED,BEAR,28.08 18:00
2026-08-29 19:28:47,btc_signals_log(29.08)_v4.csv,,,,2026-08-29 19:00:00,ENDED,BEAR,28.08 18:00,True,True,True,True,1h,,,,ENDED,BEAR,28.08 18:00
2026-08-29 19:58:51,btc_signals_log(29.08)_v4.csv,,,,2026-08-29 19:00:00,ENDED,BEAR,28.08 18:00,True,True,True,True,1h,,,,ENDED,BEAR,28.08 18:00
2026-08-29 20:28:54,btc_signals_log(29.08)_v4.csv,,,,2026-08-29 20:00:00,ENDED,BEAR,28.08 18:00,True,True,True,True,1h,,,,ENDED,BEAR,28.08 18:00
2026-08-29 20:58:57,btc_signals_log(29.08)_v4.csv,,,,2026-08-29 20:00:00,ENDED,BEAR,28.08 18:00,True,True,True,True,1h,,,,ENDED,BEAR,28.08 18:00
2026-08-29 21:29:00,btc_signals_log(29.08)_v4.csv,,,,2026-08-29 21:00:00,ENDED,BEAR,28.08 18:00,True,True,True,True,1h,,,,ENDED,BEAR,28.08 18:00
2026-08-29 21:59:04,btc_signals_log(29.08)_v4.csv,,,,2026-08-29 21:00:00,ENDED,BEAR,28.08 18:00,True,True,True,True,1h,,,,ENDED,BEAR,28.08 18:00
2026-08-29 22:29:08,btc_signals_log(29.08)_v4.csv,,,,2026-08-29 22:00:00,ENDED,BEAR,28.08 18:00,True,True,True,True,1h,,,,ENDED,BEAR,28.08 18:00
2026-08-29 22:59:11,btc_signals_log(29.08)_v4.csv,,,,2026-08-29 22:00:00,ENDED,BEAR,28.08 18:00,True,True,True,True,1h,,,,ENDED,BEAR,28.08 18:00
2026-08-29 23:29:14,btc_signals_log(29.08)_v4.csv,,,,2026-08-29 23:00:00,ENDED,BEAR,28.08 18:00,True,True,True,True,1h,,,,ENDED,BEAR,28.08 18:00
2026-08-29 23:59:18,btc_signals_log(29.08)_v4.csv,,,,2026-08-29 23:00:00,ENDED,BEAR,28.08 18:00,True,True,True,True,1h,,,,ENDED,BEAR,28.08 18:00
2026-08-30 00:29:21,btc_signals_log(30.08)_v4.csv,,,,2026-08-30 00:00:00,ENDED,BEAR,28.08 18:00,True,True,True,True,1h,,,,ENDED,BEAR,28.08 18:00
2026-08-30 00:59:24,btc_signals_log(30.08)_v4.csv,,,,2026-08-30 00:00:00,ENDED,BEAR,28.08 18:00,True,True,True,True,1h,,,,ENDED,BEAR,28.08 18:00
2026-08-30 01:29:28,btc_signals_log(30.08)_v4.csv,,,,2026-08-30 01:00:00,ENDED,BEAR,28.08 18:00,True,True,True,True,1h,,,,ENDED,BEAR,28.08 18:00
2026-08-30 01:59:31,btc_signals_log(30.08)_v4.csv,,,,2026-08-30 01:00:00,ENDED,BEAR,28.08 18:00,True,True,True,True,1h,,,,ENDED,BEAR,28.08 18:00
2026-08-30 02:29:34,btc_signals_log(30.08)_v4.csv,,,,2026-08-30 02:00:00,ENDED,BEAR,28.08 18:00,True,True,True,True,1h,,,,ENDED,BEAR,28.08 18:00
2026-08-30 02:59:38,btc_signals_log(30.08)_v4.csv,,,,2026-08-30 02:00:00,ENDED,BEAR,28.08 18:00,True,True,True,True,1h,,,,ENDED,BEAR,28.08 18:00
2026-08-30 03:29:41,btc_signals_log(30.08)_v4.csv,,,,2026-08-30 03:00:00,ENDED,BEAR,28.08 18:00,True,True,True,True,1h,,,,ENDED,BEAR,28.08 18:00
2026-08-30 03:59:44,btc_signals_log(30.08)_v4.csv,,,,2026-08-30 03:00:00,ENDED,BEAR,28.08 18:00,True,True,True,True,1h,,,,ENDED,BEAR,28.08 18:00
2026-08-30 04:29:47,btc_signals_log(30.08)_v4.csv,,,,2026-08-30 04:00:00,ENDED,BEAR,28.08 18:00,True,True,True,True,1h,,,,ENDED,BEAR,28.08 18:00
2026-08-30 04:59:51,btc_signals_log(30.08)_v4.csv,,,,2026-08-30 04:00:00,ENDED,BEAR,28.08 18:00,True,True,True,True,1h,,,,ENDED,BEAR,28.08 18:00
2026-08-30 05:29:54,btc_signals_log(30.08)_v4.csv,,,,2026-08-30 05:00:00,ENDED,BEAR,28.08 18:00,True,True,True,True,1h,,,,ENDED,BEAR,28.08 18:00
2026-08-30 05:59:57,btc_signals_log(30.08)_v4.csv,,,,2026-08-30 05:00:00,ENDED,BEAR,28.08 18:00,True,True,True,True,1h,,,,ENDED,BEAR,28.08 18:00
2026-08-30 06:30:01,btc_signals_log(30.08)_v4.csv,,,,2026-08-30 06:00:00,ENDED,BEAR,28.08 18:00,True,True,True,True,1h,,,,ENDED,BEAR,28.08 18:00
2026-08-30 07:00:07,btc_signals_log(30.08)_v4.csv,,,,2026-08-30 07:00:00,ENDED,BEAR,28.08 18:00,True,True,True,True,1h,,,,ENDED,BEAR,28.08 18:00
2026-08-30 07:30:10,btc_signals_log(30.08)_v4.csv,,,,2026-08-30 07:00:00,ENDED,BEAR,28.08 18:00,True,True,True,True,1h,,,,ENDED,BEAR,28.08 18:00
2026-08-30 08:00:13,btc_signals_log(30.08)_v4.csv,,,,2026-08-30 08:00:00,ENDED,BEAR,28.08 18:00,True,True,True,True,1h,,,,ENDED,BEAR,28.08 18:00
2026-08-30 08:30:17,btc_signals_log(30.08)_v4.csv,,,,2026-08-30 08:00:00,ENDED,BEAR,28.08 18:00,True,True,True,True,1h,,,,ENDED,BEAR,28.08 18:00
2026-08-30 09:00:20,btc_signals_log(30.08)_v4.csv,,,,2026-08-30 09:00:00,ENDED,BEAR,28.08 18:00,True,True,True,True,1h,,,,ENDED,BEAR,28.08 18:00
2026-08-30 09:30:23,btc_signals_log(30.08)_v4.csv,,,,2026-08-30 09:00:00,ENDED,BEAR,28.08 18:00,True,True,True,True,1h,,,,ENDED,BEAR,28.08 18:00
2026-08-30 10:00:26,btc_signals_log(30.08)_v4.csv,,,,2026-08-30 10:00:00,ENDED,BEAR,28.08 18:00,True,True,True,True,1h,,,,ENDED,BEAR,28.08 18:00
2026-08-30 10:30:29,btc_signals_log(30.08)_v4.csv,,,,2026-08-30 10:00:00,ENDED,BEAR,28.08 18:00,True,True,True,True,1h,,,,ENDED,BEAR,28.08 18:00
2026-08-30 11:00:33,btc_signals_log(30.08)_v4.csv,,,,2026-08-30 11:00:00,ENDED,BEAR,28.08 18:00,True,True,True,True,1h,,,,ENDED,BEAR,28.08 18:00
2026-08-30 11:30:36,btc_signals_log(30.08)_v4.csv,,,,2026-08-30 11:00:00,ENDED,BEAR,28.08 18:00,True,True,True,True,1h,,,,ENDED,BEAR,28.08 18:00
2026-08-30 12:00:40,btc_signals_log(30.08)_v4.csv,,,,2026-08-30 12:00:00,ENDED,BEAR,28.08 18:00,True,True,True,True,1h,,,,ENDED,BEAR,28.08 18:00
2026-08-30 12:30:43,btc_signals_log(30.08)_v4.csv,,,,2026-08-30 12:00:00,ENDED,BEAR,28.08 18:00,True,True,True,True,1h,,,,ENDED,BEAR,28.08 18:00
2026-08-30 13:00:47,btc_signals_log(30.08)_v4.csv,,,,2026-08-30 13:00:00,ENDED,BEAR,28.08 18:00,True,True,True,True,1h,,,,ENDED,BEAR,28.08 18:00
2026-08-30 13:30:50,btc_signals_log(30.08)_v4.csv,,,,2026-08-30 13:00:00,ENDED,BEAR,28.08 18:00,True,True,True,True,1h,,,,ENDED,BEAR,28.08 18:00
2026-08-30 14:00:53,btc_signals_log(30.08)_v4.csv,,,,2026-08-30 14:00:00,ENDED,BEAR,28.08 18:00,True,True,True,True,1h,,,,ENDED,BEAR,28.08 18:00
2026-08-30 14:30:57,btc_signals_log(30.08)_v4.csv,,,,2026-08-30 14:00:00,ENDED,BEAR,28.08 18:00,True,True,True,True,1h,,,,ENDED,BEAR,28.08 18:00
2026-08-30 15:01:00,btc_signals_log(30.08)_v4.csv,,,,2026-08-30 15:00:00,ENDED,BEAR,28.08 18:00,True,True,True,True,1h,,,,ENDED,BEAR,28.08 18:00
2026-08-30 15:31:04,btc_signals_log(30.08)_v4.csv,,,,2026-08-30 15:00:00,ENDED,BEAR,28.08 18:00,True,True,True,True,1h,,,,ENDED,BEAR,28.08 18:00
2026-08-30 16:01:07,btc_signals_log(30.08)_v4.csv,,,,2026-08-30 16:00:00,ENDED,BEAR,28.08 18:00,True,True,True,True,1h,,,,ENDED,BEAR,28.08 18:00
2026-08-30 16:31:11,btc_signals_log(30.08)_v4.csv,,,,2026-08-30 16:00:00,ENDED,BEAR,28.08 18:00,True,True,True,True,1h,,,,ENDED,BEAR,28.08 18:00
2026-08-30 17:01:14,btc_signals_log(30.08)_v4.csv,,,,2026-08-30 17:00:00,ACTIVE,BULL,30.08 16:00,True,True,True,True,1h,,,,ACTIVE,BULL,30.08 16:00
2026-08-30 17:31:18,btc_signals_log(30.08)_v4.csv,,,,2026-08-30 17:00:00,ACTIVE,BULL,30.08 16:00,True,True,True,True,1h,,,,ACTIVE,BULL,30.08 16:00
2026-08-30 18:01:23,btc_signals_log(30.08)_v4.csv,,,,2026-08-30 18:00:00,ACTIVE,BULL,30.08 16:00,True,True,True,True,1h,,,,ACTIVE,BULL,30.08 16:00
2026-08-30 18:31:26,btc_signals_log(30.08)_v4.csv,,,,2026-08-30 18:00:00,ACTIVE,BULL,30.08 16:00,True,True,True,True,1h,,,,ACTIVE,BULL,30.08 16:00
2026-08-30 19:01:29,btc_signals_log(30.08)_v4.csv,,,,2026-08-30 19:00:00,ACTIVE,BULL,30.08 16:00,True,True,True,True,1h,,,,ACTIVE,BULL,30.08 16:00
2026-08-30 19:31:33,btc_signals_log(30.08)_v4.csv,,,,2026-08-30 19:00:00,ACTIVE,BULL,30.08 16:00,True,True,True,True,1h,,,,ACTIVE,BULL,30.08 16:00
2026-08-30 20:01:36,btc_signals_log(30.08)_v4.csv,,,,2026-08-30 20:00:00,ACTIVE,BULL,30.08 16:00,True,True,True,True,1h,,,,ACTIVE,BULL,30.08 16:00
2026-08-30 20:31:39,btc_signals_log(30.08)_v4.csv,,,,2026-08-30 20:00:00,ACTIVE,BULL,30.08 16:00,True,True,True,True,1h,,,,ACTIVE,BULL,30.08 16:00
2026-08-30 21:01:42,btc_signals_log(30.08)_v4.csv,,,,2026-08-30 21:00:00,ACTIVE,BULL,30.08 16:00,True,True,True,True,1h,,,,ACTIVE,BULL,30.08 16:00
2026-08-30 21:31:46,btc_signals_log(30.08)_v4.csv,,,,2026-08-30 21:00:00,ACTIVE,BULL,30.08 16:00,True,True,True,True,1h,,,,ACTIVE,BULL,30.08 16:00
2026-08-30 22:01:49,btc_signals_log(30.08)_v4.csv,,,,2026-08-30 22:00:00,ACTIVE,BULL,30.08 16:00,True,True,True,True,1h,,,,ACTIVE,BULL,30.08 16:00
2026-08-30 22:31:52,btc_signals_log(30.08)_v4.csv,,,,2026-08-30 22:00:00,ACTIVE,BULL,30.08 16:00,True,True,True,True,1h,,,,ACTIVE,BULL,30.08 16:00
2026-08-30 23:01:55,btc_signals_log(30.08)_v4.csv,,,,2026-08-30 23:00:00,ACTIVE,BULL,30.08 16:00,True,True,True,True,1h,,,,ACTIVE,BULL,30.08 16:00
2026-08-30 23:31:59,btc_signals_log(30.08)_v4.csv,,,,2026-08-30 23:00:00,ACTIVE,BULL,30.08 16:00,True,True,True,True,1h,,,,ACTIVE,BULL,30.08 16:00
2026-08-31 00:02:02,btc_signals_log(31.08)_v4.csv,,,,2026-08-31 00:00:00,ACTIVE,BULL,30.08 16:00,True,True,True,True,1h,,,,ACTIVE,BULL,30.08 16:00
2026-08-31 00:32:05,btc_signals_log(31.08)_v4.csv,,,,2026-08-31 00:00:00,ACTIVE,BULL,30.08 16:00,True,True,True,True,1h,,,,ACTIVE,BULL,30.08 16:00
2026-08-31 01:02:08,btc_signals_log(31.08)_v4.csv,,,,2026-08-31 01:00:00,ACTIVE,BULL,30.08 16:00,True,True,True,True,1h,,,,ACTIVE,BULL,30.08 16:00
2026-08-31 01:32:12,btc_signals_log(31.08)_v4.csv,,,,2026-08-31 01:00:00,ACTIVE,BULL,30.08 16:00,True,True,True,True,1h,,,,ACTIVE,BULL,30.08 16:00
2026-08-31 02:02:15,btc_signals_log(31.08)_v4.csv,,,,2026-08-31 02:00:00,ACTIVE,BULL,30.08 16:00,True,True,True,True,1h,,,,ACTIVE,BULL,30.08 16:00
2026-08-31 02:32:18,btc_signals_log(31.08)_v4.csv,,,,2026-08-31 02:00:00,ACTIVE,BULL,30.08 16:00,True,True,True,True,1h,,,,ACTIVE,BULL,30.08 16:00
2026-08-31 03:02:22,btc_signals_log(31.08)_v4.csv,,,,2026-08-31 03:00:00,ACTIVE,BULL,30.08 16:00,True,True,True,True,1h,,,,ACTIVE,BULL,30.08 16:00
2026-08-31 03:32:25,btc_signals_log(31.08)_v4.csv,,,,2026-08-31 03:00:00,ACTIVE,BULL,30.08 16:00,True,True,True,True,1h,,,,ACTIVE,BULL,30.08 16:00
2026-08-31 04:02:28,btc_signals_log(31.08)_v4.csv,,,,2026-08-31 04:00:00,ACTIVE,BULL,30.08 16:00,True,True,True,True,1h,,,,ACTIVE,BULL,30.08 16:00
2026-08-31 04:32:31,btc_signals_log(31.08)_v4.csv,,,,2026-08-31 04:00:00,ACTIVE,BULL,30.08 16:00,True,True,True,True,1h,,,,ACTIVE,BULL,30.08 16:00
2026-08-31 05:02:35,btc_signals_log(31.08)_v4.csv,,,,2026-08-31 05:00:00,ACTIVE,BULL,30.08 16:00,True,True,True,True,1h,,,,ACTIVE,BULL,30.08 16:00
2026-08-31 05:32:38,btc_signals_log(31.08)_v4.csv,,,,2026-08-31 05:00:00,ACTIVE,BULL,30.08 16:00,True,True,True,True,1h,,,,ACTIVE,BULL,30.08 16:00
2026-08-31 06:02:41,btc_signals_log(31.08)_v4.csv,,,,2026-08-31 06:00:00,ACTIVE,BULL,30.08 16:00,True,True,True,True,1h,,,,ACTIVE,BULL,30.08 16:00
2026-08-31 06:32:44,btc_signals_log(31.08)_v4.csv,,,,2026-08-31 06:00:00,ACTIVE,BULL,30.08 16:00,True,True,True,True,1h,,,,ACTIVE,BULL,30.08 16:00
2026-08-31 07:02:48,btc_signals_log(31.08)_v4.csv,,,,2026-08-31 07:00:00,ACTIVE,BULL,30.08 16:00,True,True,True,True,1h,,,,ACTIVE,BULL,30.08 16:00
2026-08-31 07:32:51,btc_signals_log(31.08)_v4.csv,,,,2026-08-31 07:00:00,ACTIVE,BULL,30.08 16:00,True,True,True,True,1h,,,,ACTIVE,BULL,30.08 16:00
2026-08-31 08:02:54,btc_signals_log(31.08)_v4.csv,,,,2026-08-31 08:00:00,ACTIVE,BULL,30.08 16:00,True,True,True,True,1h,,,,ACTIVE,BULL,30.08 16:00
2026-08-31 08:32:58,btc_signals_log(31.08)_v4.csv,,,,2026-08-31 08:00:00,ACTIVE,BULL,30.08 16:00,True,True,True,True,1h,,,,ACTIVE,BULL,30.08 16:00
2026-08-31 09:03:01,btc_signals_log(31.08)_v4.csv,,,,2026-08-31 09:00:00,ACTIVE,BULL,30.08 16:00,True,True,True,True,1h,,,,ACTIVE,BULL,30.08 16:00
2026-08-31 09:33:04,btc_signals_log(31.08)_v4.csv,,,,2026-08-31 09:00:00,ACTIVE,BULL,30.08 16:00,True,True,True,True,1h,,,,ACTIVE,BULL,30.08 16:00
2026-08-31 10:03:08,btc_signals_log(31.08)_v4.csv,,,,2026-08-31 10:00:00,ACTIVE,BULL,30.08 16:00,True,True,True,True,1h,,,,ACTIVE,BULL,30.08 16:00
2026-08-31 10:33:13,btc_signals_log(31.08)_v4.csv,,,,2026-08-31 10:00:00,ACTIVE,BULL,30.08 16:00,True,True,True,True,1h,,,,ACTIVE,BULL,30.08 16:00
2026-08-31 11:03:18,btc_signals_log(31.08)_v4.csv,,,,2026-08-31 11:00:00,ACTIVE,BULL,30.08 16:00,True,True,True,True,1h,,,,ACTIVE,BULL,30.08 16:00
2026-08-31 11:33:22,btc_signals_log(31.08)_v4.csv,,,,2026-08-31 11:00:00,ACTIVE,BULL,30.08 16:00,True,True,True,True,1h,,,,ACTIVE,BULL,30.08 16:00
2026-08-31 12:03:25,btc_signals_log(31.08)_v4.csv,,,,2026-08-31 12:00:00,ACTIVE,BULL,30.08 16:00,True,True,True,True,1h,,,,ACTIVE,BULL,30.08 16:00
2026-08-31 12:33:28,btc_signals_log(31.08)_v4.csv,,,,2026-08-31 12:00:00,ACTIVE,BULL,30.08 16:00,True,True,True,True,1h,,,,ACTIVE,BULL,30.08 16:00
2026-08-31 13:03:34,btc_signals_log(31.08)_v4.csv,,,,2026-08-31 13:00:00,ACTIVE,BULL,30.08 16:00,True,True,True,True,1h,,,,ACTIVE,BULL,30.08 16:00
2026-08-31 13:33:37,btc_signals_log(31.08)_v4.csv,,,,2026-08-31 13:00:00,ACTIVE,BULL,30.08 16:00,True,True,True,True,1h,,,,ACTIVE,BULL,30.08 16:00
2026-08-31 14:03:42,btc_signals_log(31.08)_v4.csv,,,,2026-08-31 14:00:00,ACTIVE,BULL,30.08 16:00,True,True,True,True,1h,,,,ACTIVE,BULL,30.08 16:00
2026-08-31 14:33:48,btc_signals_log(31.08)_v4.csv,,,,2026-08-31 14:00:00,ACTIVE,BULL,30.08 16:00,True,True,True,True,1h,,,,ACTIVE,BULL,30.08 16:00
2026-08-31 15:03:51,btc_signals_log(31.08)_v4.csv,,,,2026-08-31 15:00:00,ACTIVE,BULL,30.08 16:00,True,True,True,True,1h,,,,ACTIVE,BULL,30.08 16:00
2026-08-31 15:33:55,btc_signals_log(31.08)_v4.csv,,,,2026-08-31 15:00:00,ACTIVE,BULL,30.08 16:00,True,True,True,True,1h,,,,ACTIVE,BULL,30.08 16:00
2026-08-31 16:03:58,btc_signals_log(31.08)_v4.csv,,,,2026-08-31 16:00:00,ACTIVE,BULL,30.08 16:00,True,True,True,True,1h,,,,ACTIVE,BULL,30.08 16:00
2026-08-31 16:34:01,btc_signals_log(31.08)_v4.csv,,,,2026-08-31 16:00:00,ACTIVE,BULL,30.08 16:00,True,True,True,True,1h,,,,ACTIVE,BULL,30.08 16:00
2026-08-31 17:04:05,btc_signals_log(31.08)_v4.csv,,,,2026-08-31 17:00:00,ACTIVE,BULL,30.08 16:00,True,True,True,True,1h,,,,ACTIVE,BULL,30.08 16:00
2026-08-31 17:34:08,btc_signals_log(31.08)_v4.csv,,,,2026-08-31 17:00:00,ACTIVE,BULL,30.08 16:00,True,True,True,True,1h,,,,ACTIVE,BULL,30.08 16:00
2026-08-31 18:04:12,btc_signals_log(31.08)_v4.csv,,,,2026-08-31 18:00:00,ACTIVE,BULL,30.08 16:00,True,True,True,True,1h,,,,ACTIVE,BULL,30.08 16:00
2026-08-31 18:34:16,btc_signals_log(31.08)_v4.csv,,,,2026-08-31 18:00:00,ACTIVE,BULL,30.08 16:00,True,True,True,True,1h,,,,ACTIVE,BULL,30.08 16:00
2026-08-31 19:04:22,btc_signals_log(31.08)_v4.csv,,,,2026-08-31 19:00:00,ACTIVE,BULL,30.08 16:00,True,True,True,True,1h,,,,ACTIVE,BULL,30.08 16:00
2026-08-31 19:34:28,btc_signals_log(31.08)_v4.csv,,,,2026-08-31 19:00:00,ACTIVE,BULL,30.08 16:00,True,True,True,True,1h,,,,ACTIVE,BULL,30.08 16:00
2026-08-31 20:04:32,btc_signals_log(31.08)_v4.csv,,,,2026-08-31 20:00:00,ACTIVE,BULL,30.08 16:00,True,True,True,True,1h,,,,ACTIVE,BULL,30.08 16:00
2026-08-31 20:34:36,btc_signals_log(31.08)_v4.csv,,,,2026-08-31 20:00:00,ACTIVE,BULL,30.08 16:00,True,True,True,True,1h,,,,ACTIVE,BULL,30.08 16:00
2026-08-31 21:04:39,btc_signals_log(31.08)_v4.csv,,,,2026-08-31 21:00:00,ACTIVE,BULL,30.08 16:00,True,True,True,True,1h,,,,ACTIVE,BULL,30.08 16:00
2026-08-31 21:34:43,btc_signals_log(31.08)_v4.csv,,,,2026-08-31 21:00:00,ACTIVE,BULL,30.08 16:00,True,True,True,True,1h,,,,ACTIVE,BULL,30.08 16:00
2026-08-31 22:04:48,btc_signals_log(31.08)_v4.csv,,,,2026-08-31 22:00:00,ACTIVE,BULL,30.08 16:00,True,True,True,True,1h,,,,ACTIVE,BULL,30.08 16:00
2026-08-31 22:34:51,btc_signals_log(31.08)_v4.csv,,,,2026-08-31 22:00:00,ACTIVE,BULL,30.08 16:00,True,True,True,True,1h,,,,ACTIVE,BULL,30.08 16:00
2026-08-31 23:04:55,btc_signals_log(31.08)_v4.csv,,,,2026-08-31 23:00:00,ACTIVE,BULL,30.08 16:00,True,True,True,True,1h,,,,ACTIVE,BULL,30.08 16:00
2026-08-31 23:34:58,btc_signals_log(31.08)_v4.csv,,,,2026-08-31 23:00:00,ACTIVE,BULL,30.08 16:00,True,True,True,True,1h,,,,ACTIVE,BULL,30.08 16:00
2026-09-01 00:05:05,btc_signals_log(01.09)_v4.csv,,,,2026-09-01 00:00:00,ACTIVE,BULL,30.08 16:00,True,True,True,True,1h,,,,ACTIVE,BULL,30.08 16:00
2026-09-01 00:35:08,btc_signals_log(01.09)_v4.csv,,,,2026-09-01 00:00:00,ACTIVE,BULL,30.08 16:00,True,True,True,True,1h,,,,ACTIVE,BULL,30.08 16:00
2026-09-01 01:05:12,btc_signals_log(01.09)_v4.csv,,,,2026-09-01 01:00:00,ACTIVE,BULL,30.08 16:00,True,True,True,True,1h,,,,ACTIVE,BULL,30.08 16:00
2026-09-01 01:35:16,btc_signals_log(01.09)_v4.csv,,,,2026-09-01 01:00:00,ACTIVE,BULL,30.08 16:00,True,True,True,True,1h,,,,ACTIVE,BULL,30.08 16:00
2026-09-01 02:05:22,btc_signals_log(01.09)_v4.csv,,,,2026-09-01 02:00:00,ACTIVE,BULL,30.08 16:00,True,True,True,True,1h,,,,ACTIVE,BULL,30.08 16:00
2026-09-01 02:35:25,btc_signals_log(01.09)_v4.csv,,,,2026-09-01 02:00:00,ACTIVE,BULL,30.08 16:00,True,True,True,True,1h,,,,ACTIVE,BULL,30.08 16:00
2026-09-01 03:05:29,btc_signals_log(01.09)_v4.csv,,,,2026-09-01 03:00:00,ACTIVE,BULL,30.08 16:00,True,True,True,True,1h,,,,ACTIVE,BULL,30.08 16:00
2026-09-01 03:35:32,btc_signals_log(01.09)_v4.csv,,,,2026-09-01 03:00:00,ACTIVE,BULL,30.08 16:00,True,True,True,True,1h,,,,ACTIVE,BULL,30.08 16:00
2026-09-01 04:05:35,btc_signals_log(01.09)_v4.csv,,,,2026-09-01 04:00:00,ACTIVE,BULL,30.08 16:00,True,True,True,True,1h,,,,ACTIVE,BULL,30.08 16:00
2026-09-01 04:35:40,btc_signals_log(01.09)_v4.csv,,,,2026-09-01 04:00:00,ACTIVE,BULL,30.08 16:00,True,True,True,True,1h,,,,ACTIVE,BULL,30.08 16:00
2026-09-01 05:05:45,btc_signals_log(01.09)_v4.csv,,,,2026-09-01 05:00:00,ACTIVE,BULL,30.08 16:00,True,True,True,True,1h,,,,ACTIVE,BULL,30.08 16:00
2026-09-01 05:35:50,btc_signals_log(01.09)_v4.csv,,,,2026-09-01 05:00:00,ACTIVE,BULL,30.08 16:00,True,True,True,True,1h,,,,ACTIVE,BULL,30.08 16:00
2026-09-01 06:05:55,btc_signals_log(01.09)_v4.csv,,,,2026-09-01 06:00:00,ACTIVE,BULL,30.08 16:00,True,True,True,True,1h,,,,ACTIVE,BULL,30.08 16:00
2026-09-01 06:36:00,btc_signals_log(01.09)_v4.csv,,,,2026-09-01 06:00:00,ACTIVE,BULL,30.08 16:00,True,True,True,True,1h,,,,ACTIVE,BULL,30.08 16:00
2026-09-01 07:06:05,btc_signals_log(01.09)_v4.csv,,,,2026-09-01 07:00:00,ACTIVE,BULL,30.08 16:00,True,True,True,True,1h,,,,ACTIVE,BULL,30.08 16:00
2026-09-01 07:36:10,btc_signals_log(01.09)_v4.csv,,,,2026-09-01 07:00:00,ACTIVE,BULL,30.08 16:00,True,True,True,True,1h,,,,ACTIVE,BULL,30.08 16:00
2026-09-01 08:06:13,btc_signals_log(01.09)_v4.csv,,,,2026-09-01 08:00:00,ACTIVE,BULL,30.08 16:00,True,True,True,True,1h,,,,ACTIVE,BULL,30.08 16:00
2026-09-01 08:36:17,btc_signals_log(01.09)_v4.csv,,,,2026-09-01 08:00:00,ACTIVE,BULL,30.08 16:00,True,True,True,True,1h,,,,ACTIVE,BULL,30.08 16:00
2026-09-01 09:06:21,btc_signals_log(01.09)_v4.csv,,,,2026-09-01 09:00:00,ENDED,BULL,30.08 16:00,True,True,True,True,1h,,,,ENDED,BULL,30.08 16:00
2026-09-01 09:36:24,btc_signals_log(01.09)_v4.csv,,,,2026-09-01 09:00:00,ENDED,BULL,30.08 16:00,True,True,True,True,1h,,,,ENDED,BULL,30.08 16:00
2026-09-01 10:06:28,btc_signals_log(01.09)_v4.csv,,,,2026-09-01 10:00:00,ENDED,BULL,30.08 16:00,True,True,True,True,1h,,,,ENDED,BULL,30.08 16:00
2026-09-01 10:36:31,btc_signals_log(01.09)_v4.csv,,,,2026-09-01 10:00:00,ENDED,BULL,30.08 16:00,True,True,True,True,1h,,,,ENDED,BULL,30.08 16:00
2026-09-01 11:06:35,btc_signals_log(01.09)_v4.csv,,,,2026-09-01 11:00:00,ENDED,BULL,30.08 16:00,True,True,True,True,1h,,,,ENDED,BULL,30.08 16:00
2026-09-01 11:36:38,btc_signals_log(01.09)_v4.csv,,,,2026-09-01 11:00:00,ENDED,BULL,30.08 16:00,True,True,True,True,1h,,,,ENDED,BULL,30.08 16:00
2026-09-01 12:06:42,btc_signals_log(01.09)_v4.csv,,,,2026-09-01 12:00:00,ENDED,BULL,30.08 16:00,True,True,True,True,1h,,,,ENDED,BULL,30.08 16:00
2026-09-01 12:36:45,btc_signals_log(01.09)_v4.csv,,,,2026-09-01 12:00:00,ENDED,BULL,30.08 16:00,True,True,True,True,1h,,,,ENDED,BULL,30.08 16:00
2026-09-01 13:06:49,btc_signals_log(01.09)_v4.csv,,,,2026-09-01 13:00:00,ENDED,BULL,30.08 16:00,True,True,True,True,1h,,,,ENDED,BULL,30.08 16:00
2026-09-01 13:36:52,btc_signals_log(01.09)_v4.csv,,,,2026-09-01 13:00:00,ENDED,BULL,30.08 16:00,True,True,True,True,1h,,,,ENDED,BULL,30.08 16:00
2026-09-01 14:06:56,btc_signals_log(01.09)_v4.csv,,,,2026-09-01 14:00:00,ENDED,BULL,30.08 16:00,True,True,True,True,1h,,,,ENDED,BULL,30.08 16:00
2026-09-01 14:36:59,btc_signals_log(01.09)_v4.csv,,,,2026-09-01 14:00:00,ENDED,BULL,30.08 16:00,True,True,True,True,1h,,,,ENDED,BULL,30.08 16:00
2026-09-01 15:07:03,btc_signals_log(01.09)_v4.csv,,,,2026-09-01 15:00:00,ENDED,BULL,30.08 16:00,True,True,True,True,1h,,,,ENDED,BULL,30.08 16:00
2026-09-01 15:37:07,btc_signals_log(01.09)_v4.csv,,,,2026-09-01 15:00:00,ENDED,BULL,30.08 16:00,True,True,True,True,1h,,,,ENDED,BULL,30.08 16:00
2026-09-01 16:07:10,btc_signals_log(01.09)_v4.csv,,,,2026-09-01 16:00:00,ENDED,BULL,30.08 16:00,True,True,True,True,1h,,,,ENDED,BULL,30.08 16:00
2026-09-01 16:37:15,btc_signals_log(01.09)_v4.csv,,,,2026-09-01 16:00:00,ENDED,BULL,30.08 16:00,True,True,True,True,1h,,,,ENDED,BULL,30.08 16:00
2026-09-01 17:07:18,btc_signals_log(01.09)_v4.csv,,,,2026-09-01 17:00:00,ENDED,BULL,30.08 16:00,True,True,True,True,1h,,,,ENDED,BULL,30.08 16:00
2026-09-01 17:37:22,btc_signals_log(01.09)_v4.csv,,,,2026-09-01 17:00:00,ENDED,BULL,30.08 16:00,True,True,True,True,1h,,,,ENDED,BULL,30.08 16:00
2026-09-01 18:07:25,btc_signals_log(01.09)_v4.csv,,,,2026-09-01 18:00:00,ACTIVE,BEAR,01.09 17:00,True,True,True,True,1h,,,,ACTIVE,BEAR,01.09 17:00
2026-09-01 18:37:29,btc_signals_log(01.09)_v4.csv,,,,2026-09-01 18:00:00,ACTIVE,BEAR,01.09 17:00,True,True,True,True,1h,,,,ACTIVE,BEAR,01.09 17:00
2026-09-01 19:07:34,btc_signals_log(01.09)_v4.csv,,,,2026-09-01 19:00:00,ACTIVE,BEAR,01.09 17:00,True,True,True,True,1h,,,,ACTIVE,BEAR,01.09 17:00
2026-09-01 19:37:37,btc_signals_log(01.09)_v4.csv,,,,2026-09-01 19:00:00,ACTIVE,BEAR,01.09 17:00,True,True,True,True,1h,,,,ACTIVE,BEAR,01.09 17:00
2026-09-01 20:07:41,btc_signals_log(01.09)_v4.csv,,,,2026-09-01 20:00:00,ACTIVE,BEAR,01.09 17:00,True,True,True,True,1h,,,,ACTIVE,BEAR,01.09 17:00
2026-09-01 20:37:44,btc_signals_log(01.09)_v4.csv,,,,2026-09-01 20:00:00,ACTIVE,BEAR,01.09 17:00,True,True,True,True,1h,,,,ACTIVE,BEAR,01.09 17:00
2026-09-01 21:07:48,btc_signals_log(01.09)_v4.csv,,,,2026-09-01 21:00:00,ACTIVE,BEAR,01.09 17:00,True,True,True,True,1h,,,,ACTIVE,BEAR,01.09 17:00
2026-09-01 21:37:51,btc_signals_log(01.09)_v4.csv,,,,2026-09-01 21:00:00,ACTIVE,BEAR,01.09 17:00,True,True,True,True,1h,,,,ACTIVE,BEAR,01.09 17:00
2026-09-01 22:07:55,btc_signals_log(01.09)_v4.csv,,,,2026-09-01 22:00:00,ACTIVE,BEAR,01.09 17:00,True,True,True,True,1h,,,,ACTIVE,BEAR,01.09 17:00
2026-09-01 22:37:58,btc_signals_log(01.09)_v4.csv,,,,2026-09-01 22:00:00,ACTIVE,BEAR,01.09 17:00,True,True,True,True,1h,,,,ACTIVE,BEAR,01.09 17:00
2026-09-01 23:08:01,btc_signals_log(01.09)_v4.csv,,,,2026-09-01 23:00:00,ACTIVE,BEAR,01.09 17:00,True,True,True,True,1h,,,,ACTIVE,BEAR,01.09 17:00
2026-09-01 23:38:05,btc_signals_log(01.09)_v4.csv,,,,2026-09-01 23:00:00,ACTIVE,BEAR,01.09 17:00,True,True,True,True,1h,,,,ACTIVE,BEAR,01.09 17:00
2026-09-02 00:08:08,btc_signals_log(02.09)_v4.csv,,,,2026-09-02 00:00:00,ACTIVE,BEAR,01.09 17:00,True,True,True,True,1h,,,,ACTIVE,BEAR,01.09 17:00
2026-09-02 00:38:11,btc_signals_log(02.09)_v4.csv,,,,2026-09-02 00:00:00,ACTIVE,BEAR,01.09 17:00,True,True,True,True,1h,,,,ACTIVE,BEAR,01.09 17:00
2026-09-02 01:08:15,btc_signals_log(02.09)_v4.csv,,,,2026-09-02 01:00:00,ACTIVE,BEAR,01.09 17:00,True,True,True,True,1h,,,,ACTIVE,BEAR,01.09 17:00
2026-09-02 01:38:18,btc_signals_log(02.09)_v4.csv,,,,2026-09-02 01:00:00,ACTIVE,BEAR,01.09 17:00,True,True,True,True,1h,,,,ACTIVE,BEAR,01.09 17:00
2026-09-02 02:08:21,btc_signals_log(02.09)_v4.csv,,,,2026-09-02 02:00:00,ACTIVE,BEAR,01.09 17:00,True,True,True,True,1h,,,,ACTIVE,BEAR,01.09 17:00
2026-09-02 02:38:25,btc_signals_log(02.09)_v4.csv,,,,2026-09-02 02:00:00,ACTIVE,BEAR,01.09 17:00,True,True,True,True,1h,,,,ACTIVE,BEAR,01.09 17:00
2026-09-02 03:08:29,btc_signals_log(02.09)_v4.csv,,,,2026-09-02 03:00:00,ACTIVE,BEAR,01.09 17:00,True,True,True,True,1h,,,,ACTIVE,BEAR,01.09 17:00
2026-09-02 03:38:33,btc_signals_log(02.09)_v4.csv,,,,2026-09-02 03:00:00,ACTIVE,BEAR,01.09 17:00,True,True,True,True,1h,,,,ACTIVE,BEAR,01.09 17:00
2026-09-02 04:08:36,btc_signals_log(02.09)_v4.csv,,,,2026-09-02 04:00:00,ACTIVE,BEAR,01.09 17:00,True,True,True,True,1h,,,,ACTIVE,BEAR,01.09 17:00
2026-09-02 04:38:39,btc_signals_log(02.09)_v4.csv,,,,2026-09-02 04:00:00,ACTIVE,BEAR,01.09 17:00,True,True,True,True,1h,,,,ACTIVE,BEAR,01.09 17:00
2026-09-02 05:08:43,btc_signals_log(02.09)_v4.csv,,,,2026-09-02 05:00:00,ACTIVE,BEAR,01.09 17:00,True,True,True,True,1h,,,,ACTIVE,BEAR,01.09 17:00
2026-09-02 05:38:46,btc_signals_log(02.09)_v4.csv,,,,2026-09-02 05:00:00,ACTIVE,BEAR,01.09 17:00,True,True,True,True,1h,,,,ACTIVE,BEAR,01.09 17:00
2026-09-02 06:08:49,btc_signals_log(02.09)_v4.csv,,,,2026-09-02 06:00:00,ACTIVE,BEAR,01.09 17:00,True,True,True,True,1h,,,,ACTIVE,BEAR,01.09 17:00
2026-09-02 06:38:53,btc_signals_log(02.09)_v4.csv,,,,2026-09-02 06:00:00,ACTIVE,BEAR,01.09 17:00,True,True,True,True,1h,,,,ACTIVE,BEAR,01.09 17:00
2026-09-02 07:08:57,btc_signals_log(02.09)_v4.csv,,,,2026-09-02 07:00:00,ACTIVE,BEAR,01.09 17:00,True,True,True,True,1h,,,,ACTIVE,BEAR,01.09 17:00
2026-09-02 07:39:01,btc_signals_log(02.09)_v4.csv,,,,2026-09-02 07:00:00,ACTIVE,BEAR,01.09 17:00,True,True,True,True,1h,,,,ACTIVE,BEAR,01.09 17:00
2026-09-02 08:09:04,btc_signals_log(02.09)_v4.csv,,,,2026-09-02 08:00:00,ACTIVE,BEAR,01.09 17:00,True,True,True,True,1h,,,,ACTIVE,BEAR,01.09 17:00
2026-09-02 08:39:09,btc_signals_log(02.09)_v4.csv,,,,2026-09-02 08:00:00,ACTIVE,BEAR,01.09 17:00,True,True,True,True,1h,,,,ACTIVE,BEAR,01.09 17:00
2026-09-02 09:09:12,btc_signals_log(02.09)_v4.csv,,,,2026-09-02 09:00:00,ACTIVE,BEAR,01.09 17:00,True,True,True,True,1h,,,,ACTIVE,BEAR,01.09 17:00
2026-09-02 09:39:16,btc_signals_log(02.09)_v4.csv,,,,2026-09-02 09:00:00,ACTIVE,BEAR,01.09 17:00,True,True,True,True,1h,,,,ACTIVE,BEAR,01.09 17:00
2026-09-02 10:09:19,btc_signals_log(02.09)_v4.csv,,,,2026-09-02 10:00:00,ACTIVE,BEAR,01.09 17:00,True,True,True,True,1h,,,,ACTIVE,BEAR,01.09 17:00
2026-09-02 10:39:23,btc_signals_log(02.09)_v4.csv,,,,2026-09-02 10:00:00,ACTIVE,BEAR,01.09 17:00,True,True,True,True,1h,,,,ACTIVE,BEAR,01.09 17:00
2026-09-02 11:09:27,btc_signals_log(02.09)_v4.csv,,,,2026-09-02 11:00:00,ACTIVE,BEAR,01.09 17:00,True,True,True,True,1h,,,,ACTIVE,BEAR,01.09 17:00
2026-09-02 11:39:31,btc_signals_log(02.09)_v4.csv,,,,2026-09-02 11:00:00,ACTIVE,BEAR,01.09 17:00,True,True,True,True,1h,,,,ACTIVE,BEAR,01.09 17:00
2026-09-02 12:09:34,btc_signals_log(02.09)_v4.csv,,,,2026-09-02 12:00:00,ACTIVE,BEAR,01.09 17:00,True,True,True,True,1h,,,,ACTIVE,BEAR,01.09 17:00
2026-09-02 12:39:38,btc_signals_log(02.09)_v4.csv,,,,2026-09-02 12:00:00,ACTIVE,BEAR,01.09 17:00,True,True,True,True,1h,,,,ACTIVE,BEAR,01.09 17:00
2026-09-02 13:09:42,btc_signals_log(02.09)_v4.csv,,,,2026-09-02 13:00:00,ACTIVE,BEAR,01.09 17:00,True,True,True,True,1h,,,,ACTIVE,BEAR,01.09 17:00
2026-09-02 13:39:45,btc_signals_log(02.09)_v4.csv,,,,2026-09-02 13:00:00,ACTIVE,BEAR,01.09 17:00,True,True,True,True,1h,,,,ACTIVE,BEAR,01.09 17:00
2026-09-02 14:09:49,btc_signals_log(02.09)_v4.csv,,,,2026-09-02 14:00:00,ACTIVE,BEAR,01.09 17:00,True,True,True,True,1h,,,,ACTIVE,BEAR,01.09 17:00
2026-09-02 14:39:52,btc_signals_log(02.09)_v4.csv,,,,2026-09-02 14:00:00,ACTIVE,BEAR,01.09 17:00,True,True,True,True,1h,,,,ACTIVE,BEAR,01.09 17:00
2026-09-02 15:09:56,btc_signals_log(02.09)_v4.csv,,,,2026-09-02 15:00:00,ACTIVE,BEAR,01.09 17:00,True,True,True,True,1h,,,,ACTIVE,BEAR,01.09 17:00
2026-09-02 15:39:59,btc_signals_log(02.09)_v4.csv,,,,2026-09-02 15:00:00,ACTIVE,BEAR,01.09 17:00,True,True,True,True,1h,,,,ACTIVE,BEAR,01.09 17:00
2026-09-02 16:10:04,btc_signals_log(02.09)_v4.csv,,,,2026-09-02 16:00:00,ACTIVE,BEAR,01.09 17:00,True,True,True,True,1h,,,,ACTIVE,BEAR,01.09 17:00
2026-09-02 16:40:07,btc_signals_log(02.09)_v4.csv,,,,2026-09-02 16:00:00,ACTIVE,BEAR,01.09 17:00,True,True,True,True,1h,,,,ACTIVE,BEAR,01.09 17:00
2026-09-02 17:10:11,btc_signals_log(02.09)_v4.csv,,,,2026-09-02 17:00:00,ACTIVE,BEAR,01.09 17:00,True,True,True,True,1h,,,,ACTIVE,BEAR,01.09 17:00
2026-09-02 17:40:14,btc_signals_log(02.09)_v4.csv,,,,2026-09-02 17:00:00,ACTIVE,BEAR,01.09 17:00,True,True,True,True,1h,,,,ACTIVE,BEAR,01.09 17:00
2026-09-02 18:10:17,btc_signals_log(02.09)_v4.csv,,,,2026-09-02 18:00:00,ACTIVE,BEAR,01.09 17:00,True,True,True,True,1h,,,,ACTIVE,BEAR,01.09 17:00
2026-09-02 18:40:21,btc_signals_log(02.09)_v4.csv,,,,2026-09-02 18:00:00,ACTIVE,BEAR,01.09 17:00,True,True,True,True,1h,,,,ACTIVE,BEAR,01.09 17:00
2026-09-02 19:10:24,btc_signals_log(02.09)_v4.csv,,,,2026-09-02 19:00:00,ACTIVE,BEAR,01.09 17:00,True,True,True,True,1h,,,,ACTIVE,BEAR,01.09 17:00
2026-09-02 19:40:28,btc_signals_log(02.09)_v4.csv,,,,2026-09-02 19:00:00,ACTIVE,BEAR,01.09 17:00,True,True,True,True,1h,,,,ACTIVE,BEAR,01.09 17:00
2026-09-02 20:10:32,btc_signals_log(02.09)_v4.csv,,,,2026-09-02 20:00:00,ACTIVE,BEAR,01.09 17:00,True,True,True,True,1h,,,,ACTIVE,BEAR,01.09 17:00
2026-09-02 20:40:35,btc_signals_log(02.09)_v4.csv,,,,2026-09-02 20:00:00,ACTIVE,BEAR,01.09 17:00,True,True,True,True,1h,,,,ACTIVE,BEAR,01.09 17:00
2026-09-02 21:10:38,btc_signals_log(02.09)_v4.csv,,,,2026-09-02 21:00:00,ACTIVE,BEAR,01.09 17:00,True,True,True,True,1h,,,,ACTIVE,BEAR,01.09 17:00
2026-09-02 21:40:42,btc_signals_log(02.09)_v4.csv,,,,2026-09-02 21:00:00,ACTIVE,BEAR,01.09 17:00,True,True,True,True,1h,,,,ACTIVE,BEAR,01.09 17:00
2026-09-02 22:10:47,btc_signals_log(02.09)_v4.csv,,,,2026-09-02 22:00:00,ACTIVE,BEAR,01.09 17:00,True,True,True,True,1h,,,,ACTIVE,BEAR,01.09 17:00
2026-09-02 22:40:52,btc_signals_log(02.09)_v4.csv,,,,2026-09-02 22:00:00,ACTIVE,BEAR,01.09 17:00,True,True,True,True,1h,,,,ACTIVE,BEAR,01.09 17:00
2026-09-02 23:10:56,btc_signals_log(02.09)_v4.csv,,,,2026-09-02 23:00:00,ACTIVE,BEAR,01.09 17:00,True,True,True,True,1h,,,,ACTIVE,BEAR,01.09 17:00
2026-09-02 23:41:00,btc_signals_log(02.09)_v4.csv,,,,2026-09-02 23:00:00,ACTIVE,BEAR,01.09 17:00,True,True,True,True,1h,,,,ACTIVE,BEAR,01.09 17:00
2026-09-03 00:11:04,btc_signals_log(03.09)_v4.csv,,,,2026-09-03 00:00:00,ACTIVE,BEAR,01.09 17:00,True,True,True,True,1h,,,,ACTIVE,BEAR,01.09 17:00
2026-09-03 00:41:08,btc_signals_log(03.09)_v4.csv,,,,2026-09-03 00:00:00,ACTIVE,BEAR,01.09 17:00,True,True,True,True,1h,,,,ACTIVE,BEAR,01.09 17:00
2026-09-03 01:11:11,btc_signals_log(03.09)_v4.csv,,,,2026-09-03 01:00:00,ACTIVE,BEAR,01.09 17:00,True,True,True,True,1h,,,,ACTIVE,BEAR,01.09 17:00
2026-09-03 01:41:15,btc_signals_log(03.09)_v4.csv,,,,2026-09-03 01:00:00,ACTIVE,BEAR,01.09 17:00,True,True,True,True,1h,,,,ACTIVE,BEAR,01.09 17:00
2026-09-03 02:11:18,btc_signals_log(03.09)_v4.csv,,,,2026-09-03 02:00:00,ACTIVE,BEAR,01.09 17:00,True,True,True,True,1h,,,,ACTIVE,BEAR,01.09 17:00
2026-09-03 02:41:21,btc_signals_log(03.09)_v4.csv,,,,2026-09-03 02:00:00,ACTIVE,BEAR,01.09 17:00,True,True,True,True,1h,,,,ACTIVE,BEAR,01.09 17:00
2026-09-03 03:11:25,btc_signals_log(03.09)_v4.csv,,,,2026-09-03 03:00:00,ENDED,BEAR,01.09 17:00,True,True,True,True,1h,,,,ENDED,BEAR,01.09 17:00
2026-09-03 03:41:28,btc_signals_log(03.09)_v4.csv,,,,2026-09-03 03:00:00,ENDED,BEAR,01.09 17:00,True,True,True,True,1h,,,,ENDED,BEAR,01.09 17:00
2026-09-03 08:46:02,btc_signals_log(03.09)_v4.csv,,,,2026-09-03 08:00:00,ENDED,BEAR,01.09 17:00,True,True,True,True,1h,,,,ENDED,BEAR,01.09 17:00
2026-09-03 09:16:06,btc_signals_log(03.09)_v4.csv,,,,2026-09-03 09:00:00,ENDED,BEAR,01.09 17:00,True,True,True,True,1h,,,,ENDED,BEAR,01.09 17:00
2026-09-03 09:46:10,btc_signals_log(03.09)_v4.csv,,,,2026-09-03 09:00:00,ENDED,BEAR,01.09 17:00,True,True,True,True,1h,,,,ENDED,BEAR,01.09 17:00
2026-09-03 10:16:13,btc_signals_log(03.09)_v4.csv,,,,2026-09-03 10:00:00,ENDED,BEAR,01.09 17:00,True,True,True,True,1h,,,,ENDED,BEAR,01.09 17:00
2026-09-03 10:46:18,btc_signals_log(03.09)_v4.csv,,,,2026-09-03 10:00:00,ENDED,BEAR,01.09 17:00,True,True,True,True,1h,,,,ENDED,BEAR,01.09 17:00
2026-09-03 11:16:21,btc_signals_log(03.09)_v4.csv,,,,2026-09-03 11:00:00,ENDED,BEAR,01.09 17:00,True,True,True,True,1h,,,,ENDED,BEAR,01.09 17:00
2026-09-03 11:46:25,btc_signals_log(03.09)_v4.csv,,,,2026-09-03 11:00:00,ENDED,BEAR,01.09 17:00,True,True,True,True,1h,,,,ENDED,BEAR,01.09 17:00
2026-09-03 12:16:29,btc_signals_log(03.09)_v4.csv,,,,2026-09-03 12:00:00,ENDED,BEAR,01.09 17:00,True,True,True,True,1h,,,,ENDED,BEAR,01.09 17:00
2026-09-03 12:46:33,btc_signals_log(03.09)_v4.csv,,,,2026-09-03 12:00:00,ENDED,BEAR,01.09 17:00,True,True,True,True,1h,,,,ENDED,BEAR,01.09 17:00
2026-09-03 13:16:37,btc_signals_log(03.09)_v4.csv,,,,2026-09-03 13:00:00,ACTIVE,BULL,03.09 12:00,True,True,True,True,1h,,,,ACTIVE,BULL,03.09 12:00
2026-09-03 13:46:40,btc_signals_log(03.09)_v4.csv,,,,2026-09-03 13:00:00,ACTIVE,BULL,03.09 12:00,True,True,True,True,1h,,,,ACTIVE,BULL,03.09 12:00
2026-09-03 14:16:44,btc_signals_log(03.09)_v4.csv,,,,2026-09-03 14:00:00,ACTIVE,BULL,03.09 12:00,True,True,True,True,1h,,,,ACTIVE,BULL,03.09 12:00
2026-09-03 14:46:48,btc_signals_log(03.09)_v4.csv,,,,2026-09-03 14:00:00,ACTIVE,BULL,03.09 12:00,True,True,True,True,1h,,,,ACTIVE,BULL,03.09 12:00
2026-09-03 15:16:52,btc_signals_log(03.09)_v4.csv,,,,2026-09-03 15:00:00,ACTIVE,BULL,03.09 12:00,True,True,True,True,1h,,,,ACTIVE,BULL,03.09 12:00
2026-09-03 15:46:55,btc_signals_log(03.09)_v4.csv,,,,2026-09-03 15:00:00,ACTIVE,BULL,03.09 12:00,True,True,True,True,1h,,,,ACTIVE,BULL,03.09 12:00
2026-09-03 16:16:59,btc_signals_log(03.09)_v4.csv,,,,2026-09-03 16:00:00,ACTIVE,BULL,03.09 12:00,True,True,True,True,1h,,,,ACTIVE,BULL,03.09 12:00
2026-09-03 16:47:03,btc_signals_log(03.09)_v4.csv,,,,2026-09-03 16:00:00,ACTIVE,BULL,03.09 12:00,True,True,True,True,1h,,,,ACTIVE,BULL,03.09 12:00
2026-09-03 17:17:06,btc_signals_log(03.09)_v4.csv,,,,2026-09-03 17:00:00,ACTIVE,BULL,03.09 12:00,True,True,True,True,1h,,,,ACTIVE,BULL,03.09 12:00
2026-09-03 17:47:10,btc_signals_log(03.09)_v4.csv,,,,2026-09-03 17:00:00,ACTIVE,BULL,03.09 12:00,True,True,True,True,1h,,,,ACTIVE,BULL,03.09 12:00
2026-09-03 18:17:14,btc_signals_log(03.09)_v4.csv,,,,2026-09-03 18:00:00,ACTIVE,BULL,03.09 12:00,True,True,True,True,1h,,,,ACTIVE,BULL,03.09 12:00
2026-09-03 18:47:18,btc_signals_log(03.09)_v4.csv,,,,2026-09-03 18:00:00,ACTIVE,BULL,03.09 12:00,True,True,True,True,1h,,,,ACTIVE,BULL,03.09 12:00
2026-09-03 19:17:21,btc_signals_log(03.09)_v4.csv,,,,2026-09-03 19:00:00,ACTIVE,BULL,03.09 12:00,True,True,True,True,1h,,,,ACTIVE,BULL,03.09 12:00
2026-09-03 19:47:25,btc_signals_log(03.09)_v4.csv,,,,2026-09-03 19:00:00,ACTIVE,BULL,03.09 12:00,True,True,True,True,1h,,,,ACTIVE,BULL,03.09 12:00
2026-09-03 20:17:28,btc_signals_log(03.09)_v4.csv,,,,2026-09-03 20:00:00,ACTIVE,BULL,03.09 12:00,True,True,True,True,1h,,,,ACTIVE,BULL,03.09 12:00
2026-09-03 20:47:32,btc_signals_log(03.09)_v4.csv,,,,2026-09-03 20:00:00,ACTIVE,BULL,03.09 12:00,True,True,True,True,1h,,,,ACTIVE,BULL,03.09 12:00
2026-09-03 21:17:36,btc_signals_log(03.09)_v4.csv,,,,2026-09-03 21:00:00,ACTIVE,BULL,03.09 12:00,True,True,True,True,1h,,,,ACTIVE,BULL,03.09 12:00
2026-09-03 21:47:40,btc_signals_log(03.09)_v4.csv,,,,2026-09-03 21:00:00,ACTIVE,BULL,03.09 12:00,True,True,True,True,1h,,,,ACTIVE,BULL,03.09 12:00
2026-09-03 22:17:44,btc_signals_log(03.09)_v4.csv,,,,2026-09-03 22:00:00,ACTIVE,BULL,03.09 12:00,True,True,True,True,1h,,,,ACTIVE,BULL,03.09 12:00
2026-09-03 22:47:48,btc_signals_log(03.09)_v4.csv,,,,2026-09-03 22:00:00,ACTIVE,BULL,03.09 12:00,True,True,True,True,1h,,,,ACTIVE,BULL,03.09 12:00
2026-09-03 23:17:52,btc_signals_log(03.09)_v4.csv,,,,2026-09-03 23:00:00,ACTIVE,BULL,03.09 12:00,True,True,True,True,1h,,,,ACTIVE,BULL,03.09 12:00
2026-09-03 23:47:56,btc_signals_log(03.09)_v4.csv,,,,2026-09-03 23:00:00,ACTIVE,BULL,03.09 12:00,True,True,True,True,1h,,,,ACTIVE,BULL,03.09 12:00
2026-09-04 00:18:00,btc_signals_log(04.09)_v4.csv,,,,2026-09-04 00:00:00,ACTIVE,BULL,03.09 12:00,True,True,True,True,1h,,,,ACTIVE,BULL,03.09 12:00
2026-09-04 00:48:04,btc_signals_log(04.09)_v4.csv,,,,2026-09-04 00:00:00,ACTIVE,BULL,03.09 12:00,True,True,True,True,1h,,,,ACTIVE,BULL,03.09 12:00
2026-09-04 01:18:09,btc_signals_log(04.09)_v4.csv,,,,2026-09-04 01:00:00,ACTIVE,BULL,03.09 12:00,True,True,True,True,1h,,,,ACTIVE,BULL,03.09 12:00
2026-09-04 01:48:13,btc_signals_log(04.09)_v4.csv,,,,2026-09-04 01:00:00,ACTIVE,BULL,03.09 12:00,True,True,True,True,1h,,,,ACTIVE,BULL,03.09 12:00
2026-09-04 02:18:17,btc_signals_log(04.09)_v4.csv,,,,2026-09-04 02:00:00,ACTIVE,BULL,03.09 12:00,True,True,True,True,1h,,,,ACTIVE,BULL,03.09 12:00
2026-09-04 02:48:21,btc_signals_log(04.09)_v4.csv,,,,2026-09-04 02:00:00,ACTIVE,BULL,03.09 12:00,True,True,True,True,1h,,,,ACTIVE,BULL,03.09 12:00
2026-09-04 03:18:25,btc_signals_log(04.09)_v4.csv,,,,2026-09-04 03:00:00,ACTIVE,BULL,03.09 12:00,True,True,True,True,1h,,,,ACTIVE,BULL,03.09 12:00
2026-09-04 03:48:29,btc_signals_log(04.09)_v4.csv,,,,2026-09-04 03:00:00,ACTIVE,BULL,03.09 12:00,True,True,True,True,1h,,,,ACTIVE,BULL,03.09 12:00
2026-09-04 04:18:32,btc_signals_log(04.09)_v4.csv,,,,2026-09-04 04:00:00,ACTIVE,BULL,03.09 12:00,True,True,True,True,1h,,,,ACTIVE,BULL,03.09 12:00
2026-09-04 04:48:36,btc_signals_log(04.09)_v4.csv,,,,2026-09-04 04:00:00,ACTIVE,BULL,03.09 12:00,True,True,True,True,1h,,,,ACTIVE,BULL,03.09 12:00
2026-09-04 05:18:40,btc_signals_log(04.09)_v4.csv,,,,2026-09-04 05:00:00,ACTIVE,BULL,03.09 12:00,True,True,True,True,1h,,,,ACTIVE,BULL,03.09 12:00
2026-09-04 05:48:44,btc_signals_log(04.09)_v4.csv,,,,2026-09-04 05:00:00,ACTIVE,BULL,03.09 12:00,True,True,True,True,1h,,,,ACTIVE,BULL,03.09 12:00
2026-09-04 06:18:48,btc_signals_log(04.09)_v4.csv,,,,2026-09-04 06:00:00,ACTIVE,BULL,03.09 12:00,True,True,True,True,1h,,,,ACTIVE,BULL,03.09 12:00
2026-09-04 06:48:52,btc_signals_log(04.09)_v4.csv,,,,2026-09-04 06:00:00,ACTIVE,BULL,03.09 12:00,True,True,True,True,1h,,,,ACTIVE,BULL,03.09 12:00
2026-09-04 07:18:55,btc_signals_log(04.09)_v4.csv,,,,2026-09-04 07:00:00,ACTIVE,BULL,03.09 12:00,True,True,True,True,1h,,,,ACTIVE,BULL,03.09 12:00
2026-09-04 07:48:59,btc_signals_log(04.09)_v4.csv,,,,2026-09-04 07:00:00,ACTIVE,BULL,03.09 12:00,True,True,True,True,1h,,,,ACTIVE,BULL,03.09 12:00
2026-09-04 08:19:03,btc_signals_log(04.09)_v4.csv,,,,2026-09-04 08:00:00,ACTIVE,BULL,03.09 12:00,True,True,True,True,1h,,,,ACTIVE,BULL,03.09 12:00
2026-09-04 08:49:06,btc_signals_log(04.09)_v4.csv,,,,2026-09-04 08:00:00,ACTIVE,BULL,03.09 12:00,True,True,True,True,1h,,,,ACTIVE,BULL,03.09 12:00
2026-09-04 09:19:10,btc_signals_log(04.09)_v4.csv,,,,2026-09-04 09:00:00,ACTIVE,BULL,03.09 12:00,True,True,True,True,1h,,,,ACTIVE,BULL,03.09 12:00
2026-09-04 09:49:13,btc_signals_log(04.09)_v4.csv,,,,2026-09-04 09:00:00,ACTIVE,BULL,03.09 12:00,True,True,True,True,1h,,,,ACTIVE,BULL,03.09 12:00
2026-09-04 10:19:17,btc_signals_log(04.09)_v4.csv,,,,2026-09-04 10:00:00,ACTIVE,BULL,03.09 12:00,True,True,True,True,1h,,,,ACTIVE,BULL,03.09 12:00
2026-09-04 10:49:20,btc_signals_log(04.09)_v4.csv,,,,2026-09-04 10:00:00,ACTIVE,BULL,03.09 12:00,True,True,True,True,1h,,,,ACTIVE,BULL,03.09 12:00
2026-09-04 11:19:24,btc_signals_log(04.09)_v4.csv,,,,2026-09-04 11:00:00,ACTIVE,BULL,03.09 12:00,True,True,True,True,1h,,,,ACTIVE,BULL,03.09 12:00
2026-09-04 11:49:28,btc_signals_log(04.09)_v4.csv,,,,2026-09-04 11:00:00,ACTIVE,BULL,03.09 12:00,True,True,True,True,1h,,,,ACTIVE,BULL,03.09 12:00
2026-09-04 12:19:31,btc_signals_log(04.09)_v4.csv,,,,2026-09-04 12:00:00,ACTIVE,BULL,03.09 12:00,True,True,True,True,1h,,,,ACTIVE,BULL,03.09 12:00
2026-09-04 12:49:35,btc_signals_log(04.09)_v4.csv,,,,2026-09-04 12:00:00,ACTIVE,BULL,03.09 12:00,True,True,True,True,1h,,,,ACTIVE,BULL,03.09 12:00
2026-09-04 13:19:38,btc_signals_log(04.09)_v4.csv,,,,2026-09-04 13:00:00,ENDED,BULL,03.09 12:00,True,True,True,True,1h,,,,ENDED,BULL,03.09 12:00
2026-09-04 13:49:42,btc_signals_log(04.09)_v4.csv,,,,2026-09-04 13:00:00,ENDED,BULL,03.09 12:00,True,True,True,True,1h,,,,ENDED,BULL,03.09 12:00
2026-09-04 14:19:45,btc_signals_log(04.09)_v4.csv,,,,2026-09-04 14:00:00,ENDED,BULL,03.09 12:00,True,True,True,True,1h,,,,ENDED,BULL,03.09 12:00
2026-09-04 14:49:49,btc_signals_log(04.09)_v4.csv,,,,2026-09-04 14:00:00,ENDED,BULL,03.09 12:00,True,True,True,True,1h,,,,ENDED,BULL,03.09 12:00
2026-09-04 15:19:53,btc_signals_log(04.09)_v4.csv,,,,2026-09-04 15:00:00,ENDED,BULL,03.09 12:00,True,True,True,True,1h,,,,ENDED,BULL,03.09 12:00
2026-09-04 15:49:57,btc_signals_log(04.09)_v4.csv,,,,2026-09-04 15:00:00,ENDED,BULL,03.09 12:00,True,True,True,True,1h,,,,ENDED,BULL,03.09 12:00
2026-09-04 16:20:00,btc_signals_log(04.09)_v4.csv,,,,2026-09-04 16:00:00,ENDED,BULL,03.09 12:00,True,True,True,True,1h,,,,ENDED,BULL,03.09 12:00
2026-09-04 16:50:05,btc_signals_log(04.09)_v4.csv,,,,2026-09-04 16:00:00,ENDED,BULL,03.09 12:00,True,True,True,True,1h,,,,ENDED,BULL,03.09 12:00
2026-09-04 17:20:09,btc_signals_log(04.09)_v4.csv,,,,2026-09-04 17:00:00,ENDED,BULL,03.09 12:00,True,True,True,True,1h,,,,ENDED,BULL,03.09 12:00
2026-09-04 17:50:12,btc_signals_log(04.09)_v4.csv,,,,2026-09-04 17:00:00,ENDED,BULL,03.09 12:00,True,True,True,True,1h,,,,ENDED,BULL,03.09 12:00
2026-09-04 18:20:16,btc_signals_log(04.09)_v4.csv,,,,2026-09-04 18:00:00,ENDED,BULL,03.09 12:00,True,True,True,True,1h,,,,ENDED,BULL,03.09 12:00
2026-09-04 18:50:20,btc_signals_log(04.09)_v4.csv,,,,2026-09-04 18:00:00,ENDED,BULL,03.09 12:00,True,True,True,True,1h,,,,ENDED,BULL,03.09 12:00
2026-09-04 19:20:24,btc_signals_log(04.09)_v4.csv,,,,2026-09-04 19:00:00,ENDED,BULL,03.09 12:00,True,True,True,True,1h,,,,ENDED,BULL,03.09 12:00
2026-09-04 19:50:28,btc_signals_log(04.09)_v4.csv,,,,2026-09-04 19:00:00,ENDED,BULL,03.09 12:00,True,True,True,True,1h,,,,ENDED,BULL,03.09 12:00
2026-09-04 20:20:32,btc_signals_log(04.09)_v4.csv,,,,2026-09-04 20:00:00,ENDED,BULL,03.09 12:00,True,True,True,True,1h,,,,ENDED,BULL,03.09 12:00
2026-09-04 20:50:35,btc_signals_log(04.09)_v4.csv,,,,2026-09-04 20:00:00,ENDED,BULL,03.09 12:00,True,True,True,True,1h,,,,ENDED,BULL,03.09 12:00
2026-09-04 21:20:39,btc_signals_log(04.09)_v4.csv,,,,2026-09-04 21:00:00,ENDED,BULL,03.09 12:00,True,True,True,True,1h,,,,ENDED,BULL,03.09 12:00
2026-09-04 21:50:42,btc_signals_log(04.09)_v4.csv,,,,2026-09-04 21:00:00,ENDED,BULL,03.09 12:00,True,True,True,True,1h,,,,ENDED,BULL,03.09 12:00
2026-09-04 22:20:46,btc_signals_log(04.09)_v4.csv,,,,2026-09-04 22:00:00,ENDED,BULL,03.09 12:00,True,True,True,True,1h,,,,ENDED,BULL,03.09 12:00
2026-09-04 22:50:49,btc_signals_log(04.09)_v4.csv,,,,2026-09-04 22:00:00,ENDED,BULL,03.09 12:00,True,True,True,True,1h,,,,ENDED,BULL,03.09 12:00
2026-09-04 23:20:53,btc_signals_log(04.09)_v4.csv,,,,2026-09-04 23:00:00,ENDED,BULL,03.09 12:00,True,True,True,True,1h,,,,ENDED,BULL,03.09 12:00
2026-09-04 23:50:56,btc_signals_log(04.09)_v4.csv,,,,2026-09-04 23:00:00,ENDED,BULL,03.09 12:00,True,True,True,True,1h,,,,ENDED,BULL,03.09 12:00
2026-09-05 00:21:00,btc_signals_log(05.09)_v4.csv,,,,2026-09-05 00:00:00,ENDED,BULL,03.09 12:00,True,True,True,True,1h,,,,ENDED,BULL,03.09 12:00
2026-09-05 00:51:04,btc_signals_log(05.09)_v4.csv,,,,2026-09-05 00:00:00,ENDED,BULL,03.09 12:00,True,True,True,True,1h,,,,ENDED,BULL,03.09 12:00
2026-09-05 01:21:07,btc_signals_log(05.09)_v4.csv,,,,2026-09-05 01:00:00,ENDED,BULL,03.09 12:00,True,True,True,True,1h,,,,ENDED,BULL,03.09 12:00
2026-09-05 01:51:11,btc_signals_log(05.09)_v4.csv,,,,2026-09-05 01:00:00,ENDED,BULL,03.09 12:00,True,True,True,True,1h,,,,ENDED,BULL,03.09 12:00
2026-09-05 02:21:14,btc_signals_log(05.09)_v4.csv,,,,2026-09-05 02:00:00,ENDED,BULL,03.09 12:00,True,True,True,True,1h,,,,ENDED,BULL,03.09 12:00
2026-09-05 02:51:18,btc_signals_log(05.09)_v4.csv,,,,2026-09-05 02:00:00,ENDED,BULL,03.09 12:00,True,True,True,True,1h,,,,ENDED,BULL,03.09 12:00
2026-09-05 03:21:22,btc_signals_log(05.09)_v4.csv,,,,2026-09-05 03:00:00,ENDED,BULL,03.09 12:00,True,True,True,True,1h,,,,ENDED,BULL,03.09 12:00
2026-09-05 03:51:26,btc_signals_log(05.09)_v4.csv,,,,2026-09-05 03:00:00,ENDED,BULL,03.09 12:00,True,True,True,True,1h,,,,ENDED,BULL,03.09 12:00
2026-09-05 04:21:29,btc_signals_log(05.09)_v4.csv,,,,2026-09-05 04:00:00,ENDED,BULL,03.09 12:00,True,True,True,True,1h,,,,ENDED,BULL,03.09 12:00
2026-09-05 04:51:33,btc_signals_log(05.09)_v4.csv,,,,2026-09-05 04:00:00,ENDED,BULL,03.09 12:00,True,True,True,True,1h,,,,ENDED,BULL,03.09 12:00
2026-09-05 05:21:36,btc_signals_log(05.09)_v4.csv,,,,2026-09-05 05:00:00,ENDED,BULL,03.09 12:00,True,True,True,True,1h,,,,ENDED,BULL,03.09 12:00
2026-09-05 05:51:40,btc_signals_log(05.09)_v4.csv,,,,2026-09-05 05:00:00,ENDED,BULL,03.09 12:00,True,True,True,True,1h,,,,ENDED,BULL,03.09 12:00
2026-09-05 06:21:43,btc_signals_log(05.09)_v4.csv,,,,2026-09-05 06:00:00,ENDED,BULL,03.09 12:00,True,True,True,True,1h,,,,ENDED,BULL,03.09 12:00
2026-09-05 06:51:47,btc_signals_log(05.09)_v4.csv,,,,2026-09-05 06:00:00,ENDED,BULL,03.09 12:00,True,True,True,True,1h,,,,ENDED,BULL,03.09 12:00
2026-09-05 07:21:51,btc_signals_log(05.09)_v4.csv,,,,2026-09-05 07:00:00,ENDED,BULL,03.09 12:00,True,True,True,True,1h,,,,ENDED,BULL,03.09 12:00
2026-09-05 07:51:54,btc_signals_log(05.09)_v4.csv,,,,2026-09-05 07:00:00,ENDED,BULL,03.09 12:00,True,True,True,True,1h,,,,ENDED,BULL,03.09 12:00
2026-09-05 08:21:58,btc_signals_log(05.09)_v4.csv,,,,2026-09-05 08:00:00,ENDED,BULL,03.09 12:00,True,True,True,True,1h,,,,ENDED,BULL,03.09 12:00
2026-09-05 08:52:02,btc_signals_log(05.09)_v4.csv,,,,2026-09-05 08:00:00,ENDED,BULL,03.09 12:00,True,True,True,True,1h,,,,ENDED,BULL,03.09 12:00
2026-09-05 09:22:05,btc_signals_log(05.09)_v4.csv,,,,2026-09-05 09:00:00,ENDED,BULL,03.09 12:00,True,True,True,True,1h,,,,ENDED,BULL,03.09 12:00
2026-09-05 09:52:09,btc_signals_log(05.09)_v4.csv,,,,2026-09-05 09:00:00,ENDED,BULL,03.09 12:00,True,True,True,True,1h,,,,ENDED,BULL,03.09 12:00
2026-09-05 10:22:13,btc_signals_log(05.09)_v4.csv,,,,2026-09-05 10:00:00,ENDED,BULL,03.09 12:00,True,True,True,True,1h,,,,ENDED,BULL,03.09 12:00
2026-09-05 10:52:17,btc_signals_log(05.09)_v4.csv,,,,2026-09-05 10:00:00,ENDED,BULL,03.09 12:00,True,True,True,True,1h,,,,ENDED,BULL,03.09 12:00
2026-09-05 11:22:21,btc_signals_log(05.09)_v4.csv,,,,2026-09-05 11:00:00,ENDED,BULL,03.09 12:00,True,True,True,True,1h,,,,ENDED,BULL,03.09 12:00
2026-09-05 11:52:25,btc_signals_log(05.09)_v4.csv,,,,2026-09-05 11:00:00,ENDED,BULL,03.09 12:00,True,True,True,True,1h,,,,ENDED,BULL,03.09 12:00
2026-09-05 12:22:29,btc_signals_log(05.09)_v4.csv,,,,2026-09-05 12:00:00,ENDED,BULL,03.09 12:00,True,True,True,True,1h,,,,ENDED,BULL,03.09 12:00
2026-09-05 12:52:32,btc_signals_log(05.09)_v4.csv,,,,2026-09-05 12:00:00,ENDED,BULL,03.09 12:00,True,True,True,True,1h,,,,ENDED,BULL,03.09 12:00
2026-09-05 13:22:36,btc_signals_log(05.09)_v4.csv,,,,2026-09-05 13:00:00,ENDED,BULL,03.09 12:00,True,True,True,True,1h,,,,ENDED,BULL,03.09 12:00
2026-09-05 13:52:39,btc_signals_log(05.09)_v4.csv,,,,2026-09-05 13:00:00,ENDED,BULL,03.09 12:00,True,True,True,True,1h,,,,ENDED,BULL,03.09 12:00
2026-09-05 14:22:43,btc_signals_log(05.09)_v4.csv,,,,2026-09-05 14:00:00,ENDED,BULL,03.09 12:00,True,True,True,True,1h,,,,ENDED,BULL,03.09 12:00
2026-09-05 14:52:47,btc_signals_log(05.09)_v4.csv,,,,2026-09-05 14:00:00,ENDED,BULL,03.09 12:00,True,True,True,True,1h,,,,ENDED,BULL,03.09 12:00
2026-09-05 15:22:51,btc_signals_log(05.09)_v4.csv,,,,2026-09-05 15:00:00,ENDED,BULL,03.09 12:00,True,True,True,True,1h,,,,ENDED,BULL,03.09 12:00
2026-09-05 15:52:54,btc_signals_log(05.09)_v4.csv,,,,2026-09-05 15:00:00,ENDED,BULL,03.09 12:00,True,True,True,True,1h,,,,ENDED,BULL,03.09 12:00
2026-09-05 16:22:58,btc_signals_log(05.09)_v4.csv,,,,2026-09-05 16:00:00,ENDED,BULL,03.09 12:00,True,True,True,True,1h,,,,ENDED,BULL,03.09 12:00
2026-09-05 16:53:02,btc_signals_log(05.09)_v4.csv,,,,2026-09-05 16:00:00,ENDED,BULL,03.09 12:00,True,True,True,True,1h,,,,ENDED,BULL,03.09 12:00
2026-09-05 17:23:05,btc_signals_log(05.09)_v4.csv,,,,2026-09-05 17:00:00,ENDED,BULL,03.09 12:00,True,True,True,True,1h,,,,ENDED,BULL,03.09 12:00
2026-09-05 17:53:09,btc_signals_log(05.09)_v4.csv,,,,2026-09-05 17:00:00,ENDED,BULL,03.09 12:00,True,True,True,True,1h,,,,ENDED,BULL,03.09 12:00
2026-09-05 18:23:13,btc_signals_log(05.09)_v4.csv,,,,2026-09-05 18:00:00,ENDED,BULL,03.09 12:00,True,True,True,True,1h,,,,ENDED,BULL,03.09 12:00
2026-09-05 18:53:16,btc_signals_log(05.09)_v4.csv,,,,2026-09-05 18:00:00,ENDED,BULL,03.09 12:00,True,True,True,True,1h,,,,ENDED,BULL,03.09 12:00
2026-09-05 19:23:20,btc_signals_log(05.09)_v4.csv,,,,2026-09-05 19:00:00,ENDED,BULL,03.09 12:00,True,True,True,True,1h,,,,ENDED,BULL,03.09 12:00
2026-09-05 19:53:24,btc_signals_log(05.09)_v4.csv,,,,2026-09-05 19:00:00,ENDED,BULL,03.09 12:00,True,True,True,True,1h,,,,ENDED,BULL,03.09 12:00
2026-09-05 20:23:27,btc_signals_log(05.09)_v4.csv,,,,2026-09-05 20:00:00,ENDED,BULL,03.09 12:00,True,True,True,True,1h,,,,ENDED,BULL,03.09 12:00
2026-09-05 20:53:31,btc_signals_log(05.09)_v4.csv,,,,2026-09-05 20:00:00,ENDED,BULL,03.09 12:00,True,True,True,True,1h,,,,ENDED,BULL,03.09 12:00
2026-09-05 21:23:35,btc_signals_log(05.09)_v4.csv,,,,2026-09-05 21:00:00,ENDED,BULL,03.09 12:00,True,True,True,True,1h,,,,ENDED,BULL,03.09 12:00
2026-09-05 21:53:38,btc_signals_log(05.09)_v4.csv,,,,2026-09-05 21:00:00,ENDED,BULL,03.09 12:00,True,True,True,True,1h,,,,ENDED,BULL,03.09 12:00
2026-09-05 22:23:42,btc_signals_log(05.09)_v4.csv,,,,2026-09-05 22:00:00,ENDED,BULL,03.09 12:00,True,True,True,True,1h,,,,ENDED,BULL,03.09 12:00
2026-09-05 22:53:46,btc_signals_log(05.09)_v4.csv,,,,2026-09-05 22:00:00,ENDED,BULL,03.09 12:00,True,True,True,True,1h,,,,ENDED,BULL,03.09 12:00
2026-09-05 23:23:49,btc_signals_log(05.09)_v4.csv,,,,2026-09-05 23:00:00,ENDED,BULL,03.09 12:00,True,True,True,True,1h,,,,ENDED,BULL,03.09 12:00
2026-09-05 23:53:53,btc_signals_log(05.09)_v4.csv,,,,2026-09-05 23:00:00,ENDED,BULL,03.09 12:00,True,True,True,True,1h,,,,ENDED,BULL,03.09 12:00
2026-09-06 00:23:56,btc_signals_log(06.09)_v4.csv,,,,2026-09-06 00:00:00,ENDED,BULL,03.09 12:00,True,True,True,True,1h,,,,ENDED,BULL,03.09 12:00
2026-09-06 00:54:00,btc_signals_log(06.09)_v4.csv,,,,2026-09-06 00:00:00,ENDED,BULL,03.09 12:00,True,True,True,True,1h,,,,ENDED,BULL,03.09 12:00
2026-09-06 01:24:03,btc_signals_log(06.09)_v4.csv,,,,2026-09-06 01:00:00,ENDED,BULL,03.09 12:00,True,True,True,True,1h,,,,ENDED,BULL,03.09 12:00
2026-09-06 01:54:07,btc_signals_log(06.09)_v4.csv,,,,2026-09-06 01:00:00,ENDED,BULL,03.09 12:00,True,True,True,True,1h,,,,ENDED,BULL,03.09 12:00
2026-09-06 02:24:11,btc_signals_log(06.09)_v4.csv,,,,2026-09-06 02:00:00,ENDED,BULL,03.09 12:00,True,True,True,True,1h,,,,ENDED,BULL,03.09 12:00
2026-09-06 02:54:14,btc_signals_log(06.09)_v4.csv,,,,2026-09-06 02:00:00,ENDED,BULL,03.09 12:00,True,True,True,True,1h,,,,ENDED,BULL,03.09 12:00
2026-09-06 03:24:18,btc_signals_log(06.09)_v4.csv,,,,2026-09-06 03:00:00,ENDED,BULL,03.09 12:00,True,True,True,True,1h,,,,ENDED,BULL,03.09 12:00
2026-09-06 03:54:22,btc_signals_log(06.09)_v4.csv,,,,2026-09-06 03:00:00,ENDED,BULL,03.09 12:00,True,True,True,True,1h,,,,ENDED,BULL,03.09 12:00
2026-09-06 04:24:25,btc_signals_log(06.09)_v4.csv,,,,2026-09-06 04:00:00,ACTIVE,BULL,06.09 03:00,True,True,True,True,1h,,,,ACTIVE,BULL,06.09 03:00
2026-09-06 04:54:29,btc_signals_log(06.09)_v4.csv,,,,2026-09-06 04:00:00,ACTIVE,BULL,06.09 03:00,True,True,True,True,1h,,,,ACTIVE,BULL,06.09 03:00
2026-09-06 05:24:32,btc_signals_log(06.09)_v4.csv,,,,2026-09-06 05:00:00,ACTIVE,BULL,06.09 03:00,True,True,True,True,1h,,,,ACTIVE,BULL,06.09 03:00
2026-09-06 05:54:36,btc_signals_log(06.09)_v4.csv,,,,2026-09-06 05:00:00,ACTIVE,BULL,06.09 03:00,True,True,True,True,1h,,,,ACTIVE,BULL,06.09 03:00
2026-09-06 06:24:40,btc_signals_log(06.09)_v4.csv,,,,2026-09-06 06:00:00,ACTIVE,BULL,06.09 03:00,True,True,True,True,1h,,,,ACTIVE,BULL,06.09 03:00
2026-09-06 06:54:43,btc_signals_log(06.09)_v4.csv,,,,2026-09-06 06:00:00,ACTIVE,BULL,06.09 03:00,True,True,True,True,1h,,,,ACTIVE,BULL,06.09 03:00
2026-09-06 07:24:47,btc_signals_log(06.09)_v4.csv,,,,2026-09-06 07:00:00,ACTIVE,BULL,06.09 03:00,True,True,True,True,1h,,,,ACTIVE,BULL,06.09 03:00
2026-09-06 07:54:50,btc_signals_log(06.09)_v4.csv,,,,2026-09-06 07:00:00,ACTIVE,BULL,06.09 03:00,True,True,True,True,1h,,,,ACTIVE,BULL,06.09 03:00
2026-09-06 08:24:54,btc_signals_log(06.09)_v4.csv,,,,2026-09-06 08:00:00,ACTIVE,BULL,06.09 03:00,True,True,True,True,1h,,,,ACTIVE,BULL,06.09 03:00
2026-09-06 08:54:58,btc_signals_log(06.09)_v4.csv,,,,2026-09-06 08:00:00,ACTIVE,BULL,06.09 03:00,True,True,True,True,1h,,,,ACTIVE,BULL,06.09 03:00
2026-09-06 09:25:02,btc_signals_log(06.09)_v4.csv,,,,2026-09-06 09:00:00,ACTIVE,BULL,06.09 03:00,True,True,True,True,1h,,,,ACTIVE,BULL,06.09 03:00
2026-09-06 09:55:05,btc_signals_log(06.09)_v4.csv,,,,2026-09-06 09:00:00,ACTIVE,BULL,06.09 03:00,True,True,True,True,1h,,,,ACTIVE,BULL,06.09 03:00
2026-09-06 10:25:10,btc_signals_log(06.09)_v4.csv,,,,2026-09-06 10:00:00,ACTIVE,BULL,06.09 03:00,True,True,True,True,1h,,,,ACTIVE,BULL,06.09 03:00
2026-09-06 10:55:14,btc_signals_log(06.09)_v4.csv,,,,2026-09-06 10:00:00,ACTIVE,BULL,06.09 03:00,True,True,True,True,1h,,,,ACTIVE,BULL,06.09 03:00
2026-09-06 11:25:18,btc_signals_log(06.09)_v4.csv,,,,2026-09-06 11:00:00,ACTIVE,BULL,06.09 03:00,True,True,True,True,1h,,,,ACTIVE,BULL,06.09 03:00
2026-09-06 11:55:22,btc_signals_log(06.09)_v4.csv,,,,2026-09-06 11:00:00,ACTIVE,BULL,06.09 03:00,True,True,True,True,1h,,,,ACTIVE,BULL,06.09 03:00
2026-09-06 12:25:26,btc_signals_log(06.09)_v4.csv,,,,2026-09-06 12:00:00,ACTIVE,BULL,06.09 03:00,True,True,True,True,1h,,,,ACTIVE,BULL,06.09 03:00
2026-09-06 12:55:29,btc_signals_log(06.09)_v4.csv,,,,2026-09-06 12:00:00,ACTIVE,BULL,06.09 03:00,True,True,True,True,1h,,,,ACTIVE,BULL,06.09 03:00
2026-09-06 13:25:33,btc_signals_log(06.09)_v4.csv,,,,2026-09-06 13:00:00,ACTIVE,BULL,06.09 03:00,True,True,True,True,1h,,,,ACTIVE,BULL,06.09 03:00
2026-09-06 13:55:37,btc_signals_log(06.09)_v4.csv,,,,2026-09-06 13:00:00,ACTIVE,BULL,06.09 03:00,True,True,True,True,1h,,,,ACTIVE,BULL,06.09 03:00
2026-09-06 14:25:41,btc_signals_log(06.09)_v4.csv,,,,2026-09-06 14:00:00,ACTIVE,BULL,06.09 03:00,True,True,True,True,1h,,,,ACTIVE,BULL,06.09 03:00
2026-09-06 14:55:45,btc_signals_log(06.09)_v4.csv,,,,2026-09-06 14:00:00,ACTIVE,BULL,06.09 03:00,True,True,True,True,1h,,,,ACTIVE,BULL,06.09 03:00
2026-09-06 15:25:49,btc_signals_log(06.09)_v4.csv,,,,2026-09-06 15:00:00,ACTIVE,BULL,06.09 03:00,True,True,True,True,1h,,,,ACTIVE,BULL,06.09 03:00
2026-09-06 15:55:53,btc_signals_log(06.09)_v4.csv,,,,2026-09-06 15:00:00,ACTIVE,BULL,06.09 03:00,True,True,True,True,1h,,,,ACTIVE,BULL,06.09 03:00
2026-09-06 16:25:57,btc_signals_log(06.09)_v4.csv,,,,2026-09-06 16:00:00,ACTIVE,BULL,06.09 03:00,True,True,True,True,1h,,,,ACTIVE,BULL,06.09 03:00
2026-09-06 16:56:00,btc_signals_log(06.09)_v4.csv,,,,2026-09-06 16:00:00,ACTIVE,BULL,06.09 03:00,True,True,True,True,1h,,,,ACTIVE,BULL,06.09 03:00
2026-09-06 17:26:04,btc_signals_log(06.09)_v4.csv,,,,2026-09-06 17:00:00,ACTIVE,BULL,06.09 03:00,True,True,True,True,1h,,,,ACTIVE,BULL,06.09 03:00
2026-09-06 17:56:07,btc_signals_log(06.09)_v4.csv,,,,2026-09-06 17:00:00,ACTIVE,BULL,06.09 03:00,True,True,True,True,1h,,,,ACTIVE,BULL,06.09 03:00
2026-09-06 18:26:11,btc_signals_log(06.09)_v4.csv,,,,2026-09-06 18:00:00,ACTIVE,BULL,06.09 03:00,True,True,True,True,1h,,,,ACTIVE,BULL,06.09 03:00
2026-09-06 18:56:15,btc_signals_log(06.09)_v4.csv,,,,2026-09-06 18:00:00,ACTIVE,BULL,06.09 03:00,True,True,True,True,1h,,,,ACTIVE,BULL,06.09 03:00
2026-09-06 19:26:18,btc_signals_log(06.09)_v4.csv,,,,2026-09-06 19:00:00,ACTIVE,BULL,06.09 03:00,True,True,True,True,1h,,,,ACTIVE,BULL,06.09 03:00
2026-09-06 19:56:22,btc_signals_log(06.09)_v4.csv,,,,2026-09-06 19:00:00,ACTIVE,BULL,06.09 03:00,True,True,True,True,1h,,,,ACTIVE,BULL,06.09 03:00
2026-09-06 20:26:25,btc_signals_log(06.09)_v4.csv,,,,2026-09-06 20:00:00,ACTIVE,BULL,06.09 03:00,True,True,True,True,1h,,,,ACTIVE,BULL,06.09 03:00
2026-09-06 20:56:29,btc_signals_log(06.09)_v4.csv,,,,2026-09-06 20:00:00,ACTIVE,BULL,06.09 03:00,True,True,True,True,1h,,,,ACTIVE,BULL,06.09 03:00
2026-09-06 21:26:33,btc_signals_log(06.09)_v4.csv,,,,2026-09-06 21:00:00,ACTIVE,BULL,06.09 03:00,True,True,True,True,1h,,,,ACTIVE,BULL,06.09 03:00
2026-09-06 21:56:37,btc_signals_log(06.09)_v4.csv,,,,2026-09-06 21:00:00,ACTIVE,BULL,06.09 03:00,True,True,True,True,1h,,,,ACTIVE,BULL,06.09 03:00
2026-09-06 22:26:41,btc_signals_log(06.09)_v4.csv,,,,2026-09-06 22:00:00,ACTIVE,BULL,06.09 03:00,True,True,True,True,1h,,,,ACTIVE,BULL,06.09 03:00
2026-09-06 22:56:44,btc_signals_log(06.09)_v4.csv,,,,2026-09-06 22:00:00,ACTIVE,BULL,06.09 03:00,True,True,True,True,1h,,,,ACTIVE,BULL,06.09 03:00
2026-09-06 23:26:48,btc_signals_log(06.09)_v4.csv,,,,2026-09-06 23:00:00,ACTIVE,BULL,06.09 03:00,True,True,True,True,1h,,,,ACTIVE,BULL,06.09 03:00
2026-09-06 23:56:52,btc_signals_log(06.09)_v4.csv,,,,2026-09-06 23:00:00,ACTIVE,BULL,06.09 03:00,True,True,True,True,1h,,,,ACTIVE,BULL,06.09 03:00
2026-09-07 00:26:56,btc_signals_log(07.09)_v4.csv,,,,2026-09-07 00:00:00,ACTIVE,BULL,06.09 03:00,True,True,True,True,1h,,,,ACTIVE,BULL,06.09 03:00
2026-09-07 00:56:59,btc_signals_log(07.09)_v4.csv,,,,2026-09-07 00:00:00,ACTIVE,BULL,06.09 03:00,True,True,True,True,1h,,,,ACTIVE,BULL,06.09 03:00
2026-09-07 01:27:03,btc_signals_log(07.09)_v4.csv,,,,2026-09-07 01:00:00,ACTIVE,BULL,06.09 03:00,True,True,True,True,1h,,,,ACTIVE,BULL,06.09 03:00
2026-09-07 01:57:07,btc_signals_log(07.09)_v4.csv,,,,2026-09-07 01:00:00,ACTIVE,BULL,06.09 03:00,True,True,True,True,1h,,,,ACTIVE,BULL,06.09 03:00
2026-09-07 02:27:10,btc_signals_log(07.09)_v4.csv,,,,2026-09-07 02:00:00,ACTIVE,BULL,06.09 03:00,True,True,True,True,1h,,,,ACTIVE,BULL,06.09 03:00
2026-09-07 02:57:14,btc_signals_log(07.09)_v4.csv,,,,2026-09-07 02:00:00,ACTIVE,BULL,06.09 03:00,True,True,True,True,1h,,,,ACTIVE,BULL,06.09 03:00
2026-09-07 03:27:18,btc_signals_log(07.09)_v4.csv,,,,2026-09-07 03:00:00,ACTIVE,BULL,06.09 03:00,True,True,True,True,1h,,,,ACTIVE,BULL,06.09 03:00
2026-09-07 03:57:21,btc_signals_log(07.09)_v4.csv,,,,2026-09-07 03:00:00,ACTIVE,BULL,06.09 03:00,True,True,True,True,1h,,,,ACTIVE,BULL,06.09 03:00
2026-09-07 04:27:25,btc_signals_log(07.09)_v4.csv,,,,2026-09-07 04:00:00,ACTIVE,BULL,06.09 03:00,True,True,True,True,1h,,,,ACTIVE,BULL,06.09 03:00
2026-09-07 04:57:29,btc_signals_log(07.09)_v4.csv,,,,2026-09-07 04:00:00,ACTIVE,BULL,06.09 03:00,True,True,True,True,1h,,,,ACTIVE,BULL,06.09 03:00
2026-09-07 05:27:33,btc_signals_log(07.09)_v4.csv,,,,2026-09-07 05:00:00,ACTIVE,BULL,06.09 03:00,True,True,True,True,1h,,,,ACTIVE,BULL,06.09 03:00
2026-09-07 05:57:36,btc_signals_log(07.09)_v4.csv,,,,2026-09-07 05:00:00,ACTIVE,BULL,06.09 03:00,True,True,True,True,1h,,,,ACTIVE,BULL,06.09 03:00
2026-09-07 06:27:40,btc_signals_log(07.09)_v4.csv,,,,2026-09-07 06:00:00,ACTIVE,BULL,06.09 03:00,True,True,True,True,1h,,,,ACTIVE,BULL,06.09 03:00
2026-09-07 06:57:44,btc_signals_log(07.09)_v4.csv,,,,2026-09-07 06:00:00,ACTIVE,BULL,06.09 03:00,True,True,True,True,1h,,,,ACTIVE,BULL,06.09 03:00
2026-09-07 07:27:48,btc_signals_log(07.09)_v4.csv,,,,2026-09-07 07:00:00,ACTIVE,BULL,06.09 03:00,True,True,True,True,1h,,,,ACTIVE,BULL,06.09 03:00
2026-09-07 07:57:52,btc_signals_log(07.09)_v4.csv,,,,2026-09-07 07:00:00,ACTIVE,BULL,06.09 03:00,True,True,True,True,1h,,,,ACTIVE,BULL,06.09 03:00
2026-09-07 08:27:56,btc_signals_log(07.09)_v4.csv,,,,2026-09-07 08:00:00,ACTIVE,BEAR,07.09 07:00,True,True,True,True,1h,,,,ACTIVE,BEAR,07.09 07:00
2026-09-07 08:58:01,btc_signals_log(07.09)_v4.csv,,,,2026-09-07 08:00:00,ACTIVE,BEAR,07.09 07:00,True,True,True,True,1h,,,,ACTIVE,BEAR,07.09 07:00
2026-09-07 09:28:05,btc_signals_log(07.09)_v4.csv,,,,2026-09-07 09:00:00,ACTIVE,BEAR,07.09 07:00,True,True,True,True,1h,,,,ACTIVE,BEAR,07.09 07:00
2026-09-07 09:58:09,btc_signals_log(07.09)_v4.csv,,,,2026-09-07 09:00:00,ACTIVE,BEAR,07.09 07:00,True,True,True,True,1h,,,,ACTIVE,BEAR,07.09 07:00
2026-09-07 10:28:13,btc_signals_log(07.09)_v4.csv,,,,2026-09-07 10:00:00,ACTIVE,BEAR,07.09 07:00,True,True,True,True,1h,,,,ACTIVE,BEAR,07.09 07:00
2026-09-07 10:58:18,btc_signals_log(07.09)_v4.csv,,,,2026-09-07 10:00:00,ACTIVE,BEAR,07.09 07:00,True,True,True,True,1h,,,,ACTIVE,BEAR,07.09 07:00
2026-09-07 11:28:22,btc_signals_log(07.09)_v4.csv,,,,2026-09-07 11:00:00,ACTIVE,BEAR,07.09 07:00,True,True,True,True,1h,,,,ACTIVE,BEAR,07.09 07:00
2026-09-07 11:58:26,btc_signals_log(07.09)_v4.csv,,,,2026-09-07 11:00:00,ACTIVE,BEAR,07.09 07:00,True,True,True,True,1h,,,,ACTIVE,BEAR,07.09 07:00
2026-09-07 12:28:30,btc_signals_log(07.09)_v4.csv,,,,2026-09-07 12:00:00,ACTIVE,BEAR,07.09 07:00,True,True,True,True,1h,,,,ACTIVE,BEAR,07.09 07:00
2026-09-07 12:58:34,btc_signals_log(07.09)_v4.csv,,,,2026-09-07 12:00:00,ACTIVE,BEAR,07.09 07:00,True,True,True,True,1h,,,,ACTIVE,BEAR,07.09 07:00
2026-09-07 13:28:38,btc_signals_log(07.09)_v4.csv,,,,2026-09-07 13:00:00,ACTIVE,BEAR,07.09 07:00,True,True,True,True,1h,,,,ACTIVE,BEAR,07.09 07:00
2026-09-07 13:58:42,btc_signals_log(07.09)_v4.csv,,,,2026-09-07 13:00:00,ACTIVE,BEAR,07.09 07:00,True,True,True,True,1h,,,,ACTIVE,BEAR,07.09 07:00
2026-09-07 14:28:46,btc_signals_log(07.09)_v4.csv,,,,2026-09-07 14:00:00,ACTIVE,BEAR,07.09 07:00,True,True,True,True,1h,,,,ACTIVE,BEAR,07.09 07:00
2026-09-07 14:58:51,btc_signals_log(07.09)_v4.csv,,,,2026-09-07 14:00:00,ACTIVE,BEAR,07.09 07:00,True,True,True,True,1h,,,,ACTIVE,BEAR,07.09 07:00
2026-09-07 15:28:55,btc_signals_log(07.09)_v4.csv,,,,2026-09-07 15:00:00,ACTIVE,BEAR,07.09 07:00,True,True,True,True,1h,,,,ACTIVE,BEAR,07.09 07:00
2026-09-07 15:58:59,btc_signals_log(07.09)_v4.csv,,,,2026-09-07 15:00:00,ACTIVE,BEAR,07.09 07:00,True,True,True,True,1h,,,,ACTIVE,BEAR,07.09 07:00
2026-09-07 16:29:03,btc_signals_log(07.09)_v4.csv,,,,2026-09-07 16:00:00,ACTIVE,BEAR,07.09 07:00,True,True,True,True,1h,,,,ACTIVE,BEAR,07.09 07:00
2026-09-07 16:59:07,btc_signals_log(07.09)_v4.csv,,,,2026-09-07 16:00:00,ACTIVE,BEAR,07.09 07:00,True,True,True,True,1h,,,,ACTIVE,BEAR,07.09 07:00
2026-09-07 17:29:11,btc_signals_log(07.09)_v4.csv,,,,2026-09-07 17:00:00,ACTIVE,BEAR,07.09 07:00,True,True,True,True,1h,,,,ACTIVE,BEAR,07.09 07:00
2026-09-07 17:59:15,btc_signals_log(07.09)_v4.csv,,,,2026-09-07 17:00:00,ACTIVE,BEAR,07.09 07:00,True,True,True,True,1h,,,,ACTIVE,BEAR,07.09 07:00
2026-09-07 18:29:19,btc_signals_log(07.09)_v4.csv,,,,2026-09-07 18:00:00,ACTIVE,BEAR,07.09 07:00,True,True,True,True,1h,,,,ACTIVE,BEAR,07.09 07:00
2026-09-07 18:59:23,btc_signals_log(07.09)_v4.csv,,,,2026-09-07 18:00:00,ACTIVE,BEAR,07.09 07:00,True,True,True,True,1h,,,,ACTIVE,BEAR,07.09 07:00
2026-09-07 19:29:26,btc_signals_log(07.09)_v4.csv,,,,2026-09-07 19:00:00,ACTIVE,BEAR,07.09 07:00,True,True,True,True,1h,,,,ACTIVE,BEAR,07.09 07:00
2026-09-07 19:59:30,btc_signals_log(07.09)_v4.csv,,,,2026-09-07 19:00:00,ACTIVE,BEAR,07.09 07:00,True,True,True,True,1h,,,,ACTIVE,BEAR,07.09 07:00
2026-09-07 20:29:34,btc_signals_log(07.09)_v4.csv,,,,2026-09-07 20:00:00,ACTIVE,BEAR,07.09 07:00,True,True,True,True,1h,,,,ACTIVE,BEAR,07.09 07:00
2026-09-07 20:59:37,btc_signals_log(07.09)_v4.csv,,,,2026-09-07 20:00:00,ACTIVE,BEAR,07.09 07:00,True,True,True,True,1h,,,,ACTIVE,BEAR,07.09 07:00
2026-09-07 21:29:41,btc_signals_log(07.09)_v4.csv,,,,2026-09-07 21:00:00,ACTIVE,BEAR,07.09 07:00,True,True,True,True,1h,,,,ACTIVE,BEAR,07.09 07:00
2026-09-07 21:59:45,btc_signals_log(07.09)_v4.csv,,,,2026-09-07 21:00:00,ACTIVE,BEAR,07.09 07:00,True,True,True,True,1h,,,,ACTIVE,BEAR,07.09 07:00
2026-09-07 22:29:48,btc_signals_log(07.09)_v4.csv,,,,2026-09-07 22:00:00,ACTIVE,BEAR,07.09 07:00,True,True,True,True,1h,,,,ACTIVE,BEAR,07.09 07:00
2026-09-07 22:59:52,btc_signals_log(07.09)_v4.csv,,,,2026-09-07 22:00:00,ACTIVE,BEAR,07.09 07:00,True,True,True,True,1h,,,,ACTIVE,BEAR,07.09 07:00
2026-09-07 23:29:57,btc_signals_log(07.09)_v4.csv,,,,2026-09-07 23:00:00,ACTIVE,BEAR,07.09 07:00,True,True,True,True,1h,,,,ACTIVE,BEAR,07.09 07:00
2026-09-08 00:00:00,btc_signals_log(08.09)_v4.csv,,,,2026-09-08 00:00:00,ACTIVE,BEAR,07.09 07:00,True,True,True,True,1h,,,,ACTIVE,BEAR,07.09 07:00
2026-09-08 00:30:05,btc_signals_log(08.09)_v4.csv,,,,2026-09-08 00:00:00,ACTIVE,BEAR,07.09 07:00,True,True,True,True,1h,,,,ACTIVE,BEAR,07.09 07:00
2026-09-08 01:00:10,btc_signals_log(08.09)_v4.csv,,,,2026-09-08 01:00:00,ACTIVE,BEAR,07.09 07:00,True,True,True,True,1h,,,,ACTIVE,BEAR,07.09 07:00
2026-09-08 01:30:13,btc_signals_log(08.09)_v4.csv,,,,2026-09-08 01:00:00,ACTIVE,BEAR,07.09 07:00,True,True,True,True,1h,,,,ACTIVE,BEAR,07.09 07:00
2026-09-08 02:00:17,btc_signals_log(08.09)_v4.csv,,,,2026-09-08 02:00:00,ACTIVE,BEAR,07.09 07:00,True,True,True,True,1h,,,,ACTIVE,BEAR,07.09 07:00
2026-09-08 02:30:21,btc_signals_log(08.09)_v4.csv,,,,2026-09-08 02:00:00,ACTIVE,BEAR,07.09 07:00,True,True,True,True,1h,,,,ACTIVE,BEAR,07.09 07:00
2026-09-08 03:00:25,btc_signals_log(08.09)_v4.csv,,,,2026-09-08 03:00:00,ACTIVE,BEAR,07.09 07:00,True,True,True,True,1h,,,,ACTIVE,BEAR,07.09 07:00
2026-09-08 03:30:29,btc_signals_log(08.09)_v4.csv,,,,2026-09-08 03:00:00,ACTIVE,BEAR,07.09 07:00,True,True,True,True,1h,,,,ACTIVE,BEAR,07.09 07:00
2026-09-08 04:00:32,btc_signals_log(08.09)_v4.csv,,,,2026-09-08 04:00:00,ACTIVE,BEAR,07.09 07:00,True,True,True,True,1h,,,,ACTIVE,BEAR,07.09 07:00
2026-09-08 04:30:36,btc_signals_log(08.09)_v4.csv,,,,2026-09-08 04:00:00,ACTIVE,BEAR,07.09 07:00,True,True,True,True,1h,,,,ACTIVE,BEAR,07.09 07:00
2026-09-08 05:00:40,btc_signals_log(08.09)_v4.csv,,,,2026-09-08 05:00:00,ACTIVE,BEAR,07.09 07:00,True,True,True,True,1h,,,,ACTIVE,BEAR,07.09 07:00
2026-09-08 05:30:44,btc_signals_log(08.09)_v4.csv,,,,2026-09-08 05:00:00,ACTIVE,BEAR,07.09 07:00,True,True,True,True,1h,,,,ACTIVE,BEAR,07.09 07:00
2026-09-08 06:00:47,btc_signals_log(08.09)_v4.csv,,,,2026-09-08 06:00:00,ACTIVE,BEAR,07.09 07:00,True,True,True,True,1h,,,,ACTIVE,BEAR,07.09 07:00
2026-09-08 06:30:51,btc_signals_log(08.09)_v4.csv,,,,2026-09-08 06:00:00,ACTIVE,BEAR,07.09 07:00,True,True,True,True,1h,,,,ACTIVE,BEAR,07.09 07:00
2026-09-08 07:00:54,btc_signals_log(08.09)_v4.csv,,,,2026-09-08 07:00:00,ACTIVE,BEAR,07.09 07:00,True,True,True,True,1h,,,,ACTIVE,BEAR,07.09 07:00
2026-09-08 07:30:58,btc_signals_log(08.09)_v4.csv,,,,2026-09-08 07:00:00,ACTIVE,BEAR,07.09 07:00,True,True,True,True,1h,,,,ACTIVE,BEAR,07.09 07:00
2026-09-08 08:01:02,btc_signals_log(08.09)_v4.csv,,,,2026-09-08 08:00:00,ACTIVE,BEAR,07.09 07:00,True,True,True,True,1h,,,,ACTIVE,BEAR,07.09 07:00
2026-09-08 08:31:05,btc_signals_log(08.09)_v4.csv,,,,2026-09-08 08:00:00,ACTIVE,BEAR,07.09 07:00,True,True,True,True,1h,,,,ACTIVE,BEAR,07.09 07:00
2026-09-08 09:01:09,btc_signals_log(08.09)_v4.csv,,,,2026-09-08 09:00:00,ACTIVE,BEAR,07.09 07:00,True,True,True,True,1h,,,,ACTIVE,BEAR,07.09 07:00
2026-09-08 09:31:13,btc_signals_log(08.09)_v4.csv,,,,2026-09-08 09:00:00,ACTIVE,BEAR,07.09 07:00,True,True,True,True,1h,,,,ACTIVE,BEAR,07.09 07:00
2026-09-08 10:01:17,btc_signals_log(08.09)_v4.csv,,,,2026-09-08 10:00:00,ACTIVE,BEAR,07.09 07:00,True,True,True,True,1h,,,,ACTIVE,BEAR,07.09 07:00
2026-09-08 10:31:21,btc_signals_log(08.09)_v4.csv,,,,2026-09-08 10:00:00,ACTIVE,BEAR,07.09 07:00,True,True,True,True,1h,,,,ACTIVE,BEAR,07.09 07:00
2026-09-08 11:01:24,btc_signals_log(08.09)_v4.csv,,,,2026-09-08 11:00:00,ACTIVE,BEAR,07.09 07:00,True,True,True,True,1h,,,,ACTIVE,BEAR,07.09 07:00
2026-09-08 11:31:28,btc_signals_log(08.09)_v4.csv,,,,2026-09-08 11:00:00,ACTIVE,BEAR,07.09 07:00,True,True,True,True,1h,,,,ACTIVE,BEAR,07.09 07:00
2026-09-08 12:01:32,btc_signals_log(08.09)_v4.csv,,,,2026-09-08 12:00:00,ACTIVE,BEAR,07.09 07:00,True,True,True,True,1h,,,,ACTIVE,BEAR,07.09 07:00
2026-09-08 12:31:36,btc_signals_log(08.09)_v4.csv,,,,2026-09-08 12:00:00,ACTIVE,BEAR,07.09 07:00,True,True,True,True,1h,,,,ACTIVE,BEAR,07.09 07:00
2026-09-08 13:01:40,btc_signals_log(08.09)_v4.csv,,,,2026-09-08 13:00:00,ACTIVE,BEAR,07.09 07:00,True,True,True,True,1h,,,,ACTIVE,BEAR,07.09 07:00
2026-09-08 13:31:44,btc_signals_log(08.09)_v4.csv,,,,2026-09-08 13:00:00,ACTIVE,BEAR,07.09 07:00,True,True,True,True,1h,,,,ACTIVE,BEAR,07.09 07:00
2026-09-08 14:01:48,btc_signals_log(08.09)_v4.csv,,,,2026-09-08 14:00:00,ACTIVE,BEAR,07.09 07:00,True,True,True,True,1h,,,,ACTIVE,BEAR,07.09 07:00
2026-09-08 14:31:52,btc_signals_log(08.09)_v4.csv,,,,2026-09-08 14:00:00,ACTIVE,BEAR,07.09 07:00,True,True,True,True,1h,,,,ACTIVE,BEAR,07.09 07:00
2026-09-08 15:01:56,btc_signals_log(08.09)_v4.csv,,,,2026-09-08 15:00:00,ACTIVE,BEAR,07.09 07:00,True,True,True,True,1h,,,,ACTIVE,BEAR,07.09 07:00
2026-09-08 15:31:59,btc_signals_log(08.09)_v4.csv,,,,2026-09-08 15:00:00,ACTIVE,BEAR,07.09 07:00,True,True,True,True,1h,,,,ACTIVE,BEAR,07.09 07:00
2026-09-08 16:02:03,btc_signals_log(08.09)_v4.csv,,,,2026-09-08 16:00:00,ACTIVE,BEAR,07.09 07:00,True,True,True,True,1h,,,,ACTIVE,BEAR,07.09 07:00
2026-09-08 16:32:07,btc_signals_log(08.09)_v4.csv,,,,2026-09-08 16:00:00,ACTIVE,BEAR,07.09 07:00,True,True,True,True,1h,,,,ACTIVE,BEAR,07.09 07:00
2026-09-08 17:02:11,btc_signals_log(08.09)_v4.csv,,,,2026-09-08 17:00:00,ACTIVE,BEAR,07.09 07:00,True,True,True,True,1h,,,,ACTIVE,BEAR,07.09 07:00
2026-09-08 17:32:15,btc_signals_log(08.09)_v4.csv,,,,2026-09-08 17:00:00,ACTIVE,BEAR,07.09 07:00,True,True,True,True,1h,,,,ACTIVE,BEAR,07.09 07:00
2026-09-08 18:02:19,btc_signals_log(08.09)_v4.csv,,,,2026-09-08 18:00:00,ACTIVE,BEAR,07.09 07:00,True,True,True,True,1h,,,,ACTIVE,BEAR,07.09 07:00
2026-09-08 18:32:23,btc_signals_log(08.09)_v4.csv,,,,2026-09-08 18:00:00,ACTIVE,BEAR,07.09 07:00,True,True,True,True,1h,,,,ACTIVE,BEAR,07.09 07:00
2026-09-08 19:02:27,btc_signals_log(08.09)_v4.csv,,,,2026-09-08 19:00:00,ACTIVE,BEAR,07.09 07:00,True,True,True,True,1h,,,,ACTIVE,BEAR,07.09 07:00
2026-09-08 19:32:31,btc_signals_log(08.09)_v4.csv,,,,2026-09-08 19:00:00,ACTIVE,BEAR,07.09 07:00,True,True,True,True,1h,,,,ACTIVE,BEAR,07.09 07:00
2026-09-08 20:02:35,btc_signals_log(08.09)_v4.csv,,,,2026-09-08 20:00:00,ACTIVE,BEAR,07.09 07:00,True,True,True,True,1h,,,,ACTIVE,BEAR,07.09 07:00
2026-09-08 20:32:39,btc_signals_log(08.09)_v4.csv,,,,2026-09-08 20:00:00,ACTIVE,BEAR,07.09 07:00,True,True,True,True,1h,,,,ACTIVE,BEAR,07.09 07:00
2026-09-08 21:02:42,btc_signals_log(08.09)_v4.csv,,,,2026-09-08 21:00:00,ACTIVE,BEAR,07.09 07:00,True,True,True,True,1h,,,,ACTIVE,BEAR,07.09 07:00
2026-09-08 21:32:46,btc_signals_log(08.09)_v4.csv,,,,2026-09-08 21:00:00,ACTIVE,BEAR,07.09 07:00,True,True,True,True,1h,,,,ACTIVE,BEAR,07.09 07:00
2026-09-08 22:02:49,btc_signals_log(08.09)_v4.csv,,,,2026-09-08 22:00:00,ACTIVE,BEAR,07.09 07:00,True,True,True,True,1h,,,,ACTIVE,BEAR,07.09 07:00
2026-09-08 22:32:53,btc_signals_log(08.09)_v4.csv,,,,2026-09-08 22:00:00,ACTIVE,BEAR,07.09 07:00,True,True,True,True,1h,,,,ACTIVE,BEAR,07.09 07:00
2026-09-08 23:02:57,btc_signals_log(08.09)_v4.csv,,,,2026-09-08 23:00:00,ACTIVE,BEAR,07.09 07:00,True,True,True,True,1h,,,,ACTIVE,BEAR,07.09 07:00
2026-09-08 23:33:01,btc_signals_log(08.09)_v4.csv,,,,2026-09-08 23:00:00,ACTIVE,BEAR,07.09 07:00,True,True,True,True,1h,,,,ACTIVE,BEAR,07.09 07:00
2026-09-09 00:03:05,btc_signals_log(09.09)_v4.csv,,,,2026-09-09 00:00:00,ACTIVE,BEAR,07.09 07:00,True,True,True,True,1h,,,,ACTIVE,BEAR,07.09 07:00
2026-09-09 00:33:09,btc_signals_log(09.09)_v4.csv,,,,2026-09-09 00:00:00,ACTIVE,BEAR,07.09 07:00,True,True,True,True,1h,,,,ACTIVE,BEAR,07.09 07:00
2026-09-09 01:03:12,btc_signals_log(09.09)_v4.csv,,,,2026-09-09 01:00:00,ACTIVE,BEAR,07.09 07:00,True,True,True,True,1h,,,,ACTIVE,BEAR,07.09 07:00
2026-09-09 01:33:16,btc_signals_log(09.09)_v4.csv,,,,2026-09-09 01:00:00,ACTIVE,BEAR,07.09 07:00,True,True,True,True,1h,,,,ACTIVE,BEAR,07.09 07:00
2026-09-09 02:03:20,btc_signals_log(09.09)_v4.csv,,,,2026-09-09 02:00:00,ACTIVE,BEAR,07.09 07:00,True,True,True,True,1h,,,,ACTIVE,BEAR,07.09 07:00
2026-09-09 02:33:24,btc_signals_log(09.09)_v4.csv,,,,2026-09-09 02:00:00,ACTIVE,BEAR,07.09 07:00,True,True,True,True,1h,,,,ACTIVE,BEAR,07.09 07:00
2026-09-09 03:03:28,btc_signals_log(09.09)_v4.csv,,,,2026-09-09 03:00:00,ACTIVE,BEAR,07.09 07:00,True,True,True,True,1h,,,,ACTIVE,BEAR,07.09 07:00
2026-09-09 03:33:31,btc_signals_log(09.09)_v4.csv,,,,2026-09-09 03:00:00,ACTIVE,BEAR,07.09 07:00,True,True,True,True,1h,,,,ACTIVE,BEAR,07.09 07:00
2026-09-09 04:03:35,btc_signals_log(09.09)_v4.csv,,,,2026-09-09 04:00:00,ACTIVE,BEAR,07.09 07:00,True,True,True,True,1h,,,,ACTIVE,BEAR,07.09 07:00
2026-09-09 04:33:39,btc_signals_log(09.09)_v4.csv,,,,2026-09-09 04:00:00,ACTIVE,BEAR,07.09 07:00,True,True,True,True,1h,,,,ACTIVE,BEAR,07.09 07:00
2026-09-09 05:03:42,btc_signals_log(09.09)_v4.csv,,,,2026-09-09 05:00:00,ENDED,BEAR,07.09 07:00,True,True,True,True,1h,,,,ENDED,BEAR,07.09 07:00
2026-09-09 05:33:46,btc_signals_log(09.09)_v4.csv,,,,2026-09-09 05:00:00,ENDED,BEAR,07.09 07:00,True,True,True,True,1h,,,,ENDED,BEAR,07.09 07:00
2026-09-09 06:03:50,btc_signals_log(09.09)_v4.csv,,,,2026-09-09 06:00:00,ENDED,BEAR,07.09 07:00,True,True,True,True,1h,,,,ENDED,BEAR,07.09 07:00
2026-09-09 06:33:54,btc_signals_log(09.09)_v4.csv,,,,2026-09-09 06:00:00,ENDED,BEAR,07.09 07:00,True,True,True,True,1h,,,,ENDED,BEAR,07.09 07:00
2026-09-09 07:03:57,btc_signals_log(09.09)_v4.csv,,,,2026-09-09 07:00:00,ENDED,BEAR,07.09 07:00,True,True,True,True,1h,,,,ENDED,BEAR,07.09 07:00
2026-09-09 07:34:01,btc_signals_log(09.09)_v4.csv,,,,2026-09-09 07:00:00,ENDED,BEAR,07.09 07:00,True,True,True,True,1h,,,,ENDED,BEAR,07.09 07:00
2026-09-09 08:04:05,btc_signals_log(09.09)_v4.csv,,,,2026-09-09 08:00:00,ENDED,BEAR,07.09 07:00,True,True,True,True,1h,,,,ENDED,BEAR,07.09 07:00
2026-09-09 08:34:10,btc_signals_log(09.09)_v4.csv,,,,2026-09-09 08:00:00,ENDED,BEAR,07.09 07:00,True,True,True,True,1h,,,,ENDED,BEAR,07.09 07:00
2026-09-09 09:04:13,btc_signals_log(09.09)_v4.csv,,,,2026-09-09 09:00:00,ENDED,BEAR,07.09 07:00,True,True,True,True,1h,,,,ENDED,BEAR,07.09 07:00
2026-09-09 09:34:17,btc_signals_log(09.09)_v4.csv,,,,2026-09-09 09:00:00,ENDED,BEAR,07.09 07:00,True,True,True,True,1h,,,,ENDED,BEAR,07.09 07:00
2026-09-09 10:04:21,btc_signals_log(09.09)_v4.csv,,,,2026-09-09 10:00:00,ENDED,BEAR,07.09 07:00,True,True,True,True,1h,,,,ENDED,BEAR,07.09 07:00
2026-09-09 10:34:25,btc_signals_log(09.09)_v4.csv,,,,2026-09-09 10:00:00,ENDED,BEAR,07.09 07:00,True,True,True,True,1h,,,,ENDED,BEAR,07.09 07:00
2026-09-09 11:04:31,btc_signals_log(09.09)_v4.csv,,,,2026-09-09 11:00:00,ENDED,BEAR,07.09 07:00,True,True,True,True,1h,,,,ENDED,BEAR,07.09 07:00
2026-09-09 11:34:36,btc_signals_log(09.09)_v4.csv,,,,2026-09-09 11:00:00,ENDED,BEAR,07.09 07:00,True,True,True,True,1h,,,,ENDED,BEAR,07.09 07:00
2026-09-09 12:04:41,btc_signals_log(09.09)_v4.csv,,,,2026-09-09 12:00:00,ENDED,BEAR,07.09 07:00,True,True,True,True,1h,,,,ENDED,BEAR,07.09 07:00
2026-09-09 12:36:22,btc_signals_log(09.09)_v4.csv,,,,2026-09-09 12:00:00,ENDED,BEAR,07.09 07:00,True,True,True,True,1h,,,,ENDED,BEAR,07.09 07:00
2026-09-09 13:06:26,btc_signals_log(09.09)_v4.csv,,,,2026-09-09 13:00:00,ENDED,BEAR,07.09 07:00,True,True,True,True,1h,,,,ENDED,BEAR,07.09 07:00
2026-09-09 13:36:30,btc_signals_log(09.09)_v4.csv,,,,2026-09-09 13:00:00,ENDED,BEAR,07.09 07:00,True,True,True,True,1h,,,,ENDED,BEAR,07.09 07:00
2026-09-09 14:06:34,btc_signals_log(09.09)_v4.csv,,,,2026-09-09 14:00:00,ENDED,BEAR,07.09 07:00,True,True,True,True,1h,,,,ENDED,BEAR,07.09 07:00
2026-09-09 14:36:38,btc_signals_log(09.09)_v4.csv,,,,2026-09-09 14:00:00,ENDED,BEAR,07.09 07:00,True,True,True,True,1h,,,,ENDED,BEAR,07.09 07:00
2026-09-09 15:06:42,btc_signals_log(09.09)_v4.csv,,,,2026-09-09 15:00:00,ENDED,BEAR,07.09 07:00,True,True,True,True,1h,,,,ENDED,BEAR,07.09 07:00
2026-09-09 15:36:45,btc_signals_log(09.09)_v4.csv,,,,2026-09-09 15:00:00,ENDED,BEAR,07.09 07:00,True,True,True,True,1h,,,,ENDED,BEAR,07.09 07:00
2026-09-09 16:06:50,btc_signals_log(09.09)_v4.csv,,,,2026-09-09 16:00:00,ENDED,BEAR,07.09 07:00,True,True,True,True,1h,,,,ENDED,BEAR,07.09 07:00
2026-09-09 16:36:54,btc_signals_log(09.09)_v4.csv,,,,2026-09-09 16:00:00,ENDED,BEAR,07.09 07:00,True,True,True,True,1h,,,,ENDED,BEAR,07.09 07:00
2026-09-09 17:06:57,btc_signals_log(09.09)_v4.csv,,,,2026-09-09 17:00:00,ENDED,BEAR,07.09 07:00,True,True,True,True,1h,,,,ENDED,BEAR,07.09 07:00
2026-09-09 17:37:01,btc_signals_log(09.09)_v4.csv,,,,2026-09-09 17:00:00,ENDED,BEAR,07.09 07:00,True,True,True,True,1h,,,,ENDED,BEAR,07.09 07:00
2026-09-09 18:07:05,btc_signals_log(09.09)_v4.csv,,,,2026-09-09 18:00:00,ENDED,BEAR,07.09 07:00,True,True,True,True,1h,,,,ENDED,BEAR,07.09 07:00
2026-09-09 18:37:09,btc_signals_log(09.09)_v4.csv,,,,2026-09-09 18:00:00,ENDED,BEAR,07.09 07:00,True,True,True,True,1h,,,,ENDED,BEAR,07.09 07:00
2026-09-09 19:07:13,btc_signals_log(09.09)_v4.csv,,,,2026-09-09 19:00:00,ENDED,BEAR,07.09 07:00,True,True,True,True,1h,,,,ENDED,BEAR,07.09 07:00
2026-09-09 19:37:17,btc_signals_log(09.09)_v4.csv,,,,2026-09-09 19:00:00,ENDED,BEAR,07.09 07:00,True,True,True,True,1h,,,,ENDED,BEAR,07.09 07:00
2026-09-09 20:07:21,btc_signals_log(09.09)_v4.csv,,,,2026-09-09 20:00:00,ENDED,BEAR,07.09 07:00,True,True,True,True,1h,,,,ENDED,BEAR,07.09 07:00
2026-09-09 20:37:25,btc_signals_log(09.09)_v4.csv,,,,2026-09-09 20:00:00,ENDED,BEAR,07.09 07:00,True,True,True,True,1h,,,,ENDED,BEAR,07.09 07:00
2026-09-09 21:07:29,btc_signals_log(09.09)_v4.csv,,,,2026-09-09 21:00:00,ENDED,BEAR,07.09 07:00,True,True,True,True,1h,,,,ENDED,BEAR,07.09 07:00
2026-09-09 21:37:32,btc_signals_log(09.09)_v4.csv,,,,2026-09-09 21:00:00,ENDED,BEAR,07.09 07:00,True,True,True,True,1h,,,,ENDED,BEAR,07.09 07:00
2026-09-09 22:07:36,btc_signals_log(09.09)_v4.csv,,,,2026-09-09 22:00:00,ENDED,BEAR,07.09 07:00,True,True,True,True,1h,,,,ENDED,BEAR,07.09 07:00
2026-09-09 22:37:40,btc_signals_log(09.09)_v4.csv,,,,2026-09-09 22:00:00,ENDED,BEAR,07.09 07:00,True,True,True,True,1h,,,,ENDED,BEAR,07.09 07:00
2026-09-09 23:07:44,btc_signals_log(09.09)_v4.csv,,,,2026-09-09 23:00:00,ACTIVE,BEAR,09.09 22:00,True,True,True,True,1h,,,,ACTIVE,BEAR,09.09 22:00
2026-09-09 23:37:48,btc_signals_log(09.09)_v4.csv,,,,2026-09-09 23:00:00,ACTIVE,BEAR,09.09 22:00,True,True,True,True,1h,,,,ACTIVE,BEAR,09.09 22:00
2026-09-10 00:07:51,btc_signals_log(10.09)_v4.csv,,,,2026-09-10 00:00:00,ACTIVE,BEAR,09.09 22:00,True,True,True,True,1h,,,,ACTIVE,BEAR,09.09 22:00
2026-09-10 00:37:55,btc_signals_log(10.09)_v4.csv,,,,2026-09-10 00:00:00,ACTIVE,BEAR,09.09 22:00,True,True,True,True,1h,,,,ACTIVE,BEAR,09.09 22:00
2026-09-10 01:07:59,btc_signals_log(10.09)_v4.csv,,,,2026-09-10 01:00:00,ACTIVE,BEAR,09.09 22:00,True,True,True,True,1h,,,,ACTIVE,BEAR,09.09 22:00
2026-09-10 01:38:03,btc_signals_log(10.09)_v4.csv,,,,2026-09-10 01:00:00,ACTIVE,BEAR,09.09 22:00,True,True,True,True,1h,,,,ACTIVE,BEAR,09.09 22:00
2026-09-10 02:08:07,btc_signals_log(10.09)_v4.csv,,,,2026-09-10 02:00:00,ACTIVE,BEAR,09.09 22:00,True,True,True,True,1h,,,,ACTIVE,BEAR,09.09 22:00
2026-09-10 02:38:11,btc_signals_log(10.09)_v4.csv,,,,2026-09-10 02:00:00,ACTIVE,BEAR,09.09 22:00,True,True,True,True,1h,,,,ACTIVE,BEAR,09.09 22:00
2026-09-10 03:08:14,btc_signals_log(10.09)_v4.csv,,,,2026-09-10 03:00:00,ACTIVE,BEAR,09.09 22:00,True,True,True,True,1h,,,,ACTIVE,BEAR,09.09 22:00
2026-09-10 03:38:18,btc_signals_log(10.09)_v4.csv,,,,2026-09-10 03:00:00,ACTIVE,BEAR,09.09 22:00,True,True,True,True,1h,,,,ACTIVE,BEAR,09.09 22:00
2026-09-10 04:08:22,btc_signals_log(10.09)_v4.csv,,,,2026-09-10 04:00:00,ACTIVE,BEAR,09.09 22:00,True,True,True,True,1h,,,,ACTIVE,BEAR,09.09 22:00
2026-09-10 04:38:26,btc_signals_log(10.09)_v4.csv,,,,2026-09-10 04:00:00,ACTIVE,BEAR,09.09 22:00,True,True,True,True,1h,,,,ACTIVE,BEAR,09.09 22:00
2026-09-10 05:08:30,btc_signals_log(10.09)_v4.csv,,,,2026-09-10 05:00:00,ACTIVE,BEAR,09.09 22:00,True,True,True,True,1h,,,,ACTIVE,BEAR,09.09 22:00
2026-09-10 05:38:33,btc_signals_log(10.09)_v4.csv,,,,2026-09-10 05:00:00,ACTIVE,BEAR,09.09 22:00,True,True,True,True,1h,,,,ACTIVE,BEAR,09.09 22:00
2026-09-10 06:08:37,btc_signals_log(10.09)_v4.csv,,,,2026-09-10 06:00:00,ACTIVE,BEAR,09.09 22:00,True,True,True,True,1h,,,,ACTIVE,BEAR,09.09 22:00
2026-09-10 06:38:41,btc_signals_log(10.09)_v4.csv,,,,2026-09-10 06:00:00,ACTIVE,BEAR,09.09 22:00,True,True,True,True,1h,,,,ACTIVE,BEAR,09.09 22:00
2026-09-10 07:08:45,btc_signals_log(10.09)_v4.csv,,,,2026-09-10 07:00:00,ACTIVE,BEAR,09.09 22:00,True,True,True,True,1h,,,,ACTIVE,BEAR,09.09 22:00
2026-09-10 07:38:48,btc_signals_log(10.09)_v4.csv,,,,2026-09-10 07:00:00,ACTIVE,BEAR,09.09 22:00,True,True,True,True,1h,,,,ACTIVE,BEAR,09.09 22:00
2026-09-10 08:08:52,btc_signals_log(10.09)_v4.csv,,,,2026-09-10 08:00:00,ACTIVE,BEAR,09.09 22:00,True,True,True,True,1h,,,,ACTIVE,BEAR,09.09 22:00
2026-09-10 08:38:56,btc_signals_log(10.09)_v4.csv,,,,2026-09-10 08:00:00,ACTIVE,BEAR,09.09 22:00,True,True,True,True,1h,,,,ACTIVE,BEAR,09.09 22:00
2026-09-10 09:09:00,btc_signals_log(10.09)_v4.csv,,,,2026-09-10 09:00:00,ACTIVE,BEAR,09.09 22:00,True,True,True,True,1h,,,,ACTIVE,BEAR,09.09 22:00
2026-09-10 09:39:05,btc_signals_log(10.09)_v4.csv,,,,2026-09-10 09:00:00,ACTIVE,BEAR,09.09 22:00,True,True,True,True,1h,,,,ACTIVE,BEAR,09.09 22:00
2026-09-10 10:09:09,btc_signals_log(10.09)_v4.csv,,,,2026-09-10 10:00:00,ACTIVE,BEAR,09.09 22:00,True,True,True,True,1h,,,,ACTIVE,BEAR,09.09 22:00
2026-09-10 10:39:13,btc_signals_log(10.09)_v4.csv,,,,2026-09-10 10:00:00,ACTIVE,BEAR,09.09 22:00,True,True,True,True,1h,,,,ACTIVE,BEAR,09.09 22:00
2026-09-10 11:09:17,btc_signals_log(10.09)_v4.csv,,,,2026-09-10 11:00:00,ACTIVE,BEAR,09.09 22:00,True,True,True,True,1h,,,,ACTIVE,BEAR,09.09 22:00
2026-09-10 11:39:21,btc_signals_log(10.09)_v4.csv,,,,2026-09-10 11:00:00,ACTIVE,BEAR,09.09 22:00,True,True,True,True,1h,,,,ACTIVE,BEAR,09.09 22:00
2026-09-10 12:09:25,btc_signals_log(10.09)_v4.csv,,,,2026-09-10 12:00:00,ACTIVE,BEAR,09.09 22:00,True,True,True,True,1h,,,,ACTIVE,BEAR,09.09 22:00
2026-09-10 12:39:29,btc_signals_log(10.09)_v4.csv,,,,2026-09-10 12:00:00,ACTIVE,BEAR,09.09 22:00,True,True,True,True,1h,,,,ACTIVE,BEAR,09.09 22:00
2026-09-10 13:09:33,btc_signals_log(10.09)_v4.csv,,,,2026-09-10 13:00:00,ACTIVE,BEAR,09.09 22:00,True,True,True,True,1h,,,,ACTIVE,BEAR,09.09 22:00
2026-09-10 13:39:37,btc_signals_log(10.09)_v4.csv,,,,2026-09-10 13:00:00,ACTIVE,BEAR,09.09 22:00,True,True,True,True,1h,,,,ACTIVE,BEAR,09.09 22:00
2026-09-10 14:09:40,btc_signals_log(10.09)_v4.csv,,,,2026-09-10 14:00:00,ACTIVE,BEAR,09.09 22:00,True,True,True,True,1h,,,,ACTIVE,BEAR,09.09 22:00
2026-09-10 14:40:03,btc_signals_log(10.09)_v4.csv,,,,2026-09-10 14:00:00,ACTIVE,BEAR,09.09 22:00,True,True,True,True,1h,,,,ACTIVE,BEAR,09.09 22:00
2026-09-10 15:10:07,btc_signals_log(10.09)_v4.csv,,,,2026-09-10 15:00:00,ACTIVE,BEAR,09.09 22:00,True,True,True,True,1h,,,,ACTIVE,BEAR,09.09 22:00
2026-09-10 15:40:11,btc_signals_log(10.09)_v4.csv,,,,2026-09-10 15:00:00,ACTIVE,BEAR,09.09 22:00,True,True,True,True,1h,,,,ACTIVE,BEAR,09.09 22:00
2026-09-10 16:10:15,btc_signals_log(10.09)_v4.csv,,,,2026-09-10 16:00:00,ACTIVE,BEAR,09.09 22:00,True,True,True,True,1h,,,,ACTIVE,BEAR,09.09 22:00
2026-09-10 16:40:19,btc_signals_log(10.09)_v4.csv,,,,2026-09-10 16:00:00,ACTIVE,BEAR,09.09 22:00,True,True,True,True,1h,,,,ACTIVE,BEAR,09.09 22:00
2026-09-10 17:10:23,btc_signals_log(10.09)_v4.csv,,,,2026-09-10 17:00:00,ACTIVE,BEAR,09.09 22:00,True,True,True,True,1h,,,,ACTIVE,BEAR,09.09 22:00
2026-09-10 17:40:26,btc_signals_log(10.09)_v4.csv,,,,2026-09-10 17:00:00,ACTIVE,BEAR,09.09 22:00,True,True,True,True,1h,,,,ACTIVE,BEAR,09.09 22:00
2026-09-10 18:10:30,btc_signals_log(10.09)_v4.csv,,,,2026-09-10 18:00:00,ACTIVE,BEAR,09.09 22:00,True,True,True,True,1h,,,,ACTIVE,BEAR,09.09 22:00
2026-09-10 18:40:34,btc_signals_log(10.09)_v4.csv,,,,2026-09-10 18:00:00,ACTIVE,BEAR,09.09 22:00,True,True,True,True,1h,,,,ACTIVE,BEAR,09.09 22:00
2026-09-10 19:10:38,btc_signals_log(10.09)_v4.csv,,,,2026-09-10 19:00:00,ACTIVE,BEAR,09.09 22:00,True,True,True,True,1h,,,,ACTIVE,BEAR,09.09 22:00
2026-09-10 19:40:42,btc_signals_log(10.09)_v4.csv,,,,2026-09-10 19:00:00,ACTIVE,BEAR,09.09 22:00,True,True,True,True,1h,,,,ACTIVE,BEAR,09.09 22:00
2026-09-10 20:10:45,btc_signals_log(10.09)_v4.csv,,,,2026-09-10 20:00:00,ACTIVE,BEAR,09.09 22:00,True,True,True,True,1h,,,,ACTIVE,BEAR,09.09 22:00
2026-09-10 20:40:49,btc_signals_log(10.09)_v4.csv,,,,2026-09-10 20:00:00,ACTIVE,BEAR,09.09 22:00,True,True,True,True,1h,,,,ACTIVE,BEAR,09.09 22:00
2026-09-10 21:10:53,btc_signals_log(10.09)_v4.csv,,,,2026-09-10 21:00:00,ACTIVE,BEAR,09.09 22:00,True,True,True,True,1h,,,,ACTIVE,BEAR,09.09 22:00
2026-09-10 21:40:57,btc_signals_log(10.09)_v4.csv,,,,2026-09-10 21:00:00,ACTIVE,BEAR,09.09 22:00,True,True,True,True,1h,,,,ACTIVE,BEAR,09.09 22:00
2026-09-10 22:11:01,btc_signals_log(10.09)_v4.csv,,,,2026-09-10 22:00:00,ACTIVE,BEAR,09.09 22:00,True,True,True,True,1h,,,,ACTIVE,BEAR,09.09 22:00
2026-09-10 22:41:05,btc_signals_log(10.09)_v4.csv,,,,2026-09-10 22:00:00,ACTIVE,BEAR,09.09 22:00,True,True,True,True,1h,,,,ACTIVE,BEAR,09.09 22:00
2026-09-10 23:11:09,btc_signals_log(10.09)_v4.csv,,,,2026-09-10 23:00:00,ACTIVE,BEAR,09.09 22:00,True,True,True,True,1h,,,,ACTIVE,BEAR,09.09 22:00
2026-09-10 23:41:13,btc_signals_log(10.09)_v4.csv,,,,2026-09-10 23:00:00,ACTIVE,BEAR,09.09 22:00,True,True,True,True,1h,,,,ACTIVE,BEAR,09.09 22:00
2026-09-11 00:11:17,btc_signals_log(11.09)_v4.csv,,,,2026-09-11 00:00:00,ACTIVE,BEAR,09.09 22:00,True,True,True,True,1h,,,,ACTIVE,BEAR,09.09 22:00
2026-09-11 00:41:21,btc_signals_log(11.09)_v4.csv,,,,2026-09-11 00:00:00,ACTIVE,BEAR,09.09 22:00,True,True,True,True,1h,,,,ACTIVE,BEAR,09.09 22:00
2026-09-11 01:11:25,btc_signals_log(11.09)_v4.csv,,,,2026-09-11 01:00:00,ACTIVE,BEAR,09.09 22:00,True,True,True,True,1h,,,,ACTIVE,BEAR,09.09 22:00
2026-09-11 01:41:28,btc_signals_log(11.09)_v4.csv,,,,2026-09-11 01:00:00,ACTIVE,BEAR,09.09 22:00,True,True,True,True,1h,,,,ACTIVE,BEAR,09.09 22:00
2026-09-11 02:11:32,btc_signals_log(11.09)_v4.csv,,,,2026-09-11 02:00:00,ACTIVE,BEAR,09.09 22:00,True,True,True,True,1h,,,,ACTIVE,BEAR,09.09 22:00
2026-09-11 02:41:36,btc_signals_log(11.09)_v4.csv,,,,2026-09-11 02:00:00,ACTIVE,BEAR,09.09 22:00,True,True,True,True,1h,,,,ACTIVE,BEAR,09.09 22:00
2026-09-11 03:11:40,btc_signals_log(11.09)_v4.csv,,,,2026-09-11 03:00:00,ACTIVE,BEAR,09.09 22:00,True,True,True,True,1h,,,,ACTIVE,BEAR,09.09 22:00
2026-09-11 03:41:44,btc_signals_log(11.09)_v4.csv,,,,2026-09-11 03:00:00,ACTIVE,BEAR,09.09 22:00,True,True,True,True,1h,,,,ACTIVE,BEAR,09.09 22:00
2026-09-11 04:11:48,btc_signals_log(11.09)_v4.csv,,,,2026-09-11 04:00:00,ACTIVE,BEAR,09.09 22:00,True,True,True,True,1h,,,,ACTIVE,BEAR,09.09 22:00
2026-09-11 04:41:51,btc_signals_log(11.09)_v4.csv,,,,2026-09-11 04:00:00,ACTIVE,BEAR,09.09 22:00,True,True,True,True,1h,,,,ACTIVE,BEAR,09.09 22:00
2026-09-11 05:11:55,btc_signals_log(11.09)_v4.csv,,,,2026-09-11 05:00:00,ACTIVE,BEAR,09.09 22:00,True,True,True,True,1h,,,,ACTIVE,BEAR,09.09 22:00
2026-09-11 05:41:59,btc_signals_log(11.09)_v4.csv,,,,2026-09-11 05:00:00,ACTIVE,BEAR,09.09 22:00,True,True,True,True,1h,,,,ACTIVE,BEAR,09.09 22:00
2026-09-11 06:12:03,btc_signals_log(11.09)_v4.csv,,,,2026-09-11 06:00:00,ACTIVE,BEAR,09.09 22:00,True,True,True,True,1h,,,,ACTIVE,BEAR,09.09 22:00
2026-09-11 06:42:07,btc_signals_log(11.09)_v4.csv,,,,2026-09-11 06:00:00,ACTIVE,BEAR,09.09 22:00,True,True,True,True,1h,,,,ACTIVE,BEAR,09.09 22:00
2026-09-11 07:12:11,btc_signals_log(11.09)_v4.csv,,,,2026-09-11 07:00:00,ACTIVE,BEAR,09.09 22:00,True,True,True,True,1h,,,,ACTIVE,BEAR,09.09 22:00
2026-09-11 07:42:15,btc_signals_log(11.09)_v4.csv,,,,2026-09-11 07:00:00,ACTIVE,BEAR,09.09 22:00,True,True,True,True,1h,,,,ACTIVE,BEAR,09.09 22:00
2026-09-11 08:12:19,btc_signals_log(11.09)_v4.csv,,,,2026-09-11 08:00:00,ACTIVE,BEAR,09.09 22:00,True,True,True,True,1h,,,,ACTIVE,BEAR,09.09 22:00
2026-09-11 08:42:24,btc_signals_log(11.09)_v4.csv,,,,2026-09-11 08:00:00,ACTIVE,BEAR,09.09 22:00,True,True,True,True,1h,,,,ACTIVE,BEAR,09.09 22:00
2026-09-11 09:12:28,btc_signals_log(11.09)_v4.csv,,,,2026-09-11 09:00:00,ACTIVE,BEAR,09.09 22:00,True,True,True,True,1h,,,,ACTIVE,BEAR,09.09 22:00
2026-09-11 09:42:32,btc_signals_log(11.09)_v4.csv,,,,2026-09-11 09:00:00,ACTIVE,BEAR,09.09 22:00,True,True,True,True,1h,,,,ACTIVE,BEAR,09.09 22:00
2026-09-11 10:15:09,btc_signals_log(11.09)_v4.csv,,,,2026-09-11 10:00:00,ACTIVE,BEAR,09.09 22:00,True,True,True,True,1h,,,,ACTIVE,BEAR,09.09 22:00
2026-09-11 10:45:14,btc_signals_log(11.09)_v4.csv,,,,2026-09-11 10:00:00,ACTIVE,BEAR,09.09 22:00,True,True,True,True,1h,,,,ACTIVE,BEAR,09.09 22:00
2026-09-11 11:15:19,btc_signals_log(11.09)_v4.csv,,,,2026-09-11 11:00:00,ACTIVE,BEAR,09.09 22:00,True,True,True,True,1h,,,,ACTIVE,BEAR,09.09 22:00
2026-09-11 11:45:24,btc_signals_log(11.09)_v4.csv,,,,2026-09-11 11:00:00,ACTIVE,BEAR,09.09 22:00,True,True,True,True,1h,,,,ACTIVE,BEAR,09.09 22:00
2026-09-11 12:15:30,btc_signals_log(11.09)_v4.csv,,,,2026-09-11 12:00:00,ACTIVE,BEAR,09.09 22:00,True,True,True,True,1h,,,,ACTIVE,BEAR,09.09 22:00
2026-09-11 12:45:35,btc_signals_log(11.09)_v4.csv,,,,2026-09-11 12:00:00,ACTIVE,BEAR,09.09 22:00,True,True,True,True,1h,,,,ACTIVE,BEAR,09.09 22:00
2026-09-11 13:15:40,btc_signals_log(11.09)_v4.csv,,,,2026-09-11 13:00:00,ENDED,BEAR,09.09 22:00,True,True,True,True,1h,,,,ENDED,BEAR,09.09 22:00
2026-09-11 13:45:46,btc_signals_log(11.09)_v4.csv,,,,2026-09-11 13:00:00,ENDED,BEAR,09.09 22:00,True,True,True,True,1h,,,,ENDED,BEAR,09.09 22:00
2026-09-11 14:15:51,btc_signals_log(11.09)_v4.csv,,,,2026-09-11 14:00:00,ENDED,BEAR,09.09 22:00,True,True,True,True,1h,,,,ENDED,BEAR,09.09 22:00
2026-09-11 14:45:56,btc_signals_log(11.09)_v4.csv,,,,2026-09-11 14:00:00,ENDED,BEAR,09.09 22:00,True,True,True,True,1h,,,,ENDED,BEAR,09.09 22:00
2026-09-11 15:16:01,btc_signals_log(11.09)_v4.csv,,,,2026-09-11 15:00:00,ENDED,BEAR,09.09 22:00,True,True,True,True,1h,,,,ENDED,BEAR,09.09 22:00
2026-09-11 15:46:06,btc_signals_log(11.09)_v4.csv,,,,2026-09-11 15:00:00,ENDED,BEAR,09.09 22:00,True,True,True,True,1h,,,,ENDED,BEAR,09.09 22:00
2026-09-11 16:16:11,btc_signals_log(11.09)_v4.csv,,,,2026-09-11 16:00:00,ENDED,BEAR,09.09 22:00,True,True,True,True,1h,,,,ENDED,BEAR,09.09 22:00
2026-09-11 16:46:17,btc_signals_log(11.09)_v4.csv,,,,2026-09-11 16:00:00,ENDED,BEAR,09.09 22:00,True,True,True,True,1h,,,,ENDED,BEAR,09.09 22:00
2026-09-11 17:16:22,btc_signals_log(11.09)_v4.csv,,,,2026-09-11 17:00:00,ENDED,BEAR,09.09 22:00,True,True,True,True,1h,,,,ENDED,BEAR,09.09 22:00
2026-09-11 17:46:27,btc_signals_log(11.09)_v4.csv,,,,2026-09-11 17:00:00,ENDED,BEAR,09.09 22:00,True,True,True,True,1h,,,,ENDED,BEAR,09.09 22:00
2026-09-11 18:16:32,btc_signals_log(11.09)_v4.csv,,,,2026-09-11 18:00:00,ENDED,BEAR,09.09 22:00,True,True,True,True,1h,,,,ENDED,BEAR,09.09 22:00
2026-09-11 18:46:37,btc_signals_log(11.09)_v4.csv,,,,2026-09-11 18:00:00,ENDED,BEAR,09.09 22:00,True,True,True,True,1h,,,,ENDED,BEAR,09.09 22:00
2026-09-11 19:16:42,btc_signals_log(11.09)_v4.csv,,,,2026-09-11 19:00:00,ENDED,BEAR,09.09 22:00,True,True,True,True,1h,,,,ENDED,BEAR,09.09 22:00
2026-09-11 19:46:48,btc_signals_log(11.09)_v4.csv,,,,2026-09-11 19:00:00,ENDED,BEAR,09.09 22:00,True,True,True,True,1h,,,,ENDED,BEAR,09.09 22:00
2026-09-11 20:16:54,btc_signals_log(11.09)_v4.csv,,,,2026-09-11 20:00:00,ENDED,BEAR,09.09 22:00,True,True,True,True,1h,,,,ENDED,BEAR,09.09 22:00
2026-09-11 20:47:00,btc_signals_log(11.09)_v4.csv,,,,2026-09-11 20:00:00,ENDED,BEAR,09.09 22:00,True,True,True,True,1h,,,,ENDED,BEAR,09.09 22:00
2026-09-11 21:17:05,btc_signals_log(11.09)_v4.csv,,,,2026-09-11 21:00:00,ENDED,BEAR,09.09 22:00,True,True,True,True,1h,,,,ENDED,BEAR,09.09 22:00
2026-09-11 21:55:45,btc_signals_log(11.09)_v4.csv,,,,2026-09-11 21:00:00,ENDED,BEAR,09.09 22:00,True,True,True,True,1h,,,,ENDED,BEAR,09.09 22:00
2026-09-11 22:32:55,btc_signals_log(11.09)_v4.csv,,,,2026-09-11 22:00:00,ENDED,BEAR,09.09 22:00,True,True,True,True,1h,,,,ENDED,BEAR,09.09 22:00
2026-09-11 23:03:00,btc_signals_log(11.09)_v4.csv,,,,2026-09-11 23:00:00,ENDED,BEAR,09.09 22:00,True,True,True,True,1h,,,,ENDED,BEAR,09.09 22:00
2026-09-12 08:45:10,btc_signals_log(12.09)_v4.csv,,,,2026-09-12 08:00:00,ENDED,BEAR,09.09 22:00,True,True,True,True,1h,,,,ENDED,BEAR,09.09 22:00
2026-09-12 08:46:20,btc_signals_log(12.09)_v4.csv,,,,2026-09-12 08:00:00,ENDED,BEAR,09.09 22:00,True,True,True,True,1h,,,,ENDED,BEAR,09.09 22:00
2026-09-12 08:50:07,btc_signals_log(12.09)_v4.csv,,,,2026-09-12 08:00:00,ENDED,BEAR,09.09 22:00,True,True,True,True,1h,,,,ENDED,BEAR,09.09 22:00
2026-09-12 09:16:25,btc_signals_log(12.09)_v4.csv,,,,2026-09-12 09:00:00,ENDED,BEAR,09.09 22:00,True,True,True,True,1h,,,,ENDED,BEAR,09.09 22:00
2026-09-12 09:46:30,btc_signals_log(12.09)_v4.csv,,,,2026-09-12 09:00:00,ENDED,BEAR,09.09 22:00,True,True,True,True,1h,,,,ENDED,BEAR,09.09 22:00
2026-09-12 11:46:36,btc_signals_log(12.09)_v4.csv,,,,2026-09-12 11:00:00,ENDED,BEAR,09.09 22:00,True,True,True,True,1h,,,,ENDED,BEAR,09.09 22:00
2026-09-12 16:58:23,btc_signals_log(12.09)_v4.csv,,,,2026-09-12 16:00:00,ENDED,BEAR,09.09 22:00,True,True,True,True,1h,,,,ENDED,BEAR,09.09 22:00
2026-09-12 17:28:28,btc_signals_log(12.09)_v4.csv,,,,2026-09-12 17:00:00,ENDED,BEAR,09.09 22:00,True,True,True,True,1h,,,,ENDED,BEAR,09.09 22:00
2026-09-12 17:58:32,btc_signals_log(12.09)_v4.csv,,,,2026-09-12 17:00:00,ENDED,BEAR,09.09 22:00,True,True,True,True,1h,,,,ENDED,BEAR,09.09 22:00
2026-09-12 18:28:37,btc_signals_log(12.09)_v4.csv,,,,2026-09-12 18:00:00,ENDED,BEAR,09.09 22:00,True,True,True,True,1h,,,,ENDED,BEAR,09.09 22:00
2026-09-12 18:58:41,btc_signals_log(12.09)_v4.csv,,,,2026-09-12 18:00:00,ENDED,BEAR,09.09 22:00,True,True,True,True,1h,,,,ENDED,BEAR,09.09 22:00
2026-09-12 19:28:45,btc_signals_log(12.09)_v4.csv,,,,2026-09-12 19:00:00,ACTIVE,BEAR,12.09 18:00,True,True,True,True,1h,,,,ACTIVE,BEAR,12.09 18:00
2026-09-12 19:58:49,btc_signals_log(12.09)_v4.csv,,,,2026-09-12 19:00:00,ACTIVE,BEAR,12.09 18:00,True,True,True,True,1h,,,,ACTIVE,BEAR,12.09 18:00
2026-09-12 20:28:53,btc_signals_log(12.09)_v4.csv,,,,2026-09-12 20:00:00,ACTIVE,BEAR,12.09 18:00,True,True,True,True,1h,,,,ACTIVE,BEAR,12.09 18:00
2026-09-12 20:58:58,btc_signals_log(12.09)_v4.csv,,,,2026-09-12 20:00:00,ACTIVE,BEAR,12.09 18:00,True,True,True,True,1h,,,,ACTIVE,BEAR,12.09 18:00
2026-09-12 21:29:02,btc_signals_log(12.09)_v4.csv,,,,2026-09-12 21:00:00,ACTIVE,BEAR,12.09 18:00,True,True,True,True,1h,,,,ACTIVE,BEAR,12.09 18:00
2026-09-12 21:59:06,btc_signals_log(12.09)_v4.csv,,,,2026-09-12 21:00:00,ACTIVE,BEAR,12.09 18:00,True,True,True,True,1h,,,,ACTIVE,BEAR,12.09 18:00
2026-09-12 22:29:10,btc_signals_log(12.09)_v4.csv,,,,2026-09-12 22:00:00,ACTIVE,BEAR,12.09 18:00,True,True,True,True,1h,,,,ACTIVE,BEAR,12.09 18:00
2026-09-12 22:59:14,btc_signals_log(12.09)_v4.csv,,,,2026-09-12 22:00:00,ACTIVE,BEAR,12.09 18:00,True,True,True,True,1h,,,,ACTIVE,BEAR,12.09 18:00
2026-09-12 23:29:18,btc_signals_log(12.09)_v4.csv,,,,2026-09-12 23:00:00,ACTIVE,BEAR,12.09 18:00,True,True,True,True,1h,,,,ACTIVE,BEAR,12.09 18:00
2026-09-12 23:59:23,btc_signals_log(12.09)_v4.csv,,,,2026-09-12 23:00:00,ACTIVE,BEAR,12.09 18:00,True,True,True,True,1h,,,,ACTIVE,BEAR,12.09 18:00
2026-09-13 00:29:27,btc_signals_log(13.09)_v4.csv,,,,2026-09-13 00:00:00,ACTIVE,BEAR,12.09 18:00,True,True,True,True,1h,,,,ACTIVE,BEAR,12.09 18:00
2026-09-13 00:59:31,btc_signals_log(13.09)_v4.csv,,,,2026-09-13 00:00:00,ACTIVE,BEAR,12.09 18:00,True,True,True,True,1h,,,,ACTIVE,BEAR,12.09 18:00
2026-09-13 01:29:37,btc_signals_log(13.09)_v4.csv,,,,2026-09-13 01:00:00,ACTIVE,BEAR,12.09 18:00,True,True,True,True,1h,,,,ACTIVE,BEAR,12.09 18:00
2026-09-13 01:59:42,btc_signals_log(13.09)_v4.csv,,,,2026-09-13 01:00:00,ACTIVE,BEAR,12.09 18:00,True,True,True,True,1h,,,,ACTIVE,BEAR,12.09 18:00
2026-09-13 02:29:46,btc_signals_log(13.09)_v4.csv,,,,2026-09-13 02:00:00,ACTIVE,BEAR,12.09 18:00,True,True,True,True,1h,,,,ACTIVE,BEAR,12.09 18:00
2026-09-13 02:59:51,btc_signals_log(13.09)_v4.csv,,,,2026-09-13 02:00:00,ACTIVE,BEAR,12.09 18:00,True,True,True,True,1h,,,,ACTIVE,BEAR,12.09 18:00
2026-09-13 03:29:55,btc_signals_log(13.09)_v4.csv,,,,2026-09-13 03:00:00,ACTIVE,BEAR,12.09 18:00,True,True,True,True,1h,,,,ACTIVE,BEAR,12.09 18:00
2026-09-13 03:59:59,btc_signals_log(13.09)_v4.csv,,,,2026-09-13 03:00:00,ACTIVE,BEAR,12.09 18:00,True,True,True,True,1h,,,,ACTIVE,BEAR,12.09 18:00
2026-09-13 04:30:05,btc_signals_log(13.09)_v4.csv,,,,2026-09-13 04:00:00,ACTIVE,BEAR,12.09 18:00,True,True,True,True,1h,,,,ACTIVE,BEAR,12.09 18:00
2026-09-13 05:00:10,btc_signals_log(13.09)_v4.csv,,,,2026-09-13 05:00:00,ACTIVE,BEAR,12.09 18:00,True,True,True,True,1h,,,,ACTIVE,BEAR,12.09 18:00
2026-09-13 05:30:14,btc_signals_log(13.09)_v4.csv,,,,2026-09-13 05:00:00,ACTIVE,BEAR,12.09 18:00,True,True,True,True,1h,,,,ACTIVE,BEAR,12.09 18:00
2026-09-13 06:00:19,btc_signals_log(13.09)_v4.csv,,,,2026-09-13 06:00:00,ACTIVE,BEAR,12.09 18:00,True,True,True,True,1h,,,,ACTIVE,BEAR,12.09 18:00
2026-09-13 06:30:23,btc_signals_log(13.09)_v4.csv,,,,2026-09-13 06:00:00,ACTIVE,BEAR,12.09 18:00,True,True,True,True,1h,,,,ACTIVE,BEAR,12.09 18:00
2026-09-13 07:00:28,btc_signals_log(13.09)_v4.csv,,,,2026-09-13 07:00:00,ACTIVE,BEAR,12.09 18:00,True,True,True,True,1h,,,,ACTIVE,BEAR,12.09 18:00
2026-09-13 07:30:33,btc_signals_log(13.09)_v4.csv,,,,2026-09-13 07:00:00,ACTIVE,BEAR,12.09 18:00,True,True,True,True,1h,,,,ACTIVE,BEAR,12.09 18:00
2026-09-13 08:00:37,btc_signals_log(13.09)_v4.csv,,,,2026-09-13 08:00:00,ACTIVE,BEAR,12.09 18:00,True,True,True,True,1h,,,,ACTIVE,BEAR,12.09 18:00
2026-09-13 08:30:42,btc_signals_log(13.09)_v4.csv,,,,2026-09-13 08:00:00,ACTIVE,BEAR,12.09 18:00,True,True,True,True,1h,,,,ACTIVE,BEAR,12.09 18:00
2026-09-13 09:05:46,btc_signals_log(13.09)_v4.csv,,,,2026-09-13 09:00:00,ACTIVE,BEAR,12.09 18:00,True,True,True,True,1h,,,,ACTIVE,BEAR,12.09 18:00
2026-09-13 09:35:51,btc_signals_log(13.09)_v4.csv,,,,2026-09-13 09:00:00,ACTIVE,BEAR,12.09 18:00,True,True,True,True,1h,,,,ACTIVE,BEAR,12.09 18:00
2026-09-13 10:05:55,btc_signals_log(13.09)_v4.csv,,,,2026-09-13 10:00:00,ACTIVE,BEAR,12.09 18:00,True,True,True,True,1h,,,,ACTIVE,BEAR,12.09 18:00
2026-09-13 10:35:59,btc_signals_log(13.09)_v4.csv,,,,2026-09-13 10:00:00,ACTIVE,BEAR,12.09 18:00,True,True,True,True,1h,,,,ACTIVE,BEAR,12.09 18:00
2026-09-13 11:06:04,btc_signals_log(13.09)_v4.csv,,,,2026-09-13 11:00:00,ACTIVE,BEAR,12.09 18:00,True,True,True,True,1h,,,,ACTIVE,BEAR,12.09 18:00
2026-09-13 11:36:09,btc_signals_log(13.09)_v4.csv,,,,2026-09-13 11:00:00,ACTIVE,BEAR,12.09 18:00,True,True,True,True,1h,,,,ACTIVE,BEAR,12.09 18:00
2026-09-13 12:06:13,btc_signals_log(13.09)_v4.csv,,,,2026-09-13 12:00:00,ACTIVE,BEAR,12.09 18:00,True,True,True,True,1h,,,,ACTIVE,BEAR,12.09 18:00
2026-09-13 12:36:21,btc_signals_log(13.09)_v4.csv,,,,2026-09-13 12:00:00,ACTIVE,BEAR,12.09 18:00,True,True,True,True,1h,,,,ACTIVE,BEAR,12.09 18:00
2026-09-13 13:06:26,btc_signals_log(13.09)_v4.csv,,,,2026-09-13 13:00:00,ACTIVE,BEAR,12.09 18:00,True,True,True,True,1h,,,,ACTIVE,BEAR,12.09 18:00
2026-09-13 13:36:30,btc_signals_log(13.09)_v4.csv,,,,2026-09-13 13:00:00,ACTIVE,BEAR,12.09 18:00,True,True,True,True,1h,,,,ACTIVE,BEAR,12.09 18:00
2026-09-13 14:06:35,btc_signals_log(13.09)_v4.csv,,,,2026-09-13 14:00:00,ACTIVE,BEAR,12.09 18:00,True,True,True,True,1h,,,,ACTIVE,BEAR,12.09 18:00
2026-09-13 14:36:40,btc_signals_log(13.09)_v4.csv,,,,2026-09-13 14:00:00,ACTIVE,BEAR,12.09 18:00,True,True,True,True,1h,,,,ACTIVE,BEAR,12.09 18:00
2026-09-13 15:06:44,btc_signals_log(13.09)_v4.csv,,,,2026-09-13 15:00:00,ACTIVE,BEAR,12.09 18:00,True,True,True,True,1h,,,,ACTIVE,BEAR,12.09 18:00
2026-09-13 15:36:48,btc_signals_log(13.09)_v4.csv,,,,2026-09-13 15:00:00,ACTIVE,BEAR,12.09 18:00,True,True,True,True,1h,,,,ACTIVE,BEAR,12.09 18:00
2026-09-13 16:06:52,btc_signals_log(13.09)_v4.csv,,,,2026-09-13 16:00:00,ACTIVE,BEAR,12.09 18:00,True,True,True,True,1h,,,,ACTIVE,BEAR,12.09 18:00
2026-09-13 16:36:56,btc_signals_log(13.09)_v4.csv,,,,2026-09-13 16:00:00,ACTIVE,BEAR,12.09 18:00,True,True,True,True,1h,,,,ACTIVE,BEAR,12.09 18:00
2026-09-13 17:07:01,btc_signals_log(13.09)_v4.csv,,,,2026-09-13 17:00:00,ACTIVE,BEAR,12.09 18:00,True,True,True,True,1h,,,,ACTIVE,BEAR,12.09 18:00
2026-09-13 17:37:05,btc_signals_log(13.09)_v4.csv,,,,2026-09-13 17:00:00,ACTIVE,BEAR,12.09 18:00,True,True,True,True,1h,,,,ACTIVE,BEAR,12.09 18:00
2026-09-13 18:07:09,btc_signals_log(13.09)_v4.csv,,,,2026-09-13 18:00:00,ACTIVE,BEAR,12.09 18:00,True,True,True,True,1h,,,,ACTIVE,BEAR,12.09 18:00
2026-09-13 18:37:13,btc_signals_log(13.09)_v4.csv,,,,2026-09-13 18:00:00,ACTIVE,BEAR,12.09 18:00,True,True,True,True,1h,,,,ACTIVE,BEAR,12.09 18:00
2026-09-13 19:07:18,btc_signals_log(13.09)_v4.csv,,,,2026-09-13 19:00:00,ACTIVE,BEAR,12.09 18:00,True,True,True,True,1h,,,,ACTIVE,BEAR,12.09 18:00
2026-09-13 19:37:22,btc_signals_log(13.09)_v4.csv,,,,2026-09-13 19:00:00,ACTIVE,BEAR,12.09 18:00,True,True,True,True,1h,,,,ACTIVE,BEAR,12.09 18:00
2026-09-13 20:07:26,btc_signals_log(13.09)_v4.csv,,,,2026-09-13 20:00:00,ACTIVE,BEAR,12.09 18:00,True,True,True,True,1h,,,,ACTIVE,BEAR,12.09 18:00
2026-09-13 20:37:31,btc_signals_log(13.09)_v4.csv,,,,2026-09-13 20:00:00,ACTIVE,BEAR,12.09 18:00,True,True,True,True,1h,,,,ACTIVE,BEAR,12.09 18:00
2026-09-13 21:07:37,btc_signals_log(13.09)_v4.csv,,,,2026-09-13 21:00:00,ACTIVE,BEAR,12.09 18:00,True,True,True,True,1h,,,,ACTIVE,BEAR,12.09 18:00
2026-09-13 21:37:41,btc_signals_log(13.09)_v4.csv,,,,2026-09-13 21:00:00,ACTIVE,BEAR,12.09 18:00,True,True,True,True,1h,,,,ACTIVE,BEAR,12.09 18:00
2026-09-13 22:07:45,btc_signals_log(13.09)_v4.csv,,,,2026-09-13 22:00:00,ACTIVE,BEAR,12.09 18:00,True,True,True,True,1h,,,,ACTIVE,BEAR,12.09 18:00
2026-09-13 22:37:50,btc_signals_log(13.09)_v4.csv,,,,2026-09-13 22:00:00,ACTIVE,BEAR,12.09 18:00,True,True,True,True,1h,,,,ACTIVE,BEAR,12.09 18:00
2026-09-13 23:07:54,btc_signals_log(13.09)_v4.csv,,,,2026-09-13 23:00:00,ACTIVE,BEAR,12.09 18:00,True,True,True,True,1h,,,,ACTIVE,BEAR,12.09 18:00
2026-09-13 23:37:59,btc_signals_log(13.09)_v4.csv,,,,2026-09-13 23:00:00,ACTIVE,BEAR,12.09 18:00,True,True,True,True,1h,,,,ACTIVE,BEAR,12.09 18:00
2026-09-14 00:08:03,btc_signals_log(14.09)_v4.csv,,,,2026-09-14 00:00:00,ACTIVE,BEAR,12.09 18:00,True,True,True,True,1h,,,,ACTIVE,BEAR,12.09 18:00
2026-09-14 00:38:08,btc_signals_log(14.09)_v4.csv,,,,2026-09-14 00:00:00,ACTIVE,BEAR,12.09 18:00,True,True,True,True,1h,,,,ACTIVE,BEAR,12.09 18:00
2026-09-14 01:08:12,btc_signals_log(14.09)_v4.csv,,,,2026-09-14 01:00:00,ACTIVE,BEAR,12.09 18:00,True,True,True,True,1h,,,,ACTIVE,BEAR,12.09 18:00
2026-09-14 01:38:17,btc_signals_log(14.09)_v4.csv,,,,2026-09-14 01:00:00,ACTIVE,BEAR,12.09 18:00,True,True,True,True,1h,,,,ACTIVE,BEAR,12.09 18:00
2026-09-14 02:08:21,btc_signals_log(14.09)_v4.csv,,,,2026-09-14 02:00:00,ACTIVE,BEAR,12.09 18:00,True,True,True,True,1h,,,,ACTIVE,BEAR,12.09 18:00
2026-09-14 02:38:26,btc_signals_log(14.09)_v4.csv,,,,2026-09-14 02:00:00,ACTIVE,BEAR,12.09 18:00,True,True,True,True,1h,,,,ACTIVE,BEAR,12.09 18:00
2026-09-14 03:08:30,btc_signals_log(14.09)_v4.csv,,,,2026-09-14 03:00:00,ENDED,BEAR,12.09 18:00,True,True,True,True,1h,,,,ENDED,BEAR,12.09 18:00
2026-09-14 03:38:34,btc_signals_log(14.09)_v4.csv,,,,2026-09-14 03:00:00,ENDED,BEAR,12.09 18:00,True,True,True,True,1h,,,,ENDED,BEAR,12.09 18:00
2026-09-14 04:08:39,btc_signals_log(14.09)_v4.csv,,,,2026-09-14 04:00:00,ENDED,BEAR,12.09 18:00,True,True,True,True,1h,,,,ENDED,BEAR,12.09 18:00
2026-09-14 04:38:43,btc_signals_log(14.09)_v4.csv,,,,2026-09-14 04:00:00,ENDED,BEAR,12.09 18:00,True,True,True,True,1h,,,,ENDED,BEAR,12.09 18:00
2026-09-14 05:08:48,btc_signals_log(14.09)_v4.csv,,,,2026-09-14 05:00:00,ENDED,BEAR,12.09 18:00,True,True,True,True,1h,,,,ENDED,BEAR,12.09 18:00
2026-09-14 05:38:52,btc_signals_log(14.09)_v4.csv,,,,2026-09-14 05:00:00,ENDED,BEAR,12.09 18:00,True,True,True,True,1h,,,,ENDED,BEAR,12.09 18:00
2026-09-14 06:08:57,btc_signals_log(14.09)_v4.csv,,,,2026-09-14 06:00:00,ENDED,BEAR,12.09 18:00,True,True,True,True,1h,,,,ENDED,BEAR,12.09 18:00
2026-09-14 06:39:02,btc_signals_log(14.09)_v4.csv,,,,2026-09-14 06:00:00,ENDED,BEAR,12.09 18:00,True,True,True,True,1h,,,,ENDED,BEAR,12.09 18:00
2026-09-14 07:09:07,btc_signals_log(14.09)_v4.csv,,,,2026-09-14 07:00:00,ENDED,BEAR,12.09 18:00,True,True,True,True,1h,,,,ENDED,BEAR,12.09 18:00
2026-09-14 07:39:12,btc_signals_log(14.09)_v4.csv,,,,2026-09-14 07:00:00,ENDED,BEAR,12.09 18:00,True,True,True,True,1h,,,,ENDED,BEAR,12.09 18:00
2026-09-14 08:09:17,btc_signals_log(14.09)_v4.csv,,,,2026-09-14 08:00:00,ENDED,BEAR,12.09 18:00,True,True,True,True,1h,,,,ENDED,BEAR,12.09 18:00
2026-09-14 08:39:22,btc_signals_log(14.09)_v4.csv,,,,2026-09-14 08:00:00,ENDED,BEAR,12.09 18:00,True,True,True,True,1h,,,,ENDED,BEAR,12.09 18:00
2026-09-14 09:09:27,btc_signals_log(14.09)_v4.csv,,,,2026-09-14 09:00:00,ENDED,BEAR,12.09 18:00,True,True,True,True,1h,,,,ENDED,BEAR,12.09 18:00
2026-09-14 09:39:32,btc_signals_log(14.09)_v4.csv,,,,2026-09-14 09:00:00,ENDED,BEAR,12.09 18:00,True,True,True,True,1h,,,,ENDED,BEAR,12.09 18:00
2026-09-14 10:09:37,btc_signals_log(14.09)_v4.csv,,,,2026-09-14 10:00:00,ACTIVE,BULL,14.09 09:00,True,True,True,True,1h,,,,ACTIVE,BULL,14.09 09:00
2026-09-14 10:39:41,btc_signals_log(14.09)_v4.csv,,,,2026-09-14 10:00:00,ACTIVE,BULL,14.09 09:00,True,True,True,True,1h,,,,ACTIVE,BULL,14.09 09:00
2026-09-14 11:09:46,btc_signals_log(14.09)_v4.csv,,,,2026-09-14 11:00:00,ACTIVE,BULL,14.09 09:00,True,True,True,True,1h,,,,ACTIVE,BULL,14.09 09:00
2026-09-14 11:39:51,btc_signals_log(14.09)_v4.csv,,,,2026-09-14 11:00:00,ACTIVE,BULL,14.09 09:00,True,True,True,True,1h,,,,ACTIVE,BULL,14.09 09:00
2026-09-14 12:09:55,btc_signals_log(14.09)_v4.csv,,,,2026-09-14 12:00:00,ACTIVE,BULL,14.09 09:00,True,True,True,True,1h,,,,ACTIVE,BULL,14.09 09:00
2026-09-14 12:39:59,btc_signals_log(14.09)_v4.csv,,,,2026-09-14 12:00:00,ACTIVE,BULL,14.09 09:00,True,True,True,True,1h,,,,ACTIVE,BULL,14.09 09:00
2026-09-14 13:10:05,btc_signals_log(14.09)_v4.csv,,,,2026-09-14 13:00:00,ACTIVE,BULL,14.09 09:00,True,True,True,True,1h,,,,ACTIVE,BULL,14.09 09:00
2026-09-14 13:40:10,btc_signals_log(14.09)_v4.csv,,,,2026-09-14 13:00:00,ACTIVE,BULL,14.09 09:00,True,True,True,True,1h,,,,ACTIVE,BULL,14.09 09:00
2026-09-14 14:10:15,btc_signals_log(14.09)_v4.csv,,,,2026-09-14 14:00:00,ACTIVE,BULL,14.09 09:00,True,True,True,True,1h,,,,ACTIVE,BULL,14.09 09:00
2026-09-14 14:40:19,btc_signals_log(14.09)_v4.csv,,,,2026-09-14 14:00:00,ACTIVE,BULL,14.09 09:00,True,True,True,True,1h,,,,ACTIVE,BULL,14.09 09:00
2026-09-14 15:10:23,btc_signals_log(14.09)_v4.csv,,,,2026-09-14 15:00:00,ACTIVE,BULL,14.09 09:00,True,True,True,True,1h,,,,ACTIVE,BULL,14.09 09:00
2026-09-14 15:40:28,btc_signals_log(14.09)_v4.csv,,,,2026-09-14 15:00:00,ACTIVE,BULL,14.09 09:00,True,True,True,True,1h,,,,ACTIVE,BULL,14.09 09:00
2026-09-14 16:10:32,btc_signals_log(14.09)_v4.csv,,,,2026-09-14 16:00:00,ACTIVE,BULL,14.09 09:00,True,True,True,True,1h,,,,ACTIVE,BULL,14.09 09:00
2026-09-14 16:40:37,btc_signals_log(14.09)_v4.csv,,,,2026-09-14 16:00:00,ACTIVE,BULL,14.09 09:00,True,True,True,True,1h,,,,ACTIVE,BULL,14.09 09:00
2026-09-14 17:10:41,btc_signals_log(14.09)_v4.csv,,,,2026-09-14 17:00:00,ACTIVE,BULL,14.09 09:00,True,True,True,True,1h,,,,ACTIVE,BULL,14.09 09:00
2026-09-14 17:40:45,btc_signals_log(14.09)_v4.csv,,,,2026-09-14 17:00:00,ACTIVE,BULL,14.09 09:00,True,True,True,True,1h,,,,ACTIVE,BULL,14.09 09:00
2026-09-14 18:10:50,btc_signals_log(14.09)_v4.csv,,,,2026-09-14 18:00:00,ACTIVE,BULL,14.09 09:00,True,True,True,True,1h,,,,ACTIVE,BULL,14.09 09:00
2026-09-14 18:40:54,btc_signals_log(14.09)_v4.csv,,,,2026-09-14 18:00:00,ACTIVE,BULL,14.09 09:00,True,True,True,True,1h,,,,ACTIVE,BULL,14.09 09:00
2026-09-14 19:10:58,btc_signals_log(14.09)_v4.csv,,,,2026-09-14 19:00:00,ACTIVE,BULL,14.09 09:00,True,True,True,True,1h,,,,ACTIVE,BULL,14.09 09:00
2026-09-14 19:41:03,btc_signals_log(14.09)_v4.csv,,,,2026-09-14 19:00:00,ACTIVE,BULL,14.09 09:00,True,True,True,True,1h,,,,ACTIVE,BULL,14.09 09:00
2026-09-14 20:11:07,btc_signals_log(14.09)_v4.csv,,,,2026-09-14 20:00:00,ACTIVE,BULL,14.09 09:00,True,True,True,True,1h,,,,ACTIVE,BULL,14.09 09:00
2026-09-14 20:41:11,btc_signals_log(14.09)_v4.csv,,,,2026-09-14 20:00:00,ACTIVE,BULL,14.09 09:00,True,True,True,True,1h,,,,ACTIVE,BULL,14.09 09:00
2026-09-14 21:11:15,btc_signals_log(14.09)_v4.csv,,,,2026-09-14 21:00:00,ACTIVE,BULL,14.09 09:00,True,True,True,True,1h,,,,ACTIVE,BULL,14.09 09:00
2026-09-14 21:41:20,btc_signals_log(14.09)_v4.csv,,,,2026-09-14 21:00:00,ACTIVE,BULL,14.09 09:00,True,True,True,True,1h,,,,ACTIVE,BULL,14.09 09:00
2026-09-14 22:11:24,btc_signals_log(14.09)_v4.csv,,,,2026-09-14 22:00:00,ACTIVE,BULL,14.09 09:00,True,True,True,True,1h,,,,ACTIVE,BULL,14.09 09:00
2026-09-14 22:41:28,btc_signals_log(14.09)_v4.csv,,,,2026-09-14 22:00:00,ACTIVE,BULL,14.09 09:00,True,True,True,True,1h,,,,ACTIVE,BULL,14.09 09:00
2026-09-14 23:11:33,btc_signals_log(14.09)_v4.csv,,,,2026-09-14 23:00:00,ACTIVE,BULL,14.09 09:00,True,True,True,True,1h,,,,ACTIVE,BULL,14.09 09:00
2026-09-14 23:41:38,btc_signals_log(14.09)_v4.csv,,,,2026-09-14 23:00:00,ACTIVE,BULL,14.09 09:00,True,True,True,True,1h,,,,ACTIVE,BULL,14.09 09:00
2026-09-15 00:11:42,btc_signals_log(15.09)_v4.csv,,,,2026-09-15 00:00:00,ACTIVE,BULL,14.09 09:00,True,True,True,True,1h,,,,ACTIVE,BULL,14.09 09:00
2026-09-15 00:41:46,btc_signals_log(15.09)_v4.csv,,,,2026-09-15 00:00:00,ACTIVE,BULL,14.09 09:00,True,True,True,True,1h,,,,ACTIVE,BULL,14.09 09:00
2026-09-15 01:11:51,btc_signals_log(15.09)_v4.csv,,,,2026-09-15 01:00:00,ACTIVE,BULL,14.09 09:00,True,True,True,True,1h,,,,ACTIVE,BULL,14.09 09:00
2026-09-15 01:41:56,btc_signals_log(15.09)_v4.csv,,,,2026-09-15 01:00:00,ACTIVE,BULL,14.09 09:00,True,True,True,True,1h,,,,ACTIVE,BULL,14.09 09:00
2026-09-15 02:12:01,btc_signals_log(15.09)_v4.csv,,,,2026-09-15 02:00:00,ACTIVE,BULL,14.09 09:00,True,True,True,True,1h,,,,ACTIVE,BULL,14.09 09:00
2026-09-15 02:42:05,btc_signals_log(15.09)_v4.csv,,,,2026-09-15 02:00:00,ACTIVE,BULL,14.09 09:00,True,True,True,True,1h,,,,ACTIVE,BULL,14.09 09:00
2026-09-15 03:12:10,btc_signals_log(15.09)_v4.csv,,,,2026-09-15 03:00:00,ACTIVE,BULL,14.09 09:00,True,True,True,True,1h,,,,ACTIVE,BULL,14.09 09:00
2026-09-15 03:42:14,btc_signals_log(15.09)_v4.csv,,,,2026-09-15 03:00:00,ACTIVE,BULL,14.09 09:00,True,True,True,True,1h,,,,ACTIVE,BULL,14.09 09:00
2026-09-15 04:12:19,btc_signals_log(15.09)_v4.csv,,,,2026-09-15 04:00:00,ACTIVE,BULL,14.09 09:00,True,True,True,True,1h,,,,ACTIVE,BULL,14.09 09:00
2026-09-15 04:42:23,btc_signals_log(15.09)_v4.csv,,,,2026-09-15 04:00:00,ACTIVE,BULL,14.09 09:00,True,True,True,True,1h,,,,ACTIVE,BULL,14.09 09:00
2026-09-15 05:12:28,btc_signals_log(15.09)_v4.csv,,,,2026-09-15 05:00:00,ACTIVE,BULL,14.09 09:00,True,True,True,True,1h,,,,ACTIVE,BULL,14.09 09:00
2026-09-15 05:42:33,btc_signals_log(15.09)_v4.csv,,,,2026-09-15 05:00:00,ACTIVE,BULL,14.09 09:00,True,True,True,True,1h,,,,ACTIVE,BULL,14.09 09:00
2026-09-15 06:12:37,btc_signals_log(15.09)_v4.csv,,,,2026-09-15 06:00:00,ACTIVE,BULL,14.09 09:00,True,True,True,True,1h,,,,ACTIVE,BULL,14.09 09:00
2026-09-15 06:42:41,btc_signals_log(15.09)_v4.csv,,,,2026-09-15 06:00:00,ACTIVE,BULL,14.09 09:00,True,True,True,True,1h,,,,ACTIVE,BULL,14.09 09:00
2026-09-15 07:12:46,btc_signals_log(15.09)_v4.csv,,,,2026-09-15 07:00:00,ENDED,BULL,14.09 09:00,True,True,True,True,1h,,,,ENDED,BULL,14.09 09:00
2026-09-15 07:42:51,btc_signals_log(15.09)_v4.csv,,,,2026-09-15 07:00:00,ENDED,BULL,14.09 09:00,True,True,True,True,1h,,,,ENDED,BULL,14.09 09:00
2026-09-15 08:12:56,btc_signals_log(15.09)_v4.csv,,,,2026-09-15 08:00:00,ENDED,BULL,14.09 09:00,True,True,True,True,1h,,,,ENDED,BULL,14.09 09:00
2026-09-15 08:43:00,btc_signals_log(15.09)_v4.csv,,,,2026-09-15 08:00:00,ENDED,BULL,14.09 09:00,True,True,True,True,1h,,,,ENDED,BULL,14.09 09:00
2026-09-15 09:13:05,btc_signals_log(15.09)_v4.csv,,,,2026-09-15 09:00:00,ENDED,BULL,14.09 09:00,True,True,True,True,1h,,,,ENDED,BULL,14.09 09:00
2026-09-15 09:43:09,btc_signals_log(15.09)_v4.csv,,,,2026-09-15 09:00:00,ENDED,BULL,14.09 09:00,True,True,True,True,1h,,,,ENDED,BULL,14.09 09:00
2026-09-15 14:06:12,btc_signals_log(15.09)_v4.csv,,,,2026-09-15 14:00:00,ACTIVE,BEAR,15.09 13:00,True,True,True,True,1h,,,,ACTIVE,BEAR,15.09 13:00
2026-09-15 14:36:17,btc_signals_log(15.09)_v4.csv,,,,2026-09-15 14:00:00,ACTIVE,BEAR,15.09 13:00,True,True,True,True,1h,,,,ACTIVE,BEAR,15.09 13:00
2026-09-15 15:06:22,btc_signals_log(15.09)_v4.csv,,,,2026-09-15 15:00:00,ACTIVE,BEAR,15.09 13:00,True,True,True,True,1h,,,,ACTIVE,BEAR,15.09 13:00
2026-09-15 15:36:26,btc_signals_log(15.09)_v4.csv,,,,2026-09-15 15:00:00,ACTIVE,BEAR,15.09 13:00,True,True,True,True,1h,,,,ACTIVE,BEAR,15.09 13:00
2026-09-15 16:06:30,btc_signals_log(15.09)_v4.csv,,,,2026-09-15 16:00:00,ACTIVE,BEAR,15.09 13:00,True,True,True,True,1h,,,,ACTIVE,BEAR,15.09 13:00
2026-09-15 16:36:35,btc_signals_log(15.09)_v4.csv,,,,2026-09-15 16:00:00,ACTIVE,BEAR,15.09 13:00,True,True,True,True,1h,,,,ACTIVE,BEAR,15.09 13:00
2026-09-15 17:06:40,btc_signals_log(15.09)_v4.csv,,,,2026-09-15 17:00:00,ACTIVE,BEAR,15.09 13:00,True,True,True,True,1h,,,,ACTIVE,BEAR,15.09 13:00
2026-09-15 17:36:45,btc_signals_log(15.09)_v4.csv,,,,2026-09-15 17:00:00,ACTIVE,BEAR,15.09 13:00,True,True,True,True,1h,,,,ACTIVE,BEAR,15.09 13:00
2026-09-15 18:06:50,btc_signals_log(15.09)_v4.csv,,,,2026-09-15 18:00:00,ACTIVE,BEAR,15.09 13:00,True,True,True,True,1h,,,,ACTIVE,BEAR,15.09 13:00
2026-09-15 18:36:54,btc_signals_log(15.09)_v4.csv,,,,2026-09-15 18:00:00,ACTIVE,BEAR,15.09 13:00,True,True,True,True,1h,,,,ACTIVE,BEAR,15.09 13:00
2026-09-15 19:06:59,btc_signals_log(15.09)_v4.csv,,,,2026-09-15 19:00:00,ACTIVE,BEAR,15.09 13:00,True,True,True,True,1h,,,,ACTIVE,BEAR,15.09 13:00
2026-09-15 19:37:03,btc_signals_log(15.09)_v4.csv,,,,2026-09-15 19:00:00,ACTIVE,BEAR,15.09 13:00,True,True,True,True,1h,,,,ACTIVE,BEAR,15.09 13:00
2026-09-15 20:07:08,btc_signals_log(15.09)_v4.csv,,,,2026-09-15 20:00:00,ACTIVE,BEAR,15.09 13:00,True,True,True,True,1h,,,,ACTIVE,BEAR,15.09 13:00
2026-09-15 20:37:12,btc_signals_log(15.09)_v4.csv,,,,2026-09-15 20:00:00,ACTIVE,BEAR,15.09 13:00,True,True,True,True,1h,,,,ACTIVE,BEAR,15.09 13:00
2026-09-15 21:07:17,btc_signals_log(15.09)_v4.csv,,,,2026-09-15 21:00:00,ACTIVE,BEAR,15.09 13:00,True,True,True,True,1h,,,,ACTIVE,BEAR,15.09 13:00
2026-09-15 21:37:21,btc_signals_log(15.09)_v4.csv,,,,2026-09-15 21:00:00,ACTIVE,BEAR,15.09 13:00,True,True,True,True,1h,,,,ACTIVE,BEAR,15.09 13:00
2026-09-15 22:07:25,btc_signals_log(15.09)_v4.csv,,,,2026-09-15 22:00:00,ACTIVE,BEAR,15.09 13:00,True,True,True,True,1h,,,,ACTIVE,BEAR,15.09 13:00
2026-09-15 22:37:29,btc_signals_log(15.09)_v4.csv,,,,2026-09-15 22:00:00,ACTIVE,BEAR,15.09 13:00,True,True,True,True,1h,,,,ACTIVE,BEAR,15.09 13:00
2026-09-15 23:07:35,btc_signals_log(15.09)_v4.csv,,,,2026-09-15 23:00:00,ACTIVE,BEAR,15.09 13:00,True,True,True,True,1h,,,,ACTIVE,BEAR,15.09 13:00
2026-09-15 23:37:40,btc_signals_log(15.09)_v4.csv,,,,2026-09-15 23:00:00,ACTIVE,BEAR,15.09 13:00,True,True,True,True,1h,,,,ACTIVE,BEAR,15.09 13:00
2026-09-16 00:07:45,btc_signals_log(16.09)_v4.csv,,,,2026-09-16 00:00:00,ACTIVE,BEAR,15.09 13:00,True,True,True,True,1h,,,,ACTIVE,BEAR,15.09 13:00
2026-09-16 00:37:49,btc_signals_log(16.09)_v4.csv,,,,2026-09-16 00:00:00,ACTIVE,BEAR,15.09 13:00,True,True,True,True,1h,,,,ACTIVE,BEAR,15.09 13:00
2026-09-16 01:07:54,btc_signals_log(16.09)_v4.csv,,,,2026-09-16 01:00:00,ACTIVE,BEAR,15.09 13:00,True,True,True,True,1h,,,,ACTIVE,BEAR,15.09 13:00
2026-09-16 01:37:58,btc_signals_log(16.09)_v4.csv,,,,2026-09-16 01:00:00,ACTIVE,BEAR,15.09 13:00,True,True,True,True,1h,,,,ACTIVE,BEAR,15.09 13:00
2026-09-16 02:08:03,btc_signals_log(16.09)_v4.csv,,,,2026-09-16 02:00:00,ACTIVE,BEAR,15.09 13:00,True,True,True,True,1h,,,,ACTIVE,BEAR,15.09 13:00
2026-09-16 02:38:07,btc_signals_log(16.09)_v4.csv,,,,2026-09-16 02:00:00,ACTIVE,BEAR,15.09 13:00,True,True,True,True,1h,,,,ACTIVE,BEAR,15.09 13:00
2026-09-16 03:08:12,btc_signals_log(16.09)_v4.csv,,,,2026-09-16 03:00:00,ACTIVE,BEAR,15.09 13:00,True,True,True,True,1h,,,,ACTIVE,BEAR,15.09 13:00
2026-09-16 07:38:05,btc_signals_log(16.09)_v4.csv,,,,2026-09-16 07:00:00,ACTIVE,BEAR,15.09 13:00,True,True,True,True,1h,,,,ACTIVE,BEAR,15.09 13:00
2026-09-16 08:08:09,btc_signals_log(16.09)_v4.csv,,,,2026-09-16 08:00:00,ACTIVE,BEAR,15.09 13:00,True,True,True,True,1h,,,,ACTIVE,BEAR,15.09 13:00
2026-09-16 08:40:47,btc_signals_log(16.09)_v4.csv,,,,2026-09-16 08:00:00,ACTIVE,BEAR,15.09 13:00,True,True,True,True,1h,,,,ACTIVE,BEAR,15.09 13:00
2026-09-16 09:10:52,btc_signals_log(16.09)_v4.csv,,,,2026-09-16 09:00:00,ACTIVE,BEAR,15.09 13:00,True,True,True,True,1h,,,,ACTIVE,BEAR,15.09 13:00
2026-09-16 09:40:56,btc_signals_log(16.09)_v4.csv,,,,2026-09-16 09:00:00,ACTIVE,BEAR,15.09 13:00,True,True,True,True,1h,,,,ACTIVE,BEAR,15.09 13:00
2026-09-16 10:11:01,btc_signals_log(16.09)_v4.csv,,,,2026-09-16 10:00:00,ACTIVE,BEAR,15.09 13:00,True,True,True,True,1h,,,,ACTIVE,BEAR,15.09 13:00
2026-09-16 10:41:06,btc_signals_log(16.09)_v4.csv,,,,2026-09-16 10:00:00,ACTIVE,BEAR,15.09 13:00,True,True,True,True,1h,,,,ACTIVE,BEAR,15.09 13:00
2026-09-16 11:11:10,btc_signals_log(16.09)_v4.csv,,,,2026-09-16 11:00:00,ACTIVE,BEAR,15.09 13:00,True,True,True,True,1h,,,,ACTIVE,BEAR,15.09 13:00
2026-09-16 11:41:15,btc_signals_log(16.09)_v4.csv,,,,2026-09-16 11:00:00,ACTIVE,BEAR,15.09 13:00,True,True,True,True,1h,,,,ACTIVE,BEAR,15.09 13:00
2026-09-16 12:11:20,btc_signals_log(16.09)_v4.csv,,,,2026-09-16 12:00:00,ENDED,BEAR,15.09 13:00,True,True,True,True,1h,,,,ENDED,BEAR,15.09 13:00
2026-09-16 12:41:26,btc_signals_log(16.09)_v4.csv,,,,2026-09-16 12:00:00,ENDED,BEAR,15.09 13:00,True,True,True,True,1h,,,,ENDED,BEAR,15.09 13:00
2026-09-16 13:11:31,btc_signals_log(16.09)_v4.csv,,,,2026-09-16 13:00:00,ENDED,BEAR,15.09 13:00,True,True,True,True,1h,,,,ENDED,BEAR,15.09 13:00
2026-09-16 13:41:35,btc_signals_log(16.09)_v4.csv,,,,2026-09-16 13:00:00,ENDED,BEAR,15.09 13:00,True,True,True,True,1h,,,,ENDED,BEAR,15.09 13:00
2026-09-16 14:11:41,btc_signals_log(16.09)_v4.csv,,,,2026-09-16 14:00:00,ENDED,BEAR,15.09 13:00,True,True,True,True,1h,,,,ENDED,BEAR,15.09 13:00
2026-09-16 14:41:46,btc_signals_log(16.09)_v4.csv,,,,2026-09-16 14:00:00,ENDED,BEAR,15.09 13:00,True,True,True,True,1h,,,,ENDED,BEAR,15.09 13:00
2026-09-16 15:11:51,btc_signals_log(16.09)_v4.csv,,,,2026-09-16 15:00:00,ENDED,BEAR,15.09 13:00,True,True,True,True,1h,,,,ENDED,BEAR,15.09 13:00
2026-09-16 15:41:55,btc_signals_log(16.09)_v4.csv,,,,2026-09-16 15:00:00,ENDED,BEAR,15.09 13:00,True,True,True,True,1h,,,,ENDED,BEAR,15.09 13:00
2026-09-16 16:12:01,btc_signals_log(16.09)_v4.csv,,,,2026-09-16 16:00:00,ENDED,BEAR,15.09 13:00,True,True,True,True,1h,,,,ENDED,BEAR,15.09 13:00
2026-09-16 16:42:06,btc_signals_log(16.09)_v4.csv,,,,2026-09-16 16:00:00,ENDED,BEAR,15.09 13:00,True,True,True,True,1h,,,,ENDED,BEAR,15.09 13:00
2026-09-16 17:12:10,btc_signals_log(16.09)_v4.csv,,,,2026-09-16 17:00:00,ENDED,BEAR,15.09 13:00,True,True,True,True,1h,,,,ENDED,BEAR,15.09 13:00
2026-09-16 17:42:15,btc_signals_log(16.09)_v4.csv,,,,2026-09-16 17:00:00,ENDED,BEAR,15.09 13:00,True,True,True,True,1h,,,,ENDED,BEAR,15.09 13:00
2026-09-16 18:12:19,btc_signals_log(16.09)_v4.csv,,,,2026-09-16 18:00:00,ENDED,BEAR,15.09 13:00,True,True,True,True,1h,,,,ENDED,BEAR,15.09 13:00
2026-09-16 18:42:24,btc_signals_log(16.09)_v4.csv,,,,2026-09-16 18:00:00,ENDED,BEAR,15.09 13:00,True,True,True,True,1h,,,,ENDED,BEAR,15.09 13:00
2026-09-16 19:12:29,btc_signals_log(16.09)_v4.csv,,,,2026-09-16 19:00:00,ENDED,BEAR,15.09 13:00,True,True,True,True,1h,,,,ENDED,BEAR,15.09 13:00
2026-09-16 19:42:34,btc_signals_log(16.09)_v4.csv,,,,2026-09-16 19:00:00,ENDED,BEAR,15.09 13:00,True,True,True,True,1h,,,,ENDED,BEAR,15.09 13:00
2026-09-16 20:12:38,btc_signals_log(16.09)_v4.csv,,,,2026-09-16 20:00:00,ENDED,BEAR,15.09 13:00,True,True,True,True,1h,,,,ENDED,BEAR,15.09 13:00
2026-09-16 20:42:43,btc_signals_log(16.09)_v4.csv,,,,2026-09-16 20:00:00,ENDED,BEAR,15.09 13:00,True,True,True,True,1h,,,,ENDED,BEAR,15.09 13:00
2026-09-16 21:12:47,btc_signals_log(16.09)_v4.csv,,,,2026-09-16 21:00:00,ENDED,BEAR,15.09 13:00,True,True,True,True,1h,,,,ENDED,BEAR,15.09 13:00
2026-09-16 21:42:52,btc_signals_log(16.09)_v4.csv,,,,2026-09-16 21:00:00,ENDED,BEAR,15.09 13:00,True,True,True,True,1h,,,,ENDED,BEAR,15.09 13:00
2026-09-16 22:12:56,btc_signals_log(16.09)_v4.csv,,,,2026-09-16 22:00:00,ENDED,BEAR,15.09 13:00,True,True,True,True,1h,,,,ENDED,BEAR,15.09 13:00
2026-09-16 22:43:00,btc_signals_log(16.09)_v4.csv,,,,2026-09-16 22:00:00,ENDED,BEAR,15.09 13:00,True,True,True,True,1h,,,,ENDED,BEAR,15.09 13:00
2026-09-16 23:13:05,btc_signals_log(16.09)_v4.csv,,,,2026-09-16 23:00:00,ENDED,BEAR,15.09 13:00,True,True,True,True,1h,,,,ENDED,BEAR,15.09 13:00
2026-09-16 23:43:09,btc_signals_log(16.09)_v4.csv,,,,2026-09-16 23:00:00,ENDED,BEAR,15.09 13:00,True,True,True,True,1h,,,,ENDED,BEAR,15.09 13:00
2026-09-17 00:13:13,btc_signals_log(17.09)_v4.csv,,,,2026-09-17 00:00:00,ENDED,BEAR,15.09 13:00,True,True,True,True,1h,,,,ENDED,BEAR,15.09 13:00
2026-09-17 00:43:18,btc_signals_log(17.09)_v4.csv,,,,2026-09-17 00:00:00,ENDED,BEAR,15.09 13:00,True,True,True,True,1h,,,,ENDED,BEAR,15.09 13:00
2026-09-17 01:13:22,btc_signals_log(17.09)_v4.csv,,,,2026-09-17 01:00:00,ENDED,BEAR,15.09 13:00,True,True,True,True,1h,,,,ENDED,BEAR,15.09 13:00
2026-09-17 01:43:27,btc_signals_log(17.09)_v4.csv,,,,2026-09-17 01:00:00,ENDED,BEAR,15.09 13:00,True,True,True,True,1h,,,,ENDED,BEAR,15.09 13:00
2026-09-17 02:13:31,btc_signals_log(17.09)_v4.csv,,,,2026-09-17 02:00:00,ENDED,BEAR,15.09 13:00,True,True,True,True,1h,,,,ENDED,BEAR,15.09 13:00
2026-09-17 02:43:35,btc_signals_log(17.09)_v4.csv,,,,2026-09-17 02:00:00,ENDED,BEAR,15.09 13:00,True,True,True,True,1h,,,,ENDED,BEAR,15.09 13:00
2026-09-17 03:13:40,btc_signals_log(17.09)_v4.csv,,,,2026-09-17 03:00:00,ENDED,BEAR,15.09 13:00,True,True,True,True,1h,,,,ENDED,BEAR,15.09 13:00
2026-09-17 03:43:45,btc_signals_log(17.09)_v4.csv,,,,2026-09-17 03:00:00,ENDED,BEAR,15.09 13:00,True,True,True,True,1h,,,,ENDED,BEAR,15.09 13:00
2026-09-17 04:13:49,btc_signals_log(17.09)_v4.csv,,,,2026-09-17 04:00:00,ENDED,BEAR,15.09 13:00,True,True,True,True,1h,,,,ENDED,BEAR,15.09 13:00
2026-09-17 04:43:53,btc_signals_log(17.09)_v4.csv,,,,2026-09-17 04:00:00,ENDED,BEAR,15.09 13:00,True,True,True,True,1h,,,,ENDED,BEAR,15.09 13:00
2026-09-17 05:13:58,btc_signals_log(17.09)_v4.csv,,,,2026-09-17 05:00:00,ENDED,BEAR,15.09 13:00,True,True,True,True,1h,,,,ENDED,BEAR,15.09 13:00
2026-09-17 05:44:02,btc_signals_log(17.09)_v4.csv,,,,2026-09-17 05:00:00,ENDED,BEAR,15.09 13:00,True,True,True,True,1h,,,,ENDED,BEAR,15.09 13:00
2026-09-17 06:14:07,btc_signals_log(17.09)_v4.csv,,,,2026-09-17 06:00:00,ENDED,BEAR,15.09 13:00,True,True,True,True,1h,,,,ENDED,BEAR,15.09 13:00
2026-09-17 06:44:11,btc_signals_log(17.09)_v4.csv,,,,2026-09-17 06:00:00,ENDED,BEAR,15.09 13:00,True,True,True,True,1h,,,,ENDED,BEAR,15.09 13:00
2026-09-17 07:14:15,btc_signals_log(17.09)_v4.csv,,,,2026-09-17 07:00:00,ENDED,BEAR,15.09 13:00,True,True,True,True,1h,,,,ENDED,BEAR,15.09 13:00
2026-09-17 07:44:20,btc_signals_log(17.09)_v4.csv,,,,2026-09-17 07:00:00,ENDED,BEAR,15.09 13:00,True,True,True,True,1h,,,,ENDED,BEAR,15.09 13:00
2026-09-17 08:14:45,btc_signals_log(17.09)_v4.csv,,,,2026-09-17 08:00:00,ENDED,BEAR,15.09 13:00,True,True,True,True,1h,,,,ENDED,BEAR,15.09 13:00
2026-09-17 08:44:48,btc_signals_log(17.09)_v4.csv,,,,2026-09-17 08:00:00,ENDED,BEAR,15.09 13:00,True,True,True,True,1h,,,,ENDED,BEAR,15.09 13:00
2026-09-17 09:14:52,btc_signals_log(17.09)_v4.csv,,,,2026-09-17 09:00:00,ENDED,BEAR,15.09 13:00,True,True,True,True,1h,,,,ENDED,BEAR,15.09 13:00
2026-09-17 09:44:57,btc_signals_log(17.09)_v4.csv,,,,2026-09-17 09:00:00,ENDED,BEAR,15.09 13:00,True,True,True,True,1h,,,,ENDED,BEAR,15.09 13:00
2026-09-17 10:15:02,btc_signals_log(17.09)_v4.csv,,,,2026-09-17 10:00:00,ENDED,BEAR,15.09 13:00,True,True,True,True,1h,,,,ENDED,BEAR,15.09 13:00
2026-09-17 10:45:06,btc_signals_log(17.09)_v4.csv,,,,2026-09-17 10:00:00,ENDED,BEAR,15.09 13:00,True,True,True,True,1h,,,,ENDED,BEAR,15.09 13:00
2026-09-17 11:15:11,btc_signals_log(17.09)_v4.csv,,,,2026-09-17 11:00:00,ENDED,BEAR,15.09 13:00,True,True,True,True,1h,,,,ENDED,BEAR,15.09 13:00
2026-09-17 11:45:15,btc_signals_log(17.09)_v4.csv,,,,2026-09-17 11:00:00,ENDED,BEAR,15.09 13:00,True,True,True,True,1h,,,,ENDED,BEAR,15.09 13:00
2026-09-17 12:15:21,btc_signals_log(17.09)_v4.csv,,,,2026-09-17 12:00:00,ENDED,BEAR,15.09 13:00,True,True,True,True,1h,,,,ENDED,BEAR,15.09 13:00
2026-09-17 12:45:25,btc_signals_log(17.09)_v4.csv,,,,2026-09-17 12:00:00,ENDED,BEAR,15.09 13:00,True,True,True,True,1h,,,,ENDED,BEAR,15.09 13:00
2026-09-17 13:15:30,btc_signals_log(17.09)_v4.csv,,,,2026-09-17 13:00:00,ENDED,BEAR,15.09 13:00,True,True,True,True,1h,,,,ENDED,BEAR,15.09 13:00
2026-09-17 13:45:34,btc_signals_log(17.09)_v4.csv,,,,2026-09-17 13:00:00,ENDED,BEAR,15.09 13:00,True,True,True,True,1h,,,,ENDED,BEAR,15.09 13:00
2026-09-17 14:15:39,btc_signals_log(17.09)_v4.csv,,,,2026-09-17 14:00:00,ENDED,BEAR,15.09 13:00,True,True,True,True,1h,,,,ENDED,BEAR,15.09 13:00
2026-09-17 14:45:43,btc_signals_log(17.09)_v4.csv,,,,2026-09-17 14:00:00,ENDED,BEAR,15.09 13:00,True,True,True,True,1h,,,,ENDED,BEAR,15.09 13:00
2026-09-17 15:15:48,btc_signals_log(17.09)_v4.csv,,,,2026-09-17 15:00:00,ENDED,BEAR,15.09 13:00,True,True,True,True,1h,,,,ENDED,BEAR,15.09 13:00
2026-09-17 15:45:53,btc_signals_log(17.09)_v4.csv,,,,2026-09-17 15:00:00,ENDED,BEAR,15.09 13:00,True,True,True,True,1h,,,,ENDED,BEAR,15.09 13:00
2026-09-17 16:15:58,btc_signals_log(17.09)_v4.csv,,,,2026-09-17 16:00:00,ENDED,BEAR,15.09 13:00,True,True,True,True,1h,,,,ENDED,BEAR,15.09 13:00
2026-09-17 16:46:03,btc_signals_log(17.09)_v4.csv,,,,2026-09-17 16:00:00,ENDED,BEAR,15.09 13:00,True,True,True,True,1h,,,,ENDED,BEAR,15.09 13:00
2026-09-17 17:16:07,btc_signals_log(17.09)_v4.csv,,,,2026-09-17 17:00:00,ENDED,BEAR,15.09 13:00,True,True,True,True,1h,,,,ENDED,BEAR,15.09 13:00
2026-09-17 17:46:12,btc_signals_log(17.09)_v4.csv,,,,2026-09-17 17:00:00,ENDED,BEAR,15.09 13:00,True,True,True,True,1h,,,,ENDED,BEAR,15.09 13:00
2026-09-17 18:16:16,btc_signals_log(17.09)_v4.csv,,,,2026-09-17 18:00:00,ENDED,BEAR,15.09 13:00,True,True,True,True,1h,,,,ENDED,BEAR,15.09 13:00
2026-09-17 18:46:21,btc_signals_log(17.09)_v4.csv,,,,2026-09-17 18:00:00,ENDED,BEAR,15.09 13:00,True,True,True,True,1h,,,,ENDED,BEAR,15.09 13:00
2026-09-17 19:16:26,btc_signals_log(17.09)_v4.csv,,,,2026-09-17 19:00:00,ENDED,BEAR,15.09 13:00,True,True,True,True,1h,,,,ENDED,BEAR,15.09 13:00
2026-09-17 19:46:30,btc_signals_log(17.09)_v4.csv,,,,2026-09-17 19:00:00,ENDED,BEAR,15.09 13:00,True,True,True,True,1h,,,,ENDED,BEAR,15.09 13:00
2026-09-17 20:16:35,btc_signals_log(17.09)_v4.csv,,,,2026-09-17 20:00:00,ENDED,BEAR,15.09 13:00,True,True,True,True,1h,,,,ENDED,BEAR,15.09 13:00
2026-09-17 20:46:40,btc_signals_log(17.09)_v4.csv,,,,2026-09-17 20:00:00,ENDED,BEAR,15.09 13:00,True,True,True,True,1h,,,,ENDED,BEAR,15.09 13:00
2026-09-17 21:16:46,btc_signals_log(17.09)_v4.csv,,,,2026-09-17 21:00:00,ENDED,BEAR,15.09 13:00,True,True,True,True,1h,,,,ENDED,BEAR,15.09 13:00
2026-09-17 21:46:50,btc_signals_log(17.09)_v4.csv,,,,2026-09-17 21:00:00,ENDED,BEAR,15.09 13:00,True,True,True,True,1h,,,,ENDED,BEAR,15.09 13:00
2026-09-17 22:16:55,btc_signals_log(17.09)_v4.csv,,,,2026-09-17 22:00:00,ENDED,BEAR,15.09 13:00,True,True,True,True,1h,,,,ENDED,BEAR,15.09 13:00
2026-09-17 22:47:04,btc_signals_log(17.09)_v4.csv,,,,2026-09-17 22:00:00,ENDED,BEAR,15.09 13:00,True,True,True,True,1h,,,,ENDED,BEAR,15.09 13:00
2026-09-17 23:17:08,btc_signals_log(17.09)_v4.csv,,,,2026-09-17 23:00:00,ENDED,BEAR,15.09 13:00,True,True,True,True,1h,,,,ENDED,BEAR,15.09 13:00
2026-09-17 23:47:12,btc_signals_log(17.09)_v4.csv,,,,2026-09-17 23:00:00,ENDED,BEAR,15.09 13:00,True,True,True,True,1h,,,,ENDED,BEAR,15.09 13:00
2026-09-18 00:17:16,btc_signals_log(18.09)_v4.csv,,,,2026-09-18 00:00:00,ENDED,BEAR,15.09 13:00,True,True,True,True,1h,,,,ENDED,BEAR,15.09 13:00
2026-09-18 00:47:20,btc_signals_log(18.09)_v4.csv,,,,2026-09-18 00:00:00,ENDED,BEAR,15.09 13:00,True,True,True,True,1h,,,,ENDED,BEAR,15.09 13:00
2026-09-18 01:17:25,btc_signals_log(18.09)_v4.csv,,,,2026-09-18 01:00:00,ENDED,BEAR,15.09 13:00,True,True,True,True,1h,,,,ENDED,BEAR,15.09 13:00
2026-09-18 01:47:30,btc_signals_log(18.09)_v4.csv,,,,2026-09-18 01:00:00,ENDED,BEAR,15.09 13:00,True,True,True,True,1h,,,,ENDED,BEAR,15.09 13:00
2026-09-18 02:17:34,btc_signals_log(18.09)_v4.csv,,,,2026-09-18 02:00:00,ENDED,BEAR,15.09 13:00,True,True,True,True,1h,,,,ENDED,BEAR,15.09 13:00
2026-09-18 02:47:39,btc_signals_log(18.09)_v4.csv,,,,2026-09-18 02:00:00,ENDED,BEAR,15.09 13:00,True,True,True,True,1h,,,,ENDED,BEAR,15.09 13:00
2026-09-18 03:17:43,btc_signals_log(18.09)_v4.csv,,,,2026-09-18 03:00:00,ENDED,BEAR,15.09 13:00,True,True,True,True,1h,,,,ENDED,BEAR,15.09 13:00
2026-09-18 03:47:48,btc_signals_log(18.09)_v4.csv,,,,2026-09-18 03:00:00,ENDED,BEAR,15.09 13:00,True,True,True,True,1h,,,,ENDED,BEAR,15.09 13:00
2026-09-18 04:17:52,btc_signals_log(18.09)_v4.csv,,,,2026-09-18 04:00:00,ACTIVE,BULL,18.09 03:00,True,True,True,True,1h,,,,ACTIVE,BULL,18.09 03:00
2026-09-18 04:47:58,btc_signals_log(18.09)_v4.csv,,,,2026-09-18 04:00:00,ACTIVE,BULL,18.09 03:00,True,True,True,True,1h,,,,ACTIVE,BULL,18.09 03:00
2026-09-18 05:18:02,btc_signals_log(18.09)_v4.csv,,,,2026-09-18 05:00:00,ACTIVE,BULL,18.09 03:00,True,True,True,True,1h,,,,ACTIVE,BULL,18.09 03:00
2026-09-18 05:48:07,btc_signals_log(18.09)_v4.csv,,,,2026-09-18 05:00:00,ACTIVE,BULL,18.09 03:00,True,True,True,True,1h,,,,ACTIVE,BULL,18.09 03:00
2026-09-18 06:18:12,btc_signals_log(18.09)_v4.csv,,,,2026-09-18 06:00:00,ACTIVE,BULL,18.09 03:00,True,True,True,True,1h,,,,ACTIVE,BULL,18.09 03:00
2026-09-18 06:48:18,btc_signals_log(18.09)_v4.csv,,,,2026-09-18 06:00:00,ACTIVE,BULL,18.09 03:00,True,True,True,True,1h,,,,ACTIVE,BULL,18.09 03:00
2026-09-18 07:18:23,btc_signals_log(18.09)_v4.csv,,,,2026-09-18 07:00:00,ACTIVE,BULL,18.09 03:00,True,True,True,True,1h,,,,ACTIVE,BULL,18.09 03:00
2026-09-18 07:48:27,btc_signals_log(18.09)_v4.csv,,,,2026-09-18 07:00:00,ACTIVE,BULL,18.09 03:00,True,True,True,True,1h,,,,ACTIVE,BULL,18.09 03:00
2026-09-18 08:18:32,btc_signals_log(18.09)_v4.csv,,,,2026-09-18 08:00:00,ACTIVE,BULL,18.09 03:00,True,True,True,True,1h,,,,ACTIVE,BULL,18.09 03:00
2026-09-18 08:48:36,btc_signals_log(18.09)_v4.csv,,,,2026-09-18 08:00:00,ACTIVE,BULL,18.09 03:00,True,True,True,True,1h,,,,ACTIVE,BULL,18.09 03:00
2026-09-18 09:18:40,btc_signals_log(18.09)_v4.csv,,,,2026-09-18 09:00:00,ACTIVE,BULL,18.09 03:00,True,True,True,True,1h,,,,ACTIVE,BULL,18.09 03:00
2026-09-18 09:48:45,btc_signals_log(18.09)_v4.csv,,,,2026-09-18 09:00:00,ACTIVE,BULL,18.09 03:00,True,True,True,True,1h,,,,ACTIVE,BULL,18.09 03:00
2026-09-18 10:18:49,btc_signals_log(18.09)_v4.csv,,,,2026-09-18 10:00:00,ACTIVE,BULL,18.09 03:00,True,True,True,True,1h,,,,ACTIVE,BULL,18.09 03:00
2026-09-18 10:48:54,btc_signals_log(18.09)_v4.csv,,,,2026-09-18 10:00:00,ACTIVE,BULL,18.09 03:00,True,True,True,True,1h,,,,ACTIVE,BULL,18.09 03:00
2026-09-18 11:18:58,btc_signals_log(18.09)_v4.csv,,,,2026-09-18 11:00:00,ACTIVE,BULL,18.09 03:00,True,True,True,True,1h,,,,ACTIVE,BULL,18.09 03:00
2026-09-18 11:49:03,btc_signals_log(18.09)_v4.csv,,,,2026-09-18 11:00:00,ACTIVE,BULL,18.09 03:00,True,True,True,True,1h,,,,ACTIVE,BULL,18.09 03:00
2026-09-18 12:19:07,btc_signals_log(18.09)_v4.csv,,,,2026-09-18 12:00:00,ACTIVE,BULL,18.09 03:00,True,True,True,True,1h,,,,ACTIVE,BULL,18.09 03:00
2026-09-18 12:49:12,btc_signals_log(18.09)_v4.csv,,,,2026-09-18 12:00:00,ACTIVE,BULL,18.09 03:00,True,True,True,True,1h,,,,ACTIVE,BULL,18.09 03:00
2026-09-18 13:19:16,btc_signals_log(18.09)_v4.csv,,,,2026-09-18 13:00:00,ACTIVE,BULL,18.09 03:00,True,True,True,True,1h,,,,ACTIVE,BULL,18.09 03:00
2026-09-18 13:49:21,btc_signals_log(18.09)_v4.csv,,,,2026-09-18 13:00:00,ACTIVE,BULL,18.09 03:00,True,True,True,True,1h,,,,ACTIVE,BULL,18.09 03:00
2026-09-18 14:19:25,btc_signals_log(18.09)_v4.csv,,,,2026-09-18 14:00:00,ACTIVE,BULL,18.09 03:00,True,True,True,True,1h,,,,ACTIVE,BULL,18.09 03:00
2026-09-18 14:49:29,btc_signals_log(18.09)_v4.csv,,,,2026-09-18 14:00:00,ACTIVE,BULL,18.09 03:00,True,True,True,True,1h,,,,ACTIVE,BULL,18.09 03:00
2026-09-18 15:19:34,btc_signals_log(18.09)_v4.csv,,,,2026-09-18 15:00:00,ACTIVE,BULL,18.09 03:00,True,True,True,True,1h,,,,ACTIVE,BULL,18.09 03:00
2026-09-18 15:49:39,btc_signals_log(18.09)_v4.csv,,,,2026-09-18 15:00:00,ACTIVE,BULL,18.09 03:00,True,True,True,True,1h,,,,ACTIVE,BULL,18.09 03:00
2026-09-18 16:19:43,btc_signals_log(18.09)_v4.csv,,,,2026-09-18 16:00:00,ACTIVE,BULL,18.09 03:00,True,True,True,True,1h,,,,ACTIVE,BULL,18.09 03:00
2026-09-18 16:49:48,btc_signals_log(18.09)_v4.csv,,,,2026-09-18 16:00:00,ACTIVE,BULL,18.09 03:00,True,True,True,True,1h,,,,ACTIVE,BULL,18.09 03:00
2026-09-18 17:19:52,btc_signals_log(18.09)_v4.csv,,,,2026-09-18 17:00:00,ACTIVE,BULL,18.09 03:00,True,True,True,True,1h,,,,ACTIVE,BULL,18.09 03:00
2026-09-18 17:49:57,btc_signals_log(18.09)_v4.csv,,,,2026-09-18 17:00:00,ACTIVE,BULL,18.09 03:00,True,True,True,True,1h,,,,ACTIVE,BULL,18.09 03:00
2026-09-18 18:20:01,btc_signals_log(18.09)_v4.csv,,,,2026-09-18 18:00:00,ACTIVE,BULL,18.09 03:00,True,True,True,True,1h,,,,ACTIVE,BULL,18.09 03:00
2026-09-18 18:50:06,btc_signals_log(18.09)_v4.csv,,,,2026-09-18 18:00:00,ACTIVE,BULL,18.09 03:00,True,True,True,True,1h,,,,ACTIVE,BULL,18.09 03:00
2026-09-18 19:20:11,btc_signals_log(18.09)_v4.csv,,,,2026-09-18 19:00:00,ACTIVE,BULL,18.09 03:00,True,True,True,True,1h,,,,ACTIVE,BULL,18.09 03:00
2026-09-18 19:50:16,btc_signals_log(18.09)_v4.csv,,,,2026-09-18 19:00:00,ACTIVE,BULL,18.09 03:00,True,True,True,True,1h,,,,ACTIVE,BULL,18.09 03:00
2026-09-18 20:20:21,btc_signals_log(18.09)_v4.csv,,,,2026-09-18 20:00:00,ACTIVE,BULL,18.09 03:00,True,True,True,True,1h,,,,ACTIVE,BULL,18.09 03:00
2026-09-18 20:50:25,btc_signals_log(18.09)_v4.csv,,,,2026-09-18 20:00:00,ACTIVE,BULL,18.09 03:00,True,True,True,True,1h,,,,ACTIVE,BULL,18.09 03:00
2026-09-18 21:20:31,btc_signals_log(18.09)_v4.csv,,,,2026-09-18 21:00:00,ACTIVE,BULL,18.09 03:00,True,True,True,True,1h,,,,ACTIVE,BULL,18.09 03:00
2026-09-18 21:50:36,btc_signals_log(18.09)_v4.csv,,,,2026-09-18 21:00:00,ACTIVE,BULL,18.09 03:00,True,True,True,True,1h,,,,ACTIVE,BULL,18.09 03:00
2026-09-18 22:20:40,btc_signals_log(18.09)_v4.csv,,,,2026-09-18 22:00:00,ACTIVE,BULL,18.09 03:00,True,True,True,True,1h,,,,ACTIVE,BULL,18.09 03:00
2026-09-18 22:50:45,btc_signals_log(18.09)_v4.csv,,,,2026-09-18 22:00:00,ACTIVE,BULL,18.09 03:00,True,True,True,True,1h,,,,ACTIVE,BULL,18.09 03:00
2026-09-18 23:20:49,btc_signals_log(18.09)_v4.csv,,,,2026-09-18 23:00:00,ACTIVE,BULL,18.09 03:00,True,True,True,True,1h,,,,ACTIVE,BULL,18.09 03:00
2026-09-18 23:50:54,btc_signals_log(18.09)_v4.csv,,,,2026-09-18 23:00:00,ACTIVE,BULL,18.09 03:00,True,True,True,True,1h,,,,ACTIVE,BULL,18.09 03:00
2026-09-19 00:20:58,btc_signals_log(19.09)_v4.csv,,,,2026-09-19 00:00:00,ACTIVE,BULL,18.09 03:00,True,True,True,True,1h,,,,ACTIVE,BULL,18.09 03:00
2026-09-19 00:51:02,btc_signals_log(19.09)_v4.csv,,,,2026-09-19 00:00:00,ACTIVE,BULL,18.09 03:00,True,True,True,True,1h,,,,ACTIVE,BULL,18.09 03:00
2026-09-19 01:21:07,btc_signals_log(19.09)_v4.csv,,,,2026-09-19 01:00:00,ACTIVE,BULL,18.09 03:00,True,True,True,True,1h,,,,ACTIVE,BULL,18.09 03:00
2026-09-19 01:51:11,btc_signals_log(19.09)_v4.csv,,,,2026-09-19 01:00:00,ACTIVE,BULL,18.09 03:00,True,True,True,True,1h,,,,ACTIVE,BULL,18.09 03:00
2026-09-19 02:21:15,btc_signals_log(19.09)_v4.csv,,,,2026-09-19 02:00:00,ACTIVE,BULL,18.09 03:00,True,True,True,True,1h,,,,ACTIVE,BULL,18.09 03:00
2026-09-19 02:51:19,btc_signals_log(19.09)_v4.csv,,,,2026-09-19 02:00:00,ACTIVE,BULL,18.09 03:00,True,True,True,True,1h,,,,ACTIVE,BULL,18.09 03:00
2026-09-19 03:21:24,btc_signals_log(19.09)_v4.csv,,,,2026-09-19 03:00:00,ACTIVE,BULL,18.09 03:00,True,True,True,True,1h,,,,ACTIVE,BULL,18.09 03:00
2026-09-19 03:51:28,btc_signals_log(19.09)_v4.csv,,,,2026-09-19 03:00:00,ACTIVE,BULL,18.09 03:00,True,True,True,True,1h,,,,ACTIVE,BULL,18.09 03:00
2026-09-19 04:21:32,btc_signals_log(19.09)_v4.csv,,,,2026-09-19 04:00:00,ACTIVE,BULL,18.09 03:00,True,True,True,True,1h,,,,ACTIVE,BULL,18.09 03:00
2026-09-19 04:51:36,btc_signals_log(19.09)_v4.csv,,,,2026-09-19 04:00:00,ACTIVE,BULL,18.09 03:00,True,True,True,True,1h,,,,ACTIVE,BULL,18.09 03:00
2026-09-19 05:21:41,btc_signals_log(19.09)_v4.csv,,,,2026-09-19 05:00:00,ACTIVE,BULL,18.09 03:00,True,True,True,True,1h,,,,ACTIVE,BULL,18.09 03:00
2026-09-19 05:51:45,btc_signals_log(19.09)_v4.csv,,,,2026-09-19 05:00:00,ACTIVE,BULL,18.09 03:00,True,True,True,True,1h,,,,ACTIVE,BULL,18.09 03:00
2026-09-19 06:21:50,btc_signals_log(19.09)_v4.csv,,,,2026-09-19 06:00:00,ACTIVE,BULL,18.09 03:00,True,True,True,True,1h,,,,ACTIVE,BULL,18.09 03:00
2026-09-19 06:51:54,btc_signals_log(19.09)_v4.csv,,,,2026-09-19 06:00:00,ACTIVE,BULL,18.09 03:00,True,True,True,True,1h,,,,ACTIVE,BULL,18.09 03:00
2026-09-19 07:21:58,btc_signals_log(19.09)_v4.csv,,,,2026-09-19 07:00:00,ACTIVE,BULL,18.09 03:00,True,True,True,True,1h,,,,ACTIVE,BULL,18.09 03:00
2026-09-19 07:52:02,btc_signals_log(19.09)_v4.csv,,,,2026-09-19 07:00:00,ACTIVE,BULL,18.09 03:00,True,True,True,True,1h,,,,ACTIVE,BULL,18.09 03:00
2026-09-19 11:30:13,btc_signals_log(19.09)_v4.csv,,,,2026-09-19 11:00:00,ACTIVE,BULL,18.09 03:00,True,True,True,True,1h,,,,ACTIVE,BULL,18.09 03:00
2026-09-19 12:00:19,btc_signals_log(19.09)_v4.csv,,,,2026-09-19 12:00:00,ACTIVE,BULL,18.09 03:00,True,True,True,True,1h,,,,ACTIVE,BULL,18.09 03:00
2026-09-19 12:30:24,btc_signals_log(19.09)_v4.csv,,,,2026-09-19 12:00:00,ACTIVE,BULL,18.09 03:00,True,True,True,True,1h,,,,ACTIVE,BULL,18.09 03:00
2026-09-19 13:00:29,btc_signals_log(19.09)_v4.csv,,,,2026-09-19 13:00:00,ACTIVE,BULL,18.09 03:00,True,True,True,True,1h,,,,ACTIVE,BULL,18.09 03:00
2026-09-19 13:30:33,btc_signals_log(19.09)_v4.csv,,,,2026-09-19 13:00:00,ACTIVE,BULL,18.09 03:00,True,True,True,True,1h,,,,ACTIVE,BULL,18.09 03:00
2026-09-19 14:00:38,btc_signals_log(19.09)_v4.csv,,,,2026-09-19 14:00:00,ACTIVE,BULL,18.09 03:00,True,True,True,True,1h,,,,ACTIVE,BULL,18.09 03:00
2026-09-19 14:30:43,btc_signals_log(19.09)_v4.csv,,,,2026-09-19 14:00:00,ACTIVE,BULL,18.09 03:00,True,True,True,True,1h,,,,ACTIVE,BULL,18.09 03:00
2026-09-19 15:01:03,btc_signals_log(19.09)_v4.csv,,,,2026-09-19 15:00:00,ACTIVE,BULL,18.09 03:00,True,True,True,True,1h,,,,ACTIVE,BULL,18.09 03:00
2026-09-19 15:31:18,btc_signals_log(19.09)_v4.csv,,,,2026-09-19 15:00:00,ACTIVE,BULL,18.09 03:00,True,True,True,True,1h,,,,ACTIVE,BULL,18.09 03:00
2026-09-19 16:01:30,btc_signals_log(19.09)_v4.csv,,,,2026-09-19 16:00:00,ACTIVE,BULL,18.09 03:00,True,True,True,True,1h,,,,ACTIVE,BULL,18.09 03:00
2026-09-19 16:31:41,btc_signals_log(19.09)_v4.csv,,,,2026-09-19 16:00:00,ACTIVE,BULL,18.09 03:00,True,True,True,True,1h,,,,ACTIVE,BULL,18.09 03:00
2026-09-19 17:01:57,btc_signals_log(19.09)_v4.csv,,,,2026-09-19 17:00:00,ACTIVE,BULL,18.09 03:00,True,True,True,True,1h,,,,ACTIVE,BULL,18.09 03:00
2026-09-19 17:32:02,btc_signals_log(19.09)_v4.csv,,,,2026-09-19 17:00:00,ACTIVE,BULL,18.09 03:00,True,True,True,True,1h,,,,ACTIVE,BULL,18.09 03:00
2026-09-19 19:02:37,btc_signals_log(19.09)_v4.csv,,,,2026-09-19 19:00:00,ACTIVE,BULL,18.09 03:00,True,True,True,True,1h,,,,ACTIVE,BULL,18.09 03:00
2026-09-19 19:32:43,btc_signals_log(19.09)_v4.csv,,,,2026-09-19 19:00:00,ACTIVE,BULL,18.09 03:00,True,True,True,True,1h,,,,ACTIVE,BULL,18.09 03:00
2026-09-19 20:02:57,btc_signals_log(19.09)_v4.csv,,,,2026-09-19 20:00:00,ACTIVE,BULL,18.09 03:00,True,True,True,True,1h,,,,ACTIVE,BULL,18.09 03:00
2026-09-19 20:33:03,btc_signals_log(19.09)_v4.csv,,,,2026-09-19 20:00:00,ACTIVE,BULL,18.09 03:00,True,True,True,True,1h,,,,ACTIVE,BULL,18.09 03:00
2026-09-19 21:03:09,btc_signals_log(19.09)_v4.csv,,,,2026-09-19 21:00:00,ACTIVE,BULL,18.09 03:00,True,True,True,True,1h,,,,ACTIVE,BULL,18.09 03:00
2026-09-19 21:33:15,btc_signals_log(19.09)_v4.csv,,,,2026-09-19 21:00:00,ACTIVE,BULL,18.09 03:00,True,True,True,True,1h,,,,ACTIVE,BULL,18.09 03:00
2026-09-19 22:03:20,btc_signals_log(19.09)_v4.csv,,,,2026-09-19 22:00:00,ENDED,BULL,18.09 03:00,True,True,True,True,1h,,,,ENDED,BULL,18.09 03:00
2026-09-19 22:33:25,btc_signals_log(19.09)_v4.csv,,,,2026-09-19 22:00:00,ENDED,BULL,18.09 03:00,True,True,True,True,1h,,,,ENDED,BULL,18.09 03:00
2026-09-19 23:03:30,btc_signals_log(19.09)_v4.csv,,,,2026-09-19 23:00:00,ENDED,BULL,18.09 03:00,True,True,True,True,1h,,,,ENDED,BULL,18.09 03:00
2026-09-19 23:33:38,btc_signals_log(19.09)_v4.csv,,,,2026-09-19 23:00:00,ENDED,BULL,18.09 03:00,True,True,True,True,1h,,,,ENDED,BULL,18.09 03:00
2026-09-20 00:03:43,btc_signals_log(20.09)_v4.csv,,,,2026-09-20 00:00:00,ENDED,BULL,18.09 03:00,True,True,True,True,1h,,,,ENDED,BULL,18.09 03:00
2026-09-20 00:33:47,btc_signals_log(20.09)_v4.csv,,,,2026-09-20 00:00:00,ENDED,BULL,18.09 03:00,True,True,True,True,1h,,,,ENDED,BULL,18.09 03:00
2026-09-20 01:03:52,btc_signals_log(20.09)_v4.csv,,,,2026-09-20 01:00:00,ENDED,BULL,18.09 03:00,True,True,True,True,1h,,,,ENDED,BULL,18.09 03:00
2026-09-20 01:33:56,btc_signals_log(20.09)_v4.csv,,,,2026-09-20 01:00:00,ENDED,BULL,18.09 03:00,True,True,True,True,1h,,,,ENDED,BULL,18.09 03:00
2026-09-20 02:04:02,btc_signals_log(20.09)_v4.csv,,,,2026-09-20 02:00:00,ENDED,BULL,18.09 03:00,True,True,True,True,1h,,,,ENDED,BULL,18.09 03:00
2026-09-20 02:34:07,btc_signals_log(20.09)_v4.csv,,,,2026-09-20 02:00:00,ENDED,BULL,18.09 03:00,True,True,True,True,1h,,,,ENDED,BULL,18.09 03:00
2026-09-20 03:04:12,btc_signals_log(20.09)_v4.csv,,,,2026-09-20 03:00:00,ENDED,BULL,18.09 03:00,True,True,True,True,1h,,,,ENDED,BULL,18.09 03:00
2026-09-20 03:34:18,btc_signals_log(20.09)_v4.csv,,,,2026-09-20 03:00:00,ENDED,BULL,18.09 03:00,True,True,True,True,1h,,,,ENDED,BULL,18.09 03:00
2026-09-20 04:04:22,btc_signals_log(20.09)_v4.csv,,,,2026-09-20 04:00:00,ENDED,BULL,18.09 03:00,True,True,True,True,1h,,,,ENDED,BULL,18.09 03:00
2026-09-20 04:34:27,btc_signals_log(20.09)_v4.csv,,,,2026-09-20 04:00:00,ENDED,BULL,18.09 03:00,True,True,True,True,1h,,,,ENDED,BULL,18.09 03:00
2026-09-20 05:04:31,btc_signals_log(20.09)_v4.csv,,,,2026-09-20 05:00:00,ENDED,BULL,18.09 03:00,True,True,True,True,1h,,,,ENDED,BULL,18.09 03:00
2026-09-20 05:34:36,btc_signals_log(20.09)_v4.csv,,,,2026-09-20 05:00:00,ENDED,BULL,18.09 03:00,True,True,True,True,1h,,,,ENDED,BULL,18.09 03:00
2026-09-20 06:04:41,btc_signals_log(20.09)_v4.csv,,,,2026-09-20 06:00:00,ENDED,BULL,18.09 03:00,True,True,True,True,1h,,,,ENDED,BULL,18.09 03:00
2026-09-20 09:06:15,btc_signals_log(20.09)_v4.csv,,,,2026-09-20 09:00:00,ENDED,BULL,18.09 03:00,True,True,True,True,1h,,,,ENDED,BULL,18.09 03:00
2026-09-20 09:36:20,btc_signals_log(20.09)_v4.csv,,,,2026-09-20 09:00:00,ENDED,BULL,18.09 03:00,True,True,True,True,1h,,,,ENDED,BULL,18.09 03:00
2026-09-20 10:06:25,btc_signals_log(20.09)_v4.csv,,,,2026-09-20 10:00:00,ENDED,BULL,18.09 03:00,True,True,True,True,1h,,,,ENDED,BULL,18.09 03:00
2026-09-20 10:36:30,btc_signals_log(20.09)_v4.csv,,,,2026-09-20 10:00:00,ENDED,BULL,18.09 03:00,True,True,True,True,1h,,,,ENDED,BULL,18.09 03:00
2026-09-20 11:06:34,btc_signals_log(20.09)_v4.csv,,,,2026-09-20 11:00:00,ENDED,BULL,18.09 03:00,True,True,True,True,1h,,,,ENDED,BULL,18.09 03:00
2026-09-20 11:36:38,btc_signals_log(20.09)_v4.csv,,,,2026-09-20 11:00:00,ENDED,BULL,18.09 03:00,True,True,True,True,1h,,,,ENDED,BULL,18.09 03:00
2026-09-20 12:06:43,btc_signals_log(20.09)_v4.csv,,,,2026-09-20 12:00:00,ENDED,BULL,18.09 03:00,True,True,True,True,1h,,,,ENDED,BULL,18.09 03:00
2026-09-20 12:36:48,btc_signals_log(20.09)_v4.csv,,,,2026-09-20 12:00:00,ENDED,BULL,18.09 03:00,True,True,True,True,1h,,,,ENDED,BULL,18.09 03:00
2026-09-20 13:06:59,btc_signals_log(20.09)_v4.csv,,,,2026-09-20 13:00:00,ENDED,BULL,18.09 03:00,True,True,True,True,1h,,,,ENDED,BULL,18.09 03:00
2026-09-20 13:37:56,btc_signals_log(20.09)_v4.csv,,,,2026-09-20 13:00:00,ENDED,BULL,18.09 03:00,True,True,True,True,1h,,,,ENDED,BULL,18.09 03:00
2026-09-20 14:08:02,btc_signals_log(20.09)_v4.csv,,,,2026-09-20 14:00:00,ENDED,BULL,18.09 03:00,True,True,True,True,1h,,,,ENDED,BULL,18.09 03:00
2026-09-20 14:38:07,btc_signals_log(20.09)_v4.csv,,,,2026-09-20 14:00:00,ENDED,BULL,18.09 03:00,True,True,True,True,1h,,,,ENDED,BULL,18.09 03:00
2026-09-20 15:08:12,btc_signals_log(20.09)_v4.csv,,,,2026-09-20 15:00:00,ENDED,BULL,18.09 03:00,True,True,True,True,1h,,,,ENDED,BULL,18.09 03:00
2026-09-20 15:38:16,btc_signals_log(20.09)_v4.csv,,,,2026-09-20 15:00:00,ENDED,BULL,18.09 03:00,True,True,True,True,1h,,,,ENDED,BULL,18.09 03:00
2026-09-20 16:08:21,btc_signals_log(20.09)_v4.csv,,,,2026-09-20 16:00:00,ACTIVE,BULL,20.09 15:00,True,True,True,True,1h,,,,ACTIVE,BULL,20.09 15:00
2026-09-20 16:38:26,btc_signals_log(20.09)_v4.csv,,,,2026-09-20 16:00:00,ACTIVE,BULL,20.09 15:00,True,True,True,True,1h,,,,ACTIVE,BULL,20.09 15:00
2026-09-20 17:08:30,btc_signals_log(20.09)_v4.csv,,,,2026-09-20 17:00:00,ACTIVE,BULL,20.09 15:00,True,True,True,True,1h,,,,ACTIVE,BULL,20.09 15:00
2026-09-20 17:38:35,btc_signals_log(20.09)_v4.csv,,,,2026-09-20 17:00:00,ACTIVE,BULL,20.09 15:00,True,True,True,True,1h,,,,ACTIVE,BULL,20.09 15:00
2026-09-20 18:08:39,btc_signals_log(20.09)_v4.csv,,,,2026-09-20 18:00:00,ACTIVE,BULL,20.09 15:00,True,True,True,True,1h,,,,ACTIVE,BULL,20.09 15:00
2026-09-20 18:38:44,btc_signals_log(20.09)_v4.csv,,,,2026-09-20 18:00:00,ACTIVE,BULL,20.09 15:00,True,True,True,True,1h,,,,ACTIVE,BULL,20.09 15:00
2026-09-20 19:08:48,btc_signals_log(20.09)_v4.csv,,,,2026-09-20 19:00:00,ACTIVE,BULL,20.09 15:00,True,True,True,True,1h,,,,ACTIVE,BULL,20.09 15:00
2026-09-20 21:39:53,btc_signals_log(20.09)_v4.csv,,,,2026-09-20 21:00:00,ACTIVE,BULL,20.09 15:00,True,True,True,True,1h,,,,ACTIVE,BULL,20.09 15:00
2026-09-20 22:09:59,btc_signals_log(20.09)_v4.csv,,,,2026-09-20 22:00:00,ACTIVE,BULL,20.09 15:00,True,True,True,True,1h,,,,ACTIVE,BULL,20.09 15:00
2026-09-20 22:40:04,btc_signals_log(20.09)_v4.csv,,,,2026-09-20 22:00:00,ACTIVE,BULL,20.09 15:00,True,True,True,True,1h,,,,ACTIVE,BULL,20.09 15:00
2026-09-20 23:10:10,btc_signals_log(20.09)_v4.csv,,,,2026-09-20 23:00:00,ACTIVE,BULL,20.09 15:00,True,True,True,True,1h,,,,ACTIVE,BULL,20.09 15:00
2026-09-21 08:10:16,btc_signals_log(21.09)_v4.csv,,,,2026-09-21 08:00:00,ACTIVE,BULL,20.09 15:00,True,True,True,True,1h,,,,ACTIVE,BULL,20.09 15:00
2026-09-21 08:40:21,btc_signals_log(21.09)_v4.csv,,,,2026-09-21 08:00:00,ACTIVE,BULL,20.09 15:00,True,True,True,True,1h,,,,ACTIVE,BULL,20.09 15:00
2026-09-21 09:10:27,btc_signals_log(21.09)_v4.csv,,,,2026-09-21 09:00:00,ACTIVE,BULL,20.09 15:00,True,True,True,True,1h,,,,ACTIVE,BULL,20.09 15:00
2026-09-21 09:40:32,btc_signals_log(21.09)_v4.csv,,,,2026-09-21 09:00:00,ACTIVE,BULL,20.09 15:00,True,True,True,True,1h,,,,ACTIVE,BULL,20.09 15:00
2026-09-21 10:40:39,btc_signals_log(21.09)_v4.csv,,,,2026-09-21 10:00:00,ACTIVE,BULL,20.09 15:00,True,True,True,True,1h,,,,ACTIVE,BULL,20.09 15:00
2026-09-21 11:10:48,btc_signals_log(21.09)_v4.csv,,,,2026-09-21 11:00:00,ACTIVE,BULL,20.09 15:00,True,True,True,True,1h,,,,ACTIVE,BULL,20.09 15:00
2026-09-21 11:40:58,btc_signals_log(21.09)_v4.csv,,,,2026-09-21 11:00:00,ACTIVE,BULL,20.09 15:00,True,True,True,True,1h,,,,ACTIVE,BULL,20.09 15:00
2026-09-21 12:11:03,btc_signals_log(21.09)_v4.csv,,,,2026-09-21 12:00:00,ACTIVE,BULL,20.09 15:00,True,True,True,True,1h,,,,ACTIVE,BULL,20.09 15:00
2026-09-21 12:41:08,btc_signals_log(21.09)_v4.csv,,,,2026-09-21 12:00:00,ACTIVE,BULL,20.09 15:00,True,True,True,True,1h,,,,ACTIVE,BULL,20.09 15:00
2026-09-21 13:11:13,btc_signals_log(21.09)_v4.csv,,,,2026-09-21 13:00:00,ACTIVE,BULL,20.09 15:00,True,True,True,True,1h,,,,ACTIVE,BULL,20.09 15:00
2026-09-21 13:41:29,btc_signals_log(21.09)_v4.csv,,,,2026-09-21 13:00:00,ACTIVE,BULL,20.09 15:00,True,True,True,True,1h,,,,ACTIVE,BULL,20.09 15:00
2026-09-21 14:11:44,btc_signals_log(21.09)_v4.csv,,,,2026-09-21 14:00:00,ACTIVE,BULL,20.09 15:00,True,True,True,True,1h,,,,ACTIVE,BULL,20.09 15:00
2026-09-21 14:42:04,btc_signals_log(21.09)_v4.csv,,,,2026-09-21 14:00:00,ACTIVE,BULL,20.09 15:00,True,True,True,True,1h,,,,ACTIVE,BULL,20.09 15:00
2026-09-21 15:12:14,btc_signals_log(21.09)_v4.csv,,,,2026-09-21 15:00:00,ACTIVE,BULL,20.09 15:00,True,True,True,True,1h,,,,ACTIVE,BULL,20.09 15:00
2026-09-21 15:42:18,btc_signals_log(21.09)_v4.csv,,,,2026-09-21 15:00:00,ACTIVE,BULL,20.09 15:00,True,True,True,True,1h,,,,ACTIVE,BULL,20.09 15:00
2026-09-21 16:42:24,btc_signals_log(21.09)_v4.csv,,,,2026-09-21 16:00:00,ACTIVE,BULL,20.09 15:00,True,True,True,True,1h,,,,ACTIVE,BULL,20.09 15:00
2026-09-21 17:42:41,btc_signals_log(21.09)_v4.csv,,,,2026-09-21 17:00:00,ACTIVE,BULL,20.09 15:00,True,True,True,True,1h,,,,ACTIVE,BULL,20.09 15:00
2026-09-21 18:12:47,btc_signals_log(21.09)_v4.csv,,,,2026-09-21 18:00:00,ACTIVE,BULL,20.09 15:00,True,True,True,True,1h,,,,ACTIVE,BULL,20.09 15:00
2026-09-21 18:42:53,btc_signals_log(21.09)_v4.csv,,,,2026-09-21 18:00:00,ACTIVE,BULL,20.09 15:00,True,True,True,True,1h,,,,ACTIVE,BULL,20.09 15:00
2026-09-21 19:13:05,btc_signals_log(21.09)_v4.csv,,,,2026-09-21 19:00:00,ACTIVE,BULL,20.09 15:00,True,True,True,True,1h,,,,ACTIVE,BULL,20.09 15:00
2026-09-21 19:43:10,btc_signals_log(21.09)_v4.csv,,,,2026-09-21 19:00:00,ACTIVE,BULL,20.09 15:00,True,True,True,True,1h,,,,ACTIVE,BULL,20.09 15:00
2026-09-21 20:13:15,btc_signals_log(21.09)_v4.csv,,,,2026-09-21 20:00:00,ACTIVE,BULL,20.09 15:00,True,True,True,True,1h,,,,ACTIVE,BULL,20.09 15:00
2026-09-21 20:43:24,btc_signals_log(21.09)_v4.csv,,,,2026-09-21 20:00:00,ACTIVE,BULL,20.09 15:00,True,True,True,True,1h,,,,ACTIVE,BULL,20.09 15:00
2026-09-21 21:13:36,btc_signals_log(21.09)_v4.csv,,,,2026-09-21 21:00:00,ACTIVE,BULL,20.09 15:00,True,True,True,True,1h,,,,ACTIVE,BULL,20.09 15:00
2026-09-21 23:15:12,btc_signals_log(21.09)_v4.csv,,,,2026-09-21 23:00:00,ACTIVE,BULL,20.09 15:00,True,True,True,True,1h,,,,ACTIVE,BULL,20.09 15:00
2026-09-22 00:15:49,btc_signals_log(22.09)_v4.csv,,,,2026-09-22 00:00:00,ACTIVE,BULL,20.09 15:00,True,True,True,True,1h,,,,ACTIVE,BULL,20.09 15:00
2026-09-22 01:16:41,btc_signals_log(22.09)_v4.csv,,,,2026-09-22 01:00:00,ACTIVE,BULL,20.09 15:00,True,True,True,True,1h,,,,ACTIVE,BULL,20.09 15:00
2026-09-22 01:46:47,btc_signals_log(22.09)_v4.csv,,,,2026-09-22 01:00:00,ACTIVE,BULL,20.09 15:00,True,True,True,True,1h,,,,ACTIVE,BULL,20.09 15:00
2026-09-22 02:16:52,btc_signals_log(22.09)_v4.csv,,,,2026-09-22 02:00:00,ACTIVE,BULL,20.09 15:00,True,True,True,True,1h,,,,ACTIVE,BULL,20.09 15:00
2026-09-22 02:46:57,btc_signals_log(22.09)_v4.csv,,,,2026-09-22 02:00:00,ACTIVE,BULL,20.09 15:00,True,True,True,True,1h,,,,ACTIVE,BULL,20.09 15:00
2026-09-22 03:17:02,btc_signals_log(22.09)_v4.csv,,,,2026-09-22 03:00:00,ACTIVE,BULL,20.09 15:00,True,True,True,True,1h,,,,ACTIVE,BULL,20.09 15:00
2026-09-22 03:47:08,btc_signals_log(22.09)_v4.csv,,,,2026-09-22 03:00:00,ACTIVE,BULL,20.09 15:00,True,True,True,True,1h,,,,ACTIVE,BULL,20.09 15:00
2026-09-22 04:17:13,btc_signals_log(22.09)_v4.csv,,,,2026-09-22 04:00:00,ACTIVE,BULL,20.09 15:00,True,True,True,True,1h,,,,ACTIVE,BULL,20.09 15:00
2026-09-22 04:47:18,btc_signals_log(22.09)_v4.csv,,,,2026-09-22 04:00:00,ACTIVE,BULL,20.09 15:00,True,True,True,True,1h,,,,ACTIVE,BULL,20.09 15:00
2026-09-22 05:17:23,btc_signals_log(22.09)_v4.csv,,,,2026-09-22 05:00:00,ACTIVE,BULL,20.09 15:00,True,True,True,True,1h,,,,ACTIVE,BULL,20.09 15:00
2026-09-22 05:47:28,btc_signals_log(22.09)_v4.csv,,,,2026-09-22 05:00:00,ACTIVE,BULL,20.09 15:00,True,True,True,True,1h,,,,ACTIVE,BULL,20.09 15:00
2026-09-22 06:17:34,btc_signals_log(22.09)_v4.csv,,,,2026-09-22 06:00:00,ACTIVE,BULL,20.09 15:00,True,True,True,True,1h,,,,ACTIVE,BULL,20.09 15:00
2026-09-22 09:22:23,btc_signals_log(22.09)_v4.csv,,,,2026-09-22 09:00:00,ACTIVE,BULL,20.09 15:00,True,True,True,True,1h,,,,ACTIVE,BULL,20.09 15:00
2026-09-22 09:52:37,btc_signals_log(22.09)_v4.csv,,,,2026-09-22 09:00:00,ACTIVE,BULL,20.09 15:00,True,True,True,True,1h,,,,ACTIVE,BULL,20.09 15:00
2026-09-22 10:53:14,btc_signals_log(22.09)_v4.csv,,,,2026-09-22 10:00:00,ACTIVE,BULL,20.09 15:00,True,True,True,True,1h,,,,ACTIVE,BULL,20.09 15:00
2026-09-22 11:23:21,btc_signals_log(22.09)_v4.csv,,,,2026-09-22 11:00:00,ACTIVE,BULL,20.09 15:00,True,True,True,True,1h,,,,ACTIVE,BULL,20.09 15:00
2026-09-22 11:53:28,btc_signals_log(22.09)_v4.csv,,,,2026-09-22 11:00:00,ACTIVE,BULL,20.09 15:00,True,True,True,True,1h,,,,ACTIVE,BULL,20.09 15:00
2026-09-22 12:23:34,btc_signals_log(22.09)_v4.csv,,,,2026-09-22 12:00:00,ACTIVE,BULL,20.09 15:00,True,True,True,True,1h,,,,ACTIVE,BULL,20.09 15:00
2026-09-22 12:53:39,btc_signals_log(22.09)_v4.csv,,,,2026-09-22 12:00:00,ACTIVE,BULL,20.09 15:00,True,True,True,True,1h,,,,ACTIVE,BULL,20.09 15:00
2026-09-22 13:23:45,btc_signals_log(22.09)_v4.csv,,,,2026-09-22 13:00:00,ACTIVE,BULL,20.09 15:00,True,True,True,True,1h,,,,ACTIVE,BULL,20.09 15:00
2026-09-22 13:53:51,btc_signals_log(22.09)_v4.csv,,,,2026-09-22 13:00:00,ACTIVE,BULL,20.09 15:00,True,True,True,True,1h,,,,ACTIVE,BULL,20.09 15:00
2026-09-22 14:23:57,btc_signals_log(22.09)_v4.csv,,,,2026-09-22 14:00:00,ACTIVE,BULL,20.09 15:00,True,True,True,True,1h,,,,ACTIVE,BULL,20.09 15:00
2026-09-22 14:54:03,btc_signals_log(22.09)_v4.csv,,,,2026-09-22 14:00:00,ACTIVE,BULL,20.09 15:00,True,True,True,True,1h,,,,ACTIVE,BULL,20.09 15:00
2026-09-22 15:24:09,btc_signals_log(22.09)_v4.csv,,,,2026-09-22 15:00:00,ACTIVE,BULL,20.09 15:00,True,True,True,True,1h,,,,ACTIVE,BULL,20.09 15:00
2026-09-22 15:54:15,btc_signals_log(22.09)_v4.csv,,,,2026-09-22 15:00:00,ACTIVE,BULL,20.09 15:00,True,True,True,True,1h,,,,ACTIVE,BULL,20.09 15:00
2026-09-22 16:24:21,btc_signals_log(22.09)_v4.csv,,,,2026-09-22 16:00:00,ACTIVE,BULL,20.09 15:00,True,True,True,True,1h,,,,ACTIVE,BULL,20.09 15:00
2026-09-22 16:54:27,btc_signals_log(22.09)_v4.csv,,,,2026-09-22 16:00:00,ACTIVE,BULL,20.09 15:00,True,True,True,True,1h,,,,ACTIVE,BULL,20.09 15:00
2026-09-22 17:25:25,btc_signals_log(22.09)_v4.csv,,,,2026-09-22 17:00:00,ACTIVE,BULL,20.09 15:00,True,True,True,True,1h,,,,ACTIVE,BULL,20.09 15:00
2026-09-22 17:55:35,btc_signals_log(22.09)_v4.csv,,,,2026-09-22 17:00:00,ACTIVE,BULL,20.09 15:00,True,True,True,True,1h,,,,ACTIVE,BULL,20.09 15:00
2026-09-22 18:25:41,btc_signals_log(22.09)_v4.csv,,,,2026-09-22 18:00:00,ACTIVE,BULL,20.09 15:00,True,True,True,True,1h,,,,ACTIVE,BULL,20.09 15:00
2026-09-22 18:55:48,btc_signals_log(22.09)_v4.csv,,,,2026-09-22 18:00:00,ACTIVE,BULL,20.09 15:00,True,True,True,True,1h,,,,ACTIVE,BULL,20.09 15:00
2026-09-22 21:27:55,btc_signals_log(22.09)_v4.csv,,,,2026-09-22 21:00:00,ACTIVE,BULL,20.09 15:00,True,True,True,True,1h,,,,ACTIVE,BULL,20.09 15:00
2026-09-22 21:58:01,btc_signals_log(22.09)_v4.csv,,,,2026-09-22 21:00:00,ACTIVE,BULL,20.09 15:00,True,True,True,True,1h,,,,ACTIVE,BULL,20.09 15:00
2026-09-22 22:28:06,btc_signals_log(22.09)_v4.csv,,,,2026-09-22 22:00:00,ACTIVE,BULL,20.09 15:00,True,True,True,True,1h,,,,ACTIVE,BULL,20.09 15:00
2026-09-22 22:58:12,btc_signals_log(22.09)_v4.csv,,,,2026-09-22 22:00:00,ACTIVE,BULL,20.09 15:00,True,True,True,True,1h,,,,ACTIVE,BULL,20.09 15:00
2026-09-22 23:28:18,btc_signals_log(22.09)_v4.csv,,,,2026-09-22 23:00:00,ACTIVE,BULL,20.09 15:00,True,True,True,True,1h,,,,ACTIVE,BULL,20.09 15:00
2026-09-22 23:58:24,btc_signals_log(22.09)_v4.csv,,,,2026-09-22 23:00:00,ACTIVE,BULL,20.09 15:00,True,True,True,True,1h,,,,ACTIVE,BULL,20.09 15:00
2026-09-23 00:28:29,btc_signals_log(23.09)_v4.csv,,,,2026-09-23 00:00:00,ACTIVE,BULL,20.09 15:00,True,True,True,True,1h,,,,ACTIVE,BULL,20.09 15:00
2026-09-23 00:58:34,btc_signals_log(23.09)_v4.csv,,,,2026-09-23 00:00:00,ACTIVE,BULL,20.09 15:00,True,True,True,True,1h,,,,ACTIVE,BULL,20.09 15:00
2026-09-23 01:28:40,btc_signals_log(23.09)_v4.csv,,,,2026-09-23 01:00:00,ACTIVE,BULL,20.09 15:00,True,True,True,True,1h,,,,ACTIVE,BULL,20.09 15:00
2026-09-23 01:58:45,btc_signals_log(23.09)_v4.csv,,,,2026-09-23 01:00:00,ACTIVE,BULL,20.09 15:00,True,True,True,True,1h,,,,ACTIVE,BULL,20.09 15:00
2026-09-23 02:28:51,btc_signals_log(23.09)_v4.csv,,,,2026-09-23 02:00:00,ACTIVE,BULL,20.09 15:00,True,True,True,True,1h,,,,ACTIVE,BULL,20.09 15:00
2026-09-23 02:58:56,btc_signals_log(23.09)_v4.csv,,,,2026-09-23 02:00:00,ACTIVE,BULL,20.09 15:00,True,True,True,True,1h,,,,ACTIVE,BULL,20.09 15:00
2026-09-23 03:29:02,btc_signals_log(23.09)_v4.csv,,,,2026-09-23 03:00:00,ACTIVE,BULL,20.09 15:00,True,True,True,True,1h,,,,ACTIVE,BULL,20.09 15:00
2026-09-23 03:59:08,btc_signals_log(23.09)_v4.csv,,,,2026-09-23 03:00:00,ACTIVE,BULL,20.09 15:00,True,True,True,True,1h,,,,ACTIVE,BULL,20.09 15:00
2026-09-23 04:29:14,btc_signals_log(23.09)_v4.csv,,,,2026-09-23 04:00:00,ACTIVE,BULL,20.09 15:00,True,True,True,True,1h,,,,ACTIVE,BULL,20.09 15:00
2026-09-23 04:59:20,btc_signals_log(23.09)_v4.csv,,,,2026-09-23 04:00:00,ACTIVE,BULL,20.09 15:00,True,True,True,True,1h,,,,ACTIVE,BULL,20.09 15:00
2026-09-23 05:29:26,btc_signals_log(23.09)_v4.csv,,,,2026-09-23 05:00:00,ACTIVE,BULL,20.09 15:00,True,True,True,True,1h,,,,ACTIVE,BULL,20.09 15:00
2026-09-23 05:59:32,btc_signals_log(23.09)_v4.csv,,,,2026-09-23 05:00:00,ACTIVE,BULL,20.09 15:00,True,True,True,True,1h,,,,ACTIVE,BULL,20.09 15:00
2026-09-23 08:01:07,btc_signals_log(23.09)_v4.csv,,,,2026-09-23 08:00:00,ACTIVE,BULL,20.09 15:00,True,True,True,True,1h,,,,ACTIVE,BULL,20.09 15:00
2026-09-23 10:18:52,btc_signals_log(23.09)_v4.csv,,,,2026-09-23 10:00:00,ENDED,BULL,20.09 15:00,True,True,True,True,1h,,,,ENDED,BULL,20.09 15:00
2026-09-23 22:54:50,btc_signals_log(23.09)_v4.csv,,,,2026-09-23 22:00:00,ENDED,BULL,20.09 15:00,True,True,True,True,1h,,,,ENDED,BULL,20.09 15:00
2026-09-23 23:24:55,btc_signals_log(23.09)_v4.csv,,,,2026-09-23 23:00:00,ENDED,BULL,20.09 15:00,True,True,True,True,1h,,,,ENDED,BULL,20.09 15:00
2026-09-23 23:55:01,btc_signals_log(23.09)_v4.csv,,,,2026-09-23 23:00:00,ENDED,BULL,20.09 15:00,True,True,True,True,1h,,,,ENDED,BULL,20.09 15:00
2026-09-24 00:25:07,btc_signals_log(24.09)_v4.csv,,,,2026-09-24 00:00:00,ENDED,BULL,20.09 15:00,True,True,True,True,1h,,,,ENDED,BULL,20.09 15:00
2026-09-24 00:55:12,btc_signals_log(24.09)_v4.csv,,,,2026-09-24 00:00:00,ENDED,BULL,20.09 15:00,True,True,True,True,1h,,,,ENDED,BULL,20.09 15:00
2026-09-24 01:25:17,btc_signals_log(24.09)_v4.csv,,,,2026-09-24 01:00:00,ENDED,BULL,20.09 15:00,True,True,True,True,1h,,,,ENDED,BULL,20.09 15:00
2026-09-24 01:55:22,btc_signals_log(24.09)_v4.csv,,,,2026-09-24 01:00:00,ENDED,BULL,20.09 15:00,True,True,True,True,1h,,,,ENDED,BULL,20.09 15:00
2026-09-24 02:25:27,btc_signals_log(24.09)_v4.csv,,,,2026-09-24 02:00:00,ENDED,BULL,20.09 15:00,True,True,True,True,1h,,,,ENDED,BULL,20.09 15:00
2026-09-24 02:55:32,btc_signals_log(24.09)_v4.csv,,,,2026-09-24 02:00:00,ENDED,BULL,20.09 15:00,True,True,True,True,1h,,,,ENDED,BULL,20.09 15:00
2026-09-24 03:25:37,btc_signals_log(24.09)_v4.csv,,,,2026-09-24 03:00:00,ENDED,BULL,20.09 15:00,True,True,True,True,1h,,,,ENDED,BULL,20.09 15:00
2026-09-24 03:55:41,btc_signals_log(24.09)_v4.csv,,,,2026-09-24 03:00:00,ENDED,BULL,20.09 15:00,True,True,True,True,1h,,,,ENDED,BULL,20.09 15:00
2026-09-24 04:25:47,btc_signals_log(24.09)_v4.csv,,,,2026-09-24 04:00:00,ENDED,BULL,20.09 15:00,True,True,True,True,1h,,,,ENDED,BULL,20.09 15:00
2026-09-24 04:55:51,btc_signals_log(24.09)_v4.csv,,,,2026-09-24 04:00:00,ENDED,BULL,20.09 15:00,True,True,True,True,1h,,,,ENDED,BULL,20.09 15:00
2026-09-24 05:25:57,btc_signals_log(24.09)_v4.csv,,,,2026-09-24 05:00:00,ENDED,BULL,20.09 15:00,True,True,True,True,1h,,,,ENDED,BULL,20.09 15:00
2026-09-24 05:56:01,btc_signals_log(24.09)_v4.csv,,,,2026-09-24 05:00:00,ENDED,BULL,20.09 15:00,True,True,True,True,1h,,,,ENDED,BULL,20.09 15:00
2026-09-24 06:26:06,btc_signals_log(24.09)_v4.csv,,,,2026-09-24 06:00:00,ENDED,BULL,20.09 15:00,True,True,True,True,1h,,,,ENDED,BULL,20.09 15:00
2026-09-24 06:56:11,btc_signals_log(24.09)_v4.csv,,,,2026-09-24 06:00:00,ENDED,BULL,20.09 15:00,True,True,True,True,1h,,,,ENDED,BULL,20.09 15:00
2026-09-24 07:26:16,btc_signals_log(24.09)_v4.csv,,,,2026-09-24 07:00:00,ENDED,BULL,20.09 15:00,True,True,True,True,1h,,,,ENDED,BULL,20.09 15:00
2026-09-24 07:56:23,btc_signals_log(24.09)_v4.csv,,,,2026-09-24 07:00:00,ENDED,BULL,20.09 15:00,True,True,True,True,1h,,,,ENDED,BULL,20.09 15:00
2026-09-24 08:26:29,btc_signals_log(24.09)_v4.csv,,,,2026-09-24 08:00:00,ENDED,BULL,20.09 15:00,True,True,True,True,1h,,,,ENDED,BULL,20.09 15:00
2026-09-24 08:56:35,btc_signals_log(24.09)_v4.csv,,,,2026-09-24 08:00:00,ENDED,BULL,20.09 15:00,True,True,True,True,1h,,,,ENDED,BULL,20.09 15:00
2026-09-24 09:26:40,btc_signals_log(24.09)_v4.csv,,,,2026-09-24 09:00:00,ENDED,BULL,20.09 15:00,True,True,True,True,1h,,,,ENDED,BULL,20.09 15:00
2026-09-24 09:56:46,btc_signals_log(24.09)_v4.csv,,,,2026-09-24 09:00:00,ENDED,BULL,20.09 15:00,True,True,True,True,1h,,,,ENDED,BULL,20.09 15:00
2026-09-24 10:26:51,btc_signals_log(24.09)_v4.csv,,,,2026-09-24 10:00:00,ACTIVE,BEAR,24.09 09:00,True,True,True,True,1h,,,,ACTIVE,BEAR,24.09 09:00
2026-09-24 10:56:57,btc_signals_log(24.09)_v4.csv,,,,2026-09-24 10:00:00,ACTIVE,BEAR,24.09 09:00,True,True,True,True,1h,,,,ACTIVE,BEAR,24.09 09:00
2026-09-24 12:29:40,btc_signals_log(24.09)_v4.csv,,,,2026-09-24 12:00:00,ACTIVE,BEAR,24.09 09:00,True,True,True,True,1h,,,,ACTIVE,BEAR,24.09 09:00
2026-09-24 12:59:46,btc_signals_log(24.09)_v4.csv,,,,2026-09-24 12:00:00,ACTIVE,BEAR,24.09 09:00,True,True,True,True,1h,,,,ACTIVE,BEAR,24.09 09:00
2026-09-24 13:29:52,btc_signals_log(24.09)_v4.csv,,,,2026-09-24 13:00:00,ACTIVE,BEAR,24.09 09:00,True,True,True,True,1h,,,,ACTIVE,BEAR,24.09 09:00
2026-09-24 13:59:58,btc_signals_log(24.09)_v4.csv,,,,2026-09-24 13:00:00,ACTIVE,BEAR,24.09 09:00,True,True,True,True,1h,,,,ACTIVE,BEAR,24.09 09:00
2026-09-24 14:30:04,btc_signals_log(24.09)_v4.csv,,,,2026-09-24 14:00:00,ACTIVE,BEAR,24.09 09:00,True,True,True,True,1h,,,,ACTIVE,BEAR,24.09 09:00
2026-09-24 15:00:18,btc_signals_log(24.09)_v4.csv,,,,2026-09-24 15:00:00,ACTIVE,BEAR,24.09 09:00,True,True,True,True,1h,,,,ACTIVE,BEAR,24.09 09:00
2026-09-24 15:30:24,btc_signals_log(24.09)_v4.csv,,,,2026-09-24 15:00:00,ACTIVE,BEAR,24.09 09:00,True,True,True,True,1h,,,,ACTIVE,BEAR,24.09 09:00
2026-09-24 16:00:30,btc_signals_log(24.09)_v4.csv,,,,2026-09-24 16:00:00,ACTIVE,BEAR,24.09 09:00,True,True,True,True,1h,,,,ACTIVE,BEAR,24.09 09:00
2026-09-24 16:30:35,btc_signals_log(24.09)_v4.csv,,,,2026-09-24 16:00:00,ACTIVE,BEAR,24.09 09:00,True,True,True,True,1h,,,,ACTIVE,BEAR,24.09 09:00
2026-09-24 19:02:44,btc_signals_log(24.09)_v4.csv,,,,2026-09-24 19:00:00,ACTIVE,BEAR,24.09 09:00,True,True,True,True,1h,,,,ACTIVE,BEAR,24.09 09:00
2026-09-24 20:34:12,btc_signals_log(24.09)_v4.csv,,,,2026-09-24 20:00:00,ACTIVE,BEAR,24.09 09:00,True,True,True,True,1h,,,,ACTIVE,BEAR,24.09 09:00
2026-09-24 21:04:16,btc_signals_log(24.09)_v4.csv,,,,2026-09-24 21:00:00,ACTIVE,BEAR,24.09 09:00,True,True,True,True,1h,,,,ACTIVE,BEAR,24.09 09:00
2026-09-24 21:34:21,btc_signals_log(24.09)_v4.csv,,,,2026-09-24 21:00:00,ACTIVE,BEAR,24.09 09:00,False,False,False,False,1h,,,,NONE,,
2026-09-24 22:04:25,btc_signals_log(24.09)_v4.csv,,,,2026-09-24 22:00:00,ACTIVE,BEAR,24.09 09:00,True,True,True,True,1h,,,,ACTIVE,BEAR,24.09 09:00
2026-09-24 22:34:30,btc_signals_log(24.09)_v4.csv,,,,2026-09-24 22:00:00,ACTIVE,BEAR,24.09 09:00,True,True,True,True,1h,,,,ACTIVE,BEAR,24.09 09:00
2026-09-24 23:04:34,btc_signals_log(24.09)_v4.csv,,,,2026-09-24 23:00:00,ACTIVE,BEAR,24.09 09:00,True,True,True,True,1h,,,,ACTIVE,BEAR,24.09 09:00
2026-09-24 23:34:39,btc_signals_log(24.09)_v4.csv,,,,2026-09-24 23:00:00,ACTIVE,BEAR,24.09 09:00,False,False,False,False,1h,,,,NONE,,
2026-09-25 00:04:43,btc_signals_log(25.09)_v4.csv,,,,2026-09-25 00:00:00,ACTIVE,BEAR,24.09 09:00,True,True,True,True,1h,,,,ACTIVE,BEAR,24.09 09:00
2026-09-25 00:34:48,btc_signals_log(25.09)_v4.csv,,,,2026-09-25 00:00:00,ACTIVE,BEAR,24.09 09:00,True,True,True,True,1h,,,,ACTIVE,BEAR,24.09 09:00
2026-09-25 01:04:52,btc_signals_log(25.09)_v4.csv,,,,2026-09-25 01:00:00,ACTIVE,BEAR,24.09 09:00,True,True,True,True,1h,,,,ACTIVE,BEAR,24.09 09:00
2026-09-25 01:35:02,btc_signals_log(25.09)_v4.csv,,,,2026-09-25 01:00:00,ACTIVE,BEAR,24.09 09:00,True,True,True,True,1h,,,,ACTIVE,BEAR,24.09 09:00
2026-09-25 02:05:07,btc_signals_log(25.09)_v4.csv,,,,2026-09-25 02:00:00,ACTIVE,BEAR,24.09 09:00,True,True,True,True,1h,,,,ACTIVE,BEAR,24.09 09:00
2026-09-25 02:35:11,btc_signals_log(25.09)_v4.csv,,,,2026-09-25 02:00:00,ACTIVE,BEAR,24.09 09:00,True,True,True,True,1h,,,,ACTIVE,BEAR,24.09 09:00
2026-09-25 03:05:16,btc_signals_log(25.09)_v4.csv,,,,2026-09-25 03:00:00,ACTIVE,BEAR,24.09 09:00,True,True,True,True,1h,,,,ACTIVE,BEAR,24.09 09:00
2026-09-25 03:35:20,btc_signals_log(25.09)_v4.csv,,,,2026-09-25 03:00:00,ACTIVE,BEAR,24.09 09:00,True,True,True,True,1h,,,,ACTIVE,BEAR,24.09 09:00
2026-09-25 04:05:24,btc_signals_log(25.09)_v4.csv,,,,2026-09-25 04:00:00,ACTIVE,BEAR,24.09 09:00,True,True,True,True,1h,,,,ACTIVE,BEAR,24.09 09:00
2026-09-25 04:35:34,btc_signals_log(25.09)_v4.csv,,,,2026-09-25 04:00:00,ACTIVE,BEAR,24.09 09:00,True,True,True,True,1h,,,,ACTIVE,BEAR,24.09 09:00
2026-09-25 05:05:38,btc_signals_log(25.09)_v4.csv,,,,2026-09-25 05:00:00,ACTIVE,BEAR,24.09 09:00,True,True,True,True,1h,,,,ACTIVE,BEAR,24.09 09:00
2026-09-25 05:35:42,btc_signals_log(25.09)_v4.csv,,,,2026-09-25 05:00:00,ACTIVE,BEAR,24.09 09:00,True,True,True,True,1h,,,,ACTIVE,BEAR,24.09 09:00
2026-09-25 06:05:46,btc_signals_log(25.09)_v4.csv,,,,2026-09-25 06:00:00,ACTIVE,BEAR,24.09 09:00,True,True,True,True,1h,,,,ACTIVE,BEAR,24.09 09:00
2026-09-25 06:35:51,btc_signals_log(25.09)_v4.csv,,,,2026-09-25 06:00:00,ACTIVE,BEAR,24.09 09:00,True,True,True,True,1h,,,,ACTIVE,BEAR,24.09 09:00
2026-09-25 07:05:56,btc_signals_log(25.09)_v4.csv,,,,2026-09-25 07:00:00,ACTIVE,BEAR,24.09 09:00,True,True,True,True,1h,,,,ACTIVE,BEAR,24.09 09:00
2026-09-25 07:36:06,btc_signals_log(25.09)_v4.csv,,,,2026-09-25 07:00:00,ACTIVE,BEAR,24.09 09:00,True,True,True,True,1h,,,,ACTIVE,BEAR,24.09 09:00
2026-09-25 08:06:11,btc_signals_log(25.09)_v4.csv,,,,2026-09-25 08:00:00,ACTIVE,BEAR,24.09 09:00,True,True,True,True,1h,,,,ACTIVE,BEAR,24.09 09:00
2026-09-25 08:36:16,btc_signals_log(25.09)_v4.csv,,,,2026-09-25 08:00:00,ACTIVE,BEAR,24.09 09:00,True,True,True,True,1h,,,,ACTIVE,BEAR,24.09 09:00
2026-09-25 09:06:20,btc_signals_log(25.09)_v4.csv,,,,2026-09-25 09:00:00,ACTIVE,BEAR,24.09 09:00,True,True,True,True,1h,,,,ACTIVE,BEAR,24.09 09:00
2026-09-25 09:36:25,btc_signals_log(25.09)_v4.csv,,,,2026-09-25 09:00:00,ACTIVE,BEAR,24.09 09:00,True,True,True,True,1h,,,,ACTIVE,BEAR,24.09 09:00
2026-09-25 10:06:35,btc_signals_log(25.09)_v4.csv,,,,2026-09-25 10:00:00,ACTIVE,BEAR,24.09 09:00,True,True,True,True,1h,,,,ACTIVE,BEAR,24.09 09:00
2026-09-25 11:06:41,btc_signals_log(25.09)_v4.csv,,,,2026-09-25 11:00:00,ACTIVE,BEAR,24.09 09:00,True,True,True,True,1h,,,,ACTIVE,BEAR,24.09 09:00
2026-09-25 12:06:47,btc_signals_log(25.09)_v4.csv,,,,2026-09-25 12:00:00,ACTIVE,BEAR,24.09 09:00,True,True,True,True,1h,,,,ACTIVE,BEAR,24.09 09:00
2026-09-25 12:36:53,btc_signals_log(25.09)_v4.csv,,,,2026-09-25 12:00:00,ACTIVE,BEAR,24.09 09:00,True,True,True,True,1h,,,,ACTIVE,BEAR,24.09 09:00
2026-09-25 13:06:58,btc_signals_log(25.09)_v4.csv,,,,2026-09-25 13:00:00,ACTIVE,BEAR,24.09 09:00,True,True,True,True,1h,,,,ACTIVE,BEAR,24.09 09:00
2026-09-25 13:37:13,btc_signals_log(25.09)_v4.csv,,,,2026-09-25 13:00:00,ACTIVE,BEAR,24.09 09:00,True,True,True,True,1h,,,,ACTIVE,BEAR,24.09 09:00
2026-09-25 14:07:18,btc_signals_log(25.09)_v4.csv,,,,2026-09-25 14:00:00,ACTIVE,BEAR,24.09 09:00,True,True,True,True,1h,,,,ACTIVE,BEAR,24.09 09:00
2026-09-25 14:37:23,btc_signals_log(25.09)_v4.csv,,,,2026-09-25 14:00:00,ACTIVE,BEAR,24.09 09:00,True,True,True,True,1h,,,,ACTIVE,BEAR,24.09 09:00
2026-09-25 15:07:28,btc_signals_log(25.09)_v4.csv,,,,2026-09-25 15:00:00,ACTIVE,BEAR,24.09 09:00,True,True,True,True,1h,,,,ACTIVE,BEAR,24.09 09:00
2026-09-25 15:37:45,btc_signals_log(25.09)_v4.csv,,,,2026-09-25 15:00:00,ACTIVE,BEAR,24.09 09:00,True,True,True,True,1h,,,,ACTIVE,BEAR,24.09 09:00
2026-09-25 16:07:49,btc_signals_log(25.09)_v4.csv,,,,2026-09-25 16:00:00,ACTIVE,BEAR,24.09 09:00,True,True,True,True,1h,,,,ACTIVE,BEAR,24.09 09:00
2026-09-25 16:37:58,btc_signals_log(25.09)_v4.csv,,,,2026-09-25 16:00:00,ACTIVE,BEAR,24.09 09:00,False,False,False,False,1h,,,,NONE,,
2026-09-25 17:38:04,btc_signals_log(25.09)_v4.csv,,,,2026-09-25 17:00:00,ACTIVE,BEAR,24.09 09:00,True,True,True,True,1h,,,,ACTIVE,BEAR,24.09 09:00
2026-09-25 18:08:12,btc_signals_log(25.09)_v4.csv,,,,2026-09-25 18:00:00,ACTIVE,BEAR,24.09 09:00,True,True,True,True,1h,,,,ACTIVE,BEAR,24.09 09:00
2026-09-25 18:38:17,btc_signals_log(25.09)_v4.csv,,,,2026-09-25 18:00:00,ACTIVE,BEAR,24.09 09:00,True,True,True,True,1h,,,,ACTIVE,BEAR,24.09 09:00
2026-09-25 19:08:22,btc_signals_log(25.09)_v4.csv,,,,2026-09-25 19:00:00,ACTIVE,BEAR,24.09 09:00,True,True,True,True,1h,,,,ACTIVE,BEAR,24.09 09:00
2026-09-25 19:38:26,btc_signals_log(25.09)_v4.csv,,,,2026-09-25 19:00:00,ACTIVE,BEAR,24.09 09:00,True,True,True,True,1h,,,,ACTIVE,BEAR,24.09 09:00
2026-09-25 20:09:01,btc_signals_log(25.09)_v4.csv,,,,2026-09-25 20:00:00,ACTIVE,BEAR,24.09 09:00,False,False,False,False,1h,,,,NONE,,
2026-09-25 20:39:05,btc_signals_log(25.09)_v4.csv,,,,2026-09-25 20:00:00,ACTIVE,BEAR,24.09 09:00,True,True,True,True,1h,,,,ACTIVE,BEAR,24.09 09:00
2026-09-25 21:09:10,btc_signals_log(25.09)_v4.csv,,,,2026-09-25 21:00:00,ACTIVE,BEAR,24.09 09:00,True,True,True,True,1h,,,,ACTIVE,BEAR,24.09 09:00
2026-09-25 21:39:15,btc_signals_log(25.09)_v4.csv,,,,2026-09-25 21:00:00,ACTIVE,BEAR,24.09 09:00,True,True,True,True,1h,,,,ACTIVE,BEAR,24.09 09:00
2026-09-25 22:09:20,btc_signals_log(25.09)_v4.csv,,,,2026-09-25 22:00:00,ACTIVE,BEAR,24.09 09:00,True,True,True,True,1h,,,,ACTIVE,BEAR,24.09 09:00
2026-09-25 22:39:24,btc_signals_log(25.09)_v4.csv,,,,2026-09-25 22:00:00,ACTIVE,BEAR,24.09 09:00,True,True,True,True,1h,,,,ACTIVE,BEAR,24.09 09:00
2026-09-25 23:09:29,btc_signals_log(25.09)_v4.csv,,,,2026-09-25 23:00:00,ACTIVE,BEAR,24.09 09:00,True,True,True,True,1h,,,,ACTIVE,BEAR,24.09 09:00
2026-09-25 23:39:34,btc_signals_log(25.09)_v4.csv,,,,2026-09-25 23:00:00,ACTIVE,BEAR,24.09 09:00,True,True,True,True,1h,,,,ACTIVE,BEAR,24.09 09:00
2026-09-26 00:09:39,btc_signals_log(26.09)_v4.csv,,,,2026-09-26 00:00:00,ACTIVE,BEAR,24.09 09:00,True,True,True,True,1h,,,,ACTIVE,BEAR,24.09 09:00
2026-09-26 00:39:44,btc_signals_log(26.09)_v4.csv,,,,2026-09-26 00:00:00,ACTIVE,BEAR,24.09 09:00,True,True,True,True,1h,,,,ACTIVE,BEAR,24.09 09:00
2026-09-26 01:09:48,btc_signals_log(26.09)_v4.csv,,,,2026-09-26 01:00:00,ACTIVE,BEAR,24.09 09:00,True,True,True,True,1h,,,,ACTIVE,BEAR,24.09 09:00
2026-09-26 01:39:52,btc_signals_log(26.09)_v4.csv,,,,2026-09-26 01:00:00,ACTIVE,BEAR,24.09 09:00,True,True,True,True,1h,,,,ACTIVE,BEAR,24.09 09:00
2026-09-26 02:09:57,btc_signals_log(26.09)_v4.csv,,,,2026-09-26 02:00:00,ACTIVE,BEAR,24.09 09:00,True,True,True,True,1h,,,,ACTIVE,BEAR,24.09 09:00
2026-09-26 02:40:02,btc_signals_log(26.09)_v4.csv,,,,2026-09-26 02:00:00,ACTIVE,BEAR,24.09 09:00,True,True,True,True,1h,,,,ACTIVE,BEAR,24.09 09:00
2026-09-26 03:10:25,btc_signals_log(26.09)_v4.csv,,,,2026-09-26 03:00:00,ACTIVE,BEAR,24.09 09:00,True,True,True,True,1h,,,,ACTIVE,BEAR,24.09 09:00
2026-09-26 03:40:35,btc_signals_log(26.09)_v4.csv,,,,2026-09-26 03:00:00,ACTIVE,BEAR,24.09 09:00,True,True,True,True,1h,,,,ACTIVE,BEAR,24.09 09:00
2026-09-26 04:10:40,btc_signals_log(26.09)_v4.csv,,,,2026-09-26 04:00:00,ACTIVE,BEAR,24.09 09:00,True,True,True,True,1h,,,,ACTIVE,BEAR,24.09 09:00
2026-09-26 04:40:44,btc_signals_log(26.09)_v4.csv,,,,2026-09-26 04:00:00,ACTIVE,BEAR,24.09 09:00,True,True,True,True,1h,,,,ACTIVE,BEAR,24.09 09:00
2026-09-26 05:10:49,btc_signals_log(26.09)_v4.csv,,,,2026-09-26 05:00:00,ACTIVE,BEAR,24.09 09:00,True,True,True,True,1h,,,,ACTIVE,BEAR,24.09 09:00
2026-09-26 05:40:53,btc_signals_log(26.09)_v4.csv,,,,2026-09-26 05:00:00,ACTIVE,BEAR,24.09 09:00,True,True,True,True,1h,,,,ACTIVE,BEAR,24.09 09:00
2026-09-26 06:10:58,btc_signals_log(26.09)_v4.csv,,,,2026-09-26 06:00:00,ACTIVE,BEAR,24.09 09:00,True,True,True,True,1h,,,,ACTIVE,BEAR,24.09 09:00
2026-09-26 06:41:03,btc_signals_log(26.09)_v4.csv,,,,2026-09-26 06:00:00,ACTIVE,BEAR,24.09 09:00,True,True,True,True,1h,,,,ACTIVE,BEAR,24.09 09:00
2026-09-26 07:11:07,btc_signals_log(26.09)_v4.csv,,,,2026-09-26 07:00:00,ACTIVE,BEAR,24.09 09:00,True,True,True,True,1h,,,,ACTIVE,BEAR,24.09 09:00
2026-09-26 07:41:12,btc_signals_log(26.09)_v4.csv,,,,2026-09-26 07:00:00,ACTIVE,BEAR,24.09 09:00,True,True,True,True,1h,,,,ACTIVE,BEAR,24.09 09:00
2026-09-26 08:11:22,btc_signals_log(26.09)_v4.csv,,,,2026-09-26 08:00:00,ACTIVE,BEAR,24.09 09:00,True,True,True,True,1h,,,,ACTIVE,BEAR,24.09 09:00
2026-09-26 08:41:27,btc_signals_log(26.09)_v4.csv,,,,2026-09-26 08:00:00,ACTIVE,BEAR,24.09 09:00,True,True,True,True,1h,,,,ACTIVE,BEAR,24.09 09:00
2026-09-26 09:11:37,btc_signals_log(26.09)_v4.csv,,,,2026-09-26 09:00:00,ACTIVE,BEAR,24.09 09:00,True,True,True,True,1h,,,,ACTIVE,BEAR,24.09 09:00
2026-09-26 09:41:42,btc_signals_log(26.09)_v4.csv,,,,2026-09-26 09:00:00,ACTIVE,BEAR,24.09 09:00,True,True,True,True,1h,,,,ACTIVE,BEAR,24.09 09:00
2026-09-26 10:41:55,btc_signals_log(26.09)_v4.csv,,,,2026-09-26 10:00:00,ACTIVE,BEAR,24.09 09:00,True,True,True,True,1h,,,,ACTIVE,BEAR,24.09 09:00
2026-09-26 11:12:00,btc_signals_log(26.09)_v4.csv,,,,2026-09-26 11:00:00,ACTIVE,BEAR,24.09 09:00,True,True,True,True,1h,,,,ACTIVE,BEAR,24.09 09:00
2026-09-26 11:42:05,btc_signals_log(26.09)_v4.csv,,,,2026-09-26 11:00:00,ACTIVE,BEAR,24.09 09:00,True,True,True,True,1h,,,,ACTIVE,BEAR,24.09 09:00
2026-09-26 12:12:10,btc_signals_log(26.09)_v4.csv,,,,2026-09-26 12:00:00,ACTIVE,BEAR,24.09 09:00,True,True,True,True,1h,,,,ACTIVE,BEAR,24.09 09:00
2026-09-26 13:12:16,btc_signals_log(26.09)_v4.csv,,,,2026-09-26 13:00:00,ACTIVE,BEAR,24.09 09:00,True,True,True,True,1h,,,,ACTIVE,BEAR,24.09 09:00
2026-09-26 13:42:20,btc_signals_log(26.09)_v4.csv,,,,2026-09-26 13:00:00,ACTIVE,BEAR,24.09 09:00,True,True,True,True,1h,,,,ACTIVE,BEAR,24.09 09:00
2026-09-26 14:42:38,btc_signals_log(26.09)_v4.csv,,,,2026-09-26 14:00:00,ACTIVE,BEAR,24.09 09:00,True,True,True,True,1h,,,,ACTIVE,BEAR,24.09 09:00
2026-09-26 15:12:43,btc_signals_log(26.09)_v4.csv,,,,2026-09-26 15:00:00,ACTIVE,BEAR,24.09 09:00,True,True,True,True,1h,,,,ACTIVE,BEAR,24.09 09:00
2026-09-26 16:42:57,btc_signals_log(26.09)_v4.csv,,,,2026-09-26 16:00:00,ACTIVE,BEAR,24.09 09:00,True,True,True,True,1h,,,,ACTIVE,BEAR,24.09 09:00
2026-09-26 17:13:03,btc_signals_log(26.09)_v4.csv,,,,2026-09-26 17:00:00,ACTIVE,BEAR,24.09 09:00,True,True,True,True,1h,,,,ACTIVE,BEAR,24.09 09:00
2026-09-26 17:43:09,btc_signals_log(26.09)_v4.csv,,,,2026-09-26 17:00:00,ACTIVE,BEAR,24.09 09:00,True,True,True,True,1h,,,,ACTIVE,BEAR,24.09 09:00
2026-09-26 18:13:14,btc_signals_log(26.09)_v4.csv,,,,2026-09-26 18:00:00,ACTIVE,BEAR,24.09 09:00,True,True,True,True,1h,,,,ACTIVE,BEAR,24.09 09:00
2026-09-26 18:43:25,btc_signals_log(26.09)_v4.csv,,,,2026-09-26 18:00:00,ACTIVE,BEAR,24.09 09:00,True,True,True,True,1h,,,,ACTIVE,BEAR,24.09 09:00
2026-09-26 19:13:30,btc_signals_log(26.09)_v4.csv,,,,2026-09-26 19:00:00,ACTIVE,BEAR,24.09 09:00,True,True,True,True,1h,,,,ACTIVE,BEAR,24.09 09:00
2026-09-26 19:43:36,btc_signals_log(26.09)_v4.csv,,,,2026-09-26 19:00:00,ACTIVE,BEAR,24.09 09:00,True,True,True,True,1h,,,,ACTIVE,BEAR,24.09 09:00
2026-09-26 20:13:41,btc_signals_log(26.09)_v4.csv,,,,2026-09-26 20:00:00,ACTIVE,BEAR,24.09 09:00,True,True,True,True,1h,,,,ACTIVE,BEAR,24.09 09:00
2026-09-26 20:43:47,btc_signals_log(26.09)_v4.csv,,,,2026-09-26 20:00:00,ACTIVE,BEAR,24.09 09:00,True,True,True,True,1h,,,,ACTIVE,BEAR,24.09 09:00
2026-09-26 21:14:00,btc_signals_log(26.09)_v4.csv,,,,2026-09-26 21:00:00,ACTIVE,BEAR,24.09 09:00,True,True,True,True,1h,,,,ACTIVE,BEAR,24.09 09:00
2026-09-26 21:44:05,btc_signals_log(26.09)_v4.csv,,,,2026-09-26 21:00:00,ACTIVE,BEAR,24.09 09:00,True,True,True,True,1h,,,,ACTIVE,BEAR,24.09 09:00
2026-09-26 22:14:10,btc_signals_log(26.09)_v4.csv,,,,2026-09-26 22:00:00,ACTIVE,BEAR,24.09 09:00,True,True,True,True,1h,,,,ACTIVE,BEAR,24.09 09:00
2026-09-26 22:44:14,btc_signals_log(26.09)_v4.csv,,,,2026-09-26 22:00:00,ACTIVE,BEAR,24.09 09:00,False,False,False,False,1h,,,,NONE,,
2026-09-26 23:14:18,btc_signals_log(26.09)_v4.csv,,,,2026-09-26 23:00:00,ENDED,BEAR,24.09 09:00,True,True,True,True,1h,,,,ENDED,BEAR,24.09 09:00
2026-09-27 00:14:23,btc_signals_log(27.09)_v4.csv,,,,2026-09-27 00:00:00,ENDED,BEAR,24.09 09:00,True,True,True,True,1h,,,,ENDED,BEAR,24.09 09:00
2026-09-27 01:14:35,btc_signals_log(27.09)_v4.csv,,,,2026-09-27 01:00:00,ENDED,BEAR,24.09 09:00,True,True,True,True,1h,,,,ENDED,BEAR,24.09 09:00
2026-09-27 01:44:40,btc_signals_log(27.09)_v4.csv,,,,2026-09-27 01:00:00,ENDED,BEAR,24.09 09:00,True,True,True,True,1h,,,,ENDED,BEAR,24.09 09:00
2026-09-27 02:14:50,btc_signals_log(27.09)_v4.csv,,,,2026-09-27 02:00:00,ENDED,BEAR,24.09 09:00,True,True,True,True,1h,,,,ENDED,BEAR,24.09 09:00
2026-09-27 02:44:54,btc_signals_log(27.09)_v4.csv,,,,2026-09-27 02:00:00,ENDED,BEAR,24.09 09:00,True,True,True,True,1h,,,,ENDED,BEAR,24.09 09:00
2026-09-27 03:14:59,btc_signals_log(27.09)_v4.csv,,,,2026-09-27 03:00:00,ENDED,BEAR,24.09 09:00,True,True,True,True,1h,,,,ENDED,BEAR,24.09 09:00
2026-09-27 03:45:06,btc_signals_log(27.09)_v4.csv,,,,2026-09-27 03:00:00,ENDED,BEAR,24.09 09:00,True,True,True,True,1h,,,,ENDED,BEAR,24.09 09:00
2026-09-27 04:45:11,btc_signals_log(27.09)_v4.csv,,,,2026-09-27 04:00:00,ENDED,BEAR,24.09 09:00,True,True,True,True,1h,,,,ENDED,BEAR,24.09 09:00
2026-09-27 05:15:16,btc_signals_log(27.09)_v4.csv,,,,2026-09-27 05:00:00,ENDED,BEAR,24.09 09:00,True,True,True,True,1h,,,,ENDED,BEAR,24.09 09:00
2026-09-27 06:15:21,btc_signals_log(27.09)_v4.csv,,,,2026-09-27 06:00:00,ENDED,BEAR,24.09 09:00,False,False,False,False,1h,,,,NONE,,
2026-09-27 06:45:25,btc_signals_log(27.09)_v4.csv,,,,2026-09-27 06:00:00,ENDED,BEAR,24.09 09:00,True,True,True,True,1h,,,,ENDED,BEAR,24.09 09:00
2026-09-27 07:15:30,btc_signals_log(27.09)_v4.csv,,,,2026-09-27 07:00:00,ENDED,BEAR,24.09 09:00,True,True,True,True,1h,,,,ENDED,BEAR,24.09 09:00
2026-09-27 07:45:36,btc_signals_log(27.09)_v4.csv,,,,2026-09-27 07:00:00,ENDED,BEAR,24.09 09:00,True,True,True,True,1h,,,,ENDED,BEAR,24.09 09:00
2026-09-27 08:15:42,btc_signals_log(27.09)_v4.csv,,,,2026-09-27 08:00:00,ENDED,BEAR,24.09 09:00,True,True,True,True,1h,,,,ENDED,BEAR,24.09 09:00
2026-09-27 08:45:48,btc_signals_log(27.09)_v4.csv,,,,2026-09-27 08:00:00,ENDED,BEAR,24.09 09:00,True,True,True,True,1h,,,,ENDED,BEAR,24.09 09:00
2026-09-27 11:31:34,btc_signals_log(27.09)_v4.csv,,,,2026-09-27 11:00:00,ENDED,BEAR,24.09 09:00,True,True,True,True,1h,,,,ENDED,BEAR,24.09 09:00
2026-09-27 12:55:58,btc_signals_log(27.09)_v4.csv,,,,2026-09-27 12:00:00,ENDED,BEAR,24.09 09:00,True,True,True,True,1h,,,,ENDED,BEAR,24.09 09:00
2026-09-27 13:26:03,btc_signals_log(27.09)_v4.csv,,,,2026-09-27 13:00:00,ENDED,BEAR,24.09 09:00,False,False,False,False,1h,,,,NONE,,
2026-09-27 13:56:10,btc_signals_log(27.09)_v4.csv,,,,2026-09-27 13:00:00,ENDED,BEAR,24.09 09:00,True,True,True,True,1h,,,,ENDED,BEAR,24.09 09:00
2026-09-27 15:26:30,btc_signals_log(27.09)_v4.csv,,,,2026-09-27 15:00:00,ENDED,BEAR,24.09 09:00,False,False,False,False,1h,,,,NONE,,
2026-09-27 15:56:46,btc_signals_log(27.09)_v4.csv,,,,2026-09-27 15:00:00,ENDED,BEAR,24.09 09:00,True,True,True,True,1h,,,,ENDED,BEAR,24.09 09:00
2026-09-27 16:57:28,btc_signals_log(27.09)_v4.csv,,,,2026-09-27 16:00:00,ENDED,BEAR,24.09 09:00,True,True,True,True,1h,,,,ENDED,BEAR,24.09 09:00
2026-09-27 17:27:33,btc_signals_log(27.09)_v4.csv,,,,2026-09-27 17:00:00,ENDED,BEAR,24.09 09:00,True,True,True,True,1h,,,,ENDED,BEAR,24.09 09:00
2026-09-27 17:57:49,btc_signals_log(27.09)_v4.csv,,,,2026-09-27 17:00:00,ENDED,BEAR,24.09 09:00,True,True,True,True,1h,,,,ENDED,BEAR,24.09 09:00
2026-09-27 18:28:05,btc_signals_log(27.09)_v4.csv,,,,2026-09-27 18:00:00,ENDED,BEAR,24.09 09:00,True,True,True,True,1h,,,,ENDED,BEAR,24.09 09:00
2026-09-27 18:58:11,btc_signals_log(27.09)_v4.csv,,,,2026-09-27 18:00:00,ENDED,BEAR,24.09 09:00,True,True,True,True,1h,,,,ENDED,BEAR,24.09 09:00
2026-09-27 19:28:19,btc_signals_log(27.09)_v4.csv,,,,2026-09-27 19:00:00,ENDED,BEAR,24.09 09:00,True,True,True,True,1h,,,,ENDED,BEAR,24.09 09:00
2026-09-27 19:58:34,btc_signals_log(27.09)_v4.csv,,,,2026-09-27 19:00:00,ENDED,BEAR,24.09 09:00,True,True,True,True,1h,,,,ENDED,BEAR,24.09 09:00
2026-09-27 21:23:04,btc_signals_log(27.09)_v4.csv,,,,2026-09-27 21:00:00,ENDED,BEAR,24.09 09:00,True,True,True,True,1h,,,,ENDED,BEAR,24.09 09:00
2026-09-27 21:53:10,btc_signals_log(27.09)_v4.csv,,,,2026-09-27 21:00:00,ENDED,BEAR,24.09 09:00,True,True,True,True,1h,,,,ENDED,BEAR,24.09 09:00
2026-09-27 22:23:17,btc_signals_log(27.09)_v4.csv,,,,2026-09-27 22:00:00,ENDED,BEAR,24.09 09:00,True,True,True,True,1h,,,,ENDED,BEAR,24.09 09:00
2026-09-27 22:53:28,btc_signals_log(27.09)_v4.csv,,,,2026-09-27 22:00:00,ENDED,BEAR,24.09 09:00,True,True,True,True,1h,,,,ENDED,BEAR,24.09 09:00
2026-09-27 23:23:34,btc_signals_log(27.09)_v4.csv,,,,2026-09-27 23:00:00,ENDED,BEAR,24.09 09:00,True,True,True,True,1h,,,,ENDED,BEAR,24.09 09:00
2026-09-28 00:23:40,btc_signals_log(28.09)_v4.csv,,,,2026-09-28 00:00:00,ENDED,BEAR,24.09 09:00,True,True,True,True,1h,,,,ENDED,BEAR,24.09 09:00
2026-09-28 00:53:45,btc_signals_log(28.09)_v4.csv,,,,2026-09-28 00:00:00,ENDED,BEAR,24.09 09:00,True,True,True,True,1h,,,,ENDED,BEAR,24.09 09:00
2026-09-28 01:23:51,btc_signals_log(28.09)_v4.csv,,,,2026-09-28 01:00:00,ENDED,BEAR,24.09 09:00,True,True,True,True,1h,,,,ENDED,BEAR,24.09 09:00
2026-09-28 01:53:56,btc_signals_log(28.09)_v4.csv,,,,2026-09-28 01:00:00,ENDED,BEAR,24.09 09:00,True,True,True,True,1h,,,,ENDED,BEAR,24.09 09:00
2026-09-28 02:24:01,btc_signals_log(28.09)_v4.csv,,,,2026-09-28 02:00:00,ACTIVE,BEAR,28.09 01:00,True,True,True,True,1h,,,,ACTIVE,BEAR,28.09 01:00
2026-09-28 02:54:06,btc_signals_log(28.09)_v4.csv,,,,2026-09-28 02:00:00,ACTIVE,BEAR,28.09 01:00,True,True,True,True,1h,,,,ACTIVE,BEAR,28.09 01:00
2026-09-28 03:24:11,btc_signals_log(28.09)_v4.csv,,,,2026-09-28 03:00:00,ACTIVE,BEAR,28.09 01:00,True,True,True,True,1h,,,,ACTIVE,BEAR,28.09 01:00
2026-09-28 04:24:16,btc_signals_log(28.09)_v4.csv,,,,2026-09-28 04:00:00,ACTIVE,BEAR,28.09 01:00,True,True,True,True,1h,,,,ACTIVE,BEAR,28.09 01:00
2026-09-28 04:54:21,btc_signals_log(28.09)_v4.csv,,,,2026-09-28 04:00:00,ACTIVE,BEAR,28.09 01:00,True,True,True,True,1h,,,,ACTIVE,BEAR,28.09 01:00
2026-09-28 05:24:26,btc_signals_log(28.09)_v4.csv,,,,2026-09-28 05:00:00,ACTIVE,BEAR,28.09 01:00,True,True,True,True,1h,,,,ACTIVE,BEAR,28.09 01:00
2026-09-28 05:54:31,btc_signals_log(28.09)_v4.csv,,,,2026-09-28 05:00:00,ACTIVE,BEAR,28.09 01:00,True,True,True,True,1h,,,,ACTIVE,BEAR,28.09 01:00
2026-09-28 06:24:36,btc_signals_log(28.09)_v4.csv,,,,2026-09-28 06:00:00,ACTIVE,BEAR,28.09 01:00,True,True,True,True,1h,,,,ACTIVE,BEAR,28.09 01:00
2026-09-28 06:54:41,btc_signals_log(28.09)_v4.csv,,,,2026-09-28 06:00:00,ACTIVE,BEAR,28.09 01:00,True,True,True,True,1h,,,,ACTIVE,BEAR,28.09 01:00
2026-09-28 07:24:46,btc_signals_log(28.09)_v4.csv,,,,2026-09-28 07:00:00,ACTIVE,BEAR,28.09 01:00,True,True,True,True,1h,,,,ACTIVE,BEAR,28.09 01:00
2026-09-28 07:54:53,btc_signals_log(28.09)_v4.csv,,,,2026-09-28 07:00:00,ACTIVE,BEAR,28.09 01:00,True,True,True,True,1h,,,,ACTIVE,BEAR,28.09 01:00
2026-09-28 08:24:59,btc_signals_log(28.09)_v4.csv,,,,2026-09-28 08:00:00,ACTIVE,BEAR,28.09 01:00,True,True,True,True,1h,,,,ACTIVE,BEAR,28.09 01:00
2026-09-28 08:55:07,btc_signals_log(28.09)_v4.csv,,,,2026-09-28 08:00:00,ACTIVE,BEAR,28.09 01:00,True,True,True,True,1h,,,,ACTIVE,BEAR,28.09 01:00
2026-09-28 09:25:50,btc_signals_log(28.09)_v4.csv,,,,2026-09-28 09:00:00,ACTIVE,BEAR,28.09 01:00,False,False,False,False,1h,,,,NONE,,
2026-09-28 09:55:56,btc_signals_log(28.09)_v4.csv,,,,2026-09-28 09:00:00,ACTIVE,BEAR,28.09 01:00,True,True,True,True,1h,,,,ACTIVE,BEAR,28.09 01:00
2026-09-28 10:26:02,btc_signals_log(28.09)_v4.csv,,,,2026-09-28 10:00:00,ACTIVE,BEAR,28.09 01:00,True,True,True,True,1h,,,,ACTIVE,BEAR,28.09 01:00
2026-09-28 11:26:15,btc_signals_log(28.09)_v4.csv,,,,2026-09-28 11:00:00,ACTIVE,BEAR,28.09 01:00,True,True,True,True,1h,,,,ACTIVE,BEAR,28.09 01:00
2026-09-28 11:56:20,btc_signals_log(28.09)_v4.csv,,,,2026-09-28 11:00:00,ACTIVE,BEAR,28.09 01:00,True,True,True,True,1h,,,,ACTIVE,BEAR,28.09 01:00
2026-09-28 12:26:26,btc_signals_log(28.09)_v4.csv,,,,2026-09-28 12:00:00,ACTIVE,BEAR,28.09 01:00,True,True,True,True,1h,,,,ACTIVE,BEAR,28.09 01:00
2026-09-28 13:57:58,btc_signals_log(28.09)_v4.csv,,,,2026-09-28 13:00:00,ACTIVE,BEAR,28.09 01:00,True,True,True,True,1h,,,,ACTIVE,BEAR,28.09 01:00
2026-09-28 14:28:16,btc_signals_log(28.09)_v4.csv,,,,2026-09-28 14:00:00,ACTIVE,BEAR,28.09 01:00,True,True,True,True,1h,,,,ACTIVE,BEAR,28.09 01:00
2026-09-28 14:58:24,btc_signals_log(28.09)_v4.csv,,,,2026-09-28 14:00:00,ACTIVE,BEAR,28.09 01:00,False,False,False,False,1h,,,,NONE,,
2026-09-28 15:28:32,btc_signals_log(28.09)_v4.csv,,,,2026-09-28 15:00:00,ACTIVE,BEAR,28.09 01:00,True,True,True,True,1h,,,,ACTIVE,BEAR,28.09 01:00
2026-09-28 15:58:38,btc_signals_log(28.09)_v4.csv,,,,2026-09-28 15:00:00,ACTIVE,BEAR,28.09 01:00,True,True,True,True,1h,,,,ACTIVE,BEAR,28.09 01:00
2026-09-28 16:28:47,btc_signals_log(28.09)_v4.csv,,,,2026-09-28 16:00:00,ACTIVE,BEAR,28.09 01:00,False,False,False,False,1h,,,,NONE,,
2026-09-28 17:29:01,btc_signals_log(28.09)_v4.csv,,,,2026-09-28 17:00:00,ACTIVE,BEAR,28.09 01:00,True,True,True,True,1h,,,,ACTIVE,BEAR,28.09 01:00
2026-09-28 17:59:12,btc_signals_log(28.09)_v4.csv,,,,2026-09-28 17:00:00,ACTIVE,BEAR,28.09 01:00,True,True,True,True,1h,,,,ACTIVE,BEAR,28.09 01:00
2026-09-28 18:29:31,btc_signals_log(28.09)_v4.csv,,,,2026-09-28 18:00:00,ACTIVE,BEAR,28.09 01:00,True,True,True,True,1h,,,,ACTIVE,BEAR,28.09 01:00
2026-09-28 18:59:48,btc_signals_log(28.09)_v4.csv,,,,2026-09-28 18:00:00,ACTIVE,BEAR,28.09 01:00,True,True,True,True,1h,,,,ACTIVE,BEAR,28.09 01:00
2026-09-28 19:29:54,btc_signals_log(28.09)_v4.csv,,,,2026-09-28 19:00:00,ENDED,BEAR,28.09 01:00,True,True,True,True,1h,,,,ENDED,BEAR,28.09 01:00
2026-09-28 20:30:14,btc_signals_log(28.09)_v4.csv,,,,2026-09-28 20:00:00,ENDED,BEAR,28.09 01:00,True,True,True,True,1h,,,,ENDED,BEAR,28.09 01:00
2026-09-28 21:00:21,btc_signals_log(28.09)_v4.csv,,,,2026-09-28 21:00:00,ENDED,BEAR,28.09 01:00,True,True,True,True,1h,,,,ENDED,BEAR,28.09 01:00
2026-09-28 21:30:27,btc_signals_log(28.09)_v4.csv,,,,2026-09-28 21:00:00,ENDED,BEAR,28.09 01:00,True,True,True,True,1h,,,,ENDED,BEAR,28.09 01:00
2026-09-28 22:00:42,btc_signals_log(28.09)_v4.csv,,,,2026-09-28 22:00:00,ENDED,BEAR,28.09 01:00,True,True,True,True,1h,,,,ENDED,BEAR,28.09 01:00
2026-09-28 22:30:48,btc_signals_log(28.09)_v4.csv,,,,2026-09-28 22:00:00,ENDED,BEAR,28.09 01:00,True,True,True,True,1h,,,,ENDED,BEAR,28.09 01:00
2026-09-28 23:00:55,btc_signals_log(28.09)_v4.csv,,,,2026-09-28 23:00:00,ENDED,BEAR,28.09 01:00,True,True,True,True,1h,,,,ENDED,BEAR,28.09 01:00
2026-09-28 23:31:01,btc_signals_log(28.09)_v4.csv,,,,2026-09-28 23:00:00,ENDED,BEAR,28.09 01:00,True,True,True,True,1h,,,,ENDED,BEAR,28.09 01:00
2026-09-29 00:01:06,btc_signals_log(29.09)_v4.csv,,,,2026-09-29 00:00:00,ENDED,BEAR,28.09 01:00,True,True,True,True,1h,,,,ENDED,BEAR,28.09 01:00
2026-09-29 00:31:11,btc_signals_log(29.09)_v4.csv,,,,2026-09-29 00:00:00,ENDED,BEAR,28.09 01:00,True,True,True,True,1h,,,,ENDED,BEAR,28.09 01:00
2026-09-29 01:01:17,btc_signals_log(29.09)_v4.csv,,,,2026-09-29 01:00:00,ENDED,BEAR,28.09 01:00,True,True,True,True,1h,,,,ENDED,BEAR,28.09 01:00
2026-09-29 01:31:22,btc_signals_log(29.09)_v4.csv,,,,2026-09-29 01:00:00,ENDED,BEAR,28.09 01:00,True,True,True,True,1h,,,,ENDED,BEAR,28.09 01:00
2026-09-29 02:01:28,btc_signals_log(29.09)_v4.csv,,,,2026-09-29 02:00:00,ENDED,BEAR,28.09 01:00,True,True,True,True,1h,,,,ENDED,BEAR,28.09 01:00
2026-09-29 02:31:33,btc_signals_log(29.09)_v4.csv,,,,2026-09-29 02:00:00,ENDED,BEAR,28.09 01:00,True,True,True,True,1h,,,,ENDED,BEAR,28.09 01:00
2026-09-29 03:01:39,btc_signals_log(29.09)_v4.csv,,,,2026-09-29 03:00:00,ENDED,BEAR,28.09 01:00,True,True,True,True,1h,,,,ENDED,BEAR,28.09 01:00
2026-09-29 03:31:49,btc_signals_log(29.09)_v4.csv,,,,2026-09-29 03:00:00,ENDED,BEAR,28.09 01:00,False,False,False,False,1h,,,,NONE,,
2026-09-29 04:01:55,btc_signals_log(29.09)_v4.csv,,,,2026-09-29 04:00:00,ENDED,BEAR,28.09 01:00,True,True,True,True,1h,,,,ENDED,BEAR,28.09 01:00
2026-09-29 04:32:02,btc_signals_log(29.09)_v4.csv,,,,2026-09-29 04:00:00,ENDED,BEAR,28.09 01:00,True,True,True,True,1h,,,,ENDED,BEAR,28.09 01:00
2026-09-29 05:02:08,btc_signals_log(29.09)_v4.csv,,,,2026-09-29 05:00:00,ENDED,BEAR,28.09 01:00,True,True,True,True,1h,,,,ENDED,BEAR,28.09 01:00
2026-09-29 07:45:43,btc_signals_log(29.09)_v4.csv,,,,2026-09-29 07:00:00,ENDED,BEAR,28.09 01:00,True,True,True,True,1h,,,,ENDED,BEAR,28.09 01:00
2026-09-29 08:15:49,btc_signals_log(29.09)_v4.csv,,,,2026-09-29 08:00:00,ENDED,BEAR,28.09 01:00,False,False,False,False,1h,,,,NONE,,
2026-09-29 08:45:55,btc_signals_log(29.09)_v4.csv,,,,2026-09-29 08:00:00,ENDED,BEAR,28.09 01:00,True,True,True,True,1h,,,,ENDED,BEAR,28.09 01:00
2026-09-29 09:16:00,btc_signals_log(29.09)_v4.csv,,,,2026-09-29 09:00:00,ENDED,BEAR,28.09 01:00,False,False,False,False,1h,,,,NONE,,
2026-09-29 10:16:08,btc_signals_log(29.09)_v4.csv,,,,2026-09-29 10:00:00,ENDED,BEAR,28.09 01:00,True,True,True,True,1h,,,,ENDED,BEAR,28.09 01:00
2026-09-29 10:46:13,btc_signals_log(29.09)_v4.csv,,,,2026-09-29 10:00:00,ENDED,BEAR,28.09 01:00,True,True,True,True,1h,,,,ENDED,BEAR,28.09 01:00
2026-09-29 11:16:25,btc_signals_log(29.09)_v4.csv,,,,2026-09-29 11:00:00,ENDED,BEAR,28.09 01:00,True,True,True,True,1h,,,,ENDED,BEAR,28.09 01:00
2026-09-29 11:46:41,btc_signals_log(29.09)_v4.csv,,,,2026-09-29 11:00:00,ENDED,BEAR,28.09 01:00,True,True,True,True,1h,,,,ENDED,BEAR,28.09 01:00
2026-09-29 12:16:53,btc_signals_log(29.09)_v4.csv,,,,2026-09-29 12:00:00,ENDED,BEAR,28.09 01:00,True,True,True,True,1h,,,,ENDED,BEAR,28.09 01:00
2026-09-29 12:47:05,btc_signals_log(29.09)_v4.csv,,,,2026-09-29 12:00:00,ENDED,BEAR,28.09 01:00,True,True,True,True,1h,,,,ENDED,BEAR,28.09 01:00
2026-09-29 13:17:16,btc_signals_log(29.09)_v4.csv,,,,2026-09-29 13:00:00,ENDED,BEAR,28.09 01:00,True,True,True,True,1h,,,,ENDED,BEAR,28.09 01:00
2026-09-29 13:47:38,btc_signals_log(29.09)_v4.csv,,,,2026-09-29 13:00:00,ENDED,BEAR,28.09 01:00,True,True,True,True,1h,,,,ENDED,BEAR,28.09 01:00
2026-09-29 14:47:45,btc_signals_log(29.09)_v4.csv,,,,2026-09-29 14:00:00,ENDED,BEAR,28.09 01:00,True,True,True,True,1h,,,,ENDED,BEAR,28.09 01:00
2026-09-29 15:17:53,btc_signals_log(29.09)_v4.csv,,,,2026-09-29 15:00:00,ENDED,BEAR,28.09 01:00,True,True,True,True,1h,,,,ENDED,BEAR,28.09 01:00
2026-09-29 15:48:00,btc_signals_log(29.09)_v4.csv,,,,2026-09-29 15:00:00,ENDED,BEAR,28.09 01:00,True,True,True,True,1h,,,,ENDED,BEAR,28.09 01:00
2026-09-29 16:18:09,btc_signals_log(29.09)_v4.csv,,,,2026-09-29 16:00:00,ENDED,BEAR,28.09 01:00,True,True,True,True,1h,,,,ENDED,BEAR,28.09 01:00
2026-09-29 16:48:26,btc_signals_log(29.09)_v4.csv,,,,2026-09-29 16:00:00,ENDED,BEAR,28.09 01:00,True,True,True,True,1h,,,,ENDED,BEAR,28.09 01:00
2026-09-29 17:18:31,btc_signals_log(29.09)_v4.csv,,,,2026-09-29 17:00:00,ENDED,BEAR,28.09 01:00,True,True,True,True,1h,,,,ENDED,BEAR,28.09 01:00
2026-09-29 17:48:37,btc_signals_log(29.09)_v4.csv,,,,2026-09-29 17:00:00,ENDED,BEAR,28.09 01:00,True,True,True,True,1h,,,,ENDED,BEAR,28.09 01:00
2026-09-29 18:18:43,btc_signals_log(29.09)_v4.csv,,,,2026-09-29 18:00:00,ENDED,BEAR,28.09 01:00,True,True,True,True,1h,,,,ENDED,BEAR,28.09 01:00
2026-09-29 18:48:57,btc_signals_log(29.09)_v4.csv,,,,2026-09-29 18:00:00,ENDED,BEAR,28.09 01:00,True,True,True,True,1h,,,,ENDED,BEAR,28.09 01:00
2026-09-29 19:19:08,btc_signals_log(29.09)_v4.csv,,,,2026-09-29 19:00:00,ENDED,BEAR,28.09 01:00,True,True,True,True,1h,,,,ENDED,BEAR,28.09 01:00
2026-09-29 19:49:15,btc_signals_log(29.09)_v4.csv,,,,2026-09-29 19:00:00,ENDED,BEAR,28.09 01:00,True,True,True,True,1h,,,,ENDED,BEAR,28.09 01:00
2026-09-29 20:19:22,btc_signals_log(29.09)_v4.csv,,,,2026-09-29 20:00:00,ENDED,BEAR,28.09 01:00,True,True,True,True,1h,,,,ENDED,BEAR,28.09 01:00
2026-09-29 20:49:28,btc_signals_log(29.09)_v4.csv,,,,2026-09-29 20:00:00,ENDED,BEAR,28.09 01:00,True,True,True,True,1h,,,,ENDED,BEAR,28.09 01:00
2026-09-29 21:19:34,btc_signals_log(29.09)_v4.csv,,,,2026-09-29 21:00:00,ENDED,BEAR,28.09 01:00,False,False,False,False,1h,,,,NONE,,
2026-09-29 21:49:40,btc_signals_log(29.09)_v4.csv,,,,2026-09-29 21:00:00,ENDED,BEAR,28.09 01:00,True,True,True,True,1h,,,,ENDED,BEAR,28.09 01:00
2026-09-29 22:19:46,btc_signals_log(29.09)_v4.csv,,,,2026-09-29 22:00:00,ENDED,BEAR,28.09 01:00,True,True,True,True,1h,,,,ENDED,BEAR,28.09 01:00
2026-09-29 22:49:51,btc_signals_log(29.09)_v4.csv,,,,2026-09-29 22:00:00,ENDED,BEAR,28.09 01:00,True,True,True,True,1h,,,,ENDED,BEAR,28.09 01:00
2026-09-29 23:19:57,btc_signals_log(29.09)_v4.csv,,,,2026-09-29 23:00:00,ENDED,BEAR,28.09 01:00,True,True,True,True,1h,,,,ENDED,BEAR,28.09 01:00
2026-09-30 00:20:05,btc_signals_log(30.09)_v4.csv,,,,2026-09-30 00:00:00,ENDED,BEAR,28.09 01:00,True,True,True,True,1h,,,,ENDED,BEAR,28.09 01:00
2026-09-30 00:50:10,btc_signals_log(30.09)_v4.csv,,,,2026-09-30 00:00:00,ENDED,BEAR,28.09 01:00,True,True,True,True,1h,,,,ENDED,BEAR,28.09 01:00
2026-09-30 01:50:17,btc_signals_log(30.09)_v4.csv,,,,2026-09-30 01:00:00,ENDED,BEAR,28.09 01:00,True,True,True,True,1h,,,,ENDED,BEAR,28.09 01:00
2026-09-30 02:20:22,btc_signals_log(30.09)_v4.csv,,,,2026-09-30 02:00:00,ENDED,BEAR,28.09 01:00,True,True,True,True,1h,,,,ENDED,BEAR,28.09 01:00
2026-09-30 02:50:27,btc_signals_log(30.09)_v4.csv,,,,2026-09-30 02:00:00,ENDED,BEAR,28.09 01:00,True,True,True,True,1h,,,,ENDED,BEAR,28.09 01:00
2026-09-30 03:20:33,btc_signals_log(30.09)_v4.csv,,,,2026-09-30 03:00:00,ENDED,BEAR,28.09 01:00,True,True,True,True,1h,,,,ENDED,BEAR,28.09 01:00
2026-09-30 03:50:37,btc_signals_log(30.09)_v4.csv,,,,2026-09-30 03:00:00,ENDED,BEAR,28.09 01:00,False,False,False,False,1h,,,,NONE,,
2026-09-30 04:20:42,btc_signals_log(30.09)_v4.csv,,,,2026-09-30 04:00:00,ENDED,BEAR,28.09 01:00,True,True,True,True,1h,,,,ENDED,BEAR,28.09 01:00
2026-09-30 05:20:56,btc_signals_log(30.09)_v4.csv,,,,2026-09-30 05:00:00,ENDED,BEAR,28.09 01:00,True,True,True,True,1h,,,,ENDED,BEAR,28.09 01:00
2026-09-30 06:21:15,btc_signals_log(30.09)_v4.csv,,,,2026-09-30 06:00:00,ENDED,BEAR,28.09 01:00,True,True,True,True,1h,,,,ENDED,BEAR,28.09 01:00
2026-09-30 06:51:29,btc_signals_log(30.09)_v4.csv,,,,2026-09-30 06:00:00,ENDED,BEAR,28.09 01:00,True,True,True,True,1h,,,,ENDED,BEAR,28.09 01:00
2026-09-30 07:51:54,btc_signals_log(30.09)_v4.csv,,,,2026-09-30 07:00:00,ENDED,BEAR,28.09 01:00,True,True,True,True,1h,,,,ENDED,BEAR,28.09 01:00
2026-09-30 08:22:31,btc_signals_log(30.09)_v4.csv,,,,2026-09-30 08:00:00,ENDED,BEAR,28.09 01:00,True,True,True,True,1h,,,,ENDED,BEAR,28.09 01:00
2026-09-30 08:53:09,btc_signals_log(30.09)_v4.csv,,,,2026-09-30 08:00:00,ENDED,BEAR,28.09 01:00,True,True,True,True,1h,,,,ENDED,BEAR,28.09 01:00
2026-09-30 09:23:48,btc_signals_log(30.09)_v4.csv,,,,2026-09-30 09:00:00,ENDED,BEAR,28.09 01:00,True,True,True,True,1h,,,,ENDED,BEAR,28.09 01:00
2026-09-30 09:54:25,btc_signals_log(30.09)_v4.csv,,,,2026-09-30 09:00:00,ENDED,BEAR,28.09 01:00,True,True,True,True,1h,,,,ENDED,BEAR,28.09 01:00
2026-09-30 10:25:19,btc_signals_log(30.09)_v4.csv,,,,2026-09-30 10:00:00,ENDED,BEAR,28.09 01:00,True,True,True,True,1h,,,,ENDED,BEAR,28.09 01:00
2026-09-30 10:55:30,btc_signals_log(30.09)_v4.csv,,,,2026-09-30 10:00:00,ENDED,BEAR,28.09 01:00,True,True,True,True,1h,,,,ENDED,BEAR,28.09 01:00
2026-09-30 11:25:36,btc_signals_log(30.09)_v4.csv,,,,2026-09-30 11:00:00,ENDED,BEAR,28.09 01:00,True,True,True,True,1h,,,,ENDED,BEAR,28.09 01:00
2026-09-30 11:55:48,btc_signals_log(30.09)_v4.csv,,,,2026-09-30 11:00:00,ENDED,BEAR,28.09 01:00,True,True,True,True,1h,,,,ENDED,BEAR,28.09 01:00
2026-09-30 12:56:25,btc_signals_log(30.09)_v4.csv,,,,2026-09-30 12:00:00,ENDED,BEAR,28.09 01:00,True,True,True,True,1h,,,,ENDED,BEAR,28.09 01:00
2026-09-30 13:26:31,btc_signals_log(30.09)_v4.csv,,,,2026-09-30 13:00:00,ACTIVE,BULL,30.09 12:00,True,True,True,True,1h,,,,ACTIVE,BULL,30.09 12:00
2026-09-30 13:56:42,btc_signals_log(30.09)_v4.csv,,,,2026-09-30 13:00:00,ACTIVE,BULL,30.09 12:00,True,True,True,True,1h,,,,ACTIVE,BULL,30.09 12:00
2026-09-30 14:26:47,btc_signals_log(30.09)_v4.csv,,,,2026-09-30 14:00:00,ACTIVE,BULL,30.09 12:00,True,True,True,True,1h,,,,ACTIVE,BULL,30.09 12:00
2026-09-30 14:57:18,btc_signals_log(30.09)_v4.csv,,,,2026-09-30 14:00:00,ACTIVE,BULL,30.09 12:00,True,True,True,True,1h,,,,ACTIVE,BULL,30.09 12:00
2026-09-30 15:27:37,btc_signals_log(30.09)_v4.csv,,,,2026-09-30 15:00:00,ACTIVE,BULL,30.09 12:00,True,True,True,True,1h,,,,ACTIVE,BULL,30.09 12:00
2026-09-30 16:27:44,btc_signals_log(30.09)_v4.csv,,,,2026-09-30 16:00:00,ACTIVE,BULL,30.09 12:00,True,True,True,True,1h,,,,ACTIVE,BULL,30.09 12:00
2026-09-30 16:57:51,btc_signals_log(30.09)_v4.csv,,,,2026-09-30 16:00:00,ACTIVE,BULL,30.09 12:00,True,True,True,True,1h,,,,ACTIVE,BULL,30.09 12:00
2026-09-30 17:27:58,btc_signals_log(30.09)_v4.csv,,,,2026-09-30 17:00:00,ACTIVE,BULL,30.09 12:00,True,True,True,True,1h,,,,ACTIVE,BULL,30.09 12:00
2026-09-30 17:58:04,btc_signals_log(30.09)_v4.csv,,,,2026-09-30 17:00:00,ACTIVE,BULL,30.09 12:00,True,True,True,True,1h,,,,ACTIVE,BULL,30.09 12:00
2026-09-30 18:58:11,btc_signals_log(30.09)_v4.csv,,,,2026-09-30 18:00:00,ACTIVE,BULL,30.09 12:00,True,True,True,True,1h,,,,ACTIVE,BULL,30.09 12:00
2026-09-30 19:28:16,btc_signals_log(30.09)_v4.csv,,,,2026-09-30 19:00:00,ACTIVE,BULL,30.09 12:00,True,True,True,True,1h,,,,ACTIVE,BULL,30.09 12:00
2026-09-30 19:58:23,btc_signals_log(30.09)_v4.csv,,,,2026-09-30 19:00:00,ACTIVE,BULL,30.09 12:00,True,True,True,True,1h,,,,ACTIVE,BULL,30.09 12:00
2026-09-30 20:28:29,btc_signals_log(30.09)_v4.csv,,,,2026-09-30 20:00:00,ACTIVE,BULL,30.09 12:00,True,True,True,True,1h,,,,ACTIVE,BULL,30.09 12:00
2026-09-30 20:58:34,btc_signals_log(30.09)_v4.csv,,,,2026-09-30 20:00:00,ACTIVE,BULL,30.09 12:00,False,False,False,False,1h,,,,NONE,,
2026-09-30 21:28:41,btc_signals_log(30.09)_v4.csv,,,,2026-09-30 21:00:00,ACTIVE,BULL,30.09 12:00,True,True,True,True,1h,,,,ACTIVE,BULL,30.09 12:00
2026-09-30 21:58:51,btc_signals_log(30.09)_v4.csv,,,,2026-09-30 21:00:00,ACTIVE,BULL,30.09 12:00,True,True,True,True,1h,,,,ACTIVE,BULL,30.09 12:00
2026-09-30 22:28:57,btc_signals_log(30.09)_v4.csv,,,,2026-09-30 22:00:00,ACTIVE,BULL,30.09 12:00,True,True,True,True,1h,,,,ACTIVE,BULL,30.09 12:00
2026-10-01 00:29:06,btc_signals_log(01.10)_v4.csv,,,,2026-10-01 00:00:00,ACTIVE,BULL,30.09 12:00,True,True,True,True,1h,,,,ACTIVE,BULL,30.09 12:00
2026-10-01 00:59:12,btc_signals_log(01.10)_v4.csv,,,,2026-10-01 00:00:00,ACTIVE,BULL,30.09 12:00,True,True,True,True,1h,,,,ACTIVE,BULL,30.09 12:00
2026-10-01 01:29:17,btc_signals_log(01.10)_v4.csv,,,,2026-10-01 01:00:00,ACTIVE,BULL,30.09 12:00,True,True,True,True,1h,,,,ACTIVE,BULL,30.09 12:00
2026-10-01 01:59:23,btc_signals_log(01.10)_v4.csv,,,,2026-10-01 01:00:00,ACTIVE,BULL,30.09 12:00,True,True,True,True,1h,,,,ACTIVE,BULL,30.09 12:00
2026-10-01 02:59:29,btc_signals_log(01.10)_v4.csv,,,,2026-10-01 02:00:00,ACTIVE,BULL,30.09 12:00,True,True,True,True,1h,,,,ACTIVE,BULL,30.09 12:00
2026-10-01 03:29:34,btc_signals_log(01.10)_v4.csv,,,,2026-10-01 03:00:00,ACTIVE,BULL,30.09 12:00,True,True,True,True,1h,,,,ACTIVE,BULL,30.09 12:00
2026-10-01 03:59:39,btc_signals_log(01.10)_v4.csv,,,,2026-10-01 03:00:00,ACTIVE,BULL,30.09 12:00,True,True,True,True,1h,,,,ACTIVE,BULL,30.09 12:00
2026-10-01 04:29:45,btc_signals_log(01.10)_v4.csv,,,,2026-10-01 04:00:00,ACTIVE,BULL,30.09 12:00,True,True,True,True,1h,,,,ACTIVE,BULL,30.09 12:00
2026-10-01 05:29:51,btc_signals_log(01.10)_v4.csv,,,,2026-10-01 05:00:00,ACTIVE,BULL,30.09 12:00,True,True,True,True,1h,,,,ACTIVE,BULL,30.09 12:00
2026-10-01 05:59:56,btc_signals_log(01.10)_v4.csv,,,,2026-10-01 05:00:00,ACTIVE,BULL,30.09 12:00,True,True,True,True,1h,,,,ACTIVE,BULL,30.09 12:00
2026-10-01 06:30:06,btc_signals_log(01.10)_v4.csv,,,,2026-10-01 06:00:00,ACTIVE,BULL,30.09 12:00,True,True,True,True,1h,,,,ACTIVE,BULL,30.09 12:00
2026-10-01 07:00:17,btc_signals_log(01.10)_v4.csv,,,,2026-10-01 07:00:00,ACTIVE,BULL,30.09 12:00,True,True,True,True,1h,,,,ACTIVE,BULL,30.09 12:00
2026-10-01 07:30:24,btc_signals_log(01.10)_v4.csv,,,,2026-10-01 07:00:00,ACTIVE,BULL,30.09 12:00,True,True,True,True,1h,,,,ACTIVE,BULL,30.09 12:00
2026-10-01 08:00:34,btc_signals_log(01.10)_v4.csv,,,,2026-10-01 08:00:00,ACTIVE,BULL,30.09 12:00,True,True,True,True,1h,,,,ACTIVE,BULL,30.09 12:00
2026-10-01 08:30:40,btc_signals_log(01.10)_v4.csv,,,,2026-10-01 08:00:00,ACTIVE,BULL,30.09 12:00,True,True,True,True,1h,,,,ACTIVE,BULL,30.09 12:00
2026-10-01 09:00:58,btc_signals_log(01.10)_v4.csv,,,,2026-10-01 09:00:00,ACTIVE,BULL,30.09 12:00,True,True,True,True,1h,,,,ACTIVE,BULL,30.09 12:00
2026-10-01 09:31:05,btc_signals_log(01.10)_v4.csv,,,,2026-10-01 09:00:00,ACTIVE,BULL,30.09 12:00,True,True,True,True,1h,,,,ACTIVE,BULL,30.09 12:00
2026-10-01 10:01:14,btc_signals_log(01.10)_v4.csv,,,,2026-10-01 10:00:00,ACTIVE,BULL,30.09 12:00,True,True,True,True,1h,,,,ACTIVE,BULL,30.09 12:00
2026-10-01 10:48:35,btc_signals_log(01.10)_v4.csv,,,,2026-10-01 10:00:00,ACTIVE,BULL,30.09 12:00,True,True,True,True,1h,,,,ACTIVE,BULL,30.09 12:00
2026-10-01 11:18:40,btc_signals_log(01.10)_v4.csv,,,,2026-10-01 11:00:00,ACTIVE,BULL,30.09 12:00,True,True,True,True,1h,,,,ACTIVE,BULL,30.09 12:00
2026-10-01 11:48:46,btc_signals_log(01.10)_v4.csv,,,,2026-10-01 11:00:00,ACTIVE,BULL,30.09 12:00,True,True,True,True,1h,,,,ACTIVE,BULL,30.09 12:00
2026-10-01 12:18:52,btc_signals_log(01.10)_v4.csv,,,,2026-10-01 12:00:00,ACTIVE,BULL,30.09 12:00,True,True,True,True,1h,,,,ACTIVE,BULL,30.09 12:00
2026-10-01 12:48:58,btc_signals_log(01.10)_v4.csv,,,,2026-10-01 12:00:00,ACTIVE,BULL,30.09 12:00,True,True,True,True,1h,,,,ACTIVE,BULL,30.09 12:00
2026-10-01 13:19:04,btc_signals_log(01.10)_v4.csv,,,,2026-10-01 13:00:00,ACTIVE,BULL,30.09 12:00,True,True,True,True,1h,,,,ACTIVE,BULL,30.09 12:00
2026-10-01 13:49:11,btc_signals_log(01.10)_v4.csv,,,,2026-10-01 13:00:00,ACTIVE,BULL,30.09 12:00,True,True,True,True,1h,,,,ACTIVE,BULL,30.09 12:00
2026-10-01 15:20:59,btc_signals_log(01.10)_v4.csv,,,,2026-10-01 15:00:00,ACTIVE,BULL,30.09 12:00,True,True,True,True,1h,,,,ACTIVE,BULL,30.09 12:00
2026-10-01 15:51:16,btc_signals_log(01.10)_v4.csv,,,,2026-10-01 15:00:00,ACTIVE,BULL,30.09 12:00,True,True,True,True,1h,,,,ACTIVE,BULL,30.09 12:00
2026-10-01 16:21:21,btc_signals_log(01.10)_v4.csv,,,,2026-10-01 16:00:00,ACTIVE,BULL,30.09 12:00,True,True,True,True,1h,,,,ACTIVE,BULL,30.09 12:00
2026-10-01 17:21:29,btc_signals_log(01.10)_v4.csv,,,,2026-10-01 17:00:00,ACTIVE,BULL,30.09 12:00,True,True,True,True,1h,,,,ACTIVE,BULL,30.09 12:00
2026-10-01 19:04:01,btc_signals_log(01.10)_v4.csv,,,,2026-10-01 19:00:00,ACTIVE,BULL,30.09 12:00,True,True,True,True,1h,,,,ACTIVE,BULL,30.09 12:00
2026-10-01 20:04:44,btc_signals_log(01.10)_v4.csv,,,,2026-10-01 20:00:00,ACTIVE,BULL,30.09 12:00,True,True,True,True,1h,,,,ACTIVE,BULL,30.09 12:00
2026-10-01 20:34:52,btc_signals_log(01.10)_v4.csv,,,,2026-10-01 20:00:00,ACTIVE,BULL,30.09 12:00,True,True,True,True,1h,,,,ACTIVE,BULL,30.09 12:00
2026-10-01 21:35:07,btc_signals_log(01.10)_v4.csv,,,,2026-10-01 21:00:00,ACTIVE,BULL,30.09 12:00,True,True,True,True,1h,,,,ACTIVE,BULL,30.09 12:00
2026-10-01 22:05:14,btc_signals_log(01.10)_v4.csv,,,,2026-10-01 22:00:00,ACTIVE,BULL,30.09 12:00,True,True,True,True,1h,,,,ACTIVE,BULL,30.09 12:00
2026-10-01 23:05:29,btc_signals_log(01.10)_v4.csv,,,,2026-10-01 23:00:00,ACTIVE,BULL,30.09 12:00,True,True,True,True,1h,,,,ACTIVE,BULL,30.09 12:00
2026-10-01 23:35:35,btc_signals_log(01.10)_v4.csv,,,,2026-10-01 23:00:00,ACTIVE,BULL,30.09 12:00,False,False,False,False,1h,,,,NONE,,
2026-10-02 00:05:41,btc_signals_log(02.10)_v4.csv,,,,2026-10-02 00:00:00,ACTIVE,BULL,30.09 12:00,True,True,True,True,1h,,,,ACTIVE,BULL,30.09 12:00
2026-10-02 01:06:17,btc_signals_log(02.10)_v4.csv,,,,2026-10-02 01:00:00,ACTIVE,BULL,30.09 12:00,True,True,True,True,1h,,,,ACTIVE,BULL,30.09 12:00
2026-10-02 01:36:22,btc_signals_log(02.10)_v4.csv,,,,2026-10-02 01:00:00,ACTIVE,BULL,30.09 12:00,True,True,True,True,1h,,,,ACTIVE,BULL,30.09 12:00
2026-10-02 02:06:29,btc_signals_log(02.10)_v4.csv,,,,2026-10-02 02:00:00,ACTIVE,BULL,30.09 12:00,True,True,True,True,1h,,,,ACTIVE,BULL,30.09 12:00
2026-10-02 02:36:34,btc_signals_log(02.10)_v4.csv,,,,2026-10-02 02:00:00,ACTIVE,BULL,30.09 12:00,True,True,True,True,1h,,,,ACTIVE,BULL,30.09 12:00
2026-10-02 03:06:41,btc_signals_log(02.10)_v4.csv,,,,2026-10-02 03:00:00,ACTIVE,BULL,30.09 12:00,True,True,True,True,1h,,,,ACTIVE,BULL,30.09 12:00
2026-10-02 04:36:50,btc_signals_log(02.10)_v4.csv,,,,2026-10-02 04:00:00,ACTIVE,BULL,30.09 12:00,True,True,True,True,1h,,,,ACTIVE,BULL,30.09 12:00
2026-10-02 06:34:51,btc_signals_log(02.10)_v4.csv,,,,2026-10-02 06:00:00,ACTIVE,BULL,30.09 12:00,True,True,True,True,1h,,,,ACTIVE,BULL,30.09 12:00
2026-10-02 07:34:58,btc_signals_log(02.10)_v4.csv,,,,2026-10-02 07:00:00,ACTIVE,BULL,30.09 12:00,True,True,True,True,1h,,,,ACTIVE,BULL,30.09 12:00
2026-10-02 08:05:07,btc_signals_log(02.10)_v4.csv,,,,2026-10-02 08:00:00,ACTIVE,BULL,30.09 12:00,True,True,True,True,1h,,,,ACTIVE,BULL,30.09 12:00
2026-10-02 08:35:13,btc_signals_log(02.10)_v4.csv,,,,2026-10-02 08:00:00,ACTIVE,BULL,30.09 12:00,True,True,True,True,1h,,,,ACTIVE,BULL,30.09 12:00
2026-10-02 10:00:32,btc_signals_log(02.10)_v4.csv,,,,2026-10-02 10:00:00,ACTIVE,BULL,30.09 12:00,True,True,True,True,1h,,,,ACTIVE,BULL,30.09 12:00
2026-10-02 10:30:43,btc_signals_log(02.10)_v4.csv,,,,2026-10-02 10:00:00,ACTIVE,BULL,30.09 12:00,True,True,True,True,1h,,,,ACTIVE,BULL,30.09 12:00
2026-10-02 11:00:52,btc_signals_log(02.10)_v4.csv,,,,2026-10-02 11:00:00,ACTIVE,BULL,30.09 12:00,True,True,True,True,1h,,,,ACTIVE,BULL,30.09 12:00
2026-10-02 11:31:22,btc_signals_log(02.10)_v4.csv,,,,2026-10-02 11:00:00,ACTIVE,BULL,30.09 12:00,True,True,True,True,1h,,,,ACTIVE,BULL,30.09 12:00
2026-10-02 12:02:01,btc_signals_log(02.10)_v4.csv,,,,2026-10-02 12:00:00,ACTIVE,BULL,30.09 12:00,True,True,True,True,1h,,,,ACTIVE,BULL,30.09 12:00
2026-10-02 12:32:11,btc_signals_log(02.10)_v4.csv,,,,2026-10-02 12:00:00,ACTIVE,BULL,30.09 12:00,True,True,True,True,1h,,,,ACTIVE,BULL,30.09 12:00
2026-10-02 13:05:55,btc_signals_log(02.10)_v4.csv,,,,2026-10-02 13:00:00,ACTIVE,BULL,30.09 12:00,True,True,True,True,1h,,,,ACTIVE,BULL,30.09 12:00
2026-10-02 13:36:05,btc_signals_log(02.10)_v4.csv,,,,2026-10-02 13:00:00,ACTIVE,BULL,30.09 12:00,True,True,True,True,1h,,,,ACTIVE,BULL,30.09 12:00
2026-10-02 14:06:15,btc_signals_log(02.10)_v4.csv,,,,2026-10-02 14:00:00,ACTIVE,BULL,30.09 12:00,True,True,True,True,1h,,,,ACTIVE,BULL,30.09 12:00
2026-10-02 14:36:24,btc_signals_log(02.10)_v4.csv,,,,2026-10-02 14:00:00,ACTIVE,BULL,30.09 12:00,True,True,True,True,1h,,,,ACTIVE,BULL,30.09 12:00
2026-10-02 15:06:37,btc_signals_log(02.10)_v4.csv,,,,2026-10-02 15:00:00,ACTIVE,BULL,30.09 12:00,True,True,True,True,1h,,,,ACTIVE,BULL,30.09 12:00
2026-10-02 15:36:49,btc_signals_log(02.10)_v4.csv,,,,2026-10-02 15:00:00,ACTIVE,BULL,30.09 12:00,True,True,True,True,1h,,,,ACTIVE,BULL,30.09 12:00
2026-10-02 16:07:02,btc_signals_log(02.10)_v4.csv,,,,2026-10-02 16:00:00,ENDED,BULL,30.09 12:00,True,True,True,True,1h,,,,ENDED,BULL,30.09 12:00
2026-10-02 16:37:14,btc_signals_log(02.10)_v4.csv,,,,2026-10-02 16:00:00,ENDED,BULL,30.09 12:00,True,True,True,True,1h,,,,ENDED,BULL,30.09 12:00
2026-10-02 17:07:29,btc_signals_log(02.10)_v4.csv,,,,2026-10-02 17:00:00,ENDED,BULL,30.09 12:00,True,True,True,True,1h,,,,ENDED,BULL,30.09 12:00
2026-10-02 17:37:40,btc_signals_log(02.10)_v4.csv,,,,2026-10-02 17:00:00,ENDED,BULL,30.09 12:00,True,True,True,True,1h,,,,ENDED,BULL,30.09 12:00
2026-10-02 18:38:10,btc_signals_log(02.10)_v4.csv,,,,2026-10-02 18:00:00,ENDED,BULL,30.09 12:00,True,True,True,True,1h,,,,ENDED,BULL,30.09 12:00
2026-10-02 19:38:40,btc_signals_log(02.10)_v4.csv,,,,2026-10-02 19:00:00,ENDED,BULL,30.09 12:00,True,True,True,True,1h,,,,ENDED,BULL,30.09 12:00
2026-10-02 20:08:55,btc_signals_log(02.10)_v4.csv,,,,2026-10-02 20:00:00,ENDED,BULL,30.09 12:00,True,True,True,True,1h,,,,ENDED,BULL,30.09 12:00
2026-10-02 20:39:08,btc_signals_log(02.10)_v4.csv,,,,2026-10-02 20:00:00,ENDED,BULL,30.09 12:00,True,True,True,True,1h,,,,ENDED,BULL,30.09 12:00
2026-10-02 21:09:20,btc_signals_log(02.10)_v4.csv,,,,2026-10-02 21:00:00,ENDED,BULL,30.09 12:00,True,True,True,True,1h,,,,ENDED,BULL,30.09 12:00
2026-10-02 21:39:32,btc_signals_log(02.10)_v4.csv,,,,2026-10-02 21:00:00,ENDED,BULL,30.09 12:00,True,True,True,True,1h,,,,ENDED,BULL,30.09 12:00
2026-10-02 22:09:44,btc_signals_log(02.10)_v4.csv,,,,2026-10-02 22:00:00,ENDED,BULL,30.09 12:00,True,True,True,True,1h,,,,ENDED,BULL,30.09 12:00
2026-10-02 22:39:55,btc_signals_log(02.10)_v4.csv,,,,2026-10-02 22:00:00,ENDED,BULL,30.09 12:00,True,True,True,True,1h,,,,ENDED,BULL,30.09 12:00
2026-10-02 23:10:08,btc_signals_log(02.10)_v4.csv,,,,2026-10-02 23:00:00,ENDED,BULL,30.09 12:00,True,True,True,True,1h,,,,ENDED,BULL,30.09 12:00
2026-10-03 00:10:47,btc_signals_log(03.10)_v4.csv,,,,2026-10-03 00:00:00,ENDED,BULL,30.09 12:00,True,True,True,True,1h,,,,ENDED,BULL,30.09 12:00
2026-10-03 00:40:56,btc_signals_log(03.10)_v4.csv,,,,2026-10-03 00:00:00,ENDED,BULL,30.09 12:00,True,True,True,True,1h,,,,ENDED,BULL,30.09 12:00
2026-10-03 01:11:04,btc_signals_log(03.10)_v4.csv,,,,2026-10-03 01:00:00,ENDED,BULL,30.09 12:00,True,True,True,True,1h,,,,ENDED,BULL,30.09 12:00
2026-10-03 01:41:32,btc_signals_log(03.10)_v4.csv,,,,2026-10-03 01:00:00,ENDED,BULL,30.09 12:00,True,True,True,True,1h,,,,ENDED,BULL,30.09 12:00
2026-10-03 02:11:41,btc_signals_log(03.10)_v4.csv,,,,2026-10-03 02:00:00,ENDED,BULL,30.09 12:00,True,True,True,True,1h,,,,ENDED,BULL,30.09 12:00
2026-10-03 02:41:51,btc_signals_log(03.10)_v4.csv,,,,2026-10-03 02:00:00,ENDED,BULL,30.09 12:00,True,True,True,True,1h,,,,ENDED,BULL,30.09 12:00
2026-10-03 03:12:00,btc_signals_log(03.10)_v4.csv,,,,2026-10-03 03:00:00,ENDED,BULL,30.09 12:00,True,True,True,True,1h,,,,ENDED,BULL,30.09 12:00
2026-10-03 03:42:10,btc_signals_log(03.10)_v4.csv,,,,2026-10-03 03:00:00,ENDED,BULL,30.09 12:00,True,True,True,True,1h,,,,ENDED,BULL,30.09 12:00
2026-10-03 04:12:19,btc_signals_log(03.10)_v4.csv,,,,2026-10-03 04:00:00,ENDED,BULL,30.09 12:00,True,True,True,True,1h,,,,ENDED,BULL,30.09 12:00
2026-10-03 04:42:29,btc_signals_log(03.10)_v4.csv,,,,2026-10-03 04:00:00,ENDED,BULL,30.09 12:00,True,True,True,True,1h,,,,ENDED,BULL,30.09 12:00
2026-10-03 05:12:38,btc_signals_log(03.10)_v4.csv,,,,2026-10-03 05:00:00,ENDED,BULL,30.09 12:00,True,True,True,True,1h,,,,ENDED,BULL,30.09 12:00
2026-10-03 05:42:47,btc_signals_log(03.10)_v4.csv,,,,2026-10-03 05:00:00,ENDED,BULL,30.09 12:00,True,True,True,True,1h,,,,ENDED,BULL,30.09 12:00
2026-10-03 06:12:57,btc_signals_log(03.10)_v4.csv,,,,2026-10-03 06:00:00,ENDED,BULL,30.09 12:00,True,True,True,True,1h,,,,ENDED,BULL,30.09 12:00
2026-10-03 06:43:06,btc_signals_log(03.10)_v4.csv,,,,2026-10-03 06:00:00,ENDED,BULL,30.09 12:00,True,True,True,True,1h,,,,ENDED,BULL,30.09 12:00
2026-10-03 07:13:15,btc_signals_log(03.10)_v4.csv,,,,2026-10-03 07:00:00,ENDED,BULL,30.09 12:00,True,True,True,True,1h,,,,ENDED,BULL,30.09 12:00
2026-10-03 07:43:24,btc_signals_log(03.10)_v4.csv,,,,2026-10-03 07:00:00,ENDED,BULL,30.09 12:00,True,True,True,True,1h,,,,ENDED,BULL,30.09 12:00
2026-10-03 08:13:34,btc_signals_log(03.10)_v4.csv,,,,2026-10-03 08:00:00,ENDED,BULL,30.09 12:00,True,True,True,True,1h,,,,ENDED,BULL,30.09 12:00
2026-10-03 08:43:43,btc_signals_log(03.10)_v4.csv,,,,2026-10-03 08:00:00,ENDED,BULL,30.09 12:00,True,True,True,True,1h,,,,ENDED,BULL,30.09 12:00
2026-10-03 09:13:53,btc_signals_log(03.10)_v4.csv,,,,2026-10-03 09:00:00,ENDED,BULL,30.09 12:00,True,True,True,True,1h,,,,ENDED,BULL,30.09 12:00
2026-10-03 09:44:02,btc_signals_log(03.10)_v4.csv,,,,2026-10-03 09:00:00,ENDED,BULL,30.09 12:00,True,True,True,True,1h,,,,ENDED,BULL,30.09 12:00
2026-10-03 10:14:13,btc_signals_log(03.10)_v4.csv,,,,2026-10-03 10:00:00,ENDED,BULL,30.09 12:00,True,True,True,True,1h,,,,ENDED,BULL,30.09 12:00
2026-10-03 10:44:23,btc_signals_log(03.10)_v4.csv,,,,2026-10-03 10:00:00,ENDED,BULL,30.09 12:00,True,True,True,True,1h,,,,ENDED,BULL,30.09 12:00
2026-10-03 11:14:33,btc_signals_log(03.10)_v4.csv,,,,2026-10-03 11:00:00,ENDED,BULL,30.09 12:00,True,True,True,True,1h,,,,ENDED,BULL,30.09 12:00
2026-10-03 12:14:54,btc_signals_log(03.10)_v4.csv,,,,2026-10-03 12:00:00,ENDED,BULL,30.09 12:00,True,True,True,True,1h,,,,ENDED,BULL,30.09 12:00
2026-10-03 12:45:04,btc_signals_log(03.10)_v4.csv,,,,2026-10-03 12:00:00,ENDED,BULL,30.09 12:00,True,True,True,True,1h,,,,ENDED,BULL,30.09 12:00
2026-10-03 13:15:13,btc_signals_log(03.10)_v4.csv,,,,2026-10-03 13:00:00,ENDED,BULL,30.09 12:00,True,True,True,True,1h,,,,ENDED,BULL,30.09 12:00
2026-10-03 13:45:22,btc_signals_log(03.10)_v4.csv,,,,2026-10-03 13:00:00,ENDED,BULL,30.09 12:00,True,True,True,True,1h,,,,ENDED,BULL,30.09 12:00
2026-10-03 14:15:32,btc_signals_log(03.10)_v4.csv,,,,2026-10-03 14:00:00,ENDED,BULL,30.09 12:00,True,True,True,True,1h,,,,ENDED,BULL,30.09 12:00
2026-10-03 14:45:42,btc_signals_log(03.10)_v4.csv,,,,2026-10-03 14:00:00,ENDED,BULL,30.09 12:00,True,True,True,True,1h,,,,ENDED,BULL,30.09 12:00
2026-10-03 15:15:52,btc_signals_log(03.10)_v4.csv,,,,2026-10-03 15:00:00,ENDED,BULL,30.09 12:00,True,True,True,True,1h,,,,ENDED,BULL,30.09 12:00
2026-10-03 16:16:33,btc_signals_log(03.10)_v4.csv,,,,2026-10-03 16:00:00,ENDED,BULL,30.09 12:00,True,True,True,True,1h,,,,ENDED,BULL,30.09 12:00
2026-10-03 16:46:43,btc_signals_log(03.10)_v4.csv,,,,2026-10-03 16:00:00,ENDED,BULL,30.09 12:00,True,True,True,True,1h,,,,ENDED,BULL,30.09 12:00
2026-10-03 17:16:53,btc_signals_log(03.10)_v4.csv,,,,2026-10-03 17:00:00,ENDED,BULL,30.09 12:00,True,True,True,True,1h,,,,ENDED,BULL,30.09 12:00
2026-10-03 18:17:34,btc_signals_log(03.10)_v4.csv,,,,2026-10-03 18:00:00,ENDED,BULL,30.09 12:00,True,True,True,True,1h,,,,ENDED,BULL,30.09 12:00
2026-10-03 18:47:44,btc_signals_log(03.10)_v4.csv,,,,2026-10-03 18:00:00,ENDED,BULL,30.09 12:00,True,True,True,True,1h,,,,ENDED,BULL,30.09 12:00
2026-10-03 19:17:55,btc_signals_log(03.10)_v4.csv,,,,2026-10-03 19:00:00,ENDED,BULL,30.09 12:00,True,True,True,True,1h,,,,ENDED,BULL,30.09 12:00
2026-10-03 19:48:04,btc_signals_log(03.10)_v4.csv,,,,2026-10-03 19:00:00,ENDED,BULL,30.09 12:00,True,True,True,True,1h,,,,ENDED,BULL,30.09 12:00
2026-10-03 20:18:14,btc_signals_log(03.10)_v4.csv,,,,2026-10-03 20:00:00,ENDED,BULL,30.09 12:00,True,True,True,True,1h,,,,ENDED,BULL,30.09 12:00
2026-10-03 21:18:38,btc_signals_log(03.10)_v4.csv,,,,2026-10-03 21:00:00,ENDED,BULL,30.09 12:00,True,True,True,True,1h,,,,ENDED,BULL,30.09 12:00
2026-10-03 21:48:49,btc_signals_log(03.10)_v4.csv,,,,2026-10-03 21:00:00,ENDED,BULL,30.09 12:00,True,True,True,True,1h,,,,ENDED,BULL,30.09 12:00
2026-10-03 22:18:59,btc_signals_log(03.10)_v4.csv,,,,2026-10-03 22:00:00,ENDED,BULL,30.09 12:00,True,True,True,True,1h,,,,ENDED,BULL,30.09 12:00
2026-10-03 22:49:08,btc_signals_log(03.10)_v4.csv,,,,2026-10-03 22:00:00,ENDED,BULL,30.09 12:00,True,True,True,True,1h,,,,ENDED,BULL,30.09 12:00
2026-10-03 23:19:19,btc_signals_log(03.10)_v4.csv,,,,2026-10-03 23:00:00,ENDED,BULL,30.09 12:00,True,True,True,True,1h,,,,ENDED,BULL,30.09 12:00
2026-10-03 23:49:28,btc_signals_log(03.10)_v4.csv,,,,2026-10-03 23:00:00,ENDED,BULL,30.09 12:00,True,True,True,True,1h,,,,ENDED,BULL,30.09 12:00
2026-10-04 00:19:56,btc_signals_log(04.10)_v4.csv,,,,2026-10-04 00:00:00,ENDED,BULL,30.09 12:00,True,True,True,True,1h,,,,ENDED,BULL,30.09 12:00
2026-10-04 00:50:08,btc_signals_log(04.10)_v4.csv,,,,2026-10-04 00:00:00,ENDED,BULL,30.09 12:00,True,True,True,True,1h,,,,ENDED,BULL,30.09 12:00
2026-10-04 01:20:20,btc_signals_log(04.10)_v4.csv,,,,2026-10-04 01:00:00,ENDED,BULL,30.09 12:00,True,True,True,True,1h,,,,ENDED,BULL,30.09 12:00
2026-10-04 01:51:06,btc_signals_log(04.10)_v4.csv,,,,2026-10-04 01:00:00,ENDED,BULL,30.09 12:00,True,True,True,True,1h,,,,ENDED,BULL,30.09 12:00
2026-10-04 02:21:17,btc_signals_log(04.10)_v4.csv,,,,2026-10-04 02:00:00,ENDED,BULL,30.09 12:00,True,True,True,True,1h,,,,ENDED,BULL,30.09 12:00
2026-10-04 02:51:26,btc_signals_log(04.10)_v4.csv,,,,2026-10-04 02:00:00,ENDED,BULL,30.09 12:00,True,True,True,True,1h,,,,ENDED,BULL,30.09 12:00
2026-10-04 03:21:36,btc_signals_log(04.10)_v4.csv,,,,2026-10-04 03:00:00,ENDED,BULL,30.09 12:00,True,True,True,True,1h,,,,ENDED,BULL,30.09 12:00
2026-10-04 03:51:45,btc_signals_log(04.10)_v4.csv,,,,2026-10-04 03:00:00,ENDED,BULL,30.09 12:00,True,True,True,True,1h,,,,ENDED,BULL,30.09 12:00
2026-10-04 04:22:06,btc_signals_log(04.10)_v4.csv,,,,2026-10-04 04:00:00,ENDED,BULL,30.09 12:00,True,True,True,True,1h,,,,ENDED,BULL,30.09 12:00
2026-10-04 04:52:16,btc_signals_log(04.10)_v4.csv,,,,2026-10-04 04:00:00,ENDED,BULL,30.09 12:00,True,True,True,True,1h,,,,ENDED,BULL,30.09 12:00
2026-10-04 05:22:25,btc_signals_log(04.10)_v4.csv,,,,2026-10-04 05:00:00,ENDED,BULL,30.09 12:00,True,True,True,True,1h,,,,ENDED,BULL,30.09 12:00
2026-10-04 05:52:35,btc_signals_log(04.10)_v4.csv,,,,2026-10-04 05:00:00,ENDED,BULL,30.09 12:00,True,True,True,True,1h,,,,ENDED,BULL,30.09 12:00
2026-10-04 06:22:45,btc_signals_log(04.10)_v4.csv,,,,2026-10-04 06:00:00,ENDED,BULL,30.09 12:00,True,True,True,True,1h,,,,ENDED,BULL,30.09 12:00
2026-10-04 06:52:54,btc_signals_log(04.10)_v4.csv,,,,2026-10-04 06:00:00,ENDED,BULL,30.09 12:00,True,True,True,True,1h,,,,ENDED,BULL,30.09 12:00
2026-10-04 07:23:26,btc_signals_log(04.10)_v4.csv,,,,2026-10-04 07:00:00,ENDED,BULL,30.09 12:00,True,True,True,True,1h,,,,ENDED,BULL,30.09 12:00
2026-10-04 07:53:36,btc_signals_log(04.10)_v4.csv,,,,2026-10-04 07:00:00,ENDED,BULL,30.09 12:00,True,True,True,True,1h,,,,ENDED,BULL,30.09 12:00
2026-10-04 08:23:46,btc_signals_log(04.10)_v4.csv,,,,2026-10-04 08:00:00,ENDED,BULL,30.09 12:00,True,True,True,True,1h,,,,ENDED,BULL,30.09 12:00
2026-10-04 08:53:56,btc_signals_log(04.10)_v4.csv,,,,2026-10-04 08:00:00,ENDED,BULL,30.09 12:00,True,True,True,True,1h,,,,ENDED,BULL,30.09 12:00
2026-10-04 09:24:15,btc_signals_log(04.10)_v4.csv,,,,2026-10-04 09:00:00,ENDED,BULL,30.09 12:00,True,True,True,True,1h,,,,ENDED,BULL,30.09 12:00
2026-10-04 10:24:36,btc_signals_log(04.10)_v4.csv,,,,2026-10-04 10:00:00,ENDED,BULL,30.09 12:00,True,True,True,True,1h,,,,ENDED,BULL,30.09 12:00
2026-10-04 11:55:27,btc_signals_log(04.10)_v4.csv,,,,2026-10-04 11:00:00,ENDED,BULL,30.09 12:00,True,True,True,True,1h,,,,ENDED,BULL,30.09 12:00
2026-10-04 12:25:38,btc_signals_log(04.10)_v4.csv,,,,2026-10-04 12:00:00,ENDED,BULL,30.09 12:00,True,True,True,True,1h,,,,ENDED,BULL,30.09 12:00
2026-10-04 12:55:52,btc_signals_log(04.10)_v4.csv,,,,2026-10-04 12:00:00,ENDED,BULL,30.09 12:00,True,True,True,True,1h,,,,ENDED,BULL,30.09 12:00
2026-10-04 13:26:02,btc_signals_log(04.10)_v4.csv,,,,2026-10-04 13:00:00,ENDED,BULL,30.09 12:00,True,True,True,True,1h,,,,ENDED,BULL,30.09 12:00
2026-10-04 13:56:12,btc_signals_log(04.10)_v4.csv,,,,2026-10-04 13:00:00,ENDED,BULL,30.09 12:00,True,True,True,True,1h,,,,ENDED,BULL,30.09 12:00
2026-10-04 14:26:48,btc_signals_log(04.10)_v4.csv,,,,2026-10-04 14:00:00,ENDED,BULL,30.09 12:00,True,True,True,True,1h,,,,ENDED,BULL,30.09 12:00
2026-10-04 14:57:00,btc_signals_log(04.10)_v4.csv,,,,2026-10-04 14:00:00,ENDED,BULL,30.09 12:00,True,True,True,True,1h,,,,ENDED,BULL,30.09 12:00
2026-10-04 15:27:11,btc_signals_log(04.10)_v4.csv,,,,2026-10-04 15:00:00,ENDED,BULL,30.09 12:00,True,True,True,True,1h,,,,ENDED,BULL,30.09 12:00
2026-10-04 15:57:21,btc_signals_log(04.10)_v4.csv,,,,2026-10-04 15:00:00,ENDED,BULL,30.09 12:00,True,True,True,True,1h,,,,ENDED,BULL,30.09 12:00
2026-10-04 16:27:35,btc_signals_log(04.10)_v4.csv,,,,2026-10-04 16:00:00,ENDED,BULL,30.09 12:00,True,True,True,True,1h,,,,ENDED,BULL,30.09 12:00
2026-10-04 16:57:48,btc_signals_log(04.10)_v4.csv,,,,2026-10-04 16:00:00,ENDED,BULL,30.09 12:00,True,True,True,True,1h,,,,ENDED,BULL,30.09 12:00
2026-10-04 17:28:01,btc_signals_log(04.10)_v4.csv,,,,2026-10-04 17:00:00,ENDED,BULL,30.09 12:00,True,True,True,True,1h,,,,ENDED,BULL,30.09 12:00
2026-10-04 18:28:28,btc_signals_log(04.10)_v4.csv,,,,2026-10-04 18:00:00,ENDED,BULL,30.09 12:00,True,True,True,True,1h,,,,ENDED,BULL,30.09 12:00
2026-10-04 18:58:38,btc_signals_log(04.10)_v4.csv,,,,2026-10-04 18:00:00,ENDED,BULL,30.09 12:00,True,True,True,True,1h,,,,ENDED,BULL,30.09 12:00
2026-10-04 19:28:47,btc_signals_log(04.10)_v4.csv,,,,2026-10-04 19:00:00,ENDED,BULL,30.09 12:00,True,True,True,True,1h,,,,ENDED,BULL,30.09 12:00
2026-10-04 19:58:59,btc_signals_log(04.10)_v4.csv,,,,2026-10-04 19:00:00,ENDED,BULL,30.09 12:00,True,True,True,True,1h,,,,ENDED,BULL,30.09 12:00
2026-10-04 20:29:09,btc_signals_log(04.10)_v4.csv,,,,2026-10-04 20:00:00,ENDED,BULL,30.09 12:00,True,True,True,True,1h,,,,ENDED,BULL,30.09 12:00
2026-10-04 20:59:19,btc_signals_log(04.10)_v4.csv,,,,2026-10-04 20:00:00,ENDED,BULL,30.09 12:00,True,True,True,True,1h,,,,ENDED,BULL,30.09 12:00
2026-10-04 21:29:28,btc_signals_log(04.10)_v4.csv,,,,2026-10-04 21:00:00,ACTIVE,BULL,04.10 20:00,True,True,True,True,1h,,,,ACTIVE,BULL,04.10 20:00
2026-10-04 21:59:39,btc_signals_log(04.10)_v4.csv,,,,2026-10-04 21:00:00,ACTIVE,BULL,04.10 20:00,True,True,True,True,1h,,,,ACTIVE,BULL,04.10 20:00
2026-10-04 22:29:48,btc_signals_log(04.10)_v4.csv,,,,2026-10-04 22:00:00,ACTIVE,BULL,04.10 20:00,True,True,True,True,1h,,,,ACTIVE,BULL,04.10 20:00
2026-10-04 22:59:58,btc_signals_log(04.10)_v4.csv,,,,2026-10-04 22:00:00,ACTIVE,BULL,04.10 20:00,True,True,True,True,1h,,,,ACTIVE,BULL,04.10 20:00
2026-10-04 23:30:09,btc_signals_log(04.10)_v4.csv,,,,2026-10-04 23:00:00,ACTIVE,BULL,04.10 20:00,True,True,True,True,1h,,,,ACTIVE,BULL,04.10 20:00
2026-10-05 00:00:20,btc_signals_log(05.10)_v4.csv,,,,2026-10-05 00:00:00,ACTIVE,BULL,04.10 20:00,True,True,True,True,1h,,,,ACTIVE,BULL,04.10 20:00
2026-10-05 00:30:30,btc_signals_log(05.10)_v4.csv,,,,2026-10-05 00:00:00,ACTIVE,BULL,04.10 20:00,True,True,True,True,1h,,,,ACTIVE,BULL,04.10 20:00
2026-10-05 01:01:04,btc_signals_log(05.10)_v4.csv,,,,2026-10-05 01:00:00,ACTIVE,BULL,04.10 20:00,True,True,True,True,1h,,,,ACTIVE,BULL,04.10 20:00
2026-10-05 01:31:13,btc_signals_log(05.10)_v4.csv,,,,2026-10-05 01:00:00,ACTIVE,BULL,04.10 20:00,True,True,True,True,1h,,,,ACTIVE,BULL,04.10 20:00
2026-10-05 02:31:55,btc_signals_log(05.10)_v4.csv,,,,2026-10-05 02:00:00,ACTIVE,BULL,04.10 20:00,True,True,True,True,1h,,,,ACTIVE,BULL,04.10 20:00
2026-10-05 03:02:05,btc_signals_log(05.10)_v4.csv,,,,2026-10-05 03:00:00,ACTIVE,BULL,04.10 20:00,True,True,True,True,1h,,,,ACTIVE,BULL,04.10 20:00
2026-10-05 03:32:15,btc_signals_log(05.10)_v4.csv,,,,2026-10-05 03:00:00,ACTIVE,BULL,04.10 20:00,True,True,True,True,1h,,,,ACTIVE,BULL,04.10 20:00
2026-10-05 04:02:25,btc_signals_log(05.10)_v4.csv,,,,2026-10-05 04:00:00,ACTIVE,BULL,04.10 20:00,True,True,True,True,1h,,,,ACTIVE,BULL,04.10 20:00
2026-10-05 04:32:36,btc_signals_log(05.10)_v4.csv,,,,2026-10-05 04:00:00,ACTIVE,BULL,04.10 20:00,True,True,True,True,1h,,,,ACTIVE,BULL,04.10 20:00
2026-10-05 05:02:46,btc_signals_log(05.10)_v4.csv,,,,2026-10-05 05:00:00,ACTIVE,BULL,04.10 20:00,True,True,True,True,1h,,,,ACTIVE,BULL,04.10 20:00
2026-10-05 05:32:56,btc_signals_log(05.10)_v4.csv,,,,2026-10-05 05:00:00,ACTIVE,BULL,04.10 20:00,True,True,True,True,1h,,,,ACTIVE,BULL,04.10 20:00
2026-10-05 06:33:38,btc_signals_log(05.10)_v4.csv,,,,2026-10-05 06:00:00,ACTIVE,BULL,04.10 20:00,True,True,True,True,1h,,,,ACTIVE,BULL,04.10 20:00
2026-10-05 07:03:49,btc_signals_log(05.10)_v4.csv,,,,2026-10-05 07:00:00,ACTIVE,BULL,04.10 20:00,True,True,True,True,1h,,,,ACTIVE,BULL,04.10 20:00
2026-10-05 07:34:02,btc_signals_log(05.10)_v4.csv,,,,2026-10-05 07:00:00,ACTIVE,BULL,04.10 20:00,True,True,True,True,1h,,,,ACTIVE,BULL,04.10 20:00
2026-10-05 08:04:13,btc_signals_log(05.10)_v4.csv,,,,2026-10-05 08:00:00,ACTIVE,BULL,04.10 20:00,True,True,True,True,1h,,,,ACTIVE,BULL,04.10 20:00
2026-10-05 08:34:24,btc_signals_log(05.10)_v4.csv,,,,2026-10-05 08:00:00,ACTIVE,BULL,04.10 20:00,True,True,True,True,1h,,,,ACTIVE,BULL,04.10 20:00
2026-10-05 09:04:37,btc_signals_log(05.10)_v4.csv,,,,2026-10-05 09:00:00,ACTIVE,BULL,04.10 20:00,True,True,True,True,1h,,,,ACTIVE,BULL,04.10 20:00
2026-10-05 09:34:47,btc_signals_log(05.10)_v4.csv,,,,2026-10-05 09:00:00,ACTIVE,BULL,04.10 20:00,True,True,True,True,1h,,,,ACTIVE,BULL,04.10 20:00
2026-10-05 10:04:58,btc_signals_log(05.10)_v4.csv,,,,2026-10-05 10:00:00,ACTIVE,BULL,04.10 20:00,True,True,True,True,1h,,,,ACTIVE,BULL,04.10 20:00
2026-10-05 10:35:10,btc_signals_log(05.10)_v4.csv,,,,2026-10-05 10:00:00,ACTIVE,BULL,04.10 20:00,True,True,True,True,1h,,,,ACTIVE,BULL,04.10 20:00
2026-10-05 11:05:21,btc_signals_log(05.10)_v4.csv,,,,2026-10-05 11:00:00,ACTIVE,BULL,04.10 20:00,True,True,True,True,1h,,,,ACTIVE,BULL,04.10 20:00
2026-10-05 12:06:03,btc_signals_log(05.10)_v4.csv,,,,2026-10-05 12:00:00,ACTIVE,BULL,04.10 20:00,True,True,True,True,1h,,,,ACTIVE,BULL,04.10 20:00
2026-10-05 13:06:30,btc_signals_log(05.10)_v4.csv,,,,2026-10-05 13:00:00,ACTIVE,BULL,04.10 20:00,True,True,True,True,1h,,,,ACTIVE,BULL,04.10 20:00
2026-10-05 13:36:42,btc_signals_log(05.10)_v4.csv,,,,2026-10-05 13:00:00,ACTIVE,BULL,04.10 20:00,True,True,True,True,1h,,,,ACTIVE,BULL,04.10 20:00
2026-10-05 14:06:52,btc_signals_log(05.10)_v4.csv,,,,2026-10-05 14:00:00,ACTIVE,BULL,04.10 20:00,True,True,True,True,1h,,,,ACTIVE,BULL,04.10 20:00
2026-10-05 14:37:06,btc_signals_log(05.10)_v4.csv,,,,2026-10-05 14:00:00,ACTIVE,BULL,04.10 20:00,True,True,True,True,1h,,,,ACTIVE,BULL,04.10 20:00
2026-10-05 15:07:18,btc_signals_log(05.10)_v4.csv,,,,2026-10-05 15:00:00,ENDED,BULL,04.10 20:00,True,True,True,True,1h,,,,ENDED,BULL,04.10 20:00
2026-10-05 15:37:28,btc_signals_log(05.10)_v4.csv,,,,2026-10-05 15:00:00,ENDED,BULL,04.10 20:00,True,True,True,True,1h,,,,ENDED,BULL,04.10 20:00
2026-10-05 16:07:43,btc_signals_log(05.10)_v4.csv,,,,2026-10-05 16:00:00,ENDED,BULL,04.10 20:00,True,True,True,True,1h,,,,ENDED,BULL,04.10 20:00
2026-10-05 16:37:52,btc_signals_log(05.10)_v4.csv,,,,2026-10-05 16:00:00,ENDED,BULL,04.10 20:00,True,True,True,True,1h,,,,ENDED,BULL,04.10 20:00
2026-10-05 17:08:03,btc_signals_log(05.10)_v4.csv,,,,2026-10-05 17:00:00,ENDED,BULL,04.10 20:00,True,True,True,True,1h,,,,ENDED,BULL,04.10 20:00
2026-10-05 17:38:14,btc_signals_log(05.10)_v4.csv,,,,2026-10-05 17:00:00,ENDED,BULL,04.10 20:00,True,True,True,True,1h,,,,ENDED,BULL,04.10 20:00
2026-10-05 18:08:26,btc_signals_log(05.10)_v4.csv,,,,2026-10-05 18:00:00,ENDED,BULL,04.10 20:00,True,True,True,True,1h,,,,ENDED,BULL,04.10 20:00
2026-10-05 18:38:37,btc_signals_log(05.10)_v4.csv,,,,2026-10-05 18:00:00,ENDED,BULL,04.10 20:00,True,True,True,True,1h,,,,ENDED,BULL,04.10 20:00
2026-10-05 19:08:48,btc_signals_log(05.10)_v4.csv,,,,2026-10-05 19:00:00,ENDED,BULL,04.10 20:00,True,True,True,True,1h,,,,ENDED,BULL,04.10 20:00
2026-10-05 19:39:00,btc_signals_log(05.10)_v4.csv,,,,2026-10-05 19:00:00,ENDED,BULL,04.10 20:00,True,True,True,True,1h,,,,ENDED,BULL,04.10 20:00
2026-10-05 20:39:29,btc_signals_log(05.10)_v4.csv,,,,2026-10-05 20:00:00,ENDED,BULL,04.10 20:00,True,True,True,True,1h,,,,ENDED,BULL,04.10 20:00
2026-10-05 21:09:40,btc_signals_log(05.10)_v4.csv,,,,2026-10-05 21:00:00,ENDED,BULL,04.10 20:00,True,True,True,True,1h,,,,ENDED,BULL,04.10 20:00
2026-10-05 21:39:51,btc_signals_log(05.10)_v4.csv,,,,2026-10-05 21:00:00,ENDED,BULL,04.10 20:00,True,True,True,True,1h,,,,ENDED,BULL,04.10 20:00
2026-10-05 22:10:26,btc_signals_log(05.10)_v4.csv,,,,2026-10-05 22:00:00,ENDED,BULL,04.10 20:00,True,True,True,True,1h,,,,ENDED,BULL,04.10 20:00
2026-10-05 22:41:09,btc_signals_log(05.10)_v4.csv,,,,2026-10-05 22:00:00,ENDED,BULL,04.10 20:00,True,True,True,True,1h,,,,ENDED,BULL,04.10 20:00
2026-10-05 23:11:23,btc_signals_log(05.10)_v4.csv,,,,2026-10-05 23:00:00,ENDED,BULL,04.10 20:00,True,True,True,True,1h,,,,ENDED,BULL,04.10 20:00
2026-10-05 23:41:34,btc_signals_log(05.10)_v4.csv,,,,2026-10-05 23:00:00,ENDED,BULL,04.10 20:00,True,True,True,True,1h,,,,ENDED,BULL,04.10 20:00
2026-10-06 00:12:08,btc_signals_log(06.10)_v4.csv,,,,2026-10-06 00:00:00,ENDED,BULL,04.10 20:00,True,True,True,True,1h,,,,ENDED,BULL,04.10 20:00
2026-10-06 00:42:19,btc_signals_log(06.10)_v4.csv,,,,2026-10-06 00:00:00,ENDED,BULL,04.10 20:00,True,True,True,True,1h,,,,ENDED,BULL,04.10 20:00
2026-10-06 01:12:29,btc_signals_log(06.10)_v4.csv,,,,2026-10-06 01:00:00,ENDED,BULL,04.10 20:00,True,True,True,True,1h,,,,ENDED,BULL,04.10 20:00
2026-10-06 01:42:39,btc_signals_log(06.10)_v4.csv,,,,2026-10-06 01:00:00,ENDED,BULL,04.10 20:00,True,True,True,True,1h,,,,ENDED,BULL,04.10 20:00
2026-10-06 02:12:49,btc_signals_log(06.10)_v4.csv,,,,2026-10-06 02:00:00,ENDED,BULL,04.10 20:00,True,True,True,True,1h,,,,ENDED,BULL,04.10 20:00
2026-10-06 02:42:59,btc_signals_log(06.10)_v4.csv,,,,2026-10-06 02:00:00,ENDED,BULL,04.10 20:00,True,True,True,True,1h,,,,ENDED,BULL,04.10 20:00
2026-10-06 03:13:09,btc_signals_log(06.10)_v4.csv,,,,2026-10-06 03:00:00,ENDED,BULL,04.10 20:00,True,True,True,True,1h,,,,ENDED,BULL,04.10 20:00
2026-10-06 03:43:19,btc_signals_log(06.10)_v4.csv,,,,2026-10-06 03:00:00,ENDED,BULL,04.10 20:00,True,True,True,True,1h,,,,ENDED,BULL,04.10 20:00
2026-10-06 04:13:29,btc_signals_log(06.10)_v4.csv,,,,2026-10-06 04:00:00,ENDED,BULL,04.10 20:00,True,True,True,True,1h,,,,ENDED,BULL,04.10 20:00
2026-10-06 04:43:38,btc_signals_log(06.10)_v4.csv,,,,2026-10-06 04:00:00,ENDED,BULL,04.10 20:00,True,True,True,True,1h,,,,ENDED,BULL,04.10 20:00
2026-10-06 05:13:48,btc_signals_log(06.10)_v4.csv,,,,2026-10-06 05:00:00,ENDED,BULL,04.10 20:00,True,True,True,True,1h,,,,ENDED,BULL,04.10 20:00
2026-10-06 05:43:57,btc_signals_log(06.10)_v4.csv,,,,2026-10-06 05:00:00,ENDED,BULL,04.10 20:00,True,True,True,True,1h,,,,ENDED,BULL,04.10 20:00
2026-10-06 06:44:43,btc_signals_log(06.10)_v4.csv,,,,2026-10-06 06:00:00,ENDED,BULL,04.10 20:00,True,True,True,True,1h,,,,ENDED,BULL,04.10 20:00
2026-10-06 07:15:00,btc_signals_log(06.10)_v4.csv,,,,2026-10-06 07:00:00,ENDED,BULL,04.10 20:00,True,True,True,True,1h,,,,ENDED,BULL,04.10 20:00
2026-10-06 07:45:13,btc_signals_log(06.10)_v4.csv,,,,2026-10-06 07:00:00,ENDED,BULL,04.10 20:00,True,True,True,True,1h,,,,ENDED,BULL,04.10 20:00
2026-10-06 08:15:24,btc_signals_log(06.10)_v4.csv,,,,2026-10-06 08:00:00,ENDED,BULL,04.10 20:00,True,True,True,True,1h,,,,ENDED,BULL,04.10 20:00
2026-10-06 08:45:35,btc_signals_log(06.10)_v4.csv,,,,2026-10-06 08:00:00,ENDED,BULL,04.10 20:00,True,True,True,True,1h,,,,ENDED,BULL,04.10 20:00
2026-10-06 09:15:47,btc_signals_log(06.10)_v4.csv,,,,2026-10-06 09:00:00,ENDED,BULL,04.10 20:00,True,True,True,True,1h,,,,ENDED,BULL,04.10 20:00
2026-10-06 09:45:59,btc_signals_log(06.10)_v4.csv,,,,2026-10-06 09:00:00,ENDED,BULL,04.10 20:00,True,True,True,True,1h,,,,ENDED,BULL,04.10 20:00
2026-10-06 10:16:13,btc_signals_log(06.10)_v4.csv,,,,2026-10-06 10:00:00,ENDED,BULL,04.10 20:00,True,True,True,True,1h,,,,ENDED,BULL,04.10 20:00
2026-10-06 10:46:45,btc_signals_log(06.10)_v4.csv,,,,2026-10-06 10:00:00,ENDED,BULL,04.10 20:00,True,True,True,True,1h,,,,ENDED,BULL,04.10 20:00
2026-10-06 11:16:57,btc_signals_log(06.10)_v4.csv,,,,2026-10-06 11:00:00,ENDED,BULL,04.10 20:00,True,True,True,True,1h,,,,ENDED,BULL,04.10 20:00
2026-10-06 11:47:07,btc_signals_log(06.10)_v4.csv,,,,2026-10-06 11:00:00,ENDED,BULL,04.10 20:00,True,True,True,True,1h,,,,ENDED,BULL,04.10 20:00
2026-10-06 12:17:20,btc_signals_log(06.10)_v4.csv,,,,2026-10-06 12:00:00,ENDED,BULL,04.10 20:00,True,True,True,True,1h,,,,ENDED,BULL,04.10 20:00
2026-10-06 12:47:31,btc_signals_log(06.10)_v4.csv,,,,2026-10-06 12:00:00,ENDED,BULL,04.10 20:00,True,True,True,True,1h,,,,ENDED,BULL,04.10 20:00
2026-10-06 13:17:50,btc_signals_log(06.10)_v4.csv,,,,2026-10-06 13:00:00,ENDED,BULL,04.10 20:00,True,True,True,True,1h,,,,ENDED,BULL,04.10 20:00
2026-10-06 13:48:02,btc_signals_log(06.10)_v4.csv,,,,2026-10-06 13:00:00,ENDED,BULL,04.10 20:00,True,True,True,True,1h,,,,ENDED,BULL,04.10 20:00
2026-10-06 14:18:15,btc_signals_log(06.10)_v4.csv,,,,2026-10-06 14:00:00,ENDED,BULL,04.10 20:00,True,True,True,True,1h,,,,ENDED,BULL,04.10 20:00
2026-10-06 14:48:26,btc_signals_log(06.10)_v4.csv,,,,2026-10-06 14:00:00,ENDED,BULL,04.10 20:00,True,True,True,True,1h,,,,ENDED,BULL,04.10 20:00
2026-10-06 15:18:41,btc_signals_log(06.10)_v4.csv,,,,2026-10-06 15:00:00,ENDED,BULL,04.10 20:00,True,True,True,True,1h,,,,ENDED,BULL,04.10 20:00
2026-10-06 15:49:15,btc_signals_log(06.10)_v4.csv,,,,2026-10-06 15:00:00,ENDED,BULL,04.10 20:00,True,True,True,True,1h,,,,ENDED,BULL,04.10 20:00
2026-10-06 16:49:45,btc_signals_log(06.10)_v4.csv,,,,2026-10-06 16:00:00,ENDED,BULL,04.10 20:00,True,True,True,True,1h,,,,ENDED,BULL,04.10 20:00
2026-10-06 17:50:33,btc_signals_log(06.10)_v4.csv,,,,2026-10-06 17:00:00,ENDED,BULL,04.10 20:00,True,True,True,True,1h,,,,ENDED,BULL,04.10 20:00
2026-10-06 18:21:14,btc_signals_log(06.10)_v4.csv,,,,2026-10-06 18:00:00,ENDED,BULL,04.10 20:00,True,True,True,True,1h,,,,ENDED,BULL,04.10 20:00
2026-10-06 18:51:26,btc_signals_log(06.10)_v4.csv,,,,2026-10-06 18:00:00,ENDED,BULL,04.10 20:00,True,True,True,True,1h,,,,ENDED,BULL,04.10 20:00
2026-10-06 19:21:41,btc_signals_log(06.10)_v4.csv,,,,2026-10-06 19:00:00,ENDED,BULL,04.10 20:00,True,True,True,True,1h,,,,ENDED,BULL,04.10 20:00
2026-10-06 19:51:52,btc_signals_log(06.10)_v4.csv,,,,2026-10-06 19:00:00,ENDED,BULL,04.10 20:00,True,True,True,True,1h,,,,ENDED,BULL,04.10 20:00
2026-10-06 20:22:15,btc_signals_log(06.10)_v4.csv,,,,2026-10-06 20:00:00,ENDED,BULL,04.10 20:00,True,True,True,True,1h,,,,ENDED,BULL,04.10 20:00
2026-10-06 20:53:10,btc_signals_log(06.10)_v4.csv,,,,2026-10-06 20:00:00,ENDED,BULL,04.10 20:00,True,True,True,True,1h,,,,ENDED,BULL,04.10 20:00
2026-10-06 21:23:25,btc_signals_log(06.10)_v4.csv,,,,2026-10-06 21:00:00,ENDED,BULL,04.10 20:00,True,True,True,True,1h,,,,ENDED,BULL,04.10 20:00
2026-10-06 21:53:36,btc_signals_log(06.10)_v4.csv,,,,2026-10-06 21:00:00,ENDED,BULL,04.10 20:00,True,True,True,True,1h,,,,ENDED,BULL,04.10 20:00
2026-10-06 22:23:57,btc_signals_log(06.10)_v4.csv,,,,2026-10-06 22:00:00,ENDED,BULL,04.10 20:00,True,True,True,True,1h,,,,ENDED,BULL,04.10 20:00
2026-10-06 22:54:09,btc_signals_log(06.10)_v4.csv,,,,2026-10-06 22:00:00,ENDED,BULL,04.10 20:00,True,True,True,True,1h,,,,ENDED,BULL,04.10 20:00
2026-10-06 23:24:16,btc_signals_log(06.10)_v4.csv,,,,2026-10-06 23:00:00,ENDED,BULL,04.10 20:00,True,True,True,True,1h,,,,ENDED,BULL,04.10 20:00
2026-10-06 23:54:24,btc_signals_log(06.10)_v4.csv,,,,2026-10-06 23:00:00,ENDED,BULL,04.10 20:00,True,True,True,True,1h,,,,ENDED,BULL,04.10 20:00
2026-10-07 00:24:52,btc_signals_log(07.10)_v4.csv,,,,2026-10-07 00:00:00,ENDED,BULL,04.10 20:00,True,True,True,True,1h,,,,ENDED,BULL,04.10 20:00
2026-10-07 00:55:03,btc_signals_log(07.10)_v4.csv,,,,2026-10-07 00:00:00,ENDED,BULL,04.10 20:00,True,True,True,True,1h,,,,ENDED,BULL,04.10 20:00
2026-10-07 01:25:10,btc_signals_log(07.10)_v4.csv,,,,2026-10-07 01:00:00,ENDED,BULL,04.10 20:00,True,True,True,True,1h,,,,ENDED,BULL,04.10 20:00
2026-10-07 02:25:27,btc_signals_log(07.10)_v4.csv,,,,2026-10-07 02:00:00,ACTIVE,BEAR,07.10 01:00,True,True,True,True,1h,,,,ACTIVE,BEAR,07.10 01:00
2026-10-07 02:55:34,btc_signals_log(07.10)_v4.csv,,,,2026-10-07 02:00:00,ACTIVE,BEAR,07.10 01:00,True,True,True,True,1h,,,,ACTIVE,BEAR,07.10 01:00
2026-10-07 03:25:41,btc_signals_log(07.10)_v4.csv,,,,2026-10-07 03:00:00,ACTIVE,BEAR,07.10 01:00,True,True,True,True,1h,,,,ACTIVE,BEAR,07.10 01:00
2026-10-07 03:55:49,btc_signals_log(07.10)_v4.csv,,,,2026-10-07 03:00:00,ACTIVE,BEAR,07.10 01:00,True,True,True,True,1h,,,,ACTIVE,BEAR,07.10 01:00
2026-10-07 04:25:56,btc_signals_log(07.10)_v4.csv,,,,2026-10-07 04:00:00,ACTIVE,BEAR,07.10 01:00,True,True,True,True,1h,,,,ACTIVE,BEAR,07.10 01:00
2026-10-07 04:56:03,btc_signals_log(07.10)_v4.csv,,,,2026-10-07 04:00:00,ACTIVE,BEAR,07.10 01:00,True,True,True,True,1h,,,,ACTIVE,BEAR,07.10 01:00
2026-10-07 05:26:10,btc_signals_log(07.10)_v4.csv,,,,2026-10-07 05:00:00,ACTIVE,BEAR,07.10 01:00,True,True,True,True,1h,,,,ACTIVE,BEAR,07.10 01:00
2026-10-07 05:56:16,btc_signals_log(07.10)_v4.csv,,,,2026-10-07 05:00:00,ACTIVE,BEAR,07.10 01:00,True,True,True,True,1h,,,,ACTIVE,BEAR,07.10 01:00
2026-10-07 06:26:23,btc_signals_log(07.10)_v4.csv,,,,2026-10-07 06:00:00,ACTIVE,BEAR,07.10 01:00,True,True,True,True,1h,,,,ACTIVE,BEAR,07.10 01:00
2026-10-07 06:56:31,btc_signals_log(07.10)_v4.csv,,,,2026-10-07 06:00:00,ACTIVE,BEAR,07.10 01:00,True,True,True,True,1h,,,,ACTIVE,BEAR,07.10 01:00
2026-10-07 07:56:54,btc_signals_log(07.10)_v4.csv,,,,2026-10-07 07:00:00,ACTIVE,BEAR,07.10 01:00,True,True,True,True,1h,,,,ACTIVE,BEAR,07.10 01:00
2026-10-07 08:27:03,btc_signals_log(07.10)_v4.csv,,,,2026-10-07 08:00:00,ACTIVE,BEAR,07.10 01:00,True,True,True,True,1h,,,,ACTIVE,BEAR,07.10 01:00
2026-10-07 08:57:10,btc_signals_log(07.10)_v4.csv,,,,2026-10-07 08:00:00,ACTIVE,BEAR,07.10 01:00,True,True,True,True,1h,,,,ACTIVE,BEAR,07.10 01:00
2026-10-07 09:27:31,btc_signals_log(07.10)_v4.csv,,,,2026-10-07 09:00:00,ACTIVE,BEAR,07.10 01:00,True,True,True,True,1h,,,,ACTIVE,BEAR,07.10 01:00
