tf,bar_open_utc,bar_close_ms,bar_close_utc,close,state,direction,start_time,start_price,age_bars,confirmations,confirm_dates,price,move_pct,mfe_pct,mae_pct,break_level,dist_to_break_pct,end_time,end_price,broken_level,end_reason
1h,2026-08-20 00:00:00,1787187599999,2026-08-20 01:00:00,69420.0,ACTIVE,BULL,18.08 14:00,64714.16,34,2,"19.08 14:00,19.08 21:00",69420.0,7.271731565394646,8.167980547070375,-0.847048003095463,64166.0,8.18813701960539,,,,
1h,2026-08-20 01:00:00,1787191199999,2026-08-20 02:00:00,69721.92,ACTIVE,BULL,18.08 14:00,64714.16,35,2,"19.08 14:00,19.08 21:00",69721.92,7.738275518062809,8.167980547070375,-0.847048003095463,64166.0,8.658666583548925,,,,
1h,2026-08-20 02:00:00,1787194799999,2026-08-20 03:00:00,69301.27,ACTIVE,BULL,18.08 14:00,64714.16,36,2,"19.08 14:00,19.08 21:00",69301.27,7.088263217818169,8.167980547070375,-0.847048003095463,64166.0,8.003101330922924,,,,
1h,2026-08-20 03:00:00,1787198399999,2026-08-20 04:00:00,69195.64,ACTIVE,BULL,18.08 14:00,64714.16,37,2,"19.08 14:00,19.08 21:00",69195.64,6.925037735172634,8.167980547070375,-0.847048003095463,64166.0,7.838481438768197,,,,
1h,2026-08-20 04:00:00,1787201999999,2026-08-20 05:00:00,69492.01,ACTIVE,BULL,18.08 14:00,64714.16,38,2,"19.08 14:00,19.08 21:00",69492.01,7.3830055122402705,8.167980547070375,-0.847048003095463,64166.0,8.300361562198045,,,,
1h,2026-08-20 05:00:00,1787205599999,2026-08-20 06:00:00,69406.54,ACTIVE,BULL,18.08 14:00,64714.16,39,2,"19.08 14:00,19.08 21:00",69406.54,7.250932407992305,8.167980547070375,-0.847048003095463,68902.22,0.7319357779763669,,,,
1h,2026-08-20 06:00:00,1787209199999,2026-08-20 07:00:00,69851.99,ACTIVE,BULL,18.08 14:00,64714.16,40,2,"19.08 14:00,19.08 21:00",69851.99,7.939267078487933,8.167980547070375,-0.847048003095463,68902.22,1.3784316383419926,,,,
1h,2026-08-20 07:00:00,1787212799999,2026-08-20 08:00:00,69816.45,ACTIVE,BULL,18.08 14:00,64714.16,41,2,"19.08 14:00,19.08 21:00",69816.45,7.884348649507289,8.201976198099459,-0.847048003095463,68902.22,1.3268512973892532,,,,
1h,2026-08-20 08:00:00,1787216399999,2026-08-20 09:00:00,71592.1,ACTIVE,BULL,18.08 14:00,64714.16,42,3,"19.08 14:00,19.08 21:00,20.08 08:00",71592.1,10.628184001770258,10.99002134926883,-0.847048003095463,68902.22,3.9039090467622106,,,,
1h,2026-08-20 09:00:00,1787219999999,2026-08-20 10:00:00,71789.97,ACTIVE,BULL,18.08 14:00,64714.16,43,3,"19.08 14:00,19.08 21:00,20.08 08:00",71789.97,10.933943977639515,11.36273730509676,-0.847048003095463,68902.22,4.191084118915178,,,,
1h,2026-08-20 10:00:00,1787223599999,2026-08-20 11:00:00,71995.99,ACTIVE,BULL,18.08 14:00,64714.16,44,3,"19.08 14:00,19.08 21:00,20.08 08:00",71995.99,11.2522977969582,12.01567014081617,-0.847048003095463,68902.22,4.490087547251753,,,,
1h,2026-08-20 11:00:00,1787227199999,2026-08-20 12:00:00,71927.07,ACTIVE,BULL,18.08 14:00,64714.16,45,3,"19.08 14:00,19.08 21:00,20.08 08:00",71927.07,11.14579869382528,12.01567014081617,-0.847048003095463,68902.22,4.390061742567952,,,,
1h,2026-08-20 12:00:00,1787230799999,2026-08-20 13:00:00,71952.04,ACTIVE,BULL,18.08 14:00,64714.16,46,3,"19.08 14:00,19.08 21:00,20.08 08:00",71952.04,11.184383757743266,12.01567014081617,-0.847048003095463,68902.22,4.426301503783181,,,,
1h,2026-08-20 13:00:00,1787234399999,2026-08-20 14:00:00,71691.99,ACTIVE,BULL,18.08 14:00,64714.16,47,3,"19.08 14:00,19.08 21:00,20.08 08:00",71691.99,10.782539710010909,12.01567014081617,-0.847048003095463,68902.22,4.048882604943649,,,,
1h,2026-08-20 14:00:00,1787237999999,2026-08-20 15:00:00,71826.85,ACTIVE,BULL,18.08 14:00,64714.16,48,3,"19.08 14:00,19.08 21:00,20.08 08:00",71826.85,10.990933050819173,12.01567014081617,-0.847048003095463,68902.22,4.244609244810982,,,,
1h,2026-08-20 15:00:00,1787241599999,2026-08-20 16:00:00,72470.83,ACTIVE,BULL,18.08 14:00,64714.16,49,3,"19.08 14:00,19.08 21:00,20.08 08:00",72470.83,11.986047566714909,12.54105747490193,-0.847048003095463,71132.0,1.8821767980655713,,,,
1h,2026-08-20 16:00:00,1787245199999,2026-08-20 17:00:00,72837.15,ACTIVE,BULL,18.08 14:00,64714.16,50,4,"19.08 14:00,19.08 21:00,20.08 08:00,20.08 16:00",72837.15,12.552106061486379,12.656951739773792,-0.847048003095463,71132.0,2.397163020862614,,,,
1h,2026-08-20 17:00:00,1787248799999,2026-08-20 18:00:00,72737.5,ACTIVE,BULL,18.08 14:00,64714.16,51,4,"19.08 14:00,19.08 21:00,20.08 08:00,20.08 16:00",72737.5,12.398121214893298,12.75121240853625,-0.847048003095463,71132.0,2.257071360287921,,,,
1h,2026-08-20 18:00:00,1787252399999,2026-08-20 19:00:00,72431.36,ACTIVE,BULL,18.08 14:00,64714.16,52,4,"19.08 14:00,19.08 21:00,20.08 08:00,20.08 16:00",72431.36,11.92505627825502,12.75121240853625,-0.847048003095463,71132.0,1.8266884102794867,,,,
1h,2026-08-20 19:00:00,1787255999999,2026-08-20 20:00:00,72690.76,ACTIVE,BULL,18.08 14:00,64714.16,53,5,"19.08 14:00,19.08 21:00,20.08 08:00,20.08 16:00,20.08 19:00",72690.76,12.325895909025153,12.75121240853625,-0.847048003095463,71132.0,2.191362537254671,,,,
1h,2026-08-20 20:00:00,1787259599999,2026-08-20 21:00:00,72671.75,ACTIVE,BULL,18.08 14:00,64714.16,54,5,"19.08 14:00,19.08 21:00,20.08 08:00,20.08 16:00,20.08 19:00",72671.75,12.296520576022306,12.974811076895687,-0.847048003095463,71132.0,2.1646375752122804,,,,
1h,2026-08-20 21:00:00,1787263199999,2026-08-20 22:00:00,72741.81,ACTIVE,BULL,18.08 14:00,64714.16,55,5,"19.08 14:00,19.08 21:00,20.08 08:00,20.08 16:00,20.08 19:00",72741.81,12.40478127198128,12.974811076895687,-0.847048003095463,72330.0,0.5693488179178807,,,,
1h,2026-08-20 22:00:00,1787266799999,2026-08-20 23:00:00,72676.22,ACTIVE,BULL,18.08 14:00,64714.16,56,5,"19.08 14:00,19.08 21:00,20.08 08:00,20.08 16:00,20.08 19:00",72676.22,12.303427874208662,12.974811076895687,-0.847048003095463,72330.0,0.4786672196875452,,,,
1h,2026-08-20 23:00:00,1787270399999,2026-08-21 00:00:00,73025.15,ACTIVE,BULL,18.08 14:00,64714.16,57,5,"19.08 14:00,19.08 21:00,20.08 08:00,20.08 16:00,20.08 19:00",73025.15,12.842614352098503,13.42185388792807,-0.847048003095463,72330.0,0.9610811558136145,,,,
1h,2026-08-21 00:00:00,1787273999999,2026-08-21 01:00:00,73708.02,ACTIVE,BULL,18.08 14:00,64714.16,58,5,"19.08 14:00,19.08 21:00,20.08 08:00,20.08 16:00,20.08 19:00",73708.02,13.897823907472496,14.333555438253388,-0.847048003095463,72498.0,1.6690391459074805,,,,
1h,2026-08-21 01:00:00,1787277599999,2026-08-21 02:00:00,75129.23,ACTIVE,BULL,18.08 14:00,64714.16,59,5,"19.08 14:00,19.08 21:00,20.08 08:00,20.08 16:00,20.08 19:00",75129.23,16.093958416519637,17.10855862148253,-0.847048003095463,72498.0,3.6293828795276983,,,,
1h,2026-08-21 02:00:00,1787281199999,2026-08-21 03:00:00,74439.74,ACTIVE,BULL,18.08 14:00,64714.16,60,5,"19.08 14:00,19.08 21:00,20.08 08:00,20.08 16:00,20.08 19:00",74439.74,15.02851926069968,17.10855862148253,-0.847048003095463,72498.0,2.678335954095301,,,,
1h,2026-08-21 03:00:00,1787284799999,2026-08-21 04:00:00,74510.77,ACTIVE,BULL,18.08 14:00,64714.16,61,5,"19.08 14:00,19.08 21:00,20.08 08:00,20.08 16:00,20.08 19:00",74510.77,15.138278855817644,17.10855862148253,-0.847048003095463,72498.0,2.776311070650239,,,,
1h,2026-08-21 04:00:00,1787288399999,2026-08-21 05:00:00,75026.0,ACTIVE,BULL,18.08 14:00,64714.16,62,5,"19.08 14:00,19.08 21:00,20.08 08:00,20.08 16:00,20.08 19:00",75026.0,15.93444155035002,17.10855862148253,-0.847048003095463,72498.0,3.4869927446274485,,,,
1h,2026-08-21 05:00:00,1787291999999,2026-08-21 06:00:00,75472.73,ACTIVE,BULL,18.08 14:00,64714.16,63,5,"19.08 14:00,19.08 21:00,20.08 08:00,20.08 16:00,20.08 19:00",75472.73,16.624754149632782,17.10855862148253,-0.847048003095463,72498.0,4.103189053491119,,,,
1h,2026-08-21 06:00:00,1787295599999,2026-08-21 07:00:00,75646.21,ACTIVE,BULL,18.08 14:00,64714.16,64,5,"19.08 14:00,19.08 21:00,20.08 08:00,20.08 16:00,20.08 19:00",75646.21,16.89282531056573,17.10855862148253,-0.847048003095463,72498.0,4.342478413197615,,,,
1h,2026-08-21 07:00:00,1787299199999,2026-08-21 08:00:00,76308.65,ACTIVE,BULL,18.08 14:00,64714.16,65,6,"19.08 14:00,19.08 21:00,20.08 08:00,20.08 16:00,20.08 19:00,21.08 07:00",76308.65,17.916465268188574,18.856445019142633,-0.847048003095463,72498.0,5.25621396452316,,,,
1h,2026-08-21 08:00:00,1787302799999,2026-08-21 09:00:00,79258.03,ACTIVE,BULL,18.08 14:00,64714.16,66,6,"19.08 14:00,19.08 21:00,20.08 08:00,20.08 16:00,20.08 19:00,21.08 07:00",79258.03,22.474014960558854,22.84792076417279,-0.847048003095463,72498.0,9.324436536180315,,,,
1h,2026-08-21 09:00:00,1787306399999,2026-08-21 10:00:00,77910.71,ACTIVE,BULL,18.08 14:00,64714.16,67,6,"19.08 14:00,19.08 21:00,20.08 08:00,20.08 16:00,20.08 19:00,21.08 07:00",77910.71,20.39205948126346,22.84792076417279,-0.847048003095463,72498.0,7.46601285552706,,,,
1h,2026-08-21 10:00:00,1787309999999,2026-08-21 11:00:00,77810.02,ACTIVE,BULL,18.08 14:00,64714.16,68,6,"19.08 14:00,19.08 21:00,20.08 08:00,20.08 16:00,20.08 19:00,21.08 07:00",77810.02,20.236467567530813,22.84792076417279,-0.847048003095463,72498.0,7.327126265552164,,,,
1h,2026-08-21 11:00:00,1787313599999,2026-08-21 12:00:00,76722.32,ACTIVE,BULL,18.08 14:00,64714.16,69,6,"19.08 14:00,19.08 21:00,20.08 08:00,20.08 16:00,20.08 19:00,21.08 07:00",76722.32,18.555691675515853,22.84792076417279,-0.847048003095463,72498.0,5.826809015421119,,,,
1h,2026-08-21 12:00:00,1787317199999,2026-08-21 13:00:00,77223.66,ACTIVE,BULL,18.08 14:00,64714.16,70,6,"19.08 14:00,19.08 21:00,20.08 08:00,20.08 16:00,20.08 19:00,21.08 07:00",77223.66,19.33039075219396,22.84792076417279,-0.847048003095463,72498.0,6.518331540180422,,,,
1h,2026-08-21 13:00:00,1787320799999,2026-08-21 14:00:00,77266.87,ACTIVE,BULL,18.08 14:00,64714.16,71,6,"19.08 14:00,19.08 21:00,20.08 08:00,20.08 16:00,20.08 19:00,21.08 07:00",77266.87,19.39716130132878,22.84792076417279,-0.847048003095463,72498.0,6.5779331843637046,,,,
1h,2026-08-21 14:00:00,1787324399999,2026-08-21 15:00:00,77384.68,ACTIVE,BULL,18.08 14:00,64714.16,72,6,"19.08 14:00,19.08 21:00,20.08 08:00,20.08 16:00,20.08 19:00,21.08 07:00",77384.68,19.5792080125895,22.84792076417279,-0.847048003095463,72498.0,6.740434218875002,,,,
1h,2026-08-21 15:00:00,1787327999999,2026-08-21 16:00:00,77221.98,ACTIVE,BULL,18.08 14:00,64714.16,73,6,"19.08 14:00,19.08 21:00,20.08 08:00,20.08 16:00,20.08 19:00,21.08 07:00",77221.98,19.32779472066082,22.84792076417279,-0.847048003095463,76243.04,1.283972937070721,,,,
1h,2026-08-21 16:00:00,1787331599999,2026-08-21 17:00:00,77486.01,ACTIVE,BULL,18.08 14:00,64714.16,74,6,"19.08 14:00,19.08 21:00,20.08 08:00,20.08 16:00,20.08 19:00,21.08 07:00",77486.01,19.73578889071572,22.84792076417279,-0.847048003095463,76243.04,1.6302733993817764,,,,
1h,2026-08-21 17:00:00,1787335199999,2026-08-21 18:00:00,77392.68,ACTIVE,BULL,18.08 14:00,64714.16,75,6,"19.08 14:00,19.08 21:00,20.08 08:00,20.08 16:00,20.08 19:00,21.08 07:00",77392.68,19.591570067509156,22.84792076417279,-0.847048003095463,76243.04,1.507862225850376,,,,
1h,2026-08-21 18:00:00,1787338799999,2026-08-21 19:00:00,77146.0,ACTIVE,BULL,18.08 14:00,64714.16,76,6,"19.08 14:00,19.08 21:00,20.08 08:00,20.08 16:00,20.08 19:00,21.08 07:00",77146.0,19.210386104061293,22.84792076417279,-0.847048003095463,76243.04,1.1843179390538472,,,,
1h,2026-08-21 19:00:00,1787342399999,2026-08-21 20:00:00,77028.94,ACTIVE,BULL,18.08 14:00,64714.16,77,6,"19.08 14:00,19.08 21:00,20.08 08:00,20.08 16:00,20.08 19:00,21.08 07:00",77028.94,19.02949833544931,22.84792076417279,-0.847048003095463,76243.04,1.030782613075254,,,,
1h,2026-08-21 20:00:00,1787345999999,2026-08-21 21:00:00,77520.19,ACTIVE,BULL,18.08 14:00,64714.16,78,6,"19.08 14:00,19.08 21:00,20.08 08:00,20.08 16:00,20.08 19:00,21.08 07:00",77520.19,19.78860577035999,22.84792076417279,-0.847048003095463,76643.72,1.1435640128114821,,,,
1h,2026-08-21 21:00:00,1787349599999,2026-08-21 22:00:00,78505.15,ACTIVE,BULL,18.08 14:00,64714.16,79,6,"19.08 14:00,19.08 21:00,20.08 08:00,20.08 16:00,20.08 19:00,21.08 07:00",78505.15,21.310621972069164,22.84792076417279,-0.847048003095463,76643.72,2.4286790881235865,,,,
1h,2026-08-21 22:00:00,1787353199999,2026-08-21 23:00:00,78460.14,ACTIVE,BULL,18.08 14:00,64714.16,80,6,"19.08 14:00,19.08 21:00,20.08 08:00,20.08 16:00,20.08 19:00,21.08 07:00",78460.14,21.2410699605774,22.84792076417279,-0.847048003095463,76643.72,2.3699528154426774,,,,
1h,2026-08-21 23:00:00,1787356799999,2026-08-22 00:00:00,78338.03,ACTIVE,BULL,18.08 14:00,64714.16,81,6,"19.08 14:00,19.08 21:00,20.08 08:00,20.08 16:00,20.08 19:00,21.08 07:00",78338.03,21.052378644797365,22.84792076417279,-0.847048003095463,76643.72,2.2106312167520015,,,,
1h,2026-08-22 00:00:00,1787360399999,2026-08-22 01:00:00,77953.3,ACTIVE,BULL,18.08 14:00,64714.16,82,6,"19.08 14:00,19.08 21:00,20.08 08:00,20.08 16:00,20.08 19:00,21.08 07:00",77953.3,20.457871971142016,22.84792076417279,-0.847048003095463,76643.72,1.7086592352250074,,,,
1h,2026-08-22 01:00:00,1787363999999,2026-08-22 02:00:00,77830.01,ACTIVE,BULL,18.08 14:00,64714.16,83,6,"19.08 14:00,19.08 21:00,20.08 08:00,20.08 16:00,20.08 19:00,21.08 07:00",77830.01,20.26735725226132,22.84792076417279,-0.847048003095463,76643.72,1.5477980452931916,,,,
1h,2026-08-22 02:00:00,1787367599999,2026-08-22 03:00:00,78470.0,ACTIVE,BULL,18.08 14:00,64714.16,84,6,"19.08 14:00,19.08 21:00,20.08 08:00,20.08 16:00,20.08 19:00,21.08 07:00",78470.0,21.256306193265885,22.84792076417279,-0.847048003095463,77683.37,1.012610549722548,,,,
1h,2026-08-22 03:00:00,1787371199999,2026-08-22 04:00:00,78410.98,ACTIVE,BULL,18.08 14:00,64714.16,85,6,"19.08 14:00,19.08 21:00,20.08 08:00,20.08 16:00,20.08 19:00,21.08 07:00",78410.98,21.16510513309604,22.84792076417279,-0.847048003095463,77683.37,0.9366354729461346,,,,
1h,2026-08-22 04:00:00,1787374799999,2026-08-22 05:00:00,78470.0,ACTIVE,BULL,18.08 14:00,64714.16,86,6,"19.08 14:00,19.08 21:00,20.08 08:00,20.08 16:00,20.08 19:00,21.08 07:00",78470.0,21.256306193265885,22.84792076417279,-0.847048003095463,77683.37,1.012610549722548,,,,
1h,2026-08-22 05:00:00,1787378399999,2026-08-22 06:00:00,77380.75,ENDED,BULL,18.08 14:00,64714.16,87,6,"19.08 14:00,19.08 21:00,20.08 08:00,20.08 16:00,20.08 19:00,21.08 07:00",77380.75,19.573135153110233,22.84792076417279,-0.847048003095463,,,22.08 05:00,77380.75,77683.37,pivot
1h,2026-08-22 06:00:00,1787381999999,2026-08-22 07:00:00,77486.09,ENDED,BULL,18.08 14:00,64714.16,87,6,"19.08 14:00,19.08 21:00,20.08 08:00,20.08 16:00,20.08 19:00,21.08 07:00",77380.75,19.573135153110233,22.84792076417279,-0.847048003095463,,,22.08 05:00,77380.75,77683.37,pivot
1h,2026-08-22 07:00:00,1787385599999,2026-08-22 08:00:00,77289.18,ENDED,BULL,18.08 14:00,64714.16,87,6,"19.08 14:00,19.08 21:00,20.08 08:00,20.08 16:00,20.08 19:00,21.08 07:00",77380.75,19.573135153110233,22.84792076417279,-0.847048003095463,,,22.08 05:00,77380.75,77683.37,pivot
1h,2026-08-22 08:00:00,1787389199999,2026-08-22 09:00:00,77210.55,ENDED,BULL,18.08 14:00,64714.16,87,6,"19.08 14:00,19.08 21:00,20.08 08:00,20.08 16:00,20.08 19:00,21.08 07:00",77380.75,19.573135153110233,22.84792076417279,-0.847048003095463,,,22.08 05:00,77380.75,77683.37,pivot
1h,2026-08-22 09:00:00,1787392799999,2026-08-22 10:00:00,77061.99,ENDED,BULL,18.08 14:00,64714.16,87,6,"19.08 14:00,19.08 21:00,20.08 08:00,20.08 16:00,20.08 19:00,21.08 07:00",77380.75,19.573135153110233,22.84792076417279,-0.847048003095463,,,22.08 05:00,77380.75,77683.37,pivot
1h,2026-08-22 10:00:00,1787396399999,2026-08-22 11:00:00,76976.0,ENDED,BULL,18.08 14:00,64714.16,87,6,"19.08 14:00,19.08 21:00,20.08 08:00,20.08 16:00,20.08 19:00,21.08 07:00",77380.75,19.573135153110233,22.84792076417279,-0.847048003095463,,,22.08 05:00,77380.75,77683.37,pivot
1h,2026-08-22 11:00:00,1787399999999,2026-08-22 12:00:00,77130.02,ENDED,BULL,18.08 14:00,64714.16,87,6,"19.08 14:00,19.08 21:00,20.08 08:00,20.08 16:00,20.08 19:00,21.08 07:00",77380.75,19.573135153110233,22.84792076417279,-0.847048003095463,,,22.08 05:00,77380.75,77683.37,pivot
1h,2026-08-22 12:00:00,1787403599999,2026-08-22 13:00:00,77300.27,ENDED,BULL,18.08 14:00,64714.16,87,6,"19.08 14:00,19.08 21:00,20.08 08:00,20.08 16:00,20.08 19:00,21.08 07:00",77380.75,19.573135153110233,22.84792076417279,-0.847048003095463,,,22.08 05:00,77380.75,77683.37,pivot
1h,2026-08-22 13:00:00,1787407199999,2026-08-22 14:00:00,77288.62,ENDED,BULL,18.08 14:00,64714.16,87,6,"19.08 14:00,19.08 21:00,20.08 08:00,20.08 16:00,20.08 19:00,21.08 07:00",77380.75,19.573135153110233,22.84792076417279,-0.847048003095463,,,22.08 05:00,77380.75,77683.37,pivot
1h,2026-08-22 14:00:00,1787410799999,2026-08-22 15:00:00,77003.62,ENDED,BULL,18.08 14:00,64714.16,87,6,"19.08 14:00,19.08 21:00,20.08 08:00,20.08 16:00,20.08 19:00,21.08 07:00",77380.75,19.573135153110233,22.84792076417279,-0.847048003095463,,,22.08 05:00,77380.75,77683.37,pivot
1h,2026-08-22 15:00:00,1787414399999,2026-08-22 16:00:00,76978.83,ENDED,BULL,18.08 14:00,64714.16,87,6,"19.08 14:00,19.08 21:00,20.08 08:00,20.08 16:00,20.08 19:00,21.08 07:00",77380.75,19.573135153110233,22.84792076417279,-0.847048003095463,,,22.08 05:00,77380.75,77683.37,pivot
1h,2026-08-22 16:00:00,1787417999999,2026-08-22 17:00:00,77288.01,ENDED,BULL,18.08 14:00,64714.16,87,6,"19.08 14:00,19.08 21:00,20.08 08:00,20.08 16:00,20.08 19:00,21.08 07:00",77380.75,19.573135153110233,22.84792076417279,-0.847048003095463,,,22.08 05:00,77380.75,77683.37,pivot
1h,2026-08-22 17:00:00,1787421599999,2026-08-22 18:00:00,77278.01,ENDED,BULL,18.08 14:00,64714.16,87,6,"19.08 14:00,19.08 21:00,20.08 08:00,20.08 16:00,20.08 19:00,21.08 07:00",77380.75,19.573135153110233,22.84792076417279,-0.847048003095463,,,22.08 05:00,77380.75,77683.37,pivot
1h,2026-08-22 18:00:00,1787425199999,2026-08-22 19:00:00,77257.86,ENDED,BULL,18.08 14:00,64714.16,87,6,"19.08 14:00,19.08 21:00,20.08 08:00,20.08 16:00,20.08 19:00,21.08 07:00",77380.75,19.573135153110233,22.84792076417279,-0.847048003095463,,,22.08 05:00,77380.75,77683.37,pivot
1h,2026-08-22 19:00:00,1787428799999,2026-08-22 20:00:00,77418.25,ENDED,BULL,18.08 14:00,64714.16,87,6,"19.08 14:00,19.08 21:00,20.08 08:00,20.08 16:00,20.08 19:00,21.08 07:00",77380.75,19.573135153110233,22.84792076417279,-0.847048003095463,,,22.08 05:00,77380.75,77683.37,pivot
1h,2026-08-22 20:00:00,1787432399999,2026-08-22 21:00:00,77311.69,ENDED,BULL,18.08 14:00,64714.16,87,6,"19.08 14:00,19.08 21:00,20.08 08:00,20.08 16:00,20.08 19:00,21.08 07:00",77380.75,19.573135153110233,22.84792076417279,-0.847048003095463,,,22.08 05:00,77380.75,77683.37,pivot
1h,2026-08-22 21:00:00,1787435999999,2026-08-22 22:00:00,76856.01,ENDED,BULL,18.08 14:00,64714.16,87,6,"19.08 14:00,19.08 21:00,20.08 08:00,20.08 16:00,20.08 19:00,21.08 07:00",77380.75,19.573135153110233,22.84792076417279,-0.847048003095463,,,22.08 05:00,77380.75,77683.37,pivot
1h,2026-08-22 22:00:00,1787439599999,2026-08-22 23:00:00,76997.76,ENDED,BULL,18.08 14:00,64714.16,87,6,"19.08 14:00,19.08 21:00,20.08 08:00,20.08 16:00,20.08 19:00,21.08 07:00",77380.75,19.573135153110233,22.84792076417279,-0.847048003095463,,,22.08 05:00,77380.75,77683.37,pivot
1h,2026-08-22 23:00:00,1787443199999,2026-08-23 00:00:00,77074.93,ENDED,BULL,18.08 14:00,64714.16,87,6,"19.08 14:00,19.08 21:00,20.08 08:00,20.08 16:00,20.08 19:00,21.08 07:00",77380.75,19.573135153110233,22.84792076417279,-0.847048003095463,,,22.08 05:00,77380.75,77683.37,pivot
1h,2026-08-23 00:00:00,1787446799999,2026-08-23 01:00:00,77302.65,ENDED,BULL,18.08 14:00,64714.16,87,6,"19.08 14:00,19.08 21:00,20.08 08:00,20.08 16:00,20.08 19:00,21.08 07:00",77380.75,19.573135153110233,22.84792076417279,-0.847048003095463,,,22.08 05:00,77380.75,77683.37,pivot
1h,2026-08-23 01:00:00,1787450399999,2026-08-23 02:00:00,77190.29,ENDED,BULL,18.08 14:00,64714.16,87,6,"19.08 14:00,19.08 21:00,20.08 08:00,20.08 16:00,20.08 19:00,21.08 07:00",77380.75,19.573135153110233,22.84792076417279,-0.847048003095463,,,22.08 05:00,77380.75,77683.37,pivot
1h,2026-08-23 02:00:00,1787453999999,2026-08-23 03:00:00,77079.46,ENDED,BULL,18.08 14:00,64714.16,87,6,"19.08 14:00,19.08 21:00,20.08 08:00,20.08 16:00,20.08 19:00,21.08 07:00",77380.75,19.573135153110233,22.84792076417279,-0.847048003095463,,,22.08 05:00,77380.75,77683.37,pivot
1h,2026-08-23 03:00:00,1787457599999,2026-08-23 04:00:00,76927.87,ENDED,BULL,18.08 14:00,64714.16,87,6,"19.08 14:00,19.08 21:00,20.08 08:00,20.08 16:00,20.08 19:00,21.08 07:00",77380.75,19.573135153110233,22.84792076417279,-0.847048003095463,,,22.08 05:00,77380.75,77683.37,pivot
1h,2026-08-23 04:00:00,1787461199999,2026-08-23 05:00:00,76602.0,ENDED,BULL,18.08 14:00,64714.16,87,6,"19.08 14:00,19.08 21:00,20.08 08:00,20.08 16:00,20.08 19:00,21.08 07:00",77380.75,19.573135153110233,22.84792076417279,-0.847048003095463,,,22.08 05:00,77380.75,77683.37,pivot
1h,2026-08-23 05:00:00,1787464799999,2026-08-23 06:00:00,76053.37,ENDED,BULL,18.08 14:00,64714.16,87,6,"19.08 14:00,19.08 21:00,20.08 08:00,20.08 16:00,20.08 19:00,21.08 07:00",77380.75,19.573135153110233,22.84792076417279,-0.847048003095463,,,22.08 05:00,77380.75,77683.37,pivot
1h,2026-08-23 06:00:00,1787468399999,2026-08-23 07:00:00,76096.95,ENDED,BULL,18.08 14:00,64714.16,87,6,"19.08 14:00,19.08 21:00,20.08 08:00,20.08 16:00,20.08 19:00,21.08 07:00",77380.75,19.573135153110233,22.84792076417279,-0.847048003095463,,,22.08 05:00,77380.75,77683.37,pivot
1h,2026-08-23 07:00:00,1787471999999,2026-08-23 08:00:00,76007.13,ENDED,BULL,18.08 14:00,64714.16,87,6,"19.08 14:00,19.08 21:00,20.08 08:00,20.08 16:00,20.08 19:00,21.08 07:00",77380.75,19.573135153110233,22.84792076417279,-0.847048003095463,,,22.08 05:00,77380.75,77683.37,pivot
1h,2026-08-23 08:00:00,1787475599999,2026-08-23 09:00:00,76486.49,ENDED,BULL,18.08 14:00,64714.16,87,6,"19.08 14:00,19.08 21:00,20.08 08:00,20.08 16:00,20.08 19:00,21.08 07:00",77380.75,19.573135153110233,22.84792076417279,-0.847048003095463,,,22.08 05:00,77380.75,77683.37,pivot
1h,2026-08-23 09:00:00,1787479199999,2026-08-23 10:00:00,76549.98,ENDED,BULL,18.08 14:00,64714.16,87,6,"19.08 14:00,19.08 21:00,20.08 08:00,20.08 16:00,20.08 19:00,21.08 07:00",77380.75,19.573135153110233,22.84792076417279,-0.847048003095463,,,22.08 05:00,77380.75,77683.37,pivot
1h,2026-08-23 10:00:00,1787482799999,2026-08-23 11:00:00,76790.35,ENDED,BULL,18.08 14:00,64714.16,87,6,"19.08 14:00,19.08 21:00,20.08 08:00,20.08 16:00,20.08 19:00,21.08 07:00",77380.75,19.573135153110233,22.84792076417279,-0.847048003095463,,,22.08 05:00,77380.75,77683.37,pivot
1h,2026-08-23 11:00:00,1787486399999,2026-08-23 12:00:00,77311.02,ENDED,BULL,18.08 14:00,64714.16,87,6,"19.08 14:00,19.08 21:00,20.08 08:00,20.08 16:00,20.08 19:00,21.08 07:00",77380.75,19.573135153110233,22.84792076417279,-0.847048003095463,,,22.08 05:00,77380.75,77683.37,pivot
1h,2026-08-23 12:00:00,1787489999999,2026-08-23 13:00:00,77206.0,ENDED,BULL,18.08 14:00,64714.16,87,6,"19.08 14:00,19.08 21:00,20.08 08:00,20.08 16:00,20.08 19:00,21.08 07:00",77380.75,19.573135153110233,22.84792076417279,-0.847048003095463,,,22.08 05:00,77380.75,77683.37,pivot
1h,2026-08-23 13:00:00,1787493599999,2026-08-23 14:00:00,77487.62,ENDED,BULL,18.08 14:00,64714.16,87,6,"19.08 14:00,19.08 21:00,20.08 08:00,20.08 16:00,20.08 19:00,21.08 07:00",77380.75,19.573135153110233,22.84792076417279,-0.847048003095463,,,22.08 05:00,77380.75,77683.37,pivot
1h,2026-08-23 14:00:00,1787497199999,2026-08-23 15:00:00,77186.0,ENDED,BULL,18.08 14:00,64714.16,87,6,"19.08 14:00,19.08 21:00,20.08 08:00,20.08 16:00,20.08 19:00,21.08 07:00",77380.75,19.573135153110233,22.84792076417279,-0.847048003095463,,,22.08 05:00,77380.75,77683.37,pivot
1h,2026-08-23 15:00:00,1787500799999,2026-08-23 16:00:00,77156.13,ENDED,BULL,18.08 14:00,64714.16,87,6,"19.08 14:00,19.08 21:00,20.08 08:00,20.08 16:00,20.08 19:00,21.08 07:00",77380.75,19.573135153110233,22.84792076417279,-0.847048003095463,,,22.08 05:00,77380.75,77683.37,pivot
1h,2026-08-23 16:00:00,1787504399999,2026-08-23 17:00:00,77429.88,ENDED,BULL,18.08 14:00,64714.16,87,6,"19.08 14:00,19.08 21:00,20.08 08:00,20.08 16:00,20.08 19:00,21.08 07:00",77380.75,19.573135153110233,22.84792076417279,-0.847048003095463,,,22.08 05:00,77380.75,77683.37,pivot
1h,2026-08-23 17:00:00,1787507999999,2026-08-23 18:00:00,77176.41,ENDED,BULL,18.08 14:00,64714.16,87,6,"19.08 14:00,19.08 21:00,20.08 08:00,20.08 16:00,20.08 19:00,21.08 07:00",77380.75,19.573135153110233,22.84792076417279,-0.847048003095463,,,22.08 05:00,77380.75,77683.37,pivot
1h,2026-08-23 18:00:00,1787511599999,2026-08-23 19:00:00,77341.98,ENDED,BULL,18.08 14:00,64714.16,87,6,"19.08 14:00,19.08 21:00,20.08 08:00,20.08 16:00,20.08 19:00,21.08 07:00",77380.75,19.573135153110233,22.84792076417279,-0.847048003095463,,,22.08 05:00,77380.75,77683.37,pivot
1h,2026-08-23 19:00:00,1787515199999,2026-08-23 20:00:00,77346.01,ENDED,BULL,18.08 14:00,64714.16,87,6,"19.08 14:00,19.08 21:00,20.08 08:00,20.08 16:00,20.08 19:00,21.08 07:00",77380.75,19.573135153110233,22.84792076417279,-0.847048003095463,,,22.08 05:00,77380.75,77683.37,pivot
1h,2026-08-23 20:00:00,1787518799999,2026-08-23 21:00:00,77401.6,ENDED,BULL,18.08 14:00,64714.16,87,6,"19.08 14:00,19.08 21:00,20.08 08:00,20.08 16:00,20.08 19:00,21.08 07:00",77380.75,19.573135153110233,22.84792076417279,-0.847048003095463,,,22.08 05:00,77380.75,77683.37,pivot
1h,2026-08-23 21:00:00,1787522399999,2026-08-23 22:00:00,77833.23,ENDED,BULL,18.08 14:00,64714.16,87,6,"19.08 14:00,19.08 21:00,20.08 08:00,20.08 16:00,20.08 19:00,21.08 07:00",77380.75,19.573135153110233,22.84792076417279,-0.847048003095463,,,22.08 05:00,77380.75,77683.37,pivot
1h,2026-08-23 22:00:00,1787525999999,2026-08-23 23:00:00,77598.88,ENDED,BULL,18.08 14:00,64714.16,87,6,"19.08 14:00,19.08 21:00,20.08 08:00,20.08 16:00,20.08 19:00,21.08 07:00",77380.75,19.573135153110233,22.84792076417279,-0.847048003095463,,,22.08 05:00,77380.75,77683.37,pivot
1h,2026-08-23 23:00:00,1787529599999,2026-08-24 00:00:00,77734.0,ENDED,BULL,18.08 14:00,64714.16,87,6,"19.08 14:00,19.08 21:00,20.08 08:00,20.08 16:00,20.08 19:00,21.08 07:00",77380.75,19.573135153110233,22.84792076417279,-0.847048003095463,,,22.08 05:00,77380.75,77683.37,pivot
1h,2026-08-24 00:00:00,1787533199999,2026-08-24 01:00:00,77679.5,ENDED,BULL,18.08 14:00,64714.16,87,6,"19.08 14:00,19.08 21:00,20.08 08:00,20.08 16:00,20.08 19:00,21.08 07:00",77380.75,19.573135153110233,22.84792076417279,-0.847048003095463,,,22.08 05:00,77380.75,77683.37,pivot
1h,2026-08-24 01:00:00,1787536799999,2026-08-24 02:00:00,76922.1,ENDED,BULL,18.08 14:00,64714.16,87,6,"19.08 14:00,19.08 21:00,20.08 08:00,20.08 16:00,20.08 19:00,21.08 07:00",77380.75,19.573135153110233,22.84792076417279,-0.847048003095463,,,22.08 05:00,77380.75,77683.37,pivot
1h,2026-08-24 02:00:00,1787540399999,2026-08-24 03:00:00,77478.69,ENDED,BULL,18.08 14:00,64714.16,87,6,"19.08 14:00,19.08 21:00,20.08 08:00,20.08 16:00,20.08 19:00,21.08 07:00",77380.75,19.573135153110233,22.84792076417279,-0.847048003095463,,,22.08 05:00,77380.75,77683.37,pivot
1h,2026-08-24 03:00:00,1787543999999,2026-08-24 04:00:00,76933.02,ENDED,BULL,18.08 14:00,64714.16,87,6,"19.08 14:00,19.08 21:00,20.08 08:00,20.08 16:00,20.08 19:00,21.08 07:00",77380.75,19.573135153110233,22.84792076417279,-0.847048003095463,,,22.08 05:00,77380.75,77683.37,pivot
1h,2026-08-24 04:00:00,1787547599999,2026-08-24 05:00:00,76897.44,ENDED,BULL,18.08 14:00,64714.16,87,6,"19.08 14:00,19.08 21:00,20.08 08:00,20.08 16:00,20.08 19:00,21.08 07:00",77380.75,19.573135153110233,22.84792076417279,-0.847048003095463,,,22.08 05:00,77380.75,77683.37,pivot
1h,2026-08-24 05:00:00,1787551199999,2026-08-24 06:00:00,77149.4,ENDED,BULL,18.08 14:00,64714.16,87,6,"19.08 14:00,19.08 21:00,20.08 08:00,20.08 16:00,20.08 19:00,21.08 07:00",77380.75,19.573135153110233,22.84792076417279,-0.847048003095463,,,22.08 05:00,77380.75,77683.37,pivot
1h,2026-08-24 06:00:00,1787554799999,2026-08-24 07:00:00,77464.33,ENDED,BULL,18.08 14:00,64714.16,87,6,"19.08 14:00,19.08 21:00,20.08 08:00,20.08 16:00,20.08 19:00,21.08 07:00",77380.75,19.573135153110233,22.84792076417279,-0.847048003095463,,,22.08 05:00,77380.75,77683.37,pivot
1h,2026-08-24 07:00:00,1787558399999,2026-08-24 08:00:00,77307.15,ENDED,BULL,18.08 14:00,64714.16,87,6,"19.08 14:00,19.08 21:00,20.08 08:00,20.08 16:00,20.08 19:00,21.08 07:00",77380.75,19.573135153110233,22.84792076417279,-0.847048003095463,,,22.08 05:00,77380.75,77683.37,pivot
1h,2026-08-24 08:00:00,1787561999999,2026-08-24 09:00:00,77041.47,ENDED,BULL,18.08 14:00,64714.16,87,6,"19.08 14:00,19.08 21:00,20.08 08:00,20.08 16:00,20.08 19:00,21.08 07:00",77380.75,19.573135153110233,22.84792076417279,-0.847048003095463,,,22.08 05:00,77380.75,77683.37,pivot
1h,2026-08-24 09:00:00,1787565599999,2026-08-24 10:00:00,77554.08,ENDED,BULL,18.08 14:00,64714.16,87,6,"19.08 14:00,19.08 21:00,20.08 08:00,20.08 16:00,20.08 19:00,21.08 07:00",77380.75,19.573135153110233,22.84792076417279,-0.847048003095463,,,22.08 05:00,77380.75,77683.37,pivot
1h,2026-08-24 10:00:00,1787569199999,2026-08-24 11:00:00,77617.22,ENDED,BULL,18.08 14:00,64714.16,87,6,"19.08 14:00,19.08 21:00,20.08 08:00,20.08 16:00,20.08 19:00,21.08 07:00",77380.75,19.573135153110233,22.84792076417279,-0.847048003095463,,,22.08 05:00,77380.75,77683.37,pivot
1h,2026-08-24 11:00:00,1787572799999,2026-08-24 12:00:00,78443.65,ACTIVE,BULL,24.08 11:00,78443.65,0,0,,78443.65,0.0,0.0,0.0,78052.85,0.5006863938984862,,,,
1h,2026-08-24 12:00:00,1787576399999,2026-08-24 13:00:00,79159.99,ACTIVE,BULL,24.08 11:00,78443.65,1,0,,79159.99,0.9131905514340621,1.1254320776761473,-0.5885116258613543,78052.85,1.4184491661739518,,,,
1h,2026-08-24 13:00:00,1787579999999,2026-08-24 14:00:00,78597.99,ACTIVE,BULL,24.08 11:00,78443.65,2,0,,78597.99,0.1967527008241099,1.2828954287568362,-0.7543631638762371,78052.85,0.6984242087252346,,,,
1h,2026-08-24 14:00:00,1787583599999,2026-08-24 15:00:00,79510.92,ACTIVE,BULL,24.08 11:00,78443.65,3,0,,79510.92,1.3605562719225972,1.7814953791670751,-0.7543631638762371,78052.85,1.8680547859559082,,,,
1h,2026-08-24 15:00:00,1787587199999,2026-08-24 16:00:00,79100.01,ACTIVE,BULL,24.08 11:00,78443.65,4,0,,79100.01,0.8367280206874605,1.9840356740156828,-0.7543631638762371,78052.85,1.3416037979394613,,,,
1h,2026-08-24 16:00:00,1787590799999,2026-08-24 17:00:00,79047.6,ACTIVE,BULL,24.08 11:00,78443.65,5,0,,79047.6,0.7699157293165282,1.9840356740156828,-0.7543631638762371,78052.85,1.2744569865161814,,,,
1h,2026-08-24 17:00:00,1787594399999,2026-08-24 18:00:00,78761.14,ACTIVE,BULL,24.08 11:00,78443.65,6,0,,78761.14,0.4047363935767878,1.9840356740156828,-0.7543631638762371,78052.85,0.9074492475290796,,,,
1h,2026-08-24 18:00:00,1787597999999,2026-08-24 19:00:00,78928.35,ACTIVE,BULL,24.08 11:00,78443.65,7,0,,78928.35,0.617895776139954,1.9840356740156828,-0.7543631638762371,78052.85,1.1216758901180457,,,,
1h,2026-08-24 19:00:00,1787601599999,2026-08-24 20:00:00,78758.0,ACTIVE,BULL,24.08 11:00,78443.65,8,0,,78758.0,0.40073352017659936,1.9840356740156828,-0.7543631638762371,78468.61,0.3687971534094947,,,,
1h,2026-08-24 20:00:00,1787605199999,2026-08-24 21:00:00,78932.33,ACTIVE,BULL,24.08 11:00,78443.65,9,0,,78932.33,0.6229694819147369,1.9840356740156828,-0.7543631638762371,78468.61,0.5909624243375822,,,,
1h,2026-08-24 21:00:00,1787608799999,2026-08-24 22:00:00,78984.23,ACTIVE,BULL,24.08 11:00,78443.65,10,0,,78984.23,0.6891316250582369,1.9840356740156828,-0.7543631638762371,78468.61,0.657103522032565,,,,
1h,2026-08-24 22:00:00,1787612399999,2026-08-24 23:00:00,78740.0,ACTIVE,BULL,24.08 11:00,78443.65,11,0,,78740.0,0.3777871121499299,1.9840356740156828,-0.7543631638762371,78560.0,0.22912423625254252,,,,
1h,2026-08-24 23:00:00,1787615999999,2026-08-25 00:00:00,78992.75,ACTIVE,BULL,24.08 11:00,78443.65,12,0,,78992.75,0.6999929248575398,1.9840356740156828,-0.7543631638762371,78560.0,0.5508528513238353,,,,
1h,2026-08-25 00:00:00,1787619599999,2026-08-25 01:00:00,79739.99,ACTIVE,BULL,24.08 11:00,78443.65,13,0,,79739.99,1.6525748100706839,1.9840356740156828,-0.7543631638762371,78560.0,1.5020239307535599,,,,
1h,2026-08-25 01:00:00,1787623199999,2026-08-25 02:00:00,79828.0,ACTIVE,BULL,24.08 11:00,78443.65,14,0,,79828.0,1.764769997316562,1.9840356740156828,-0.7543631638762371,78622.13,1.5337539189029803,,,,
1h,2026-08-25 02:00:00,1787626799999,2026-08-25 03:00:00,80649.63,ACTIVE,BULL,24.08 11:00,78443.65,15,1,25.08 02:00,80649.63,2.8121842877020686,3.606372217509013,-0.7543631638762371,78622.13,2.5787904754043245,,,,
1h,2026-08-25 03:00:00,1787630399999,2026-08-25 04:00:00,80488.01,ACTIVE,BULL,24.08 11:00,78443.65,16,1,25.08 02:00,80488.01,2.6061510396316434,3.606372217509013,-0.7543631638762371,78622.13,2.3732249431553054,,,,
1h,2026-08-25 04:00:00,1787633999999,2026-08-25 05:00:00,80363.73,ACTIVE,BULL,24.08 11:00,78443.65,17,1,25.08 02:00,80363.73,2.447718840212043,3.606372217509013,-0.7543631638762371,78622.13,2.2151524004755396,,,,
1h,2026-08-25 05:00:00,1787637599999,2026-08-25 06:00:00,80731.9,ACTIVE,BULL,24.08 11:00,78443.65,18,1,25.08 02:00,80731.9,2.9170621203883362,3.606372217509013,-0.7543631638762371,78622.13,2.6834302250523967,,,,
1h,2026-08-25 06:00:00,1787641199999,2026-08-25 07:00:00,80574.09,ACTIVE,BULL,24.08 11:00,78443.65,19,1,25.08 02:00,80574.09,2.7158858620168758,3.606372217509013,-0.7543631638762371,78622.13,2.482710656656084,,,,
1h,2026-08-25 07:00:00,1787644799999,2026-08-25 08:00:00,79705.79,ACTIVE,BULL,24.08 11:00,78443.65,20,1,25.08 02:00,79705.79,1.6089766348200252,3.606372217509013,-0.7543631638762371,78622.13,1.3783142227258294,,,,
1h,2026-08-25 08:00:00,1787648399999,2026-08-25 09:00:00,79930.77,ACTIVE,BULL,24.08 11:00,78443.65,21,1,25.08 02:00,79930.77,1.8957812391442896,3.606372217509013,-0.7543631638762371,78622.13,1.6644677522728024,,,,
1h,2026-08-25 09:00:00,1787651999999,2026-08-25 10:00:00,79187.2,ACTIVE,BULL,24.08 11:00,78443.65,22,1,25.08 02:00,79187.2,0.9478778715676928,3.606372217509013,-0.7543631638762371,78622.13,0.7187162189576712,,,,
1h,2026-08-25 10:00:00,1787655599999,2026-08-25 11:00:00,79309.63,ACTIVE,BULL,24.08 11:00,78443.65,23,1,25.08 02:00,79309.63,1.103951690162308,3.606372217509013,-0.7543631638762371,78622.13,0.8744357345698894,,,,
1h,2026-08-25 11:00:00,1787659199999,2026-08-25 12:00:00,79117.99,ACTIVE,BULL,24.08 11:00,78443.65,24,1,25.08 02:00,79117.99,0.8596489327052037,3.606372217509013,-0.7543631638762371,78888.0,0.2915399046749867,,,,
1h,2026-08-25 12:00:00,1787662799999,2026-08-25 13:00:00,78980.0,ACTIVE,BULL,24.08 11:00,78443.65,25,1,25.08 02:00,78980.0,0.6837392191719971,3.606372217509013,-0.7543631638762371,78888.0,0.11662103234966192,,,,
1h,2026-08-25 13:00:00,1787666399999,2026-08-25 14:00:00,78647.99,ENDED,BULL,24.08 11:00,78443.65,26,1,25.08 02:00,78647.99,0.26049272312036464,3.606372217509013,-0.7543631638762371,,,25.08 13:00,78647.99,78888.0,pivot
1h,2026-08-25 14:00:00,1787669999999,2026-08-25 15:00:00,79235.99,ENDED,BULL,24.08 11:00,78443.65,26,1,25.08 02:00,78647.99,0.26049272312036464,3.606372217509013,-0.7543631638762371,,,25.08 13:00,78647.99,78888.0,pivot
1h,2026-08-25 15:00:00,1787673599999,2026-08-25 16:00:00,79502.01,ENDED,BULL,24.08 11:00,78443.65,26,1,25.08 02:00,78647.99,0.26049272312036464,3.606372217509013,-0.7543631638762371,,,25.08 13:00,78647.99,78888.0,pivot
1h,2026-08-25 16:00:00,1787677199999,2026-08-25 17:00:00,79156.02,ENDED,BULL,24.08 11:00,78443.65,26,1,25.08 02:00,78647.99,0.26049272312036464,3.606372217509013,-0.7543631638762371,,,25.08 13:00,78647.99,78888.0,pivot
1h,2026-08-25 17:00:00,1787680799999,2026-08-25 18:00:00,79240.01,ENDED,BULL,24.08 11:00,78443.65,26,1,25.08 02:00,78647.99,0.26049272312036464,3.606372217509013,-0.7543631638762371,,,25.08 13:00,78647.99,78888.0,pivot
1h,2026-08-25 18:00:00,1787684399999,2026-08-25 19:00:00,79128.0,ENDED,BULL,24.08 11:00,78443.65,26,1,25.08 02:00,78647.99,0.26049272312036464,3.606372217509013,-0.7543631638762371,,,25.08 13:00,78647.99,78888.0,pivot
1h,2026-08-25 19:00:00,1787687999999,2026-08-25 20:00:00,78925.95,ENDED,BULL,24.08 11:00,78443.65,26,1,25.08 02:00,78647.99,0.26049272312036464,3.606372217509013,-0.7543631638762371,,,25.08 13:00,78647.99,78888.0,pivot
1h,2026-08-25 20:00:00,1787691599999,2026-08-25 21:00:00,78206.13,ENDED,BULL,24.08 11:00,78443.65,26,1,25.08 02:00,78647.99,0.26049272312036464,3.606372217509013,-0.7543631638762371,,,25.08 13:00,78647.99,78888.0,pivot
1h,2026-08-25 21:00:00,1787695199999,2026-08-25 22:00:00,78570.0,ENDED,BULL,24.08 11:00,78443.65,26,1,25.08 02:00,78647.99,0.26049272312036464,3.606372217509013,-0.7543631638762371,,,25.08 13:00,78647.99,78888.0,pivot
1h,2026-08-25 22:00:00,1787698799999,2026-08-25 23:00:00,78889.51,ENDED,BULL,24.08 11:00,78443.65,26,1,25.08 02:00,78647.99,0.26049272312036464,3.606372217509013,-0.7543631638762371,,,25.08 13:00,78647.99,78888.0,pivot
1h,2026-08-25 23:00:00,1787702399999,2026-08-26 00:00:00,78539.14,ENDED,BULL,24.08 11:00,78443.65,26,1,25.08 02:00,78647.99,0.26049272312036464,3.606372217509013,-0.7543631638762371,,,25.08 13:00,78647.99,78888.0,pivot
1h,2026-08-26 00:00:00,1787705999999,2026-08-26 01:00:00,78631.79,ENDED,BULL,24.08 11:00,78443.65,26,1,25.08 02:00,78647.99,0.26049272312036464,3.606372217509013,-0.7543631638762371,,,25.08 13:00,78647.99,78888.0,pivot
1h,2026-08-26 01:00:00,1787709599999,2026-08-26 02:00:00,78815.13,ENDED,BULL,24.08 11:00,78443.65,26,1,25.08 02:00,78647.99,0.26049272312036464,3.606372217509013,-0.7543631638762371,,,25.08 13:00,78647.99,78888.0,pivot
1h,2026-08-26 02:00:00,1787713199999,2026-08-26 03:00:00,79108.0,ENDED,BULL,24.08 11:00,78443.65,26,1,25.08 02:00,78647.99,0.26049272312036464,3.606372217509013,-0.7543631638762371,,,25.08 13:00,78647.99,78888.0,pivot
1h,2026-08-26 03:00:00,1787716799999,2026-08-26 04:00:00,79088.62,ENDED,BULL,24.08 11:00,78443.65,26,1,25.08 02:00,78647.99,0.26049272312036464,3.606372217509013,-0.7543631638762371,,,25.08 13:00,78647.99,78888.0,pivot
1h,2026-08-26 04:00:00,1787720399999,2026-08-26 05:00:00,78826.0,ENDED,BULL,24.08 11:00,78443.65,26,1,25.08 02:00,78647.99,0.26049272312036464,3.606372217509013,-0.7543631638762371,,,25.08 13:00,78647.99,78888.0,pivot
1h,2026-08-26 05:00:00,1787723999999,2026-08-26 06:00:00,79085.98,ENDED,BULL,24.08 11:00,78443.65,26,1,25.08 02:00,78647.99,0.26049272312036464,3.606372217509013,-0.7543631638762371,,,25.08 13:00,78647.99,78888.0,pivot
1h,2026-08-26 06:00:00,1787727599999,2026-08-26 07:00:00,78947.92,ENDED,BULL,24.08 11:00,78443.65,26,1,25.08 02:00,78647.99,0.26049272312036464,3.606372217509013,-0.7543631638762371,,,25.08 13:00,78647.99,78888.0,pivot
1h,2026-08-26 07:00:00,1787731199999,2026-08-26 08:00:00,78925.56,ENDED,BULL,24.08 11:00,78443.65,26,1,25.08 02:00,78647.99,0.26049272312036464,3.606372217509013,-0.7543631638762371,,,25.08 13:00,78647.99,78888.0,pivot
1h,2026-08-26 08:00:00,1787734799999,2026-08-26 09:00:00,78707.59,ENDED,BULL,24.08 11:00,78443.65,26,1,25.08 02:00,78647.99,0.26049272312036464,3.606372217509013,-0.7543631638762371,,,25.08 13:00,78647.99,78888.0,pivot
1h,2026-08-26 09:00:00,1787738399999,2026-08-26 10:00:00,78444.49,ENDED,BULL,24.08 11:00,78443.65,26,1,25.08 02:00,78647.99,0.26049272312036464,3.606372217509013,-0.7543631638762371,,,25.08 13:00,78647.99,78888.0,pivot
1h,2026-08-26 10:00:00,1787741999999,2026-08-26 11:00:00,78727.45,ENDED,BULL,24.08 11:00,78443.65,26,1,25.08 02:00,78647.99,0.26049272312036464,3.606372217509013,-0.7543631638762371,,,25.08 13:00,78647.99,78888.0,pivot
1h,2026-08-26 11:00:00,1787745599999,2026-08-26 12:00:00,78487.26,ENDED,BULL,24.08 11:00,78443.65,26,1,25.08 02:00,78647.99,0.26049272312036464,3.606372217509013,-0.7543631638762371,,,25.08 13:00,78647.99,78888.0,pivot
1h,2026-08-26 12:00:00,1787749199999,2026-08-26 13:00:00,78319.59,ENDED,BULL,24.08 11:00,78443.65,26,1,25.08 02:00,78647.99,0.26049272312036464,3.606372217509013,-0.7543631638762371,,,25.08 13:00,78647.99,78888.0,pivot
1h,2026-08-26 13:00:00,1787752799999,2026-08-26 14:00:00,78448.66,ENDED,BULL,24.08 11:00,78443.65,26,1,25.08 02:00,78647.99,0.26049272312036464,3.606372217509013,-0.7543631638762371,,,25.08 13:00,78647.99,78888.0,pivot
1h,2026-08-26 14:00:00,1787756399999,2026-08-26 15:00:00,77790.48,ENDED,BULL,24.08 11:00,78443.65,26,1,25.08 02:00,78647.99,0.26049272312036464,3.606372217509013,-0.7543631638762371,,,25.08 13:00,78647.99,78888.0,pivot
1h,2026-08-26 15:00:00,1787759999999,2026-08-26 16:00:00,78011.65,ENDED,BULL,24.08 11:00,78443.65,26,1,25.08 02:00,78647.99,0.26049272312036464,3.606372217509013,-0.7543631638762371,,,25.08 13:00,78647.99,78888.0,pivot
1h,2026-08-26 16:00:00,1787763599999,2026-08-26 17:00:00,77991.3,ENDED,BULL,24.08 11:00,78443.65,26,1,25.08 02:00,78647.99,0.26049272312036464,3.606372217509013,-0.7543631638762371,,,25.08 13:00,78647.99,78888.0,pivot
1h,2026-08-26 17:00:00,1787767199999,2026-08-26 18:00:00,78442.83,ENDED,BULL,24.08 11:00,78443.65,26,1,25.08 02:00,78647.99,0.26049272312036464,3.606372217509013,-0.7543631638762371,,,25.08 13:00,78647.99,78888.0,pivot
1h,2026-08-26 18:00:00,1787770799999,2026-08-26 19:00:00,78472.41,ENDED,BULL,24.08 11:00,78443.65,26,1,25.08 02:00,78647.99,0.26049272312036464,3.606372217509013,-0.7543631638762371,,,25.08 13:00,78647.99,78888.0,pivot
1h,2026-08-26 19:00:00,1787774399999,2026-08-26 20:00:00,78475.49,ENDED,BULL,24.08 11:00,78443.65,26,1,25.08 02:00,78647.99,0.26049272312036464,3.606372217509013,-0.7543631638762371,,,25.08 13:00,78647.99,78888.0,pivot
1h,2026-08-26 20:00:00,1787777999999,2026-08-26 21:00:00,78452.04,ENDED,BULL,24.08 11:00,78443.65,26,1,25.08 02:00,78647.99,0.26049272312036464,3.606372217509013,-0.7543631638762371,,,25.08 13:00,78647.99,78888.0,pivot
1h,2026-08-26 21:00:00,1787781599999,2026-08-26 22:00:00,78724.01,ENDED,BULL,24.08 11:00,78443.65,26,1,25.08 02:00,78647.99,0.26049272312036464,3.606372217509013,-0.7543631638762371,,,25.08 13:00,78647.99,78888.0,pivot
1h,2026-08-26 22:00:00,1787785199999,2026-08-26 23:00:00,78700.0,ENDED,BULL,24.08 11:00,78443.65,26,1,25.08 02:00,78647.99,0.26049272312036464,3.606372217509013,-0.7543631638762371,,,25.08 13:00,78647.99,78888.0,pivot
1h,2026-08-26 23:00:00,1787788799999,2026-08-27 00:00:00,79023.75,ENDED,BULL,24.08 11:00,78443.65,26,1,25.08 02:00,78647.99,0.26049272312036464,3.606372217509013,-0.7543631638762371,,,25.08 13:00,78647.99,78888.0,pivot
1h,2026-08-27 00:00:00,1787792399999,2026-08-27 01:00:00,78690.01,ENDED,BULL,24.08 11:00,78443.65,26,1,25.08 02:00,78647.99,0.26049272312036464,3.606372217509013,-0.7543631638762371,,,25.08 13:00,78647.99,78888.0,pivot
1h,2026-08-27 01:00:00,1787795999999,2026-08-27 02:00:00,78898.67,ENDED,BULL,24.08 11:00,78443.65,26,1,25.08 02:00,78647.99,0.26049272312036464,3.606372217509013,-0.7543631638762371,,,25.08 13:00,78647.99,78888.0,pivot
1h,2026-08-27 02:00:00,1787799599999,2026-08-27 03:00:00,78717.76,ENDED,BULL,24.08 11:00,78443.65,26,1,25.08 02:00,78647.99,0.26049272312036464,3.606372217509013,-0.7543631638762371,,,25.08 13:00,78647.99,78888.0,pivot
1h,2026-08-27 03:00:00,1787803199999,2026-08-27 04:00:00,78830.68,ENDED,BULL,24.08 11:00,78443.65,26,1,25.08 02:00,78647.99,0.26049272312036464,3.606372217509013,-0.7543631638762371,,,25.08 13:00,78647.99,78888.0,pivot
1h,2026-08-27 04:00:00,1787806799999,2026-08-27 05:00:00,78783.99,ENDED,BULL,24.08 11:00,78443.65,26,1,25.08 02:00,78647.99,0.26049272312036464,3.606372217509013,-0.7543631638762371,,,25.08 13:00,78647.99,78888.0,pivot
1h,2026-08-27 05:00:00,1787810399999,2026-08-27 06:00:00,78912.55,ENDED,BULL,24.08 11:00,78443.65,26,1,25.08 02:00,78647.99,0.26049272312036464,3.606372217509013,-0.7543631638762371,,,25.08 13:00,78647.99,78888.0,pivot
1h,2026-08-27 06:00:00,1787813999999,2026-08-27 07:00:00,78817.49,ENDED,BULL,24.08 11:00,78443.65,26,1,25.08 02:00,78647.99,0.26049272312036464,3.606372217509013,-0.7543631638762371,,,25.08 13:00,78647.99,78888.0,pivot
1h,2026-08-27 07:00:00,1787817599999,2026-08-27 08:00:00,79082.17,ENDED,BULL,24.08 11:00,78443.65,26,1,25.08 02:00,78647.99,0.26049272312036464,3.606372217509013,-0.7543631638762371,,,25.08 13:00,78647.99,78888.0,pivot
1h,2026-08-27 08:00:00,1787821199999,2026-08-27 09:00:00,79755.99,ACTIVE,BULL,27.08 08:00,79755.99,0,0,,79755.99,0.0,0.0,0.0,79174.12,0.7349244930035415,,,,
1h,2026-08-27 09:00:00,1787824799999,2026-08-27 10:00:00,79986.0,ACTIVE,BULL,27.08 08:00,79755.99,1,0,,79986.0,0.2883921320517624,0.9579343194159984,-0.09140379299411583,79174.12,1.0254360894696557,,,,
1h,2026-08-27 10:00:00,1787828399999,2026-08-27 11:00:00,79626.0,ACTIVE,BULL,27.08 08:00,79755.99,2,0,,79626.0,-0.16298462347468234,0.9579343194159984,-0.5190707306122144,79174.12,0.5707420556111176,,,,
1h,2026-08-27 11:00:00,1787831999999,2026-08-27 12:00:00,79477.67,ACTIVE,BULL,27.08 08:00,79755.99,3,0,,79477.67,-0.34896438499478766,0.9579343194159984,-0.7314058793577938,79174.12,0.3833954832715536,,,,
1h,2026-08-27 12:00:00,1787835599999,2026-08-27 13:00:00,79282.31,ACTIVE,BULL,27.08 08:00,79755.99,4,0,,79282.31,-0.5939115043271492,0.9579343194159984,-0.7314058793577938,79174.12,0.1366481875643144,,,,
1h,2026-08-27 13:00:00,1787839199999,2026-08-27 14:00:00,79533.15,ACTIVE,BULL,27.08 08:00,79755.99,5,0,,79533.15,-0.2794022116708872,0.9579343194159984,-1.0481845940348844,79174.12,0.45346888604509417,,,,
1h,2026-08-27 14:00:00,1787842799999,2026-08-27 15:00:00,80204.05,ACTIVE,BULL,27.08 08:00,79755.99,6,0,,80204.05,0.5617885252255039,0.9579343194159984,-1.0481845940348844,79174.12,1.3008417396997984,,,,
1h,2026-08-27 15:00:00,1787846399999,2026-08-27 16:00:00,80302.32,ACTIVE,BULL,27.08 08:00,79755.99,7,0,,80302.32,0.6850018412410064,1.3088922850810203,-1.0481845940348844,78920.0,1.751545869234672,,,,
1h,2026-08-27 16:00:00,1787849999999,2026-08-27 17:00:00,80374.0,ACTIVE,BULL,27.08 08:00,79755.99,8,0,,80374.0,0.7748759685636042,1.3088922850810203,-1.0481845940348844,78920.0,1.8423720223010642,,,,
1h,2026-08-27 17:00:00,1787853599999,2026-08-27 18:00:00,80442.46,ACTIVE,BULL,27.08 08:00,79755.99,9,0,,80442.46,0.8607127815728921,1.370116526670917,-1.0481845940348844,78920.0,1.929118094272697,,,,
1h,2026-08-27 18:00:00,1787857199999,2026-08-27 19:00:00,80150.69,ACTIVE,BULL,27.08 08:00,79755.99,10,0,,80150.69,0.4948844594619084,1.370116526670917,-1.0481845940348844,78920.0,1.5594145970603268,,,,
1h,2026-08-27 19:00:00,1787860799999,2026-08-27 20:00:00,79910.19,ACTIVE,BULL,27.08 08:00,79755.99,11,0,,79910.19,0.19333971028383523,1.370116526670917,-1.0481845940348844,78920.0,1.2546756208819065,,,,
1h,2026-08-27 20:00:00,1787864399999,2026-08-27 21:00:00,80096.0,ACTIVE,BULL,27.08 08:00,79755.99,12,0,,80096.0,0.42631280735152544,1.370116526670917,-1.0481845940348844,79749.7,0.4342336084022902,,,,
1h,2026-08-27 21:00:00,1787867999999,2026-08-27 22:00:00,80184.0,ACTIVE,BULL,27.08 08:00,79755.99,13,0,,80184.0,0.5366493475913225,1.370116526670917,-1.0481845940348844,79749.7,0.544578851080324,,,,
1h,2026-08-27 22:00:00,1787871599999,2026-08-27 23:00:00,80303.21,ACTIVE,BULL,27.08 08:00,79755.99,14,0,,80303.21,0.6861177448866274,1.370116526670917,-1.0481845940348844,79749.7,0.6940590372126909,,,,
1h,2026-08-27 23:00:00,1787875199999,2026-08-28 00:00:00,80249.58,ACTIVE,BULL,27.08 08:00,79755.99,15,0,,80249.58,0.6188751465563858,1.370116526670917,-1.0481845940348844,79749.7,0.626811135339711,,,,
1h,2026-08-28 00:00:00,1787878799999,2026-08-28 01:00:00,80576.0,ACTIVE,BULL,27.08 08:00,79755.99,16,0,,80576.0,1.0281484813867925,1.370116526670917,-1.0481845940348844,79749.7,1.0361167502824564,,,,
1h,2026-08-28 01:00:00,1787882399999,2026-08-28 02:00:00,80500.38,ACTIVE,BULL,27.08 08:00,79755.99,17,0,,80500.38,0.9333342862398064,2.1601888460039076,-1.0481845940348844,79749.7,0.9412950769720929,,,,
1h,2026-08-28 02:00:00,1787885999999,2026-08-28 03:00:00,79926.11,ACTIVE,BULL,27.08 08:00,79755.99,18,0,,79926.11,0.21330059347266506,2.1601888460039076,-1.0481845940348844,79749.7,0.22120459387309221,,,,
1h,2026-08-28 03:00:00,1787889599999,2026-08-28 04:00:00,79810.49,ACTIVE,BULL,27.08 08:00,79755.99,19,0,,79810.49,0.06833342548941967,2.1601888460039076,-1.0481845940348844,79749.7,0.0762259920727093,,,,
1h,2026-08-28 04:00:00,1787893199999,2026-08-28 05:00:00,79643.81,ENDED,BULL,27.08 08:00,79755.99,20,0,,79643.81,-0.14065401231933006,2.1601888460039076,-1.0481845940348844,,,28.08 04:00,79643.81,79749.7,pivot
1h,2026-08-28 05:00:00,1787896799999,2026-08-28 06:00:00,79686.0,ENDED,BULL,27.08 08:00,79755.99,20,0,,79643.81,-0.14065401231933006,2.1601888460039076,-1.0481845940348844,,,28.08 04:00,79643.81,79749.7,pivot
1h,2026-08-28 06:00:00,1787900399999,2026-08-28 07:00:00,79904.21,ENDED,BULL,27.08 08:00,79755.99,20,0,,79643.81,-0.14065401231933006,2.1601888460039076,-1.0481845940348844,,,28.08 04:00,79643.81,79749.7,pivot
1h,2026-08-28 07:00:00,1787903999999,2026-08-28 08:00:00,79660.0,ENDED,BULL,27.08 08:00,79755.99,20,0,,79643.81,-0.14065401231933006,2.1601888460039076,-1.0481845940348844,,,28.08 04:00,79643.81,79749.7,pivot
1h,2026-08-28 08:00:00,1787907599999,2026-08-28 09:00:00,79516.78,ENDED,BULL,27.08 08:00,79755.99,20,0,,79643.81,-0.14065401231933006,2.1601888460039076,-1.0481845940348844,,,28.08 04:00,79643.81,79749.7,pivot
1h,2026-08-28 09:00:00,1787911199999,2026-08-28 10:00:00,79285.19,ENDED,BULL,27.08 08:00,79755.99,20,0,,79643.81,-0.14065401231933006,2.1601888460039076,-1.0481845940348844,,,28.08 04:00,79643.81,79749.7,pivot
1h,2026-08-28 10:00:00,1787914799999,2026-08-28 11:00:00,79565.89,ENDED,BULL,27.08 08:00,79755.99,20,0,,79643.81,-0.14065401231933006,2.1601888460039076,-1.0481845940348844,,,28.08 04:00,79643.81,79749.7,pivot
1h,2026-08-28 11:00:00,1787918399999,2026-08-28 12:00:00,79604.13,ENDED,BULL,27.08 08:00,79755.99,20,0,,79643.81,-0.14065401231933006,2.1601888460039076,-1.0481845940348844,,,28.08 04:00,79643.81,79749.7,pivot
1h,2026-08-28 12:00:00,1787921999999,2026-08-28 13:00:00,79421.05,ENDED,BULL,27.08 08:00,79755.99,20,0,,79643.81,-0.14065401231933006,2.1601888460039076,-1.0481845940348844,,,28.08 04:00,79643.81,79749.7,pivot
1h,2026-08-28 13:00:00,1787925599999,2026-08-28 14:00:00,79330.75,ENDED,BULL,27.08 08:00,79755.99,20,0,,79643.81,-0.14065401231933006,2.1601888460039076,-1.0481845940348844,,,28.08 04:00,79643.81,79749.7,pivot
1h,2026-08-28 14:00:00,1787929199999,2026-08-28 15:00:00,79542.44,ENDED,BULL,27.08 08:00,79755.99,20,0,,79643.81,-0.14065401231933006,2.1601888460039076,-1.0481845940348844,,,28.08 04:00,79643.81,79749.7,pivot
1h,2026-08-28 15:00:00,1787932799999,2026-08-28 16:00:00,78331.13,ENDED,BULL,27.08 08:00,79755.99,20,0,,79643.81,-0.14065401231933006,2.1601888460039076,-1.0481845940348844,,,28.08 04:00,79643.81,79749.7,pivot
1h,2026-08-28 16:00:00,1787936399999,2026-08-28 17:00:00,77788.46,ENDED,BULL,27.08 08:00,79755.99,20,0,,79643.81,-0.14065401231933006,2.1601888460039076,-1.0481845940348844,,,28.08 04:00,79643.81,79749.7,pivot
1h,2026-08-28 17:00:00,1787939999999,2026-08-28 18:00:00,77904.0,ENDED,BULL,27.08 08:00,79755.99,20,0,,79643.81,-0.14065401231933006,2.1601888460039076,-1.0481845940348844,,,28.08 04:00,79643.81,79749.7,pivot
1h,2026-08-28 18:00:00,1787943599999,2026-08-28 19:00:00,77554.0,ACTIVE,BEAR,28.08 18:00,77554.0,0,0,,77554.0,-0.0,-0.0,-0.0,77632.58,0.10122038968690683,,,,
1h,2026-08-28 19:00:00,1787947199999,2026-08-28 20:00:00,77580.03,ACTIVE,BEAR,28.08 18:00,77554.0,1,0,,77580.03,-0.03356371044691553,0.22951749748562067,-0.31378136524229383,77632.58,0.06769065255850526,,,,
1h,2026-08-28 20:00:00,1787950799999,2026-08-28 21:00:00,77407.34,ACTIVE,BEAR,28.08 18:00,77554.0,2,0,,77407.34,0.18910694483843526,0.31431002914097395,-0.31378136524229383,77632.58,0.2901359197388542,,,,
1h,2026-08-28 21:00:00,1787954399999,2026-08-28 22:00:00,77364.0,ACTIVE,BEAR,28.08 18:00,77554.0,3,0,,77364.0,0.24499058720375277,0.38464811615132044,-0.31378136524229383,77632.58,0.3459629964636002,,,,
1h,2026-08-28 22:00:00,1787957999999,2026-08-28 23:00:00,77758.69,ACTIVE,BEAR,28.08 18:00,77554.0,4,0,,77758.69,-0.2639322278670475,0.38464811615132044,-0.31378136524229383,77632.58,-0.16244468495056896,,,,
1h,2026-08-28 23:00:00,1787961599999,2026-08-29 00:00:00,77845.87,ACTIVE,BEAR,28.08 18:00,77554.0,5,0,,77845.87,-0.3763442246692561,0.38464811615132044,-0.37744023519097336,77632.58,-0.2747428978915778,,,,
1h,2026-08-29 00:00:00,1787965199999,2026-08-29 01:00:00,77733.63,ACTIVE,BEAR,28.08 18:00,77554.0,6,0,,77733.63,-0.2316192588390109,0.38464811615132044,-0.5285607447713891,77632.58,-0.13016442323570132,,,,
1h,2026-08-29 01:00:00,1787968799999,2026-08-29 02:00:00,77794.11,ACTIVE,BEAR,28.08 18:00,77554.0,7,0,,77794.11,-0.30960363101839583,0.38464811615132044,-0.5285607447713891,77632.58,-0.2080698593296848,,,,
1h,2026-08-29 02:00:00,1787972399999,2026-08-29 03:00:00,77671.18,ACTIVE,BEAR,28.08 18:00,77554.0,8,0,,77671.18,-0.1510947210975555,0.38464811615132044,-0.5285607447713891,77963.92,0.3754813765136533,,,,
1h,2026-08-29 03:00:00,1787975999999,2026-08-29 04:00:00,77507.17,ACTIVE,BEAR,28.08 18:00,77554.0,9,0,,77507.17,0.0603837326250134,0.38464811615132044,-0.5285607447713891,77963.92,0.5858479152921037,,,,
1h,2026-08-29 04:00:00,1787979599999,2026-08-29 05:00:00,77648.91,ACTIVE,BEAR,28.08 18:00,77554.0,10,0,,77648.91,-0.12237924542899403,0.38464811615132044,-0.5285607447713891,77963.92,0.4040458714749007,,,,
1h,2026-08-29 05:00:00,1787983199999,2026-08-29 06:00:00,77632.53,ACTIVE,BEAR,28.08 18:00,77554.0,11,0,,77632.53,-0.10125847796373932,0.38464811615132044,-0.5285607447713891,77963.92,0.42505558981641434,,,,
1h,2026-08-29 06:00:00,1787986799999,2026-08-29 07:00:00,77466.82,ACTIVE,BEAR,28.08 18:00,77554.0,12,0,,77466.82,0.1124119968022197,0.38464811615132044,-0.5285607447713891,77963.92,0.6376026243934296,,,,
1h,2026-08-29 07:00:00,1787990399999,2026-08-29 08:00:00,77626.01,ACTIVE,BEAR,28.08 18:00,77554.0,13,0,,77626.01,-0.09285143255022277,0.38464811615132044,-0.5285607447713891,77963.92,0.4334184325262336,,,,
1h,2026-08-29 08:00:00,1787993999999,2026-08-29 09:00:00,77633.99,ACTIVE,BEAR,28.08 18:00,77554.0,14,0,,77633.99,-0.10314103721278389,0.38464811615132044,-0.5285607447713891,77963.92,0.4231829287188127,,,,
1h,2026-08-29 09:00:00,1787997599999,2026-08-29 10:00:00,77650.03,ACTIVE,BEAR,28.08 18:00,77554.0,15,0,,77650.03,-0.12382340046934726,0.38464811615132044,-0.5285607447713891,77963.92,0.40260930953702756,,,,
1h,2026-08-29 10:00:00,1788001199999,2026-08-29 11:00:00,77635.17,ACTIVE,BEAR,28.08 18:00,77554.0,16,0,,77635.17,-0.10466255770171795,0.38464811615132044,-0.5285607447713891,77963.92,0.421669408105696,,,,
1h,2026-08-29 11:00:00,1788004799999,2026-08-29 12:00:00,77584.67,ACTIVE,BEAR,28.08 18:00,77554.0,17,0,,77584.67,-0.03954663847125506,0.38464811615132044,-0.5285607447713891,77754.23,0.21807173706176464,,,,
1h,2026-08-29 12:00:00,1788008399999,2026-08-29 13:00:00,77583.74,ACTIVE,BEAR,28.08 18:00,77554.0,18,0,,77583.74,-0.03834747401811889,0.38464811615132044,-0.5285607447713891,77754.23,0.21926781346813806,,,,
1h,2026-08-29 13:00:00,1788011999999,2026-08-29 14:00:00,77704.32,ACTIVE,BEAR,28.08 18:00,77554.0,19,0,,77704.32,-0.19382623720247683,0.38464811615132044,-0.5285607447713891,77754.23,0.06418943380956943,,,,
1h,2026-08-29 14:00:00,1788015599999,2026-08-29 15:00:00,78014.37,ENDED,BEAR,28.08 18:00,77554.0,20,0,,78014.37,-0.5936121927947013,0.38464811615132044,-0.7684967893338834,,,29.08 14:00,78014.37,77754.23,pivot
1h,2026-08-29 15:00:00,1788019199999,2026-08-29 16:00:00,77865.36,ENDED,BEAR,28.08 18:00,77554.0,20,0,,78014.37,-0.5936121927947013,0.38464811615132044,-0.7684967893338834,,,29.08 14:00,78014.37,77754.23,pivot
1h,2026-08-29 16:00:00,1788022799999,2026-08-29 17:00:00,78027.17,ENDED,BEAR,28.08 18:00,77554.0,20,0,,78014.37,-0.5936121927947013,0.38464811615132044,-0.7684967893338834,,,29.08 14:00,78014.37,77754.23,pivot
1h,2026-08-29 17:00:00,1788026399999,2026-08-29 18:00:00,78100.0,ENDED,BEAR,28.08 18:00,77554.0,20,0,,78014.37,-0.5936121927947013,0.38464811615132044,-0.7684967893338834,,,29.08 14:00,78014.37,77754.23,pivot
1h,2026-08-29 18:00:00,1788029999999,2026-08-29 19:00:00,78158.01,ENDED,BEAR,28.08 18:00,77554.0,20,0,,78014.37,-0.5936121927947013,0.38464811615132044,-0.7684967893338834,,,29.08 14:00,78014.37,77754.23,pivot
1h,2026-08-29 19:00:00,1788033599999,2026-08-29 20:00:00,78182.0,ENDED,BEAR,28.08 18:00,77554.0,20,0,,78014.37,-0.5936121927947013,0.38464811615132044,-0.7684967893338834,,,29.08 14:00,78014.37,77754.23,pivot
1h,2026-08-29 20:00:00,1788037199999,2026-08-29 21:00:00,78129.92,ENDED,BEAR,28.08 18:00,77554.0,20,0,,78014.37,-0.5936121927947013,0.38464811615132044,-0.7684967893338834,,,29.08 14:00,78014.37,77754.23,pivot
1h,2026-08-29 21:00:00,1788040799999,2026-08-29 22:00:00,78161.63,ENDED,BEAR,28.08 18:00,77554.0,20,0,,78014.37,-0.5936121927947013,0.38464811615132044,-0.7684967893338834,,,29.08 14:00,78014.37,77754.23,pivot
1h,2026-08-29 22:00:00,1788044399999,2026-08-29 23:00:00,78228.34,ENDED,BEAR,28.08 18:00,77554.0,20,0,,78014.37,-0.5936121927947013,0.38464811615132044,-0.7684967893338834,,,29.08 14:00,78014.37,77754.23,pivot
1h,2026-08-29 23:00:00,1788047999999,2026-08-30 00:00:00,78230.0,ENDED,BEAR,28.08 18:00,77554.0,20,0,,78014.37,-0.5936121927947013,0.38464811615132044,-0.7684967893338834,,,29.08 14:00,78014.37,77754.23,pivot
1h,2026-08-30 00:00:00,1788051599999,2026-08-30 01:00:00,78179.86,ENDED,BEAR,28.08 18:00,77554.0,20,0,,78014.37,-0.5936121927947013,0.38464811615132044,-0.7684967893338834,,,29.08 14:00,78014.37,77754.23,pivot
1h,2026-08-30 01:00:00,1788055199999,2026-08-30 02:00:00,78081.5,ENDED,BEAR,28.08 18:00,77554.0,20,0,,78014.37,-0.5936121927947013,0.38464811615132044,-0.7684967893338834,,,29.08 14:00,78014.37,77754.23,pivot
1h,2026-08-30 02:00:00,1788058799999,2026-08-30 03:00:00,78106.01,ENDED,BEAR,28.08 18:00,77554.0,20,0,,78014.37,-0.5936121927947013,0.38464811615132044,-0.7684967893338834,,,29.08 14:00,78014.37,77754.23,pivot
1h,2026-08-30 03:00:00,1788062399999,2026-08-30 04:00:00,78144.68,ENDED,BEAR,28.08 18:00,77554.0,20,0,,78014.37,-0.5936121927947013,0.38464811615132044,-0.7684967893338834,,,29.08 14:00,78014.37,77754.23,pivot
1h,2026-08-30 04:00:00,1788065999999,2026-08-30 05:00:00,78109.75,ENDED,BEAR,28.08 18:00,77554.0,20,0,,78014.37,-0.5936121927947013,0.38464811615132044,-0.7684967893338834,,,29.08 14:00,78014.37,77754.23,pivot
1h,2026-08-30 05:00:00,1788069599999,2026-08-30 06:00:00,78127.71,ENDED,BEAR,28.08 18:00,77554.0,20,0,,78014.37,-0.5936121927947013,0.38464811615132044,-0.7684967893338834,,,29.08 14:00,78014.37,77754.23,pivot
1h,2026-08-30 06:00:00,1788073199999,2026-08-30 07:00:00,78280.34,ENDED,BEAR,28.08 18:00,77554.0,20,0,,78014.37,-0.5936121927947013,0.38464811615132044,-0.7684967893338834,,,29.08 14:00,78014.37,77754.23,pivot
1h,2026-08-30 07:00:00,1788076799999,2026-08-30 08:00:00,78118.0,ENDED,BEAR,28.08 18:00,77554.0,20,0,,78014.37,-0.5936121927947013,0.38464811615132044,-0.7684967893338834,,,29.08 14:00,78014.37,77754.23,pivot
1h,2026-08-30 08:00:00,1788080399999,2026-08-30 09:00:00,78074.01,ENDED,BEAR,28.08 18:00,77554.0,20,0,,78014.37,-0.5936121927947013,0.38464811615132044,-0.7684967893338834,,,29.08 14:00,78014.37,77754.23,pivot
1h,2026-08-30 09:00:00,1788083999999,2026-08-30 10:00:00,78000.01,ENDED,BEAR,28.08 18:00,77554.0,20,0,,78014.37,-0.5936121927947013,0.38464811615132044,-0.7684967893338834,,,29.08 14:00,78014.37,77754.23,pivot
1h,2026-08-30 10:00:00,1788087599999,2026-08-30 11:00:00,78145.29,ENDED,BEAR,28.08 18:00,77554.0,20,0,,78014.37,-0.5936121927947013,0.38464811615132044,-0.7684967893338834,,,29.08 14:00,78014.37,77754.23,pivot
1h,2026-08-30 11:00:00,1788091199999,2026-08-30 12:00:00,78166.0,ENDED,BEAR,28.08 18:00,77554.0,20,0,,78014.37,-0.5936121927947013,0.38464811615132044,-0.7684967893338834,,,29.08 14:00,78014.37,77754.23,pivot
1h,2026-08-30 12:00:00,1788094799999,2026-08-30 13:00:00,78785.06,ENDED,BEAR,28.08 18:00,77554.0,20,0,,78014.37,-0.5936121927947013,0.38464811615132044,-0.7684967893338834,,,29.08 14:00,78014.37,77754.23,pivot
1h,2026-08-30 13:00:00,1788098399999,2026-08-30 14:00:00,78860.0,ENDED,BEAR,28.08 18:00,77554.0,20,0,,78014.37,-0.5936121927947013,0.38464811615132044,-0.7684967893338834,,,29.08 14:00,78014.37,77754.23,pivot
1h,2026-08-30 14:00:00,1788101999999,2026-08-30 15:00:00,78783.71,ENDED,BEAR,28.08 18:00,77554.0,20,0,,78014.37,-0.5936121927947013,0.38464811615132044,-0.7684967893338834,,,29.08 14:00,78014.37,77754.23,pivot
1h,2026-08-30 15:00:00,1788105599999,2026-08-30 16:00:00,78823.63,ENDED,BEAR,28.08 18:00,77554.0,20,0,,78014.37,-0.5936121927947013,0.38464811615132044,-0.7684967893338834,,,29.08 14:00,78014.37,77754.23,pivot
1h,2026-08-30 16:00:00,1788109199999,2026-08-30 17:00:00,79337.93,ACTIVE,BULL,30.08 16:00,79337.93,0,0,,79337.93,0.0,0.0,0.0,78966.76,0.47003321397509623,,,,
1h,2026-08-30 17:00:00,1788112799999,2026-08-30 18:00:00,79021.02,ACTIVE,BULL,30.08 16:00,79337.93,1,0,,79021.02,-0.3994432423432115,0.0,-0.7097235836629356,78966.76,0.06871245572188656,,,,
1h,2026-08-30 18:00:00,1788116399999,2026-08-30 19:00:00,79036.69,ACTIVE,BULL,30.08 16:00,79337.93,2,0,,79036.69,-0.3796922858965268,0.0,-0.7097235836629356,78966.76,0.0885562482239477,,,,
1h,2026-08-30 19:00:00,1788119999999,2026-08-30 20:00:00,78856.39,ACTIVE,BULL,30.08 16:00,79337.93,3,0,,78856.39,-0.6069480259946247,0.0,-0.7763625796639695,78966.76,-0.13976766933326834,,,,
1h,2026-08-30 20:00:00,1788123599999,2026-08-30 21:00:00,78597.33,ACTIVE,BULL,30.08 16:00,79337.93,4,0,,78597.33,-0.9334753251061478,0.0,-1.1340099243829505,78966.76,-0.4678297552033195,,,,
1h,2026-08-30 21:00:00,1788127199999,2026-08-30 22:00:00,78653.0,ACTIVE,BULL,30.08 16:00,79337.93,5,0,,78653.0,-0.8633071218268396,0.0,-1.3966963846926528,78966.76,-0.39733173806294486,,,,
1h,2026-08-30 22:00:00,1788130799999,2026-08-30 23:00:00,78422.01,ACTIVE,BULL,30.08 16:00,79337.93,6,0,,78422.01,-1.15445411797358,0.0,-1.3966963846926528,78966.76,-0.6898472217930718,,,,
1h,2026-08-30 23:00:00,1788134399999,2026-08-31 00:00:00,77682.0,ACTIVE,BULL,30.08 16:00,79337.93,7,0,,77682.0,-2.087185788688961,0.0,-2.946799847185322,78966.76,-1.6269630411580693,,,,
1h,2026-08-31 00:00:00,1788137999999,2026-08-31 01:00:00,77937.04,ACTIVE,BULL,30.08 16:00,79337.93,8,0,,77937.04,-1.7657254228841124,0.0,-2.946799847185322,78966.76,-1.3039917048641714,,,,
1h,2026-08-31 01:00:00,1788141599999,2026-08-31 02:00:00,77640.94,ACTIVE,BULL,30.08 16:00,79337.93,9,0,,77640.94,-2.138939092562653,0.0,-2.946799847185322,77000.0,0.8323896103896056,,,,
1h,2026-08-31 02:00:00,1788145199999,2026-08-31 03:00:00,77473.99,ACTIVE,BULL,30.08 16:00,79337.93,10,0,,77473.99,-2.349368076530345,0.0,-2.946799847185322,77000.0,0.6155714285714264,,,,
1h,2026-08-31 03:00:00,1788148799999,2026-08-31 04:00:00,77756.71,ACTIVE,BULL,30.08 16:00,79337.93,11,0,,77756.71,-1.9930189759173045,0.0,-2.946799847185322,77000.0,0.9827402597402779,,,,
1h,2026-08-31 04:00:00,1788152399999,2026-08-31 05:00:00,77622.28,ACTIVE,BULL,30.08 16:00,79337.93,12,0,,77622.28,-2.1624587382100824,0.0,-2.946799847185322,77392.0,0.29755013438081956,,,,
1h,2026-08-31 05:00:00,1788155999999,2026-08-31 06:00:00,78016.0,ACTIVE,BULL,30.08 16:00,79337.93,13,0,,78016.0,-1.666201777636489,0.0,-2.946799847185322,77392.0,0.806284887326858,,,,
1h,2026-08-31 06:00:00,1788159599999,2026-08-31 07:00:00,78093.87,ACTIVE,BULL,30.08 16:00,79337.93,14,0,,78093.87,-1.5680520023650724,0.0,-2.946799847185322,77392.0,0.9069025222245175,,,,
1h,2026-08-31 07:00:00,1788163199999,2026-08-31 08:00:00,78196.01,ACTIVE,BULL,30.08 16:00,79337.93,15,0,,78196.01,-1.4393115625779496,0.0,-2.946799847185322,77392.0,1.03887998759562,,,,
1h,2026-08-31 08:00:00,1788166799999,2026-08-31 09:00:00,78480.8,ACTIVE,BULL,30.08 16:00,79337.93,16,0,,78480.8,-1.0803533694413114,0.0,-2.946799847185322,77392.0,1.4068637585280097,,,,
1h,2026-08-31 09:00:00,1788170399999,2026-08-31 10:00:00,78511.03,ACTIVE,BULL,30.08 16:00,79337.93,17,0,,78511.03,-1.0422505351475597,0.0,-2.946799847185322,77392.0,1.4459246433739859,,,,
1h,2026-08-31 10:00:00,1788173999999,2026-08-31 11:00:00,78710.01,ACTIVE,BULL,30.08 16:00,79337.93,18,0,,78710.01,-0.7914499407786435,0.0,-2.946799847185322,77392.0,1.7030313210667725,,,,
1h,2026-08-31 11:00:00,1788177599999,2026-08-31 12:00:00,78315.43,ACTIVE,BULL,30.08 16:00,79337.93,19,0,,78315.43,-1.288790872159129,0.0,-2.946799847185322,77392.0,1.1931853421542238,,,,
1h,2026-08-31 12:00:00,1788181199999,2026-08-31 13:00:00,77930.39,ACTIVE,BULL,30.08 16:00,79337.93,20,0,,77930.39,-1.7741072901700239,0.0,-2.946799847185322,77392.0,0.6956662187306284,,,,
1h,2026-08-31 13:00:00,1788184799999,2026-08-31 14:00:00,77867.39,ACTIVE,BULL,30.08 16:00,79337.93,21,0,,77867.39,-1.8535144539314263,0.0,-2.946799847185322,77392.0,0.6142624560678156,,,,
1h,2026-08-31 14:00:00,1788188399999,2026-08-31 15:00:00,78600.14,ACTIVE,BULL,30.08 16:00,79337.93,22,0,,78600.14,-0.9299335135161679,0.0,-2.946799847185322,77675.04,1.1909874780882124,,,,
1h,2026-08-31 15:00:00,1788191999999,2026-08-31 16:00:00,78580.42,ACTIVE,BULL,30.08 16:00,79337.93,23,0,,78580.42,-0.9547892162046545,0.0,-2.946799847185322,77675.04,1.1655996572386806,,,,
1h,2026-08-31 16:00:00,1788195599999,2026-08-31 17:00:00,78639.57,ACTIVE,BULL,30.08 16:00,79337.93,24,0,,78639.57,-0.8802347124508891,0.0,-2.946799847185322,77675.04,1.241750245638773,,,,
1h,2026-08-31 17:00:00,1788199199999,2026-08-31 18:00:00,78897.36,ACTIVE,BULL,30.08 16:00,79337.93,25,1,31.08 17:00,78897.36,-0.5553081609262933,0.0,-2.946799847185322,77675.04,1.5736329199186772,,,,
1h,2026-08-31 18:00:00,1788202799999,2026-08-31 19:00:00,79016.0,ACTIVE,BULL,30.08 16:00,79337.93,26,1,31.08 17:00,79016.0,-0.4057706068207101,0.0,-2.946799847185322,77675.04,1.7263718177679799,,,,
1h,2026-08-31 19:00:00,1788206399999,2026-08-31 20:00:00,78898.06,ACTIVE,BULL,30.08 16:00,79337.93,27,1,31.08 17:00,78898.06,-0.554425859106733,0.0,-2.946799847185322,77675.04,1.574534110313941,,,,
1h,2026-08-31 20:00:00,1788209999999,2026-08-31 21:00:00,78864.72,ACTIVE,BULL,30.08 16:00,79337.93,28,1,31.08 17:00,78864.72,-0.5964486343417175,0.0,-2.946799847185322,77675.04,1.5316116992022177,,,,
1h,2026-08-31 21:00:00,1788213599999,2026-08-31 22:00:00,78964.32,ACTIVE,BULL,30.08 16:00,79337.93,29,2,"31.08 17:00,31.08 21:00",78964.32,-0.47090968972846037,0.0,-2.946799847185322,77675.04,1.6598382183002691,,,,
1h,2026-08-31 22:00:00,1788217199999,2026-08-31 23:00:00,78593.15,ACTIVE,BULL,30.08 16:00,79337.93,30,2,"31.08 17:00,31.08 21:00",78593.15,-0.9387439274001763,0.0,-2.946799847185322,77675.04,1.1819884482840326,,,,
1h,2026-08-31 23:00:00,1788220799999,2026-09-01 00:00:00,78581.29,ACTIVE,BULL,30.08 16:00,79337.93,31,2,"31.08 17:00,31.08 21:00",78581.29,-0.9536926410860458,0.0,-2.946799847185322,77675.04,1.1667197081584924,,,,
1h,2026-09-01 00:00:00,1788224399999,2026-09-01 01:00:00,78652.0,ACTIVE,BULL,30.08 16:00,79337.93,32,2,"31.08 17:00,31.08 21:00",78652.0,-0.8645675529976526,0.0,-2.946799847185322,77675.04,1.2577528122290182,,,,
1h,2026-09-01 01:00:00,1788227999999,2026-09-01 02:00:00,78410.62,ACTIVE,BULL,30.08 16:00,79337.93,33,2,"31.08 17:00,31.08 21:00",78410.62,-1.1688104290091705,0.0,-2.946799847185322,77675.04,0.9469966156438359,,,,
1h,2026-09-01 02:00:00,1788231599999,2026-09-01 03:00:00,78449.99,ACTIVE,BULL,30.08 16:00,79337.93,34,2,"31.08 17:00,31.08 21:00",78449.99,-1.1191872538141467,0.0,-2.946799847185322,77675.04,0.9976821383033796,,,,
1h,2026-09-01 03:00:00,1788235199999,2026-09-01 04:00:00,78679.01,ACTIVE,BULL,30.08 16:00,79337.93,35,2,"31.08 17:00,31.08 21:00",78679.01,-0.8305233070739271,0.0,-2.946799847185322,77675.04,1.2925258873378143,,,,
1h,2026-09-01 04:00:00,1788238799999,2026-09-01 05:00:00,78727.11,ACTIVE,BULL,30.08 16:00,79337.93,36,2,"31.08 17:00,31.08 21:00",78727.11,-0.7698965677576775,0.0,-2.946799847185322,78189.93,0.6870194154157794,,,,
1h,2026-09-01 05:00:00,1788242399999,2026-09-01 06:00:00,79179.99,ACTIVE,BULL,30.08 16:00,79337.93,37,3,"31.08 17:00,31.08 21:00,01.09 05:00",79179.99,-0.19907249911862435,0.0,-2.946799847185322,78189.93,1.2662244358065289,,,,
1h,2026-09-01 06:00:00,1788245999999,2026-09-01 07:00:00,78745.39,ACTIVE,BULL,30.08 16:00,79337.93,38,3,"31.08 17:00,31.08 21:00,01.09 05:00",78745.39,-0.7468558859551666,0.0,-2.946799847185322,78189.93,0.7103983850605955,,,,
1h,2026-09-01 07:00:00,1788249599999,2026-09-01 08:00:00,78632.37,ACTIVE,BULL,30.08 16:00,79337.93,39,3,"31.08 17:00,31.08 21:00,01.09 05:00",78632.37,-0.8893098168807789,0.0,-2.946799847185322,78189.93,0.5658529173769633,,,,
1h,2026-09-01 08:00:00,1788253199999,2026-09-01 09:00:00,77883.28,ENDED,BULL,30.08 16:00,79337.93,40,3,"31.08 17:00,31.08 21:00,01.09 05:00",77883.28,-1.8334862026271548,0.0,-2.946799847185322,,,01.09 08:00,77883.28,78189.93,pivot
1h,2026-09-01 09:00:00,1788256799999,2026-09-01 10:00:00,77915.0,ENDED,BULL,30.08 16:00,79337.93,40,3,"31.08 17:00,31.08 21:00,01.09 05:00",77883.28,-1.8334862026271548,0.0,-2.946799847185322,,,01.09 08:00,77883.28,78189.93,pivot
1h,2026-09-01 10:00:00,1788260399999,2026-09-01 11:00:00,78029.67,ENDED,BULL,30.08 16:00,79337.93,40,3,"31.08 17:00,31.08 21:00,01.09 05:00",77883.28,-1.8334862026271548,0.0,-2.946799847185322,,,01.09 08:00,77883.28,78189.93,pivot
1h,2026-09-01 11:00:00,1788263999999,2026-09-01 12:00:00,78098.97,ENDED,BULL,30.08 16:00,79337.93,40,3,"31.08 17:00,31.08 21:00,01.09 05:00",77883.28,-1.8334862026271548,0.0,-2.946799847185322,,,01.09 08:00,77883.28,78189.93,pivot
1h,2026-09-01 12:00:00,1788267599999,2026-09-01 13:00:00,78004.0,ENDED,BULL,30.08 16:00,79337.93,40,3,"31.08 17:00,31.08 21:00,01.09 05:00",77883.28,-1.8334862026271548,0.0,-2.946799847185322,,,01.09 08:00,77883.28,78189.93,pivot
1h,2026-09-01 13:00:00,1788271199999,2026-09-01 14:00:00,78071.99,ENDED,BULL,30.08 16:00,79337.93,40,3,"31.08 17:00,31.08 21:00,01.09 05:00",77883.28,-1.8334862026271548,0.0,-2.946799847185322,,,01.09 08:00,77883.28,78189.93,pivot
1h,2026-09-01 14:00:00,1788274799999,2026-09-01 15:00:00,78167.99,ENDED,BULL,30.08 16:00,79337.93,40,3,"31.08 17:00,31.08 21:00,01.09 05:00",77883.28,-1.8334862026271548,0.0,-2.946799847185322,,,01.09 08:00,77883.28,78189.93,pivot
1h,2026-09-01 15:00:00,1788278399999,2026-09-01 16:00:00,77919.06,ENDED,BULL,30.08 16:00,79337.93,40,3,"31.08 17:00,31.08 21:00,01.09 05:00",77883.28,-1.8334862026271548,0.0,-2.946799847185322,,,01.09 08:00,77883.28,78189.93,pivot
1h,2026-09-01 16:00:00,1788281999999,2026-09-01 17:00:00,77596.01,ENDED,BULL,30.08 16:00,79337.93,40,3,"31.08 17:00,31.08 21:00,01.09 05:00",77883.28,-1.8334862026271548,0.0,-2.946799847185322,,,01.09 08:00,77883.28,78189.93,pivot
1h,2026-09-01 17:00:00,1788285599999,2026-09-01 18:00:00,77265.79,ACTIVE,BEAR,01.09 17:00,77265.79,0,0,,77265.79,-0.0,-0.0,-0.0,77510.0,0.31506902335183273,,,,
1h,2026-09-01 18:00:00,1788289199999,2026-09-01 19:00:00,77153.9,ACTIVE,BEAR,01.09 17:00,77265.79,1,0,,77153.9,0.14481182422388938,1.0946500385228597,-0.06969449221965185,77510.0,0.4594245903754457,,,,
1h,2026-09-01 19:00:00,1788292799999,2026-09-01 20:00:00,77312.0,ACTIVE,BEAR,01.09 17:00,77265.79,2,0,,77312.0,-0.059806545691176716,1.0946500385228597,-0.2598303854784989,77510.0,0.2554509095600621,,,,
1h,2026-09-01 20:00:00,1788296399999,2026-09-01 21:00:00,77448.45,ACTIVE,BEAR,01.09 17:00,77265.79,3,0,,77448.45,-0.23640475299613328,1.0946500385228597,-0.2667545365161006,77510.0,0.07940910850213756,,,,
1h,2026-09-01 21:00:00,1788299999999,2026-09-01 22:00:00,77211.32,ACTIVE,BEAR,01.09 17:00,77265.79,4,0,,77211.32,0.07049691719969164,1.0946500385228597,-0.32421851895905185,77510.0,0.3853438266030129,,,,
1h,2026-09-01 22:00:00,1788303599999,2026-09-01 23:00:00,77274.02,ACTIVE,BEAR,01.09 17:00,77265.79,5,0,,77274.02,-0.010651544493378573,1.0946500385228597,-0.32421851895905185,77510.0,0.30445103857565936,,,,
1h,2026-09-01 23:00:00,1788307199999,2026-09-02 00:00:00,77439.0,ACTIVE,BEAR,01.09 17:00,77265.79,6,0,,77439.0,-0.22417424321941049,1.0946500385228597,-0.48195973923259583,77510.0,0.09160108373112985,,,,
1h,2026-09-02 00:00:00,1788310799999,2026-09-02 01:00:00,77213.25,ACTIVE,BEAR,01.09 17:00,77265.79,7,0,,77213.25,0.06799904589080974,1.0946500385228597,-0.48195973923259583,77510.0,0.3828538253128677,,,,
1h,2026-09-02 01:00:00,1788314399999,2026-09-02 02:00:00,77020.68,ACTIVE,BEAR,01.09 17:00,77265.79,8,0,,77020.68,0.3172296562294896,1.0946500385228597,-0.48195973923259583,77638.18,0.7953560992800202,,,,
1h,2026-09-02 02:00:00,1788317999999,2026-09-02 03:00:00,77329.2,ACTIVE,BEAR,01.09 17:00,77265.79,9,0,,77329.2,-0.0820673677186301,1.0946500385228597,-0.48195973923259583,77638.18,0.397974295636494,,,,
1h,2026-09-02 03:00:00,1788321599999,2026-09-02 04:00:00,77563.5,ACTIVE,BEAR,01.09 17:00,77265.79,10,0,,77563.5,-0.3853063561506387,1.0946500385228597,-0.6810387883175784,77638.18,0.09618978703518355,,,,
1h,2026-09-02 04:00:00,1788325199999,2026-09-02 05:00:00,77561.82,ACTIVE,BEAR,01.09 17:00,77265.79,11,0,,77561.82,-0.38313204330144845,1.0946500385228597,-0.6810387883175784,77638.18,0.09835367083564917,,,,
1h,2026-09-02 05:00:00,1788328799999,2026-09-02 06:00:00,77651.07,ACTIVE,BEAR,01.09 17:00,77265.79,12,0,,77651.07,-0.498642413414796,1.0946500385228597,-0.6810387883175784,77792.0,0.18116258741257552,,,,
1h,2026-09-02 06:00:00,1788332399999,2026-09-02 07:00:00,77611.54,ACTIVE,BEAR,01.09 17:00,77265.79,13,0,,77611.54,-0.44748134976682064,1.0946500385228597,-0.6810387883175784,77792.0,0.23197758124229306,,,,
1h,2026-09-02 07:00:00,1788335999999,2026-09-02 08:00:00,77473.85,ACTIVE,BEAR,01.09 17:00,77265.79,14,0,,77473.85,-0.2692782925017845,1.0946500385228597,-0.6810387883175784,77792.0,0.40897521596050534,,,,
1h,2026-09-02 08:00:00,1788339599999,2026-09-02 09:00:00,76854.11,ACTIVE,BEAR,01.09 17:00,77265.79,15,0,,76854.11,0.532810186759225,1.0946500385228597,-0.6810387883175784,77792.0,1.2056381118881077,,,,
1h,2026-09-02 09:00:00,1788343199999,2026-09-02 10:00:00,76752.26,ACTIVE,BEAR,01.09 17:00,77265.79,16,0,,76752.26,0.6646279032415214,1.0946500385228597,-0.6810387883175784,77765.99,1.3035647073997403,,,,
1h,2026-09-02 10:00:00,1788346799999,2026-09-02 11:00:00,76680.88,ACTIVE,BEAR,01.09 17:00,77265.79,17,0,,76680.88,0.7570103146554152,1.296550517376438,-0.6810387883175784,77765.99,1.3953529042708746,,,,
1h,2026-09-02 11:00:00,1788350399999,2026-09-02 12:00:00,76828.76,ACTIVE,BEAR,01.09 17:00,77265.79,18,0,,76828.76,0.5656190145729378,1.296550517376438,-0.6810387883175784,77765.99,1.205192655555487,,,,
1h,2026-09-02 12:00:00,1788353999999,2026-09-02 13:00:00,76613.88,ACTIVE,BEAR,01.09 17:00,77265.79,19,1,02.09 12:00,76613.88,0.8437239818553488,1.296550517376438,-0.6810387883175784,77765.99,1.4815088189580106,,,,
1h,2026-09-02 13:00:00,1788357599999,2026-09-02 14:00:00,77146.0,ACTIVE,BEAR,01.09 17:00,77265.79,20,1,02.09 12:00,77146.0,0.15503627155044608,1.296550517376438,-0.6810387883175784,77765.99,0.797250829057794,,,,
1h,2026-09-02 14:00:00,1788361199999,2026-09-02 15:00:00,77066.42,ACTIVE,BEAR,01.09 17:00,77265.79,21,1,02.09 12:00,77066.42,0.2580314004425488,1.296550517376438,-0.6810387883175784,77765.99,0.8995834811593162,,,,
1h,2026-09-02 15:00:00,1788364799999,2026-09-02 16:00:00,77288.98,ACTIVE,BEAR,01.09 17:00,77265.79,22,1,02.09 12:00,77288.98,-0.03001328272189685,1.296550517376438,-0.6810387883175784,77765.99,0.6133915352971253,,,,
1h,2026-09-02 16:00:00,1788368399999,2026-09-02 17:00:00,77171.5,ACTIVE,BEAR,01.09 17:00,77265.79,23,1,02.09 12:00,77171.5,0.12203330866091822,1.296550517376438,-0.6810387883175784,77765.99,0.7644601451097133,,,,
1h,2026-09-02 17:00:00,1788371999999,2026-09-02 18:00:00,77381.66,ACTIVE,BEAR,01.09 17:00,77265.79,24,1,02.09 12:00,77381.66,-0.14996287490234295,1.296550517376438,-0.6810387883175784,77765.99,0.49421347301050744,,,,
1h,2026-09-02 18:00:00,1788375599999,2026-09-02 19:00:00,77377.76,ACTIVE,BEAR,01.09 17:00,77265.79,25,1,02.09 12:00,77377.76,-0.14491536293099738,1.296550517376438,-0.6810387883175784,77582.0,0.263256941043033,,,,
1h,2026-09-02 19:00:00,1788379199999,2026-09-02 20:00:00,77341.47,ACTIVE,BEAR,01.09 17:00,77265.79,26,1,02.09 12:00,77341.47,-0.09794761692076825,1.296550517376438,-0.6810387883175784,77582.0,0.31003325513649926,,,,
1h,2026-09-02 20:00:00,1788382799999,2026-09-02 21:00:00,77406.01,ACTIVE,BEAR,01.09 17:00,77265.79,27,1,02.09 12:00,77406.01,-0.1814774688772447,1.296550517376438,-0.6810387883175784,77582.0,0.2268438555335095,,,,
1h,2026-09-02 21:00:00,1788386399999,2026-09-02 22:00:00,77284.0,ACTIVE,BEAR,01.09 17:00,77265.79,28,1,02.09 12:00,77284.0,-0.02356799820464328,1.296550517376438,-0.6810387883175784,77582.0,0.384109716171277,,,,
1h,2026-09-02 22:00:00,1788389999999,2026-09-02 23:00:00,77034.03,ACTIVE,BEAR,01.09 17:00,77265.79,29,1,02.09 12:00,77034.03,0.29995163448143236,1.296550517376438,-0.6810387883175784,77582.0,0.7063107421824699,,,,
1h,2026-09-02 23:00:00,1788393599999,2026-09-03 00:00:00,77340.01,ACTIVE,BEAR,01.09 17:00,77265.79,30,1,02.09 12:00,77340.01,-0.09605803551611114,1.296550517376438,-0.6810387883175784,77582.0,0.31191513495398837,,,,
1h,2026-09-03 00:00:00,1788397199999,2026-09-03 01:00:00,77068.01,ACTIVE,BEAR,01.09 17:00,77265.79,31,1,02.09 12:00,77068.01,0.25597356863884535,1.296550517376438,-0.6810387883175784,77582.0,0.6625119228687137,,,,
1h,2026-09-03 01:00:00,1788400799999,2026-09-03 02:00:00,77356.7,ACTIVE,BEAR,01.09 17:00,77265.79,32,1,02.09 12:00,77356.7,-0.11765879828575798,1.296550517376438,-0.6810387883175784,77582.0,0.2904024129308347,,,,
1h,2026-09-03 02:00:00,1788404399999,2026-09-03 03:00:00,77816.01,ENDED,BEAR,01.09 17:00,77265.79,33,1,02.09 12:00,77816.01,-0.7121133427872905,1.296550517376438,-0.8208160429085121,,,03.09 02:00,77816.01,77582.0,pivot
1h,2026-09-03 03:00:00,1788407999999,2026-09-03 04:00:00,77708.0,ENDED,BEAR,01.09 17:00,77265.79,33,1,02.09 12:00,77816.01,-0.7121133427872905,1.296550517376438,-0.8208160429085121,,,03.09 02:00,77816.01,77582.0,pivot
1h,2026-09-03 04:00:00,1788411599999,2026-09-03 05:00:00,77776.0,ENDED,BEAR,01.09 17:00,77265.79,33,1,02.09 12:00,77816.01,-0.7121133427872905,1.296550517376438,-0.8208160429085121,,,03.09 02:00,77816.01,77582.0,pivot
1h,2026-09-03 05:00:00,1788415199999,2026-09-03 06:00:00,77809.91,ENDED,BEAR,01.09 17:00,77265.79,33,1,02.09 12:00,77816.01,-0.7121133427872905,1.296550517376438,-0.8208160429085121,,,03.09 02:00,77816.01,77582.0,pivot
1h,2026-09-03 06:00:00,1788418799999,2026-09-03 07:00:00,77835.19,ENDED,BEAR,01.09 17:00,77265.79,33,1,02.09 12:00,77816.01,-0.7121133427872905,1.296550517376438,-0.8208160429085121,,,03.09 02:00,77816.01,77582.0,pivot
1h,2026-09-03 07:00:00,1788422399999,2026-09-03 08:00:00,77663.15,ENDED,BEAR,01.09 17:00,77265.79,33,1,02.09 12:00,77816.01,-0.7121133427872905,1.296550517376438,-0.8208160429085121,,,03.09 02:00,77816.01,77582.0,pivot
1h,2026-09-03 08:00:00,1788425999999,2026-09-03 09:00:00,77843.34,ENDED,BEAR,01.09 17:00,77265.79,33,1,02.09 12:00,77816.01,-0.7121133427872905,1.296550517376438,-0.8208160429085121,,,03.09 02:00,77816.01,77582.0,pivot
1h,2026-09-03 09:00:00,1788429599999,2026-09-03 10:00:00,77615.24,ENDED,BEAR,01.09 17:00,77265.79,33,1,02.09 12:00,77816.01,-0.7121133427872905,1.296550517376438,-0.8208160429085121,,,03.09 02:00,77816.01,77582.0,pivot
1h,2026-09-03 10:00:00,1788433199999,2026-09-03 11:00:00,77735.88,ENDED,BEAR,01.09 17:00,77265.79,33,1,02.09 12:00,77816.01,-0.7121133427872905,1.296550517376438,-0.8208160429085121,,,03.09 02:00,77816.01,77582.0,pivot
1h,2026-09-03 11:00:00,1788436799999,2026-09-03 12:00:00,77948.39,ENDED,BEAR,01.09 17:00,77265.79,33,1,02.09 12:00,77816.01,-0.7121133427872905,1.296550517376438,-0.8208160429085121,,,03.09 02:00,77816.01,77582.0,pivot
1h,2026-09-03 12:00:00,1788440399999,2026-09-03 13:00:00,78652.38,ACTIVE,BULL,03.09 12:00,78652.38,0,0,,78652.38,0.0,0.0,0.0,78183.91,0.5991897821431502,,,,
1h,2026-09-03 13:00:00,1788443999999,2026-09-03 14:00:00,78840.52,ACTIVE,BULL,03.09 12:00,78652.38,1,0,,78840.52,0.23920445891147946,0.4419700967726481,-0.25699158754001195,78183.91,0.8398275297308633,,,,
1h,2026-09-03 14:00:00,1788447599999,2026-09-03 15:00:00,80549.97,ACTIVE,BULL,03.09 12:00,78652.38,2,0,,80549.97,2.412628835897901,2.426652569191168,-0.25699158754001195,78183.91,3.026274843506793,,,,
1h,2026-09-03 15:00:00,1788451199999,2026-09-03 16:00:00,81348.0,ACTIVE,BULL,03.09 12:00,78652.38,3,0,,81348.0,3.427258018129886,3.4556487673990333,-0.25699158754001195,78183.91,4.046983580125363,,,,
1h,2026-09-03 16:00:00,1788454799999,2026-09-03 17:00:00,80969.37,ACTIVE,BULL,03.09 12:00,78652.38,4,0,,80969.37,2.945861269550898,3.4556487673990333,-0.25699158754001195,78183.91,3.562702351417313,,,,
1h,2026-09-03 17:00:00,1788458399999,2026-09-03 18:00:00,81042.0,ACTIVE,BULL,03.09 12:00,78652.38,5,0,,81042.0,3.0382043111727874,3.4556487673990333,-0.25699158754001195,78183.91,3.6555987031091197,,,,
1h,2026-09-03 18:00:00,1788461999999,2026-09-03 19:00:00,81254.32,ACTIVE,BULL,03.09 12:00,78652.38,6,0,,81254.32,3.3081516414379397,3.4556487673990333,-0.25699158754001195,78183.91,3.9271635301943775,,,,
1h,2026-09-03 19:00:00,1788465599999,2026-09-03 20:00:00,81755.41,ACTIVE,BULL,03.09 12:00,78652.38,7,1,03.09 19:00,81755.41,3.945246157840354,3.9892244837346214,-0.25699158754001195,78183.91,4.56807545184168,,,,
1h,2026-09-03 20:00:00,1788469199999,2026-09-03 21:00:00,81473.0,ACTIVE,BULL,03.09 12:00,78652.38,8,1,03.09 19:00,81473.0,3.5861851860045313,3.9892244837346214,-0.25699158754001195,78183.91,4.20686302335096,,,,
1h,2026-09-03 21:00:00,1788472799999,2026-09-03 22:00:00,81590.0,ACTIVE,BULL,03.09 12:00,78652.38,9,1,03.09 19:00,81590.0,3.734941015135207,4.637647328663164,-0.25699158754001195,78183.91,4.356510182210127,,,,
1h,2026-09-03 22:00:00,1788476399999,2026-09-03 23:00:00,81140.0,ACTIVE,BULL,03.09 12:00,78652.38,10,1,03.09 19:00,81140.0,3.1628032107865023,4.637647328663164,-0.25699158754001195,78183.91,3.7809441865979787,,,,
1h,2026-09-03 23:00:00,1788479999999,2026-09-04 00:00:00,81270.37,ACTIVE,BULL,03.09 12:00,78652.38,11,1,03.09 19:00,81270.37,3.328557889793027,4.637647328663164,-0.25699158754001195,78183.91,3.947692050704532,,,,
1h,2026-09-04 00:00:00,1788483599999,2026-09-04 01:00:00,80972.12,ACTIVE,BULL,03.09 12:00,78652.38,12,1,03.09 19:00,80972.12,2.9493576672441346,4.637647328663164,-0.25699158754001195,80905.05,0.08289964594299093,,,,
1h,2026-09-04 01:00:00,1788487199999,2026-09-04 02:00:00,80968.01,ACTIVE,BULL,03.09 12:00,78652.38,13,1,03.09 19:00,80968.01,2.944132141964406,4.637647328663164,-0.25699158754001195,80905.05,0.07781961694601769,,,,
1h,2026-09-04 02:00:00,1788490799999,2026-09-04 03:00:00,80831.99,ACTIVE,BULL,03.09 12:00,78652.38,14,1,03.09 19:00,80831.99,2.771193954969964,4.637647328663164,-0.25699158754001195,80905.05,-0.09030338650058978,,,,
1h,2026-09-04 03:00:00,1788494399999,2026-09-04 04:00:00,80850.0,ACTIVE,BULL,03.09 12:00,78652.38,15,1,03.09 19:00,80850.0,2.7940921813173203,4.637647328663164,-0.25699158754001195,80905.05,-0.06804272415628088,,,,
1h,2026-09-04 04:00:00,1788497999999,2026-09-04 05:00:00,81070.54,ACTIVE,BULL,03.09 12:00,78652.38,16,1,03.09 19:00,81070.54,3.074490562141907,4.637647328663164,-0.25699158754001195,80669.45,0.4972018527459765,,,,
1h,2026-09-04 05:00:00,1788501599999,2026-09-04 06:00:00,80996.15,ACTIVE,BULL,03.09 12:00,78652.38,17,1,03.09 19:00,80996.15,2.979909825996341,4.637647328663164,-0.25699158754001195,80669.45,0.4049860263085847,,,,
1h,2026-09-04 06:00:00,1788505199999,2026-09-04 07:00:00,80797.39,ACTIVE,BULL,03.09 12:00,78652.38,18,1,03.09 19:00,80797.39,2.727202914902249,4.637647328663164,-0.25699158754001195,80669.45,0.15859783350451462,,,,
1h,2026-09-04 07:00:00,1788508799999,2026-09-04 08:00:00,80656.87,ACTIVE,BULL,03.09 12:00,78652.38,19,1,03.09 19:00,80656.87,2.548543349864296,4.637647328663164,-0.25699158754001195,80669.45,-0.015594503247517988,,,,
1h,2026-09-04 08:00:00,1788512399999,2026-09-04 09:00:00,81147.16,ACTIVE,BULL,03.09 12:00,78652.38,20,1,03.09 19:00,81147.16,3.1719065589623563,4.637647328663164,-0.25699158754001195,80669.45,0.5921820466112004,,,,
1h,2026-09-04 09:00:00,1788515999999,2026-09-04 10:00:00,81056.63,ACTIVE,BULL,03.09 12:00,78652.38,21,1,03.09 19:00,81056.63,3.0568051469008317,4.637647328663164,-0.25699158754001195,80669.45,0.47995864605498983,,,,
1h,2026-09-04 10:00:00,1788519599999,2026-09-04 11:00:00,81179.63,ACTIVE,BULL,03.09 12:00,78652.38,22,1,03.09 19:00,81179.63,3.2131894800894845,4.637647328663164,-0.25699158754001195,80502.87,0.8406656806148716,,,,
1h,2026-09-04 11:00:00,1788523199999,2026-09-04 12:00:00,81224.86,ACTIVE,BULL,03.09 12:00,78652.38,23,1,03.09 19:00,81224.86,3.2706956865132364,4.637647328663164,-0.25699158754001195,80502.87,0.8968500129250101,,,,
1h,2026-09-04 12:00:00,1788526799999,2026-09-04 13:00:00,79453.96,ENDED,BULL,03.09 12:00,78652.38,24,1,03.09 19:00,79453.96,1.0191427137996367,4.637647328663164,-0.25699158754001195,,,04.09 12:00,79453.96,80502.87,pivot
1h,2026-09-04 13:00:00,1788530399999,2026-09-04 14:00:00,79378.67,ENDED,BULL,03.09 12:00,78652.38,24,1,03.09 19:00,79453.96,1.0191427137996367,4.637647328663164,-0.25699158754001195,,,04.09 12:00,79453.96,80502.87,pivot
1h,2026-09-04 14:00:00,1788533999999,2026-09-04 15:00:00,78915.71,ENDED,BULL,03.09 12:00,78652.38,24,1,03.09 19:00,79453.96,1.0191427137996367,4.637647328663164,-0.25699158754001195,,,04.09 12:00,79453.96,80502.87,pivot
1h,2026-09-04 15:00:00,1788537599999,2026-09-04 16:00:00,79429.33,ENDED,BULL,03.09 12:00,78652.38,24,1,03.09 19:00,79453.96,1.0191427137996367,4.637647328663164,-0.25699158754001195,,,04.09 12:00,79453.96,80502.87,pivot
1h,2026-09-04 16:00:00,1788541199999,2026-09-04 17:00:00,79745.73,ENDED,BULL,03.09 12:00,78652.38,24,1,03.09 19:00,79453.96,1.0191427137996367,4.637647328663164,-0.25699158754001195,,,04.09 12:00,79453.96,80502.87,pivot
1h,2026-09-04 17:00:00,1788544799999,2026-09-04 18:00:00,79472.22,ENDED,BULL,03.09 12:00,78652.38,24,1,03.09 19:00,79453.96,1.0191427137996367,4.637647328663164,-0.25699158754001195,,,04.09 12:00,79453.96,80502.87,pivot
1h,2026-09-04 18:00:00,1788548399999,2026-09-04 19:00:00,79618.15,ENDED,BULL,03.09 12:00,78652.38,24,1,03.09 19:00,79453.96,1.0191427137996367,4.637647328663164,-0.25699158754001195,,,04.09 12:00,79453.96,80502.87,pivot
1h,2026-09-04 19:00:00,1788551999999,2026-09-04 20:00:00,79793.34,ENDED,BULL,03.09 12:00,78652.38,24,1,03.09 19:00,79453.96,1.0191427137996367,4.637647328663164,-0.25699158754001195,,,04.09 12:00,79453.96,80502.87,pivot
1h,2026-09-04 20:00:00,1788555599999,2026-09-04 21:00:00,79697.04,ENDED,BULL,03.09 12:00,78652.38,24,1,03.09 19:00,79453.96,1.0191427137996367,4.637647328663164,-0.25699158754001195,,,04.09 12:00,79453.96,80502.87,pivot
1h,2026-09-04 21:00:00,1788559199999,2026-09-04 22:00:00,79624.0,ENDED,BULL,03.09 12:00,78652.38,24,1,03.09 19:00,79453.96,1.0191427137996367,4.637647328663164,-0.25699158754001195,,,04.09 12:00,79453.96,80502.87,pivot
1h,2026-09-04 22:00:00,1788562799999,2026-09-04 23:00:00,79636.09,ENDED,BULL,03.09 12:00,78652.38,24,1,03.09 19:00,79453.96,1.0191427137996367,4.637647328663164,-0.25699158754001195,,,04.09 12:00,79453.96,80502.87,pivot
1h,2026-09-04 23:00:00,1788566399999,2026-09-05 00:00:00,79660.77,ENDED,BULL,03.09 12:00,78652.38,24,1,03.09 19:00,79453.96,1.0191427137996367,4.637647328663164,-0.25699158754001195,,,04.09 12:00,79453.96,80502.87,pivot
1h,2026-09-05 00:00:00,1788569999999,2026-09-05 01:00:00,79573.36,ENDED,BULL,03.09 12:00,78652.38,24,1,03.09 19:00,79453.96,1.0191427137996367,4.637647328663164,-0.25699158754001195,,,04.09 12:00,79453.96,80502.87,pivot
1h,2026-09-05 01:00:00,1788573599999,2026-09-05 02:00:00,79533.34,ENDED,BULL,03.09 12:00,78652.38,24,1,03.09 19:00,79453.96,1.0191427137996367,4.637647328663164,-0.25699158754001195,,,04.09 12:00,79453.96,80502.87,pivot
1h,2026-09-05 02:00:00,1788577199999,2026-09-05 03:00:00,79569.09,ENDED,BULL,03.09 12:00,78652.38,24,1,03.09 19:00,79453.96,1.0191427137996367,4.637647328663164,-0.25699158754001195,,,04.09 12:00,79453.96,80502.87,pivot
1h,2026-09-05 03:00:00,1788580799999,2026-09-05 04:00:00,79582.0,ENDED,BULL,03.09 12:00,78652.38,24,1,03.09 19:00,79453.96,1.0191427137996367,4.637647328663164,-0.25699158754001195,,,04.09 12:00,79453.96,80502.87,pivot
1h,2026-09-05 04:00:00,1788584399999,2026-09-05 05:00:00,79500.01,ENDED,BULL,03.09 12:00,78652.38,24,1,03.09 19:00,79453.96,1.0191427137996367,4.637647328663164,-0.25699158754001195,,,04.09 12:00,79453.96,80502.87,pivot
1h,2026-09-05 05:00:00,1788587999999,2026-09-05 06:00:00,79577.53,ENDED,BULL,03.09 12:00,78652.38,24,1,03.09 19:00,79453.96,1.0191427137996367,4.637647328663164,-0.25699158754001195,,,04.09 12:00,79453.96,80502.87,pivot
1h,2026-09-05 06:00:00,1788591599999,2026-09-05 07:00:00,79644.01,ENDED,BULL,03.09 12:00,78652.38,24,1,03.09 19:00,79453.96,1.0191427137996367,4.637647328663164,-0.25699158754001195,,,04.09 12:00,79453.96,80502.87,pivot
1h,2026-09-05 07:00:00,1788595199999,2026-09-05 08:00:00,79709.96,ENDED,BULL,03.09 12:00,78652.38,24,1,03.09 19:00,79453.96,1.0191427137996367,4.637647328663164,-0.25699158754001195,,,04.09 12:00,79453.96,80502.87,pivot
1h,2026-09-05 08:00:00,1788598799999,2026-09-05 09:00:00,79650.0,ENDED,BULL,03.09 12:00,78652.38,24,1,03.09 19:00,79453.96,1.0191427137996367,4.637647328663164,-0.25699158754001195,,,04.09 12:00,79453.96,80502.87,pivot
1h,2026-09-05 09:00:00,1788602399999,2026-09-05 10:00:00,79631.28,ENDED,BULL,03.09 12:00,78652.38,24,1,03.09 19:00,79453.96,1.0191427137996367,4.637647328663164,-0.25699158754001195,,,04.09 12:00,79453.96,80502.87,pivot
1h,2026-09-05 10:00:00,1788605999999,2026-09-05 11:00:00,79618.01,ENDED,BULL,03.09 12:00,78652.38,24,1,03.09 19:00,79453.96,1.0191427137996367,4.637647328663164,-0.25699158754001195,,,04.09 12:00,79453.96,80502.87,pivot
1h,2026-09-05 11:00:00,1788609599999,2026-09-05 12:00:00,79609.28,ENDED,BULL,03.09 12:00,78652.38,24,1,03.09 19:00,79453.96,1.0191427137996367,4.637647328663164,-0.25699158754001195,,,04.09 12:00,79453.96,80502.87,pivot
1h,2026-09-05 12:00:00,1788613199999,2026-09-05 13:00:00,79704.14,ENDED,BULL,03.09 12:00,78652.38,24,1,03.09 19:00,79453.96,1.0191427137996367,4.637647328663164,-0.25699158754001195,,,04.09 12:00,79453.96,80502.87,pivot
1h,2026-09-05 13:00:00,1788616799999,2026-09-05 14:00:00,79613.67,ENDED,BULL,03.09 12:00,78652.38,24,1,03.09 19:00,79453.96,1.0191427137996367,4.637647328663164,-0.25699158754001195,,,04.09 12:00,79453.96,80502.87,pivot
1h,2026-09-05 14:00:00,1788620399999,2026-09-05 15:00:00,79719.76,ENDED,BULL,03.09 12:00,78652.38,24,1,03.09 19:00,79453.96,1.0191427137996367,4.637647328663164,-0.25699158754001195,,,04.09 12:00,79453.96,80502.87,pivot
1h,2026-09-05 15:00:00,1788623999999,2026-09-05 16:00:00,79806.01,ENDED,BULL,03.09 12:00,78652.38,24,1,03.09 19:00,79453.96,1.0191427137996367,4.637647328663164,-0.25699158754001195,,,04.09 12:00,79453.96,80502.87,pivot
1h,2026-09-05 16:00:00,1788627599999,2026-09-05 17:00:00,80042.0,ENDED,BULL,03.09 12:00,78652.38,24,1,03.09 19:00,79453.96,1.0191427137996367,4.637647328663164,-0.25699158754001195,,,04.09 12:00,79453.96,80502.87,pivot
1h,2026-09-05 17:00:00,1788631199999,2026-09-05 18:00:00,80058.6,ENDED,BULL,03.09 12:00,78652.38,24,1,03.09 19:00,79453.96,1.0191427137996367,4.637647328663164,-0.25699158754001195,,,04.09 12:00,79453.96,80502.87,pivot
1h,2026-09-05 18:00:00,1788634799999,2026-09-05 19:00:00,79999.98,ENDED,BULL,03.09 12:00,78652.38,24,1,03.09 19:00,79453.96,1.0191427137996367,4.637647328663164,-0.25699158754001195,,,04.09 12:00,79453.96,80502.87,pivot
1h,2026-09-05 19:00:00,1788638399999,2026-09-05 20:00:00,79754.0,ENDED,BULL,03.09 12:00,78652.38,24,1,03.09 19:00,79453.96,1.0191427137996367,4.637647328663164,-0.25699158754001195,,,04.09 12:00,79453.96,80502.87,pivot
1h,2026-09-05 20:00:00,1788641999999,2026-09-05 21:00:00,79737.83,ENDED,BULL,03.09 12:00,78652.38,24,1,03.09 19:00,79453.96,1.0191427137996367,4.637647328663164,-0.25699158754001195,,,04.09 12:00,79453.96,80502.87,pivot
1h,2026-09-05 21:00:00,1788645599999,2026-09-05 22:00:00,79906.02,ENDED,BULL,03.09 12:00,78652.38,24,1,03.09 19:00,79453.96,1.0191427137996367,4.637647328663164,-0.25699158754001195,,,04.09 12:00,79453.96,80502.87,pivot
1h,2026-09-05 22:00:00,1788649199999,2026-09-05 23:00:00,79783.99,ENDED,BULL,03.09 12:00,78652.38,24,1,03.09 19:00,79453.96,1.0191427137996367,4.637647328663164,-0.25699158754001195,,,04.09 12:00,79453.96,80502.87,pivot
1h,2026-09-05 23:00:00,1788652799999,2026-09-06 00:00:00,79831.75,ENDED,BULL,03.09 12:00,78652.38,24,1,03.09 19:00,79453.96,1.0191427137996367,4.637647328663164,-0.25699158754001195,,,04.09 12:00,79453.96,80502.87,pivot
1h,2026-09-06 00:00:00,1788656399999,2026-09-06 01:00:00,79868.0,ENDED,BULL,03.09 12:00,78652.38,24,1,03.09 19:00,79453.96,1.0191427137996367,4.637647328663164,-0.25699158754001195,,,04.09 12:00,79453.96,80502.87,pivot
1h,2026-09-06 01:00:00,1788659999999,2026-09-06 02:00:00,79951.39,ENDED,BULL,03.09 12:00,78652.38,24,1,03.09 19:00,79453.96,1.0191427137996367,4.637647328663164,-0.25699158754001195,,,04.09 12:00,79453.96,80502.87,pivot
1h,2026-09-06 02:00:00,1788663599999,2026-09-06 03:00:00,79907.28,ENDED,BULL,03.09 12:00,78652.38,24,1,03.09 19:00,79453.96,1.0191427137996367,4.637647328663164,-0.25699158754001195,,,04.09 12:00,79453.96,80502.87,pivot
1h,2026-09-06 03:00:00,1788667199999,2026-09-06 04:00:00,80028.01,ACTIVE,BULL,06.09 03:00,80028.01,0,0,,80028.01,0.0,0.0,0.0,79947.99,0.10009007105742374,,,,
1h,2026-09-06 04:00:00,1788670799999,2026-09-06 05:00:00,79866.01,ACTIVE,BULL,06.09 03:00,80028.01,1,0,,79866.01,-0.20242912450277872,0.0,-0.21743637009091765,79947.99,-0.10254166489990224,,,,
1h,2026-09-06 05:00:00,1788674399999,2026-09-06 06:00:00,79989.13,ACTIVE,BULL,06.09 03:00,80028.01,2,0,,79989.13,-0.04858298988065224,0.09994000850452878,-0.2923601374068885,79947.99,0.051458454427688594,,,,
1h,2026-09-06 06:00:00,1788677999999,2026-09-06 07:00:00,79784.65,ACTIVE,BULL,06.09 03:00,80028.01,3,0,,79784.65,-0.3040935292530689,0.09994000850452878,-0.43903378329661624,79947.99,-0.2043078256251496,,,,
1h,2026-09-06 07:00:00,1788681599999,2026-09-06 08:00:00,79805.0,ACTIVE,BULL,06.09 03:00,80028.01,4,0,,79805.0,-0.27866493244051993,0.09994000850452878,-0.5635651817407328,79947.99,-0.1788537773119825,,,,
1h,2026-09-06 08:00:00,1788685199999,2026-09-06 09:00:00,79837.17,ACTIVE,BULL,06.09 03:00,80028.01,5,0,,79837.17,-0.23846650691425886,0.09994000850452878,-0.5635651817407328,79947.99,-0.13861511715305141,,,,
1h,2026-09-06 09:00:00,1788688799999,2026-09-06 10:00:00,79885.77,ACTIVE,BULL,06.09 03:00,80028.01,6,0,,79885.77,-0.17773776956342413,0.09994000850452878,-0.5635651817407328,79577.0,0.3880141246842772,,,,
1h,2026-09-06 10:00:00,1788692399999,2026-09-06 11:00:00,80003.93,ACTIVE,BULL,06.09 03:00,80028.01,7,0,,80003.93,-0.03008946492609743,0.09994000850452878,-0.5635651817407328,79577.0,0.5364992397300705,,,,
1h,2026-09-06 11:00:00,1788695999999,2026-09-06 12:00:00,79919.17,ACTIVE,BULL,06.09 03:00,80028.01,8,0,,79919.17,-0.13600238216594507,0.09994000850452878,-0.5635651817407328,79577.0,0.42998605124595635,,,,
1h,2026-09-06 12:00:00,1788699599999,2026-09-06 13:00:00,79922.04,ACTIVE,BULL,06.09 03:00,80028.01,9,0,,79922.04,-0.13241613779975125,0.09994000850452878,-0.5635651817407328,79577.0,0.4335926209834362,,,,
1h,2026-09-06 13:00:00,1788703199999,2026-09-06 14:00:00,79829.98,ACTIVE,BULL,06.09 03:00,80028.01,10,0,,79829.98,-0.2474508612671955,0.09994000850452878,-0.5635651817407328,79577.0,0.31790592759213254,,,,
1h,2026-09-06 14:00:00,1788706799999,2026-09-06 15:00:00,79543.06,ACTIVE,BULL,06.09 03:00,80028.01,11,0,,79543.06,-0.6059753328865658,0.09994000850452878,-0.9934146806849231,79577.0,-0.042650514595932165,,,,
1h,2026-09-06 15:00:00,1788710399999,2026-09-06 16:00:00,79716.5,ACTIVE,BULL,06.09 03:00,80028.01,12,0,,79716.5,-0.38925121341889524,0.09994000850452878,-0.9934146806849231,79577.0,0.17530190884300634,,,,
1h,2026-09-06 16:00:00,1788713999999,2026-09-06 17:00:00,79682.0,ACTIVE,BULL,06.09 03:00,80028.01,13,0,,79682.0,-0.43236111956300727,0.09994000850452878,-0.9934146806849231,79233.0,0.5666830739716966,,,,
1h,2026-09-06 17:00:00,1788717599999,2026-09-06 18:00:00,79745.34,ACTIVE,BULL,06.09 03:00,80028.01,14,0,,79745.34,-0.3532138310074151,0.09994000850452878,-0.9934146806849231,79233.0,0.646624512513716,,,,
1h,2026-09-06 18:00:00,1788721199999,2026-09-06 19:00:00,79955.34,ACTIVE,BULL,06.09 03:00,80028.01,15,0,,79955.34,-0.09080570665195298,0.09994000850452878,-0.9934146806849231,79233.0,0.9116655938813389,,,,
1h,2026-09-06 19:00:00,1788724799999,2026-09-06 20:00:00,79829.99,ACTIVE,BULL,06.09 03:00,80028.01,16,0,,79829.99,-0.24743836564221633,0.09994000850452878,-0.9934146806849231,79233.0,0.7534613103126198,,,,
1h,2026-09-06 20:00:00,1788728399999,2026-09-06 21:00:00,79912.0,ACTIVE,BULL,06.09 03:00,80028.01,17,0,,79912.0,-0.14496174526893446,0.09994000850452878,-0.9934146806849231,79233.0,0.8569661630886127,,,,
1h,2026-09-06 21:00:00,1788731999999,2026-09-06 22:00:00,79944.38,ACTIVE,BULL,06.09 03:00,80028.01,18,0,,79944.38,-0.10450091161831043,0.09994000850452878,-0.9934146806849231,79233.0,0.8978329736347268,,,,
1h,2026-09-06 22:00:00,1788735599999,2026-09-06 23:00:00,80055.17,ACTIVE,BULL,06.09 03:00,80028.01,19,0,,80055.17,0.0339381174166542,0.09994000850452878,-0.9934146806849231,79233.0,1.0376610755619575,,,,
1h,2026-09-06 23:00:00,1788739199999,2026-09-07 00:00:00,80341.83,ACTIVE,BULL,06.09 03:00,80028.01,20,1,06.09 23:00,80341.83,0.39213770278681004,0.6647422571172346,-0.9934146806849231,79233.0,1.3994547726326134,,,,
1h,2026-09-07 00:00:00,1788742799999,2026-09-07 01:00:00,80160.01,ACTIVE,BULL,06.09 03:00,80028.01,21,1,06.09 23:00,80160.01,0.16494224959486825,0.6647422571172346,-0.9934146806849231,79647.04,0.6440540665415773,,,,
1h,2026-09-07 01:00:00,1788746399999,2026-09-07 02:00:00,79926.14,ACTIVE,BULL,06.09 03:00,80028.01,22,1,06.09 23:00,79926.14,-0.12729293156232835,0.6647422571172346,-0.9934146806849231,79647.04,0.350421057706618,,,,
1h,2026-09-07 02:00:00,1788749999999,2026-09-07 03:00:00,79874.24,ACTIVE,BULL,06.09 03:00,80028.01,23,1,06.09 23:00,79874.24,-0.19214522515302868,0.6647422571172346,-0.9934146806849231,79647.04,0.2852585607701297,,,,
1h,2026-09-07 03:00:00,1788753599999,2026-09-07 04:00:00,79596.39,ACTIVE,BULL,06.09 03:00,80028.01,24,1,06.09 23:00,79596.39,-0.5393361649252526,0.6647422571172346,-0.9934146806849231,79647.04,-0.06359307263646974,,,,
1h,2026-09-07 04:00:00,1788757199999,2026-09-07 05:00:00,79724.0,ACTIVE,BULL,06.09 03:00,80028.01,25,1,06.09 23:00,79724.0,-0.37987949469191484,0.6647422571172346,-0.9934146806849231,79647.04,0.0966263153031166,,,,
1h,2026-09-07 05:00:00,1788760799999,2026-09-07 06:00:00,79759.47,ACTIVE,BULL,06.09 03:00,80028.01,26,1,06.09 23:00,79759.47,-0.33555751292577707,0.6647422571172346,-0.9934146806849231,79647.04,0.14116029924025053,,,,
1h,2026-09-07 06:00:00,1788764399999,2026-09-07 07:00:00,79659.27,ACTIVE,BULL,06.09 03:00,80028.01,27,1,06.09 23:00,79659.27,-0.46076367511823646,0.6647422571172346,-0.9934146806849231,79540.38,0.1494712496973305,,,,
1h,2026-09-07 07:00:00,1788767999999,2026-09-07 08:00:00,79397.83,ACTIVE,BEAR,07.09 07:00,79397.83,0,0,,79397.83,-0.0,-0.0,-0.0,79540.38,0.17921714731561345,,,,
1h,2026-09-07 08:00:00,1788771599999,2026-09-07 09:00:00,79437.38,ACTIVE,BEAR,07.09 07:00,79397.83,1,0,,79437.38,-0.049812444496288855,-0.0,-0.1670574624016874,79540.38,0.1294939752613744,,,,
1h,2026-09-07 09:00:00,1788775199999,2026-09-07 10:00:00,79313.85,ACTIVE,BEAR,07.09 07:00,79397.83,2,0,,79313.85,0.10577115268767256,0.1343613547120981,-0.1916551119848009,79540.38,0.28479873996075655,,,,
1h,2026-09-07 10:00:00,1788778799999,2026-09-07 11:00:00,79360.0,ACTIVE,BEAR,07.09 07:00,79397.83,3,0,,79360.0,0.04764613843980525,0.1343613547120981,-0.1916551119848009,79540.38,0.22677789570531015,,,,
1h,2026-09-07 11:00:00,1788782399999,2026-09-07 12:00:00,79420.16,ACTIVE,BEAR,07.09 07:00,79397.83,4,0,,79420.16,-0.028124194326228924,0.1458855991404273,-0.1916551119848009,79540.38,0.15114335636817744,,,,
1h,2026-09-07 12:00:00,1788785999999,2026-09-07 13:00:00,79606.84,ACTIVE,BEAR,07.09 07:00,79397.83,5,0,,79606.84,-0.2632439702697109,0.1458855991404273,-0.2891766689341324,79540.38,-0.08355504462009833,,,,
1h,2026-09-07 13:00:00,1788789599999,2026-09-07 14:00:00,79352.01,ACTIVE,BEAR,07.09 07:00,79397.83,6,0,,79352.01,0.05770938576029616,0.1458855991404273,-0.3094165167990104,79540.38,0.23682310796102612,,,,
1h,2026-09-07 14:00:00,1788793199999,2026-09-07 15:00:00,79191.95,ACTIVE,BEAR,07.09 07:00,79397.83,7,0,,79191.95,0.25930179703904654,0.5552922542089611,-0.3094165167990104,79540.38,0.4380542310710722,,,,
1h,2026-09-07 15:00:00,1788796799999,2026-09-07 16:00:00,78821.99,ACTIVE,BEAR,07.09 07:00,79397.83,8,1,07.09 15:00,78821.99,0.725259116023691,0.9040927189068015,-0.3094165167990104,79643.5,1.031484050801379,,,,
1h,2026-09-07 16:00:00,1788800399999,2026-09-07 17:00:00,79028.87,ACTIVE,BEAR,07.09 07:00,79397.83,9,1,07.09 15:00,79028.87,0.4646978387192746,0.9040927189068015,-0.3094165167990104,79643.5,0.7717265062434531,,,,
1h,2026-09-07 17:00:00,1788803999999,2026-09-07 18:00:00,79185.73,ACTIVE,BEAR,07.09 07:00,79397.83,10,1,07.09 15:00,79185.73,0.26713576428978314,0.9040927189068015,-0.3094165167990104,79643.5,0.5747738359062615,,,,
1h,2026-09-07 18:00:00,1788807599999,2026-09-07 19:00:00,79196.16,ACTIVE,BEAR,07.09 07:00,79397.83,11,1,07.09 15:00,79196.16,0.25399938512172815,0.9040927189068015,-0.3094165167990104,79643.5,0.5616779774871739,,,,
1h,2026-09-07 19:00:00,1788811199999,2026-09-07 20:00:00,79365.82,ACTIVE,BEAR,07.09 07:00,79397.83,12,1,07.09 15:00,79365.82,0.04031596329521214,0.9040927189068015,-0.3094165167990104,79643.5,0.3486536879971247,,,,
1h,2026-09-07 20:00:00,1788814799999,2026-09-07 21:00:00,79238.0,ACTIVE,BEAR,07.09 07:00,79397.83,13,1,07.09 15:00,79238.0,0.20130273081770955,0.9040927189068015,-0.3094165167990104,79643.5,0.5091438723813013,,,,
1h,2026-09-07 21:00:00,1788818399999,2026-09-07 22:00:00,79164.0,ACTIVE,BEAR,07.09 07:00,79397.83,14,1,07.09 15:00,79164.0,0.29450427045676353,0.9040927189068015,-0.3094165167990104,79419.17,0.3212952238105693,,,,
1h,2026-09-07 22:00:00,1788821999999,2026-09-07 23:00:00,78952.19,ACTIVE,BEAR,07.09 07:00,79397.83,15,1,07.09 15:00,78952.19,0.5612747854695788,0.9040927189068015,-0.3094165167990104,79419.17,0.5879940573541576,,,,
1h,2026-09-07 23:00:00,1788825599999,2026-09-08 00:00:00,79112.01,ACTIVE,BEAR,07.09 07:00,79397.83,16,1,07.09 15:00,79112.01,0.3599846494545367,0.9040927189068015,-0.3094165167990104,79419.17,0.3867580081735933,,,,
1h,2026-09-08 00:00:00,1788829199999,2026-09-08 01:00:00,79313.08,ACTIVE,BEAR,07.09 07:00,79397.83,17,1,07.09 15:00,79313.08,0.10674095249202376,0.9040927189068015,-0.3094165167990104,79419.17,0.1335823580125517,,,,
1h,2026-09-08 01:00:00,1788832799999,2026-09-08 02:00:00,79441.99,ACTIVE,BEAR,07.09 07:00,79397.83,18,1,07.09 15:00,79441.99,-0.055618648519750735,0.9040927189068015,-0.3094165167990104,79419.17,-0.028733616833331865,,,,
1h,2026-09-08 02:00:00,1788836399999,2026-09-08 03:00:00,78930.01,ACTIVE,BEAR,07.09 07:00,79397.83,19,1,07.09 15:00,78930.01,0.5892100577559956,0.9040927189068015,-0.3094165167990104,79419.17,0.6159218234086383,,,,
1h,2026-09-08 03:00:00,1788839999999,2026-09-08 04:00:00,78906.28,ACTIVE,BEAR,07.09 07:00,79397.83,20,1,07.09 15:00,78906.28,0.61909752445376,0.9040927189068015,-0.3094165167990104,79419.17,0.6458012593181239,,,,
1h,2026-09-08 04:00:00,1788843599999,2026-09-08 05:00:00,78678.71,ACTIVE,BEAR,07.09 07:00,79397.83,21,1,07.09 15:00,78678.71,0.9057174484491504,0.9057300432518178,-0.3094165167990104,79485.0,1.0143926527017566,,,,
1h,2026-09-08 05:00:00,1788847199999,2026-09-08 06:00:00,78578.0,ACTIVE,BEAR,07.09 07:00,79397.83,22,2,"07.09 15:00,08.09 05:00",78578.0,1.0325597059768543,1.061527752080882,-0.3094165167990104,79485.0,1.141095804239789,,,,
1h,2026-09-08 06:00:00,1788850799999,2026-09-08 07:00:00,78323.59,ACTIVE,BEAR,07.09 07:00,79397.83,23,2,"07.09 15:00,08.09 05:00",78323.59,1.3529840802954052,1.431046667144431,-0.3094165167990104,79485.0,1.461168773982513,,,,
1h,2026-09-08 07:00:00,1788854399999,2026-09-08 08:00:00,78482.0,ACTIVE,BEAR,07.09 07:00,79397.83,24,2,"07.09 15:00,08.09 05:00",78482.0,1.1534698114545439,1.5338580412084357,-0.3094165167990104,79485.0,1.261873309429451,,,,
1h,2026-09-08 08:00:00,1788857999999,2026-09-08 09:00:00,78418.0,ACTIVE,BEAR,07.09 07:00,79397.83,25,2,"07.09 15:00,08.09 05:00",78418.0,1.2340765484396776,1.5338580412084357,-0.3094165167990104,79485.0,1.3423916462225627,,,,
1h,2026-09-08 09:00:00,1788861599999,2026-09-08 10:00:00,78761.99,ACTIVE,BEAR,07.09 07:00,79397.83,26,2,"07.09 15:00,08.09 05:00",78761.99,0.8008279319472567,1.5338580412084357,-0.3094165167990104,79485.0,0.9096181669497327,,,,
1h,2026-09-08 10:00:00,1788865199999,2026-09-08 11:00:00,78568.0,ACTIVE,BEAR,07.09 07:00,79397.83,27,2,"07.09 15:00,08.09 05:00",78568.0,1.0451545086307745,1.5338580412084357,-0.3094165167990104,79485.0,1.1536767943637116,,,,
1h,2026-09-08 11:00:00,1788868799999,2026-09-08 12:00:00,78430.01,ACTIVE,BEAR,07.09 07:00,79397.83,28,2,"07.09 15:00,08.09 05:00",78430.01,1.218950190452317,1.5338580412084357,-0.3094165167990104,79485.0,1.3272818770837302,,,,
1h,2026-09-08 12:00:00,1788872399999,2026-09-08 13:00:00,78449.99,ACTIVE,BEAR,07.09 07:00,79397.83,29,2,"07.09 15:00,08.09 05:00",78449.99,1.193785774749756,1.5338580412084357,-0.3094165167990104,78994.5,0.6893011538777971,,,,
1h,2026-09-08 13:00:00,1788875999999,2026-09-08 14:00:00,77961.66,ACTIVE,BEAR,07.09 07:00,79397.83,30,3,"07.09 15:00,08.09 05:00,08.09 13:00",77961.66,1.8088277727489555,2.2391292054203538,-0.3094165167990104,78994.5,1.3074834323908546,,,,
1h,2026-09-08 14:00:00,1788879599999,2026-09-08 15:00:00,78567.52,ACTIVE,BEAR,07.09 07:00,79397.83,31,3,"07.09 15:00,08.09 05:00,08.09 13:00",78567.52,1.0457590591581578,2.2391292054203538,-0.3094165167990104,78994.5,0.5405186437030363,,,,
1h,2026-09-08 15:00:00,1788883199999,2026-09-08 16:00:00,78904.0,ACTIVE,BEAR,07.09 07:00,79397.83,32,3,"07.09 15:00,08.09 05:00,08.09 13:00",78904.0,0.6219691394588556,2.2391292054203538,-0.3094165167990104,78994.5,0.1145649380653091,,,,
1h,2026-09-08 16:00:00,1788886799999,2026-09-08 17:00:00,78735.89,ACTIVE,BEAR,07.09 07:00,79397.83,33,3,"07.09 15:00,08.09 05:00,08.09 13:00",78735.89,0.8337003668740128,2.2391292054203538,-0.3094165167990104,78994.5,0.327377222464853,,,,
1h,2026-09-08 17:00:00,1788890399999,2026-09-08 18:00:00,78504.38,ACTIVE,BEAR,07.09 07:00,79397.83,34,3,"07.09 15:00,08.09 05:00,08.09 13:00",78504.38,1.1252826431150553,2.2391292054203538,-0.3094165167990104,78994.5,0.6204482590560056,,,,
1h,2026-09-08 18:00:00,1788893999999,2026-09-08 19:00:00,78436.0,ACTIVE,BEAR,07.09 07:00,79397.83,35,3,"07.09 15:00,08.09 05:00,08.09 13:00",78436.0,1.2114059036626101,2.2391292054203538,-0.3094165167990104,78978.39,0.6867574788495978,,,,
1h,2026-09-08 19:00:00,1788897599999,2026-09-08 20:00:00,78446.0,ACTIVE,BEAR,07.09 07:00,79397.83,36,3,"07.09 15:00,08.09 05:00,08.09 13:00",78446.0,1.1988111010086788,2.2391292054203538,-0.3094165167990104,78978.39,0.6740957874679432,,,,
1h,2026-09-08 20:00:00,1788901199999,2026-09-08 21:00:00,78487.99,ACTIVE,BEAR,07.09 07:00,79397.83,37,3,"07.09 15:00,08.09 05:00,08.09 13:00",78487.99,1.145925524664837,2.2391292054203538,-0.3094165167990104,78978.39,0.620929345356358,,,,
1h,2026-09-08 21:00:00,1788904799999,2026-09-08 22:00:00,78492.18,ACTIVE,BEAR,07.09 07:00,79397.83,38,3,"07.09 15:00,08.09 05:00,08.09 13:00",78492.18,1.1406483023528535,2.2391292054203538,-0.3094165167990104,78978.39,0.6156240966674664,,,,
1h,2026-09-08 22:00:00,1788908399999,2026-09-08 23:00:00,78562.44,ACTIVE,BEAR,07.09 07:00,79397.83,39,3,"07.09 15:00,08.09 05:00,08.09 13:00",78562.44,1.0521572189063577,2.2391292054203538,-0.3094165167990104,78978.39,0.5266630530199379,,,,
1h,2026-09-08 23:00:00,1788911999999,2026-09-09 00:00:00,78455.8,ACTIVE,BEAR,07.09 07:00,79397.83,40,3,"07.09 15:00,08.09 05:00,08.09 13:00",78455.8,1.1864681944078304,2.2391292054203538,-0.3094165167990104,78978.39,0.661687329913907,,,,
1h,2026-09-09 00:00:00,1788915599999,2026-09-09 01:00:00,78774.65,ACTIVE,BEAR,07.09 07:00,79397.83,41,3,"07.09 15:00,08.09 05:00,08.09 13:00",78774.65,0.784882911787399,2.2391292054203538,-0.3094165167990104,78978.39,0.2579693002098482,,,,
1h,2026-09-09 01:00:00,1788919199999,2026-09-09 02:00:00,78891.5,ACTIVE,BEAR,07.09 07:00,79397.83,42,3,"07.09 15:00,08.09 05:00,08.09 13:00",78891.5,0.6377126427762558,2.2391292054203538,-0.3094165167990104,78978.39,0.11001743641519957,,,,
1h,2026-09-09 02:00:00,1788922799999,2026-09-09 03:00:00,78726.01,ACTIVE,BEAR,07.09 07:00,79397.83,43,3,"07.09 15:00,08.09 05:00,08.09 13:00",78726.01,0.84614403189609,2.2391292054203538,-0.3094165167990104,78978.39,0.31955576709021827,,,,
1h,2026-09-09 03:00:00,1788926399999,2026-09-09 04:00:00,78638.01,ACTIVE,BEAR,07.09 07:00,79397.83,44,3,"07.09 15:00,08.09 05:00,08.09 13:00",78638.01,0.9569782952506434,2.2391292054203538,-0.3094165167990104,78978.39,0.4309786512487812,,,,
1h,2026-09-09 04:00:00,1788929999999,2026-09-09 05:00:00,79171.5,ENDED,BEAR,07.09 07:00,79397.83,45,3,"07.09 15:00,08.09 05:00,08.09 13:00",79171.5,0.28505816846632337,2.2391292054203538,-0.3094165167990104,,,09.09 04:00,79171.5,78978.39,pivot
1h,2026-09-09 05:00:00,1788933599999,2026-09-09 06:00:00,78923.43,ENDED,BEAR,07.09 07:00,79397.83,45,3,"07.09 15:00,08.09 05:00,08.09 13:00",79171.5,0.28505816846632337,2.2391292054203538,-0.3094165167990104,,,09.09 04:00,79171.5,78978.39,pivot
1h,2026-09-09 06:00:00,1788937199999,2026-09-09 07:00:00,79159.03,ENDED,BEAR,07.09 07:00,79397.83,45,3,"07.09 15:00,08.09 05:00,08.09 13:00",79171.5,0.28505816846632337,2.2391292054203538,-0.3094165167990104,,,09.09 04:00,79171.5,78978.39,pivot
1h,2026-09-09 07:00:00,1788940799999,2026-09-09 08:00:00,79277.43,ENDED,BEAR,07.09 07:00,79397.83,45,3,"07.09 15:00,08.09 05:00,08.09 13:00",79171.5,0.28505816846632337,2.2391292054203538,-0.3094165167990104,,,09.09 04:00,79171.5,78978.39,pivot
1h,2026-09-09 08:00:00,1788944399999,2026-09-09 09:00:00,79698.02,ENDED,BEAR,07.09 07:00,79397.83,45,3,"07.09 15:00,08.09 05:00,08.09 13:00",79171.5,0.28505816846632337,2.2391292054203538,-0.3094165167990104,,,09.09 04:00,79171.5,78978.39,pivot
1h,2026-09-09 09:00:00,1788947999999,2026-09-09 10:00:00,78952.01,ENDED,BEAR,07.09 07:00,79397.83,45,3,"07.09 15:00,08.09 05:00,08.09 13:00",79171.5,0.28505816846632337,2.2391292054203538,-0.3094165167990104,,,09.09 04:00,79171.5,78978.39,pivot
1h,2026-09-09 10:00:00,1788951599999,2026-09-09 11:00:00,78920.01,ENDED,BEAR,07.09 07:00,79397.83,45,3,"07.09 15:00,08.09 05:00,08.09 13:00",79171.5,0.28505816846632337,2.2391292054203538,-0.3094165167990104,,,09.09 04:00,79171.5,78978.39,pivot
1h,2026-09-09 11:00:00,1788955199999,2026-09-09 12:00:00,79324.75,ENDED,BEAR,07.09 07:00,79397.83,45,3,"07.09 15:00,08.09 05:00,08.09 13:00",79171.5,0.28505816846632337,2.2391292054203538,-0.3094165167990104,,,09.09 04:00,79171.5,78978.39,pivot
1h,2026-09-09 12:00:00,1788958799999,2026-09-09 13:00:00,79606.14,ENDED,BEAR,07.09 07:00,79397.83,45,3,"07.09 15:00,08.09 05:00,08.09 13:00",79171.5,0.28505816846632337,2.2391292054203538,-0.3094165167990104,,,09.09 04:00,79171.5,78978.39,pivot
1h,2026-09-09 13:00:00,1788962399999,2026-09-09 14:00:00,79140.69,ENDED,BEAR,07.09 07:00,79397.83,45,3,"07.09 15:00,08.09 05:00,08.09 13:00",79171.5,0.28505816846632337,2.2391292054203538,-0.3094165167990104,,,09.09 04:00,79171.5,78978.39,pivot
1h,2026-09-09 14:00:00,1788965999999,2026-09-09 15:00:00,78958.01,ENDED,BEAR,07.09 07:00,79397.83,45,3,"07.09 15:00,08.09 05:00,08.09 13:00",79171.5,0.28505816846632337,2.2391292054203538,-0.3094165167990104,,,09.09 04:00,79171.5,78978.39,pivot
1h,2026-09-09 15:00:00,1788969599999,2026-09-09 16:00:00,78596.7,ENDED,BEAR,07.09 07:00,79397.83,45,3,"07.09 15:00,08.09 05:00,08.09 13:00",79171.5,0.28505816846632337,2.2391292054203538,-0.3094165167990104,,,09.09 04:00,79171.5,78978.39,pivot
1h,2026-09-09 16:00:00,1788973199999,2026-09-09 17:00:00,78804.9,ENDED,BEAR,07.09 07:00,79397.83,45,3,"07.09 15:00,08.09 05:00,08.09 13:00",79171.5,0.28505816846632337,2.2391292054203538,-0.3094165167990104,,,09.09 04:00,79171.5,78978.39,pivot
1h,2026-09-09 17:00:00,1788976799999,2026-09-09 18:00:00,78776.01,ENDED,BEAR,07.09 07:00,79397.83,45,3,"07.09 15:00,08.09 05:00,08.09 13:00",79171.5,0.28505816846632337,2.2391292054203538,-0.3094165167990104,,,09.09 04:00,79171.5,78978.39,pivot
1h,2026-09-09 18:00:00,1788980399999,2026-09-09 19:00:00,78414.42,ENDED,BEAR,07.09 07:00,79397.83,45,3,"07.09 15:00,08.09 05:00,08.09 13:00",79171.5,0.28505816846632337,2.2391292054203538,-0.3094165167990104,,,09.09 04:00,79171.5,78978.39,pivot
1h,2026-09-09 19:00:00,1788983999999,2026-09-09 20:00:00,78234.94,ENDED,BEAR,07.09 07:00,79397.83,45,3,"07.09 15:00,08.09 05:00,08.09 13:00",79171.5,0.28505816846632337,2.2391292054203538,-0.3094165167990104,,,09.09 04:00,79171.5,78978.39,pivot
1h,2026-09-09 20:00:00,1788987599999,2026-09-09 21:00:00,78324.07,ENDED,BEAR,07.09 07:00,79397.83,45,3,"07.09 15:00,08.09 05:00,08.09 13:00",79171.5,0.28505816846632337,2.2391292054203538,-0.3094165167990104,,,09.09 04:00,79171.5,78978.39,pivot
1h,2026-09-09 21:00:00,1788991199999,2026-09-09 22:00:00,78145.02,ENDED,BEAR,07.09 07:00,79397.83,45,3,"07.09 15:00,08.09 05:00,08.09 13:00",79171.5,0.28505816846632337,2.2391292054203538,-0.3094165167990104,,,09.09 04:00,79171.5,78978.39,pivot
1h,2026-09-09 22:00:00,1788994799999,2026-09-09 23:00:00,77924.06,ACTIVE,BEAR,09.09 22:00,77924.06,0,0,,77924.06,-0.0,-0.0,-0.0,78060.03,0.17418645624399653,,,,
1h,2026-09-09 23:00:00,1788998399999,2026-09-10 00:00:00,78306.43,ACTIVE,BEAR,09.09 22:00,77924.06,1,0,,78306.43,-0.49069568500408334,0.0044915524165412,-0.5095088731259523,78060.03,-0.31565450333543854,,,,
1h,2026-09-10 00:00:00,1789001999999,2026-09-10 01:00:00,78180.7,ACTIVE,BEAR,09.09 22:00,77924.06,2,0,,78180.7,-0.3293462891948984,0.0044915524165412,-0.5881238734224192,78060.03,-0.15458615632097938,,,,
1h,2026-09-10 01:00:00,1789005599999,2026-09-10 02:00:00,78094.0,ACTIVE,BEAR,09.09 22:00,77924.06,3,0,,78094.0,-0.21808411933361693,0.0044915524165412,-0.7499994225147022,78060.03,-0.04351779009053036,,,,
1h,2026-09-10 02:00:00,1789009199999,2026-09-10 03:00:00,78357.86,ACTIVE,BEAR,09.09 22:00,77924.06,4,0,,78357.86,-0.5566958395134991,0.0044915524165412,-0.7499994225147022,78060.03,-0.3815396945145988,,,,
1h,2026-09-10 03:00:00,1789012799999,2026-09-10 04:00:00,78328.08,ACTIVE,BEAR,09.09 22:00,77924.06,5,0,,78328.08,-0.5184791449521553,0.0044915524165412,-0.8032692341749081,78060.03,-0.3433895682592114,,,,
1h,2026-09-10 04:00:00,1789016399999,2026-09-10 05:00:00,78400.0,ACTIVE,BEAR,09.09 22:00,77924.06,6,0,,78400.0,-0.6107741306087044,0.0044915524165412,-0.8032692341749081,78060.03,-0.43552378855094,,,,
1h,2026-09-10 05:00:00,1789019999999,2026-09-10 06:00:00,78536.71,ACTIVE,BEAR,09.09 22:00,77924.06,7,0,,78536.71,-0.7862141679989554,0.0044915524165412,-0.8217359311103678,78060.03,-0.6106582331572241,,,,
1h,2026-09-10 06:00:00,1789023599999,2026-09-10 07:00:00,78416.01,ACTIVE,BEAR,09.09 22:00,77924.06,8,0,,78416.01,-0.6313197746626642,0.0044915524165412,-0.8217359311103678,78060.03,-0.4560336448756086,,,,
1h,2026-09-10 07:00:00,1789027199999,2026-09-10 08:00:00,78112.0,ACTIVE,BEAR,09.09 22:00,77924.06,9,0,,78112.0,-0.24118353176156848,0.022560426137963052,-0.8217359311103678,78564.39,0.5758206739720162,,,,
1h,2026-09-10 08:00:00,1789030799999,2026-09-10 09:00:00,78110.0,ACTIVE,BEAR,09.09 22:00,77924.06,10,0,,78110.0,-0.2386169303806751,0.022560426137963052,-0.8217359311103678,78564.39,0.5783663565643415,,,,
1h,2026-09-10 09:00:00,1789034399999,2026-09-10 10:00:00,77992.01,ACTIVE,BEAR,09.09 22:00,77924.06,11,0,,77992.01,-0.08720028191548934,0.022560426137963052,-0.8217359311103678,78564.39,0.7285489010988355,,,,
1h,2026-09-10 10:00:00,1789037999999,2026-09-10 11:00:00,77863.21,ACTIVE,BEAR,09.09 22:00,77924.06,12,1,10.09 10:00,77863.21,0.07808884701334673,0.13198747601188554,-0.8217359311103678,78564.39,0.8924908600448589,,,,
1h,2026-09-10 11:00:00,1789041599999,2026-09-10 12:00:00,77840.8,ACTIVE,BEAR,09.09 22:00,77924.06,13,1,10.09 10:00,77840.8,0.10684761548614974,0.3029359609856064,-0.8217359311103678,78564.39,0.9210152334919175,,,,
1h,2026-09-10 12:00:00,1789045199999,2026-09-10 13:00:00,76896.01,ACTIVE,BEAR,09.09 22:00,77924.06,14,1,10.09 10:00,76896.01,1.3192972748083287,1.6015464286640024,-0.8217359311103678,78564.39,2.1235829616955026,,,,
1h,2026-09-10 13:00:00,1789048799999,2026-09-10 14:00:00,77174.44,ACTIVE,BEAR,09.09 22:00,77924.06,15,1,10.09 10:00,77174.44,0.9619878635687029,1.6015464286640024,-0.8217359311103678,78564.39,1.7691857596043192,,,,
1h,2026-09-10 14:00:00,1789052399999,2026-09-10 15:00:00,77412.01,ACTIVE,BEAR,09.09 22:00,77924.06,16,1,10.09 10:00,77412.01,0.6571141185405471,1.6015464286640024,-0.8217359311103678,78564.39,1.4667968528744413,,,,
1h,2026-09-10 15:00:00,1789055999999,2026-09-10 16:00:00,77250.0,ACTIVE,BEAR,09.09 22:00,77924.06,17,1,10.09 10:00,77250.0,0.8650216633989571,1.6015464286640024,-0.8217359311103678,78564.39,1.6730098712661068,,,,
1h,2026-09-10 16:00:00,1789059599999,2026-09-10 17:00:00,77200.01,ACTIVE,BEAR,09.09 22:00,77924.06,18,1,10.09 10:00,77200.01,0.9291738649141235,1.6015464286640024,-0.8217359311103678,78564.39,1.7366392076613946,,,,
1h,2026-09-10 17:00:00,1789063199999,2026-09-10 18:00:00,77328.72,ACTIVE,BEAR,09.09 22:00,77924.06,19,1,10.09 10:00,77328.72,0.7640002330474016,1.6015464286640024,-0.8217359311103678,78564.39,1.572811804432006,,,,
1h,2026-09-10 18:00:00,1789066799999,2026-09-10 19:00:00,77252.0,ACTIVE,BEAR,09.09 22:00,77924.06,20,1,10.09 10:00,77252.0,0.8624550620180749,1.6015464286640024,-0.8217359311103678,78564.39,1.6704641886737703,,,,
1h,2026-09-10 19:00:00,1789070399999,2026-09-10 20:00:00,77160.83,ACTIVE,BEAR,09.09 22:00,77924.06,21,1,10.09 10:00,77160.83,0.9794535859656173,1.6015464286640024,-0.8217359311103678,77544.0,0.49413236356132817,,,,
1h,2026-09-10 20:00:00,1789073999999,2026-09-10 21:00:00,77268.08,ACTIVE,BEAR,09.09 22:00,77924.06,22,1,10.09 10:00,77268.08,0.8418195869157707,1.6015464286640024,-0.8217359311103678,77544.0,0.35582379036417366,,,,
1h,2026-09-10 21:00:00,1789077599999,2026-09-10 22:00:00,77144.0,ACTIVE,BEAR,09.09 22:00,77924.06,23,1,10.09 10:00,77144.0,1.0010515365857398,1.6015464286640024,-0.8217359311103678,77544.0,0.5158361704322711,,,,
1h,2026-09-10 22:00:00,1789081199999,2026-09-10 23:00:00,76836.45,ACTIVE,BEAR,09.09 22:00,77924.06,24,1,10.09 10:00,76836.45,1.3957306639310163,1.6015464286640024,-0.8217359311103678,77347.45,0.6606552640067598,,,,
1h,2026-09-10 23:00:00,1789084799999,2026-09-11 00:00:00,76568.72,ACTIVE,BEAR,09.09 22:00,77924.06,25,2,"10.09 10:00,10.09 23:00",76568.72,1.739308757782898,1.8736960060859231,-0.8217359311103678,77347.45,1.0067946648531945,,,,
1h,2026-09-11 00:00:00,1789088399999,2026-09-11 01:00:00,76908.59,ACTIVE,BEAR,09.09 22:00,77924.06,26,2,"10.09 10:00,10.09 23:00",76908.59,1.3031533521225658,1.8736960060859231,-0.8217359311103678,77347.45,0.5673878065792781,,,,
1h,2026-09-11 01:00:00,1789091999999,2026-09-11 02:00:00,76971.43,ACTIVE,BEAR,09.09 22:00,77924.06,27,2,"10.09 10:00,10.09 23:00",76971.43,1.2225107367352273,1.8736960060859231,-0.8217359311103678,77347.45,0.48614401638321647,,,,
1h,2026-09-11 02:00:00,1789095599999,2026-09-11 03:00:00,76838.68,ACTIVE,BEAR,09.09 22:00,77924.06,28,2,"10.09 10:00,10.09 23:00",76838.68,1.392868903391331,1.8736960060859231,-0.8217359311103678,77347.45,0.657772169606119,,,,
1h,2026-09-11 03:00:00,1789099199999,2026-09-11 04:00:00,76891.8,ACTIVE,BEAR,09.09 22:00,77924.06,29,2,"10.09 10:00,10.09 23:00",76891.8,1.3246999707150708,1.8736960060859231,-0.8217359311103678,77347.45,0.5890950509680581,,,,
1h,2026-09-11 04:00:00,1789102799999,2026-09-11 05:00:00,77114.01,ACTIVE,BEAR,09.09 22:00,77924.06,30,2,"10.09 10:00,10.09 23:00",77114.01,1.0395377242920945,1.8736960060859231,-0.8217359311103678,77347.45,0.30180697618344965,,,,
1h,2026-09-11 05:00:00,1789106399999,2026-09-11 06:00:00,77252.86,ACTIVE,BEAR,09.09 22:00,77924.06,31,2,"10.09 10:00,10.09 23:00",77252.86,0.8613514234242836,1.8736960060859231,-0.8217359311103678,77347.45,0.12229233155067742,,,,
1h,2026-09-11 06:00:00,1789109999999,2026-09-11 07:00:00,77298.01,ACTIVE,BEAR,09.09 22:00,77924.06,32,2,"10.09 10:00,10.09 23:00",77298.01,0.8034103972508699,1.8736960060859231,-0.8217359311103678,77347.45,0.06391936644324359,,,,
1h,2026-09-11 07:00:00,1789113599999,2026-09-11 08:00:00,77230.7,ACTIVE,BEAR,09.09 22:00,77924.06,33,2,"10.09 10:00,10.09 23:00",77230.7,0.8897893667244805,1.8736960060859231,-0.8217359311103678,77347.45,0.15094227411505123,,,,
1h,2026-09-11 08:00:00,1789117199999,2026-09-11 09:00:00,77364.93,ACTIVE,BEAR,09.09 22:00,77924.06,34,2,"10.09 10:00,10.09 23:00",77364.93,0.717531915046532,1.8736960060859231,-0.8217359311103678,77347.45,-0.02259932292532074,,,,
1h,2026-09-11 09:00:00,1789120799999,2026-09-11 10:00:00,77042.0,ACTIVE,BEAR,09.09 22:00,77924.06,35,2,"10.09 10:00,10.09 23:00",77042.0,1.131948207010769,1.8736960060859231,-0.8217359311103678,77347.45,0.39490636084318353,,,,
1h,2026-09-11 10:00:00,1789124399999,2026-09-11 11:00:00,76993.25,ACTIVE,BEAR,09.09 22:00,77924.06,36,2,"10.09 10:00,10.09 23:00",76993.25,1.1945091156697951,1.8736960060859231,-0.8217359311103678,77500.0,0.6538709677419319,,,,
1h,2026-09-11 11:00:00,1789127999999,2026-09-11 12:00:00,77036.12,ACTIVE,BEAR,09.09 22:00,77924.06,37,2,"10.09 10:00,10.09 23:00",77036.12,1.1394940150705746,1.8736960060859231,-0.8217359311103678,77500.0,0.5985548387096862,,,,
1h,2026-09-11 12:00:00,1789131599999,2026-09-11 13:00:00,78032.99,ENDED,BEAR,09.09 22:00,77924.06,38,2,"10.09 10:00,10.09 23:00",78032.99,-0.1397899442098005,2.409371380289982,-0.8217359311103678,,,11.09 12:00,78032.99,77500.0,pivot
1h,2026-09-11 13:00:00,1789135199999,2026-09-11 14:00:00,79242.56,ENDED,BEAR,09.09 22:00,77924.06,38,2,"10.09 10:00,10.09 23:00",78032.99,-0.1397899442098005,2.409371380289982,-0.8217359311103678,,,11.09 12:00,78032.99,77500.0,pivot
1h,2026-09-11 14:00:00,1789138799999,2026-09-11 15:00:00,78798.51,ENDED,BEAR,09.09 22:00,77924.06,38,2,"10.09 10:00,10.09 23:00",78032.99,-0.1397899442098005,2.409371380289982,-0.8217359311103678,,,11.09 12:00,78032.99,77500.0,pivot
1h,2026-09-11 15:00:00,1789142399999,2026-09-11 16:00:00,77732.25,ENDED,BEAR,09.09 22:00,77924.06,38,2,"10.09 10:00,10.09 23:00",78032.99,-0.1397899442098005,2.409371380289982,-0.8217359311103678,,,11.09 12:00,78032.99,77500.0,pivot
1h,2026-09-11 16:00:00,1789145999999,2026-09-11 17:00:00,77916.0,ENDED,BEAR,09.09 22:00,77924.06,38,2,"10.09 10:00,10.09 23:00",78032.99,-0.1397899442098005,2.409371380289982,-0.8217359311103678,,,11.09 12:00,78032.99,77500.0,pivot
1h,2026-09-11 17:00:00,1789149599999,2026-09-11 18:00:00,77534.0,ENDED,BEAR,09.09 22:00,77924.06,38,2,"10.09 10:00,10.09 23:00",78032.99,-0.1397899442098005,2.409371380289982,-0.8217359311103678,,,11.09 12:00,78032.99,77500.0,pivot
1h,2026-09-11 18:00:00,1789153199999,2026-09-11 19:00:00,77054.0,ENDED,BEAR,09.09 22:00,77924.06,38,2,"10.09 10:00,10.09 23:00",78032.99,-0.1397899442098005,2.409371380289982,-0.8217359311103678,,,11.09 12:00,78032.99,77500.0,pivot
1h,2026-09-11 19:00:00,1789156799999,2026-09-11 20:00:00,77286.01,ENDED,BEAR,09.09 22:00,77924.06,38,2,"10.09 10:00,10.09 23:00",78032.99,-0.1397899442098005,2.409371380289982,-0.8217359311103678,,,11.09 12:00,78032.99,77500.0,pivot
1h,2026-09-11 20:00:00,1789160399999,2026-09-11 21:00:00,77339.33,ENDED,BEAR,09.09 22:00,77924.06,38,2,"10.09 10:00,10.09 23:00",78032.99,-0.1397899442098005,2.409371380289982,-0.8217359311103678,,,11.09 12:00,78032.99,77500.0,pivot
1h,2026-09-11 21:00:00,1789163999999,2026-09-11 22:00:00,77108.01,ENDED,BEAR,09.09 22:00,77924.06,38,2,"10.09 10:00,10.09 23:00",78032.99,-0.1397899442098005,2.409371380289982,-0.8217359311103678,,,11.09 12:00,78032.99,77500.0,pivot
1h,2026-09-11 22:00:00,1789167599999,2026-09-11 23:00:00,77150.0,ENDED,BEAR,09.09 22:00,77924.06,38,2,"10.09 10:00,10.09 23:00",78032.99,-0.1397899442098005,2.409371380289982,-0.8217359311103678,,,11.09 12:00,78032.99,77500.0,pivot
1h,2026-09-11 23:00:00,1789171199999,2026-09-12 00:00:00,77225.7,ENDED,BEAR,09.09 22:00,77924.06,38,2,"10.09 10:00,10.09 23:00",78032.99,-0.1397899442098005,2.409371380289982,-0.8217359311103678,,,11.09 12:00,78032.99,77500.0,pivot
1h,2026-09-12 00:00:00,1789174799999,2026-09-12 01:00:00,77287.43,ENDED,BEAR,09.09 22:00,77924.06,38,2,"10.09 10:00,10.09 23:00",78032.99,-0.1397899442098005,2.409371380289982,-0.8217359311103678,,,11.09 12:00,78032.99,77500.0,pivot
1h,2026-09-12 01:00:00,1789178399999,2026-09-12 02:00:00,77272.37,ENDED,BEAR,09.09 22:00,77924.06,38,2,"10.09 10:00,10.09 23:00",78032.99,-0.1397899442098005,2.409371380289982,-0.8217359311103678,,,11.09 12:00,78032.99,77500.0,pivot
1h,2026-09-12 02:00:00,1789181999999,2026-09-12 03:00:00,77288.0,ENDED,BEAR,09.09 22:00,77924.06,38,2,"10.09 10:00,10.09 23:00",78032.99,-0.1397899442098005,2.409371380289982,-0.8217359311103678,,,11.09 12:00,78032.99,77500.0,pivot
1h,2026-09-12 03:00:00,1789185599999,2026-09-12 04:00:00,77268.09,ENDED,BEAR,09.09 22:00,77924.06,38,2,"10.09 10:00,10.09 23:00",78032.99,-0.1397899442098005,2.409371380289982,-0.8217359311103678,,,11.09 12:00,78032.99,77500.0,pivot
1h,2026-09-12 04:00:00,1789189199999,2026-09-12 05:00:00,77222.75,ENDED,BEAR,09.09 22:00,77924.06,38,2,"10.09 10:00,10.09 23:00",78032.99,-0.1397899442098005,2.409371380289982,-0.8217359311103678,,,11.09 12:00,78032.99,77500.0,pivot
1h,2026-09-12 05:00:00,1789192799999,2026-09-12 06:00:00,77218.0,ENDED,BEAR,09.09 22:00,77924.06,38,2,"10.09 10:00,10.09 23:00",78032.99,-0.1397899442098005,2.409371380289982,-0.8217359311103678,,,11.09 12:00,78032.99,77500.0,pivot
1h,2026-09-12 06:00:00,1789196399999,2026-09-12 07:00:00,77289.73,ENDED,BEAR,09.09 22:00,77924.06,38,2,"10.09 10:00,10.09 23:00",78032.99,-0.1397899442098005,2.409371380289982,-0.8217359311103678,,,11.09 12:00,78032.99,77500.0,pivot
1h,2026-09-12 07:00:00,1789199999999,2026-09-12 08:00:00,77269.55,ENDED,BEAR,09.09 22:00,77924.06,38,2,"10.09 10:00,10.09 23:00",78032.99,-0.1397899442098005,2.409371380289982,-0.8217359311103678,,,11.09 12:00,78032.99,77500.0,pivot
1h,2026-09-12 08:00:00,1789203599999,2026-09-12 09:00:00,77360.01,ENDED,BEAR,09.09 22:00,77924.06,38,2,"10.09 10:00,10.09 23:00",78032.99,-0.1397899442098005,2.409371380289982,-0.8217359311103678,,,11.09 12:00,78032.99,77500.0,pivot
1h,2026-09-12 09:00:00,1789207199999,2026-09-12 10:00:00,77349.44,ENDED,BEAR,09.09 22:00,77924.06,38,2,"10.09 10:00,10.09 23:00",78032.99,-0.1397899442098005,2.409371380289982,-0.8217359311103678,,,11.09 12:00,78032.99,77500.0,pivot
1h,2026-09-12 10:00:00,1789210799999,2026-09-12 11:00:00,77332.94,ENDED,BEAR,09.09 22:00,77924.06,38,2,"10.09 10:00,10.09 23:00",78032.99,-0.1397899442098005,2.409371380289982,-0.8217359311103678,,,11.09 12:00,78032.99,77500.0,pivot
1h,2026-09-12 11:00:00,1789214399999,2026-09-12 12:00:00,77356.04,ENDED,BEAR,09.09 22:00,77924.06,38,2,"10.09 10:00,10.09 23:00",78032.99,-0.1397899442098005,2.409371380289982,-0.8217359311103678,,,11.09 12:00,78032.99,77500.0,pivot
1h,2026-09-12 12:00:00,1789217999999,2026-09-12 13:00:00,77340.0,ENDED,BEAR,09.09 22:00,77924.06,38,2,"10.09 10:00,10.09 23:00",78032.99,-0.1397899442098005,2.409371380289982,-0.8217359311103678,,,11.09 12:00,78032.99,77500.0,pivot
1h,2026-09-12 13:00:00,1789221599999,2026-09-12 14:00:00,77366.52,ENDED,BEAR,09.09 22:00,77924.06,38,2,"10.09 10:00,10.09 23:00",78032.99,-0.1397899442098005,2.409371380289982,-0.8217359311103678,,,11.09 12:00,78032.99,77500.0,pivot
1h,2026-09-12 14:00:00,1789225199999,2026-09-12 15:00:00,77461.24,ENDED,BEAR,09.09 22:00,77924.06,38,2,"10.09 10:00,10.09 23:00",78032.99,-0.1397899442098005,2.409371380289982,-0.8217359311103678,,,11.09 12:00,78032.99,77500.0,pivot
1h,2026-09-12 15:00:00,1789228799999,2026-09-12 16:00:00,77380.37,ENDED,BEAR,09.09 22:00,77924.06,38,2,"10.09 10:00,10.09 23:00",78032.99,-0.1397899442098005,2.409371380289982,-0.8217359311103678,,,11.09 12:00,78032.99,77500.0,pivot
1h,2026-09-12 16:00:00,1789232399999,2026-09-12 17:00:00,77358.01,ENDED,BEAR,09.09 22:00,77924.06,38,2,"10.09 10:00,10.09 23:00",78032.99,-0.1397899442098005,2.409371380289982,-0.8217359311103678,,,11.09 12:00,78032.99,77500.0,pivot
1h,2026-09-12 17:00:00,1789235999999,2026-09-12 18:00:00,77210.58,ENDED,BEAR,09.09 22:00,77924.06,38,2,"10.09 10:00,10.09 23:00",78032.99,-0.1397899442098005,2.409371380289982,-0.8217359311103678,,,11.09 12:00,78032.99,77500.0,pivot
1h,2026-09-12 18:00:00,1789239599999,2026-09-12 19:00:00,77131.0,ACTIVE,BEAR,12.09 18:00,77131.0,0,0,,77131.0,-0.0,-0.0,-0.0,77255.19,0.1607529539439434,,,,
1h,2026-09-12 19:00:00,1789243199999,2026-09-12 20:00:00,77114.99,ACTIVE,BEAR,12.09 18:00,77131.0,1,0,,77114.99,0.02075689411520365,0.0923753095383173,-0.0713202214414288,77255.19,0.18147648073869593,,,,
1h,2026-09-12 20:00:00,1789246799999,2026-09-12 21:00:00,77170.0,ACTIVE,BEAR,12.09 18:00,77131.0,2,0,,77170.0,-0.050563327326247354,0.0923753095383173,-0.12538408681335156,77255.19,0.1102709086599929,,,,
1h,2026-09-12 21:00:00,1789250399999,2026-09-12 22:00:00,77264.01,ACTIVE,BEAR,12.09 18:00,77131.0,3,0,,77264.01,-0.1724468760939013,0.0923753095383173,-0.1971321517937108,77255.19,-0.01141670870266065,,,,
1h,2026-09-12 22:00:00,1789253999999,2026-09-12 23:00:00,77232.17,ACTIVE,BEAR,12.09 18:00,77131.0,4,0,,77232.17,-0.13116645706654495,0.0923753095383173,-0.21910775174702746,77255.19,0.029797350831706204,,,,
1h,2026-09-12 23:00:00,1789257599999,2026-09-13 00:00:00,77278.73,ACTIVE,BEAR,12.09 18:00,77131.0,5,0,,77278.73,-0.19153129092064347,0.0923753095383173,-0.21910775174702746,77255.19,-0.030470444768826432,,,,
1h,2026-09-13 00:00:00,1789261199999,2026-09-13 01:00:00,77276.02,ACTIVE,BEAR,12.09 18:00,77131.0,6,0,,77276.02,-0.18801778791925905,0.0923753095383173,-0.21910775174702746,77300.0,0.031021992238022822,,,,
1h,2026-09-13 01:00:00,1789264799999,2026-09-13 02:00:00,77319.97,ACTIVE,BEAR,12.09 18:00,77131.0,7,0,,77319.97,-0.24499876832921874,0.0923753095383173,-0.2727437735799976,77300.0,-0.025834411384217937,,,,
1h,2026-09-13 02:00:00,1789268399999,2026-09-13 03:00:00,77289.96,ACTIVE,BEAR,12.09 18:00,77131.0,8,0,,77289.96,-0.2060909361994545,0.0923753095383173,-0.2727437735799976,77300.0,0.01298835705044743,,,,
1h,2026-09-13 03:00:00,1789271999999,2026-09-13 04:00:00,77192.01,ACTIVE,BEAR,12.09 18:00,77131.0,9,0,,77192.01,-0.07909919487625316,0.0923753095383173,-0.2727437735799976,77341.37,0.19311786176013923,,,,
1h,2026-09-13 04:00:00,1789275599999,2026-09-13 05:00:00,77210.01,ACTIVE,BEAR,12.09 18:00,77131.0,10,0,,77210.01,-0.10243611518065965,0.0923753095383173,-0.2727437735799976,77341.37,0.16984441832359476,,,,
1h,2026-09-13 05:00:00,1789279199999,2026-09-13 06:00:00,77322.01,ACTIVE,BEAR,12.09 18:00,77131.0,11,0,,77322.01,-0.24764361929703327,0.0923753095383173,-0.2727437735799976,77341.37,0.02503188138508472,,,,
1h,2026-09-13 06:00:00,1789282799999,2026-09-13 07:00:00,77122.35,ACTIVE,BEAR,12.09 18:00,77131.0,12,0,,77122.35,0.011214686701832566,0.09409964864970366,-0.2727437735799976,77341.37,0.283186087859566,,,,
1h,2026-09-13 07:00:00,1789286399999,2026-09-13 08:00:00,77127.99,ACTIVE,BEAR,12.09 18:00,77131.0,13,0,,77127.99,0.003902451673121199,0.09409964864970366,-0.2727437735799976,77341.37,0.2758937422494445,,,,
1h,2026-09-13 08:00:00,1789289999999,2026-09-13 09:00:00,76813.71,ACTIVE,BEAR,12.09 18:00,77131.0,14,1,13.09 08:00,76813.71,0.4113650801882418,0.4861858396753571,-0.2727437735799976,77325.82,0.6622755503918332,,,,
1h,2026-09-13 09:00:00,1789293599999,2026-09-13 10:00:00,76808.01,ACTIVE,BEAR,12.09 18:00,77131.0,15,1,13.09 08:00,76808.01,0.4187551049513183,0.7273340161543351,-0.2727437735799976,77325.82,0.6696469562172291,,,,
1h,2026-09-13 10:00:00,1789297199999,2026-09-13 11:00:00,76677.29,ACTIVE,BEAR,12.09 18:00,77131.0,16,1,13.09 08:00,76677.29,0.5882330061842911,0.7273340161543351,-0.2727437735799976,77325.82,0.8386978631458541,,,,
1h,2026-09-13 11:00:00,1789300799999,2026-09-13 12:00:00,76792.32,ACTIVE,BEAR,12.09 18:00,77131.0,17,1,13.09 08:00,76792.32,0.4390971204833227,0.8180887062270714,-0.2727437735799976,77325.82,0.6899377206733837,,,,
1h,2026-09-13 12:00:00,1789304399999,2026-09-13 13:00:00,76763.33,ACTIVE,BEAR,12.09 18:00,77131.0,18,1,13.09 08:00,76763.33,0.4766825271291686,0.8180887062270714,-0.2727437735799976,77325.82,0.7274284320554325,,,,
1h,2026-09-13 13:00:00,1789307999999,2026-09-13 14:00:00,76853.02,ACTIVE,BEAR,12.09 18:00,77131.0,19,1,13.09 08:00,76853.02,0.36039983923454866,0.8180887062270714,-0.2727437735799976,77325.82,0.6114387147785894,,,,
1h,2026-09-13 14:00:00,1789311599999,2026-09-13 15:00:00,77216.01,ACTIVE,BEAR,12.09 18:00,77131.0,20,1,13.09 08:00,77216.01,-0.11021508861546181,0.8180887062270714,-0.2727437735799976,77325.82,0.1420094866113497,,,,
1h,2026-09-13 15:00:00,1789315199999,2026-09-13 16:00:00,77134.83,ACTIVE,BEAR,12.09 18:00,77131.0,21,1,13.09 08:00,77134.83,-0.00496557804254838,0.8180887062270714,-0.2727437735799976,77325.82,0.24699382431380146,,,,
1h,2026-09-13 16:00:00,1789318799999,2026-09-13 17:00:00,77276.14,ACTIVE,BEAR,12.09 18:00,77131.0,22,1,13.09 08:00,77276.14,-0.18817336738794488,0.8180887062270714,-0.29560099052261535,77325.82,0.06424762129907391,,,,
1h,2026-09-13 17:00:00,1789322399999,2026-09-13 18:00:00,77328.94,ACTIVE,BEAR,12.09 18:00,77131.0,23,1,13.09 08:00,77328.94,-0.2566283336142394,0.8180887062270714,-0.3662859291335474,77325.82,-0.0040348747675666985,,,,
1h,2026-09-13 18:00:00,1789325999999,2026-09-13 19:00:00,77338.87,ACTIVE,BEAR,12.09 18:00,77131.0,24,1,13.09 08:00,77338.87,-0.26950253464883556,0.8180887062270714,-0.3662859291335474,77325.82,-0.016876639652818604,,,,
1h,2026-09-13 19:00:00,1789329599999,2026-09-13 20:00:00,77284.0,ACTIVE,BEAR,12.09 18:00,77131.0,25,1,13.09 08:00,77284.0,-0.19836382258755503,0.8180887062270714,-0.3662859291335474,77413.52,0.1673092762091266,,,,
1h,2026-09-13 20:00:00,1789333199999,2026-09-13 21:00:00,77348.01,ACTIVE,BEAR,12.09 18:00,77131.0,26,1,13.09 08:00,77348.01,-0.28135250418119817,0.8180887062270714,-0.3662859291335474,77413.52,0.08462346112153574,,,,
1h,2026-09-13 21:00:00,1789336799999,2026-09-13 22:00:00,77316.0,ACTIVE,BEAR,12.09 18:00,77131.0,27,1,13.09 08:00,77316.0,-0.2398516809064999,0.8180887062270714,-0.4135820876171703,77413.52,0.12597282748543215,,,,
1h,2026-09-13 22:00:00,1789340399999,2026-09-13 23:00:00,76714.0,ACTIVE,BEAR,12.09 18:00,77131.0,28,2,"13.09 08:00,13.09 22:00",76714.0,0.5406386537189944,0.8180887062270714,-0.4135820876171703,77413.52,0.9036147690997698,,,,
1h,2026-09-13 23:00:00,1789343999999,2026-09-14 00:00:00,76842.01,ACTIVE,BEAR,12.09 18:00,77131.0,29,2,"13.09 08:00,13.09 22:00",76842.01,0.3746742554874283,0.8180887062270714,-0.4135820876171703,77450.0,0.7850096836668929,,,,
1h,2026-09-14 00:00:00,1789347599999,2026-09-14 01:00:00,76808.0,ACTIVE,BEAR,12.09 18:00,77131.0,30,2,"13.09 08:00,13.09 22:00",76808.0,0.4187680699070384,0.9623627335312634,-0.4135820876171703,77450.0,0.8289218850871527,,,,
1h,2026-09-14 01:00:00,1789351199999,2026-09-14 02:00:00,77118.97,ACTIVE,BEAR,12.09 18:00,77131.0,31,2,"13.09 08:00,13.09 22:00",77118.97,0.015596841736786882,0.9623627335312634,-0.4135820876171703,77450.0,0.4274112330535762,,,,
1h,2026-09-14 02:00:00,1789354799999,2026-09-14 03:00:00,77600.0,ENDED,BEAR,12.09 18:00,77131.0,32,2,"13.09 08:00,13.09 22:00",77600.0,-0.6080564234873131,0.9623627335312634,-0.7707666178319972,,,14.09 02:00,77600.0,77450.0,pivot
1h,2026-09-14 03:00:00,1789358399999,2026-09-14 04:00:00,77596.33,ENDED,BEAR,12.09 18:00,77131.0,32,2,"13.09 08:00,13.09 22:00",77600.0,-0.6080564234873131,0.9623627335312634,-0.7707666178319972,,,14.09 02:00,77600.0,77450.0,pivot
1h,2026-09-14 04:00:00,1789361999999,2026-09-14 05:00:00,77681.78,ENDED,BEAR,12.09 18:00,77131.0,32,2,"13.09 08:00,13.09 22:00",77600.0,-0.6080564234873131,0.9623627335312634,-0.7707666178319972,,,14.09 02:00,77600.0,77450.0,pivot
1h,2026-09-14 05:00:00,1789365599999,2026-09-14 06:00:00,77611.79,ENDED,BEAR,12.09 18:00,77131.0,32,2,"13.09 08:00,13.09 22:00",77600.0,-0.6080564234873131,0.9623627335312634,-0.7707666178319972,,,14.09 02:00,77600.0,77450.0,pivot
1h,2026-09-14 06:00:00,1789369199999,2026-09-14 07:00:00,77593.15,ENDED,BEAR,12.09 18:00,77131.0,32,2,"13.09 08:00,13.09 22:00",77600.0,-0.6080564234873131,0.9623627335312634,-0.7707666178319972,,,14.09 02:00,77600.0,77450.0,pivot
1h,2026-09-14 07:00:00,1789372799999,2026-09-14 08:00:00,77892.24,ENDED,BEAR,12.09 18:00,77131.0,32,2,"13.09 08:00,13.09 22:00",77600.0,-0.6080564234873131,0.9623627335312634,-0.7707666178319972,,,14.09 02:00,77600.0,77450.0,pivot
1h,2026-09-14 08:00:00,1789376399999,2026-09-14 09:00:00,77728.8,ENDED,BEAR,12.09 18:00,77131.0,32,2,"13.09 08:00,13.09 22:00",77600.0,-0.6080564234873131,0.9623627335312634,-0.7707666178319972,,,14.09 02:00,77600.0,77450.0,pivot
1h,2026-09-14 09:00:00,1789379999999,2026-09-14 10:00:00,78141.57,ACTIVE,BULL,14.09 09:00,78141.57,0,0,,78141.57,0.0,0.0,0.0,77869.82,0.34897987435953404,,,,
1h,2026-09-14 10:00:00,1789383599999,2026-09-14 11:00:00,77906.6,ACTIVE,BULL,14.09 09:00,78141.57,1,0,,77906.6,-0.3006978231944957,0.03365686151428626,-0.309144031787445,77869.82,0.047232676279462815,,,,
1h,2026-09-14 11:00:00,1789387199999,2026-09-14 12:00:00,77776.0,ACTIVE,BULL,14.09 09:00,78141.57,2,0,,77776.0,-0.46783037504878333,0.03365686151428626,-0.5746237246065156,77869.82,-0.12048313454430248,,,,
1h,2026-09-14 12:00:00,1789390799999,2026-09-14 13:00:00,77698.01,ACTIVE,BULL,14.09 09:00,78141.57,3,0,,77698.01,-0.5676364065887229,0.03365686151428626,-0.6737898918591112,77869.82,-0.2206374690477131,,,,
1h,2026-09-14 13:00:00,1789394399999,2026-09-14 14:00:00,78168.01,ACTIVE,BULL,14.09 09:00,78141.57,4,0,,78168.01,0.03383602351474391,0.44589582727860844,-0.8440961705786232,77869.82,0.38293397878663704,,,,
1h,2026-09-14 14:00:00,1789397999999,2026-09-14 15:00:00,78521.06,ACTIVE,BULL,14.09 09:00,78141.57,5,1,14.09 14:00,78521.06,0.4856441968084324,0.7303666921460561,-0.8440961705786232,77869.82,0.8363188716758119,,,,
1h,2026-09-14 15:00:00,1789401599999,2026-09-14 16:00:00,78578.02,ACTIVE,BULL,14.09 09:00,78141.57,6,1,14.09 14:00,78578.02,0.5585375364226763,0.7303666921460561,-0.8440961705786232,77481.98,1.4145740725779232,,,,
1h,2026-09-14 16:00:00,1789405199999,2026-09-14 17:00:00,78769.42,ACTIVE,BULL,14.09 09:00,78141.57,7,1,14.09 14:00,78769.42,0.8034775856179843,0.9766248617733009,-0.8440961705786232,77481.98,1.661599251851853,,,,
1h,2026-09-14 17:00:00,1789408799999,2026-09-14 18:00:00,78937.98,ACTIVE,BULL,14.09 09:00,78141.57,8,1,14.09 14:00,78937.98,1.0191886341674339,1.160547452527494,-0.8440961705786232,77481.98,1.8791466093148301,,,,
1h,2026-09-14 18:00:00,1789412399999,2026-09-14 19:00:00,79226.01,ACTIVE,BULL,14.09 09:00,78141.57,9,1,14.09 14:00,79226.01,1.3877888555348772,1.5144691871432636,-0.8440961705786232,77481.98,2.250884657310004,,,,
1h,2026-09-14 19:00:00,1789415999999,2026-09-14 20:00:00,78982.0,ACTIVE,BULL,14.09 09:00,78141.57,10,1,14.09 14:00,78982.0,1.07552228602521,1.5144691871432636,-0.8440961705786232,77481.98,1.9359598193025018,,,,
1h,2026-09-14 20:00:00,1789419599999,2026-09-14 21:00:00,79100.0,ACTIVE,BULL,14.09 09:00,78141.57,11,1,14.09 14:00,79100.0,1.2265302578384318,1.866394545182537,-0.8440961705786232,77481.98,2.088253294507969,,,,
1h,2026-09-14 21:00:00,1789423199999,2026-09-14 22:00:00,78757.83,ACTIVE,BULL,14.09 09:00,78141.57,12,1,14.09 14:00,78757.83,0.7886455314373597,1.866394545182537,-0.8440961705786232,77481.98,1.6466409350922806,,,,
1h,2026-09-14 22:00:00,1789426799999,2026-09-14 23:00:00,78557.98,ACTIVE,BULL,14.09 09:00,78141.57,13,1,14.09 14:00,78557.98,0.5328917757859042,1.866394545182537,-0.8440961705786232,77481.98,1.3887099942464065,,,,
1h,2026-09-14 23:00:00,1789430399999,2026-09-15 00:00:00,78189.21,ACTIVE,BULL,14.09 09:00,78141.57,14,1,14.09 14:00,78189.21,0.06096626929814608,1.866394545182537,-0.8440961705786232,77481.98,0.9127670717759218,,,,
1h,2026-09-15 00:00:00,1789433999999,2026-09-15 01:00:00,77952.93,ACTIVE,BULL,14.09 09:00,78141.57,15,1,14.09 14:00,77952.93,-0.24140799832920168,1.866394545182537,-0.8440961705786232,77481.98,0.6078187470170526,,,,
1h,2026-09-15 01:00:00,1789437599999,2026-09-15 02:00:00,77917.86,ACTIVE,BULL,14.09 09:00,78141.57,16,1,14.09 14:00,77917.86,-0.28628807944350854,1.866394545182537,-0.8440961705786232,77481.98,0.562556609936915,,,,
1h,2026-09-15 02:00:00,1789441199999,2026-09-15 03:00:00,77913.72,ACTIVE,BULL,14.09 09:00,78141.57,17,1,14.09 14:00,77913.72,-0.29158615574271796,1.866394545182537,-0.8440961705786232,77481.98,0.5572134320780187,,,,
1h,2026-09-15 03:00:00,1789444799999,2026-09-15 04:00:00,77676.99,ACTIVE,BULL,14.09 09:00,78141.57,18,1,14.09 14:00,77676.99,-0.5945363012286542,1.866394545182537,-0.8440961705786232,77481.98,0.25168432711710764,,,,
1h,2026-09-15 04:00:00,1789448399999,2026-09-15 05:00:00,77567.12,ACTIVE,BULL,14.09 09:00,78141.57,19,1,14.09 14:00,77567.12,-0.7351400797296681,1.866394545182537,-0.8440961705786232,77481.98,0.10988361422874515,,,,
1h,2026-09-15 05:00:00,1789451999999,2026-09-15 06:00:00,77630.0,ACTIVE,BULL,14.09 09:00,78141.57,20,1,14.09 14:00,77630.0,-0.6546707469532675,1.866394545182537,-1.0769683793146356,77481.98,0.19103796779587068,,,,
1h,2026-09-15 06:00:00,1789455599999,2026-09-15 07:00:00,77286.7,ENDED,BULL,14.09 09:00,78141.57,21,1,14.09 14:00,77286.7,-1.094001566643732,1.866394545182537,-1.2164459966698904,,,15.09 06:00,77286.7,77481.98,pivot
1h,2026-09-15 07:00:00,1789459199999,2026-09-15 08:00:00,76930.01,ENDED,BULL,14.09 09:00,78141.57,21,1,14.09 14:00,77286.7,-1.094001566643732,1.866394545182537,-1.2164459966698904,,,15.09 06:00,77286.7,77481.98,pivot
1h,2026-09-15 08:00:00,1789462799999,2026-09-15 09:00:00,77000.01,ENDED,BULL,14.09 09:00,78141.57,21,1,14.09 14:00,77286.7,-1.094001566643732,1.866394545182537,-1.2164459966698904,,,15.09 06:00,77286.7,77481.98,pivot
1h,2026-09-15 09:00:00,1789466399999,2026-09-15 10:00:00,76984.05,ENDED,BULL,14.09 09:00,78141.57,21,1,14.09 14:00,77286.7,-1.094001566643732,1.866394545182537,-1.2164459966698904,,,15.09 06:00,77286.7,77481.98,pivot
1h,2026-09-15 10:00:00,1789469999999,2026-09-15 11:00:00,77053.8,ENDED,BULL,14.09 09:00,78141.57,21,1,14.09 14:00,77286.7,-1.094001566643732,1.866394545182537,-1.2164459966698904,,,15.09 06:00,77286.7,77481.98,pivot
1h,2026-09-15 11:00:00,1789473599999,2026-09-15 12:00:00,76940.01,ENDED,BULL,14.09 09:00,78141.57,21,1,14.09 14:00,77286.7,-1.094001566643732,1.866394545182537,-1.2164459966698904,,,15.09 06:00,77286.7,77481.98,pivot
1h,2026-09-15 12:00:00,1789477199999,2026-09-15 13:00:00,76957.65,ENDED,BULL,14.09 09:00,78141.57,21,1,14.09 14:00,77286.7,-1.094001566643732,1.866394545182537,-1.2164459966698904,,,15.09 06:00,77286.7,77481.98,pivot
1h,2026-09-15 13:00:00,1789480799999,2026-09-15 14:00:00,76618.77,ACTIVE,BEAR,15.09 13:00,76618.77,0,0,,76618.77,-0.0,-0.0,-0.0,76703.59,0.11058152558438561,,,,
1h,2026-09-15 14:00:00,1789484399999,2026-09-15 15:00:00,75942.01,ACTIVE,BEAR,15.09 13:00,76618.77,1,0,,75942.01,0.8832822557710229,1.3231353100552345,-0.10079775491045329,76703.59,0.9928870343617557,,,,
1h,2026-09-15 15:00:00,1789487999999,2026-09-15 16:00:00,76512.0,ACTIVE,BEAR,15.09 13:00,76618.77,2,0,,76512.0,0.13935227621116875,1.3231353100552345,-0.10079775491045329,76703.59,0.2497797039225924,,,,
1h,2026-09-15 16:00:00,1789491599999,2026-09-15 17:00:00,76388.0,ACTIVE,BEAR,15.09 13:00,76618.77,3,0,,76388.0,0.30119251457574325,1.3231353100552345,-0.10079775491045329,76703.59,0.41144097688256,,,,
1h,2026-09-15 17:00:00,1789495199999,2026-09-15 18:00:00,76962.0,ACTIVE,BEAR,15.09 13:00,76618.77,4,0,,76962.0,-0.4479711694666877,1.3231353100552345,-0.945812625287501,76703.59,-0.3368942705289424,,,,
1h,2026-09-15 18:00:00,1789498799999,2026-09-15 19:00:00,76000.0,ACTIVE,BEAR,15.09 13:00,76618.77,5,0,,76000.0,0.8075958410713291,2.154563431388945,-0.945812625287501,76703.59,0.9172843148540943,,,,
1h,2026-09-15 19:00:00,1789502399999,2026-09-15 20:00:00,76186.48,ACTIVE,BEAR,15.09 13:00,76618.77,6,0,,76186.48,0.5642090051824256,2.154563431388945,-0.945812625287501,77343.44,1.4958734703292342,,,,
1h,2026-09-15 20:00:00,1789505999999,2026-09-15 21:00:00,75935.24,ACTIVE,BEAR,15.09 13:00,76618.77,7,0,,75935.24,0.8921182107204273,2.154563431388945,-0.945812625287501,77343.44,1.8207103278571446,,,,
1h,2026-09-15 21:00:00,1789509599999,2026-09-15 22:00:00,75453.85,ACTIVE,BEAR,15.09 13:00,76618.77,8,0,,75453.85,1.520410729642352,2.154563431388945,-0.945812625287501,77343.44,2.443116054832828,,,,
1h,2026-09-15 22:00:00,1789513199999,2026-09-15 23:00:00,75668.0,ACTIVE,BEAR,15.09 13:00,76618.77,9,0,,75668.0,1.2409100276603247,2.154563431388945,-0.945812625287501,77343.44,2.166234136986933,,,,
1h,2026-09-15 23:00:00,1789516799999,2026-09-16 00:00:00,75644.48,ACTIVE,BEAR,15.09 13:00,76618.77,10,0,,75644.48,1.2716074664210986,2.154563431388945,-0.945812625287501,77343.44,2.1966439558416373,,,,
1h,2026-09-16 00:00:00,1789520399999,2026-09-16 01:00:00,75772.1,ACTIVE,BEAR,15.09 13:00,76618.77,11,0,,75772.1,1.1050425372268413,2.154563431388945,-0.945812625287501,77343.44,2.0316396581274376,,,,
1h,2026-09-16 01:00:00,1789523999999,2026-09-16 02:00:00,75489.14,ACTIVE,BEAR,15.09 13:00,76618.77,12,0,,75489.14,1.4743515198690882,2.154563431388945,-0.945812625287501,77343.44,2.397488397206027,,,,
1h,2026-09-16 02:00:00,1789527599999,2026-09-16 03:00:00,75886.35,ACTIVE,BEAR,15.09 13:00,76618.77,13,0,,75886.35,0.9559276401852945,2.154563431388945,-0.945812625287501,77343.44,1.8839218943455305,,,,
1h,2026-09-16 03:00:00,1789531199999,2026-09-16 04:00:00,75824.01,ACTIVE,BEAR,15.09 13:00,76618.77,14,0,,75824.01,1.0372915148598838,2.154563431388945,-0.945812625287501,77343.44,1.964523429524223,,,,
1h,2026-09-16 04:00:00,1789534799999,2026-09-16 05:00:00,75864.02,ACTIVE,BEAR,15.09 13:00,76618.77,15,0,,75864.02,0.9850719347230474,2.154563431388945,-0.945812625287501,76111.0,0.32449974379523683,,,,
1h,2026-09-16 05:00:00,1789538399999,2026-09-16 06:00:00,75962.01,ACTIVE,BEAR,15.09 13:00,76618.77,16,0,,75962.01,0.85717899151867,2.154563431388945,-0.945812625287501,76111.0,0.1957535704431801,,,,
1h,2026-09-16 06:00:00,1789541999999,2026-09-16 07:00:00,76030.01,ACTIVE,BEAR,15.09 13:00,76618.77,17,0,,76030.01,0.7684278930606858,2.154563431388945,-0.945812625287501,76111.0,0.10641037432171929,,,,
1h,2026-09-16 07:00:00,1789545599999,2026-09-16 08:00:00,75766.63,ACTIVE,BEAR,15.09 13:00,76618.77,18,0,,75766.63,1.1121817799998657,2.154563431388945,-0.945812625287501,76111.0,0.4524575948286036,,,,
1h,2026-09-16 08:00:00,1789549199999,2026-09-16 09:00:00,75736.01,ACTIVE,BEAR,15.09 13:00,76618.77,19,0,,75736.01,1.152145877570221,2.154563431388945,-0.945812625287501,76111.0,0.49268831049389394,,,,
1h,2026-09-16 09:00:00,1789552799999,2026-09-16 10:00:00,75993.0,ACTIVE,BEAR,15.09 13:00,76618.77,20,0,,75993.0,0.8167319835596487,2.154563431388945,-0.945812625287501,76097.54,0.13737631991782573,,,,
1h,2026-09-16 10:00:00,1789556399999,2026-09-16 11:00:00,75990.2,ACTIVE,BEAR,15.09 13:00,76618.77,21,0,,75990.2,0.8203864405549766,2.154563431388945,-0.945812625287501,76097.54,0.1410558081115343,,,,
1h,2026-09-16 11:00:00,1789559999999,2026-09-16 12:00:00,76250.0,ENDED,BEAR,15.09 13:00,76618.77,22,0,,76250.0,0.481305037916957,2.154563431388945,-0.945812625287501,,,16.09 11:00,76250.0,76097.54,pivot
1h,2026-09-16 12:00:00,1789563599999,2026-09-16 13:00:00,75967.99,ENDED,BEAR,15.09 13:00,76618.77,22,0,,76250.0,0.481305037916957,2.154563431388945,-0.945812625287501,,,16.09 11:00,76250.0,76097.54,pivot
1h,2026-09-16 13:00:00,1789567199999,2026-09-16 14:00:00,75646.01,ENDED,BEAR,15.09 13:00,76618.77,22,0,,76250.0,0.481305037916957,2.154563431388945,-0.945812625287501,,,16.09 11:00,76250.0,76097.54,pivot
1h,2026-09-16 14:00:00,1789570799999,2026-09-16 15:00:00,75697.82,ENDED,BEAR,15.09 13:00,76618.77,22,0,,76250.0,0.481305037916957,2.154563431388945,-0.945812625287501,,,16.09 11:00,76250.0,76097.54,pivot
1h,2026-09-16 15:00:00,1789574399999,2026-09-16 16:00:00,75788.41,ENDED,BEAR,15.09 13:00,76618.77,22,0,,76250.0,0.481305037916957,2.154563431388945,-0.945812625287501,,,16.09 11:00,76250.0,76097.54,pivot
1h,2026-09-16 16:00:00,1789577999999,2026-09-16 17:00:00,75768.0,ENDED,BEAR,15.09 13:00,76618.77,22,0,,76250.0,0.481305037916957,2.154563431388945,-0.945812625287501,,,16.09 11:00,76250.0,76097.54,pivot
1h,2026-09-16 17:00:00,1789581599999,2026-09-16 18:00:00,75768.01,ENDED,BEAR,15.09 13:00,76618.77,22,0,,76250.0,0.481305037916957,2.154563431388945,-0.945812625287501,,,16.09 11:00,76250.0,76097.54,pivot
1h,2026-09-16 18:00:00,1789585199999,2026-09-16 19:00:00,75632.0,ENDED,BEAR,15.09 13:00,76618.77,22,0,,76250.0,0.481305037916957,2.154563431388945,-0.945812625287501,,,16.09 11:00,76250.0,76097.54,pivot
1h,2026-09-16 19:00:00,1789588799999,2026-09-16 20:00:00,76080.0,ENDED,BEAR,15.09 13:00,76618.77,22,0,,76250.0,0.481305037916957,2.154563431388945,-0.945812625287501,,,16.09 11:00,76250.0,76097.54,pivot
1h,2026-09-16 20:00:00,1789592399999,2026-09-16 21:00:00,76178.34,ENDED,BEAR,15.09 13:00,76618.77,22,0,,76250.0,0.481305037916957,2.154563431388945,-0.945812625287501,,,16.09 11:00,76250.0,76097.54,pivot
1h,2026-09-16 21:00:00,1789595999999,2026-09-16 22:00:00,75976.0,ENDED,BEAR,15.09 13:00,76618.77,22,0,,76250.0,0.481305037916957,2.154563431388945,-0.945812625287501,,,16.09 11:00,76250.0,76097.54,pivot
1h,2026-09-16 22:00:00,1789599599999,2026-09-16 23:00:00,75675.88,ENDED,BEAR,15.09 13:00,76618.77,22,0,,76250.0,0.481305037916957,2.154563431388945,-0.945812625287501,,,16.09 11:00,76250.0,76097.54,pivot
1h,2026-09-16 23:00:00,1789603199999,2026-09-17 00:00:00,76206.01,ENDED,BEAR,15.09 13:00,76618.77,22,0,,76250.0,0.481305037916957,2.154563431388945,-0.945812625287501,,,16.09 11:00,76250.0,76097.54,pivot
1h,2026-09-17 00:00:00,1789606799999,2026-09-17 01:00:00,76342.77,ENDED,BEAR,15.09 13:00,76618.77,22,0,,76250.0,0.481305037916957,2.154563431388945,-0.945812625287501,,,16.09 11:00,76250.0,76097.54,pivot
1h,2026-09-17 01:00:00,1789610399999,2026-09-17 02:00:00,76374.21,ENDED,BEAR,15.09 13:00,76618.77,22,0,,76250.0,0.481305037916957,2.154563431388945,-0.945812625287501,,,16.09 11:00,76250.0,76097.54,pivot
1h,2026-09-17 02:00:00,1789613999999,2026-09-17 03:00:00,76370.01,ENDED,BEAR,15.09 13:00,76618.77,22,0,,76250.0,0.481305037916957,2.154563431388945,-0.945812625287501,,,16.09 11:00,76250.0,76097.54,pivot
1h,2026-09-17 03:00:00,1789617599999,2026-09-17 04:00:00,76441.99,ENDED,BEAR,15.09 13:00,76618.77,22,0,,76250.0,0.481305037916957,2.154563431388945,-0.945812625287501,,,16.09 11:00,76250.0,76097.54,pivot
1h,2026-09-17 04:00:00,1789621199999,2026-09-17 05:00:00,76539.81,ENDED,BEAR,15.09 13:00,76618.77,22,0,,76250.0,0.481305037916957,2.154563431388945,-0.945812625287501,,,16.09 11:00,76250.0,76097.54,pivot
1h,2026-09-17 05:00:00,1789624799999,2026-09-17 06:00:00,76333.88,ENDED,BEAR,15.09 13:00,76618.77,22,0,,76250.0,0.481305037916957,2.154563431388945,-0.945812625287501,,,16.09 11:00,76250.0,76097.54,pivot
1h,2026-09-17 06:00:00,1789628399999,2026-09-17 07:00:00,76477.45,ENDED,BEAR,15.09 13:00,76618.77,22,0,,76250.0,0.481305037916957,2.154563431388945,-0.945812625287501,,,16.09 11:00,76250.0,76097.54,pivot
1h,2026-09-17 07:00:00,1789631999999,2026-09-17 08:00:00,76462.76,ENDED,BEAR,15.09 13:00,76618.77,22,0,,76250.0,0.481305037916957,2.154563431388945,-0.945812625287501,,,16.09 11:00,76250.0,76097.54,pivot
1h,2026-09-17 08:00:00,1789635599999,2026-09-17 09:00:00,76574.63,ENDED,BEAR,15.09 13:00,76618.77,22,0,,76250.0,0.481305037916957,2.154563431388945,-0.945812625287501,,,16.09 11:00,76250.0,76097.54,pivot
1h,2026-09-17 09:00:00,1789639199999,2026-09-17 10:00:00,76468.05,ENDED,BEAR,15.09 13:00,76618.77,22,0,,76250.0,0.481305037916957,2.154563431388945,-0.945812625287501,,,16.09 11:00,76250.0,76097.54,pivot
1h,2026-09-17 10:00:00,1789642799999,2026-09-17 11:00:00,76402.01,ENDED,BEAR,15.09 13:00,76618.77,22,0,,76250.0,0.481305037916957,2.154563431388945,-0.945812625287501,,,16.09 11:00,76250.0,76097.54,pivot
1h,2026-09-17 11:00:00,1789646399999,2026-09-17 12:00:00,76482.0,ENDED,BEAR,15.09 13:00,76618.77,22,0,,76250.0,0.481305037916957,2.154563431388945,-0.945812625287501,,,16.09 11:00,76250.0,76097.54,pivot
1h,2026-09-17 12:00:00,1789649999999,2026-09-17 13:00:00,76736.59,ENDED,BEAR,15.09 13:00,76618.77,22,0,,76250.0,0.481305037916957,2.154563431388945,-0.945812625287501,,,16.09 11:00,76250.0,76097.54,pivot
1h,2026-09-17 13:00:00,1789653599999,2026-09-17 14:00:00,76694.07,ENDED,BEAR,15.09 13:00,76618.77,22,0,,76250.0,0.481305037916957,2.154563431388945,-0.945812625287501,,,16.09 11:00,76250.0,76097.54,pivot
1h,2026-09-17 14:00:00,1789657199999,2026-09-17 15:00:00,76502.46,ENDED,BEAR,15.09 13:00,76618.77,22,0,,76250.0,0.481305037916957,2.154563431388945,-0.945812625287501,,,16.09 11:00,76250.0,76097.54,pivot
1h,2026-09-17 15:00:00,1789660799999,2026-09-17 16:00:00,76780.01,ENDED,BEAR,15.09 13:00,76618.77,22,0,,76250.0,0.481305037916957,2.154563431388945,-0.945812625287501,,,16.09 11:00,76250.0,76097.54,pivot
1h,2026-09-17 16:00:00,1789664399999,2026-09-17 17:00:00,76753.46,ENDED,BEAR,15.09 13:00,76618.77,22,0,,76250.0,0.481305037916957,2.154563431388945,-0.945812625287501,,,16.09 11:00,76250.0,76097.54,pivot
1h,2026-09-17 17:00:00,1789667999999,2026-09-17 18:00:00,76667.86,ENDED,BEAR,15.09 13:00,76618.77,22,0,,76250.0,0.481305037916957,2.154563431388945,-0.945812625287501,,,16.09 11:00,76250.0,76097.54,pivot
1h,2026-09-17 18:00:00,1789671599999,2026-09-17 19:00:00,76575.96,ENDED,BEAR,15.09 13:00,76618.77,22,0,,76250.0,0.481305037916957,2.154563431388945,-0.945812625287501,,,16.09 11:00,76250.0,76097.54,pivot
1h,2026-09-17 19:00:00,1789675199999,2026-09-17 20:00:00,76594.01,ENDED,BEAR,15.09 13:00,76618.77,22,0,,76250.0,0.481305037916957,2.154563431388945,-0.945812625287501,,,16.09 11:00,76250.0,76097.54,pivot
1h,2026-09-17 20:00:00,1789678799999,2026-09-17 21:00:00,76556.01,ENDED,BEAR,15.09 13:00,76618.77,22,0,,76250.0,0.481305037916957,2.154563431388945,-0.945812625287501,,,16.09 11:00,76250.0,76097.54,pivot
1h,2026-09-17 21:00:00,1789682399999,2026-09-17 22:00:00,76415.85,ENDED,BEAR,15.09 13:00,76618.77,22,0,,76250.0,0.481305037916957,2.154563431388945,-0.945812625287501,,,16.09 11:00,76250.0,76097.54,pivot
1h,2026-09-17 22:00:00,1789685999999,2026-09-17 23:00:00,76420.0,ENDED,BEAR,15.09 13:00,76618.77,22,0,,76250.0,0.481305037916957,2.154563431388945,-0.945812625287501,,,16.09 11:00,76250.0,76097.54,pivot
1h,2026-09-17 23:00:00,1789689599999,2026-09-18 00:00:00,76417.01,ENDED,BEAR,15.09 13:00,76618.77,22,0,,76250.0,0.481305037916957,2.154563431388945,-0.945812625287501,,,16.09 11:00,76250.0,76097.54,pivot
1h,2026-09-18 00:00:00,1789693199999,2026-09-18 01:00:00,76590.0,ENDED,BEAR,15.09 13:00,76618.77,22,0,,76250.0,0.481305037916957,2.154563431388945,-0.945812625287501,,,16.09 11:00,76250.0,76097.54,pivot
1h,2026-09-18 01:00:00,1789696799999,2026-09-18 02:00:00,76744.01,ENDED,BEAR,15.09 13:00,76618.77,22,0,,76250.0,0.481305037916957,2.154563431388945,-0.945812625287501,,,16.09 11:00,76250.0,76097.54,pivot
1h,2026-09-18 02:00:00,1789700399999,2026-09-18 03:00:00,76988.3,ENDED,BEAR,15.09 13:00,76618.77,22,0,,76250.0,0.481305037916957,2.154563431388945,-0.945812625287501,,,16.09 11:00,76250.0,76097.54,pivot
1h,2026-09-18 03:00:00,1789703999999,2026-09-18 04:00:00,77383.47,ACTIVE,BULL,18.09 03:00,77383.47,0,0,,77383.47,0.0,0.0,0.0,76970.01,0.5371702563115255,,,,
1h,2026-09-18 04:00:00,1789707599999,2026-09-18 05:00:00,77575.97,ACTIVE,BULL,18.09 03:00,77383.47,1,0,,77575.97,0.24876113722995807,0.2487740598864363,-0.21543360616939067,76970.01,0.7872676643799315,,,,
1h,2026-09-18 05:00:00,1789711199999,2026-09-18 06:00:00,77493.8,ACTIVE,BULL,18.09 03:00,77383.47,2,0,,77493.8,0.14257566893809415,0.42904511777515086,-0.21543360616939067,76970.01,0.6805117993358811,,,,
1h,2026-09-18 06:00:00,1789714799999,2026-09-18 07:00:00,77604.0,ACTIVE,BULL,18.09 03:00,77383.47,3,0,,77604.0,0.2849833433419269,0.42904511777515086,-0.21543360616939067,76970.01,0.8236844454093228,,,,
1h,2026-09-18 07:00:00,1789718399999,2026-09-18 08:00:00,77798.01,ACTIVE,BULL,18.09 03:00,77383.47,4,0,,77798.01,0.5356958017002755,0.6028806927370844,-0.21543360616939067,76970.01,1.075743656522854,,,,
1h,2026-09-18 08:00:00,1789721999999,2026-09-18 09:00:00,78272.15,ACTIVE,BULL,18.09 03:00,77383.47,5,0,,78272.15,1.1484106360182489,1.158296468225073,-0.21543360616939067,76970.01,1.6917498126867825,,,,
1h,2026-09-18 09:00:00,1789725599999,2026-09-18 10:00:00,78212.01,ACTIVE,BULL,18.09 03:00,77383.47,6,0,,78212.01,1.0706937799506822,1.430951597285568,-0.21543360616939067,76970.01,1.6136154847842699,,,,
1h,2026-09-18 10:00:00,1789729199999,2026-09-18 11:00:00,78285.34,ACTIVE,BULL,18.09 03:00,77383.47,7,0,,78285.34,1.1654556199146793,1.430951597285568,-0.21543360616939067,76970.01,1.7088863571669055,,,,
1h,2026-09-18 11:00:00,1789732799999,2026-09-18 12:00:00,78062.0,ACTIVE,BULL,18.09 03:00,77383.47,8,0,,78062.0,0.8768410101020363,1.430951597285568,-0.21543360616939067,76970.01,1.4187213955149547,,,,
1h,2026-09-18 12:00:00,1789736399999,2026-09-18 13:00:00,78043.11,ACTIVE,BULL,18.09 03:00,77383.47,9,0,,78043.11,0.8524301120123035,1.430951597285568,-0.21543360616939067,76970.01,1.3941793693413862,,,,
1h,2026-09-18 13:00:00,1789739999999,2026-09-18 14:00:00,80073.09,ACTIVE,BULL,18.09 03:00,77383.47,10,1,18.09 13:00,80073.09,3.4757035320333918,4.027384659798794,-0.21543360616939067,76970.01,4.031544233916562,,,,
1h,2026-09-18 14:00:00,1789743599999,2026-09-18 15:00:00,80937.83,ACTIVE,BULL,18.09 03:00,77383.47,11,1,18.09 13:00,80937.83,4.593177328439779,4.66058190463674,-0.21543360616939067,76970.01,5.15502076717933,,,,
1h,2026-09-18 15:00:00,1789747199999,2026-09-18 16:00:00,80725.6,ACTIVE,BULL,18.09 03:00,77383.47,12,1,18.09 13:00,80725.6,4.318919789975828,4.873392211540772,-0.21543360616939067,77972.3,3.5311257972382437,,,,
1h,2026-09-18 16:00:00,1789750799999,2026-09-18 17:00:00,80846.74,ACTIVE,BULL,18.09 03:00,77383.47,13,1,18.09 13:00,80846.74,4.475464850568223,5.006934943599695,-0.21543360616939067,77972.3,3.6864886632817173,,,,
1h,2026-09-18 17:00:00,1789754399999,2026-09-18 18:00:00,81019.0,ACTIVE,BULL,18.09 03:00,77383.47,14,1,18.09 13:00,81019.0,4.698070531083709,5.006934943599695,-0.21543360616939067,77972.3,3.9074132736882206,,,,
1h,2026-09-18 18:00:00,1789757999999,2026-09-18 19:00:00,80938.43,ACTIVE,BULL,18.09 03:00,77383.47,15,1,18.09 13:00,80938.43,4.59395268782854,5.006934943599695,-0.21543360616939067,77972.3,3.804081705939155,,,,
1h,2026-09-18 19:00:00,1789761599999,2026-09-18 20:00:00,81204.76,ACTIVE,BULL,18.09 03:00,77383.47,16,1,18.09 13:00,81204.76,4.938121797846473,5.190423742951822,-0.21543360616939067,77972.3,4.145651725035671,,,,
1h,2026-09-18 20:00:00,1789765199999,2026-09-18 21:00:00,81110.01,ACTIVE,BULL,18.09 03:00,77383.47,17,1,18.09 13:00,81110.01,4.8156796277034175,5.190423742951822,-0.21543360616939067,77972.3,4.024134211764929,,,,
1h,2026-09-18 21:00:00,1789768799999,2026-09-18 22:00:00,81238.2,ACTIVE,BULL,18.09 03:00,77383.47,18,1,18.09 13:00,81238.2,4.981335161113853,5.190423742951822,-0.21543360616939067,77972.3,4.188538750299786,,,,
1h,2026-09-18 22:00:00,1789772399999,2026-09-18 23:00:00,81139.02,ACTIVE,BULL,18.09 03:00,77383.47,19,1,18.09 13:00,81139.02,4.853168254150408,5.190423742951822,-0.21543360616939067,77972.3,4.0613397321869416,,,,
1h,2026-09-18 23:00:00,1789775999999,2026-09-19 00:00:00,80883.87,ACTIVE,BULL,18.09 03:00,77383.47,20,1,18.09 13:00,80883.87,4.5234466740765145,5.190423742951822,-0.21543360616939067,77972.3,3.7341081384029806,,,,
1h,2026-09-19 00:00:00,1789779599999,2026-09-19 01:00:00,81668.98,ACTIVE,BULL,18.09 03:00,77383.47,21,2,"18.09 13:00,19.09 00:00",81668.98,5.53801735693682,5.538030279593298,-0.21543360616939067,77972.3,4.741017002191805,,,,
1h,2026-09-19 01:00:00,1789783199999,2026-09-19 02:00:00,81280.99,ACTIVE,BULL,18.09 03:00,77383.47,22,2,"18.09 13:00,19.09 00:00",81280.99,5.036631208189557,5.631086328902013,-0.21543360616939067,77972.3,4.243417213548928,,,,
1h,2026-09-19 02:00:00,1789786799999,2026-09-19 03:00:00,81304.72,ACTIVE,BULL,18.09 03:00,77383.47,23,2,"18.09 13:00,19.09 00:00",81304.72,5.067296672015353,5.631086328902013,-0.21543360616939067,80844.58,0.5691661704470441,,,,
1h,2026-09-19 03:00:00,1789790399999,2026-09-19 04:00:00,81136.01,ACTIVE,BULL,18.09 03:00,77383.47,24,2,"18.09 13:00,19.09 00:00",81136.01,4.849278534550061,5.631086328902013,-0.21543360616939067,80844.58,0.360481803480206,,,,
1h,2026-09-19 04:00:00,1789793999999,2026-09-19 05:00:00,81024.0,ACTIVE,BULL,18.09 03:00,77383.47,25,2,"18.09 13:00,19.09 00:00",81024.0,4.704531859323446,5.631086328902013,-0.21543360616939067,80844.58,0.22193200830531445,,,,
1h,2026-09-19 05:00:00,1789797599999,2026-09-19 06:00:00,81040.01,ACTIVE,BULL,18.09 03:00,77383.47,26,2,"18.09 13:00,19.09 00:00",81040.01,4.725221032347071,5.631086328902013,-0.21543360616939067,80844.58,0.24173543854144608,,,,
1h,2026-09-19 06:00:00,1789801199999,2026-09-19 07:00:00,81052.01,ACTIVE,BULL,18.09 03:00,77383.47,27,2,"18.09 13:00,19.09 00:00",81052.01,4.740728220122459,5.631086328902013,-0.21543360616939067,80911.12,0.17412934093608,,,,
1h,2026-09-19 07:00:00,1789804799999,2026-09-19 08:00:00,81100.16,ACTIVE,BULL,18.09 03:00,77383.47,28,2,"18.09 13:00,19.09 00:00",81100.16,4.8029508110711605,5.631086328902013,-0.21543360616939067,80911.12,0.23363908446700776,,,,
1h,2026-09-19 08:00:00,1789808399999,2026-09-19 09:00:00,81312.01,ACTIVE,BULL,18.09 03:00,77383.47,29,2,"18.09 13:00,19.09 00:00",81312.01,5.0767172885888945,5.631086328902013,-0.21543360616939067,80911.12,0.4954695967624767,,,,
1h,2026-09-19 09:00:00,1789811999999,2026-09-19 10:00:00,81325.77,ACTIVE,BULL,18.09 03:00,77383.47,30,2,"18.09 13:00,19.09 00:00",81325.77,5.094498863904651,5.631086328902013,-0.21543360616939067,80911.12,0.5124759118400712,,,,
1h,2026-09-19 10:00:00,1789815599999,2026-09-19 11:00:00,81216.7,ACTIVE,BULL,18.09 03:00,77383.47,31,2,"18.09 13:00,19.09 00:00",81216.7,4.953551449682991,5.631086328902013,-0.21543360616939067,80911.12,0.3776736745208842,,,,
1h,2026-09-19 11:00:00,1789819199999,2026-09-19 12:00:00,81302.63,ACTIVE,BULL,18.09 03:00,77383.47,32,2,"18.09 13:00,19.09 00:00",81302.63,5.064595836811159,5.631086328902013,-0.21543360616939067,80911.12,0.4838766290715224,,,,
1h,2026-09-19 12:00:00,1789822799999,2026-09-19 13:00:00,81330.0,ACTIVE,BULL,18.09 03:00,77383.47,33,2,"18.09 13:00,19.09 00:00",81330.0,5.0999651475954755,5.631086328902013,-0.21543360616939067,80911.12,0.5177038706175363,,,,
1h,2026-09-19 13:00:00,1789826399999,2026-09-19 14:00:00,81364.01,ACTIVE,BULL,18.09 03:00,77383.47,34,3,"18.09 13:00,19.09 00:00,19.09 13:00",81364.01,5.143915102282182,5.631086328902013,-0.21543360616939067,80911.12,0.5597376479277605,,,,
1h,2026-09-19 14:00:00,1789829999999,2026-09-19 15:00:00,81586.01,ACTIVE,BULL,18.09 03:00,77383.47,35,3,"18.09 13:00,19.09 00:00,19.09 13:00",81586.01,5.430798076126586,5.631086328902013,-0.21543360616939067,80911.12,0.8341127894410549,,,,
1h,2026-09-19 15:00:00,1789833599999,2026-09-19 16:00:00,81636.01,ACTIVE,BULL,18.09 03:00,77383.47,36,3,"18.09 13:00,19.09 00:00,19.09 13:00",81636.01,5.495411358523983,5.902462114971074,-0.21543360616939067,81183.28,0.5576640904383146,,,,
1h,2026-09-19 16:00:00,1789837199999,2026-09-19 17:00:00,81839.49,ACTIVE,BULL,18.09 03:00,77383.47,37,3,"18.09 13:00,19.09 00:00,19.09 13:00",81839.49,5.758361572568416,5.902462114971074,-0.21543360616939067,81183.28,0.808306833623873,,,,
1h,2026-09-19 17:00:00,1789840799999,2026-09-19 18:00:00,81464.01,ACTIVE,BULL,18.09 03:00,77383.47,38,3,"18.09 13:00,19.09 00:00,19.09 13:00",81464.01,5.273141667076953,5.902462114971074,-0.21543360616939067,81183.28,0.34579780467109966,,,,
1h,2026-09-19 18:00:00,1789844399999,2026-09-19 19:00:00,81428.07,ACTIVE,BULL,18.09 03:00,77383.47,39,3,"18.09 13:00,19.09 00:00,19.09 13:00",81428.07,5.226697639689726,5.902462114971074,-0.21543360616939067,81183.28,0.3015276051916205,,,,
1h,2026-09-19 19:00:00,1789847999999,2026-09-19 20:00:00,81354.01,ACTIVE,BULL,18.09 03:00,77383.47,40,3,"18.09 13:00,19.09 00:00,19.09 13:00",81354.01,5.1309924458026845,5.902462114971074,-0.21543360616939067,81183.28,0.2103019242385873,,,,
1h,2026-09-19 20:00:00,1789851599999,2026-09-19 21:00:00,81155.33,ACTIVE,BULL,18.09 03:00,77383.47,41,3,"18.09 13:00,19.09 00:00,19.09 13:00",81155.33,4.8742451068684245,5.902462114971074,-0.21543360616939067,81183.28,-0.0344282714371702,,,,
1h,2026-09-19 21:00:00,1789855199999,2026-09-19 22:00:00,81100.41,ENDED,BULL,18.09 03:00,77383.47,42,3,"18.09 13:00,19.09 00:00,19.09 13:00",81100.41,4.8032738774831385,5.902462114971074,-0.21543360616939067,,,19.09 21:00,81100.41,81183.28,pivot
1h,2026-09-19 22:00:00,1789858799999,2026-09-19 23:00:00,81261.35,ENDED,BULL,18.09 03:00,77383.47,42,3,"18.09 13:00,19.09 00:00,19.09 13:00",81100.41,4.8032738774831385,5.902462114971074,-0.21543360616939067,,,19.09 21:00,81100.41,81183.28,pivot
1h,2026-09-19 23:00:00,1789862399999,2026-09-20 00:00:00,81249.99,ENDED,BULL,18.09 03:00,77383.47,42,3,"18.09 13:00,19.09 00:00,19.09 13:00",81100.41,4.8032738774831385,5.902462114971074,-0.21543360616939067,,,19.09 21:00,81100.41,81183.28,pivot
1h,2026-09-20 00:00:00,1789865999999,2026-09-20 01:00:00,81293.37,ENDED,BULL,18.09 03:00,77383.47,42,3,"18.09 13:00,19.09 00:00,19.09 13:00",81100.41,4.8032738774831385,5.902462114971074,-0.21543360616939067,,,19.09 21:00,81100.41,81183.28,pivot
1h,2026-09-20 01:00:00,1789869599999,2026-09-20 02:00:00,81097.99,ENDED,BULL,18.09 03:00,77383.47,42,3,"18.09 13:00,19.09 00:00,19.09 13:00",81100.41,4.8032738774831385,5.902462114971074,-0.21543360616939067,,,19.09 21:00,81100.41,81183.28,pivot
1h,2026-09-20 02:00:00,1789873199999,2026-09-20 03:00:00,80331.52,ENDED,BULL,18.09 03:00,77383.47,42,3,"18.09 13:00,19.09 00:00,19.09 13:00",81100.41,4.8032738774831385,5.902462114971074,-0.21543360616939067,,,19.09 21:00,81100.41,81183.28,pivot
1h,2026-09-20 03:00:00,1789876799999,2026-09-20 04:00:00,80486.38,ENDED,BULL,18.09 03:00,77383.47,42,3,"18.09 13:00,19.09 00:00,19.09 13:00",81100.41,4.8032738774831385,5.902462114971074,-0.21543360616939067,,,19.09 21:00,81100.41,81183.28,pivot
1h,2026-09-20 04:00:00,1789880399999,2026-09-20 05:00:00,80432.4,ENDED,BULL,18.09 03:00,77383.47,42,3,"18.09 13:00,19.09 00:00,19.09 13:00",81100.41,4.8032738774831385,5.902462114971074,-0.21543360616939067,,,19.09 21:00,81100.41,81183.28,pivot
1h,2026-09-20 05:00:00,1789883999999,2026-09-20 06:00:00,80494.31,ENDED,BULL,18.09 03:00,77383.47,42,3,"18.09 13:00,19.09 00:00,19.09 13:00",81100.41,4.8032738774831385,5.902462114971074,-0.21543360616939067,,,19.09 21:00,81100.41,81183.28,pivot
1h,2026-09-20 06:00:00,1789887599999,2026-09-20 07:00:00,80309.44,ENDED,BULL,18.09 03:00,77383.47,42,3,"18.09 13:00,19.09 00:00,19.09 13:00",81100.41,4.8032738774831385,5.902462114971074,-0.21543360616939067,,,19.09 21:00,81100.41,81183.28,pivot
1h,2026-09-20 07:00:00,1789891199999,2026-09-20 08:00:00,80311.61,ENDED,BULL,18.09 03:00,77383.47,42,3,"18.09 13:00,19.09 00:00,19.09 13:00",81100.41,4.8032738774831385,5.902462114971074,-0.21543360616939067,,,19.09 21:00,81100.41,81183.28,pivot
1h,2026-09-20 08:00:00,1789894799999,2026-09-20 09:00:00,80264.85,ENDED,BULL,18.09 03:00,77383.47,42,3,"18.09 13:00,19.09 00:00,19.09 13:00",81100.41,4.8032738774831385,5.902462114971074,-0.21543360616939067,,,19.09 21:00,81100.41,81183.28,pivot
1h,2026-09-20 09:00:00,1789898399999,2026-09-20 10:00:00,80470.01,ENDED,BULL,18.09 03:00,77383.47,42,3,"18.09 13:00,19.09 00:00,19.09 13:00",81100.41,4.8032738774831385,5.902462114971074,-0.21543360616939067,,,19.09 21:00,81100.41,81183.28,pivot
1h,2026-09-20 10:00:00,1789901999999,2026-09-20 11:00:00,80319.58,ENDED,BULL,18.09 03:00,77383.47,42,3,"18.09 13:00,19.09 00:00,19.09 13:00",81100.41,4.8032738774831385,5.902462114971074,-0.21543360616939067,,,19.09 21:00,81100.41,81183.28,pivot
1h,2026-09-20 11:00:00,1789905599999,2026-09-20 12:00:00,80493.2,ENDED,BULL,18.09 03:00,77383.47,42,3,"18.09 13:00,19.09 00:00,19.09 13:00",81100.41,4.8032738774831385,5.902462114971074,-0.21543360616939067,,,19.09 21:00,81100.41,81183.28,pivot
1h,2026-09-20 12:00:00,1789909199999,2026-09-20 13:00:00,80493.76,ENDED,BULL,18.09 03:00,77383.47,42,3,"18.09 13:00,19.09 00:00,19.09 13:00",81100.41,4.8032738774831385,5.902462114971074,-0.21543360616939067,,,19.09 21:00,81100.41,81183.28,pivot
1h,2026-09-20 13:00:00,1789912799999,2026-09-20 14:00:00,80564.57,ENDED,BULL,18.09 03:00,77383.47,42,3,"18.09 13:00,19.09 00:00,19.09 13:00",81100.41,4.8032738774831385,5.902462114971074,-0.21543360616939067,,,19.09 21:00,81100.41,81183.28,pivot
1h,2026-09-20 14:00:00,1789916399999,2026-09-20 15:00:00,80682.01,ENDED,BULL,18.09 03:00,77383.47,42,3,"18.09 13:00,19.09 00:00,19.09 13:00",81100.41,4.8032738774831385,5.902462114971074,-0.21543360616939067,,,19.09 21:00,81100.41,81183.28,pivot
1h,2026-09-20 15:00:00,1789919999999,2026-09-20 16:00:00,80912.0,ACTIVE,BULL,20.09 15:00,80912.0,0,0,,80912.0,0.0,0.0,0.0,80668.15,0.30228782983123814,,,,
1h,2026-09-20 16:00:00,1789923599999,2026-09-20 17:00:00,81334.01,ACTIVE,BULL,20.09 15:00,80912.0,1,0,,81334.01,0.5215666403005637,0.7234155625865268,-0.12478989519477679,80668.15,0.825431102609886,,,,
1h,2026-09-20 17:00:00,1789927199999,2026-09-20 18:00:00,81147.94,ACTIVE,BULL,20.09 15:00,80912.0,2,0,,81147.94,0.2916007514336627,0.7234155625865268,-0.12478989519477679,80668.15,0.5947700548481816,,,,
1h,2026-09-20 18:00:00,1789930799999,2026-09-20 19:00:00,81036.0,ACTIVE,BULL,20.09 15:00,80912.0,3,0,,81036.0,0.15325291674905817,0.7234155625865268,-0.12478989519477679,80668.15,0.4560040114964803,,,,
1h,2026-09-20 19:00:00,1789934399999,2026-09-20 20:00:00,81177.32,ACTIVE,BULL,20.09 15:00,80912.0,4,0,,81177.32,0.32791180541824616,0.7234155625865268,-0.12478989519477679,80668.15,0.6311908727298254,,,,
1h,2026-09-20 20:00:00,1789937999999,2026-09-20 21:00:00,81091.85,ACTIVE,BULL,20.09 15:00,80912.0,5,0,,81091.85,0.22227852481708776,0.7234155625865268,-0.12478989519477679,80668.15,0.5252382755771778,,,,
1h,2026-09-20 21:00:00,1789941599999,2026-09-20 22:00:00,80932.01,ACTIVE,BULL,20.09 15:00,80912.0,6,0,,80932.01,0.02473057148506541,0.7234155625865268,-0.4110267945422241,80668.15,0.32709315882415435,,,,
1h,2026-09-20 22:00:00,1789945199999,2026-09-20 23:00:00,81222.85,ACTIVE,BULL,20.09 15:00,80912.0,7,0,,81222.85,0.38418281589875924,0.7234155625865268,-0.4110267945422241,80668.15,0.6876319836267575,,,,
1h,2026-09-20 23:00:00,1789948799999,2026-09-21 00:00:00,81178.0,ACTIVE,BULL,20.09 15:00,80912.0,8,0,,81178.0,0.32875222463910614,0.7234155625865268,-0.4110267945422241,80579.43,0.7428322588035163,,,,
1h,2026-09-21 00:00:00,1789952399999,2026-09-21 01:00:00,81607.72,ACTIVE,BULL,20.09 15:00,80912.0,9,1,21.09 00:00,81607.72,0.8598477358117584,1.1582336365433932,-0.4110267945422241,80579.43,1.2761197243514877,,,,
1h,2026-09-21 01:00:00,1789955999999,2026-09-21 02:00:00,80996.97,ACTIVE,BULL,20.09 15:00,80912.0,10,1,21.09 00:00,80996.97,0.10501532529167967,1.4682618153055271,-0.4110267945422241,80579.43,0.5181719453711819,,,,
1h,2026-09-21 02:00:00,1789959599999,2026-09-21 03:00:00,81310.61,ACTIVE,BULL,20.09 15:00,80912.0,11,1,21.09 00:00,81310.61,0.49264633181729245,1.4682618153055271,-0.4110267945422241,80579.43,0.9074027949813157,,,,
1h,2026-09-21 03:00:00,1789963199999,2026-09-21 04:00:00,81425.23,ACTIVE,BULL,20.09 15:00,80912.0,12,1,21.09 00:00,81425.23,0.6343064069606497,1.4682618153055271,-0.4110267945422241,80850.22,0.7112040016712395,,,,
1h,2026-09-21 04:00:00,1789966799999,2026-09-21 05:00:00,81400.01,ACTIVE,BULL,20.09 15:00,80912.0,13,1,21.09 00:00,81400.01,0.603136741150867,1.4682618153055271,-0.4110267945422241,80850.22,0.680010518215024,,,,
1h,2026-09-21 05:00:00,1789970399999,2026-09-21 06:00:00,81550.0,ACTIVE,BULL,20.09 15:00,80912.0,14,1,21.09 00:00,81550.0,0.7885109748863028,1.4682618153055271,-0.4110267945422241,80850.22,0.8655264017834341,,,,
1h,2026-09-21 06:00:00,1789973999999,2026-09-21 07:00:00,81639.9,ACTIVE,BULL,20.09 15:00,80912.0,15,1,21.09 00:00,81639.9,0.8996193395293561,1.4682618153055271,-0.4110267945422241,80850.22,0.9767196675531498,,,,
1h,2026-09-21 07:00:00,1789977599999,2026-09-21 08:00:00,81720.01,ACTIVE,BULL,20.09 15:00,80912.0,16,1,21.09 00:00,81720.01,0.9986281392129648,1.4682618153055271,-0.4110267945422241,80850.22,1.0758041227346027,,,,
1h,2026-09-21 08:00:00,1789981199999,2026-09-21 09:00:00,83760.0,ACTIVE,BULL,20.09 15:00,80912.0,17,2,"21.09 00:00,21.09 08:00",83760.0,3.519873442752619,4.031664030057347,-0.4110267945422241,80850.22,3.5989759829966994,,,,
1h,2026-09-21 09:00:00,1789984799999,2026-09-21 10:00:00,84653.71,ACTIVE,BULL,20.09 15:00,80912.0,18,2,"21.09 00:00,21.09 08:00",84653.71,4.624419122009105,5.4230151275459715,-0.4110267945422241,80850.22,4.7043656776691645,,,,
1h,2026-09-21 10:00:00,1789988399999,2026-09-21 11:00:00,84441.77,ACTIVE,BULL,20.09 15:00,80912.0,19,2,"21.09 00:00,21.09 08:00",84441.77,4.36248022543011,5.4230151275459715,-0.4110267945422241,80850.22,4.442226625975798,,,,
1h,2026-09-21 11:00:00,1789991999999,2026-09-21 12:00:00,84887.19,ACTIVE,BULL,20.09 15:00,80912.0,20,2,"21.09 00:00,21.09 08:00",84887.19,4.91297953332015,5.4230151275459715,-0.4110267945422241,80850.22,4.993146586366737,,,,
1h,2026-09-21 12:00:00,1789995599999,2026-09-21 13:00:00,85323.0,ACTIVE,BULL,20.09 15:00,80912.0,21,2,"21.09 00:00,21.09 08:00",85323.0,5.451601740162149,5.637828752224627,-0.4110267945422241,80850.22,5.532180370071971,,,,
1h,2026-09-21 13:00:00,1789999199999,2026-09-21 14:00:00,85466.34,ACTIVE,BULL,20.09 15:00,80912.0,22,3,"21.09 00:00,21.09 08:00,21.09 13:00",85466.34,5.628757168281595,6.097080779118058,-0.4110267945422241,80850.22,5.709471167796454,,,,
1h,2026-09-21 14:00:00,1790002799999,2026-09-21 15:00:00,85844.14,ACTIVE,BULL,20.09 15:00,80912.0,23,3,"21.09 00:00,21.09 08:00,21.09 13:00",85844.14,6.095684200118656,6.442802056555275,-0.4110267945422241,80850.22,6.176754992132372,,,,
1h,2026-09-21 15:00:00,1790006399999,2026-09-21 16:00:00,85927.71,ACTIVE,BULL,20.09 15:00,80912.0,24,3,"21.09 00:00,21.09 08:00,21.09 13:00",85927.71,6.198969250543818,6.714331619537273,-0.4110267945422241,80850.22,6.2801189656626955,,,,
1h,2026-09-21 16:00:00,1790009999999,2026-09-21 17:00:00,85961.91,ACTIVE,BULL,20.09 15:00,80912.0,25,3,"21.09 00:00,21.09 08:00,21.09 13:00",85961.91,6.241237393711696,6.714331619537273,-0.4110267945422241,80850.22,6.322419407145707,,,,
1h,2026-09-21 17:00:00,1790013599999,2026-09-21 18:00:00,85897.21,ACTIVE,BULL,20.09 15:00,80912.0,26,3,"21.09 00:00,21.09 08:00,21.09 13:00",85897.21,6.161273976666015,6.714331619537273,-0.4110267945422241,80850.22,6.242394887731906,,,,
1h,2026-09-21 18:00:00,1790017199999,2026-09-21 19:00:00,86051.75,ACTIVE,BULL,20.09 15:00,80912.0,27,3,"21.09 00:00,21.09 08:00,21.09 13:00",86051.75,6.35227160371763,6.714331619537273,-0.4110267945422241,80850.22,6.433538461614585,,,,
1h,2026-09-21 19:00:00,1790020799999,2026-09-21 20:00:00,86490.11,ACTIVE,BULL,20.09 15:00,80912.0,28,4,"21.09 00:00,21.09 08:00,21.09 13:00,21.09 19:00",86490.11,6.894045382637937,7.395318370575432,-0.4110267945422241,80850.22,6.975726225605827,,,,
1h,2026-09-21 20:00:00,1790024399999,2026-09-21 21:00:00,87001.68,ACTIVE,BULL,20.09 15:00,80912.0,29,4,"21.09 00:00,21.09 08:00,21.09 13:00,21.09 19:00",87001.68,7.5263001779711125,8.01323660272888,-0.4110267945422241,80850.22,7.6084641451810375,,,,
1h,2026-09-21 21:00:00,1790027999999,2026-09-21 22:00:00,86588.29,ACTIVE,BULL,20.09 15:00,80912.0,30,4,"21.09 00:00,21.09 08:00,21.09 13:00,21.09 19:00",86588.29,7.015387087205838,8.01323660272888,-0.4110267945422241,80850.22,7.097160650892476,,,,
1h,2026-09-21 22:00:00,1790031599999,2026-09-21 23:00:00,86453.74,ACTIVE,BULL,20.09 15:00,80912.0,31,4,"21.09 00:00,21.09 08:00,21.09 13:00,21.09 19:00",86453.74,6.849095313426945,8.01323660272888,-0.4110267945422241,80850.22,6.930741808742136,,,,
1h,2026-09-21 23:00:00,1790035199999,2026-09-22 00:00:00,86620.0,ACTIVE,BULL,20.09 15:00,80912.0,32,4,"21.09 00:00,21.09 08:00,21.09 13:00,21.09 19:00",86620.0,7.054577812932572,8.01323660272888,-0.4110267945422241,80850.22,7.1363813233903395,,,,
1h,2026-09-22 00:00:00,1790038799999,2026-09-22 01:00:00,85890.71,ACTIVE,BULL,20.09 15:00,80912.0,33,4,"21.09 00:00,21.09 08:00,21.09 13:00,21.09 19:00",85890.71,6.153240557642881,8.01323660272888,-0.4110267945422241,80850.22,6.234355330140118,,,,
1h,2026-09-22 01:00:00,1790042399999,2026-09-22 02:00:00,85616.23,ACTIVE,BULL,20.09 15:00,80912.0,34,4,"21.09 00:00,21.09 08:00,21.09 13:00,21.09 19:00",85616.23,5.814007810955113,8.01323660272888,-0.4110267945422241,80850.22,5.894863365863445,,,,
1h,2026-09-22 02:00:00,1790045999999,2026-09-22 03:00:00,85714.9,ACTIVE,BULL,20.09 15:00,80912.0,35,4,"21.09 00:00,21.09 08:00,21.09 13:00,21.09 19:00",85714.9,5.93595511172631,8.01323660272888,-0.4110267945422241,80850.22,6.016903850107025,,,,
1h,2026-09-22 03:00:00,1790049599999,2026-09-22 04:00:00,85692.83,ACTIVE,BULL,20.09 15:00,80912.0,36,4,"21.09 00:00,21.09 08:00,21.09 13:00,21.09 19:00",85692.83,5.908678564366232,8.01323660272888,-0.4110267945422241,80850.22,5.989606459945307,,,,
1h,2026-09-22 04:00:00,1790053199999,2026-09-22 05:00:00,85452.0,ACTIVE,BULL,20.09 15:00,80912.0,37,4,"21.09 00:00,21.09 08:00,21.09 13:00,21.09 19:00",85452.0,5.611034210005927,8.01323660272888,-0.4110267945422241,85300.0,0.17819460726846703,,,,
1h,2026-09-22 05:00:00,1790056799999,2026-09-22 06:00:00,85397.37,ACTIVE,BULL,20.09 15:00,80912.0,38,4,"21.09 00:00,21.09 08:00,21.09 13:00,21.09 19:00",85397.37,5.543516412893013,8.01323660272888,-0.4110267945422241,85300.0,0.11415005861663552,,,,
1h,2026-09-22 06:00:00,1790060399999,2026-09-22 07:00:00,85384.01,ACTIVE,BULL,20.09 15:00,80912.0,39,4,"21.09 00:00,21.09 08:00,21.09 13:00,21.09 19:00",85384.01,5.527004647023914,8.01323660272888,-0.4110267945422241,85300.0,0.0984876905040899,,,,
1h,2026-09-22 07:00:00,1790063999999,2026-09-22 08:00:00,85344.0,ACTIVE,BULL,20.09 15:00,80912.0,40,4,"21.09 00:00,21.09 08:00,21.09 13:00,21.09 19:00",85344.0,5.477555863159966,8.01323660272888,-0.4110267945422241,85114.0,0.27022581478957086,,,,
1h,2026-09-22 08:00:00,1790067599999,2026-09-22 09:00:00,86223.77,ACTIVE,BULL,20.09 15:00,80912.0,41,4,"21.09 00:00,21.09 08:00,21.09 13:00,21.09 19:00",86223.77,6.564872948388367,8.01323660272888,-0.4110267945422241,85114.0,1.3038630542566487,,,,
1h,2026-09-22 09:00:00,1790071199999,2026-09-22 10:00:00,86253.99,ACTIVE,BULL,20.09 15:00,80912.0,42,4,"21.09 00:00,21.09 08:00,21.09 13:00,21.09 19:00",86253.99,6.6022221672928705,8.01323660272888,-0.4110267945422241,85114.0,1.3393683765303033,,,,
1h,2026-09-22 10:00:00,1790074799999,2026-09-22 11:00:00,85904.0,ACTIVE,BULL,20.09 15:00,80912.0,43,4,"21.09 00:00,21.09 08:00,21.09 13:00,21.09 19:00",85904.0,6.169665809768632,8.01323660272888,-0.4110267945422241,85114.0,0.9281669290598593,,,,
1h,2026-09-22 11:00:00,1790078399999,2026-09-22 12:00:00,85986.62,ACTIVE,BULL,20.09 15:00,80912.0,44,4,"21.09 00:00,21.09 08:00,21.09 13:00,21.09 19:00",85986.62,6.271776745105795,8.01323660272888,-0.4110267945422241,85114.0,1.0252367413116525,,,,
1h,2026-09-22 12:00:00,1790081999999,2026-09-22 13:00:00,86024.01,ACTIVE,BULL,20.09 15:00,80912.0,45,4,"21.09 00:00,21.09 08:00,21.09 13:00,21.09 19:00",86024.01,6.31798744314811,8.01323660272888,-0.4110267945422241,85114.0,1.0691660596376495,,,,
1h,2026-09-22 13:00:00,1790085599999,2026-09-22 14:00:00,86346.01,ACTIVE,BULL,20.09 15:00,80912.0,46,4,"21.09 00:00,21.09 08:00,21.09 13:00,21.09 19:00",86346.01,6.715950662448078,8.01323660272888,-0.4110267945422241,85114.0,1.4474822003430532,,,,
1h,2026-09-22 14:00:00,1790089199999,2026-09-22 15:00:00,86258.01,ACTIVE,BULL,20.09 15:00,80912.0,47,4,"21.09 00:00,21.09 08:00,21.09 13:00,21.09 19:00",86258.01,6.6071905279809995,8.01323660272888,-0.4110267945422241,85114.0,1.3440914538148885,,,,
1h,2026-09-22 15:00:00,1790092799999,2026-09-22 16:00:00,86413.12,ACTIVE,BULL,20.09 15:00,80912.0,48,4,"21.09 00:00,21.09 08:00,21.09 13:00,21.09 19:00",86413.12,6.7988926240854175,8.01323660272888,-0.4110267945422241,85114.0,1.5263293935192657,,,,
1h,2026-09-22 16:00:00,1790096399999,2026-09-22 17:00:00,86421.13,ACTIVE,BULL,20.09 15:00,80912.0,49,4,"21.09 00:00,21.09 08:00,21.09 13:00,21.09 19:00",86421.13,6.808792268143171,8.01323660272888,-0.4110267945422241,85461.53,1.1228443956011525,,,,
1h,2026-09-22 17:00:00,1790099999999,2026-09-22 18:00:00,86570.24,ACTIVE,BULL,20.09 15:00,80912.0,50,5,"21.09 00:00,21.09 08:00,21.09 13:00,21.09 19:00,22.09 17:00",86570.24,6.993078900533911,8.01323660272888,-0.4110267945422241,85461.53,1.297320560490789,,,,
1h,2026-09-22 18:00:00,1790103599999,2026-09-22 19:00:00,86461.44,ACTIVE,BULL,20.09 15:00,80912.0,51,5,"21.09 00:00,21.09 08:00,21.09 13:00,21.09 19:00,22.09 17:00",86461.44,6.858611825192806,8.01323660272888,-0.4110267945422241,85461.53,1.1700118170128837,,,,
1h,2026-09-22 19:00:00,1790107199999,2026-09-22 20:00:00,86192.44,ACTIVE,BULL,20.09 15:00,80912.0,52,5,"21.09 00:00,21.09 08:00,21.09 13:00,21.09 19:00,22.09 17:00",86192.44,6.52615186869685,8.01323660272888,-0.4110267945422241,85461.53,0.8552503097007502,,,,
1h,2026-09-22 20:00:00,1790110799999,2026-09-22 21:00:00,86264.01,ACTIVE,BULL,20.09 15:00,80912.0,53,5,"21.09 00:00,21.09 08:00,21.09 13:00,21.09 19:00,22.09 17:00",86264.01,6.6146059916946776,8.01323660272888,-0.4110267945422241,85461.53,0.9389955925198201,,,,
1h,2026-09-22 21:00:00,1790114399999,2026-09-22 22:00:00,86184.01,ACTIVE,BULL,20.09 15:00,80912.0,54,5,"21.09 00:00,21.09 08:00,21.09 13:00,21.09 19:00,22.09 17:00",86184.01,6.515733142179148,8.01323660272888,-0.4110267945422241,85461.53,0.8453862223154696,,,,
1h,2026-09-22 22:00:00,1790117999999,2026-09-22 23:00:00,86124.01,ACTIVE,BULL,20.09 15:00,80912.0,55,5,"21.09 00:00,21.09 08:00,21.09 13:00,21.09 19:00,22.09 17:00",86124.01,6.4415785050425,8.01323660272888,-0.4110267945422241,85461.53,0.7751791946622122,,,,
1h,2026-09-22 23:00:00,1790121599999,2026-09-23 00:00:00,86208.56,ACTIVE,BULL,20.09 15:00,80912.0,56,5,"21.09 00:00,21.09 08:00,21.09 13:00,21.09 19:00,22.09 17:00",86208.56,6.546074747874231,8.01323660272888,-0.4110267945422241,85461.53,0.8741125977969277,,,,
1h,2026-09-23 00:00:00,1790125199999,2026-09-23 01:00:00,86457.3,ACTIVE,BULL,20.09 15:00,80912.0,57,5,"21.09 00:00,21.09 08:00,21.09 13:00,21.09 19:00,22.09 17:00",86457.3,6.853495155230371,8.01323660272888,-0.4110267945422241,86000.0,0.5317441860465122,,,,
1h,2026-09-23 01:00:00,1790128799999,2026-09-23 02:00:00,86370.0,ACTIVE,BULL,20.09 15:00,80912.0,58,5,"21.09 00:00,21.09 08:00,21.09 13:00,21.09 19:00,22.09 17:00",86370.0,6.745600158196563,8.01323660272888,-0.4110267945422241,86000.0,0.43023255813954275,,,,
1h,2026-09-23 02:00:00,1790132399999,2026-09-23 03:00:00,86552.26,ACTIVE,BULL,20.09 15:00,80912.0,59,5,"21.09 00:00,21.09 08:00,21.09 13:00,21.09 19:00,22.09 17:00",86552.26,6.970857227605287,8.01323660272888,-0.4110267945422241,86000.0,0.6421627906976646,,,,
1h,2026-09-23 03:00:00,1790135999999,2026-09-23 04:00:00,86704.27,ACTIVE,BULL,20.09 15:00,80912.0,60,5,"21.09 00:00,21.09 08:00,21.09 13:00,21.09 19:00,22.09 17:00",86704.27,7.1587280007909815,8.01323660272888,-0.4110267945422241,86000.0,0.8189186046511754,,,,
1h,2026-09-23 04:00:00,1790139599999,2026-09-23 05:00:00,87166.95,ACTIVE,BULL,20.09 15:00,80912.0,61,6,"21.09 00:00,21.09 08:00,21.09 13:00,21.09 19:00,22.09 17:00,23.09 04:00",87166.95,7.730559125964009,8.01323660272888,-0.4110267945422241,86000.0,1.3569186046511694,,,,
1h,2026-09-23 05:00:00,1790143199999,2026-09-23 06:00:00,86496.01,ACTIVE,BULL,20.09 15:00,80912.0,62,6,"21.09 00:00,21.09 08:00,21.09 13:00,21.09 19:00,22.09 17:00,23.09 04:00",86496.01,6.901337255289697,8.01323660272888,-0.4110267945422241,86000.0,0.576755813953489,,,,
1h,2026-09-23 06:00:00,1790146799999,2026-09-23 07:00:00,86469.66,ACTIVE,BULL,20.09 15:00,80912.0,63,6,"21.09 00:00,21.09 08:00,21.09 13:00,21.09 19:00,22.09 17:00,23.09 04:00",86469.66,6.868771010480534,8.01323660272888,-0.4110267945422241,86000.0,0.5461162790697749,,,,
1h,2026-09-23 07:00:00,1790150399999,2026-09-23 08:00:00,86124.77,ACTIVE,BULL,20.09 15:00,80912.0,64,6,"21.09 00:00,21.09 08:00,21.09 13:00,21.09 19:00,22.09 17:00,23.09 04:00",86124.77,6.442517797112912,8.01323660272888,-0.4110267945422241,86000.0,0.1450813953488339,,,,
1h,2026-09-23 08:00:00,1790153999999,2026-09-23 09:00:00,85899.99,ENDED,BULL,20.09 15:00,80912.0,65,6,"21.09 00:00,21.09 08:00,21.09 13:00,21.09 19:00,22.09 17:00,23.09 04:00",85899.99,6.164709808186686,8.01323660272888,-0.4110267945422241,,,23.09 08:00,85899.99,86000.0,pivot
1h,2026-09-23 09:00:00,1790157599999,2026-09-23 10:00:00,85854.33,ENDED,BULL,20.09 15:00,80912.0,65,6,"21.09 00:00,21.09 08:00,21.09 13:00,21.09 19:00,22.09 17:00,23.09 04:00",85899.99,6.164709808186686,8.01323660272888,-0.4110267945422241,,,23.09 08:00,85899.99,86000.0,pivot
1h,2026-09-23 10:00:00,1790161199999,2026-09-23 11:00:00,85923.07,ENDED,BULL,20.09 15:00,80912.0,65,6,"21.09 00:00,21.09 08:00,21.09 13:00,21.09 19:00,22.09 17:00,23.09 04:00",85899.99,6.164709808186686,8.01323660272888,-0.4110267945422241,,,23.09 08:00,85899.99,86000.0,pivot
1h,2026-09-23 11:00:00,1790164799999,2026-09-23 12:00:00,85649.95,ENDED,BULL,20.09 15:00,80912.0,65,6,"21.09 00:00,21.09 08:00,21.09 13:00,21.09 19:00,22.09 17:00,23.09 04:00",85899.99,6.164709808186686,8.01323660272888,-0.4110267945422241,,,23.09 08:00,85899.99,86000.0,pivot
1h,2026-09-23 12:00:00,1790168399999,2026-09-23 13:00:00,85510.91,ENDED,BULL,20.09 15:00,80912.0,65,6,"21.09 00:00,21.09 08:00,21.09 13:00,21.09 19:00,22.09 17:00,23.09 04:00",85899.99,6.164709808186686,8.01323660272888,-0.4110267945422241,,,23.09 08:00,85899.99,86000.0,pivot
1h,2026-09-23 13:00:00,1790171999999,2026-09-23 14:00:00,85792.01,ENDED,BULL,20.09 15:00,80912.0,65,6,"21.09 00:00,21.09 08:00,21.09 13:00,21.09 19:00,22.09 17:00,23.09 04:00",85899.99,6.164709808186686,8.01323660272888,-0.4110267945422241,,,23.09 08:00,85899.99,86000.0,pivot
1h,2026-09-23 14:00:00,1790175599999,2026-09-23 15:00:00,84533.99,ENDED,BULL,20.09 15:00,80912.0,65,6,"21.09 00:00,21.09 08:00,21.09 13:00,21.09 19:00,22.09 17:00,23.09 04:00",85899.99,6.164709808186686,8.01323660272888,-0.4110267945422241,,,23.09 08:00,85899.99,86000.0,pivot
1h,2026-09-23 15:00:00,1790179199999,2026-09-23 16:00:00,83996.01,ENDED,BULL,20.09 15:00,80912.0,65,6,"21.09 00:00,21.09 08:00,21.09 13:00,21.09 19:00,22.09 17:00,23.09 04:00",85899.99,6.164709808186686,8.01323660272888,-0.4110267945422241,,,23.09 08:00,85899.99,86000.0,pivot
1h,2026-09-23 16:00:00,1790182799999,2026-09-23 17:00:00,84038.0,ENDED,BULL,20.09 15:00,80912.0,65,6,"21.09 00:00,21.09 08:00,21.09 13:00,21.09 19:00,22.09 17:00,23.09 04:00",85899.99,6.164709808186686,8.01323660272888,-0.4110267945422241,,,23.09 08:00,85899.99,86000.0,pivot
1h,2026-09-23 17:00:00,1790186399999,2026-09-23 18:00:00,84326.56,ENDED,BULL,20.09 15:00,80912.0,65,6,"21.09 00:00,21.09 08:00,21.09 13:00,21.09 19:00,22.09 17:00,23.09 04:00",85899.99,6.164709808186686,8.01323660272888,-0.4110267945422241,,,23.09 08:00,85899.99,86000.0,pivot
1h,2026-09-23 18:00:00,1790189999999,2026-09-23 19:00:00,84330.0,ENDED,BULL,20.09 15:00,80912.0,65,6,"21.09 00:00,21.09 08:00,21.09 13:00,21.09 19:00,22.09 17:00,23.09 04:00",85899.99,6.164709808186686,8.01323660272888,-0.4110267945422241,,,23.09 08:00,85899.99,86000.0,pivot
1h,2026-09-23 19:00:00,1790193599999,2026-09-23 20:00:00,84518.0,ENDED,BULL,20.09 15:00,80912.0,65,6,"21.09 00:00,21.09 08:00,21.09 13:00,21.09 19:00,22.09 17:00,23.09 04:00",85899.99,6.164709808186686,8.01323660272888,-0.4110267945422241,,,23.09 08:00,85899.99,86000.0,pivot
1h,2026-09-23 20:00:00,1790197199999,2026-09-23 21:00:00,84232.86,ENDED,BULL,20.09 15:00,80912.0,65,6,"21.09 00:00,21.09 08:00,21.09 13:00,21.09 19:00,22.09 17:00,23.09 04:00",85899.99,6.164709808186686,8.01323660272888,-0.4110267945422241,,,23.09 08:00,85899.99,86000.0,pivot
1h,2026-09-23 21:00:00,1790200799999,2026-09-23 22:00:00,84419.48,ENDED,BULL,20.09 15:00,80912.0,65,6,"21.09 00:00,21.09 08:00,21.09 13:00,21.09 19:00,22.09 17:00,23.09 04:00",85899.99,6.164709808186686,8.01323660272888,-0.4110267945422241,,,23.09 08:00,85899.99,86000.0,pivot
1h,2026-09-23 22:00:00,1790204399999,2026-09-23 23:00:00,84563.01,ENDED,BULL,20.09 15:00,80912.0,65,6,"21.09 00:00,21.09 08:00,21.09 13:00,21.09 19:00,22.09 17:00,23.09 04:00",85899.99,6.164709808186686,8.01323660272888,-0.4110267945422241,,,23.09 08:00,85899.99,86000.0,pivot
1h,2026-09-23 23:00:00,1790207999999,2026-09-24 00:00:00,84397.6,ENDED,BULL,20.09 15:00,80912.0,65,6,"21.09 00:00,21.09 08:00,21.09 13:00,21.09 19:00,22.09 17:00,23.09 04:00",85899.99,6.164709808186686,8.01323660272888,-0.4110267945422241,,,23.09 08:00,85899.99,86000.0,pivot
1h,2026-09-24 00:00:00,1790211599999,2026-09-24 01:00:00,84318.0,ENDED,BULL,20.09 15:00,80912.0,65,6,"21.09 00:00,21.09 08:00,21.09 13:00,21.09 19:00,22.09 17:00,23.09 04:00",85899.99,6.164709808186686,8.01323660272888,-0.4110267945422241,,,23.09 08:00,85899.99,86000.0,pivot
1h,2026-09-24 01:00:00,1790215199999,2026-09-24 02:00:00,84104.35,ENDED,BULL,20.09 15:00,80912.0,65,6,"21.09 00:00,21.09 08:00,21.09 13:00,21.09 19:00,22.09 17:00,23.09 04:00",85899.99,6.164709808186686,8.01323660272888,-0.4110267945422241,,,23.09 08:00,85899.99,86000.0,pivot
1h,2026-09-24 02:00:00,1790218799999,2026-09-24 03:00:00,84365.54,ENDED,BULL,20.09 15:00,80912.0,65,6,"21.09 00:00,21.09 08:00,21.09 13:00,21.09 19:00,22.09 17:00,23.09 04:00",85899.99,6.164709808186686,8.01323660272888,-0.4110267945422241,,,23.09 08:00,85899.99,86000.0,pivot
1h,2026-09-24 03:00:00,1790222399999,2026-09-24 04:00:00,83934.01,ENDED,BULL,20.09 15:00,80912.0,65,6,"21.09 00:00,21.09 08:00,21.09 13:00,21.09 19:00,22.09 17:00,23.09 04:00",85899.99,6.164709808186686,8.01323660272888,-0.4110267945422241,,,23.09 08:00,85899.99,86000.0,pivot
1h,2026-09-24 04:00:00,1790225999999,2026-09-24 05:00:00,84046.0,ENDED,BULL,20.09 15:00,80912.0,65,6,"21.09 00:00,21.09 08:00,21.09 13:00,21.09 19:00,22.09 17:00,23.09 04:00",85899.99,6.164709808186686,8.01323660272888,-0.4110267945422241,,,23.09 08:00,85899.99,86000.0,pivot
1h,2026-09-24 05:00:00,1790229599999,2026-09-24 06:00:00,83978.02,ENDED,BULL,20.09 15:00,80912.0,65,6,"21.09 00:00,21.09 08:00,21.09 13:00,21.09 19:00,22.09 17:00,23.09 04:00",85899.99,6.164709808186686,8.01323660272888,-0.4110267945422241,,,23.09 08:00,85899.99,86000.0,pivot
1h,2026-09-24 06:00:00,1790233199999,2026-09-24 07:00:00,84113.99,ENDED,BULL,20.09 15:00,80912.0,65,6,"21.09 00:00,21.09 08:00,21.09 13:00,21.09 19:00,22.09 17:00,23.09 04:00",85899.99,6.164709808186686,8.01323660272888,-0.4110267945422241,,,23.09 08:00,85899.99,86000.0,pivot
1h,2026-09-24 07:00:00,1790236799999,2026-09-24 08:00:00,84524.02,ENDED,BULL,20.09 15:00,80912.0,65,6,"21.09 00:00,21.09 08:00,21.09 13:00,21.09 19:00,22.09 17:00,23.09 04:00",85899.99,6.164709808186686,8.01323660272888,-0.4110267945422241,,,23.09 08:00,85899.99,86000.0,pivot
1h,2026-09-24 08:00:00,1790240399999,2026-09-24 09:00:00,83660.0,ENDED,BULL,20.09 15:00,80912.0,65,6,"21.09 00:00,21.09 08:00,21.09 13:00,21.09 19:00,22.09 17:00,23.09 04:00",85899.99,6.164709808186686,8.01323660272888,-0.4110267945422241,,,23.09 08:00,85899.99,86000.0,pivot
1h,2026-09-24 09:00:00,1790243999999,2026-09-24 10:00:00,83263.95,ACTIVE,BEAR,24.09 09:00,83263.95,0,0,,83263.95,-0.0,-0.0,-0.0,83500.01,0.2827065529692696,,,,
1h,2026-09-24 10:00:00,1790247599999,2026-09-24 11:00:00,83512.2,ACTIVE,BEAR,24.09 09:00,83263.95,1,0,,83512.2,-0.2981482382231393,0.12964794487890785,-0.36355469563960074,83500.01,-0.01459880064684782,,,,
1h,2026-09-24 11:00:00,1790251199999,2026-09-24 12:00:00,83494.58,ACTIVE,BEAR,24.09 09:00,83263.95,2,0,,83494.58,-0.27698661905903865,0.12964794487890785,-0.42282404329845313,83500.01,0.006502993233170606,,,,
1h,2026-09-24 12:00:00,1790254799999,2026-09-24 13:00:00,83604.26,ACTIVE,BEAR,24.09 09:00,83263.95,3,0,,83604.26,-0.40871229385586183,0.12964794487890785,-0.4876780407367054,83500.01,-0.12485028444906288,,,,
1h,2026-09-24 13:00:00,1790258399999,2026-09-24 14:00:00,84258.43,ACTIVE,BEAR,24.09 09:00,83263.95,4,0,,84258.43,-1.1943704328223559,0.12964794487890785,-1.2923480089522599,83500.01,-0.90828731637278,,,,
1h,2026-09-24 14:00:00,1790261999999,2026-09-24 15:00:00,83673.77,ACTIVE,BEAR,24.09 09:00,83263.95,5,0,,83673.77,-0.4921938005583604,0.12964794487890785,-2.0158784203728075,83500.01,-0.20809578346159263,,,,
1h,2026-09-24 15:00:00,1790265599999,2026-09-24 16:00:00,84418.0,ACTIVE,BEAR,24.09 09:00,83263.95,6,0,,84418.0,-1.3860139952524442,0.12964794487890785,-2.0158784203728075,83500.01,-1.0993890898935321,,,,
1h,2026-09-24 16:00:00,1790269199999,2026-09-24 17:00:00,84500.33,ACTIVE,BEAR,24.09 09:00,83263.95,7,0,,84500.33,-1.4848923213467646,0.12964794487890785,-2.0158784203728075,84942.45,0.5204935812423539,,,,
1h,2026-09-24 17:00:00,1790272799999,2026-09-24 18:00:00,84110.0,ACTIVE,BEAR,24.09 09:00,83263.95,8,0,,84110.0,-1.0161060098638153,0.12964794487890785,-2.0158784203728075,84942.45,0.980016469974665,,,,
1h,2026-09-24 18:00:00,1790276399999,2026-09-24 19:00:00,84476.01,ACTIVE,BEAR,24.09 09:00,83263.95,9,0,,84476.01,-1.4556840025004902,0.12964794487890785,-2.0158784203728075,84942.45,0.5491247309207581,,,,
1h,2026-09-24 19:00:00,1790279999999,2026-09-24 20:00:00,84412.65,ACTIVE,BEAR,24.09 09:00,83263.95,10,0,,84412.65,-1.3795886455062467,0.12964794487890785,-2.0158784203728075,84942.45,0.6237164103460646,,,,
1h,2026-09-24 20:00:00,1790283599999,2026-09-24 21:00:00,84371.63,ACTIVE,BEAR,24.09 09:00,83263.95,11,0,,84371.63,-1.3303236274522234,0.12964794487890785,-2.0158784203728075,84942.45,0.6720079300750026,,,,
1h,2026-09-24 21:00:00,1790287199999,2026-09-24 22:00:00,84350.0,ACTIVE,BEAR,24.09 09:00,83263.95,12,0,,84350.0,-1.304345998478329,0.12964794487890785,-2.0158784203728075,84660.0,0.36617056461138997,,,,
1h,2026-09-24 22:00:00,1790290799999,2026-09-24 23:00:00,84277.32,ACTIVE,BEAR,24.09 09:00,83263.95,13,0,,84277.32,-1.2170573219262515,0.12964794487890785,-2.0158784203728075,84660.0,0.45201984408220763,,,,
1h,2026-09-24 23:00:00,1790294399999,2026-09-25 00:00:00,84410.24,ACTIVE,BEAR,24.09 09:00,83263.95,14,0,,84410.24,-1.3766942356205902,0.12964794487890785,-2.0158784203728075,84660.0,0.2950153555397961,,,,
1h,2026-09-25 00:00:00,1790297999999,2026-09-25 01:00:00,84590.01,ACTIVE,BEAR,24.09 09:00,83263.95,15,0,,84590.01,-1.592597997092371,0.12964794487890785,-2.0158784203728075,84660.0,0.082671863926298,,,,
1h,2026-09-25 01:00:00,1790301599999,2026-09-25 02:00:00,84610.73,ACTIVE,BEAR,24.09 09:00,83263.95,16,0,,84610.73,-1.6174827161094418,0.12964794487890785,-2.0158784203728075,84660.0,0.05819749586581935,,,,
1h,2026-09-25 02:00:00,1790305199999,2026-09-25 03:00:00,84226.16,ACTIVE,BEAR,24.09 09:00,83263.95,17,0,,84226.16,-1.155614164353258,0.12964794487890785,-2.0158784203728075,84660.0,0.5124497991967791,,,,
1h,2026-09-25 03:00:00,1790308799999,2026-09-25 04:00:00,84231.19,ACTIVE,BEAR,24.09 09:00,83263.95,18,0,,84231.19,-1.1616551941146191,0.12964794487890785,-2.0158784203728075,84660.0,0.5065083864871256,,,,
1h,2026-09-25 04:00:00,1790312399999,2026-09-25 05:00:00,84208.01,ACTIVE,BEAR,24.09 09:00,83263.95,19,0,,84208.01,-1.1338160152142729,0.12964794487890785,-2.0158784203728075,84888.0,0.8010437282065852,,,,
1h,2026-09-25 05:00:00,1790315999999,2026-09-25 06:00:00,84194.01,ACTIVE,BEAR,24.09 09:00,83263.95,20,0,,84194.01,-1.11700201587841,0.12964794487890785,-2.0158784203728075,84888.0,0.817536047497891,,,,
1h,2026-09-25 06:00:00,1790319599999,2026-09-25 07:00:00,84036.0,ACTIVE,BEAR,24.09 09:00,83263.95,21,0,,84036.0,-0.9272320133743461,0.12964794487890785,-2.0158784203728075,84888.0,1.0036754311563478,,,,
1h,2026-09-25 07:00:00,1790323199999,2026-09-25 08:00:00,84043.96,ACTIVE,BEAR,24.09 09:00,83263.95,22,0,,84043.96,-0.93679197299672,0.12964794487890785,-2.0158784203728075,84888.0,0.9942983696164309,,,,
1h,2026-09-25 08:00:00,1790326799999,2026-09-25 09:00:00,84417.06,ACTIVE,BEAR,24.09 09:00,83263.95,23,0,,84417.06,-1.384885055297036,0.12964794487890785,-2.0158784203728075,84888.0,0.5547780605032582,,,,
1h,2026-09-25 09:00:00,1790330399999,2026-09-25 10:00:00,84570.01,ACTIVE,BEAR,24.09 09:00,83263.95,24,0,,84570.01,-1.5685779980411763,0.12964794487890785,-2.0158784203728075,84888.0,0.3745994722457846,,,,
1h,2026-09-25 10:00:00,1790333999999,2026-09-25 11:00:00,84713.66,ACTIVE,BEAR,24.09 09:00,83263.95,25,0,,84713.66,-1.7411016412264946,0.12964794487890785,-2.0158784203728075,84888.0,0.20537649608896036,,,,
1h,2026-09-25 11:00:00,1790337599999,2026-09-25 12:00:00,84582.64,ACTIVE,BEAR,24.09 09:00,83263.95,26,0,,84582.64,-1.5837466274420064,0.12964794487890785,-2.3912509555455985,84888.0,0.35972104419941253,,,,
1h,2026-09-25 12:00:00,1790341199999,2026-09-25 13:00:00,84471.8,ACTIVE,BEAR,24.09 09:00,83263.95,27,0,,84471.8,-1.4506277927001987,0.12964794487890785,-2.3912509555455985,84888.0,0.49029309207425653,,,,
1h,2026-09-25 13:00:00,1790344799999,2026-09-25 14:00:00,83923.71,ACTIVE,BEAR,24.09 09:00,83263.95,28,0,,83923.71,-0.7923717287013243,0.12964794487890785,-2.3912509555455985,85255.0,1.5615389126737322,,,,
1h,2026-09-25 14:00:00,1790348399999,2026-09-25 15:00:00,84016.01,ACTIVE,BEAR,24.09 09:00,83263.95,29,0,,84016.01,-0.9032240243226575,0.12964794487890785,-2.3912509555455985,85255.0,1.4532754677145099,,,,
1h,2026-09-25 15:00:00,1790351999999,2026-09-25 16:00:00,83796.01,ACTIVE,BEAR,24.09 09:00,83263.95,30,0,,83796.01,-0.6390040347593384,0.12964794487890785,-2.3912509555455985,85255.0,1.711324848982465,,,,
1h,2026-09-25 16:00:00,1790355599999,2026-09-25 17:00:00,83742.22,ACTIVE,BEAR,24.09 09:00,83263.95,31,0,,83742.22,-0.5744022473111121,0.12964794487890785,-2.3912509555455985,85255.0,1.774417922702476,,,,
1h,2026-09-25 17:00:00,1790359199999,2026-09-25 18:00:00,83785.11,ACTIVE,BEAR,24.09 09:00,83263.95,32,0,,83785.11,-0.6259131352764458,0.12964794487890785,-2.3912509555455985,85255.0,1.7241100228725603,,,,
1h,2026-09-25 18:00:00,1790362799999,2026-09-25 19:00:00,83968.0,ACTIVE,BEAR,24.09 09:00,83263.95,33,0,,83968.0,-0.845564016600231,0.12964794487890785,-2.3912509555455985,84115.87,0.17579322427503374,,,,
1h,2026-09-25 19:00:00,1790366399999,2026-09-25 20:00:00,84020.01,ACTIVE,BEAR,24.09 09:00,83263.95,34,0,,84020.01,-0.9080280241329008,0.12964794487890785,-2.3912509555455985,84115.87,0.11396184810309462,,,,
1h,2026-09-25 20:00:00,1790369999999,2026-09-25 21:00:00,83886.0,ACTIVE,BEAR,24.09 09:00,83263.95,35,0,,83886.0,-0.7470820204902529,0.12964794487890785,-2.3912509555455985,84115.87,0.27327780120445233,,,,
1h,2026-09-25 21:00:00,1790373599999,2026-09-25 22:00:00,83792.0,ACTIVE,BEAR,24.09 09:00,83263.95,36,0,,83792.0,-0.6341880249495668,0.12964794487890785,-2.3912509555455985,84115.87,0.38502841378207364,,,,
1h,2026-09-25 22:00:00,1790377199999,2026-09-25 23:00:00,84083.05,ACTIVE,BEAR,24.09 09:00,83263.95,37,0,,84083.05,-0.983739061142308,0.12964794487890785,-2.3912509555455985,84193.39,0.1310554189586588,,,,
1h,2026-09-25 23:00:00,1790380799999,2026-09-26 00:00:00,84099.99,ACTIVE,BEAR,24.09 09:00,83263.95,38,0,,84099.99,-1.0040840003386897,0.12964794487890785,-2.3912509555455985,84193.39,0.1109350745943316,,,,
1h,2026-09-26 00:00:00,1790384399999,2026-09-26 01:00:00,83910.01,ACTIVE,BEAR,24.09 09:00,83263.95,39,0,,83910.01,-0.7759180293512413,0.12964794487890785,-2.3912509555455985,84193.39,0.3365822423826881,,,,
1h,2026-09-26 01:00:00,1790387999999,2026-09-26 02:00:00,84076.66,ACTIVE,BEAR,24.09 09:00,83263.95,40,0,,84076.66,-0.9760646714454424,0.12964794487890785,-2.3912509555455985,84193.39,0.13864508840895073,,,,
1h,2026-09-26 02:00:00,1790391599999,2026-09-26 03:00:00,84010.0,ACTIVE,BEAR,24.09 09:00,83263.95,41,0,,84010.0,-0.8960060146077753,0.12964794487890785,-2.3912509555455985,84145.26,0.16074583404934728,,,,
1h,2026-09-26 03:00:00,1790395199999,2026-09-26 04:00:00,83939.0,ACTIVE,BEAR,24.09 09:00,83263.95,42,0,,83939.0,-0.810735017975972,0.12964794487890785,-2.3912509555455985,84145.26,0.2451237300829523,,,,
1h,2026-09-26 04:00:00,1790398799999,2026-09-26 05:00:00,83976.0,ACTIVE,BEAR,24.09 09:00,83263.95,43,0,,83976.0,-0.8551720162207177,0.12964794487890785,-2.3912509555455985,84145.26,0.2011521504598046,,,,
1h,2026-09-26 05:00:00,1790402399999,2026-09-26 06:00:00,83919.69,ACTIVE,BEAR,24.09 09:00,83263.95,44,0,,83919.69,-0.7875437088920245,0.12964794487890785,-2.3912509555455985,84145.26,0.2680721409619391,,,,
1h,2026-09-26 06:00:00,1790405999999,2026-09-26 07:00:00,83891.22,ACTIVE,BEAR,24.09 09:00,83263.95,45,0,,83891.22,-0.7533512402426279,0.12964794487890785,-2.3912509555455985,84145.26,0.3019064888503453,,,,
1h,2026-09-26 07:00:00,1790409599999,2026-09-26 08:00:00,84116.8,ACTIVE,BEAR,24.09 09:00,83263.95,46,0,,84116.8,-1.0242728095412268,0.12964794487890785,-2.3912509555455985,84145.26,0.033822463677679604,,,,
1h,2026-09-26 08:00:00,1790413199999,2026-09-26 09:00:00,84220.01,ACTIVE,BEAR,24.09 09:00,83263.95,47,0,,84220.01,-1.1482280146449808,0.12964794487890785,-2.3912509555455985,84145.26,-0.08883447504945963,,,,
1h,2026-09-26 09:00:00,1790416799999,2026-09-26 10:00:00,84021.95,ACTIVE,BEAR,24.09 09:00,83263.95,48,0,,84021.95,-0.9103579640408643,0.12964794487890785,-2.3912509555455985,84145.26,0.14654420225215237,,,,
1h,2026-09-26 10:00:00,1790420399999,2026-09-26 11:00:00,84179.92,ACTIVE,BEAR,24.09 09:00,83263.95,49,0,,84179.92,-1.1000799265468375,0.12964794487890785,-2.3912509555455985,84336.96,0.18620543116565358,,,,
1h,2026-09-26 11:00:00,1790423999999,2026-09-26 12:00:00,84176.0,ACTIVE,BEAR,24.09 09:00,83263.95,50,0,,84176.0,-1.0953720067328199,0.12964794487890785,-2.3912509555455985,84336.96,0.19085345262623843,,,,
1h,2026-09-26 12:00:00,1790427599999,2026-09-26 13:00:00,84051.9,ACTIVE,BEAR,24.09 09:00,83263.95,51,0,,84051.9,-0.9463279126200375,0.12964794487890785,-2.3912509555455985,84336.96,0.3380012748859018,,,,
1h,2026-09-26 13:00:00,1790431199999,2026-09-26 14:00:00,83939.1,ACTIVE,BEAR,24.09 09:00,83263.95,52,0,,83939.1,-0.810855117971232,0.12964794487890785,-2.3912509555455985,84336.96,0.4717504638535708,,,,
1h,2026-09-26 14:00:00,1790434799999,2026-09-26 15:00:00,84020.0,ACTIVE,BEAR,24.09 09:00,83263.95,53,0,,84020.0,-0.9080160141333726,0.12964794487890785,-2.3912509555455985,84204.88,0.21955972147933434,,,,
1h,2026-09-26 15:00:00,1790438399999,2026-09-26 16:00:00,84155.99,ACTIVE,BEAR,24.09 09:00,83263.95,54,0,,84155.99,-1.0713399976820748,0.12964794487890785,-2.3912509555455985,84204.88,0.058060767974488225,,,,
1h,2026-09-26 16:00:00,1790441999999,2026-09-26 17:00:00,84120.0,ACTIVE,BEAR,24.09 09:00,83263.95,55,0,,84120.0,-1.0281160093894126,0.12964794487890785,-2.3912509555455985,84204.88,0.10080175875792907,,,,
1h,2026-09-26 17:00:00,1790445599999,2026-09-26 18:00:00,84132.4,ACTIVE,BEAR,24.09 09:00,83263.95,56,0,,84132.4,-1.0430084088011604,0.12964794487890785,-2.3912509555455985,84190.0,0.06841667656491968,,,,
1h,2026-09-26 18:00:00,1790449199999,2026-09-26 19:00:00,83998.68,ACTIVE,BEAR,24.09 09:00,83263.95,57,0,,83998.68,-0.8824106951447641,0.12964794487890785,-2.3912509555455985,84190.0,0.2272478916735987,,,,
1h,2026-09-26 19:00:00,1790452799999,2026-09-26 20:00:00,84016.63,ACTIVE,BEAR,24.09 09:00,83263.95,58,0,,84016.63,-0.9039686442932515,0.12964794487890785,-2.3912509555455985,84190.0,0.20592706972324404,,,,
1h,2026-09-26 20:00:00,1790456399999,2026-09-26 21:00:00,84030.34,ACTIVE,BEAR,24.09 09:00,83263.95,59,0,,84030.34,-0.9204343536428405,0.12964794487890785,-2.3912509555455985,84190.0,0.18964247535336876,,,,
1h,2026-09-26 21:00:00,1790459999999,2026-09-26 22:00:00,84158.75,ACTIVE,BEAR,24.09 09:00,83263.95,60,0,,84158.75,-1.07465475755113,0.12964794487890785,-2.3912509555455985,84190.0,0.037118422615511903,,,,
1h,2026-09-26 22:00:00,1790463599999,2026-09-26 23:00:00,84276.01,ENDED,BEAR,24.09 09:00,83263.95,61,0,,84276.01,-1.215484011988388,0.12964794487890785,-2.3912509555455985,,,26.09 22:00,84276.01,84190.0,pivot
1h,2026-09-26 23:00:00,1790467199999,2026-09-27 00:00:00,84433.1,ENDED,BEAR,24.09 09:00,83263.95,61,0,,84276.01,-1.215484011988388,0.12964794487890785,-2.3912509555455985,,,26.09 22:00,84276.01,84190.0,pivot
1h,2026-09-27 00:00:00,1790470799999,2026-09-27 01:00:00,84306.01,ENDED,BEAR,24.09 09:00,83263.95,61,0,,84276.01,-1.215484011988388,0.12964794487890785,-2.3912509555455985,,,26.09 22:00,84276.01,84190.0,pivot
1h,2026-09-27 01:00:00,1790474399999,2026-09-27 02:00:00,84495.01,ENDED,BEAR,24.09 09:00,83263.95,61,0,,84276.01,-1.215484011988388,0.12964794487890785,-2.3912509555455985,,,26.09 22:00,84276.01,84190.0,pivot
1h,2026-09-27 02:00:00,1790477999999,2026-09-27 03:00:00,84450.0,ENDED,BEAR,24.09 09:00,83263.95,61,0,,84276.01,-1.215484011988388,0.12964794487890785,-2.3912509555455985,,,26.09 22:00,84276.01,84190.0,pivot
1h,2026-09-27 03:00:00,1790481599999,2026-09-27 04:00:00,84402.15,ENDED,BEAR,24.09 09:00,83263.95,61,0,,84276.01,-1.215484011988388,0.12964794487890785,-2.3912509555455985,,,26.09 22:00,84276.01,84190.0,pivot
1h,2026-09-27 04:00:00,1790485199999,2026-09-27 05:00:00,84329.6,ENDED,BEAR,24.09 09:00,83263.95,61,0,,84276.01,-1.215484011988388,0.12964794487890785,-2.3912509555455985,,,26.09 22:00,84276.01,84190.0,pivot
1h,2026-09-27 05:00:00,1790488799999,2026-09-27 06:00:00,84478.06,ENDED,BEAR,24.09 09:00,83263.95,61,0,,84276.01,-1.215484011988388,0.12964794487890785,-2.3912509555455985,,,26.09 22:00,84276.01,84190.0,pivot
1h,2026-09-27 06:00:00,1790492399999,2026-09-27 07:00:00,84511.69,ENDED,BEAR,24.09 09:00,83263.95,61,0,,84276.01,-1.215484011988388,0.12964794487890785,-2.3912509555455985,,,26.09 22:00,84276.01,84190.0,pivot
1h,2026-09-27 07:00:00,1790495999999,2026-09-27 08:00:00,84791.0,ENDED,BEAR,24.09 09:00,83263.95,61,0,,84276.01,-1.215484011988388,0.12964794487890785,-2.3912509555455985,,,26.09 22:00,84276.01,84190.0,pivot
1h,2026-09-27 08:00:00,1790499599999,2026-09-27 09:00:00,84800.0,ENDED,BEAR,24.09 09:00,83263.95,61,0,,84276.01,-1.215484011988388,0.12964794487890785,-2.3912509555455985,,,26.09 22:00,84276.01,84190.0,pivot
1h,2026-09-27 09:00:00,1790503199999,2026-09-27 10:00:00,84944.01,ENDED,BEAR,24.09 09:00,83263.95,61,0,,84276.01,-1.215484011988388,0.12964794487890785,-2.3912509555455985,,,26.09 22:00,84276.01,84190.0,pivot
1h,2026-09-27 10:00:00,1790506799999,2026-09-27 11:00:00,84883.0,ENDED,BEAR,24.09 09:00,83263.95,61,0,,84276.01,-1.215484011988388,0.12964794487890785,-2.3912509555455985,,,26.09 22:00,84276.01,84190.0,pivot
1h,2026-09-27 11:00:00,1790510399999,2026-09-27 12:00:00,84898.0,ENDED,BEAR,24.09 09:00,83263.95,61,0,,84276.01,-1.215484011988388,0.12964794487890785,-2.3912509555455985,,,26.09 22:00,84276.01,84190.0,pivot
1h,2026-09-27 12:00:00,1790513999999,2026-09-27 13:00:00,84802.01,ENDED,BEAR,24.09 09:00,83263.95,61,0,,84276.01,-1.215484011988388,0.12964794487890785,-2.3912509555455985,,,26.09 22:00,84276.01,84190.0,pivot
1h,2026-09-27 13:00:00,1790517599999,2026-09-27 14:00:00,85030.41,ENDED,BEAR,24.09 09:00,83263.95,61,0,,84276.01,-1.215484011988388,0.12964794487890785,-2.3912509555455985,,,26.09 22:00,84276.01,84190.0,pivot
1h,2026-09-27 14:00:00,1790521199999,2026-09-27 15:00:00,84538.02,ENDED,BEAR,24.09 09:00,83263.95,61,0,,84276.01,-1.215484011988388,0.12964794487890785,-2.3912509555455985,,,26.09 22:00,84276.01,84190.0,pivot
1h,2026-09-27 15:00:00,1790524799999,2026-09-27 16:00:00,84463.37,ENDED,BEAR,24.09 09:00,83263.95,61,0,,84276.01,-1.215484011988388,0.12964794487890785,-2.3912509555455985,,,26.09 22:00,84276.01,84190.0,pivot
1h,2026-09-27 16:00:00,1790528399999,2026-09-27 17:00:00,84426.0,ENDED,BEAR,24.09 09:00,83263.95,61,0,,84276.01,-1.215484011988388,0.12964794487890785,-2.3912509555455985,,,26.09 22:00,84276.01,84190.0,pivot
1h,2026-09-27 17:00:00,1790531999999,2026-09-27 18:00:00,84574.0,ENDED,BEAR,24.09 09:00,83263.95,61,0,,84276.01,-1.215484011988388,0.12964794487890785,-2.3912509555455985,,,26.09 22:00,84276.01,84190.0,pivot
1h,2026-09-27 18:00:00,1790535599999,2026-09-27 19:00:00,84818.87,ENDED,BEAR,24.09 09:00,83263.95,61,0,,84276.01,-1.215484011988388,0.12964794487890785,-2.3912509555455985,,,26.09 22:00,84276.01,84190.0,pivot
1h,2026-09-27 19:00:00,1790539199999,2026-09-27 20:00:00,84736.01,ENDED,BEAR,24.09 09:00,83263.95,61,0,,84276.01,-1.215484011988388,0.12964794487890785,-2.3912509555455985,,,26.09 22:00,84276.01,84190.0,pivot
1h,2026-09-27 20:00:00,1790542799999,2026-09-27 21:00:00,84552.0,ENDED,BEAR,24.09 09:00,83263.95,61,0,,84276.01,-1.215484011988388,0.12964794487890785,-2.3912509555455985,,,26.09 22:00,84276.01,84190.0,pivot
1h,2026-09-27 21:00:00,1790546399999,2026-09-27 22:00:00,84688.07,ENDED,BEAR,24.09 09:00,83263.95,61,0,,84276.01,-1.215484011988388,0.12964794487890785,-2.3912509555455985,,,26.09 22:00,84276.01,84190.0,pivot
1h,2026-09-27 22:00:00,1790549999999,2026-09-27 23:00:00,84195.27,ENDED,BEAR,24.09 09:00,83263.95,61,0,,84276.01,-1.215484011988388,0.12964794487890785,-2.3912509555455985,,,26.09 22:00,84276.01,84190.0,pivot
1h,2026-09-27 23:00:00,1790553599999,2026-09-28 00:00:00,84472.0,ENDED,BEAR,24.09 09:00,83263.95,61,0,,84276.01,-1.215484011988388,0.12964794487890785,-2.3912509555455985,,,26.09 22:00,84276.01,84190.0,pivot
1h,2026-09-28 00:00:00,1790557199999,2026-09-28 01:00:00,84140.0,ENDED,BEAR,24.09 09:00,83263.95,61,0,,84276.01,-1.215484011988388,0.12964794487890785,-2.3912509555455985,,,26.09 22:00,84276.01,84190.0,pivot
1h,2026-09-28 01:00:00,1790560799999,2026-09-28 02:00:00,83694.43,ACTIVE,BEAR,28.09 01:00,83694.43,0,0,,83694.43,-0.0,-0.0,-0.0,83856.23,0.19294928951612,,,,
1h,2026-09-28 02:00:00,1790564399999,2026-09-28 03:00:00,83418.24,ACTIVE,BEAR,28.09 01:00,83694.43,1,0,,83418.24,0.32999806558212663,0.3648510420585782,-0.10471425637286202,83856.23,0.522310626175293,,,,
1h,2026-09-28 03:00:00,1790567999999,2026-09-28 04:00:00,83338.6,ACTIVE,BEAR,28.09 01:00,83694.43,2,0,,83338.6,0.42515374081643076,0.5788079326186857,-0.10471425637286202,83856.23,0.6172826992102864,,,,
1h,2026-09-28 04:00:00,1790571599999,2026-09-28 05:00:00,83490.21,ACTIVE,BEAR,28.09 01:00,83694.43,3,0,,83490.21,0.24400668001440806,0.5788079326186857,-0.10471425637286202,83856.23,0.43648516037507745,,,,
1h,2026-09-28 05:00:00,1790575199999,2026-09-28 06:00:00,83184.01,ACTIVE,BEAR,28.09 01:00,83694.43,4,0,,83184.01,0.6098613730925684,1.1821694705370311,-0.10471425637286202,83856.23,0.8016339394222749,,,,
1h,2026-09-28 06:00:00,1790578799999,2026-09-28 07:00:00,83164.78,ACTIVE,BEAR,28.09 01:00,83694.43,5,0,,83164.78,0.632837812504361,1.1821694705370311,-0.10471425637286202,83856.23,0.8245660459574644,,,,
1h,2026-09-28 07:00:00,1790582399999,2026-09-28 08:00:00,82966.01,ACTIVE,BEAR,28.09 01:00,83694.43,6,0,,82966.01,0.8703327091181601,1.1821694705370311,-0.10471425637286202,83856.23,1.0616026978556015,,,,
1h,2026-09-28 08:00:00,1790585999999,2026-09-28 09:00:00,82962.0,ACTIVE,BEAR,28.09 01:00,83694.43,7,0,,82962.0,0.8751239479138473,1.1821694705370311,-0.10471425637286202,83856.23,1.0663846919900855,,,,
1h,2026-09-28 09:00:00,1790589599999,2026-09-28 10:00:00,82666.01,ACTIVE,BEAR,28.09 01:00,83694.43,8,0,,82666.01,1.2287795018139147,1.310577059907081,-0.10471425637286202,83856.23,1.4193578700115728,,,,
1h,2026-09-28 10:00:00,1790593199999,2026-09-28 11:00:00,82960.0,ACTIVE,BEAR,28.09 01:00,83694.43,9,0,,82960.0,0.8775135931984868,1.310577059907081,-0.10471425637286202,83856.23,1.0687697264711193,,,,
1h,2026-09-28 11:00:00,1790596799999,2026-09-28 12:00:00,83082.54,ACTIVE,BEAR,28.09 01:00,83694.43,10,0,,83082.54,0.7311000266086998,1.310577059907081,-0.10471425637286202,83856.23,0.9226386638178208,,,,
1h,2026-09-28 12:00:00,1790600399999,2026-09-28 13:00:00,83579.75,ACTIVE,BEAR,28.09 01:00,83694.43,11,0,,83579.75,0.13702226062115574,1.310577059907081,-0.10471425637286202,83856.23,0.3297071666589324,,,,
1h,2026-09-28 13:00:00,1790603999999,2026-09-28 14:00:00,83641.99,ACTIVE,BEAR,28.09 01:00,83694.43,12,0,,83641.99,0.06265649936320061,1.310577059907081,-0.15003387919603206,83856.23,0.2554848936089704,,,,
1h,2026-09-28 14:00:00,1790607599999,2026-09-28 15:00:00,83020.0,ACTIVE,BEAR,28.09 01:00,83694.43,13,0,,83020.0,0.8058242346593358,1.351858182199217,-0.15003387919603206,83856.23,0.9972186920399362,,,,
1h,2026-09-28 15:00:00,1790611199999,2026-09-28 16:00:00,83370.0,ACTIVE,BEAR,28.09 01:00,83694.43,14,0,,83370.0,0.38763630984761654,1.351858182199217,-0.15003387919603206,83820.0,0.5368647100930546,,,,
1h,2026-09-28 16:00:00,1790614799999,2026-09-28 17:00:00,83723.1,ACTIVE,BEAR,28.09 01:00,83694.43,15,0,,83723.1,-0.03425556515530559,1.351858182199217,-0.5908039519475716,83820.0,0.11560486757336008,,,,
1h,2026-09-28 17:00:00,1790618399999,2026-09-28 18:00:00,83880.33,ACTIVE,BEAR,28.09 01:00,83694.43,16,0,,83880.33,-0.22211752920715533,1.351858182199217,-0.8206878283298025,83820.0,-0.07197566213315021,,,,
1h,2026-09-28 18:00:00,1790621999999,2026-09-28 19:00:00,84041.19,ENDED,BEAR,28.09 01:00,83694.43,17,0,,84041.19,-0.4143166994506231,1.351858182199217,-0.8206878283298025,,,28.09 18:00,84041.19,83820.0,pivot
1h,2026-09-28 19:00:00,1790625599999,2026-09-28 20:00:00,83389.54,ENDED,BEAR,28.09 01:00,83694.43,17,0,,84041.19,-0.4143166994506231,1.351858182199217,-0.8206878283298025,,,28.09 18:00,84041.19,83820.0,pivot
1h,2026-09-28 20:00:00,1790629199999,2026-09-28 21:00:00,83548.0,ENDED,BEAR,28.09 01:00,83694.43,17,0,,84041.19,-0.4143166994506231,1.351858182199217,-0.8206878283298025,,,28.09 18:00,84041.19,83820.0,pivot
1h,2026-09-28 21:00:00,1790632799999,2026-09-28 22:00:00,83218.01,ENDED,BEAR,28.09 01:00,83694.43,17,0,,84041.19,-0.4143166994506231,1.351858182199217,-0.8206878283298025,,,28.09 18:00,84041.19,83820.0,pivot
1h,2026-09-28 22:00:00,1790636399999,2026-09-28 23:00:00,83544.01,ENDED,BEAR,28.09 01:00,83694.43,17,0,,84041.19,-0.4143166994506231,1.351858182199217,-0.8206878283298025,,,28.09 18:00,84041.19,83820.0,pivot
1h,2026-09-28 23:00:00,1790639999999,2026-09-29 00:00:00,83500.01,ENDED,BEAR,28.09 01:00,83694.43,17,0,,84041.19,-0.4143166994506231,1.351858182199217,-0.8206878283298025,,,28.09 18:00,84041.19,83820.0,pivot
1h,2026-09-29 00:00:00,1790643599999,2026-09-29 01:00:00,83185.69,ENDED,BEAR,28.09 01:00,83694.43,17,0,,84041.19,-0.4143166994506231,1.351858182199217,-0.8206878283298025,,,28.09 18:00,84041.19,83820.0,pivot
1h,2026-09-29 01:00:00,1790647199999,2026-09-29 02:00:00,83068.0,ENDED,BEAR,28.09 01:00,83694.43,17,0,,84041.19,-0.4143166994506231,1.351858182199217,-0.8206878283298025,,,28.09 18:00,84041.19,83820.0,pivot
1h,2026-09-29 02:00:00,1790650799999,2026-09-29 03:00:00,82967.4,ENDED,BEAR,28.09 01:00,83694.43,17,0,,84041.19,-0.4143166994506231,1.351858182199217,-0.8206878283298025,,,28.09 18:00,84041.19,83820.0,pivot
1h,2026-09-29 03:00:00,1790654399999,2026-09-29 04:00:00,83069.99,ENDED,BEAR,28.09 01:00,83694.43,17,0,,84041.19,-0.4143166994506231,1.351858182199217,-0.8206878283298025,,,28.09 18:00,84041.19,83820.0,pivot
1h,2026-09-29 04:00:00,1790657999999,2026-09-29 05:00:00,83212.98,ENDED,BEAR,28.09 01:00,83694.43,17,0,,84041.19,-0.4143166994506231,1.351858182199217,-0.8206878283298025,,,28.09 18:00,84041.19,83820.0,pivot
1h,2026-09-29 05:00:00,1790661599999,2026-09-29 06:00:00,83431.02,ENDED,BEAR,28.09 01:00,83694.43,17,0,,84041.19,-0.4143166994506231,1.351858182199217,-0.8206878283298025,,,28.09 18:00,84041.19,83820.0,pivot
1h,2026-09-29 06:00:00,1790665199999,2026-09-29 07:00:00,84007.06,ENDED,BEAR,28.09 01:00,83694.43,17,0,,84041.19,-0.4143166994506231,1.351858182199217,-0.8206878283298025,,,28.09 18:00,84041.19,83820.0,pivot
1h,2026-09-29 07:00:00,1790668799999,2026-09-29 08:00:00,83980.97,ENDED,BEAR,28.09 01:00,83694.43,17,0,,84041.19,-0.4143166994506231,1.351858182199217,-0.8206878283298025,,,28.09 18:00,84041.19,83820.0,pivot
1h,2026-09-29 08:00:00,1790672399999,2026-09-29 09:00:00,83874.01,ENDED,BEAR,28.09 01:00,83694.43,17,0,,84041.19,-0.4143166994506231,1.351858182199217,-0.8206878283298025,,,28.09 18:00,84041.19,83820.0,pivot
1h,2026-09-29 09:00:00,1790675999999,2026-09-29 10:00:00,84258.01,ENDED,BEAR,28.09 01:00,83694.43,17,0,,84041.19,-0.4143166994506231,1.351858182199217,-0.8206878283298025,,,28.09 18:00,84041.19,83820.0,pivot
1h,2026-09-29 10:00:00,1790679599999,2026-09-29 11:00:00,84030.49,ENDED,BEAR,28.09 01:00,83694.43,17,0,,84041.19,-0.4143166994506231,1.351858182199217,-0.8206878283298025,,,28.09 18:00,84041.19,83820.0,pivot
1h,2026-09-29 11:00:00,1790683199999,2026-09-29 12:00:00,84358.01,ENDED,BEAR,28.09 01:00,83694.43,17,0,,84041.19,-0.4143166994506231,1.351858182199217,-0.8206878283298025,,,28.09 18:00,84041.19,83820.0,pivot
1h,2026-09-29 12:00:00,1790686799999,2026-09-29 13:00:00,84332.85,ENDED,BEAR,28.09 01:00,83694.43,17,0,,84041.19,-0.4143166994506231,1.351858182199217,-0.8206878283298025,,,28.09 18:00,84041.19,83820.0,pivot
1h,2026-09-29 13:00:00,1790690399999,2026-09-29 14:00:00,84200.01,ENDED,BEAR,28.09 01:00,83694.43,17,0,,84041.19,-0.4143166994506231,1.351858182199217,-0.8206878283298025,,,28.09 18:00,84041.19,83820.0,pivot
1h,2026-09-29 14:00:00,1790693999999,2026-09-29 15:00:00,83752.01,ENDED,BEAR,28.09 01:00,83694.43,17,0,,84041.19,-0.4143166994506231,1.351858182199217,-0.8206878283298025,,,28.09 18:00,84041.19,83820.0,pivot
1h,2026-09-29 15:00:00,1790697599999,2026-09-29 16:00:00,83068.0,ENDED,BEAR,28.09 01:00,83694.43,17,0,,84041.19,-0.4143166994506231,1.351858182199217,-0.8206878283298025,,,28.09 18:00,84041.19,83820.0,pivot
1h,2026-09-29 16:00:00,1790701199999,2026-09-29 17:00:00,83061.27,ENDED,BEAR,28.09 01:00,83694.43,17,0,,84041.19,-0.4143166994506231,1.351858182199217,-0.8206878283298025,,,28.09 18:00,84041.19,83820.0,pivot
1h,2026-09-29 17:00:00,1790704799999,2026-09-29 18:00:00,83078.01,ENDED,BEAR,28.09 01:00,83694.43,17,0,,84041.19,-0.4143166994506231,1.351858182199217,-0.8206878283298025,,,28.09 18:00,84041.19,83820.0,pivot
1h,2026-09-29 18:00:00,1790708399999,2026-09-29 19:00:00,83640.0,ENDED,BEAR,28.09 01:00,83694.43,17,0,,84041.19,-0.4143166994506231,1.351858182199217,-0.8206878283298025,,,28.09 18:00,84041.19,83820.0,pivot
1h,2026-09-29 19:00:00,1790711999999,2026-09-29 20:00:00,83594.01,ENDED,BEAR,28.09 01:00,83694.43,17,0,,84041.19,-0.4143166994506231,1.351858182199217,-0.8206878283298025,,,28.09 18:00,84041.19,83820.0,pivot
1h,2026-09-29 20:00:00,1790715599999,2026-09-29 21:00:00,83616.39,ENDED,BEAR,28.09 01:00,83694.43,17,0,,84041.19,-0.4143166994506231,1.351858182199217,-0.8206878283298025,,,28.09 18:00,84041.19,83820.0,pivot
1h,2026-09-29 21:00:00,1790719199999,2026-09-29 22:00:00,83503.99,ENDED,BEAR,28.09 01:00,83694.43,17,0,,84041.19,-0.4143166994506231,1.351858182199217,-0.8206878283298025,,,28.09 18:00,84041.19,83820.0,pivot
1h,2026-09-29 22:00:00,1790722799999,2026-09-29 23:00:00,83612.01,ENDED,BEAR,28.09 01:00,83694.43,17,0,,84041.19,-0.4143166994506231,1.351858182199217,-0.8206878283298025,,,28.09 18:00,84041.19,83820.0,pivot
1h,2026-09-29 23:00:00,1790726399999,2026-09-30 00:00:00,83663.66,ENDED,BEAR,28.09 01:00,83694.43,17,0,,84041.19,-0.4143166994506231,1.351858182199217,-0.8206878283298025,,,28.09 18:00,84041.19,83820.0,pivot
1h,2026-09-30 00:00:00,1790729999999,2026-09-30 01:00:00,83453.36,ENDED,BEAR,28.09 01:00,83694.43,17,0,,84041.19,-0.4143166994506231,1.351858182199217,-0.8206878283298025,,,28.09 18:00,84041.19,83820.0,pivot
1h,2026-09-30 01:00:00,1790733599999,2026-09-30 02:00:00,83448.01,ENDED,BEAR,28.09 01:00,83694.43,17,0,,84041.19,-0.4143166994506231,1.351858182199217,-0.8206878283298025,,,28.09 18:00,84041.19,83820.0,pivot
1h,2026-09-30 02:00:00,1790737199999,2026-09-30 03:00:00,83384.68,ENDED,BEAR,28.09 01:00,83694.43,17,0,,84041.19,-0.4143166994506231,1.351858182199217,-0.8206878283298025,,,28.09 18:00,84041.19,83820.0,pivot
1h,2026-09-30 03:00:00,1790740799999,2026-09-30 04:00:00,83300.65,ENDED,BEAR,28.09 01:00,83694.43,17,0,,84041.19,-0.4143166994506231,1.351858182199217,-0.8206878283298025,,,28.09 18:00,84041.19,83820.0,pivot
1h,2026-09-30 04:00:00,1790744399999,2026-09-30 05:00:00,83210.01,ENDED,BEAR,28.09 01:00,83694.43,17,0,,84041.19,-0.4143166994506231,1.351858182199217,-0.8206878283298025,,,28.09 18:00,84041.19,83820.0,pivot
1h,2026-09-30 05:00:00,1790747999999,2026-09-30 06:00:00,83384.0,ENDED,BEAR,28.09 01:00,83694.43,17,0,,84041.19,-0.4143166994506231,1.351858182199217,-0.8206878283298025,,,28.09 18:00,84041.19,83820.0,pivot
1h,2026-09-30 06:00:00,1790751599999,2026-09-30 07:00:00,83043.14,ENDED,BEAR,28.09 01:00,83694.43,17,0,,84041.19,-0.4143166994506231,1.351858182199217,-0.8206878283298025,,,28.09 18:00,84041.19,83820.0,pivot
1h,2026-09-30 07:00:00,1790755199999,2026-09-30 08:00:00,83304.92,ENDED,BEAR,28.09 01:00,83694.43,17,0,,84041.19,-0.4143166994506231,1.351858182199217,-0.8206878283298025,,,28.09 18:00,84041.19,83820.0,pivot
1h,2026-09-30 08:00:00,1790758799999,2026-09-30 09:00:00,83062.41,ENDED,BEAR,28.09 01:00,83694.43,17,0,,84041.19,-0.4143166994506231,1.351858182199217,-0.8206878283298025,,,28.09 18:00,84041.19,83820.0,pivot
1h,2026-09-30 09:00:00,1790762399999,2026-09-30 10:00:00,83632.01,ENDED,BEAR,28.09 01:00,83694.43,17,0,,84041.19,-0.4143166994506231,1.351858182199217,-0.8206878283298025,,,28.09 18:00,84041.19,83820.0,pivot
1h,2026-09-30 10:00:00,1790765999999,2026-09-30 11:00:00,83918.01,ENDED,BEAR,28.09 01:00,83694.43,17,0,,84041.19,-0.4143166994506231,1.351858182199217,-0.8206878283298025,,,28.09 18:00,84041.19,83820.0,pivot
1h,2026-09-30 11:00:00,1790769599999,2026-09-30 12:00:00,83915.16,ENDED,BEAR,28.09 01:00,83694.43,17,0,,84041.19,-0.4143166994506231,1.351858182199217,-0.8206878283298025,,,28.09 18:00,84041.19,83820.0,pivot
1h,2026-09-30 12:00:00,1790773199999,2026-09-30 13:00:00,85290.32,ACTIVE,BULL,30.09 12:00,85290.32,0,0,,85290.32,0.0,0.0,0.0,84563.99,0.858911695155351,,,,
1h,2026-09-30 13:00:00,1790776799999,2026-09-30 14:00:00,84637.74,ACTIVE,BULL,30.09 12:00,85290.32,1,0,,84637.74,-0.7651278597618161,0.4216539461922464,-1.4901222084757193,84563.99,0.08721206272315207,,,,
1h,2026-09-30 14:00:00,1790780399999,2026-09-30 15:00:00,83800.01,ACTIVE,BULL,30.09 12:00,85290.32,2,0,,83800.01,-1.747337798709181,0.4216539461922464,-2.247992503721419,84563.99,-0.9034341922608102,,,,
1h,2026-09-30 15:00:00,1790783999999,2026-09-30 16:00:00,84134.43,ACTIVE,BULL,30.09 12:00,85290.32,3,0,,84134.43,-1.355241720279643,0.4216539461922464,-2.247992503721419,84563.99,-0.5079703547574033,,,,
1h,2026-09-30 16:00:00,1790787599999,2026-09-30 17:00:00,84349.44,ACTIVE,BULL,30.09 12:00,85290.32,4,0,,84349.44,-1.1031498064493217,0.4216539461922464,-2.247992503721419,83373.0,1.171170522831133,,,,
1h,2026-09-30 17:00:00,1790791199999,2026-09-30 18:00:00,84031.46,ACTIVE,BULL,30.09 12:00,85290.32,5,0,,84031.46,-1.475970543902283,0.4216539461922464,-2.247992503721419,83373.0,0.7897760665923181,,,,
1h,2026-09-30 18:00:00,1790794799999,2026-09-30 19:00:00,83950.0,ACTIVE,BULL,30.09 12:00,85290.32,6,0,,83950.0,-1.5714796239479578,0.4216539461922464,-2.247992503721419,83373.0,0.6920705744065891,,,,
1h,2026-09-30 19:00:00,1790798399999,2026-09-30 20:00:00,83603.16,ACTIVE,BULL,30.09 12:00,85290.32,7,0,,83603.16,-1.9781377300495562,0.4216539461922464,-2.247992503721419,83373.0,0.2760605951567019,,,,
1h,2026-09-30 20:00:00,1790801999999,2026-09-30 21:00:00,83673.99,ACTIVE,BULL,30.09 12:00,85290.32,8,0,,83673.99,-1.895091963542872,0.4216539461922464,-2.247992503721419,83373.0,0.3610161563096126,,,,
1h,2026-09-30 21:00:00,1790805599999,2026-09-30 22:00:00,83757.72,ACTIVE,BULL,30.09 12:00,85290.32,9,0,,83757.72,-1.796921385685979,0.4216539461922464,-2.247992503721419,83503.18,0.30482671438383235,,,,
1h,2026-09-30 22:00:00,1790809199999,2026-09-30 23:00:00,83685.85,ACTIVE,BULL,30.09 12:00,85290.32,10,0,,83685.85,-1.8811865168286368,0.4216539461922464,-2.247992503721419,83503.18,0.2187581359177182,,,,
1h,2026-09-30 23:00:00,1790812799999,2026-10-01 00:00:00,83623.6,ACTIVE,BULL,30.09 12:00,85290.32,11,0,,83623.6,-1.9541725250884268,0.4216539461922464,-2.247992503721419,83503.18,0.14421007678990794,,,,
1h,2026-10-01 00:00:00,1790816399999,2026-10-01 01:00:00,83509.03,ACTIVE,BULL,30.09 12:00,85290.32,12,0,,83509.03,-2.088501954266331,0.4216539461922464,-2.247992503721419,83503.18,0.007005721219255356,,,,
1h,2026-10-01 01:00:00,1790819999999,2026-10-01 02:00:00,83518.07,ACTIVE,BULL,30.09 12:00,85290.32,13,0,,83518.07,-2.077902861661207,0.4216539461922464,-2.247992503721419,83503.18,0.017831656231548365,,,,
1h,2026-10-01 02:00:00,1790823599999,2026-10-01 03:00:00,83490.78,ACTIVE,BULL,30.09 12:00,85290.32,14,0,,83490.78,-2.1098994586959074,0.4216539461922464,-2.247992503721419,83503.18,-0.014849733866417747,,,,
1h,2026-10-01 03:00:00,1790827199999,2026-10-01 04:00:00,83754.01,ACTIVE,BULL,30.09 12:00,85290.32,15,0,,83754.01,-1.801271234531665,0.4216539461922464,-2.247992503721419,83503.18,0.30038376981571524,,,,
1h,2026-10-01 04:00:00,1790830799999,2026-10-01 05:00:00,84110.01,ACTIVE,BULL,30.09 12:00,85290.32,16,0,,84110.01,-1.383873339905406,0.4216539461922464,-2.247992503721419,83410.39,0.8387684076288204,,,,
1h,2026-10-01 05:00:00,1790834399999,2026-10-01 06:00:00,84291.48,ACTIVE,BULL,30.09 12:00,85290.32,17,0,,84291.48,-1.17110593558567,0.4216539461922464,-2.247992503721419,83410.39,1.0563312316367313,,,,
1h,2026-10-01 06:00:00,1790837999999,2026-10-01 07:00:00,84121.45,ACTIVE,BULL,30.09 12:00,85290.32,18,0,,84121.45,-1.3704603289095507,0.4216539461922464,-2.247992503721419,83410.39,0.8524837253488515,,,,
1h,2026-10-01 07:00:00,1790841599999,2026-10-01 08:00:00,83429.93,ACTIVE,BULL,30.09 12:00,85290.32,19,0,,83429.93,-2.181244014561101,0.4216539461922464,-2.308128284663491,83410.39,0.02342633813363637,,,,
1h,2026-10-01 08:00:00,1790845199999,2026-10-01 09:00:00,83566.97,ACTIVE,BULL,30.09 12:00,85290.32,20,0,,83566.97,-2.0205692744499126,0.4216539461922464,-2.467243644999817,83410.39,0.18772241683560065,,,,
1h,2026-10-01 09:00:00,1790848799999,2026-10-01 10:00:00,83782.01,ACTIVE,BULL,30.09 12:00,85290.32,21,0,,83782.01,-1.7684421866397182,0.4216539461922464,-2.467243644999817,83410.39,0.44553202544670434,,,,
1h,2026-10-01 10:00:00,1790852399999,2026-10-01 11:00:00,83966.28,ACTIVE,BULL,30.09 12:00,85290.32,22,0,,83966.28,-1.5523918775307788,0.4216539461922464,-2.467243644999817,83186.0,0.9379943740533303,,,,
1h,2026-10-01 11:00:00,1790855999999,2026-10-01 12:00:00,83905.76,ACTIVE,BULL,30.09 12:00,85290.32,23,0,,83905.76,-1.6233495196172454,0.4216539461922464,-2.467243644999817,83186.0,0.8652417474094065,,,,
1h,2026-10-01 12:00:00,1790859599999,2026-10-01 13:00:00,83736.02,ACTIVE,BULL,30.09 12:00,85290.32,24,0,,83736.02,-1.8223638978022372,0.4216539461922464,-2.467243644999817,83186.0,0.6611929892049284,,,,
1h,2026-10-01 13:00:00,1790863199999,2026-10-01 14:00:00,83939.67,ACTIVE,BULL,30.09 12:00,85290.32,25,0,,83939.67,-1.5835911976880945,0.4216539461922464,-2.467243644999817,83186.0,0.9060058182867259,,,,
1h,2026-10-01 14:00:00,1790866799999,2026-10-01 15:00:00,84050.65,ACTIVE,BULL,30.09 12:00,85290.32,26,0,,84050.65,-1.4534709214363506,0.4216539461922464,-2.467243644999817,83186.0,1.0394176904767516,,,,
1h,2026-10-01 15:00:00,1790870399999,2026-10-01 16:00:00,84162.65,ACTIVE,BULL,30.09 12:00,85290.32,27,0,,84162.65,-1.322154729868541,0.4216539461922464,-2.467243644999817,83400.0,0.9144484412469955,,,,
1h,2026-10-01 16:00:00,1790873999999,2026-10-01 17:00:00,84202.01,ACTIVE,BULL,30.09 12:00,85290.32,28,0,,84202.01,-1.2760064682604266,0.4216539461922464,-2.467243644999817,83400.0,0.961642685851305,,,,
1h,2026-10-01 17:00:00,1790877599999,2026-10-01 18:00:00,84908.01,ACTIVE,BULL,30.09 12:00,85290.32,29,0,,84908.01,-0.4482454749847542,0.4216539461922464,-2.467243644999817,83400.0,1.8081654676258996,,,,
1h,2026-10-01 18:00:00,1790881199999,2026-10-01 19:00:00,84802.02,ACTIVE,BULL,30.09 12:00,85290.32,30,0,,84802.02,-0.5725151459157418,0.4216539461922464,-2.467243644999817,83400.0,1.6810791366906441,,,,
1h,2026-10-01 19:00:00,1790884799999,2026-10-01 20:00:00,84675.36,ACTIVE,BULL,30.09 12:00,85290.32,31,0,,84675.36,-0.7210196889869902,0.4216539461922464,-2.467243644999817,83400.0,1.529208633093515,,,,
1h,2026-10-01 20:00:00,1790888399999,2026-10-01 21:00:00,84634.0,ACTIVE,BULL,30.09 12:00,85290.32,32,0,,84634.0,-0.7695128825873865,0.4216539461922464,-2.467243644999817,83400.0,1.4796163069544344,,,,
1h,2026-10-01 21:00:00,1790891999999,2026-10-01 22:00:00,84544.99,ACTIVE,BULL,30.09 12:00,85290.32,33,0,,84544.99,-0.8738740809039025,0.4216539461922464,-2.467243644999817,83400.0,1.3728896882494013,,,,
1h,2026-10-01 22:00:00,1790895599999,2026-10-01 23:00:00,84749.73,ACTIVE,BULL,30.09 12:00,85290.32,34,0,,84749.73,-0.6338233928539716,0.4216539461922464,-2.467243644999817,83400.0,1.618381294964033,,,,
1h,2026-10-01 23:00:00,1790899199999,2026-10-02 00:00:00,84880.05,ACTIVE,BULL,30.09 12:00,85290.32,35,0,,84880.05,-0.48102762423685164,0.4216539461922464,-2.467243644999817,84493.35,0.457669153844642,,,,
1h,2026-10-02 00:00:00,1790902799999,2026-10-02 01:00:00,84784.89,ACTIVE,BULL,30.09 12:00,85290.32,36,0,,84784.89,-0.5925994884296459,0.4216539461922464,-2.467243644999817,84493.35,0.345044905900882,,,,
1h,2026-10-02 01:00:00,1790906399999,2026-10-02 02:00:00,84910.0,ACTIVE,BULL,30.09 12:00,85290.32,37,0,,84910.0,-0.4459122676524263,0.4216539461922464,-2.467243644999817,84493.35,0.4931157304095546,,,,
1h,2026-10-02 02:00:00,1790909999999,2026-10-02 03:00:00,85188.0,ACTIVE,BULL,30.09 12:00,85290.32,38,0,,85188.0,-0.11996672072517311,0.4216539461922464,-2.467243644999817,84493.35,0.822135706537841,,,,
1h,2026-10-02 03:00:00,1790913599999,2026-10-02 04:00:00,85512.9,ACTIVE,BULL,30.09 12:00,85290.32,39,1,02.10 03:00,85512.9,0.2609674814210816,0.4216539461922464,-2.467243644999817,84520.0,1.1747515380974738,,,,
1h,2026-10-02 04:00:00,1790917199999,2026-10-02 05:00:00,86652.12,ACTIVE,BULL,30.09 12:00,85290.32,40,1,02.10 03:00,86652.12,1.5966641935450498,1.9022440061193358,-2.467243644999817,84520.0,2.522621864647423,,,,
1h,2026-10-02 05:00:00,1790920799999,2026-10-02 06:00:00,86002.01,ACTIVE,BULL,30.09 12:00,85290.32,41,1,02.10 03:00,86002.01,0.8344323247936991,1.9022440061193358,-2.467243644999817,84520.0,1.7534429720776012,,,,
1h,2026-10-02 06:00:00,1790924399999,2026-10-02 07:00:00,85992.95,ACTIVE,BULL,30.09 12:00,85290.32,42,1,02.10 03:00,85992.95,0.8238097828686675,1.9022440061193358,-2.467243644999817,84520.0,1.7427236157122605,,,,
1h,2026-10-02 07:00:00,1790927999999,2026-10-02 08:00:00,86089.65,ACTIVE,BULL,30.09 12:00,85290.32,43,1,02.10 03:00,86089.65,0.9371872446955143,1.9022440061193358,-2.467243644999817,84520.0,1.8571344060577255,,,,
1h,2026-10-02 08:00:00,1790931599999,2026-10-02 09:00:00,86236.0,ACTIVE,BULL,30.09 12:00,85290.32,44,1,02.10 03:00,86236.0,1.108777643230785,1.9022440061193358,-2.467243644999817,84520.0,2.030288689067672,,,,
1h,2026-10-02 09:00:00,1790935199999,2026-10-02 10:00:00,86364.02,ACTIVE,BULL,30.09 12:00,85290.32,45,1,02.10 03:00,86364.02,1.2588767400567802,1.9022440061193358,-2.467243644999817,85767.45,0.695566907958689,,,,
1h,2026-10-02 10:00:00,1790938799999,2026-10-02 11:00:00,86297.6,ACTIVE,BULL,30.09 12:00,85290.32,46,1,02.10 03:00,86297.6,1.1810015485930858,1.9022440061193358,-2.467243644999817,85767.45,0.6181249413384826,,,,
1h,2026-10-02 11:00:00,1790942399999,2026-10-02 12:00:00,86424.85,ACTIVE,BULL,30.09 12:00,85290.32,47,1,02.10 03:00,86424.85,1.3301978466020437,1.9022440061193358,-2.467243644999817,85767.45,0.7664912504685706,,,,
1h,2026-10-02 12:00:00,1790945999999,2026-10-02 13:00:00,86810.0,ACTIVE,BULL,30.09 12:00,85290.32,48,1,02.10 03:00,86810.0,1.7817731250158175,2.2624841834337106,-2.467243644999817,85767.45,1.2155543857255813,,,,
1h,2026-10-02 13:00:00,1790949599999,2026-10-02 14:00:00,86565.05,ACTIVE,BULL,30.09 12:00,85290.32,49,1,02.10 03:00,86565.05,1.494577579261036,2.2624841834337106,-2.467243644999817,85767.45,0.9299565277969712,,,,
1h,2026-10-02 14:00:00,1790953199999,2026-10-02 15:00:00,85686.93,ACTIVE,BULL,30.09 12:00,85290.32,50,1,02.10 03:00,85686.93,0.46501173872952606,2.2624841834337106,-2.467243644999817,85767.45,-0.09388176983227137,,,,
1h,2026-10-02 15:00:00,1790956799999,2026-10-02 16:00:00,85326.0,ENDED,BULL,30.09 12:00,85290.32,51,1,02.10 03:00,85326.0,0.04183358674230142,2.2624841834337106,-2.467243644999817,,,02.10 15:00,85326.0,85767.45,pivot
1h,2026-10-02 16:00:00,1790960399999,2026-10-02 17:00:00,85160.01,ENDED,BULL,30.09 12:00,85290.32,51,1,02.10 03:00,85326.0,0.04183358674230142,2.2624841834337106,-2.467243644999817,,,02.10 15:00,85326.0,85767.45,pivot
1h,2026-10-02 17:00:00,1790963999999,2026-10-02 18:00:00,84774.75,ENDED,BULL,30.09 12:00,85290.32,51,1,02.10 03:00,85326.0,0.04183358674230142,2.2624841834337106,-2.467243644999817,,,02.10 15:00,85326.0,85767.45,pivot
1h,2026-10-02 18:00:00,1790967599999,2026-10-02 19:00:00,84262.01,ENDED,BULL,30.09 12:00,85290.32,51,1,02.10 03:00,85326.0,0.04183358674230142,2.2624841834337106,-2.467243644999817,,,02.10 15:00,85326.0,85767.45,pivot
1h,2026-10-02 19:00:00,1790971199999,2026-10-02 20:00:00,84315.28,ENDED,BULL,30.09 12:00,85290.32,51,1,02.10 03:00,85326.0,0.04183358674230142,2.2624841834337106,-2.467243644999817,,,02.10 15:00,85326.0,85767.45,pivot
1h,2026-10-02 20:00:00,1790974799999,2026-10-02 21:00:00,84459.04,ENDED,BULL,30.09 12:00,85290.32,51,1,02.10 03:00,85326.0,0.04183358674230142,2.2624841834337106,-2.467243644999817,,,02.10 15:00,85326.0,85767.45,pivot
1h,2026-10-02 21:00:00,1790978399999,2026-10-02 22:00:00,84531.69,ENDED,BULL,30.09 12:00,85290.32,51,1,02.10 03:00,85326.0,0.04183358674230142,2.2624841834337106,-2.467243644999817,,,02.10 15:00,85326.0,85767.45,pivot
1h,2026-10-02 22:00:00,1790981999999,2026-10-02 23:00:00,84560.0,ENDED,BULL,30.09 12:00,85290.32,51,1,02.10 03:00,85326.0,0.04183358674230142,2.2624841834337106,-2.467243644999817,,,02.10 15:00,85326.0,85767.45,pivot
1h,2026-10-02 23:00:00,1790985599999,2026-10-03 00:00:00,84518.01,ENDED,BULL,30.09 12:00,85290.32,51,1,02.10 03:00,85326.0,0.04183358674230142,2.2624841834337106,-2.467243644999817,,,02.10 15:00,85326.0,85767.45,pivot
1h,2026-10-03 00:00:00,1790989199999,2026-10-03 01:00:00,84660.11,ENDED,BULL,30.09 12:00,85290.32,51,1,02.10 03:00,85326.0,0.04183358674230142,2.2624841834337106,-2.467243644999817,,,02.10 15:00,85326.0,85767.45,pivot
1h,2026-10-03 01:00:00,1790992799999,2026-10-03 02:00:00,84640.0,ENDED,BULL,30.09 12:00,85290.32,51,1,02.10 03:00,85326.0,0.04183358674230142,2.2624841834337106,-2.467243644999817,,,02.10 15:00,85326.0,85767.45,pivot
1h,2026-10-03 02:00:00,1790996399999,2026-10-03 03:00:00,84600.0,ENDED,BULL,30.09 12:00,85290.32,51,1,02.10 03:00,85326.0,0.04183358674230142,2.2624841834337106,-2.467243644999817,,,02.10 15:00,85326.0,85767.45,pivot
1h,2026-10-03 03:00:00,1790999999999,2026-10-03 04:00:00,84699.56,ENDED,BULL,30.09 12:00,85290.32,51,1,02.10 03:00,85326.0,0.04183358674230142,2.2624841834337106,-2.467243644999817,,,02.10 15:00,85326.0,85767.45,pivot
1h,2026-10-03 04:00:00,1791003599999,2026-10-03 05:00:00,84577.23,ENDED,BULL,30.09 12:00,85290.32,51,1,02.10 03:00,85326.0,0.04183358674230142,2.2624841834337106,-2.467243644999817,,,02.10 15:00,85326.0,85767.45,pivot
1h,2026-10-03 05:00:00,1791007199999,2026-10-03 06:00:00,84652.09,ENDED,BULL,30.09 12:00,85290.32,51,1,02.10 03:00,85326.0,0.04183358674230142,2.2624841834337106,-2.467243644999817,,,02.10 15:00,85326.0,85767.45,pivot
1h,2026-10-03 06:00:00,1791010799999,2026-10-03 07:00:00,84586.0,ENDED,BULL,30.09 12:00,85290.32,51,1,02.10 03:00,85326.0,0.04183358674230142,2.2624841834337106,-2.467243644999817,,,02.10 15:00,85326.0,85767.45,pivot
1h,2026-10-03 07:00:00,1791014399999,2026-10-03 08:00:00,84560.0,ENDED,BULL,30.09 12:00,85290.32,51,1,02.10 03:00,85326.0,0.04183358674230142,2.2624841834337106,-2.467243644999817,,,02.10 15:00,85326.0,85767.45,pivot
1h,2026-10-03 08:00:00,1791017999999,2026-10-03 09:00:00,84616.01,ENDED,BULL,30.09 12:00,85290.32,51,1,02.10 03:00,85326.0,0.04183358674230142,2.2624841834337106,-2.467243644999817,,,02.10 15:00,85326.0,85767.45,pivot
1h,2026-10-03 09:00:00,1791021599999,2026-10-03 10:00:00,84600.01,ENDED,BULL,30.09 12:00,85290.32,51,1,02.10 03:00,85326.0,0.04183358674230142,2.2624841834337106,-2.467243644999817,,,02.10 15:00,85326.0,85767.45,pivot
1h,2026-10-03 10:00:00,1791025199999,2026-10-03 11:00:00,84636.13,ENDED,BULL,30.09 12:00,85290.32,51,1,02.10 03:00,85326.0,0.04183358674230142,2.2624841834337106,-2.467243644999817,,,02.10 15:00,85326.0,85767.45,pivot
1h,2026-10-03 11:00:00,1791028799999,2026-10-03 12:00:00,84672.01,ENDED,BULL,30.09 12:00,85290.32,51,1,02.10 03:00,85326.0,0.04183358674230142,2.2624841834337106,-2.467243644999817,,,02.10 15:00,85326.0,85767.45,pivot
1h,2026-10-03 12:00:00,1791032399999,2026-10-03 13:00:00,84888.02,ENDED,BULL,30.09 12:00,85290.32,51,1,02.10 03:00,85326.0,0.04183358674230142,2.2624841834337106,-2.467243644999817,,,02.10 15:00,85326.0,85767.45,pivot
1h,2026-10-03 13:00:00,1791035999999,2026-10-03 14:00:00,84870.04,ENDED,BULL,30.09 12:00,85290.32,51,1,02.10 03:00,85326.0,0.04183358674230142,2.2624841834337106,-2.467243644999817,,,02.10 15:00,85326.0,85767.45,pivot
1h,2026-10-03 14:00:00,1791039599999,2026-10-03 15:00:00,84856.01,ENDED,BULL,30.09 12:00,85290.32,51,1,02.10 03:00,85326.0,0.04183358674230142,2.2624841834337106,-2.467243644999817,,,02.10 15:00,85326.0,85767.45,pivot
1h,2026-10-03 15:00:00,1791043199999,2026-10-03 16:00:00,84867.28,ENDED,BULL,30.09 12:00,85290.32,51,1,02.10 03:00,85326.0,0.04183358674230142,2.2624841834337106,-2.467243644999817,,,02.10 15:00,85326.0,85767.45,pivot
1h,2026-10-03 16:00:00,1791046799999,2026-10-03 17:00:00,84868.03,ENDED,BULL,30.09 12:00,85290.32,51,1,02.10 03:00,85326.0,0.04183358674230142,2.2624841834337106,-2.467243644999817,,,02.10 15:00,85326.0,85767.45,pivot
1h,2026-10-03 17:00:00,1791050399999,2026-10-03 18:00:00,85012.0,ENDED,BULL,30.09 12:00,85290.32,51,1,02.10 03:00,85326.0,0.04183358674230142,2.2624841834337106,-2.467243644999817,,,02.10 15:00,85326.0,85767.45,pivot
1h,2026-10-03 18:00:00,1791053999999,2026-10-03 19:00:00,84949.99,ENDED,BULL,30.09 12:00,85290.32,51,1,02.10 03:00,85326.0,0.04183358674230142,2.2624841834337106,-2.467243644999817,,,02.10 15:00,85326.0,85767.45,pivot
1h,2026-10-03 19:00:00,1791057599999,2026-10-03 20:00:00,84842.5,ENDED,BULL,30.09 12:00,85290.32,51,1,02.10 03:00,85326.0,0.04183358674230142,2.2624841834337106,-2.467243644999817,,,02.10 15:00,85326.0,85767.45,pivot
1h,2026-10-03 20:00:00,1791061199999,2026-10-03 21:00:00,84749.75,ENDED,BULL,30.09 12:00,85290.32,51,1,02.10 03:00,85326.0,0.04183358674230142,2.2624841834337106,-2.467243644999817,,,02.10 15:00,85326.0,85767.45,pivot
1h,2026-10-03 21:00:00,1791064799999,2026-10-03 22:00:00,84715.15,ENDED,BULL,30.09 12:00,85290.32,51,1,02.10 03:00,85326.0,0.04183358674230142,2.2624841834337106,-2.467243644999817,,,02.10 15:00,85326.0,85767.45,pivot
1h,2026-10-03 22:00:00,1791068399999,2026-10-03 23:00:00,84776.01,ENDED,BULL,30.09 12:00,85290.32,51,1,02.10 03:00,85326.0,0.04183358674230142,2.2624841834337106,-2.467243644999817,,,02.10 15:00,85326.0,85767.45,pivot
1h,2026-10-03 23:00:00,1791071999999,2026-10-04 00:00:00,84753.56,ENDED,BULL,30.09 12:00,85290.32,51,1,02.10 03:00,85326.0,0.04183358674230142,2.2624841834337106,-2.467243644999817,,,02.10 15:00,85326.0,85767.45,pivot
1h,2026-10-04 00:00:00,1791075599999,2026-10-04 01:00:00,84790.0,ENDED,BULL,30.09 12:00,85290.32,51,1,02.10 03:00,85326.0,0.04183358674230142,2.2624841834337106,-2.467243644999817,,,02.10 15:00,85326.0,85767.45,pivot
1h,2026-10-04 01:00:00,1791079199999,2026-10-04 02:00:00,84802.59,ENDED,BULL,30.09 12:00,85290.32,51,1,02.10 03:00,85326.0,0.04183358674230142,2.2624841834337106,-2.467243644999817,,,02.10 15:00,85326.0,85767.45,pivot
1h,2026-10-04 02:00:00,1791082799999,2026-10-04 03:00:00,84802.17,ENDED,BULL,30.09 12:00,85290.32,51,1,02.10 03:00,85326.0,0.04183358674230142,2.2624841834337106,-2.467243644999817,,,02.10 15:00,85326.0,85767.45,pivot
1h,2026-10-04 03:00:00,1791086399999,2026-10-04 04:00:00,84840.87,ENDED,BULL,30.09 12:00,85290.32,51,1,02.10 03:00,85326.0,0.04183358674230142,2.2624841834337106,-2.467243644999817,,,02.10 15:00,85326.0,85767.45,pivot
1h,2026-10-04 04:00:00,1791089999999,2026-10-04 05:00:00,84811.94,ENDED,BULL,30.09 12:00,85290.32,51,1,02.10 03:00,85326.0,0.04183358674230142,2.2624841834337106,-2.467243644999817,,,02.10 15:00,85326.0,85767.45,pivot
1h,2026-10-04 05:00:00,1791093599999,2026-10-04 06:00:00,84912.01,ENDED,BULL,30.09 12:00,85290.32,51,1,02.10 03:00,85326.0,0.04183358674230142,2.2624841834337106,-2.467243644999817,,,02.10 15:00,85326.0,85767.45,pivot
1h,2026-10-04 06:00:00,1791097199999,2026-10-04 07:00:00,85031.74,ENDED,BULL,30.09 12:00,85290.32,51,1,02.10 03:00,85326.0,0.04183358674230142,2.2624841834337106,-2.467243644999817,,,02.10 15:00,85326.0,85767.45,pivot
1h,2026-10-04 07:00:00,1791100799999,2026-10-04 08:00:00,85106.0,ENDED,BULL,30.09 12:00,85290.32,51,1,02.10 03:00,85326.0,0.04183358674230142,2.2624841834337106,-2.467243644999817,,,02.10 15:00,85326.0,85767.45,pivot
1h,2026-10-04 08:00:00,1791104399999,2026-10-04 09:00:00,85106.48,ENDED,BULL,30.09 12:00,85290.32,51,1,02.10 03:00,85326.0,0.04183358674230142,2.2624841834337106,-2.467243644999817,,,02.10 15:00,85326.0,85767.45,pivot
1h,2026-10-04 09:00:00,1791107999999,2026-10-04 10:00:00,85233.84,ENDED,BULL,30.09 12:00,85290.32,51,1,02.10 03:00,85326.0,0.04183358674230142,2.2624841834337106,-2.467243644999817,,,02.10 15:00,85326.0,85767.45,pivot
1h,2026-10-04 10:00:00,1791111599999,2026-10-04 11:00:00,85264.01,ENDED,BULL,30.09 12:00,85290.32,51,1,02.10 03:00,85326.0,0.04183358674230142,2.2624841834337106,-2.467243644999817,,,02.10 15:00,85326.0,85767.45,pivot
1h,2026-10-04 11:00:00,1791115199999,2026-10-04 12:00:00,85309.46,ENDED,BULL,30.09 12:00,85290.32,51,1,02.10 03:00,85326.0,0.04183358674230142,2.2624841834337106,-2.467243644999817,,,02.10 15:00,85326.0,85767.45,pivot
1h,2026-10-04 12:00:00,1791118799999,2026-10-04 13:00:00,85127.94,ENDED,BULL,30.09 12:00,85290.32,51,1,02.10 03:00,85326.0,0.04183358674230142,2.2624841834337106,-2.467243644999817,,,02.10 15:00,85326.0,85767.45,pivot
1h,2026-10-04 13:00:00,1791122399999,2026-10-04 14:00:00,85241.14,ENDED,BULL,30.09 12:00,85290.32,51,1,02.10 03:00,85326.0,0.04183358674230142,2.2624841834337106,-2.467243644999817,,,02.10 15:00,85326.0,85767.45,pivot
1h,2026-10-04 14:00:00,1791125999999,2026-10-04 15:00:00,85278.44,ENDED,BULL,30.09 12:00,85290.32,51,1,02.10 03:00,85326.0,0.04183358674230142,2.2624841834337106,-2.467243644999817,,,02.10 15:00,85326.0,85767.45,pivot
1h,2026-10-04 15:00:00,1791129599999,2026-10-04 16:00:00,85256.01,ENDED,BULL,30.09 12:00,85290.32,51,1,02.10 03:00,85326.0,0.04183358674230142,2.2624841834337106,-2.467243644999817,,,02.10 15:00,85326.0,85767.45,pivot
1h,2026-10-04 16:00:00,1791133199999,2026-10-04 17:00:00,85374.0,ENDED,BULL,30.09 12:00,85290.32,51,1,02.10 03:00,85326.0,0.04183358674230142,2.2624841834337106,-2.467243644999817,,,02.10 15:00,85326.0,85767.45,pivot
1h,2026-10-04 17:00:00,1791136799999,2026-10-04 18:00:00,85319.53,ENDED,BULL,30.09 12:00,85290.32,51,1,02.10 03:00,85326.0,0.04183358674230142,2.2624841834337106,-2.467243644999817,,,02.10 15:00,85326.0,85767.45,pivot
1h,2026-10-04 18:00:00,1791140399999,2026-10-04 19:00:00,85338.84,ENDED,BULL,30.09 12:00,85290.32,51,1,02.10 03:00,85326.0,0.04183358674230142,2.2624841834337106,-2.467243644999817,,,02.10 15:00,85326.0,85767.45,pivot
1h,2026-10-04 19:00:00,1791143999999,2026-10-04 20:00:00,85428.0,ENDED,BULL,30.09 12:00,85290.32,51,1,02.10 03:00,85326.0,0.04183358674230142,2.2624841834337106,-2.467243644999817,,,02.10 15:00,85326.0,85767.45,pivot
1h,2026-10-04 20:00:00,1791147599999,2026-10-04 21:00:00,85824.44,ACTIVE,BULL,04.10 20:00,85824.44,0,0,,85824.44,0.0,0.0,0.0,85428.01,0.4640515446865834,,,,
1h,2026-10-04 21:00:00,1791151199999,2026-10-04 22:00:00,85865.42,ACTIVE,BULL,04.10 20:00,85824.44,1,0,,85865.42,0.04774863663543627,0.2817146258105474,-0.05320162881342627,85428.01,0.5120217596078946,,,,
1h,2026-10-04 22:00:00,1791154799999,2026-10-04 23:00:00,86428.01,ACTIVE,BULL,04.10 20:00,85824.44,2,0,,86428.01,0.7032612155698281,1.00431765124247,-0.05320162881342627,85428.01,1.1705762547904452,,,,
1h,2026-10-04 23:00:00,1791158399999,2026-10-05 00:00:00,86530.0,ACTIVE,BULL,04.10 20:00,85824.44,3,0,,86530.0,0.8220968292947717,1.1366925318708754,-0.05320162881342627,85428.01,1.289963327016519,,,,
1h,2026-10-05 00:00:00,1791161999999,2026-10-05 01:00:00,86652.46,ACTIVE,BULL,04.10 20:00,85824.44,4,0,,86652.46,0.9647834579520786,1.1366925318708754,-0.05320162881342627,85428.01,1.433312095178163,,,,
1h,2026-10-05 01:00:00,1791165599999,2026-10-05 02:00:00,86615.31,ACTIVE,BULL,04.10 20:00,85824.44,5,0,,86615.31,0.9214974196161352,1.3686893849817139,-0.05320162881342627,85428.01,1.3898251873126988,,,,
1h,2026-10-05 02:00:00,1791169199999,2026-10-05 03:00:00,86522.0,ACTIVE,BULL,04.10 20:00,85824.44,6,0,,86522.0,0.8127754751443783,1.3686893849817139,-0.05320162881342627,85428.01,1.2805987169781874,,,,
1h,2026-10-05 03:00:00,1791172799999,2026-10-05 04:00:00,86085.03,ACTIVE,BULL,04.10 20:00,85824.44,7,0,,86085.03,0.3036314597566703,1.3686893849817139,-0.05320162881342627,85428.01,0.769092010922412,,,,
1h,2026-10-05 04:00:00,1791176399999,2026-10-05 05:00:00,85538.02,ACTIVE,BULL,04.10 20:00,85824.44,8,0,,85538.02,-0.3337277819697948,1.3686893849817139,-0.3955050566015972,85428.01,0.12877509378950158,,,,
1h,2026-10-05 05:00:00,1791179999999,2026-10-05 06:00:00,85767.57,ACTIVE,BULL,04.10 20:00,85824.44,9,0,,85767.57,-0.06626317631667211,1.3686893849817139,-0.48056241322401716,85428.01,0.3974808730766499,,,,
1h,2026-10-05 06:00:00,1791183599999,2026-10-05 07:00:00,86260.0,ACTIVE,BULL,04.10 20:00,85824.44,10,0,,86260.0,0.5075011267186902,1.3686893849817139,-0.48056241322401716,85428.01,0.973907738223101,,,,
1h,2026-10-05 07:00:00,1791187199999,2026-10-05 08:00:00,86252.76,ACTIVE,BULL,04.10 20:00,85824.44,11,0,,86252.76,0.49906530121255344,1.3686893849817139,-0.48056241322401716,85412.0,0.9843581698121939,,,,
1h,2026-10-05 08:00:00,1791190799999,2026-10-05 09:00:00,86211.0,ACTIVE,BULL,04.10 20:00,85824.44,12,0,,86211.0,0.4504078325474614,1.3686893849817139,-0.48056241322401716,85412.0,0.9354657425186153,,,,
1h,2026-10-05 09:00:00,1791194399999,2026-10-05 10:00:00,85970.99,ACTIVE,BULL,04.10 20:00,85824.44,13,0,,85970.99,0.17075555634269435,1.3686893849817139,-0.48056241322401716,85412.0,0.6544630731044832,,,,
1h,2026-10-05 10:00:00,1791197999999,2026-10-05 11:00:00,86117.14,ACTIVE,BULL,04.10 20:00,85824.44,14,0,,86117.14,0.34104504497785015,1.3686893849817139,-0.48056241322401716,85412.0,0.8255748606753155,,,,
1h,2026-10-05 11:00:00,1791201599999,2026-10-05 12:00:00,86216.0,ACTIVE,BULL,04.10 20:00,85824.44,15,0,,86216.0,0.45623367889147115,1.3686893849817139,-0.48056241322401716,85776.58,0.5122843554732581,,,,
1h,2026-10-05 12:00:00,1791205199999,2026-10-05 13:00:00,85904.01,ACTIVE,BULL,04.10 20:00,85824.44,16,0,,85904.01,0.09271251871842967,1.3686893849817139,-0.48056241322401716,85776.58,0.1485603646123268,,,,
1h,2026-10-05 13:00:00,1791208799999,2026-10-05 14:00:00,86432.01,ACTIVE,BULL,04.10 20:00,85824.44,17,0,,86432.01,0.7079218926450137,1.3686893849817139,-0.48056241322401716,85776.58,0.7641130014742981,,,,
1h,2026-10-05 14:00:00,1791212399999,2026-10-05 15:00:00,85645.26,ENDED,BULL,04.10 20:00,85824.44,18,0,,85645.26,-0.20877502958365213,1.3686893849817139,-0.48056241322401716,,,05.10 14:00,85645.26,85776.58,pivot
1h,2026-10-05 15:00:00,1791215999999,2026-10-05 16:00:00,85269.78,ENDED,BULL,04.10 20:00,85824.44,18,0,,85645.26,-0.20877502958365213,1.3686893849817139,-0.48056241322401716,,,05.10 14:00,85645.26,85776.58,pivot
1h,2026-10-05 16:00:00,1791219599999,2026-10-05 17:00:00,85300.0,ENDED,BULL,04.10 20:00,85824.44,18,0,,85645.26,-0.20877502958365213,1.3686893849817139,-0.48056241322401716,,,05.10 14:00,85645.26,85776.58,pivot
1h,2026-10-05 17:00:00,1791223199999,2026-10-05 18:00:00,85429.24,ENDED,BULL,04.10 20:00,85824.44,18,0,,85645.26,-0.20877502958365213,1.3686893849817139,-0.48056241322401716,,,05.10 14:00,85645.26,85776.58,pivot
1h,2026-10-05 18:00:00,1791226799999,2026-10-05 19:00:00,85649.14,ENDED,BULL,04.10 20:00,85824.44,18,0,,85645.26,-0.20877502958365213,1.3686893849817139,-0.48056241322401716,,,05.10 14:00,85645.26,85776.58,pivot
1h,2026-10-05 19:00:00,1791230399999,2026-10-05 20:00:00,85724.0,ENDED,BULL,04.10 20:00,85824.44,18,0,,85645.26,-0.20877502958365213,1.3686893849817139,-0.48056241322401716,,,05.10 14:00,85645.26,85776.58,pivot
1h,2026-10-05 20:00:00,1791233999999,2026-10-05 21:00:00,85783.94,ENDED,BULL,04.10 20:00,85824.44,18,0,,85645.26,-0.20877502958365213,1.3686893849817139,-0.48056241322401716,,,05.10 14:00,85645.26,85776.58,pivot
1h,2026-10-05 21:00:00,1791237599999,2026-10-05 22:00:00,85948.99,ENDED,BULL,04.10 20:00,85824.44,18,0,,85645.26,-0.20877502958365213,1.3686893849817139,-0.48056241322401716,,,05.10 14:00,85645.26,85776.58,pivot
1h,2026-10-05 22:00:00,1791241199999,2026-10-05 23:00:00,85928.01,ENDED,BULL,04.10 20:00,85824.44,18,0,,85645.26,-0.20877502958365213,1.3686893849817139,-0.48056241322401716,,,05.10 14:00,85645.26,85776.58,pivot
1h,2026-10-05 23:00:00,1791244799999,2026-10-06 00:00:00,85766.87,ENDED,BULL,04.10 20:00,85824.44,18,0,,85645.26,-0.20877502958365213,1.3686893849817139,-0.48056241322401716,,,05.10 14:00,85645.26,85776.58,pivot
1h,2026-10-06 00:00:00,1791248399999,2026-10-06 01:00:00,85902.01,ENDED,BULL,04.10 20:00,85824.44,18,0,,85645.26,-0.20877502958365213,1.3686893849817139,-0.48056241322401716,,,05.10 14:00,85645.26,85776.58,pivot
1h,2026-10-06 01:00:00,1791251999999,2026-10-06 02:00:00,85668.92,ENDED,BULL,04.10 20:00,85824.44,18,0,,85645.26,-0.20877502958365213,1.3686893849817139,-0.48056241322401716,,,05.10 14:00,85645.26,85776.58,pivot
1h,2026-10-06 02:00:00,1791255599999,2026-10-06 03:00:00,85537.93,ENDED,BULL,04.10 20:00,85824.44,18,0,,85645.26,-0.20877502958365213,1.3686893849817139,-0.48056241322401716,,,05.10 14:00,85645.26,85776.58,pivot
1h,2026-10-06 03:00:00,1791259199999,2026-10-06 04:00:00,85516.27,ENDED,BULL,04.10 20:00,85824.44,18,0,,85645.26,-0.20877502958365213,1.3686893849817139,-0.48056241322401716,,,05.10 14:00,85645.26,85776.58,pivot
1h,2026-10-06 04:00:00,1791262799999,2026-10-06 05:00:00,85624.01,ENDED,BULL,04.10 20:00,85824.44,18,0,,85645.26,-0.20877502958365213,1.3686893849817139,-0.48056241322401716,,,05.10 14:00,85645.26,85776.58,pivot
1h,2026-10-06 05:00:00,1791266399999,2026-10-06 06:00:00,85518.35,ENDED,BULL,04.10 20:00,85824.44,18,0,,85645.26,-0.20877502958365213,1.3686893849817139,-0.48056241322401716,,,05.10 14:00,85645.26,85776.58,pivot
1h,2026-10-06 06:00:00,1791269999999,2026-10-06 07:00:00,85310.0,ENDED,BULL,04.10 20:00,85824.44,18,0,,85645.26,-0.20877502958365213,1.3686893849817139,-0.48056241322401716,,,05.10 14:00,85645.26,85776.58,pivot
1h,2026-10-06 07:00:00,1791273599999,2026-10-06 08:00:00,85555.0,ENDED,BULL,04.10 20:00,85824.44,18,0,,85645.26,-0.20877502958365213,1.3686893849817139,-0.48056241322401716,,,05.10 14:00,85645.26,85776.58,pivot
1h,2026-10-06 08:00:00,1791277199999,2026-10-06 09:00:00,86026.89,ENDED,BULL,04.10 20:00,85824.44,18,0,,85645.26,-0.20877502958365213,1.3686893849817139,-0.48056241322401716,,,05.10 14:00,85645.26,85776.58,pivot
1h,2026-10-06 09:00:00,1791280799999,2026-10-06 10:00:00,85992.01,ENDED,BULL,04.10 20:00,85824.44,18,0,,85645.26,-0.20877502958365213,1.3686893849817139,-0.48056241322401716,,,05.10 14:00,85645.26,85776.58,pivot
1h,2026-10-06 10:00:00,1791284399999,2026-10-06 11:00:00,86157.15,ENDED,BULL,04.10 20:00,85824.44,18,0,,85645.26,-0.20877502958365213,1.3686893849817139,-0.48056241322401716,,,05.10 14:00,85645.26,85776.58,pivot
1h,2026-10-06 11:00:00,1791287999999,2026-10-06 12:00:00,86242.01,ENDED,BULL,04.10 20:00,85824.44,18,0,,85645.26,-0.20877502958365213,1.3686893849817139,-0.48056241322401716,,,05.10 14:00,85645.26,85776.58,pivot
1h,2026-10-06 12:00:00,1791291599999,2026-10-06 13:00:00,86214.01,ENDED,BULL,04.10 20:00,85824.44,18,0,,85645.26,-0.20877502958365213,1.3686893849817139,-0.48056241322401716,,,05.10 14:00,85645.26,85776.58,pivot
1h,2026-10-06 13:00:00,1791295199999,2026-10-06 14:00:00,86324.01,ENDED,BULL,04.10 20:00,85824.44,18,0,,85645.26,-0.20877502958365213,1.3686893849817139,-0.48056241322401716,,,05.10 14:00,85645.26,85776.58,pivot
1h,2026-10-06 14:00:00,1791298799999,2026-10-06 15:00:00,86595.61,ENDED,BULL,04.10 20:00,85824.44,18,0,,85645.26,-0.20877502958365213,1.3686893849817139,-0.48056241322401716,,,05.10 14:00,85645.26,85776.58,pivot
1h,2026-10-06 15:00:00,1791302399999,2026-10-06 16:00:00,85720.65,ENDED,BULL,04.10 20:00,85824.44,18,0,,85645.26,-0.20877502958365213,1.3686893849817139,-0.48056241322401716,,,05.10 14:00,85645.26,85776.58,pivot
1h,2026-10-06 16:00:00,1791305999999,2026-10-06 17:00:00,85587.22,ENDED,BULL,04.10 20:00,85824.44,18,0,,85645.26,-0.20877502958365213,1.3686893849817139,-0.48056241322401716,,,05.10 14:00,85645.26,85776.58,pivot
1h,2026-10-06 17:00:00,1791309599999,2026-10-06 18:00:00,85719.42,ENDED,BULL,04.10 20:00,85824.44,18,0,,85645.26,-0.20877502958365213,1.3686893849817139,-0.48056241322401716,,,05.10 14:00,85645.26,85776.58,pivot
1h,2026-10-06 18:00:00,1791313199999,2026-10-06 19:00:00,85507.07,ENDED,BULL,04.10 20:00,85824.44,18,0,,85645.26,-0.20877502958365213,1.3686893849817139,-0.48056241322401716,,,05.10 14:00,85645.26,85776.58,pivot
1h,2026-10-06 19:00:00,1791316799999,2026-10-06 20:00:00,85614.0,ENDED,BULL,04.10 20:00,85824.44,18,0,,85645.26,-0.20877502958365213,1.3686893849817139,-0.48056241322401716,,,05.10 14:00,85645.26,85776.58,pivot
1h,2026-10-06 20:00:00,1791320399999,2026-10-06 21:00:00,85611.41,ENDED,BULL,04.10 20:00,85824.44,18,0,,85645.26,-0.20877502958365213,1.3686893849817139,-0.48056241322401716,,,05.10 14:00,85645.26,85776.58,pivot
1h,2026-10-06 21:00:00,1791323999999,2026-10-06 22:00:00,85610.0,ENDED,BULL,04.10 20:00,85824.44,18,0,,85645.26,-0.20877502958365213,1.3686893849817139,-0.48056241322401716,,,05.10 14:00,85645.26,85776.58,pivot
1h,2026-10-06 22:00:00,1791327599999,2026-10-06 23:00:00,85534.53,ENDED,BULL,04.10 20:00,85824.44,18,0,,85645.26,-0.20877502958365213,1.3686893849817139,-0.48056241322401716,,,05.10 14:00,85645.26,85776.58,pivot
1h,2026-10-06 23:00:00,1791331199999,2026-10-07 00:00:00,85549.93,ENDED,BULL,04.10 20:00,85824.44,18,0,,85645.26,-0.20877502958365213,1.3686893849817139,-0.48056241322401716,,,05.10 14:00,85645.26,85776.58,pivot
1h,2026-10-07 00:00:00,1791334799999,2026-10-07 01:00:00,85540.01,ENDED,BULL,04.10 20:00,85824.44,18,0,,85645.26,-0.20877502958365213,1.3686893849817139,-0.48056241322401716,,,05.10 14:00,85645.26,85776.58,pivot
1h,2026-10-07 01:00:00,1791338399999,2026-10-07 02:00:00,84391.56,ACTIVE,BEAR,07.10 01:00,84391.56,0,0,,84391.56,-0.0,-0.0,-0.0,84558.0,0.19683530830909568,,,,
1h,2026-10-07 02:00:00,1791341999999,2026-10-07 03:00:00,83868.41,ACTIVE,BEAR,07.10 01:00,84391.56,1,0,,83868.41,0.6199079623602111,0.9652150049128116,-0.16791963556546108,84558.0,0.8155230729203544,,,,
1h,2026-10-07 03:00:00,1791345599999,2026-10-07 04:00:00,84150.39,ACTIVE,BEAR,07.10 01:00,84391.56,2,0,,84150.39,0.2857750229999234,0.9652150049128116,-0.16791963556546108,84558.0,0.48204782516142464,,,,
1h,2026-10-07 04:00:00,1791349199999,2026-10-07 05:00:00,84103.06,ACTIVE,BEAR,07.10 01:00,84391.56,3,0,,84103.06,0.3418588304328063,0.9652150049128116,-0.16791963556546108,84558.0,0.5380212398590323,,,,
1h,2026-10-07 05:00:00,1791352799999,2026-10-07 06:00:00,84332.85,ACTIVE,BEAR,07.10 01:00,84391.56,4,0,,84332.85,0.06956856823122637,0.9652150049128116,-0.16791963556546108,84558.0,0.26626694103455417,,,,
1h,2026-10-07 06:00:00,1791356399999,2026-10-07 07:00:00,84229.67,ACTIVE,BEAR,07.10 01:00,84391.56,5,0,,84229.67,0.191831979406476,0.9652150049128116,-0.16791963556546108,84558.0,0.388289694647459,,,,
1h,2026-10-07 07:00:00,1791359999999,2026-10-07 08:00:00,84145.17,ACTIVE,BEAR,07.10 01:00,84391.56,6,0,,84145.17,0.291960475668418,0.9652150049128116,-0.16791963556546108,84558.0,0.48822110267509045,,,,
1h,2026-10-07 08:00:00,1791363599999,2026-10-07 09:00:00,83952.42,ACTIVE,BEAR,07.10 01:00,84391.56,7,0,,83952.42,0.5203600928813223,0.9652150049128116,-0.16791963556546108,84379.31,0.5059178606698689,,,,
