rebalance_date;liq_group;n_group;n_long;n_short;liq_min;liq_max;liq_median;long_mean;short_mean;spread_mean;spread_median;beyond_panel
2020-09-28;1;11;2;2;2558777.283919;10501919.571600001;6146806.084445;-15.9492;3.0476;-18.9968;-18.9968;0
2020-09-28;2;10;2;2;12162171.33818;16050529.59561;14757801.793150749;-10.0464;-11.9275;1.8811;1.8811;0
2020-09-28;3;10;2;2;16661451.4203;32183284.104365;21123314.92485625;10.4842;-16.291;26.7752;26.7752;0
2020-09-28;4;10;2;2;32294531.767849997;45948468.329705;39772239.232842505;-11.9989;-23.5654;11.5664;11.5664;0
2020-09-28;5;10;2;2;54635678.04534499;1940260217.52742;101590964.7481075;-25.1709;-19.3762;-5.7947;-5.7947;0
2020-10-05;1;11;2;2;1837696.33415;7520266.27355;4836517.266555;-5.2004;4.6472;-9.8476;-9.8476;0
2020-10-05;2;11;2;2;7722560.1621;14878917.686335001;11802245.399025;4.5633;6.5533;-1.9899;-1.9899;0
2020-10-05;3;10;2;2;14887176.733035;21732786.693800002;16252320.096760001;14.6139;-0.3195;14.9334;14.9334;0
2020-10-05;4;11;2;2;25594485.419265002;41515563.34862;30585772.553884998;-1.3951;-10.8307;9.4356;9.4356;0
2020-10-05;5;11;2;2;42014283.505655006;1910818423.30715;96407023.738905;-0.5668;-4.9985;4.4317;4.4317;0
2020-10-12;1;12;2;2;1970427.8542;6480475.772454999;4223802.6803225;-23.9029;-8.9175;-14.9855;-14.9855;0
2020-10-12;2;11;2;2;7130141.53115;13161603.0853;9543390.743069999;-5.6983;-3.7913;-1.907;-1.907;0
2020-10-12;3;11;2;2;13310894.327100001;19861282.177175;14882144.8959;-5.9557;-8.9964;3.0407;3.0407;0
2020-10-12;4;11;2;2;23315709.946005;38275970.121875;30590107.4964;-2.7152;-9.1398;6.4246;6.4246;0
2020-10-12;5;12;2;2;39697169.574585;1758993035.636765;91823026.8795275;2.6335;-7.3897;10.0232;10.0232;0
2020-10-19;1;13;2;2;1254803.8714649999;4984888.78952;3382606.12475;-4.214;-6.5798;2.3658;2.3658;0
2020-10-19;2;12;2;2;5431838.05085;11180391.423500001;7470167.54535;-6.6245;-8.5389;1.9145;1.9145;0
2020-10-19;3;12;2;2;11564255.845150001;20845435.854685;14272017.7321275;11.398;-3.0993;14.4973;14.4973;0
2020-10-19;4;12;2;2;20930893.42284;34191000.88346;24150792.990965;2.9793;-22.5535;25.5327;25.5327;0
2020-10-19;5;13;2;2;36021184.38683;1851306533.0086398;82349975.2774;3.5903;-1.6503;5.2405;5.2405;0
2020-10-26;1;13;2;2;1121565.69828;4770086.130550001;3375639.63863;-9.942;-9.9814;0.0394;0.0394;0
2020-10-26;2;12;2;2;4907864.6547;9104956.519235;7226661.2271;-4.2765;-12.8324;8.5558;8.5558;0
2020-10-26;3;12;2;2;11014865.437380001;17575433.22645;13517401.1154;-13.8629;4.4235;-18.2864;-18.2864;0
2020-10-26;4;12;2;2;17593727.006645;39123663.3222;23788150.892130002;-5.08;-12.0184;6.9384;6.9384;0
2020-10-26;5;12;2;2;42389990.470615;2217865615.579795;79952937.643885;0.0365;-19.6377;19.6742;19.6742;0
2020-11-02;1;13;2;2;1084932.210965;3943266.1595685;3319535.73601;3.5095;20.1033;-16.5938;-16.5938;0
2020-11-02;2;12;2;2;4245625.1522;7560757.35855;5674565.27938;7.5573;2.6115;4.9459;4.9459;0
2020-11-02;3;13;2;2;7846033.337850001;16617001.5766;12155933.0408405;1.3371;39.0889;-37.7519;-37.7519;0
2020-11-02;4;12;2;2;16765630.480055;28790077.50514;18438215.53319;13.3228;15.8021;-2.4793;-2.4793;0
2020-11-02;5;13;2;2;35391721.203150004;2430642573.67182;69217742.3675;6.8306;32.1908;-25.3602;-25.3602;0
2020-11-09;1;14;2;2;1193842.371845;4304699.063449999;3257305.503025;-5.215;3.1688;-8.3838;-8.3838;0
2020-11-09;2;14;2;2;4349526.289091;8539928.17379;5673519.2148275;22.8299;17.4633;5.3666;5.3666;0
2020-11-09;3;13;2;2;10288220.389215;15257352.01963;12362742.586469501;-1.77;-1.2606;-0.5095;-0.5095;0
2020-11-09;4;14;2;2;16617001.5766;28790077.50514;19361722.839614503;8.5255;-1.3992;9.9247;9.9247;0
2020-11-09;5;14;2;2;37154392.5353;3915955101.021805;87378119.990475;11.5703;-6.2377;17.808;17.808;0
2020-11-16;1;14;2;2;1193842.371845;4083917.722275;3055130.1420285003;11.0284;6.5654;4.4629;4.4629;0
2020-11-16;2;14;2;2;4206308.2874954995;8275945.58705;5899778.0292125;38.6924;15.0269;23.6655;23.6655;0
2020-11-16;3;14;2;2;9019869.98408;14753761.8847;12381449.92448225;11.0785;6.6616;4.4169;4.4169;0
2020-11-16;4;14;2;2;16242006.27333;35212088.810499996;21782748.417275;12.7341;10.1447;2.5894;2.5894;0
2020-11-16;5;14;2;2;35848321.460549995;4566393232.7478695;82879683.012555;17.4073;12.3108;5.0965;5.0965;0
2020-11-23;1;15;3;3;1576209.07264;4917474.232445;3736198.1336000003;-14.5763;2.6597;-17.236;-13.5589;0
2020-11-23;2;14;2;2;5139655.493100001;12439108.098765;7452987.079175;-18.6608;-5.5062;-13.1546;-13.1546;0
2020-11-23;3;14;2;2;12523669.038245;17715580.72425;14378001.020395;1.3234;-8.2015;9.5248;9.5248;0
2020-11-23;4;14;2;2;18935841.514;44107964.242;24701259.899275497;6.8962;-2.7444;9.6406;9.6406;0
2020-11-23;5;14;2;2;45342650.48715;5355325054.196585;87120876.65740001;18.0677;-7.8612;25.9289;25.9289;0
2020-11-30;1;15;3;3;1889134.8204;6016002.7134;4329493.745650001;17.3894;5.974;11.4155;-6.8801;0
2020-11-30;2;14;2;2;6206335.673185;13690315.77055;8762494.5795225;9.7173;-2.1371;11.8544;11.8544;0
2020-11-30;3;14;2;2;14137404.67883;21073469.61515;17886424.2519575;-7.4327;-1.0536;-6.3791;-6.3791;0
2020-11-30;4;14;2;2;23617557.353095002;46584233.95945001;29283847.4807;-2.7241;-0.052;-2.6721;-2.6721;0
2020-11-30;5;14;2;2;56989584.7313;6563375665.679464;120118642.318675;3.5059;29.3825;-25.8765;-25.8765;0
2020-12-07;1;15;3;3;2713754.2657749997;6981356.400350001;4892322.8693;3.99;-6.238;10.228;4.0627;0
2020-12-07;2;14;2;2;7816929.143695;16241345.1598;11709928.192335;-9.1172;-7.1374;-1.9798;-1.9798;0
2020-12-07;3;14;2;2;16449615.755490001;21349173.9701;18666077.135087498;-7.7481;-2.4078;-5.3402;-5.3402;0
2020-12-07;4;14;2;2;24208526.373986;72220880.084915;32312805.53705;4.9871;-3.5326;8.5197;8.5197;0
2020-12-07;5;15;3;3;72323596.92415;6563375665.679464;125724219.4569;-1.2899;-2.6071;1.3172;-1.6754;0
2020-12-14;1;16;3;3;2904457.4813900003;6576233.95097;4719166.23092225;3.9131;3.2471;0.6661;1.9609;0
2020-12-14;2;15;3;3;7061752.86414;12315939.2923;8630168.24775;19.9959;4.9294;15.0665;8.9061;0
2020-12-14;3;15;3;3;14205398.616075;19955587.421800002;17074430.51913;10.2087;3.2721;6.9367;7.7899;0
2020-12-14;4;15;3;3;20100940.058095;55680955.87009;31306194.0175545;-4.0805;15.3729;-19.4534;-7.8655;0
2020-12-14;5;16;3;3;65764440.6409;6021278016.37002;107441866.89050001;11.9945;6.9157;5.0787;5.1226;0
2020-12-21;1;16;3;3;2697253.106175;6492628.2736;5495643.742856;1.6908;-2.9682;4.6589;1.4986;0
2020-12-21;2;15;3;3;6977481.772399999;11223542.758875001;8253303.9473;-10.507;-22.3544;11.8474;14.0064;0
2020-12-21;3;15;3;3;11330173.84;20480950.63535;15242649.9617;4.7722;-13.9895;18.7617;10.7322;0
2020-12-21;4;15;3;3;20850691.66122;41136588.638610005;27968183.31733;37.1183;-12.1214;49.2396;63.5951;0
2020-12-21;5;16;3;3;47720043.380795;6380425491.19418;128661744.39587;6.8281;-13.7642;20.5923;24.409;0
2020-12-28;1;16;3;3;2651059.84726;6064844.0271000005;4904584.0519475;53.4423;6.7474;46.6949;17.8627;0
2020-12-28;2;15;3;3;6236038.9973;9809175.697485;7529556.728615;10.043;9.593;0.4501;-0.6787;0
2020-12-28;3;16;3;3;9954650.77015;20349678.8924;13157400.385045;7.5756;13.4981;-5.9224;6.1729;0
2020-12-28;4;15;3;3;21510722.727530003;36141088.771095;26785366.057635;22.0609;18.8875;3.1734;3.6376;0
2020-12-28;5;16;3;3;40298430.21001;6021278016.37002;117824067.2438475;31.6865;-7.7277;39.4141;32.4344;0
2021-01-04;1;16;3;3;2595652.1386550004;6128988.505615;5007695.176855;33.2033;41.3518;-8.1485;-6.7052;0
2021-01-04;2;15;3;3;6247071.683845;9917092.249;7077917.3333;31.1223;38.2905;-7.1682;-8.0636;0
2021-01-04;3;16;3;3;10377138.4030875;20662153.597435;13090967.714625;29.375;42.081;-12.706;-31.9736;0
2021-01-04;4;15;3;3;20973012.04;38881479.67175;28534416.66398;15.4542;19.9061;-4.4518;-6.4649;0
2021-01-04;5;16;3;3;42820713.867019996;6978561104.35999;106266792.9628175;-2.4479;51.5883;-54.0362;-46.3399;0
2021-01-11;1;16;3;3;3067066.817745;7585237.06629;5914738.37238075;42.3663;14.0711;28.2952;-5.9391;0
2021-01-11;2;16;3;3;7910397.334960001;12176950.594525;9342307.585425;7.9493;21.2471;-13.2978;-20.0375;0
2021-01-11;3;15;3;3;12573305.66795;25652417.50565;19073888.79279;30.3691;21.4287;8.9403;-22.1168;0
2021-01-11;4;16;3;3;26304683.824249998;55976579.999479994;32647174.591344997;18.4407;1.9478;16.4929;9.6694;0
2021-01-11;5;16;3;3;63703958.550975;9316854970.25786;134674630.7700675;11.5384;25.2469;-13.7084;-1.4625;0
2021-01-18;1;16;3;3;3854774.6064400002;9726575.558515001;7673650.95645;-6.8279;7.5125;-14.3404;-11.3551;0
2021-01-18;2;16;3;3;9785295.9415;16749751.7279;13092267.730322499;5.7295;2.1534;3.5762;-2.0658;0
2021-01-18;3;16;3;3;17119074.85797;34653612.6199;30091464.688490253;-0.5465;-10.7964;10.2499;14.9604;0
2021-01-18;4;16;3;3;34658001.396985;66129615.843015;47910226.9089;32.3172;-1.0357;33.3529;34.6827;0
2021-01-18;5;16;3;3;68628827.72249;11052074973.439178;206150415.42638248;10.1975;-3.6344;13.832;8.4648;0
2021-01-25;1;16;3;3;6623984.0504;14634849.670865;10647805.4913575;35.2509;6.4371;28.8138;-0.75;0
2021-01-25;2;16;3;3;14980635.824099999;23048753.682997502;17856609.292655;40.8953;107.5069;-66.6116;34.5407;0
2021-01-25;3;16;3;3;26428093.4022;47163819.160195;35140338.086375;12.9383;-2.8692;15.8075;17.652;0
2021-01-25;4;16;3;3;47679740.02415;73514996.136145;57727976.285945;31.5066;-5.1227;36.6293;15.4782;0
2021-01-25;5;16;3;3;79546938.34425;13733422669.22733;232003931.454485;27.3999;7.2826;20.1173;15.6773;0
2021-02-01;1;16;3;3;7237848.075750001;17216659.03653;13026216.0294975;50.6831;39.9565;10.7266;11.7919;0
2021-02-01;2;16;3;3;17847464.32255;25615158.86265;19857221.722745;5.3303;25.6996;-20.3693;-24.5454;0
2021-02-01;3;16;3;3;27471757.63398;44944789.7050725;38175407.82262;80.3771;27.0568;53.3203;88.6713;0
2021-02-01;4;16;3;3;45704364.454495;94719025.39649999;61882335.6378;20.8266;15.6089;5.2178;0.8989;0
2021-02-01;5;16;3;3;97933004.64434999;13733422669.22733;259887416.14316;6.5679;14.483;-7.9151;-6.0855;0
2021-02-08;1;17;3;3;5454627.817635;18037692.573200002;13936685.263125;36.6192;67.6784;-31.0592;-35.623;0
2021-02-08;2;16;3;3;18157045.4022;29452013.46201;21943032.5156475;50.5054;27.3506;23.1548;18.2896;0
2021-02-08;3;16;3;3;30553197.149752498;47283540.7393655;35425196.9393125;11.8414;64.3855;-52.5441;-58.9955;0
2021-02-08;4;16;3;3;47625105.15669;104706371.351275;58383124.595345;34.1875;25.1295;9.0579;32.1186;0
2021-02-08;5;16;3;3;111813732.09029001;11082108448.97985;242170699.404575;42.8159;31.2801;11.5358;-12.6017;0
2021-02-15;1;17;3;3;6757941.72869;18580528.00355;15612668.193500001;2.5368;-10.2087;12.7455;10.0684;0
2021-02-15;2;17;3;3;19796070.4329;30249382.496565;24623126.068965003;8.5853;1.8768;6.7085;15.5793;0
2021-02-15;3;17;3;3;30594103.496650003;53144671.60121;36529551.967335;19.3528;21.9363;-2.5836;4.2471;0
2021-02-15;4;17;3;3;53852367.7495;127003930.791215;68694879.76859;-1.0433;-0.7499;-0.2934;-0.7488;0
2021-02-15;5;17;3;3;138401077.068595;11082108448.97985;286202201.73345;40.5126;-7.0483;47.5609;13.1867;0
2021-02-22;1;18;3;3;8681332.24187;24320497.199105002;19234408.714765;-26.5038;-26.9096;0.4057;-5.2111;0
2021-02-22;2;17;3;3;27725050.383835;40619119.305005;35371405.55865;-20.3222;-35.9494;15.6271;12.2004;0
2021-02-22;3;17;3;3;40739188.754089996;67927630.59744;46392697.971395;9.2706;-22.4086;31.6791;51.7501;0
2021-02-22;4;17;3;3;69460343.34365;164883822.13342;107161791.74282;-4.1685;-15.626;11.4575;5.5347;0
2021-02-22;5;17;3;3;166368641.448055;11486653124.446505;422211763.55498505;-22.1031;-19.0099;-3.0933;-3.8689;0
2021-03-01;1;18;3;3;8869240.683665;29960017.0652;23211686.2814225;100.8228;26.5882;74.2346;125.9015;0
2021-03-01;2;17;3;3;30547926.54715;50815461.5664;41722977.34528001;20.2953;28.2722;-7.9768;-2.2431;0
2021-03-01;3;17;3;3;51513462.61727;80719883.209225;64335099.761125;0.6063;16.851;-16.2447;-9.8803;0
2021-03-01;4;17;3;3;81170046.57210001;184562930.41125;121853551.47628501;27.0988;22.7998;4.2989;-11.4346;0
2021-03-01;5;17;3;3;191430162.77245;12355489660.53676;461887614.984118;4.4403;18.0135;-13.5731;-4.1253;0
2021-03-08;1;18;3;3;8869240.683665;30805622.947690003;23386674.436499998;201.6165;22.4095;179.2069;96.3809;0
2021-03-08;2;17;3;3;31629649.18565;50214854.87965;42104479.297350004;18.2099;29.0238;-10.8138;-40.3675;0
2021-03-08;3;17;3;3;51969138.191305;92166936.869489;64141660.672955;30.2217;25.8605;4.3612;18.8822;0
2021-03-08;4;17;3;3;93909563.2232;193979352.61005;119081446.8743;32.2289;0.4561;31.7729;15.6086;0
2021-03-08;5;17;3;3;197127480.432515;15173949862.07149;423016131.378005;4.5046;-2.9908;7.4954;12.9604;0
2021-03-15;1;19;3;3;9085852.360175;28323420.9904;21503806.187260002;-10.0074;-5.3175;-4.6899;-20.8004;0
2021-03-15;2;18;3;3;29201622.11245;45190097.33297;36544714.613325;-15.472;5.3111;-20.7831;-28.5472;0
2021-03-15;3;18;3;3;45452557.53251;74009146.4042;56778041.891234994;7.4851;12.3683;-4.8832;5.819;0
2021-03-15;4;18;3;3;79915860.9305;143169091.939165;109253329.22489999;14.2414;10.1452;4.0962;-4.8933;0
2021-03-15;5;18;3;3;170063180.17916;15776603598.62487;336935471.387515;4.9063;5.6333;-0.727;-10.2715;0
2021-03-22;1;19;3;3;10144731.94026;28014187.3263;20307530.474315003;10.9957;8.3236;2.6722;-4.4025;0
2021-03-22;2;18;3;3;28510433.518349998;42009126.89174;32761010.197745003;4.1979;-2.9571;7.1551;2.2474;0
2021-03-22;3;18;3;3;42495577.96095;73796810.5594435;51280724.585381;5.2497;13.8087;-8.5589;0.032;0
2021-03-22;4;18;3;3;74009146.4042;132802789.714915;114962989.15798749;28.697;-0.6296;29.3266;34.6699;0
2021-03-22;5;19;3;3;139354792.43615;16751262853.556759;327219416.54275;-9.3673;-9.0924;-0.2749;-9.2486;0
2021-03-29;1;19;3;3;10570118.194699999;27917591.23585;23240508.5246;6.6248;20.592;-13.9672;-9.1141;0
2021-03-29;2;18;3;3;28002771.42105;42327716.30181;35503610.677012496;14.6747;11.6034;3.0713;6.8779;0
2021-03-29;3;19;3;3;43716910.0137;70938219.8761695;54676102.13437;-6.5572;1.661;-8.2182;-10.5092;0
2021-03-29;4;18;3;3;73869794.96049;154272439.31735;95691144.00873524;7.0472;4.7147;2.3325;-1.5874;0
2021-03-29;5;19;3;3;155567144.08078748;16102509300.78807;292796562.94245;18.0335;18.2123;-0.1788;5.2898;0
2021-04-05;1;20;4;4;10257712.2806;33411722.495385;29192344.35492;3.233;12.5158;-9.2828;-2.1768;0
2021-04-05;2;19;3;3;37177202.581149995;48213927.340145;42869746.732;8.5298;-2.0102;10.54;5.2628;0
2021-04-05;3;19;3;3;49140811.221165;70654437.998135;59573163.847;12.3005;-7.2484;19.5489;16.2037;0
2021-04-05;4;19;3;3;75887212.98629999;148023056.10885;94678743.86893299;27.7834;-0.7954;28.5788;27.078;0
2021-04-05;5;20;4;4;155567144.08078748;15258326054.236881;292388067.61409247;3.532;9.0008;-5.4688;-2.7676;0
2021-04-12;1;21;4;4;11105499.0297;40010651.05351;33371811.4349;-15.9172;-0.4938;-15.4234;-15.6269;0
2021-04-12;2;20;4;4;40992457.483600006;54374543.03823;47136884.396305;-11.4039;-13.6093;2.2054;0.0609;0
2021-04-12;3;20;4;4;54760851.906945005;82654644.21239999;64515194.7354415;0.7149;-11.1683;11.8832;9.6392;0
2021-04-12;4;20;4;4;85159726.80328;157512041.32325;107730796.7197325;101.001;-6.0436;107.0446;49.501;0
2021-04-12;5;20;4;4;171688654.52902;14244340360.18178;314241204.72342;17.6566;7.6014;10.0552;-12.5779;0
2021-04-19;1;21;4;4;13320870.2078;44027407.2095;36971419.265405;-16.5287;-23.9331;7.4044;9.4405;0
2021-04-19;2;21;4;4;44404040.65245;59591392.8881;51984473.624699995;-13.5246;-20.908;7.3834;6.5715;0
2021-04-19;3;20;4;4;60512599.1338;84242366.14124501;74785609.9498225;-30.039;-9.0359;-21.0031;-12.1369;0
2021-04-19;4;21;4;4;85589793.735385;174933433.49879152;124358939.13269201;-14.8222;-8.0007;-6.8215;-1.7526;0
2021-04-19;5;21;4;4;177006578.46625;13257664211.319;364643021.79099;-28.3039;-23.5834;-4.7204;-4.2484;0
2021-04-26;1;22;4;4;15888545.306049999;45903541.4026;39480170.9655275;46.601;47.4645;-0.8635;-2.975;0
2021-04-26;2;21;4;4;47587728.64375;67509264.942175;54243574.781399995;24.1385;42.005;-17.8666;-21.1584;0
2021-04-26;3;21;4;4;68825032.93942499;102819828.807995;84394579.624005;53.3651;31.3091;22.056;15.0782;0
2021-04-26;4;21;4;4;104811623.3199615;209995230.8118;132681768.324365;21.8727;34.9814;-13.1087;-9.7393;0
2021-04-26;5;22;4;4;216441862.086;13797389716.13653;582973376.42781;18.3473;44.2309;-25.8836;-7.9547;0
2021-05-03;1;22;4;4;17698972.421800002;45347821.607429996;38719793.64155;32.3617;1.3367;31.025;-21.6195;0
2021-05-03;2;22;4;4;45618190.25225;68429223.990525;52247392.1401825;-2.058;2.4053;-4.4634;-12.7127;0
2021-05-03;3;21;4;4;69437493.4089895;100227973.225725;82651887.55340001;15.2488;15.4127;-0.1639;-7.3724;0
2021-05-03;4;22;4;4;102254315.42645;215486879.0179;124597045.96996;13.195;5.9928;7.2023;-0.1801;0
2021-05-03;5;22;4;4;224296609.76025;14192924113.77967;528830427.275905;51.839;8.0064;43.8326;26.6854;0
2021-05-10;1;22;4;4;18082127.163999997;42940899.36846;36099777.91118;-25.846;-9.5786;-16.2673;-13.4669;0
2021-05-10;2;22;4;4;43344306.2215;64525883.53355;52020116.792145;-18.8215;-14.2799;-4.5416;-7.1074;0
2021-05-10;3;21;4;4;67750539.8226;109173362.38370001;89867804.12207499;-22.2025;-11.6789;-10.5236;-11.3257;0
2021-05-10;4;22;4;4;111475500.58256951;248941345.17945;143157221.96844774;-23.2611;-10.8757;-12.3854;-4.1083;0
2021-05-10;5;22;4;4;263541642.07961;15403160012.228745;617663178.1247001;-13.2952;-17.2983;4.0031;3.4943;0
2021-05-17;1;22;4;4;18940247.9122;40422696.82525;33768650.1033225;-44.0277;-44.3055;0.2778;-2.3062;0
2021-05-17;2;22;4;4;41809578.133835;59364727.461925;48251092.476265;-52.501;-51.7483;-0.7527;-3.8508;0
2021-05-17;3;22;4;4;63534435.13125;108427348.03375;89864775.0659;-56.4193;-49.0266;-7.3927;-7.5119;0
2021-05-17;4;22;4;4;120608354.38025299;287034779.45713997;146381309.595175;-48.1299;-56.6226;8.4927;8.1186;0
2021-05-17;5;22;4;4;294679525.768955;15857589310.496834;750355940.61894;-44.4117;-49.645;5.2333;6.1499;0
2021-05-24;1;22;4;4;18429540.317199998;36786524.11497;29527442.0202;12.1548;26.8727;-14.7179;-17.1014;0
2021-05-24;2;22;4;4;37111624.93658;59343205.574200004;45771083.13278;4.9404;40.3412;-35.4008;-35.4021;0
2021-05-24;3;22;4;4;60507448.77487;109746617.04344499;79101589.50950825;18.558;24.4179;-5.8599;-10.4863;0
2021-05-24;4;22;4;4;114499264.9752245;252813496.8424;151224255.49458623;6.4028;27.1943;-20.7914;-10.3965;0
2021-05-24;5;22;4;4;279491681.75975;17094093615.72092;849073944.1486626;20.1795;31.3191;-11.1396;-24.3967;0
2021-05-31;1;23;4;4;15412979.43764;35734175.08615;29548523.35678;-7.8855;9.0112;-16.8966;-15.3084;0
2021-05-31;2;22;4;4;36067821.2827;57598608.166375;44152100.10839825;2.4539;3.6948;-1.2409;2.207;0
2021-05-31;3;22;4;4;58341315.77384;105551445.65900001;76411353.783875;-1.3197;12.9341;-14.2538;-15.6465;0
2021-05-31;4;22;4;4;106407404.20614001;260371370.99309498;157897003.90507498;-1.0949;5.5134;-6.6083;-5.1878;0
2021-05-31;5;23;4;4;261526925.42959;22321860854.254444;865516006.056025;-3.6578;8.4091;-12.0669;-6.2994;0
2021-06-07;1;23;4;4;11905640.0181;32494911.72975;25006321.783235;-14.5004;-15.1141;0.6137;2.4034;0
2021-06-07;2;22;4;4;32646532.386754498;47939714.095505;37718175.201565005;-18.3026;-13.557;-4.7455;-4.1704;0
2021-06-07;3;22;4;4;48204562.287774995;92185551.30246;62386077.64044825;-10.4998;-9.9433;-0.5565;-1.7231;0
2021-06-07;4;22;4;4;94809341.321925;204285167.76615;147870111.316;-9.4438;-22.6888;13.245;11.0698;0
2021-06-07;5;23;4;4;231487798.3035;22820984760.504246;729382382.966915;-9.4796;-8.6899;-0.7897;-2.8749;0
2021-06-14;1;23;4;4;11834377.982;26338331.527225003;22720346.30245;-1.6595;-9.4816;7.822;4.4269;0
2021-06-14;2;22;4;4;26396891.797005;39573957.55202;31947099.31832;-10.2914;-8.4189;-1.8725;-2.4739;0
2021-06-14;3;23;4;4;40112831.5119255;69187839.95592001;52327412.145109996;-12.0138;-6.0901;-5.9237;-2.1342;0
2021-06-14;4;22;4;4;70177581.08772999;169796583.21385;104561372.606445;-3.7065;-3.8488;0.1423;-0.0405;0
2021-06-14;5;23;4;4;177164211.27836;23337869293.299316;619646826.52353;-4.5434;-5.2567;0.7133;5.6111;0
2021-06-21;1;23;4;4;9361716.744789999;22571988.22315;19504594.873925;-14.8849;-13.4285;-1.4564;-2.1998;0
2021-06-21;2;22;4;4;22767611.48065;32783150.9201;25294294.6758225;-18.3226;-20.6468;2.3242;-1.1971;0
2021-06-21;3;23;4;4;33146647.11642;54091190.42246;40322271.82474;-15.2417;-21.4205;6.1788;8.2437;0
2021-06-21;4;22;4;4;57422625.48885;141561909.752655;85411350.89462;-23.2163;-25.9455;2.7293;-1.8299;0
2021-06-21;5;23;4;4;158282308.7399;23110321378.54464;499199777.58254504;-14.1654;-16.0313;1.8659;-3.7635;0
2021-06-28;1;23;4;4;8209748.690675;20444656.114375003;16865182.3045;13.7233;19.5831;-5.8598;6.4455;0
2021-06-28;2;22;4;4;20513275.7872;29541631.686499998;24053148.278175;9.1584;16.9425;-7.7841;-6.5219;0
2021-06-28;3;23;4;4;29558860.32575;45608762.077615;35990378.4162;34.1674;20.4081;13.7593;-12.9583;0
2021-06-28;4;22;4;4;53787578.61462;140699658.46651;80582381.860095;8.2313;8.7969;-0.5656;-0.6642;0
2021-06-28;5;23;4;4;145907979.78904998;25855368706.76303;460125777.7982;3.787;18.1189;-14.3318;-9.2908;0
2021-07-05;1;23;4;4;7389836.5679049995;19036562.978600003;16290704.128725;-8.2521;3.2655;-11.5176;-8.594;0
2021-07-05;2;23;4;4;19734129.718775;26380475.23595;22564040.232012;19.2805;-0.2109;19.4913;14.7237;0
2021-07-05;3;22;4;4;26666742.313500002;43456479.280420005;32536338.9647125;36.6735;3.6964;32.9771;19.0426;0
2021-07-05;4;23;4;4;43664062.399900004;124495989.1689;64229117.207795;11.3125;-1.5437;12.8562;6.5689;0
2021-07-05;5;23;4;4;124552427.955715;25826155707.73215;417947431.5997;-2.187;-3.8166;1.6296;0.9166;0
2021-07-12;1;24;4;4;6732828.861775;19248018.602451;13906474.0041375;5.4725;-1.4281;6.9007;-0.4147;0
2021-07-12;2;23;4;4;19349826.809589997;24849604.2656855;21572391.114600003;-20.5863;-6.5577;-14.0287;-12.0107;0
2021-07-12;3;23;4;4;25441096.98182;43744579.52385;30857131.5086;-15.4324;-15.4905;0.0581;0.6165;0
2021-07-12;4;23;4;4;45447166.027435005;113116824.752745;64194346.730900005;-14.8663;-10.2121;-4.6542;-6.7975;0
2021-07-12;5;23;4;4;117631595.95480001;25085128053.95068;394428658.1861;-16.6002;-16.4381;-0.1621;3.2465;0
2021-07-19;1;24;4;4;5991589.46215;17949400.3002;13654525.800159998;5.796;12.8234;-7.0275;-4.1944;0
2021-07-19;2;23;4;4;18250961.0627735;25497539.45915;21804690.293899998;14.7429;10.5243;4.2186;-4.997;0
2021-07-19;3;23;4;4;25751045.308080003;43438915.033;30227528.33705;6.9716;6.4072;0.5644;0.9244;0
2021-07-19;4;23;4;4;43744579.52385;115804334.42345;69430156.83500001;23.377;10.4405;12.9366;5.4004;0
2021-07-19;5;23;4;4;121313020.737;22062399412.482613;332641669.749725;37.8528;13.5739;24.279;-7.7938;0
2021-07-26;1;24;4;4;5237517.13;17284529.618550003;13211260.386785;10.7194;18.5591;-7.8397;4.9364;0
2021-07-26;2;23;4;4;17536996.788935;26209314.5255225;21027110.78;6.3102;12.9694;-6.6591;-4.8786;0
2021-07-26;3;23;4;4;26532980.14233;42593245.4103;32413331.05269;2.6017;24.48;-21.8784;-21.3626;0
2021-07-26;4;23;4;4;43021984.5721;112858630.78999999;72238923.931;6.6322;16.6236;-9.9914;-11.146;0
2021-07-26;5;23;4;4;127231449.8715775;16881748421.18066;298580983.748665;-9.8157;21.8151;-31.6308;-19.0853;0
2021-08-02;1;24;4;4;5013617.99595;18587382.077689998;14923845.348445;-0.9052;19.5569;-20.4621;-17.9047;0
2021-08-02;2;23;4;4;18837870.806015;28230406.101049997;24373682.8845;10.8516;7.8464;3.0052;3.1312;0
2021-08-02;3;23;4;4;28563315.072300002;47211527.12335;37088102.84509;8.0464;4.5788;3.4676;3.5466;0
2021-08-02;4;23;4;4;47644972.80608;133815300.46900001;77066869.31549999;12.4787;10.4171;2.0616;4.3955;0
2021-08-02;5;23;4;4;135493921.86699998;16624872328.242577;344111697.23925;8.3929;6.9865;1.4065;0.3718;0
2021-08-09;1;24;4;4;5246883.29755;21990156.901249997;16945592.0024775;33.3215;14.821;18.5005;14.1322;0
2021-08-09;2;23;4;4;22481266.95595;29675123.502;26343760.19768;59.0332;22.6771;36.3561;25.9317;0
2021-08-09;3;23;4;4;32591806.45086;52585954.474350005;41200433.0243;19.0366;29.9667;-10.9301;-14.1964;0
2021-08-09;4;23;4;4;54071780.2395;154465626.52859998;76373572.23269;22.2619;31.2123;-8.9504;-15.6542;0
2021-08-09;5;24;4;4;156238912.88955;17559037443.041595;358838659.57666004;19.9927;22.7645;-2.7717;-6.1354;0
2021-08-16;1;24;4;4;5736133.6292;29236469.391575;24214208.2407225;11.5527;2.2612;9.2916;2.296;0
2021-08-16;2;23;4;4;29266007.41959;40654371.986515;32073601.03095;2.8818;1.6821;1.1996;-6.4757;0
2021-08-16;3;23;4;4;41664976.722059;62395316.53695;52744102.184;4.219;8.6986;-4.4795;-9.3373;0
2021-08-16;4;23;4;4;64811697.2437;179566961.964;82985889.57355;12.9108;8.7048;4.206;1.7529;0
2021-08-16;5;24;4;4;203837102.6069;19218813619.968;379604915.230675;17.4022;-0.4215;17.8237;19.313;0
2021-08-23;1;24;4;4;6532618.74445;35469306.519999996;30215082.3668975;-1.1358;13.2983;-14.4341;-9.2108;0
2021-08-23;2;23;4;4;36257591.128350005;52482459.483045;43353661.52763;1.2954;-0.3683;1.6637;0.6461;0
2021-08-23;3;23;4;4;52759398.15315;79422132.83645001;61203931.35896;-1.6971;-2.275;0.5779;3.9011;0
2021-08-23;4;23;4;4;81355483.12900001;176517046.42027497;108025142.7935;-9.444;-6.3841;-3.0599;-4.5554;0
2021-08-23;5;24;4;4;213731454.166;19877106852.490738;475170674.89005;11.8433;1.5541;10.2892;18.0705;0
2021-08-30;1;24;4;4;7303101.7019;39909133.76025;34512108.4971625;16.4537;24.8529;-8.3992;-7.2399;0
2021-08-30;2;23;4;4;40860190.53695;55482517.850999996;50043950.774000004;10.7304;36.4264;-25.696;-20.4601;0
2021-08-30;3;23;4;4;56027440.249;88861069.6065;65968167.721385;4.9614;16.0739;-11.1126;-13.4145;0
2021-08-30;4;23;4;4;90633193.463665;170463698.94473702;118775665.20570001;25.3152;14.7591;10.5561;-15.4479;0
2021-08-30;5;24;4;4;213298663.044;19293048840.19746;518623028.2062425;9.1919;18.8433;-9.6514;-19.0167;0
2021-09-06;1;24;4;4;8273532.6873;45595946.927848995;37716257.727475;2.7257;-20.1011;22.8268;13.9315;0
2021-09-06;2;23;4;4;46001618.39255001;59357547.52514;51109284.679189995;-8.6933;-16.6729;7.9796;1.2396;0
2021-09-06;3;24;4;4;60778839.08963;107248652.10249999;73189059.293035;10.3484;-2.3659;12.7143;-1.0117;0
2021-09-06;4;23;4;4;110989578.29287499;217414266.6945;145631190.79500002;-2.3896;-20.2024;17.8127;16.2639;0
2021-09-06;5;24;4;4;218727178.23406;18376958055.051598;648908883.068185;-5.2509;-14.5332;9.2823;14.8706;0
2021-09-13;1;25;5;5;9023261.0132;46854790.491125;42336305.305649996;5.6568;-2.6271;8.284;6.5649;0
2021-09-13;2;24;4;4;48075899.83400001;64765943.6567;55457975.2803;-11.5032;-2.3323;-9.171;-4.3633;0
2021-09-13;3;24;4;4;66071799.9421;110260006.60945;79332133.05100176;-13.901;-3.7632;-10.1378;-9.9201;0
2021-09-13;4;24;4;4;111902811.01531;230223561.56065;170290209.88611475;1.188;-7.4025;8.5905;10.7174;0
2021-09-13;5;24;4;4;237828447.42795;17462217590.30934;624892819.7671826;-3.5416;-3.0158;-0.5259;-2.0483;0
2021-09-20;1;25;5;5;9012211.16595;44109825.819505006;37966240.5959;-15.4671;-17.0378;1.5707;-0.4487;0
2021-09-20;2;24;4;4;44301871.378095;63762046.9575;51118810.6750825;-6.1807;-20.4019;14.2212;6.2107;0
2021-09-20;3;25;5;5;63921516.67345;96725761.924;78106817.721905;5.9169;-11.6261;17.543;-2.449;0
2021-09-20;4;24;4;4;98943849.875495;208703397.52340502;157099345.13625002;-17.5121;-9.1319;-8.3801;-6.9751;0
2021-09-20;5;25;5;5;260465118.56816;15565665835.275915;573967286.5569999;-13.5501;-6.5618;-6.9882;-6.6967;0
2021-09-27;1;25;5;5;11705092.592300002;38990880.066355005;32205400.958655;7.9874;17.5939;-9.6065;-5.684;0
2021-09-27;2;24;4;4;40414720.133039996;56247193.456924;48444788.327250004;14.4702;18.587;-4.1167;-6.9387;0
2021-09-27;3;25;5;5;56819402.185015;98173230.23421;70619466.186236;7.2333;21.204;-13.9707;-7.3118;0
2021-09-27;4;24;4;4;104476604.29822001;233712707.74395;152154830.231125;2.4385;30.2313;-27.7927;-22.4744;0
2021-09-27;5;25;5;5;252707392.66009998;15201157011.17433;609157462.1510501;35.6153;18.5273;17.088;5.2413;0
2021-10-04;1;25;5;5;10551696.80135;34498243.80661;28219803.261085;-2.3712;5.1723;-7.5434;-12.4032;0
2021-10-04;2;25;5;5;34659166.7009;50676071.65;42116412.733500004;-5.637;-1.278;-4.359;-5.9564;0
2021-10-04;3;24;4;4;52069235.581945;95754060.430715;64497752.6034;-6.3775;-4.8243;-1.5532;1.7231;0
2021-10-04;4;25;5;5;98099361.6266;242647575.74925;157776767.55925;-12.7379;4.6342;-17.3721;-10.7383;0
2021-10-04;5;25;5;5;248569278.0095;14449173010.137665;522480047.33349997;-15.5982;-5.6355;-9.9627;-12.3279;0
2021-10-11;1;26;5;5;10125469.06085;32162667.903465003;26128658.9395575;-5.5285;10.9429;-16.4714;-18.8619;0
2021-10-11;2;25;5;5;32327403.550954998;46757999.926640004;37543938.718455;-6.8882;15.2246;-22.1128;-23.9333;0
2021-10-11;3;25;5;5;47102984.472904;86802673.90498;57545775.11715;-2.8693;7.0293;-9.8986;-13.4121;0
2021-10-11;4;25;5;5;92061417.2161;214642325.257185;160281616.55855;1.5113;1.2193;0.292;-0.5319;0
2021-10-11;5;25;5;5;230188143.51574;14123215213.66449;519715713.63155;6.6261;-1.1582;7.7843;13.2681;0
2021-10-18;1;26;5;5;9214306.3566;31029618.901;25541682.7518975;-4.6996;1.4977;-6.1972;-7.1451;0
2021-10-18;2;25;5;5;31509190.307949997;45570656.947754994;37919764.5248;-8.1332;-0.6296;-7.5037;-7.6209;0
2021-10-18;3;26;5;5;47459233.86;84374037.44730851;54282314.0630995;8.4067;2.1955;6.2112;-2.3774;0
2021-10-18;4;25;5;5;84690344.84439;209577609.64384001;140548343.40723;1.7385;5.5046;-3.7661;1.4418;0
2021-10-18;5;26;5;5;222612500.3484;15056402070.329063;513340290.72443604;6.5458;-0.0258;6.5716;8.0503;0
2021-10-25;1;26;5;5;9112972.765999999;31583084.0;25615379.336475;5.9133;11.4522;-5.539;-0.6615;0
2021-10-25;2;25;5;5;32093834.145;45009141.6751;37579178.39603;2.8628;2.4913;0.3715;-0.7574;0
2021-10-25;3;26;5;5;45040806.68045;80752980.082845;54297367.2953575;18.7216;4.7587;13.9629;-4.8975;0
2021-10-25;4;25;5;5;82293588.50223;212630954.78385;117615661.15450001;8.9577;12.2359;-3.2782;-3.5408;0
2021-10-25;5;26;5;5;213302180.11615002;15351117545.550634;588459938.1425304;19.5628;-1.8384;21.4012;6.397;0
2021-11-01;1;26;5;5;9056978.233649999;33005988.183635;27545613.903426252;38.0441;8.3884;29.6557;-1.3819;0
2021-11-01;2;26;5;5;33655431.492995;46427256.0424;40171296.72745925;-5.4726;0.6492;-6.1218;-3.4209;0
2021-11-01;3;25;5;5;46617422.45644;79407308.75635;63146297.975475;28.201;7.6286;20.5723;12.6962;0
2021-11-01;4;26;5;5;81377609.76996;203473266.43545002;128774138.7157;19.1566;7.9433;11.2134;10.8234;0
2021-11-01;5;26;5;5;204919816.410535;15638373256.951931;472275550.78472495;3.6949;2.7504;0.9445;-3.309;0
2021-11-08;1;26;5;5;8204843.82245;34787993.379999995;29105286.410325;0.9545;1.4963;-0.5418;-1.7495;0
2021-11-08;2;26;5;5;35473844.44797;48242195.658335;42553346.0402075;20.4275;2.144;18.2835;-1.0116;0
2021-11-08;3;26;5;5;49034611.89037;85920004.91666499;64939744.8060325;24.5231;0.4967;24.0264;2.301;0
2021-11-08;4;26;5;5;86887329.00995001;172036296.148219;131459591.920745;0.5943;0.0398;0.5545;0.6522;0
2021-11-08;5;26;5;5;179825197.641285;14788806190.488625;411884483.721305;-6.8294;-5.4397;-1.3896;2.2716;0
2021-11-15;1;27;5;5;8715259.501449998;36146689.93251;27601566.6353;-8.165;-5.4325;-2.7325;-6.3006;0
2021-11-15;2;26;5;5;36238974.5175;53966539.950629994;45500399.2170725;-11.1071;-8.0619;-3.0452;-1.2849;0
2021-11-15;3;26;5;5;55634232.29035;86407828.29139;67580349.627764;-7.5875;-4.7343;-2.8532;-8.1525;0
2021-11-15;4;26;5;5;91877823.2635;211537825.6585;148183385.6774925;-5.8941;5.8618;-11.756;-12.5731;0
2021-11-15;5;27;5;5;218977516.21622002;14630980239.908989;524182730.01451;-2.9767;-8.6276;5.6509;-10.4418;0
2021-11-22;1;27;5;5;9093797.40935;35541577.12788;30540953.616155;-4.8179;26.0217;-30.8396;-4.6596;0
2021-11-22;2;26;5;5;36367511.35265;57734117.655145004;45125373.112975;-5.1202;-4.5537;-0.5665;4.36;0
2021-11-22;3;26;5;5;60504424.0285;94198948.7961;71062156.45301774;-11.5443;4.8757;-16.42;-4.2687;0
2021-11-22;4;26;5;5;98865428.26804;243162901.310725;144645561.71377;27.2036;-11.9695;39.1731;33.3927;0
2021-11-22;5;27;5;5;245317553.4679;13658627595.485615;562456364.0573001;22.8414;0.8323;22.0091;14.8034;0
2021-11-29;1;27;5;5;8959341.55465;36075929.7018;30549709.992;-30.3791;-19.0156;-11.3635;-11.7894;0
2021-11-29;2;26;5;5;36373571.708859995;60524080.7426;48431404.752765;-24.8907;-21.8323;-3.0584;1.937;0
2021-11-29;3;26;5;5;61496120.562332496;108755893.56164;72780088.6539875;-27.2803;-27.2501;-0.0301;-2.3389;0
2021-11-29;4;26;5;5;109922151.7437;253290561.42720002;156209864.92215252;-29.8469;-23.2044;-6.6425;-6.6642;0
2021-11-29;5;27;5;5;264848130.49690002;12479427490.968365;580326813.154545;-30.9821;-23.7342;-7.2479;-9.1814;0
2021-12-06;1;27;5;5;9315832.882100001;36029617.199065;28001752.825264998;-0.4243;2.3196;-2.7439;4.0222;0
2021-12-06;2;26;5;5;36393889.422649994;56529599.629999995;46854454.2723775;4.9969;-2.4369;7.4338;-0.8087;0
2021-12-06;3;27;5;5;56535960.4535;111415847.279;70220994.5008145;-2.0552;2.245;-4.3001;-0.6435;0
2021-12-06;4;26;5;5;116021434.11989999;251785509.84674;144966249.3035425;7.5016;-1.5585;9.0601;2.5921;0
2021-12-06;5;27;5;5;255962594.62125;14086411901.723999;646901504.0531;-3.9946;3.3956;-7.3902;-3.301;0
2021-12-13;1;27;5;5;9298170.5731;37187537.96555;27001437.54995;-4.6078;-7.5176;2.9098;4.8087;0
2021-12-13;2;26;5;5;37347391.61239;51688135.853668496;46673230.0229415;-12.4187;2.5331;-14.9518;-1.1716;0
2021-12-13;3;27;5;5;52232029.899149;109710218.11537;64179158.074186996;-12.6712;-1.0509;-11.6203;1.2343;0
2021-12-13;4;26;5;5;110645592.1243045;221547938.3606;136539240.705505;-13.1499;-10.3876;-2.7623;-5.7533;0
2021-12-13;5;27;5;5;235454176.42655;13829217275.488325;547191780.964305;-8.948;0.3818;-9.3299;-3.3618;0
2021-12-20;1;27;5;5;9081626.39495;34085202.49215;26080191.777560003;6.9425;19.3197;-12.3773;-17.3525;0
2021-12-20;2;26;5;5;34197724.76419;46040068.17915;41634019.190275;11.1705;20.1546;-8.9841;-8.8504;0
2021-12-20;3;27;5;5;46684949.3825;94532926.141885;58867388.667308;6.2176;14.7984;-8.5808;-4.7457;0
2021-12-20;4;26;5;5;95513275.858555;203119498.4149;127638075.52285;29.2986;35.2543;-5.9557;-2.377;0
2021-12-20;5;27;5;5;213699746.666;12950091247.93799;559717489.16795;22.2856;20.5676;1.7179;5.5359;0
2021-12-27;1;27;5;5;8906627.30545;29657467.262594998;23764317.59425;-5.9805;-0.8674;-5.113;-5.4652;0
2021-12-27;2;26;5;5;29908636.82779;44357448.10825;36498173.892574996;-9.6099;-6.025;-3.5849;-3.4818;0
2021-12-27;3;27;5;5;45328490.601186;77475429.06341;52078211.56564;-9.9733;2.0008;-11.9741;-7.3754;0
2021-12-27;4;26;5;5;81260342.44975;189528538.9404;118503674.15632999;-3.4249;-2.3892;-1.0358;1.8037;0
2021-12-27;5;27;5;5;197262303.73000002;12580283265.201466;546585444.60415;4.6952;-4.0102;8.7054;10.5391;0
2022-01-03;1;27;5;5;8270778.42245;25168715.07898;20758329.66804;-5.9808;-18.2306;12.2498;14.2143;0
2022-01-03;2;26;5;5;25288768.04196;40126131.7023675;34505680.39749375;-10.9656;-15.3063;4.3407;3.4708;0
2022-01-03;3;27;5;5;40315759.4685;71270429.5185;49527444.309;-22.1747;-16.3037;-5.8711;-1.5293;0
2022-01-03;4;26;5;5;78573382.94207;171458048.16680002;110722816.57685;-3.9815;-22.8417;18.8601;6.4611;0
2022-01-03;5;27;5;5;171721315.10505;12248134608.938751;519898788.1971;-14.8419;-14.1805;-0.6614;-5.3782;0
2022-01-10;1;27;5;5;6042771.9537;23845957.712899998;18685843.061839998;3.6314;2.3072;1.3243;3.8296;0
2022-01-10;2;26;5;5;24247093.04107;37976854.098450005;29867866.750596;3.7811;3.4652;0.3159;-3.1066;0
2022-01-10;3;27;5;5;39658182.570025;61056947.405115;47430200.6125285;0.6901;2.6482;-1.9581;-0.0769;0
2022-01-10;4;26;5;5;67199414.036;178225932.328915;101229076.816145;-2.456;3.6254;-6.0815;-7.6516;0
2022-01-10;5;27;5;5;181773017.982;11607324175.713264;528001592.46838;25.0238;6.8435;18.1804;21.4964;0
2022-01-17;1;27;5;5;5909443.45215;22033686.25022;16368231.423375001;-25.7682;-21.8535;-3.9148;-0.8623;0
2022-01-17;2;27;5;5;22751687.67905;39904605.462485;28069638.736335002;-30.5826;-32.9048;2.3222;-2.0385;0
2022-01-17;3;27;5;5;40337908.0398;67199414.036;46719625.0787;-33.3292;-32.3034;-1.0258;-0.731;0
2022-01-17;4;27;5;5;68024970.4403;168216451.82770002;107480741.32488;-33.0721;-38.8536;5.7816;2.2474;0
2022-01-17;5;27;5;5;171602498.4122;11700342103.04094;500584519.45505;-31.1488;-33.122;1.9732;2.0526;0
2022-01-24;1;28;5;5;8161164.37935;22345720.85465;16131784.848745;3.3835;-3.5858;6.9692;2.4963;0
2022-01-24;2;27;5;5;22483345.53965;36706631.111249;30297438.58535;9.4575;1.4123;8.0452;8.7821;0
2022-01-24;3;27;5;5;39355107.174225;66493685.837510005;48010758.486845;2.3866;2.7287;-0.3421;-2.0292;0
2022-01-24;4;27;5;5;75656732.225775;165880149.9116;112215804.98144999;-1.119;28.2339;-29.3529;0.3142;0
2022-01-24;5;27;5;5;183287398.085945;12363132309.79655;521334990.45243;-8.6545;-0.8477;-7.8068;-0.9427;0
2022-01-31;1;28;5;5;8299764.347449999;21254280.409890004;15560268.0561;15.4965;17.0183;-1.5218;-2.0656;0
2022-01-31;2;27;5;5;22214321.215285;35991128.5531145;28600996.9626135;13.751;17.8054;-4.0544;-6.5958;0
2022-01-31;3;27;5;5;36229107.45475;64589191.6116;46663080.763355;8.0159;14.7449;-6.729;-7.7449;0
2022-01-31;4;27;5;5;68043876.24575001;163229732.902965;108286165.0047;17.9352;11.546;6.3893;2.2322;0
2022-01-31;5;27;5;5;191686971.81;12994162250.816336;501300355.66400003;14.4176;20.1892;-5.7716;-5.6784;0
2022-02-07;1;28;5;5;7924444.42545;20441875.781630002;14403786.951699998;-4.4136;-4.2971;-0.1165;-6.7495;0
2022-02-07;2;27;5;5;20701118.238700002;31645654.73654;26978344.701405;-2.7201;-5.1279;2.4078;-0.6661;0
2022-02-07;3;27;5;5;31691955.2335;62744335.5815;43700379.694134995;-14.8708;-14.6003;-0.2704;-0.2446;0
2022-02-07;4;27;5;5;62899204.841185;194657107.07950002;100409710.75749499;-12.2328;-11.6108;-0.6219;-0.8358;0
2022-02-07;5;27;5;5;211876415.98;12642508413.107094;471949891.911855;-11.8203;-11.6545;-0.1658;-2.0453;0
2022-02-14;1;28;5;5;8147399.3813000005;22453644.15325;17012470.630427502;-11.041;-11.0283;-0.0127;1.0301;0
2022-02-14;2;27;5;5;23285874.424599998;31489735.376025;27555659.3869;-0.9241;-11.378;10.4538;11.5959;0
2022-02-14;3;27;5;5;32886639.11417;59462111.585;39284302.6095;-5.0226;-10.9166;5.894;5.0037;0
2022-02-14;4;27;5;5;60337975.6105;160951713.59899998;98948752.62115;-12.622;-12.0386;-0.5834;0.4439;0
2022-02-14;5;27;5;5;165538613.29991502;13388573601.535591;477492825.4692;-8.9266;-9.1048;0.1781;1.7064;0
2022-02-21;1;27;5;5;6569066.0320765;22368236.925449997;16432859.0358;-3.4954;-1.7776;-1.7179;-0.2178;0
2022-02-21;2;27;5;5;23082664.047849998;31250330.388850003;28001978.13526;-8.4577;-2.4473;-6.0104;-6.1598;0
2022-02-21;3;27;5;5;32012584.638545;51358622.953;39253877.712985;-8.4448;-7.3039;-1.1409;-0.0307;0
2022-02-21;4;27;5;5;53747682.47;158483359.18337;83713519.27565;-2.5691;-3.9848;1.4157;2.212;0
2022-02-21;5;27;5;5;159693538.0496;13139977773.351437;473806003.82174003;-0.8442;1.5763;-2.4205;2.1471;0
2022-02-28;1;18;3;3;6852975.900259;18770911.15995;14545880.84104;-0.6653;4.7736;-5.439;-0.473;0
2022-02-28;2;18;3;3;19116013.44954;30103472.17165;25862976.696762502;-1.2491;-3.8385;2.5893;0.156;0
2022-02-28;3;17;3;3;30537826.37769;44847227.84538;38908840.138655;0.141;4.2292;-4.0882;0.7381;0
2022-02-28;4;18;3;3;46048199.9165;130707617.7088;73409050.19675;-7.5728;-5.2613;-2.3114;-3.9407;0
2022-02-28;5;18;3;3;134284270.21515;13013250522.666046;401582321.931625;-0.1953;-2.4682;2.2729;-0.9985;0
2022-03-07;1;18;3;3;6774554.4682;19659409.331550002;14183901.803490002;-4.8769;-1.3442;-3.5326;-5.4095;0
2022-03-07;2;18;3;3;19721919.35195;30501215.714550003;23490995.658497497;-1.7985;3.5907;-5.3892;3.6908;0
2022-03-07;3;17;3;3;30684693.394050002;47137732.607549995;36687442.0634;2.0771;-1.9454;4.0225;7.3856;0
2022-03-07;4;18;3;3;50792437.449645;119325906.55035;70860975.3996;5.9985;-3.5896;9.5881;-3.2131;0
2022-03-07;5;18;3;3;126608133.0265;15648009031.398075;404488860.22776;-4.056;-6.9525;2.8964;3.2648;0
2022-03-14;1;28;5;5;6611474.945499999;18017530.41685;13801504.383650001;37.7596;15.3686;22.391;-8.5055;0
2022-03-14;2;27;5;5;18570994.44842;25786510.54389;21639597.8116;16.648;12.0003;4.6477;4.1357;0
2022-03-14;3;28;5;5;27231076.438865;44039131.578015;33199681.30231;16.1087;15.9234;0.1854;-1.8704;0
2022-03-14;4;27;5;5;49475055.74605;110035569.6244;75110098.99615;17.0331;9.1618;7.8713;3.2643;0
2022-03-14;5;28;5;5;120717309.51761;15941633881.033535;351776530.33935;16.1337;10.1274;6.0063;12.0034;0
2022-03-21;1;28;5;5;6215162.973999999;17328819.27355;13694681.9024875;7.3456;17.248;-9.9024;-4.492;0
2022-03-21;2;27;5;5;17445956.354525;25432461.595331;21140858.086999997;9.9991;18.8483;-8.8492;-11.2113;0
2022-03-21;3;28;5;5;26283988.522375;49232308.88265;32254011.83525;13.5924;23.0288;-9.4364;-10.3393;0
2022-03-21;4;27;5;5;50469337.05402;101368911.23222;67356367.351;17.9719;23.5358;-5.5639;-7.4735;0
2022-03-21;5;28;5;5;111584572.72557;15941633881.033535;383414113.09481;14.4644;10.7162;3.7482;13.256;0
2022-03-28;1;28;5;5;5516138.7331;17717171.59964;13628280.317587499;9.2807;4.5116;4.7692;11.6086;0
2022-03-28;2;28;5;5;17855483.679734997;26579367.5044245;21227916.2461;35.9168;20.0127;15.9042;29.9016;0
2022-03-28;3;27;5;5;26975866.277505003;50584864.3437;34849262.2418;8.9231;15.8957;-6.9726;-0.2034;0
2022-03-28;4;28;5;5;50628403.348825;122319984.17943999;78121144.43257;10.3794;14.2277;-3.8484;1.467;0
2022-03-28;5;28;5;5;135890052.8238;14168528660.182795;348656905.98612;2.819;14.7358;-11.9167;-8.7814;0
2022-04-04;1;28;5;5;5516138.7331;18789078.66611;15320888.0843;-26.8092;-14.2211;-12.5881;-5.2489;0
2022-04-04;2;28;5;5;18795563.694075;31539557.829549998;23855545.3635;-25.8253;-19.2373;-6.588;-8.5338;0
2022-04-04;3;27;5;5;33602172.303465;55766344.249695;40495772.884135;-21.2569;-13.289;-7.9679;-6.1653;0
2022-04-04;4;28;5;5;55919238.84145;136922488.5135;86415707.3034925;-24.3079;-10.1886;-14.1192;-9.8339;0
2022-04-04;5;28;5;5;158965938.605;12484664372.895771;371959101.3418625;-23.3878;-15.6031;-7.7846;-5.121;0
2022-04-11;1;29;4;5;5187906.64155;21566406.93877;16582165.51416;-8.5076;-7.2999;-1.2077;-2.1415;0
2022-04-11;2;28;5;5;22086888.668365;37941621.377399996;29283587.21420625;-12.5616;-8.1544;-4.4072;-4.4913;0
2022-04-11;3;28;5;5;39456470.33;67644337.2125;47556997.361674994;-8.1839;-6.4017;-1.7822;3.6348;0
2022-04-11;4;28;5;5;68149857.52857;182046202.63029;95862255.3369;-5.702;-8.7588;3.0568;7.9109;0
2022-04-11;5;28;5;5;184579748.45565;12250914286.663795;444463909.39886796;-0.3513;-9.2022;8.8509;5.4569;0
2022-04-18;1;28;5;5;5388555.6175999995;23459690.459014997;17709595.922525;-1.765;-0.573;-1.1921;-1.7961;0
2022-04-18;2;28;5;5;23914702.259515002;41799760.6284;29912178.192117497;1.057;1.7452;-0.6881;-0.9595;0
2022-04-18;3;27;5;5;42976420.04835;68149857.52857;52597099.63702001;0.8785;2.5683;-1.6898;2.626;0
2022-04-18;4;28;5;5;70964815.84902751;183352304.18155;96147708.14479;-1.7231;3.3814;-5.1045;-2.1422;0
2022-04-18;5;28;5;5;187919831.90044498;12088603516.513416;466034247.658255;4.4331;-0.0949;4.528;1.0959;0
2022-04-25;1;28;5;5;4905291.68635;22136970.65173;16226756.7128;-11.4849;-14.4748;2.9899;-0.9688;0
2022-04-25;2;28;5;5;22530843.342;36656234.68095;30011100.973727502;-2.2386;-18.1669;15.9283;5.9961;0
2022-04-25;3;27;5;5;39713359.68315;67146637.44025001;46506717.246385;-12.572;-14.7585;2.1865;0.0332;0
2022-04-25;4;28;5;5;69518918.42050001;180513691.76058;100056908.59201026;-22.113;-15.7668;-6.3463;-8.9196;0
2022-04-25;5;28;5;5;187970383.18385;11497329120.979364;425116225.29713523;-7.9814;-14.5197;6.5383;12.1719;0
2022-05-02;1;29;5;5;5779789.91105;19348520.8327;14563187.5236755;-10.3092;-11.8387;1.5296;-0.1214;0
2022-05-02;2;28;5;5;19572307.290234998;31442723.314149998;26700063.7407225;-15.6215;-6.9858;-8.6357;-4.3289;0
2022-05-02;3;28;5;5;33321197.736;60408453.955;43250117.133027494;-12.5898;-12.3629;-0.2269;4.6737;0
2022-05-02;4;28;5;5;62059259.623415;178334671.293835;96836133.28575;0.49;-15.9127;16.4027;9.923;0
2022-05-02;5;28;5;5;178937252.12;11292967145.74207;381973283.6964725;-11.6396;-4.625;-7.0146;-6.689;0
2022-05-09;1;29;5;5;6154668.7234499995;17956891.513825;13794151.579465;-26.3306;-27.8526;1.522;-5.7785;0
2022-05-09;2;28;5;5;18185707.802649997;28755220.78925;22914491.628957503;-45.7175;-15.5727;-30.1448;-10.4142;0
2022-05-09;3;28;5;5;29100195.48305;56272780.077;38050960.9289065;-22.2523;-28.5143;6.262;6.1424;0
2022-05-09;4;28;5;5;58762845.487110004;166110195.51288497;95283783.44196251;-30.4409;-30.3612;-0.0797;-0.2953;0
2022-05-09;5;29;5;5;171992999.98365003;12304726861.16283;335902335.65285504;-27.2524;-41.001;13.7486;4.5971;0
2022-05-16;1;29;5;5;7070058.379450001;20383527.48555;15771007.5045;-3.4769;7.8;-11.2768;-13.7068;0
2022-05-16;2;28;5;5;20472692.49732;31300365.511804998;25235093.252010003;-5.3503;0.9047;-6.255;-4.0843;0
2022-05-16;3;28;5;5;31595577.1415;63051265.751499996;41473073.940125;-8.8961;0.6843;-9.5804;-6.5298;0
2022-05-16;4;28;5;5;65544347.77935;180961025.961665;113527690.21399;-5.5486;14.1586;-19.7072;-13.7066;0
2022-05-16;5;28;5;5;182443727.5845;13705077438.172195;368770007.90541;-4.9213;-3.4227;-1.4986;7.6773;0
2022-05-23;1;29;5;5;7716215.901450001;18799717.455945;16121038.71659;27.7203;-9.3843;37.1046;8.9595;0
2022-05-23;2;28;5;5;19556522.940899998;30137273.104461998;24113556.6359;-1.7857;-14.6654;12.8797;4.1509;0
2022-05-23;3;28;5;5;30217194.02413;59616764.4018;40675506.5969775;-0.6352;-3.4505;2.8154;-11.3472;0
2022-05-23;4;28;5;5;60822926.510000005;153593055.4619;105881709.3448225;-11.3686;-8.3799;-2.9887;-0.9569;0
2022-05-23;5;29;5;5;159667357.468405;13861252428.838465;345900819.88269997;-14.6903;-14.7742;0.084;-3.1776;0
2022-05-30;1;29;5;5;8024265.65315;20431639.66635;16149605.79755;0.8937;0.2777;0.616;-0.7533;0
2022-05-30;2;28;5;5;20533713.932;31322109.014349997;24922160.8221;-5.8573;3.278;-9.1353;-9.9146;0
2022-05-30;3;28;5;5;31924917.282849997;60285533.042675;41686271.134775;-2.3553;1.6602;-4.0155;-5.3249;0
2022-05-30;4;28;5;5;63016810.116815;177414201.59239;100569403.3929075;-0.041;0.3489;-0.3898;0.0835;0
2022-05-30;5;28;5;5;182419220.80585;13168681119.689955;364274624.335625;-2.3243;9.9831;-12.3073;5.3707;0
2022-06-06;1;29;5;5;7875269.8961;20686006.950999998;15463020.725675;-19.6361;-16.9684;-2.6677;-2.9035;0
2022-06-06;2;28;5;5;21104599.025300004;31125865.25235;24124448.4733475;-8.6089;-2.6012;-6.0077;-7.1934;0
2022-06-06;3;28;5;5;32392736.251695;51975900.6915;41011714.728897505;-22.6846;7.4259;-30.1105;-3.4467;0
2022-06-06;4;28;5;5;53200452.139;157632529.04005;90138230.42903751;-17.8787;-27.5134;9.6347;-2.5209;0
2022-06-06;5;28;5;5;158475726.95297;12437340482.008163;345546927.89965;-23.8802;-23.8494;-0.0307;2.8492;0
2022-06-13;1;29;5;5;7875269.8961;19005257.84235;14846072.487551;-9.6991;0.9271;-10.6262;0.8418;0
2022-06-13;2;28;5;5;19018112.26774;29546496.845225;23112074.220372;2.6796;-3.193;5.8727;-0.7777;0
2022-06-13;3;28;5;5;29931368.687250003;50688517.84708;38180988.051387504;-6.1012;-10.4055;4.3043;7.7374;0
2022-06-13;4;28;5;5;52334998.40503;148526346.295525;79839571.161;-7.1379;-7.2728;0.1349;3.2288;0
2022-06-13;5;28;5;5;157447901.05935;12240063363.32397;278313031.681535;-5.1333;-2.455;-2.6783;-14.0657;0
2022-06-20;1;29;5;5;9014371.48105;19736876.980499998;15871534.0988595;12.144;5.4256;6.7184;8.376;0
2022-06-20;2;28;5;5;20259398.7706;31952177.0269605;24348590.4082;20.1749;10.2454;9.9295;9.1385;0
2022-06-20;3;28;5;5;32155416.488875;60149815.79765;38064835.664447494;4.4046;24.0029;-19.5983;-9.2925;0
2022-06-20;4;28;5;5;60761182.796415;143214584.08855;83127571.66337001;3.4846;11.2374;-7.7528;-5.9393;0
2022-06-20;5;28;5;5;153971519.48549998;13749772326.898254;296599971.26393247;9.4313;18.934;-9.5027;-5.1375;0
2022-06-27;1;28;5;5;8816592.32975;19823728.9231745;15237007.568415;-11.1096;-0.4872;-10.6225;-9.6973;0
2022-06-27;2;28;5;5;20478213.21765;28221219.3381;23874928.567435;-11.4851;-5.8939;-5.5912;-4.675;0
2022-06-27;3;28;5;5;29243717.844499998;49310975.985970005;36411671.11155;-8.5046;-9.8299;1.3253;-1.4473;0
2022-06-27;4;28;5;5;51593562.773200005;148413763.71899998;74663516.75355;-11.8629;-6.2725;-5.5904;-7.2081;0
2022-06-27;5;28;5;5;149367596.12510002;14122326520.724455;280951088.64062;-12.6861;0.1182;-12.8043;-5.7419;0
2022-07-04;1;28;5;5;7892103.751;17904962.14615;15259874.4143975;2.5097;11.3831;-8.8734;-10.3285;0
2022-07-04;2;28;5;5;18070483.02845;29014580.880000003;22673439.55823725;6.174;10.588;-4.414;-4.5005;0
2022-07-04;3;27;5;5;29796137.945550002;48778767.043945;35973825.36225;6.6826;13.5447;-6.862;-6.6817;0
2022-07-04;4;28;5;5;51735722.6205;139771864.8440795;75233335.31347501;10.4772;2.6249;7.8524;10.2915;0
2022-07-04;5;28;5;5;140822415.87769502;14122326520.724455;246993233.34617501;9.8077;13.0192;-3.2115;-6.6394;0
2022-07-11;1;28;5;5;6877877.96665;16138307.94218;14122504.3372525;8.3479;1.3279;7.02;11.508;0
2022-07-11;2;28;5;5;16197557.059025;27314137.7166;22445561.536137;0.3423;2.2126;-1.8703;-1.4984;0
2022-07-11;3;27;5;5;28034704.501000002;46229559.738299996;35431103.090895;7.5684;6.6526;0.9158;5.1413;0
2022-07-11;4;28;5;5;48107047.4921;132558129.31839499;79064864.27179751;4.445;-4.7632;9.2082;10.3563;0
2022-07-11;5;28;5;5;137703969.08579;15067953453.410635;270935482.860401;7.2043;-1.77;8.9743;9.2011;0
2022-07-18;1;28;5;5;6191231.89225;14963053.1745;12282300.665025;-2.7647;3.4347;-6.1994;-7.6572;0
2022-07-18;2;28;5;5;15210881.5824235;22903534.106665;19331391.833816253;5.2539;8.0175;-2.7636;-1.0965;0
2022-07-18;3;27;5;5;23654696.531365;39778076.8265;32516427.00958;-0.8499;4.0168;-4.8667;-5.5859;0
2022-07-18;4;28;5;5;42808886.536;105266722.124355;64976771.7034125;19.8848;7.1986;12.6862;-1.0532;0
2022-07-18;5;28;5;5;112287070.38655001;13332429845.70677;227037077.9872675;16.3111;5.4131;10.898;9.6859;0
2022-07-25;1;28;5;5;5764135.63845;13971350.275589999;11767784.2779775;15.3114;3.272;12.0394;4.9821;0
2022-07-25;2;28;5;5;14388679.88264;19954981.6378;17062326.459473252;4.3282;10.7613;-6.4331;-2.6097;0
2022-07-25;3;27;5;5;20153056.7957;44748386.227;33012948.5531;17.9454;8.0063;9.9391;-0.5046;0
2022-07-25;4;28;5;5;44835743.29126;101358256.42648;59258760.7601;27.0525;8.2001;18.8523;3.6324;0
2022-07-25;5;28;5;5;107279384.96399999;12538939138.94461;226161935.72535002;-2.462;10.0976;-12.5595;-10.4157;0
2022-08-01;1;28;5;5;5688955.0583500005;13946864.428275;11650878.121345;1.0003;2.8931;-1.8928;0.3633;0
2022-08-01;2;28;5;5;14199928.8327;19656189.03243;16317790.179875001;4.3322;5.7828;-1.4506;-2.2107;0
2022-08-01;3;27;5;5;20153056.7957;41052238.557500005;32209541.414899997;4.4046;4.9717;-0.5671;-4.2905;0
2022-08-01;4;28;5;5;41175904.23185;120548801.56045;60090151.385875;3.9131;5.3408;-1.4276;-4.3767;0
2022-08-01;5;28;5;5;125624737.63855;13404233028.86533;231863285.75784725;6.6634;7.0791;-0.4157;-2.8786;0
2022-08-08;1;28;5;5;5841227.3309;15021028.679675;12277576.72869;8.6162;3.1842;5.432;-2.7519;0
2022-08-08;2;28;5;5;15123872.707600001;21090964.842;17179638.437455;-9.2767;-1.6598;-7.6169;-11.7513;0
2022-08-08;3;27;5;5;21093442.277829997;40322391.05505;31883390.59405;-2.2267;1.9955;-4.2222;-1.5896;0
2022-08-08;4;28;5;5;41427178.55733;129229905.41645;66340980.1649475;2.4095;-4.4624;6.8719;-0.1981;0
2022-08-08;5;28;5;5;130166274.9685;12837855173.683926;255091727.93225;2.9287;3.9077;-0.979;-4.4007;0
2022-08-15;1;28;5;5;5705114.7892;15358816.16518;12763708.185625;-11.9008;-13.0209;1.1201;2.0854;0
2022-08-15;2;28;5;5;15714292.460823499;24212974.92635;19641627.8963;-18.6975;-18.0799;-0.6177;-2.1084;0
2022-08-15;3;27;5;5;24348645.798955;43084302.20915;34616035.589049995;-20.0223;-14.4526;-5.5697;-8.6553;0
2022-08-15;4;28;5;5;43380080.5495;136508201.881505;67758546.7489725;-9.021;-20.4914;11.4705;2.7049;0
2022-08-15;5;28;5;5;137171634.19178998;12858397077.752506;285858779.36285;-11.9887;-17.1523;5.1636;2.0726;0
2022-08-22;1;28;5;5;5668218.226199999;15573099.2423;12948139.1212075;-6.2545;-8.6056;2.3511;3.1112;0
2022-08-22;2;28;5;5;15656604.5996;23819282.266000003;20801332.3885025;-10.0234;-11.9147;1.8912;2.3054;0
2022-08-22;3;27;5;5;24581363.42951;42574011.26688;32003357.45;-8.8403;-11.803;2.9627;3.4176;0
2022-08-22;4;28;5;5;43084302.20915;136508201.881505;74666358.2895475;-2.6393;-14.3683;11.7291;11.1898;0
2022-08-22;5;28;5;5;138397121.3454;11762076838.444164;281464150.1407375;-8.1911;-9.3507;1.1596;2.5437;0
2022-08-29;1;28;5;5;5603522.61255;16224252.39735;13602145.414518498;-1.8475;10.6431;-12.4907;-9.4241;0
2022-08-29;2;28;5;5;16257252.29964;22782484.900495;19671182.15209;8.0642;9.2005;-1.1363;-2.7991;0
2022-08-29;3;27;5;5;23405260.895055;42069266.244399995;31611081.569;8.5251;6.1754;2.3498;-3.9369;0
2022-08-29;4;28;5;5;43744139.2039;138403550.91;65701298.4051375;4.3802;10.0796;-5.6994;-5.7593;0
2022-08-29;5;28;5;5;140229514.09205002;11594630155.3762;281968966.1906035;12.6671;-4.3866;17.0537;8.2408;0
2022-09-05;1;28;5;5;5234107.43145;14794832.330839999;12400495.773991749;2.6872;2.3156;0.3716;1.3481;0
2022-09-05;2;27;5;5;14991963.9223105;20820470.86155;17083338.14672;2.711;7.6144;-4.9034;-4.6568;0
2022-09-05;3;28;5;5;20891304.699;36400897.176;29911741.061965;14.48;5.0617;9.4183;-0.7956;0
2022-09-05;4;27;5;5;37280376.00371499;113098292.62439;61611414.107;6.7984;9.9678;-3.1694;-0.2915;0
2022-09-05;5;28;5;5;128679091.89500001;11738605925.650139;290649445.04695874;7.1127;0.1488;6.9639;1.343;0
2022-09-12;1;28;5;5;5234107.43145;13638932.118905;11512796.335615;-19.0577;-13.3462;-5.7115;-1.4449;0
2022-09-12;2;28;5;5;13776331.246555;20295283.098559998;14783595.7447875;-17.6066;-16.6391;-0.9674;1.9089;0
2022-09-12;3;27;5;5;20435088.55065;33114997.1528;28170506.68875;-13.3431;-13.9517;0.6085;3.1147;0
2022-09-12;4;28;5;5;33353972.782025;117173340.8229;58114617.59544;-19.6616;-16.6282;-3.0334;-3.3646;0
2022-09-12;5;28;5;5;122061058.17557001;12431301789.27992;279069615.303945;-18.7879;-11.8753;-6.9126;-4.3775;0
2022-09-19;1;28;5;5;4999106.412049999;12229450.673502501;10772972.1307675;4.1184;8.7814;-4.663;-6.58;0
2022-09-19;2;28;5;5;12381255.77096;19249112.529785;13644884.67771;1.7596;1.0284;0.7312;4.3428;0
2022-09-19;3;28;5;5;19507143.467150003;31841643.15975;26194007.145664997;4.3129;-0.58;4.8928;5.2504;0
2022-09-19;4;28;5;5;31974242.85965;107843232.8295;55174997.61566;10.0155;-0.8119;10.8274;-0.548;0
2022-09-19;5;28;5;5;125757961.64590001;11859517091.58215;266623379.442433;10.1146;-2.4089;12.5235;7.5252;0
2022-09-26;1;29;5;5;4229619.6235;11535500.0588;9010590.0286;-1.5;0.4896;-1.9896;-2.2885;0
2022-09-26;2;28;5;5;11619028.822;18715652.847;13730527.791705001;0.7822;-1.5283;2.3104;3.322;0
2022-09-26;3;28;5;5;18924526.506954998;31081375.43175;23240851.214872498;3.4996;3.0597;0.44;-2.3419;0
2022-09-26;4;28;5;5;31424211.592150003;101810334.8536;49016407.9098825;-6.3441;-2.8791;-3.465;-0.9624;0
2022-09-26;5;29;5;5;109820670.19350001;12622430749.67467;228588101.10549998;-7.2574;-6.3055;-0.9519;-4.1666;0
2022-10-03;1;29;5;5;4170760.0522;11312180.138050001;8584344.9309;3.2687;3.6436;-0.3749;-2.2074;0
2022-10-03;2;29;5;5;11526999.446;18173169.0539;13960153.979;5.1371;8.6857;-3.5486;-6.1791;0
2022-10-03;3;28;5;5;18917097.2094;31505332.4730355;23091644.411615;-4.2022;4.9714;-9.1736;-7.0212;0
2022-10-03;4;29;5;5;31529917.51999;112260194.16499999;52696610.17202;9.3704;3.4456;5.9248;5.7251;0
2022-10-03;5;29;5;5;114404899.067735;13306726456.339676;254666245.228535;-0.6497;5.2906;-5.9403;-7.3555;0
2022-10-10;1;29;5;5;3457632.27705;10410899.459679998;7780783.57455;-3.6979;-3.4445;-0.2535;-3.4132;0
2022-10-10;2;29;5;5;10481749.252700001;16787586.4421;12975873.723650001;-6.6135;-7.8714;1.2579;-0.7342;0
2022-10-10;3;28;5;5;17575865.851125002;29282511.4967;23129441.486509997;-4.8181;-3.1861;-1.632;-0.9517;0
2022-10-10;4;29;5;5;29839835.259099998;107661550.41341001;52640619.285;-1.9117;-10.4315;8.5198;8.3404;0
2022-10-10;5;29;5;5;107803385.977485;13891500770.910376;221463784.2538;-0.1436;-8.2752;8.1316;0.222;0
2022-10-17;1;30;6;6;3383734.2358999997;8888861.841699999;6935852.010415;-2.3427;4.5985;-6.9412;-3.6691;0
2022-10-17;2;29;5;5;9305777.718249999;15070755.88032;11775984.4451;4.7332;-2.531;7.2643;3.1592;0
2022-10-17;3;29;5;5;15295155.084485;28725949.303415;18925187.5679;0.8274;-7.519;8.3464;9.9301;0
2022-10-17;4;29;5;5;28908003.388899997;94944286.15095;46246971.41198;-1.02;-0.1102;-0.9098;4.1934;0
2022-10-17;5;30;6;6;94972906.3531;13850540010.620304;182302795.91635;-6.4087;-0.9882;-5.4206;-6.9725;0
2022-10-24;1;30;6;6;3336991.38465;8356521.77575;6955753.8530105;11.2601;6.6384;4.6216;0.9668;0
2022-10-24;2;29;5;5;8826077.120115;14449988.9974;11780682.507849999;2.7849;8.4239;-5.639;-6.2559;0
2022-10-24;3;29;5;5;14761298.90532;24963633.532685;17959062.6615;1.7829;3.99;-2.2072;-4.4924;0
2022-10-24;4;29;5;5;26074060.3932475;85676007.648;50426455.7254;7.9875;12.009;-4.0215;-2.9053;0
2022-10-24;5;30;6;6;91743897.33004999;10935631231.57914;171552839.393675;5.3768;0.0217;5.3551;0.4179;0
2022-10-31;1;30;6;6;3336991.38465;9065072.1239;7067122.5526185;24.4393;1.2654;23.1739;2.6029;0
2022-10-31;2;29;5;5;9103485.653455;15715951.983125001;12772185.28266;23.086;2.128;20.958;0.8556;0
2022-10-31;3;29;5;5;15810046.937245;26831765.497;19677524.87348;0.3696;6.3815;-6.0118;2.4896;0
2022-10-31;4;29;5;5;27631413.594225;87762285.62937999;44739203.405735;4.5816;-2.723;7.3046;7.3845;0
2022-10-31;5;30;6;6;88820815.41485;10544674058.2319;165317229.9271475;6.278;3.9867;2.2913;-1.3547;0
2022-11-07;1;30;6;6;3808535.20675;10295962.12135;8365798.420649749;-27.3735;-33.209;5.8355;0.5105;0
2022-11-07;2;29;5;5;10381390.05074;17496180.2698;14650925.871199999;-29.561;-40.2048;10.6438;-3.8589;0
2022-11-07;3;29;5;5;17946241.649350002;30895968.3902;23418362.041500002;-33.1007;-27.3672;-5.7335;-6.5728;0
2022-11-07;4;29;5;5;31279901.432725;96010599.8782375;56804638.624;-29.5887;-22.1485;-7.4402;-10.7506;0
2022-11-07;5;30;6;6;97469883.68849999;9792307108.856186;181808754.9008325;-23.0256;-27.1827;4.157;2.1393;0
2022-11-14;1;30;6;6;4426171.9715;11866829.491185;9467816.575575;-5.51;0.791;-6.3009;-2.8671;0
2022-11-14;2;30;6;6;12147087.114149999;22685457.60925;16737722.1155475;1.4141;4.7304;-3.3163;1.6372;0
2022-11-14;3;29;5;5;23077559.820550002;34538511.579935;27404498.79265;-4.4721;28.8407;-33.3128;-7.0228;0
2022-11-14;4;30;6;6;35414291.61213;118039031.792344;64387916.69790575;-2.903;0.2048;-3.1078;-1.413;0
2022-11-14;5;30;6;6;120958096.30065;9923732317.150745;226082294.4217475;-7.0108;-10.0631;3.0523;5.3043;0
2022-11-21;1;30;6;6;4458674.852700001;12410003.7007;10244528.242775;4.3268;6.878;-2.5513;-0.137;0
2022-11-21;2;30;6;6;12556622.5847;22459998.358325;16962411.796437502;-2.5289;8.9946;-11.5235;-8.6734;0
2022-11-21;3;29;5;5;22636537.824435003;34356553.779515;26977697.7495;2.5402;6.4014;-3.8613;-6.1276;0
2022-11-21;4;30;6;6;34653326.6645;120383226.1207;60615696.511337504;-0.096;8.3862;-8.4821;-2.401;0
2022-11-21;5;30;6;6;130105007.093605;9515812335.85431;240545402.226705;8.4029;10.8281;-2.4253;1.2481;0
2022-11-28;1;30;6;6;4165068.9094000002;11438376.868549999;8966754.493125;2.1467;3.9787;-1.832;-0.9448;0
2022-11-28;2;30;6;6;11504130.7903;19763565.93928;15180440.5741725;6.2464;3.7012;2.5452;6.3336;0
2022-11-28;3;30;6;6;20014122.667499997;33104292.4;25068611.3180025;0.6023;-7.1944;7.7967;0.9003;0
2022-11-28;4;30;6;6;33279538.486665003;112170256.54332;46531649.399306;5.8324;3.7554;2.077;4.3876;0
2022-11-28;5;30;6;6;112982796.9925;8235606709.758949;223194439.848575;7.489;2.6195;4.8695;1.0919;0
2022-12-05;1;30;6;6;3578595.5727500003;9744665.475345;7382714.454125;-6.2017;-2.0118;-4.1899;-4.3235;0
2022-12-05;2;29;5;5;9875213.836155001;16363316.257424999;12778875.16935;-3.3231;-2.6614;-0.6617;-2.2241;0
2022-12-05;3;29;5;5;16559720.387855;28770330.919880003;21297567.781;-1.7839;-6.3563;4.5725;3.3793;0
2022-12-05;4;29;5;5;28942216.28345;88699201.13345;40376622.037860006;-4.1192;-8.7682;4.6489;-0.3593;0
2022-12-05;5;30;6;6;88955458.03135;6645678721.733325;188980456.673405;-9.3045;-4.9886;-4.3159;-4.296;0
2022-12-12;1;30;6;6;2307598.15345;8501813.651735;6190519.816494999;-6.8343;-13.0204;6.1862;3.1415;0
2022-12-12;2;29;5;5;8565025.6975;14321145.46065;10483030.837949999;-9.6418;-9.3412;-0.3006;-3.4385;0
2022-12-12;3;29;5;5;14490086.2481;24885243.0304;17412092.29411;-13.9363;-13.7517;-0.1846;-6.21;0
2022-12-12;4;29;5;5;26151576.18555;73389067.9075;36134263.1747;-9.9071;-5.0797;-4.8275;-0.7763;0
2022-12-12;5;30;6;6;74947069.47165;5962308564.761351;156709617.5302975;-13.1788;-13.858;0.6792;-0.2787;0
2022-12-19;1;30;6;6;2330053.6142499996;8435032.21085;5991669.161785;-3.2797;-0.5002;-2.7794;-1.6326;0
2022-12-19;2;29;5;5;8509569.1196;13758877.4625;10680695.569035001;0.0562;3.653;-3.5968;-3.4171;0
2022-12-19;3;29;5;5;13909223.05361;23495362.958745003;16931531.0464;-4.884;-2.1455;-2.7384;-2.6686;0
2022-12-19;4;29;5;5;24141715.5103155;74652652.206085;36964912.73305;2.3257;-2.4708;4.7965;2.5851;0
2022-12-19;5;29;5;5;77612337.4635;5702109301.087335;143820319.969895;0.7452;-1.6849;2.4301;3.2891;0
2022-12-26;1;30;6;6;2024062.9431;7611303.87537;5584978.0818025;-4.8046;-1.3376;-3.4671;-3.5376;0
2022-12-26;2;29;5;5;7783554.209100001;11574825.65505;9526096.845295;-0.477;-0.3641;-0.1129;0.955;0
2022-12-26;3;29;5;5;11663914.842045;21784632.69635;15518729.614349999;-4.0704;-2.6569;-1.4135;0.4978;0
2022-12-26;4;29;5;5;22026009.2425;71782140.077155;37398883.704585;-7.5904;0.1141;-7.7045;-5.198;0
2022-12-26;5;29;5;5;78614561.3235;5568418404.5599;132318878.23215;-1.5139;-5.8143;4.3003;7.71;0
2023-01-02;1;30;6;6;1770263.90105;7333087.593495;4994987.0249375;7.0531;10.6172;-3.564;-5.082;0
2023-01-02;2;29;5;5;7356655.64095;10388273.981185;8616910.66;4.2398;16.3679;-12.1281;-11.5924;0
2023-01-02;3;29;5;5;10602413.4616;19553987.4867;14258177.444224998;23.5809;13.4909;10.0901;1.317;0
2023-01-02;4;29;5;5;20155889.66195;70860092.76625;34723795.32024;7.6205;38.27;-30.6496;-20.9728;0
2023-01-02;5;29;5;5;71643952.6588;4926951883.10955;127072233.86104;12.0313;20.373;-8.3417;-5.0195;0
2023-01-09;1;30;6;6;1865613.1119;6912108.1892;5028773.0073075;19.4489;18.6888;0.7601;-1.6867;0
2023-01-09;2;29;5;5;6912715.1296999995;10334025.2751;8340620.16278;27.176;22.9813;4.1947;-1.0418;0
2023-01-09;3;29;5;5;10633171.3442;19573145.217359997;14508189.6471;37.956;25.7787;12.1773;12.3787;0
2023-01-09;4;29;5;5;20155889.66195;64842739.5458;31252864.037525;42.2547;20.1556;22.099;21.3423;0
2023-01-09;5;29;5;5;65505243.46735;3988385882.30132;123613517.201725;34.5982;16.259;18.3392;19.475;0
2023-01-16;1;30;6;6;2004667.32675;7825601.32345;5491429.711075;6.8305;4.4921;2.3385;1.0552;0
2023-01-16;2;29;5;5;7890024.10255;10828387.535149999;9193448.975525;8.8737;3.4946;5.3791;4.2559;0
2023-01-16;3;29;5;5;11053759.252685;22513875.60808;16608818.90315;5.371;5.4619;-0.0909;4.0899;0
2023-01-16;4;29;5;5;23202691.684575;87950563.81799999;34695123.940755;8.288;2.365;5.9229;2.2612;0
2023-01-16;5;29;5;5;89879665.82885;4429903961.2651005;123026750.72850001;21.5685;1.8874;19.6811;16.0706;0
2023-01-23;1;30;6;6;2078411.0617;9057938.550700001;7644397.0212775;12.4717;10.2299;2.2418;-1.6141;0
2023-01-23;2;29;5;5;9619674.167695;15804762.364950001;12683642.04482;12.6004;21.0276;-8.4272;-6.1141;0
2023-01-23;3;29;5;5;17007843.0374;25873694.579049997;22011429.381675;5.2986;5.1116;0.1871;-8.0695;0
2023-01-23;4;29;5;5;26721826.037;103709485.4971;43486697.3968;5.2658;11.6433;-6.3775;-10.1072;0
2023-01-23;5;29;5;5;104691307.0469;5530727146.924205;180190365.106;19.1318;12.1318;7.0;13.6704;0
2023-01-30;1;30;6;6;2814386.8116;13593399.578049999;9502580.887745;2.0976;0.5368;1.5607;2.5269;0
2023-01-30;2;29;5;5;13761588.675955001;21002917.284745;16141790.719545498;4.4255;6.6912;-2.2658;-8.7009;0
2023-01-30;3;29;5;5;21089250.76365;36596878.54855;27094712.279799998;2.9397;2.2881;0.6516;3.151;0
2023-01-30;4;29;5;5;37632326.657075;148042195.91885;55390551.013435;3.5719;7.1428;-3.5709;-0.5229;0
2023-01-30;5;29;5;5;148873553.4239;9386661721.391775;262141074.7055;5.3305;-0.7853;6.1157;18.8617;0
2023-02-06;1;30;6;6;3374037.58325;16146943.943;12432318.501697;-0.2023;-0.2834;0.081;2.8418;0
2023-02-06;2;29;5;5;16570282.927755;25433507.1866;20432412.15994;-0.8341;3.0091;-3.8432;-12.1721;0
2023-02-06;3;29;5;5;25660716.07576;42045895.307569996;33935249.695;-0.0126;4.7079;-4.7205;-4.4947;0
2023-02-06;4;29;5;5;42284927.805700004;158559709.9378;60891002.93075;-6.1597;4.6345;-10.7942;-3.9618;0
2023-02-06;5;29;5;5;159924625.57535;11594033025.720924;313450782.00339997;-13.089;-12.2877;-0.8014;-5.6261;0
2023-02-13;1;30;6;6;3374037.58325;17689546.79643;13572816.127925001;4.8419;20.6151;-15.7733;-12.5097;0
2023-02-13;2;29;5;5;17733752.637065;27729495.729000002;21771193.043690003;3.005;17.8142;-14.8092;-6.4661;0
2023-02-13;3;30;6;6;28107949.7495;46317107.83969;37098495.888390005;4.0522;12.1804;-8.1282;-9.7699;0
2023-02-13;4;29;5;5;48572185.487295;157795137.224625;61333873.44618;17.276;11.458;5.8181;1.9118;0
2023-02-13;5;30;6;6;164499704.56565;11310066172.81332;314682254.39397496;11.8976;10.6876;1.2101;4.9588;0
2023-02-20;1;30;6;6;3374037.58325;18948017.839105003;12831672.769125;0.0783;-4.9877;5.066;3.3235;0
2023-02-20;2;30;6;6;19429014.78746;31795355.9967;24483854.454609998;-8.9959;-8.0026;-0.9933;-2.0567;0
2023-02-20;3;29;5;5;32167577.2854;46654471.26805;38424604.285;-8.3114;-6.8636;-1.4477;-2.0441;0
2023-02-20;4;30;6;6;46750956.018884495;177228846.63655;65251699.9571875;-9.745;-7.5517;-2.1932;-5.825;0
2023-02-20;5;30;6;6;179279876.93400002;11318419035.08894;289784588.8427375;-10.2906;-4.7399;-5.5507;-6.6177;0
2023-02-27;1;31;6;6;2823186.1675500004;18659166.448445;13679318.116799999;-12.9296;-10.8074;-2.1222;-1.4979;0
2023-02-27;2;30;6;6;18814720.493649997;31561832.848625;25260956.699732497;-16.4514;-14.0275;-2.4239;-4.0759;0
2023-02-27;3;31;6;6;31604908.60079;47303139.0806745;36817249.90135;-8.3726;-15.6923;7.3197;2.3889;0
2023-02-27;4;30;6;6;48927663.765485;155280571.0405;62450283.7758;-14.9839;-14.1563;-0.8276;-3.3444;0
2023-02-27;5;31;6;6;159576937.9325;12101415971.3923;263395715.86306998;-10.9137;-9.6833;-1.2304;0.2903;0
2023-03-06;1;31;6;6;2243806.07505;17497856.2699935;12194335.7392;-6.0451;-3.2951;-2.75;-0.3469;0
2023-03-06;2;31;6;6;17577599.5736;29040801.3765;23687246.905605;-7.7089;-6.6685;-1.0404;0.7601;0
2023-03-06;3;30;6;6;29162866.2034;46480815.86182;33888274.235827506;-8.4096;-7.0486;-1.361;4.46;0
2023-03-06;4;31;6;6;47040601.75213;134217865.66550002;59515544.05545;-8.8269;-5.8799;-2.947;-1.4466;0
2023-03-06;5;31;6;6;147270567.64785;10867150915.006575;272947027.77005005;-5.4855;-4.5832;-0.9023;0.6208;0
2023-03-13;1;32;6;6;2325393.91475;16133473.566908501;11132426.287195;13.956;15.7229;-1.7669;-7.4287;0
2023-03-13;2;32;6;6;16172985.29159;25653635.76752;20524439.792884998;12.6671;17.0109;-4.3439;-6.9858;0
2023-03-13;3;32;6;6;25680157.585500002;43648555.42331;32797052.2726325;6.0108;21.2298;-15.219;-14.9832;0
2023-03-13;4;32;6;6;44705887.942115;130639023.74700001;63343308.00542;9.5215;18.9183;-9.3968;-11.7868;0
2023-03-13;5;32;6;6;133102899.53944;13471174515.121075;281145566.27182496;7.1811;43.0301;-35.849;-18.5464;0
2023-03-20;1;33;6;6;2685806.93775;15939099.8643;10660746.730215;-3.7713;-5.9434;2.1721;0.4375;0
2023-03-20;2;33;6;6;16054097.792849999;25542248.562295;20114509.009875;-5.6545;-5.3881;-0.2664;-4.06;0
2023-03-20;3;32;6;6;27302782.942185;45222442.8631;33868896.13488;-8.166;-4.727;-3.439;-1.1566;0
2023-03-20;4;33;6;6;45748751.410955;128796569.15799999;75598713.604375;-16.0224;-7.2826;-8.7399;-11.2629;0
2023-03-20;5;33;6;6;133102899.53944;15595327537.63276;283959488.781;-13.4138;-1.0072;-12.4067;-10.3973;0
2023-03-27;1;34;6;6;3105229.7617499996;15068916.8356;10674460.168625;0.4527;-0.0215;0.4742;-0.3577;0
2023-03-27;2;33;6;6;15427461.026390001;23515234.2523;18756892.9872;-2.9528;-2.026;-0.9267;0.26;0
2023-03-27;3;33;6;6;24071824.00267;41908733.02815;31718766.9458;-4.9052;3.2177;-8.1229;-7.6642;0
2023-03-27;4;33;6;6;42630323.854405;123949572.3882;68242485.4631;-1.5307;-0.4016;-1.1292;0.2428;0
2023-03-27;5;33;6;6;130362612.73449999;16703223419.758202;293631497.9481;2.6998;-0.6867;3.3865;0.8178;0
2023-04-03;1;34;6;6;3470374.8561;14922319.316669;10802057.2224075;8.0745;3.0203;5.0542;1.2131;0
2023-04-03;2;33;6;6;15197675.736456499;24429278.5608;18267465.8595;-0.0395;0.9122;-0.9518;-1.8413;0
2023-04-03;3;34;6;6;24592332.48269;42854484.744995;30543867.95851075;2.2552;-0.2382;2.4933;3.0099;0
2023-04-03;4;33;6;6;43190081.82115;128460504.01949999;64236665.153500006;7.3968;-1.2;8.5968;5.357;0
2023-04-03;5;34;6;6;131967834.25885001;18480762342.35863;287353248.13750005;0.8316;-0.8619;1.6935;1.5734;0
2023-04-10;1;34;6;6;4298356.842;14083721.6949;10609059.6975525;6.6188;8.2382;-1.6194;-5.5893;0
2023-04-10;2;33;6;6;14378629.999485001;23990045.698935;18621749.54585;7.2527;9.4463;-2.1936;-1.7026;0
2023-04-10;3;33;6;6;24022555.87215;38120674.6544;28880346.45505;8.6999;15.7326;-7.0327;-3.2177;0
2023-04-10;4;33;6;6;39621523.1852;103849861.2165;54376959.1294;7.6327;8.1097;-0.477;1.1573;0
2023-04-10;5;34;6;6;107310522.97283;18321348758.266174;220740696.26249498;17.7715;10.8843;6.8872;-0.3098;0
2023-04-17;1;34;6;6;3559801.7611;13248935.4695;10494722.4972;-16.9671;-7.2768;-9.6903;-11.0241;0
2023-04-17;2;34;6;6;13766033.137850001;23345588.895269997;18181753.27635;-19.9542;-10.8762;-9.0779;-7.98;0
2023-04-17;3;33;6;6;23446218.361500002;37709704.917355;27161572.0089;-11.3976;-13.4317;2.0341;2.551;0
2023-04-17;4;34;6;6;37811260.52853499;97350467.55296999;52295262.485925;-19.2365;-14.2873;-4.9491;-3.1898;0
2023-04-17;5;34;6;6;105969181.56244999;16842782270.07867;242487436.46359998;-20.5876;-17.9546;-2.6331;-1.0392;0
2023-04-24;1;35;7;7;3472763.2501;12490084.298581999;10355912.34107;1.6863;1.1752;0.5111;0.0043;0
2023-04-24;2;34;6;6;12516283.172571;21402422.93815;18091382.2379275;0.8358;2.0443;-1.2085;-0.9473;0
2023-04-24;3;35;7;7;21481960.321025;34834763.24585;26038588.5288;-0.3916;-2.7574;2.3658;0.611;0
2023-04-24;4;34;6;6;35597229.99895;78463845.24235001;43058332.78369;3.6034;0.4584;3.145;-2.0597;0
2023-04-24;5;35;7;7;81180909.52745;14449120829.353436;218778769.76925;0.1029;2.6242;-2.5213;-1.6858;0
2023-05-01;1;35;7;7;3363633.9559000004;12581571.580985;10174042.2808;-5.0074;-3.889;-1.1184;-2.5253;0
2023-05-01;2;35;7;7;12650118.561765;21803995.531855002;17421041.63975;-8.3469;-8.5127;0.1659;-0.28;0
2023-05-01;3;35;7;7;22109399.931199998;36753502.488010004;29237102.64723;-8.5647;-4.4864;-4.0783;-6.4236;0
2023-05-01;4;35;7;7;37103752.4603;88566399.10125;52654564.47557;1.7451;-8.5169;10.262;5.8515;0
2023-05-01;5;35;7;7;92210580.8009;13774523856.29983;201714474.51305002;-6.76;-9.5634;2.8034;3.7969;0
2023-05-08;1;36;7;7;3288032.19625;11236450.9605;9044671.731900001;-6.8077;-9.3343;2.5266;1.9214;0
2023-05-08;2;35;7;7;11252938.988699;20687180.925995;14366402.493585;-7.7869;-6.9582;-0.8287;-3.5171;0
2023-05-08;3;35;7;7;20728650.656949997;33960889.87215;27288731.00163;-8.9959;-10.4042;1.4083;0.0488;0
2023-05-08;4;35;7;7;34545971.681834996;87359650.398;50317007.32915;-9.9986;-8.9257;-1.0729;0.3947;0
2023-05-08;5;35;7;7;95875312.41246;14721226070.07831;190169857.77740002;-8.6824;-8.9461;0.2637;2.5839;0
2023-05-15;1;36;7;7;3297912.32035;10431707.27421;8296471.9737225;-1.351;2.801;-4.152;-1.0933;0
2023-05-15;2;35;7;7;10432584.7405;19347222.996305;13357833.377895001;0.21;0.7108;-0.5008;-0.8842;0
2023-05-15;3;35;7;7;19429296.714100003;35254728.891815;25845259.02527;0.0074;0.4285;-0.4211;-0.4341;0
2023-05-15;4;35;7;7;35716178.37409;86658045.302;45742857.9315;3.3998;5.1559;-1.7561;-1.1882;0
2023-05-15;5;35;7;7;90436498.981325;14606135386.431465;182422788.43215;0.2511;8.0696;-7.8185;-3.4532;0
2023-05-22;1;36;7;7;2470341.74275;8558317.604668;6838676.5822749995;2.8559;-0.4276;3.2835;1.8724;0
2023-05-22;2;35;7;7;8572308.69977;16214063.202735;11051691.347240001;5.4669;2.2438;3.2231;1.4403;0
2023-05-22;3;36;7;7;16472035.5189;29889336.161;23042858.638444997;9.7469;3.289;6.4579;4.2403;0
2023-05-22;4;35;7;7;31820024.447949998;76857404.406623;42924328.9559;10.6194;3.1585;7.4609;1.1622;0
2023-05-22;5;36;7;7;77537664.31985;13507624619.2257;165276175.4221875;8.6879;9.3664;-0.6785;-1.2751;0
2023-05-29;1;37;7;7;2307788.8001;8087127.1213;6030969.9679000005;-2.3175;2.8938;-5.2114;1.0327;0
2023-05-29;2;36;7;7;8107577.21162;15044556.5078;10472462.712575;0.2507;-1.9052;2.1559;0.8169;0
2023-05-29;3;36;7;7;15644153.149345;27506252.317325003;21934811.1535;-1.6847;-0.9717;-0.7131;-2.7543;0
2023-05-29;4;36;7;7;27528256.802670002;78770096.70355001;43126121.023889996;-3.0995;0.9642;-4.0637;-2.7851;0
2023-05-29;5;37;7;7;81918496.58269;12187613444.912535;154532950.26968002;-12.5542;-6.0787;-6.4756;-8.6254;0
2023-06-05;1;37;7;7;1784260.81565;7503235.367450001;5690002.3704;-19.4003;-26.9721;7.5718;3.2427;0
2023-06-05;2;37;7;7;7617387.70727;13763255.251449998;10017391.972;-27.955;-23.9935;-3.9615;-2.936;0
2023-06-05;3;36;7;7;14146770.518195;27160671.4929;20068897.6587125;-22.2779;-26.4241;4.1462;1.8295;0
2023-06-05;4;37;7;7;27272938.803;71111248.34856999;41139487.252399996;-22.3626;-27.8597;5.4971;2.9566;0
2023-06-05;5;37;7;7;71742557.67305;10254953842.47431;185575950.87055;-24.1646;-22.0649;-2.0998;-0.5947;0
2023-06-12;1;37;7;7;1673945.3473;7366942.3879;5791351.88157;1.9465;3.9134;-1.9669;-5.2358;0
2023-06-12;2;36;7;7;7549583.777899999;13394987.1997955;9513897.894955;3.7979;2.5599;1.238;-1.5689;0
2023-06-12;3;37;7;7;13498704.3889;27272938.803;19410002.4577;6.1547;3.7171;2.4376;0.6387;0
2023-06-12;4;36;7;7;27581295.1249;72420142.51195;39350604.2933175;3.5975;1.1027;2.4948;3.1796;0
2023-06-12;5;37;7;7;72604939.441;10074466165.58385;183722203.54535002;-2.4329;3.8827;-6.3156;-0.6704;0
2023-06-19;1;37;7;7;1693444.5619;7665759.293400001;5918184.7248935;16.5751;17.4596;-0.8845;1.9789;0
2023-06-19;2;37;7;7;7739935.90575;14226494.34293;9908743.094390001;10.4007;18.2681;-7.8675;-7.9145;0
2023-06-19;3;36;7;7;14543013.43022;24873821.535415;19600562.456057496;12.854;22.2034;-9.3494;-11.0482;0
2023-06-19;4;37;7;7;25027959.171285;70238817.214825;43869001.91865;8.9465;25.4082;-16.4618;-12.1013;0
2023-06-19;5;37;7;7;71742557.67305;10212026049.616001;183246729.069;12.4438;11.7914;0.6524;0.2763;0
2023-06-26;1;37;7;7;1877549.31005;8026791.066059;5905452.012776;6.6458;-0.2741;6.9199;0.173;0
2023-06-26;2;37;7;7;8209310.24725;15883132.821695;12021631.3226;9.5458;0.1898;9.356;-1.1739;0
2023-06-26;3;37;7;7;16012799.805925;26729183.340800002;20971813.855724998;1.7734;0.4754;1.298;-2.8771;0
2023-06-26;4;37;7;7;26780033.94865;76012655.389;42232821.306449994;5.2447;-4.4746;9.7193;7.6874;0
2023-06-26;5;37;7;7;78575952.78825;11098969859.20206;166857620.4808;-2.6419;-2.8149;0.173;-0.0833;0
2023-07-03;1;37;7;7;2303312.13335;9085377.771716;6421801.2063;-6.9997;-4.1705;-2.8292;-4.779;0
2023-07-03;2;37;7;7;9622236.355455;16317707.789154999;12093235.915975;-6.7862;-5.5647;-1.2214;-2.2931;0
2023-07-03;3;37;7;7;16446859.363814998;27609333.44015;21579954.35677;-9.284;-7.3023;-1.9817;-2.385;0
2023-07-03;4;37;7;7;28084321.354000002;83246042.67750001;40189759.119399995;-4.5652;-2.5477;-2.0175;-4.7748;0
2023-07-03;5;37;7;7;87841678.18645;11765128764.772764;176705153.68408;-7.2248;-2.7459;-4.4789;-3.9719;0
2023-07-10;1;37;7;7;2296794.22295;9861652.12286;6017834.32565;-0.1259;0.7746;-0.9005;-3.9036;0
2023-07-10;2;37;7;7;10015995.542085;16552742.569485001;13326563.5255;4.8623;4.8629;-0.0006;-0.349;0
2023-07-10;3;37;7;7;17008680.575525;28750020.5205;22355176.48145;3.5108;4.333;-0.8222;-1.2979;0
2023-07-10;4;37;7;7;28833861.3221;95142315.443;51919986.7508;-0.5074;10.6759;-11.1834;-3.7737;0
2023-07-10;5;37;7;7;95264472.58965;11381973095.985516;188643129.0844;3.8655;3.9674;-0.1019;0.2522;0
2023-07-17;1;38;7;7;2096834.02355;9603078.783009999;5635713.855925;-0.6065;5.0672;-5.6737;-1.6862;0
2023-07-17;2;37;7;7;9609539.945530001;16919060.68195;13646981.397100002;0.5748;0.6355;-0.0607;1.3092;0
2023-07-17;3;37;7;7;17485736.63475;31858509.0361;21763430.7828565;-4.013;-1.3583;-2.6547;2.7981;0
2023-07-17;4;37;7;7;32301744.61609;97942692.1215;53542618.80785;4.7349;-1.2781;6.013;7.8355;0
2023-07-17;5;37;7;7;99417330.63475999;11053101385.460896;194684803.21578002;-2.3154;1.7786;-4.094;-1.6209;0
2023-07-24;1;38;7;7;1791804.32993;8533839.23322;5754440.521;-2.1102;-2.5798;0.4695;1.316;0
2023-07-24;2;37;7;7;8592880.957725;15608053.197795;11761743.4453;-3.602;0.3477;-3.9497;-7.3897;0
2023-07-24;3;38;7;7;15984743.79045;29533606.508500002;20537105.4445825;-6.2181;-0.5846;-5.6334;-5.1119;0
2023-07-24;4;37;7;7;29558646.156010002;92914961.7486;49468933.139695;-3.62;-7.1304;3.5104;0.3627;0
2023-07-24;5;38;7;7;96385685.37555;9696031380.53095;182832783.2098575;0.924;-5.2581;6.1821;-1.1937;0
2023-07-31;1;38;7;7;1561395.07036;7926178.401505;5540870.561125;-2.5712;-0.5807;-1.9905;-0.6077;0
2023-07-31;2;38;7;7;8107746.70465;13651878.39;10355730.6860525;-2.8671;3.875;-6.7421;-6.6513;0
2023-07-31;3;37;7;7;13742776.2391;25817200.23667;18293600.64717;-2.1222;-1.8171;-0.3051;-0.2235;0
2023-07-31;4;38;7;7;25941009.354259998;84554665.76390001;41693285.1262725;-3.3576;-2.9648;-0.3928;-0.1186;0
2023-07-31;5;38;7;7;86702139.55753;8966709963.338366;152311436.2119675;-0.5709;-3.299;2.7281;0.8426;0
2023-08-07;1;38;7;7;1644603.1582300002;7033603.407974999;5655466.12835;2.4442;0.42;2.0242;4.8817;0
2023-08-07;2;38;7;7;7093972.7855;11823748.465300001;9681294.983075;2.4557;3.873;-1.4173;1.4515;0
2023-08-07;3;37;7;7;11873668.55397;22942022.85245;16425250.0805;3.9757;0.7653;3.2104;1.5617;0
2023-08-07;4;38;7;7;22959111.125249997;73778707.762;38197256.7189425;1.9648;2.3186;-0.3538;-1.1521;0
2023-08-07;5;38;7;7;79961373.4014;6747539919.49722;144303982.57459998;-0.9588;1.9086;-2.8674;-0.5654;0
2023-08-14;1;38;7;7;1550324.00873;7314741.799936;5150602.406965;-12.8906;-12.6515;-0.2391;-0.4522;0
2023-08-14;2;38;7;7;7575342.19675;11605449.420475;9109128.490307499;-17.3794;-16.1216;-1.2578;-0.0868;0
2023-08-14;3;38;7;7;11734325.480999999;21477315.30535;14904930.307470001;-11.7697;-14.7567;2.987;-4.0212;0
2023-08-14;4;38;7;7;21518335.00649;68478345.54445;34392807.1254775;-15.9329;-16.3946;0.4617;-5.1101;0
2023-08-14;5;38;7;7;69964286.2999;6711780730.288315;154841858.09784752;-15.7836;-11.4556;-4.328;-3.1161;0
2023-08-21;1;39;7;7;1811549.2614000002;7292045.4712000005;5362019.7626;-0.3576;-0.0299;-0.3277;1.1485;0
2023-08-21;2;38;7;7;7388096.64826;11850628.006074999;9264766.471382499;-2.8956;-1.9066;-0.989;1.6484;0
2023-08-21;3;39;7;7;12271452.782035;20269346.804399997;15998871.106449999;-1.2682;0.5779;-1.8461;5.0102;0
2023-08-21;4;38;7;7;20849908.93685;62632325.90455;33398528.0233125;0.1245;-3.4435;3.568;0.3614;0
2023-08-21;5;39;7;7;63134617.81775;6711780730.288315;133064246.08684999;-7.1787;-2.3033;-4.8754;-1.623;0
2023-08-28;1;39;7;7;1740569.2108999998;7154948.843;5179925.8781;14.1331;4.2996;9.8336;1.6411;0
2023-08-28;2;39;7;7;7190504.0115;11019299.89929;9367369.65935;-2.328;-3.3003;0.9723;-0.665;0
2023-08-28;3;39;7;7;11132392.35305;20692782.5963;15297303.307535;1.7782;0.2467;1.5315;5.3007;0
2023-08-28;4;39;7;7;21216980.387730002;69483363.96368;40333759.8279;1.0115;2.866;-1.8546;0.0666;0
2023-08-28;5;39;7;7;70585938.53405;6837635114.760225;134583238.702;8.7965;-1.7302;10.5266;0.945;0
2023-09-04;1;40;8;8;1740569.2108999998;7546649.360445;4810241.7475499995;4.7863;1.9405;2.8458;-1.2101;0
2023-09-04;2;39;7;7;7567549.38675;11323368.912269998;9131935.60495;-6.8491;1.1322;-7.9813;-5.104;0
2023-09-04;3;39;7;7;11391293.097;20985767.865199998;14429167.070629999;5.2079;-2.2556;7.4635;0.9494;0
2023-09-04;4;39;7;7;20987551.1383;64151435.58505;35413251.414000005;-1.7902;-1.0068;-0.7834;4.6912;0
2023-09-04;5;40;8;8;65178833.36294;7036904906.98291;140482692.479275;-2.8808;-6.5088;3.628;3.5963;0
2023-09-11;1;40;8;8;1438667.13205;7110084.25509;5133399.161425;-2.2221;-0.6778;-1.5443;-1.9128;0
2023-09-11;2;40;8;8;7116326.030435;11000369.4548;8993523.313329998;3.5683;1.7562;1.8122;1.7133;0
2023-09-11;3;39;7;7;11080864.961959999;20760136.13907;14951712.760765;1.0439;2.486;-1.442;-1.6753;0
2023-09-11;4;40;8;8;20798726.350505;62468048.3488;32389288.714125;-2.2791;2.8768;-5.1559;-5.7034;0
2023-09-11;5;40;8;8;62907409.471865;6251884274.061715;142972608.6506125;5.4044;-4.1317;9.536;7.3566;0
2023-09-18;1;40;8;8;1196148.150085;7105758.048715;5256571.070069999;2.8644;-0.3293;3.1937;3.6664;0
2023-09-18;2;39;7;7;7203550.79455;10613145.964680001;8862879.9631;-3.0324;1.8762;-4.9086;-3.9193;0
2023-09-18;3;40;8;8;10627899.440499999;18976355.5962;13673719.854194999;-2.0;1.6684;-3.6684;-4.3941;0
2023-09-18;4;39;7;7;19580421.0387;52061342.8062;29432760.4081;4.821;1.6459;3.1751;0.3122;0
2023-09-18;5;40;8;8;53934968.62105;6463881126.746506;126847886.99518251;7.0934;-0.8366;7.93;1.4904;0
2023-09-25;1;40;8;8;1678591.17655;6965710.14685;5039261.679445;10.8313;8.0466;2.7848;1.461;0
2023-09-25;2;39;7;7;7022401.591435;10880780.107672;9077570.219195;12.5721;13.5351;-0.963;-1.0969;0
2023-09-25;3;39;7;7;10979484.9955;18842006.058645;14224701.215;9.1219;12.1785;-3.0566;-1.5451;0
2023-09-25;4;39;7;7;19257334.42865;48038087.0663;33722261.3685;11.8202;11.8388;-0.0185;-4.8968;0
2023-09-25;5;40;8;8;50818644.062649995;6463881126.746506;111928798.07315251;13.0701;18.9306;-5.8605;-4.0154;0
2023-10-02;1;40;8;8;1678591.17655;6776379.175245;4967913.544017499;-7.5571;-1.7305;-5.8266;-5.5335;0
2023-10-02;2;39;7;7;7168825.40348;11123202.298135001;8958720.318865001;-7.8009;-1.9107;-5.8902;-7.8534;0
2023-10-02;3;39;7;7;11132541.31815;19189448.59382;13963426.2281;-14.1931;-6.9446;-7.2485;-5.3602;0
2023-10-02;4;39;7;7;19323623.954350002;52682772.044355;29562809.8218;-5.3205;-5.2497;-0.0709;-3.3827;0
2023-10-02;5;40;8;8;53403217.138635;6537086717.07378;107173863.6050475;-14.4788;-7.5112;-6.9676;-3.7389;0
2023-10-09;1;40;8;8;1908471.39425;7096206.81629;4677732.592532501;2.6056;-3.1485;5.7541;4.0263;0
2023-10-09;2;40;8;8;7102199.1771;10656280.201949999;8733950.537875;-0.167;-3.1156;2.9486;0.1745;0
2023-10-09;3;39;7;7;10815082.919415;18325370.22995;13898023.15894;-3.903;-4.4337;0.5307;1.5503;0
2023-10-09;4;40;8;8;18677836.59205;52018610.7781;29155663.322825;-5.1683;-4.5561;-0.6122;-2.0062;0
2023-10-09;5;40;8;8;54257407.3248;7599183062.09062;110776336.6646775;-5.6413;-5.5446;-0.0968;-0.0305;0
2023-10-16;1;41;8;8;1891435.4278;6619853.134135;4623777.528840501;0.4958;1.3463;-0.8505;-1.1937;0
2023-10-16;2;40;8;8;6679545.7194;10183974.882100001;8266671.348625;4.645;-0.3397;4.9847;1.5069;0
2023-10-16;3;40;8;8;10194136.47415;18070348.221979998;13169416.2744525;1.6252;3.875;-2.2498;0.4133;0
2023-10-16;4;40;8;8;18095707.44725;53173859.84005;30770036.7399;4.043;1.2987;2.7443;1.5763;0
2023-10-16;5;40;8;8;53281156.16255;6813124889.1779;101846190.64660999;1.2333;8.7822;-7.5488;-5.835;0
2023-10-23;1;41;8;8;1025273.73845;6285449.514705;4842897.772997;13.324;13.9445;-0.6205;-0.9709;0
2023-10-23;2;40;8;8;6382051.9233;9795208.804049999;7731580.2707825005;14.9278;15.7715;-0.8437;-2.4863;0
2023-10-23;3;41;8;8;10173672.627799999;17908273.99639;12706806.46273;18.1729;18.2547;-0.0818;-0.8156;0
2023-10-23;4;40;8;8;17963058.32082;46369313.947;27847289.843375;23.992;20.2494;3.7426;-4.1963;0
2023-10-23;5;41;8;8;46746482.191599995;7593343633.870544;105955146.263;21.6245;23.511;-1.8865;-4.1748;0
2023-10-30;1;41;8;8;1100837.31195;6715967.766365;4891624.283919999;6.065;2.8141;3.2509;0.5977;0
2023-10-30;2;41;8;8;6795811.837913;11348136.527905;8614814.5328;8.3634;5.6027;2.7607;-3.7271;0
2023-10-30;3;40;8;8;11439636.74945;19661446.06435;14203323.68685;9.9501;7.4803;2.4698;-1.2913;0
2023-10-30;4;41;8;8;19789949.883;54198992.140324995;32459867.11581;11.5353;5.3912;6.1441;-6.2443;0
2023-10-30;5;41;8;8;54674470.363299996;8109368039.34651;122776418.7223;7.607;5.6958;1.9111;-2.847;0
2023-11-06;1;42;8;8;1232956.16145;7646715.62814;5953109.622935;10.2672;6.2361;4.0311;2.4129;0
2023-11-06;2;42;8;8;7800409.77366;12011250.4853;9439630.767250001;6.1139;11.5394;-5.4255;-2.0225;0
2023-11-06;3;41;8;8;12741190.62125;23826032.184880003;17083815.1888;11.0773;20.9387;-9.8614;-0.6456;0
2023-11-06;4;42;8;8;24110125.92515;72369549.59674999;41406839.659625;6.9536;26.5618;-19.6082;0.8123;0
2023-11-06;5;42;8;8;72784482.5519;8788748081.80353;123042076.3667375;17.3734;11.1221;6.2513;0.611;0
2023-11-13;1;43;8;8;1550589.23134;9643981.803089999;7120246.2121805;-5.3944;-1.7651;-3.6293;-6.9491;0
2023-11-13;2;42;8;8;9645409.476615;16143047.27665;12654139.508255;-8.9785;-0.6063;-8.3722;-10.5384;0
2023-11-13;3;43;8;8;16462364.2736;29960378.29465;22404646.928337;-1.8502;-6.1238;4.2735;1.0386;0
2023-11-13;4;42;8;8;30875626.347149998;79369023.62259999;48763575.56147;-10.6978;1.055;-11.7528;-5.9725;0
2023-11-13;5;43;8;8;80106323.57370001;9477579248.026646;167263239.10315;1.7316;1.4995;0.2321;4.4456;0
2023-11-20;1;44;8;8;1840016.345735;11106704.8476;7985900.2234074995;3.3255;8.025;-4.6996;-3.115;0
2023-11-20;2;43;8;8;11280259.8418975;18508783.3458035;14627889.688125;1.9664;7.0379;-5.0715;-4.3642;0
2023-11-20;3;44;8;8;18523042.9248;33166669.868100002;25589210.10502;-5.719;3.2838;-9.0029;-5.2223;0
2023-11-20;4;43;8;8;33547267.556050003;89835837.9265;54940733.4368;6.9971;-0.0345;7.0315;0.198;0
2023-11-20;5;44;8;8;97368299.40365;10135166812.89085;189774050.906225;-2.6723;12.3281;-15.0003;-7.7129;0
2023-11-27;1;45;9;9;1880590.9241499999;11235450.79555;7840610.936734499;-2.2457;2.6354;-4.8811;-5.0241;0
2023-11-27;2;45;9;9;11713845.154055;18763460.4924945;14097853.03935;-1.9927;11.6693;-13.6621;-6.1442;0
2023-11-27;3;44;8;8;18787634.395450003;31258775.28259;24282082.018437497;15.1515;3.0496;12.1019;0.3791;0
2023-11-27;4;45;9;9;32754101.210525;89695553.893;52816765.89565;14.9495;7.2689;7.6807;0.0447;0
2023-11-27;5;45;9;9;92497959.43834999;10135166812.89085;181824128.1332;-2.1535;17.2723;-19.4258;-9.8061;0
2023-12-04;1;46;9;9;1753335.01985;10534712.224259999;8160697.162450001;15.9755;12.5758;3.3996;6.6128;0
2023-12-04;2;45;9;9;10981501.474815;16816460.23225;14337142.23546;16.2217;9.5669;6.6549;0.8627;0
2023-12-04;3;46;9;9;17047722.561025;29733290.8108;22148600.607675;4.0337;10.2272;-6.1935;-10.7881;0
2023-12-04;4;45;9;9;30055260.743695;81979713.44999999;48206742.60395;5.3009;6.0014;-0.7006;-5.4949;0
2023-12-04;5;46;9;9;85037057.42539999;9896863763.13837;186021969.2353775;14.4782;8.1792;6.299;5.3298;0
2023-12-11;1;46;9;9;1653467.07605;11278482.852976;8680029.24865475;-6.1873;-3.2406;-2.9467;-5.0425;0
2023-12-11;2;46;9;9;11401303.06523;17868506.338885;14422429.23705;-1.5891;-7.1299;5.5408;3.2626;0
2023-12-11;3;46;9;9;17919346.6202;31718726.1527;23658136.944222502;-3.9913;-7.0067;3.0154;1.8889;0
2023-12-11;4;46;9;9;31840743.667;95172411.59376499;45905936.819450006;-3.965;-0.9442;-3.0208;1.7154;0
2023-12-11;5;46;9;9;96146776.03154999;10757443489.5921;189781029.49114725;-5.467;-8.3938;2.9267;6.9648;0
2023-12-18;1;48;9;9;1368443.95915;10620681.504099999;8287109.190649999;9.7509;5.1363;4.6146;-0.6573;0
2023-12-18;2;47;9;9;10693738.024234999;17412845.18908;14017539.1568;13.2208;7.7219;5.4989;2.6246;0
2023-12-18;3;47;9;9;17511645.07655;31728261.52244;22621767.2681;11.7255;5.7066;6.0189;3.8153;0
2023-12-18;4;47;9;9;31840743.667;100357420.50665;47450569.476755;4.9285;33.8043;-28.8758;-7.0104;0
2023-12-18;5;47;9;9;101803207.02955;11242873377.268915;187552798.46149498;15.2195;2.3625;12.857;8.5324;0
2023-12-25;1;48;9;9;1450833.3122999999;11358256.756545;8625831.560425;-3.4542;11.8837;-15.338;-3.916;0
2023-12-25;2;47;9;9;11373454.3405;17695126.9622;14596276.2285;-8.6213;-0.6457;-7.9756;-10.4622;0
2023-12-25;3;47;9;9;17790439.681385;32809446.2655;22691392.10652;2.4189;-0.3008;2.7197;-0.1879;0
2023-12-25;4;47;9;9;33068474.733255;102426501.8978;52614433.192;-4.3726;1.6008;-5.9734;-2.3327;0
2023-12-25;5;47;9;9;104292612.47780001;11444858352.004885;227120721.55525;3.6462;-7.2347;10.8808;2.753;0
2024-01-01;1;48;9;9;1822443.0125000002;12881865.291775;9689357.182327501;-16.2458;-13.4792;-2.7666;-2.3868;0
2024-01-01;2;47;9;9;12932767.058600001;19246176.751225002;16021841.399999999;-17.7499;-16.802;-0.9479;-5.1198;0
2024-01-01;3;48;9;9;19324714.73275;37820344.79425;25608116.0066975;-6.9466;-15.3638;8.4172;10.5693;0
2024-01-01;4;47;9;9;37997970.229155004;105667320.92875001;60986776.80882;-6.2785;-14.4508;8.1724;4.1866;0
2024-01-01;5;48;9;9;106141175.2388;11589996617.91103;240268978.316125;-7.6345;-13.5192;5.8846;3.1337;0
2024-01-08;1;49;9;9;1738708.1982;12115201.638105001;9532532.533695;8.6879;6.8365;1.8513;-0.097;0
2024-01-08;2;48;9;9;12168104.760045;19238048.5506;15679686.471125;2.8201;7.4639;-4.6438;-0.6007;0
2024-01-08;3;48;9;9;19465412.18248;36933198.982475;25513019.83637;12.6923;2.6455;10.0467;1.0684;0
2024-01-08;4;48;9;9;37400281.070785;101810253.2572;57623855.65794275;3.5421;7.3437;-3.8016;-1.155;0
2024-01-08;5;48;9;9;115971464.370125;10978422095.437675;230124909.42415;9.2681;12.6984;-3.4303;-5.7324;0
2024-01-15;1;49;9;9;1738708.1982;11976697.282869998;9191312.064860001;-0.6015;1.4115;-2.0129;-2.7573;0
2024-01-15;2;48;9;9;12038062.492745;19759802.4207;14959766.2324465;2.028;-0.6618;2.6898;-2.6202;0
2024-01-15;3;48;9;9;19760983.55095;37305275.71005;24747677.51139;-0.3379;-6.3656;6.0276;0.9608;0
2024-01-15;4;48;9;9;37400281.070785;95654905.9051;62720242.820277505;-0.0176;-4.681;4.6635;2.9026;0
2024-01-15;5;49;9;9;100897821.414;11589996617.91103;250998307.12143815;-9.3124;-2.5101;-6.8023;-7.3339;0
2024-01-22;1;49;9;9;1699181.3605499999;11277355.153705;8236301.406925;-2.5731;-4.3665;1.7934;-0.6158;0
2024-01-22;2;48;9;9;11430567.516485;18309421.0082;14710696.937165;-1.0645;-3.0507;1.9863;-2.0981;0
2024-01-22;3;49;9;9;18473734.6059105;36908815.654355004;25010639.78135;-3.5358;-3.3421;-0.1937;0.0113;0
2024-01-22;4;48;9;9;36914183.404410005;100053735.53851;58165022.0597125;-3.0779;-3.3726;0.2947;-0.523;0
2024-01-22;5;49;9;9;100897821.414;10928635220.18658;213300385.098721;-4.3134;2.8365;-7.1499;-4.9069;0
2024-01-29;1;49;9;9;1631859.6285;9225970.796050001;6675006.012949999;-2.1109;-2.5174;0.4065;1.2764;0
2024-01-29;2;49;9;9;9288721.9573755;15102512.21075;11773508.0749;2.3712;-5.8195;8.1908;5.1317;0
2024-01-29;3;49;9;9;15953965.9394;30467315.84112;20901984.24855;-2.98;-4.0226;1.0426;0.628;0
2024-01-29;4;49;9;9;31069811.603749998;88057982.02245;47298931.12795;3.62;1.1754;2.4447;3.193;0
2024-01-29;5;49;9;9;95009708.4947;11612708420.128635;186740797.282705;-3.697;-1.2139;-2.4831;3.0802;0
2024-02-05;1;49;9;9;1263034.2943;7187659.299295001;5120170.820900001;5.1804;11.6827;-6.5023;-6.6505;0
2024-02-05;2;49;9;9;7267514.215;12745185.4211;9608662.27328;8.8742;10.4103;-1.5361;-0.6546;0
2024-02-05;3;49;9;9;13224157.02725;24967682.2419;18679168.3379;8.4143;12.501;-4.0867;1.1893;0
2024-02-05;4;49;9;9;25209582.15428;84430675.8563;45330801.602850005;6.0772;11.2315;-5.1543;-5.5133;0
2024-02-05;5;49;9;9;85793731.3865;10756954406.14159;171008530.2811;9.6584;9.9979;-0.3395;1.2092;0
2024-02-12;1;50;10;10;1869743.3324000002;5510353.874095;4340948.020055249;19.3077;12.0861;7.2216;10.4425;0
2024-02-12;2;49;9;9;5658792.22755;10621521.417399999;7662311.9934;17.8212;17.6987;0.1224;3.4662;0
2024-02-12;3;49;9;9;10625568.558224998;20610048.380555;15390804.940485;25.2982;14.1753;11.1229;8.6708;0
2024-02-12;4;49;9;9;21028496.67369;73306631.117865;39407536.52085;15.0501;16.6397;-1.5896;-0.4595;0
2024-02-12;5;50;10;10;73308308.36945;10272964037.346775;142167316.32530916;16.3189;9.9696;6.3493;4.6651;0
2024-02-19;1;50;10;10;1678168.8838;6344266.6166;4379473.093387575;4.9633;2.4444;2.5189;1.7203;0
2024-02-19;2;50;10;10;6373819.726785;10631512.088100001;7922647.3892425;3.1851;3.9039;-0.7188;1.7503;0
2024-02-19;3;49;9;9;10707169.885825;20268346.475500003;15776464.640050001;17.3319;0.6735;16.6584;-1.0445;0
2024-02-19;4;50;10;10;21657820.687974997;69180330.4893;42097562.225682504;11.9734;-1.5726;13.546;4.3667;0
2024-02-19;5;50;10;10;72868265.69187999;10926721112.155146;142935988.45075;-1.6309;-2.9955;1.3646;-2.7679;0
2024-02-26;1;51;10;10;1759696.48965;7575836.397145;5036997.842697;18.8007;23.4419;-4.6411;1.217;0
2024-02-26;2;50;10;10;7597884.126788501;12081601.35752425;9346124.926843;30.1069;14.2632;15.8437;6.8116;0
2024-02-26;3;50;10;10;12271293.0717;25797205.68845;18334347.1048125;23.7905;13.7614;10.0292;-0.5216;0
2024-02-26;4;50;10;10;25910452.99711;72527558.776665;48730812.307115;16.9314;22.8239;-5.8925;8.2546;0
2024-02-26;5;51;10;10;73636043.15349999;10977794374.90786;169412825.93555;37.3213;40.81;-3.4888;3.9605;0
2024-03-04;1;51;10;10;1075710.18635;11124151.9201;7129737.11985;13.8612;2.5997;11.2615;10.7132;0
2024-03-04;2;51;10;10;11204888.622790001;17988951.4124485;13808271.06574;13.2941;13.5249;-0.2307;-5.3504;0
2024-03-04;3;51;10;10;18344838.503715;35665109.69542;25118840.21915;12.0293;5.4438;6.5855;2.1675;0
2024-03-04;4;51;10;10;36408480.50311;97022012.57010001;62556727.0294;20.0644;21.935;-1.8705;4.305;0
2024-03-04;5;51;10;10;101928828.91345;12538721016.912106;183032153.14126998;16.0521;15.6597;0.3924;-5.3786;0
2024-03-11;1;52;10;10;2374736.79875;16423129.28245;11967795.248865;-8.6135;2.8774;-11.4909;-10.1393;0
2024-03-11;2;51;10;10;16595264.7282;26332624.447;20203034.80459;-9.7914;-4.4689;-5.3225;-6.5715;0
2024-03-11;3;51;10;10;26665835.14965;48402379.165869996;33984809.55025;4.178;-9.756;13.934;14.3315;0
2024-03-11;4;51;10;10;48770645.2745;129893692.37535;86878602.1266365;-1.2726;-9.8718;8.5991;4.4332;0
2024-03-11;5;52;10;10;131874692.64320001;17370367684.936478;253398274.50519997;-3.5474;-6.5641;3.0167;-3.2365;0
2024-03-18;1;52;10;10;2989215.3966;20481477.155129;14941233.2338;-6.2678;9.1895;-15.4573;-0.9012;0
2024-03-18;2;52;10;10;20557371.41254;32478943.93425;25699820.362540003;5.8638;17.8794;-12.0156;0.4576;0
2024-03-18;3;51;10;10;32541124.124454997;59326936.92405;41516096.14365;-2.7829;5.6562;-8.4391;-3.8246;0
2024-03-18;4;52;10;10;59778166.0872797;167253578.49975;96634704.06405;-7.2139;7.318;-14.5319;-5.5408;0
2024-03-18;5;52;10;10;172192084.79665;20534296642.67451;320215584.8726175;-3.5809;0.3672;-3.948;-7.6608;0
2024-03-25;1;53;10;10;2730985.55985;21678689.869625002;15289868.238375;10.8919;9.7284;1.1635;5.2061;0
2024-03-25;2;52;10;10;21689635.760085;33225584.782835;27380412.66101775;6.7914;5.7183;1.0731;-5.2469;0
2024-03-25;3;53;10;10;33690609.712138504;61101810.91585;42776727.40445;13.0922;7.9648;5.1274;4.6898;0
2024-03-25;4;52;10;10;63415332.6629;162760966.84174;97562997.29543;11.1712;9.4011;1.7701;-3.1082;0
2024-03-25;5;53;10;10;164814964.6453575;22828005586.030197;349770996.649585;8.1122;8.0947;0.0175;0.8033;0
2024-04-01;1;53;10;10;2236525.1946;22096457.36395;15009404.021499999;-2.2973;-3.6711;1.3737;-2.8648;0
2024-04-01;2;52;10;10;22276683.44097;32664375.379185;26190829.731625;-4.5802;-7.1738;2.5936;-1.3749;0
2024-04-01;3;53;10;10;32879067.93356;63819458.386020005;41699711.4714;-6.3365;-7.6158;1.2793;-1.3178;0
2024-04-01;4;52;10;10;65124665.48505;151610348.57413;92308474.9695875;-8.3884;-6.0258;-2.3625;1.2841;0
2024-04-01;5;53;10;10;152603596.905;22105804925.420967;351873569.690155;-11.4813;-11.9358;0.4545;-1.9177;0
2024-04-08;1;54;10;10;1439424.63585;18478411.798359998;13074724.1490005;-7.5062;-22.5804;15.0742;21.683;0
2024-04-08;2;53;10;10;18569339.714840002;26831277.84651;22356643.25;-25.3385;-29.5297;4.1912;2.277;0
2024-04-08;3;53;10;10;26962882.66495;55078127.333565;34596020.12293;-29.1814;-28.396;-0.7853;-0.0622;0
2024-04-08;4;53;10;10;55266173.8118;134474709.91525;76077235.24559501;-13.9386;-28.7674;14.8288;11.0305;0
2024-04-08;5;54;10;10;138182877.57395;21318067256.157234;305784304.58564746;-22.5595;-22.5469;-0.0126;4.6347;0
2024-04-15;1;53;10;10;2378122.3868;16697664.624645;12386038.796145;6.6486;9.0446;-2.396;-6.5619;0
2024-04-15;2;53;10;10;16796769.66409;24983347.58735;20817585.284500003;2.2652;5.4706;-3.2054;-4.0974;0
2024-04-15;3;53;10;10;25459781.77995;51009488.8571;35284939.82455;4.1664;6.7606;-2.5942;-5.4724;0
2024-04-15;4;53;10;10;51559057.894;122730427.9093;69301438.83184999;-0.4647;8.1233;-8.5879;-6.8472;0
2024-04-15;5;53;10;10;126022433.74904999;21597927717.92986;267540657.327955;-1.3396;6.8089;-8.1486;-4.8827;0
2024-04-22;1;53;10;10;1948104.7103499998;14862388.616335;11278068.9706;-6.4888;-4.7635;-1.7253;-3.5594;0
2024-04-22;2;52;10;10;15151015.658;22186526.30803;17744912.8026;-8.1488;-1.5216;-6.6272;-7.1567;0
2024-04-22;3;53;10;10;22475309.371074997;42129984.32925;31784507.605655;3.519;0.4258;3.0932;1.2623;0
2024-04-22;4;52;10;10;43097627.97875;110025125.9491;61808935.479982495;-3.6309;-2.7779;-0.853;-3.9913;0
2024-04-22;5;53;10;10;112883837.043315;21457324540.395073;248883402.73101;-4.8719;-5.0985;0.2265;-1.5934;0
2024-04-29;1;54;10;10;1918396.28575;12909099.6603805;9704450.789395;-1.3555;4.7517;-6.1072;-3.8789;0
2024-04-29;2;53;10;10;13004794.46104;21075006.355855;16300449.49536;-1.37;5.1281;-6.4981;-5.5798;0
2024-04-29;3;53;10;10;21097840.530539997;41637105.86616;29426222.35085;2.9424;2.3542;0.5882;-0.0764;0
2024-04-29;4;53;10;10;42221468.17335;117240917.75487;63108971.0582;2.1463;4.3245;-2.1783;-1.5124;0
2024-04-29;5;53;10;10;117261141.9388;18972784407.865635;227570339.76696;2.5279;1.5542;0.9737;2.6797;0
2024-05-06;1;54;10;10;1546992.2410499998;11088388.294315;8675288.033400001;-4.455;-6.8899;2.4349;1.5516;0
2024-05-06;2;53;10;10;11200130.121764999;18191946.237995;13327589.8648895;-4.9106;-5.3241;0.4136;-1.9263;0
2024-05-06;3;53;10;10;18689367.044;35300469.510105;23415023.998999998;-5.2443;-7.7517;2.5073;2.7393;0
2024-05-06;4;53;10;10;35737997.5724;107272553.65695;60277093.88385;4.3436;-10.6094;14.953;6.4143;0
2024-05-06;5;54;10;10;116954572.4225;18176889389.09159;214135042.079734;-1.2763;-12.3113;11.035;8.6784;0
2024-05-13;1;54;10;10;1540464.0107;9379139.83025;7412429.0141825;1.1981;-0.3557;1.5539;0.9986;0
2024-05-13;2;53;10;10;9447983.125555001;16342664.907225;11794974.42017;-8.4562;3.4534;-11.9096;-8.2207;0
2024-05-13;3;54;10;10;16570791.693715;32920765.472;21832007.310575;-1.4949;5.3934;-6.8883;-6.4226;0
2024-05-13;4;53;10;10;33374664.65623;98493645.31093499;52466013.71825;3.1919;-3.6924;6.8843;4.0055;0
2024-05-13;5;54;10;10;98604365.94049999;16868512304.261274;197338139.5385375;-4.0561;-5.134;1.0779;-4.4173;0
2024-05-20;1;54;10;10;1446804.7840999998;7558420.486519501;6231239.282249;6.2161;6.0467;0.1694;2.9447;0
2024-05-20;2;54;10;10;7630057.934685;13316129.93093;10357864.796602499;6.3072;10.71;-4.4028;-9.3323;0
2024-05-20;3;53;10;10;13328163.17998;27629147.348925002;18209523.21146;11.3971;7.6917;3.7053;2.1429;0
2024-05-20;4;54;10;10;28810328.561499998;82347769.1619;45286140.429805;25.3455;18.1688;7.1768;1.9268;0
2024-05-20;5;54;10;10;82372294.35145;15036440937.349201;166377311.64956748;6.6925;16.4159;-9.7234;-5.9814;0
2024-05-27;1;54;10;10;1309167.9203295;7402148.6646975;5698430.2352995;-0.6839;-0.047;-0.6369;-1.3022;0
2024-05-27;2;54;10;10;7426946.123265;13346660.190935;9582453.922745;0.0586;-1.2629;1.3215;0.104;0
2024-05-27;3;53;10;10;13540906.054905;27962339.6627;18715646.52904;2.0055;0.8999;1.1056;-0.579;0
2024-05-27;4;54;10;10;28491664.3204;77788919.23455;43933290.1153;5.4611;0.6964;4.7648;3.4783;0
2024-05-27;5;54;10;10;82682297.932085;15036440937.349201;186783490.03820002;1.4335;1.1496;0.2839;-3.7298;0
2024-06-03;1;52;10;10;1427822.73845;7733823.569935;6188682.595620001;-5.7099;-9.198;3.4881;1.2975;0
2024-06-03;2;52;10;10;7733847.91415505;14194422.75358;9615690.534995;-9.724;-2.3703;-7.3538;-4.5282;0
2024-06-03;3;52;10;10;14285821.77815;31185582.340499997;19565609.18225;-5.6557;-7.5317;1.876;-3.4067;0
2024-06-03;4;52;10;10;31295348.795315;81782088.82825;44383013.946550004;-9.8489;1.045;-10.8938;-8.1106;0
2024-06-03;5;52;10;10;82682297.932085;13428383770.722599;178624587.7000375;-8.9009;-10.581;1.6801;-1.4887;0
2024-06-10;1;53;10;10;1317416.4674499999;7747400.39611;6100990.57423;-8.933;-9.2266;0.2936;3.3679;0
2024-06-10;2;52;10;10;7860222.4543;13815262.1014;10140241.655025002;-11.2473;-13.6056;2.3583;4.4285;0
2024-06-10;3;52;10;10;13970348.344555002;29443440.6155;19732001.127849996;-9.5219;-9.8324;0.3105;-5.1916;0
2024-06-10;4;52;10;10;29456337.5263;89616004.59355;44724323.1846575;-13.0145;-13.6628;0.6483;-0.1458;0
2024-06-10;5;52;10;10;90822155.1726;13294362048.44305;163459444.7804375;-10.1697;-8.7647;-1.4051;-4.4039;0
2024-06-17;1;53;10;10;1317416.4674499999;7897475.6749;5988132.24758;-9.2109;-16.5894;7.3784;3.9484;0
2024-06-17;2;52;10;10;7909122.0715;13586026.502175;10447142.24919975;-17.4531;-19.2876;1.8345;2.2636;0
2024-06-17;3;52;10;10;13863288.888;31552175.24105;20573979.3545775;-16.1244;-18.8761;2.7517;4.4374;0
2024-06-17;4;52;10;10;31568760.119835;75826042.4773;43205616.07019;-17.9624;-14.949;-3.0133;-1.7067;0
2024-06-17;5;52;10;10;85770381.87581;12986738087.9787;162882077.23772502;-10.6462;-23.6544;13.0082;17.8071;0
2024-06-24;1;53;10;10;1259504.6210500002;7520021.359850001;5779548.34002;4.2415;6.4938;-2.2522;-1.8521;0
2024-06-24;2;52;10;10;7686327.71679;12250151.4245;9679088.1108675;1.2335;0.8806;0.3529;-0.1312;0
2024-06-24;3;52;10;10;12438906.727674998;29714514.368984997;19243013.32461;5.3248;2.7748;2.55;-1.5947;0
2024-06-24;4;52;10;10;30627540.238045;72127928.8917;42478829.921812;8.4606;1.0964;7.3641;2.2177;0
2024-06-24;5;53;10;10;73930823.03850001;12556228606.2455;160144048.80085;0.3881;9.6644;-9.2763;-5.0996;0
2024-07-01;1;53;10;10;1210850.9815500001;6622578.132999999;4909922.018200001;-17.5915;-15.725;-1.8665;1.1096;0
2024-07-01;2;52;10;10;6631210.35345;11128120.236825;8788361.4815975;-16.0455;-19.1073;3.0619;1.3735;0
2024-07-01;3;52;10;10;11138714.366349999;25895190.309550002;17002122.753425;-15.1263;-16.5205;1.3942;4.8055;0
2024-07-01;4;52;10;10;26527906.90555;82664755.1536;37778826.615480006;-15.9814;-24.9724;8.991;8.9636;0
2024-07-01;5;53;10;10;95566660.284345;11612031220.36005;151706464.2235;-21.3955;-20.3981;-0.9974;-1.7383;0
2024-07-08;1;53;10;10;1286810.9456500001;5829441.05775;4522414.60534;15.7675;13.0782;2.6894;-3.4107;0
2024-07-08;2;53;10;10;5835132.543025;10507536.0788;7812139.70895;17.369;15.0277;2.3413;2.6335;0
2024-07-08;3;52;10;10;10545624.50815;25070054.3856;15850303.029875;8.047;13.4425;-5.3955;-4.641;0
2024-07-08;4;53;10;10;25405942.338;85915588.11770001;37248577.921945;9.5864;11.2848;-1.6984;-0.6072;0
2024-07-08;5;53;10;10;89608370.6712;12000489418.83715;156093711.3034;11.1237;14.195;-3.0712;-3.1152;0
2024-07-15;1;53;10;10;1131837.3392500002;4876229.6568;3792852.1842455;14.4412;8.3001;6.1411;8.8407;0
2024-07-15;2;53;10;10;4961581.5071;9246824.430399999;7009688.3681499995;11.0782;13.4612;-2.3829;-3.0474;0
2024-07-15;3;52;10;10;9676860.4395;22633829.012000002;13681922.25465;9.8203;18.8691;-9.0488;-7.8238;0
2024-07-15;4;53;10;10;23091935.84725;81033205.89985;33596307.28705;13.8224;24.4891;-10.6668;-5.9094;0
2024-07-15;5;53;10;10;83606615.852;12375390953.38115;153790780.9349;14.6892;30.8645;-16.1753;-11.0808;0
2024-07-22;1;53;10;10;1024261.87145;4823572.13932;3627900.9973999998;-7.1228;-4.028;-3.0947;-4.1811;0
2024-07-22;2;53;10;10;4835486.3637;9569301.33815;6821285.9212;-7.0149;-5.12;-1.8949;0.803;0
2024-07-22;3;52;10;10;9639727.4848;21939145.39954;13921275.491542375;-13.6976;-2.2617;-11.4359;-4.6469;0
2024-07-22;4;53;10;10;22001951.493255;74897273.026;35804309.247150004;-8.9885;-6.6607;-2.3278;-3.4841;0
2024-07-22;5;53;10;10;75406795.987945;13760363384.504025;143939279.36275;-12.06;-7.6396;-4.4204;-6.2031;0
2024-07-29;1;53;10;10;1066150.48295;5076434.999084501;3858024.297795;-10.8047;-22.9542;12.1495;7.5586;0
2024-07-29;2;52;10;10;5165816.0912999995;10102377.258805;7065841.215427499;-27.7558;-22.608;-5.1478;-4.0713;0
2024-07-29;3;53;10;10;10225553.45965;22758805.377295002;13752550.235;-22.7943;-27.2958;4.5015;3.7923;0
2024-07-29;4;52;10;10;23392642.359775;74850119.73997;36558502.1345945;-16.7462;-27.7204;10.9742;6.2083;0
2024-07-29;5;53;10;10;75448526.90843001;14490275052.76701;146974882.66346;-23.9517;-23.8223;-0.1294;-3.7702;0
2024-08-05;1;53;10;10;1108672.2624;5436916.9145;3983842.5233;0.3101;3.0409;-2.7308;-1.43;0
2024-08-05;2;52;10;10;5500317.358395;10066508.44211;7444300.8267475;1.5873;5.0056;-3.4183;-0.9058;0
2024-08-05;3;52;10;10;10186357.0761;20142785.057740003;13826712.790911;-0.0688;-2.0009;1.9321;4.2785;0
2024-08-05;4;52;10;10;20453199.495;76945974.3901;38150827.909425005;2.958;0.3501;2.608;3.5655;0
2024-08-05;5;53;10;10;77327807.3265;16279364332.42445;141697977.50097;-0.9886;4.0331;-5.0218;-2.1729;0
2024-08-12;1;53;10;10;1108672.2624;5979630.21579;4238316.4385065;2.0198;6.8167;-4.7969;-3.5655;0
2024-08-12;2;52;10;10;6020328.04919;10187867.78635;7826382.718725;-1.6394;6.6763;-8.3157;-6.4594;0
2024-08-12;3;52;10;10;10196269.96822;21238178.742799997;14331004.92125;-1.1283;6.3231;-7.4514;-5.5421;0
2024-08-12;4;52;10;10;22699205.7184;76341013.31567;39897996.1747;-0.422;5.4699;-5.8918;-6.9869;0
2024-08-12;5;53;10;10;77047743.806775;17976177207.60865;139813345.3235;2.32;3.803;-1.4831;0.5591;0
2024-08-19;1;53;10;10;1119883.8687;5590469.3009472005;4208042.74835;10.4345;10.4691;-0.0345;-1.732;0
2024-08-19;2;52;10;10;5674108.8325;10112005.1371;7412842.088127499;22.0775;14.8588;7.2186;6.6228;0
2024-08-19;3;53;10;10;10126504.409045;22508741.61247;14533054.559285;12.8812;16.6687;-3.7875;1.7537;0
2024-08-19;4;52;10;10;23521047.362549998;68475376.78400001;37185559.327566;7.6891;12.4651;-4.776;-0.2841;0
2024-08-19;5;53;10;10;70431705.3551;17727005702.28715;128434588.02935;15.2952;20.8546;-5.5593;-5.805;0
2024-08-26;1;53;10;10;1150114.11455;5899310.45824;4258166.528504999;-21.0501;-15.658;-5.3921;-1.9633;0
2024-08-26;2;52;10;10;5921206.90172;9859957.601;7245054.767675;-21.6807;-16.6922;-4.9885;-5.4885;0
2024-08-26;3;53;10;10;9933455.911824;22062763.8763;13458630.491294999;-22.7429;-11.6733;-11.0696;-7.4718;0
2024-08-26;4;52;10;10;22093166.25369;66447655.921900004;34958505.18061499;-25.3203;-16.2263;-9.0941;-6.828;0
2024-08-26;5;53;10;10;67433122.7943;17462701187.4467;122765417.7487;-24.4437;-12.7522;-11.6915;-10.2776;0
2024-09-02;1;53;10;10;1281376.82635;5671679.525520001;4202842.34165;-0.3429;2.9317;-3.2746;-4.2997;0
2024-09-02;2;52;10;10;5722157.114135;9552761.3173175;6870742.56058;0.0472;2.2612;-2.2141;-2.4961;0
2024-09-02;3;53;10;10;9557438.595105;19338085.7889;13531224.2155;-1.43;8.4078;-9.8378;-6.0518;0
2024-09-02;4;52;10;10;19776653.087899998;53559368.7647925;29737495.09515;10.8917;4.8533;6.0384;-4.6641;0
2024-09-02;5;53;10;10;59304438.89225;16022016756.137;123072255.162;-1.9201;11.4521;-13.3721;-14.1626;0
2024-09-09;1;54;10;10;1109408.3488500002;4918493.73155;3710351.0011299998;8.5535;4.8139;3.7396;-0.2406;0
2024-09-09;2;54;10;10;4938378.180740001;9280857.447401;6284434.63915;18.9717;6.0213;12.9505;1.8701;0
2024-09-09;3;53;10;10;9343010.0779;17239231.800945;12652233.1088;5.4509;6.7532;-1.3023;-5.4384;0
2024-09-09;4;54;10;10;17340839.97687;51041221.141765;26714793.300145;2.925;5.7177;-2.7928;-6.6634;0
2024-09-09;5;54;10;10;54196032.43275;13723101023.54235;115297438.05524999;1.6283;6.5105;-4.8822;-5.0718;0
2024-09-16;1;55;11;11;1007223.061223;4445394.2058850005;3575489.2501999997;7.1284;11.4343;-4.3059;1.3007;0
2024-09-16;2;55;11;11;4552568.950025;8925172.6442;6588891.575850001;5.6538;7.1877;-1.5339;-3.2209;0
2024-09-16;3;54;10;10;9152071.629165;16681260.244380001;12314342.12014;6.4051;10.1447;-3.7397;-3.3726;0
2024-09-16;4;55;11;11;16756426.6346;52843847.6469;30013994.0903;11.6751;8.0168;3.6584;0.2279;0
2024-09-16;5;55;11;11;54097304.99525;13240839843.047909;115048016.6445;25.8283;8.9663;16.862;18.8379;0
2024-09-23;1;56;11;11;1047262.8332999999;4659252.827500001;3482537.5601425003;10.1064;10.7567;-0.6504;-10.5759;0
2024-09-23;2;55;11;11;4730871.436550001;9104093.127175;6414637.08796;7.856;8.8379;-0.9819;0.4836;0
2024-09-23;3;55;11;11;9165944.158599999;16398105.0955;12533669.953030001;16.8552;5.7398;11.1154;6.3583;0
2024-09-23;4;55;11;11;16523843.348560002;56017189.208255;25301344.4261;15.5823;13.0605;2.5218;-3.755;0
2024-09-23;5;55;11;11;57033678.2445;14301155308.17295;117041995.358095;15.8581;8.6798;7.1783;0.8398;0
2024-09-30;1;57;11;11;1002559.23885;5187757.049055001;3588256.3293049997;-13.9074;-6.07;-7.8375;-5.4364;0
2024-09-30;2;56;11;11;5264138.5178;8793468.966;6375165.86008375;-8.4456;-12.9637;4.5182;1.4242;0
2024-09-30;3;56;11;11;8889208.91316;15966180.55232;11847076.47425;-7.0278;-9.8642;2.8363;-1.9168;0
2024-09-30;4;56;11;11;16031581.18435;60715233.9464255;27752119.367075;-10.4908;-14.7061;4.2153;-0.5372;0
2024-09-30;5;56;11;11;62276245.16868665;14739619150.06325;123018778.432725;-5.5715;-7.0732;1.5018;-0.8013;0
2024-10-07;1;57;11;11;1002559.23885;5767103.64152;4189529.7555;-0.8715;0.9051;-1.7766;-2.1856;0
2024-10-07;2;57;11;11;5771577.05185;9647924.255224999;7333568.193;-2.2252;0.626;-2.8512;-3.7621;0
2024-10-07;3;57;11;11;9683835.92482;19517078.83349;12688117.149950001;2.15;-0.3878;2.5378;-0.4932;0
2024-10-07;4;57;11;11;19554104.015684;69456882.1733;34513521.519600004;5.0111;-0.3663;5.3774;3.8195;0
2024-10-07;5;57;11;11;69752685.89019799;14886402614.4684;151983670.9049755;10.036;8.6955;1.3405;-1.1404;0
2024-10-14;1;58;11;11;2015799.82509;5735021.834100001;4454448.70491525;6.0914;10.8679;-4.7765;-4.3227;0
2024-10-14;2;58;11;11;5753034.47385;9719395.329149999;7537919.918342499;11.5982;8.8308;2.7674;6.2578;0
2024-10-14;3;58;11;11;9881179.05645;21211583.798365;14085943.962892499;6.7562;8.6106;-1.8545;-2.7889;0
2024-10-14;4;58;11;11;21291589.2854;66842070.87604;36452725.498235494;5.297;3.5768;1.7202;0.7851;0
2024-10-14;5;58;11;11;67891287.049;14739619150.06325;173402775.33900002;-0.3367;7.5683;-7.905;-9.8915;0
2024-10-21;1;59;11;11;2015799.82509;5724764.350649999;4326164.03796;-12.6516;-8.4182;-4.2334;-2.7347;0
2024-10-21;2;59;11;11;5803367.3432;10418016.220795;6833509.59253;-16.5604;-10.4485;-6.1119;-6.3233;0
2024-10-21;3;58;11;11;10443893.936324999;22095474.6723;14649420.2518575;-11.0411;-10.3546;-0.6865;-4.3244;0
2024-10-21;4;59;11;11;22112219.172065;73004685.5053;36652295.63345;-11.9816;-11.2156;-0.766;-4.2805;0
2024-10-21;5;59;11;11;74197122.14215;14835556691.282299;185179184.0110239;-5.5907;-11.33;5.7394;6.5516;0
2024-10-28;1;60;12;12;1384707.961214;5124032.7172;4021188.30735;-6.3712;-6.0478;-0.3234;2.0568;0
2024-10-28;2;59;11;11;5132624.878699999;8914352.20461;6454420.95115;-9.6211;-6.4064;-3.2148;0.0031;0
2024-10-28;3;59;11;11;9044655.82565;20990559.650985003;14088961.664995;-8.5349;-13.1225;4.5877;6.1957;0
2024-10-28;4;59;11;11;21678156.3353;64683533.40705;34282905.4201;-11.2703;-11.912;0.6417;1.9776;0
2024-10-28;5;59;11;11;68496646.8748;14743197494.5941;170534922.027;-7.368;-13.5646;6.1966;9.4354;0
2024-11-04;1;60;12;12;1322272.7581245;4539536.790999999;3547400.1557125;18.2257;27.1161;-8.8904;-5.303;0
2024-11-04;2;59;11;11;4649299.455600001;8321218.994545;6073113.2927;24.9156;26.1824;-1.2668;1.281;0
2024-11-04;3;59;11;11;8357745.48965;19126347.083844997;12248434.3452;24.6758;37.7549;-13.0791;-9.6332;0
2024-11-04;4;59;11;11;19178410.95955;60500244.511842996;31452207.67915;22.5043;28.8414;-6.3372;-2.2248;0
2024-11-04;5;59;11;11;62526920.3558;15670773260.7891;144491291.4286;40.1084;39.7612;0.3472;3.534;0
2024-11-11;1;60;12;12;1052708.0927499998;4970956.7061;3809528.5576955;0.7696;1.5069;-0.7373;-2.0371;0
2024-11-11;2;59;11;11;5095291.101199999;8776140.152139999;6719622.307050001;-0.494;1.5234;-2.0175;-6.1613;0
2024-11-11;3;60;12;12;9076394.132375;20891798.416395;13187974.642615;-5.8359;6.3717;-12.2076;-4.6576;0
2024-11-11;4;59;11;11;21143806.924544;63295807.874745;32910521.743792497;-3.1524;16.5751;-19.7274;0.5869;0
2024-11-11;5;60;12;12;64885379.305425;16720177449.128849;136322483.1723175;18.5657;7.5864;10.9793;18.7353;0
2024-11-18;1;61;12;12;1233096.2041;6219693.7347;4476559.389350001;27.8395;22.0648;5.7748;6.6888;0
2024-11-18;2;60;12;12;6275004.4415;10961604.31475;8563558.289605;24.4441;23.9377;0.5064;-0.2387;0
2024-11-18;3;60;12;12;11140216.6592;25740176.435149997;16173954.804217499;45.1627;16.5659;28.5968;10.1502;0
2024-11-18;4;60;12;12;25826570.767970003;76547628.07585;38131485.85799;20.087;11.9529;8.1341;3.378;0
2024-11-18;5;60;12;12;78854333.27160001;17394000783.6526;165650715.964075;-6.2471;15.128;-21.3752;-16.8951;0
2024-11-25;1;61;12;12;2279044.3009;8788483.720314998;6375524.591495;13.2678;6.9077;6.3601;-1.1478;0
2024-11-25;2;60;12;12;8795400.855549999;14319531.157;10892468.651522499;9.5096;16.397;-6.8874;-12.3822;0
2024-11-25;3;61;12;12;14439042.0765;29112295.2897;19813831.487159997;14.0006;10.7167;3.2839;4.8562;0
2024-11-25;4;60;12;12;29395688.0043;97541953.75828;49482424.34601;15.4846;9.4521;6.0325;-0.9536;0
2024-11-25;5;61;12;12;98685090.1489;20072495220.286148;196291010.4731;13.2238;1.0121;12.2117;9.1011;0
2024-12-02;1;63;12;12;2716339.5974000003;12234245.79045;8546964.82591;19.8079;15.0463;4.7617;4.9866;0
2024-12-02;2;62;12;12;12234689.529275;19283369.061274998;15539115.954605;14.0479;24.7418;-10.6939;-6.8587;0
2024-12-02;3;62;12;12;19348103.054085;38251325.68941;25849345.581057504;13.9907;13.4443;0.5464;-1.0565;0
2024-12-02;4;62;12;12;38642148.044945;122556110.904674;65643921.21673925;6.4696;22.1995;-15.7299;-9.0088;0
2024-12-02;5;62;12;12;128238893.1709;21833917754.648598;266670199.307875;27.1696;8.8018;18.3678;14.6308;0
2024-12-09;1;64;12;12;3235144.1624;15682268.45555;11345566.96465825;-15.3784;-7.3332;-8.0451;-12.0124;0
2024-12-09;2;63;12;12;15727790.5816295;24475169.559029996;19503609.27955;-13.9013;-16.656;2.7547;-1.4141;0
2024-12-09;3;63;12;12;24505136.2865;46626394.955675006;32950690.29535;-17.8116;-11.2724;-6.5392;-4.4694;0
2024-12-09;4;63;12;12;46691238.102745;151519584.028965;75805189.5654;-13.7776;-11.0549;-2.7228;-2.4431;0
2024-12-09;5;63;12;12;154819459.18644;26457730953.00125;318045559.16655004;-0.5832;-6.6348;6.0516;2.7529;0
2024-12-16;1;64;12;12;3833978.6524;15256531.824475002;11781478.3071;-11.503;-24.0064;12.5035;16.9972;0
2024-12-16;2;64;12;12;15298490.2947;24214915.03855;19283263.2042625;-25.7595;-23.8974;-1.8621;-1.3423;0
2024-12-16;3;64;12;12;24696845.270955;46193482.273444995;33478069.5697925;-19.8129;-26.637;6.8241;-0.7069;0
2024-12-16;4;64;12;12;47441629.598694995;141205174.639665;78434742.016351;-20.8995;-25.5195;4.62;5.0393;0
2024-12-16;5;64;12;12;147577427.87795;21847080372.0488;348734147.40199995;-22.7502;-27.3478;4.5977;2.5214;0
2024-12-23;1;65;13;13;4372671.9765;15606112.551350001;12342479.97445;2.1876;5.5836;-3.396;-6.0193;0
2024-12-23;2;64;12;12;15646027.92545;25443733.08895;20213811.8524225;8.5873;5.3419;3.2455;-1.0549;0
2024-12-23;3;64;12;12;25735289.399155;50361861.7102;35055806.2009075;5.0075;-0.7673;5.7748;0.3034;0
2024-12-23;4;64;12;12;51508110.87765;155499196.44175398;85332912.29456;4.3371;5.8393;-1.5022;-0.0287;0
2024-12-23;5;64;12;12;157766181.33455;21409429539.0129;350672330.97997;0.742;-9.2357;9.9777;6.439;0
2024-12-30;1;66;13;13;3928048.6449;13132238.56441895;10409686.634125002;7.3377;10.7506;-3.413;-3.6781;0
2024-12-30;2;65;13;13;13270617.696725;20210601.717605002;16587237.658909999;4.5369;12.6703;-8.1334;-8.56;0
2024-12-30;3;66;13;13;20644768.66886;45357130.64219;30322836.9842;11.4377;16.2565;-4.8188;-1.0548;0
2024-12-30;4;65;13;13;45967861.5026765;132579599.66605;70140079.41675;7.464;15.4197;-7.9556;-3.4275;0
2024-12-30;5;66;13;13;133577195.6365;20077749480.886497;296093537.03219104;5.8351;24.2054;-18.3703;-17.9671;0
2025-01-06;1;67;13;13;3288476.66415;10615180.661881499;8187910.7237599995;-15.5595;-10.1475;-5.412;-6.9344;0
2025-01-06;2;66;13;13;10787025.31982;16452761.85586;13233281.376235;-16.8698;-17.121;0.2511;0.6955;0
2025-01-06;3;66;13;13;16515052.3982;35552569.723464996;23856438.118445;-20.0649;-13.8386;-6.2263;-1.3395;0
2025-01-06;4;66;13;13;37696676.84953;111885123.39035001;55700523.19798499;-19.4834;-18.1972;-1.2862;-2.7913;0
2025-01-06;5;67;13;13;114025549.217905;17179763197.60155;242685813.21920002;-21.5405;-17.5671;-3.9734;0.3031;0
2025-01-13;1;68;13;13;3052512.9354499998;9159414.717149999;6669797.6440125;-8.7859;-2.5558;-6.2301;-6.0579;0
2025-01-13;2;67;13;13;9193253.72646;13991594.76055;11271681.290285;-10.9755;-3.278;-7.6976;-4.8639;0
2025-01-13;3;68;13;13;14018554.092768501;32356612.153595;20552440.882239252;-8.838;-11.3634;2.5253;-2.2681;0
2025-01-13;4;67;13;13;32993503.579;95496020.0371;49275087.51771;-7.6061;-3.1161;-4.49;4.0918;0
2025-01-13;5;68;13;13;98305656.01796;18174668533.292297;209816104.82295;5.1904;-3.7372;8.9275;17.5246;0
2025-01-20;1;68;13;13;3065925.96467;8487054.79943;6023605.08508;0.4782;-5.622;6.1002;1.3158;0
2025-01-20;2;68;13;13;8498582.0025;13242735.98473;10284314.0331575;-11.0307;-4.3344;-6.6963;-4.2152;0
2025-01-20;3;68;13;13;13246751.822765;28498834.955315;20112193.218512498;-5.3097;-8.5295;3.2199;1.9649;0
2025-01-20;4;68;13;13;29286463.13155;87764731.23050001;49668640.5533225;-0.1835;-5.8666;5.6832;8.0474;0
2025-01-20;5;68;13;13;90059801.05035;19246855990.676598;206131608.19565;-7.0536;-7.2279;0.1743;1.4117;0
2025-01-27;1;70;14;14;2450506.6766;7763127.165802499;5792474.7501799995;-13.5665;-23.1485;9.582;4.664;0
2025-01-27;2;69;13;13;7807045.519895;13780525.605245;9914513.50767925;-10.71;-24.5363;13.8263;5.9886;0
2025-01-27;3;69;13;13;14042390.050905;27050513.75221;18964340.6339;-17.8246;-23.6739;5.8492;7.0324;0
2025-01-27;4;69;13;13;27120451.41355;88167415.7983;52491474.1644495;-15.4014;-31.6624;16.261;16.4239;0
2025-01-27;5;69;13;13;91962316.46090001;18862432562.9859;184876746.472628;-14.6582;-33.4357;18.7774;20.7197;0
2025-02-03;1;70;14;14;2292442.9577;7619904.16765;5723780.6904299995;-0.6246;-8.82;8.1954;6.0916;0
2025-02-03;2;69;13;13;7731194.84027;12995744.899149999;9850323.879075;-5.1904;9.088;-14.2784;7.5575;0
2025-02-03;3;70;14;14;13078941.71975;26446931.035986498;17996380.7192275;-4.945;-12.8302;7.8851;9.4542;0
2025-02-03;4;69;13;13;27016867.28237;85773746.674815;48782524.203099996;-11.5009;-10.4561;-1.0448;0.9859;0
2025-02-03;5;70;14;14;88009998.38547051;20516522334.846;180142033.553725;-3.5563;-10.7455;7.1892;10.0047;0
2025-02-10;1;71;14;14;2138124.56092;7081718.56701;5149045.9059500005;8.9618;8.7843;0.1776;-1.6044;0
2025-02-10;2;71;14;14;7122479.95065;11424104.6562;8774361.580315001;12.8055;4.4316;8.3739;0.555;0
2025-02-10;3;70;14;14;11601071.698525;25575678.105499998;16291497.932845;5.1715;3.1451;2.0265;-0.6466;0
2025-02-10;4;71;14;14;26016593.14733;77971539.38060999;44304805.864350006;4.6118;5.7597;-1.1478;-2.7257;0
2025-02-10;5;71;14;14;78450936.36815;17671683110.588203;183141214.3319;2.1159;2.687;-0.5711;-1.0866;0
2025-02-17;1;72;14;14;2349181.20305;5835506.196405;4586757.5725300005;-3.1302;-6.9893;3.8591;1.9601;0
2025-02-17;2;71;14;14;5996373.590975;10329440.96074;7887774.97497;-1.7836;-0.8949;-0.8887;-3.4185;0
2025-02-17;3;71;14;14;10435422.730075;23497221.741949998;14668075.103185;-4.1012;-2.3239;-1.7773;-5.115;0
2025-02-17;4;71;14;14;23691752.726745002;66932911.1639;41608059.1595705;16.4339;2.6081;13.8258;-2.4968;0
2025-02-17;5;71;14;14;66939234.771;16605009899.416199;164443317.37154502;-2.0618;-6.9639;4.9021;0.8645;0
2025-02-24;1;72;14;14;1785285.201145;5077202.523925;4099945.58784;-4.7976;-4.9519;0.1543;1.4286;0
2025-02-24;2;71;14;14;5110587.025350001;9155007.878315;6722188.347;-3.2294;2.6794;-5.9088;-2.8381;0
2025-02-24;3;71;14;14;9191010.478315;20322174.7004495;12560676.44385;0.9687;-2.979;3.9477;-2.9287;0
2025-02-24;4;71;14;14;20355118.026699997;61359867.6814;37855578.213599995;2.9057;16.2395;-13.3338;-1.5893;0
2025-02-24;5;72;14;14;61544354.703044996;14227009942.217949;139534751.42716873;-4.2911;6.6624;-10.9534;-11.7104;0
2025-03-03;1;72;14;14;1741670.17034;5199363.4839677;3874256.7057224996;-27.5263;-25.349;-2.1773;-4.4305;0
2025-03-03;2;72;14;14;5368382.2608;9375966.616094999;6988250.952424999;-23.0167;-27.6829;4.6662;-2.0676;0
2025-03-03;3;72;14;14;9458829.204005;21333656.835535;13516535.954275;-22.7658;-30.6738;7.908;5.505;0
2025-03-03;4;72;14;14;21393435.296675;63129551.047350004;38697960.13171;-31.3024;-29.4633;-1.8392;-4.9968;0
2025-03-03;5;72;14;14;64824068.19714;14880967280.335701;142703335.232165;-33.0587;-25.2519;-7.8068;-4.9921;0
2025-03-10;1;73;14;14;1785285.201145;5070964.409035;3728075.874655;7.1026;1.5723;5.5303;2.8935;0
2025-03-10;2;72;14;14;5131904.1362;8754916.663849998;6596961.42546625;0.8796;2.3474;-1.4679;0.8253;0
2025-03-10;3;73;14;14;8818712.267555;20357413.747505;12284330.74319;-4.0258;4.6872;-8.713;-7.2578;0
2025-03-10;4;72;14;14;20520086.221314996;56817059.11119;36332904.0292975;9.6362;4.4867;5.1495;-3.6673;0
2025-03-10;5;73;14;14;58368463.5835;16004370872.7682;133093966.961;4.7207;4.6282;0.0926;-7.8349;0
2025-03-17;1;73;14;14;1776853.57;4960642.3769000005;3759792.695095;2.5584;12.453;-9.8946;-4.2516;0
2025-03-17;2;73;14;14;5029507.66637;8419262.7487;6166845.36397;13.4445;5.3214;8.123;0.1361;0
2025-03-17;3;72;14;14;8484714.68125;18959972.026095;11283904.5157275;5.1928;5.5972;-0.4044;-2.2069;0
2025-03-17;4;73;14;14;19070960.747216098;56495949.71505;31928127.24665;3.9428;5.3522;-1.4094;2.5062;0
2025-03-17;5;73;14;14;59215160.81905;20441143448.036148;129987513.13154;12.3323;4.1958;8.1365;1.8763;0
2025-03-24;1;73;14;14;1670523.5147;4655190.355355;3468861.12731;-12.0421;-8.1884;-3.8537;-5.1129;0
2025-03-24;2;73;14;14;4672302.777450001;8202025.30131;5914951.27525;-8.1606;-7.2945;-0.8661;-5.4449;0
2025-03-24;3;72;14;14;8339755.763499999;16135633.4256475;10447631.958825;-11.2326;-6.278;-4.9546;-4.3094;0
2025-03-24;4;73;14;14;16699892.286619999;54428043.52105;26701969.913154997;-12.3321;-11.134;-1.1981;0.8607;0
2025-03-24;5;73;14;14;58458471.7965;20627665085.0562;117242426.65312499;-9.9538;-2.329;-7.6248;-6.0119;0
2025-03-31;1;73;14;14;1743578.6866660002;4042199.72788;3211856.645715;-14.4621;-23.0545;8.5923;11.218;0
2025-03-31;2;73;14;14;4049388.41452;6829208.3105500005;5260388.048645;-14.0553;-26.0786;12.0233;9.9608;0
2025-03-31;3;73;14;14;6874453.5616999995;14069864.426399998;9454789.824615002;-17.8726;-26.2233;8.3507;7.3729;0
2025-03-31;4;73;14;14;14308890.270517752;50259437.077665;24372486.407435;-22.0165;-20.4975;-1.519;1.1817;0
2025-03-31;5;73;14;14;53228735.833299994;18435852241.722748;103712880.2001;-12.8751;-23.4401;10.5651;8.5862;0
2025-04-07;1;74;14;14;1733759.0125065;3728598.106725;2901956.38265;7.534;-5.7602;13.2943;16.0009;0
2025-04-07;2;73;14;14;3733776.73785;6629660.467292;4963402.048459999;4.2397;6.8429;-2.6032;0.3752;0
2025-04-07;3;74;14;14;6651190.32149;13475071.85995;9012958.755215;3.6883;2.3321;1.3562;2.4252;0
2025-04-07;4;73;14;14;13551102.046617;46516911.7113605;22668441.91019945;-2.608;8.926;-11.534;-0.515;0
2025-04-07;5;74;14;14;46723212.88598;17041244389.79615;99254958.36341;10.9831;1.8683;9.1149;3.1222;0
2025-04-14;1;76;15;15;1688325.9061115;3729032.0443516998;2898594.14021;11.1265;38.1046;-26.9781;1.8872;0
2025-04-14;2;75;15;15;3754085.7770499997;6508423.31152;5050466.6551;9.7774;20.5602;-10.7828;-0.4461;0
2025-04-14;3;75;15;15;6574505.210650001;14199924.351105;9153639.954330001;2.2746;8.5975;-6.323;0.4886;0
2025-04-14;4;75;15;15;14332479.02795;46546542.35435;24295517.955415;1.4689;-1.9325;3.4014;0.3138;0
2025-04-14;5;76;15;15;46848733.567;17025249090.562649;98359017.707695;11.6058;0.4883;11.1176;4.9529;0
2025-04-21;1;77;15;15;1622978.687335;3606986.06845;2808500.833475;9.469;10.6459;-1.1769;0.2395;0
2025-04-21;2;76;15;15;3681683.07845;6543562.77304;4909556.574857499;22.0676;16.1515;5.9161;-9.4285;0
2025-04-21;3;77;15;15;6563715.58375;13101310.0264;9412041.487100001;10.7619;15.5417;-4.7798;-4.0589;0
2025-04-21;4;76;15;15;13266347.203850001;42421123.7064;21764049.16365;11.7454;25.8338;-14.0883;1.4526;0
2025-04-21;5;77;15;15;43360200.0494;17025249090.562649;87506220.54422;11.7634;14.8386;-3.0751;4.4494;0
2025-04-28;1;78;15;15;1509091.986173;3722392.391225;2868388.91450175;-7.8619;-0.1505;-7.7114;-9.4678;0
2025-04-28;2;77;15;15;3725627.07885;6633127.47745;5116941.54549;-3.6942;-4.4882;0.794;4.9134;0
2025-04-28;3;77;15;15;6753426.701165;13134287.0198;9319418.77987;38.2474;-0.1698;38.4172;-2.801;0
2025-04-28;4;77;15;15;13171916.694644999;38763216.4023;21022329.231035;8.8289;-2.6661;11.495;1.102;0
2025-04-28;5;77;15;15;39176569.12070499;17545061698.29345;82811058.27735001;-8.4184;-7.6769;-0.7415;-5.5732;0
2025-05-05;1;78;15;15;1113123.13765;3550364.327695;2702238.4708586;15.4135;30.5981;-15.1845;-17.3826;0
2025-05-05;2;78;15;15;3554627.745705;6595740.349330001;5155020.524343;19.1518;33.8406;-14.6888;-11.8594;0
2025-05-05;3;77;15;15;6807318.11745;14746997.935625;9420929.08675;11.9437;34.1414;-22.1977;-21.5867;0
2025-05-05;4;78;15;15;14895408.59324;34846816.85235;20877845.7286775;7.4128;61.1849;-53.772;-24.8142;0
2025-05-05;5;78;15;15;35239145.0277;16778589719.911;82038845.773375;21.3527;38.0947;-16.742;-10.6918;0
2025-05-12;1;79;15;15;1081688.9023000002;3928423.7348499997;2701223.96515;-3.9041;-3.4076;-0.4965;-8.9357;0
2025-05-12;2;79;15;15;3934671.85917;7051818.055915;5447080.37408;-6.4478;-4.043;-2.4048;-2.4626;0
2025-05-12;3;78;15;15;7061917.48522;15229879.468850002;10968062.7896875;-9.4113;-2.6911;-6.7202;-3.1281;0
2025-05-12;4;79;15;15;15444469.980379;36287078.46741;22312541.527505003;0.7872;-10.0364;10.8236;0.4473;0
2025-05-12;5;79;15;15;36467017.46044999;15155356716.9086;89961113.83919999;-3.6294;-6.3479;2.7185;-1.8566;0
2025-05-19;1;80;16;16;1189372.11895;4449753.673085;3078935.028035;-3.8461;-7.7419;3.8958;2.5535;0
2025-05-19;2;79;15;15;4465629.8253;8060170.470025;6079772.831661001;-5.1116;-3.1954;-1.9162;1.1223;0
2025-05-19;3;80;16;16;8070192.635050001;17080277.077025;11847463.9688875;-2.4172;-4.0409;1.6236;0.7222;0
2025-05-19;4;79;15;15;17194330.481204502;39491965.713695005;23650168.96085;-3.5278;-5.4466;1.9188;-0.4395;0
2025-05-19;5;80;16;16;41064232.1717;15350182262.07355;99246146.779925;-0.3569;-5.4517;5.0948;6.6038;0
2025-05-26;1;82;16;16;1334490.7725499999;4428875.962638;3115379.3568225;-4.5311;-11.0575;6.5264;4.4638;0
2025-05-26;2;81;16;16;4445806.376495;8528370.874415;6182160.694150001;-6.0032;-12.0564;6.0532;6.1815;0
2025-05-26;3;81;16;16;8585824.629999999;17940358.398360997;11621696.513050001;-7.9503;-12.1725;4.2222;4.3732;0
2025-05-26;4;81;16;16;18081807.250375003;43115874.07395;24313955.0124;-8.292;-13.0742;4.7823;-4.4347;0
2025-05-26;5;81;16;16;43214369.1779;16971159141.0658;114442067.132056;-11.5147;-14.5731;3.0584;3.5457;0
2025-06-02;1;83;16;16;1420358.8972999998;4362976.380225;3158285.53735;-2.4805;-2.42;-0.0605;2.9287;0
2025-06-02;2;82;16;16;4376664.617131;8465678.266350001;6165799.129235;-6.6104;-5.6736;-0.9368;-2.0954;0
2025-06-02;3;83;16;16;8526881.0314;17524630.1627775;12092444.39941;1.7943;-6.0171;7.8114;3.7908;0
2025-06-02;4;82;16;16;17528491.806625;39901277.249835;23162289.32509;-1.2459;-2.3662;1.1203;2.4974;0
2025-06-02;5;83;16;16;40179276.892935;18102166138.529694;112433581.29515;-5.6392;-4.1506;-1.4886;3.6495;0
2025-06-09;1;83;16;16;1315486.7473;4093413.095513;2863489.061433;-3.4411;-4.5688;1.1277;-0.5654;0
2025-06-09;2;83;16;16;4140430.1539545;7481218.8762;5195293.803;-0.8276;-6.6685;5.8409;0.2967;0
2025-06-09;3;83;16;16;7508398.232650001;15292673.55824;10035289.3982;-6.9039;-8.1638;1.2599;0.1004;0
2025-06-09;4;83;16;16;15324742.04675;39063375.6081;21511738.935076997;-1.5764;-12.8897;11.3133;9.721;0
2025-06-09;5;83;16;16;40771226.6092;17768269375.08429;109200538.725435;-1.1326;-9.4219;8.2893;7.6504;0
2025-06-16;1;84;16;16;1044564.5216900001;3364000.2987;2504964.289225;-14.6279;-13.5668;-1.0611;0.2786;0
2025-06-16;2;84;16;16;3415295.1952045998;6203467.30748;4602001.23844315;-9.6129;-13.8305;4.2176;1.6848;0
2025-06-16;3;83;16;16;6261173.845629999;12243263.68756;8811245.92489;1.868;-12.5826;14.4506;-0.5402;0
2025-06-16;4;84;16;16;12266602.975985;34563453.964945;18151461.898347497;-9.9371;-15.7411;5.804;5.9369;0
2025-06-16;5;84;16;16;35448537.92498501;17527213062.5394;109586522.17155;-13.8678;-17.2599;3.3922;4.34;0
2025-06-23;1;85;17;17;1126602.9863999998;3019711.035975;2205441.202085;15.7236;11.35;4.3737;-1.4967;0
2025-06-23;2;84;16;16;3048762.656695;5745034.511735;4153744.5976225;11.5524;14.6839;-3.1315;-7.2263;0
2025-06-23;3;85;17;17;5798885.495135;11791359.483515;8168787.73136;11.2304;15.9993;-4.7689;-15.5431;0
2025-06-23;4;84;16;16;11797242.995919999;34890824.8485;16017364.400572501;12.5287;15.3948;-2.8661;-3.7469;0
2025-06-23;5;85;17;17;35035222.6640985;17139289790.943;107142552.125534;12.4654;14.2663;-1.8009;-7.31;0
2025-06-30;1;86;17;17;1031336.08035;2809597.07795;2018004.3096925002;-3.1282;-5.5569;2.4287;-2.673;0
2025-06-30;2;86;17;17;2819760.10079;5321850.0466865;3800758.7233625;-0.4397;-1.9124;1.4727;-1.9278;0
2025-06-30;3;85;17;17;5360801.55115;10943917.44211;7735303.48054705;1.977;-7.7432;9.7202;3.655;0
2025-06-30;4;86;17;17;11071157.968525;34890824.8485;15883939.7951275;-7.7433;-7.2621;-0.4813;-1.2939;0
2025-06-30;5;86;17;17;35417302.92165;14969651725.80425;92581082.39452499;-1.2647;-6.5161;5.2513;1.5153;0
2025-07-07;1;87;17;17;1098353.4541;2670828.9835200002;2034450.0742000001;19.3504;22.6094;-3.259;-7.7885;0
2025-07-07;2;86;17;17;2696999.4941600002;5028289.533315;3608028.40734375;10.2811;17.0162;-6.7351;0.3992;0
2025-07-07;3;86;17;17;5046531.9130405;10698573.4872;6961268.236695001;8.7604;21.2987;-12.5383;-9.7841;0
2025-07-07;4;86;17;17;10734988.977485001;33587059.0015;15996003.4654475;18.159;9.5794;8.5796;9.4405;0
2025-07-07;5;86;17;17;33682005.1005;14504032390.914;86625768.9144825;20.9437;10.0796;10.8641;4.0931;0
2025-07-14;1;87;17;17;1107452.94;2877049.5195049997;2002181.39885;12.4515;8.3067;4.1449;5.3415;0
2025-07-14;2;87;17;17;2896538.23135;5028289.533315;3884570.296155;11.6067;9.3116;2.2951;2.9528;0
2025-07-14;3;87;17;17;5060583.165306;10915994.3841;7201486.9268;12.5432;3.9554;8.5878;8.3931;0
2025-07-14;4;87;17;17;11157568.25184;32042054.223899998;16128509.3349;5.3608;3.1875;2.1733;1.5042;0
2025-07-14;5;87;17;17;32322747.41474;12771796582.14896;90273466.66354;14.4686;2.3045;12.1641;9.0079;0
2025-07-21;1;89;17;17;1129327.7354000001;3496262.715915;2325062.5257;-6.2444;17.6999;-23.9443;-6.6441;0
2025-07-21;2;88;17;17;3540670.2509000003;6160370.92823;4371224.174895;-0.2144;-1.4516;1.2372;-1.7089;0
2025-07-21;3;88;17;17;6162925.76645;12491455.74442;7844625.782672;12.116;2.3618;9.7542;-0.5768;0
2025-07-21;4;88;17;17;12606830.605375;31250209.99372;18175875.816627502;-6.8995;-1.4028;-5.4968;-6.2865;0
2025-07-21;5;88;17;17;31311551.585061997;13817037656.63053;101014318.4108;-0.3639;0.0357;-0.3996;0.3482;0
2025-07-28;1;90;18;18;1162765.74915;3992833.84081;2670188.6694050003;-12.661;-12.7491;0.0881;-0.0431;0
2025-07-28;2;89;17;17;4028386.6900500003;6795450.621915;5274112.123199999;-12.511;-13.8852;1.3741;1.3689;0
2025-07-28;3;89;17;17;6838766.7809;13721424.219829049;9856313.2295;-17.8426;-12.8628;-4.9797;-2.6529;0
2025-07-28;4;89;17;17;13782349.665315;32783087.938;19750770.045144998;-9.9381;-15.5597;5.6216;3.9086;0
2025-07-28;5;89;17;17;33911769.639205;16018632002.617344;113608269.37489;-12.5339;-11.011;-1.5228;-1.7756;0
2025-08-04;1;91;18;18;1333040.0303500001;4168443.798765;2916632.54665;24.3898;18.6153;5.7745;-0.4302;0
2025-08-04;2;90;18;18;4178317.6725200005;7533870.03747;5779682.881225;24.4914;16.1693;8.3221;-1.1736;0
2025-08-04;3;90;18;18;7570826.09002;15288962.436515;10396908.6630775;14.0791;19.4099;-5.3308;-1.9097;0
2025-08-04;4;90;18;18;15303879.660615;36761485.6780995;21245878.665430002;15.112;28.9628;-13.8508;-6.1015;0
2025-08-04;5;91;18;18;36920840.068625;22956334857.419975;122026395.8473;55.5814;15.02;40.5614;-9.6785;0
2025-08-11;1;91;18;18;1367738.0876;4033654.621495;2942411.930073;-5.3248;-1.0754;-4.2494;-3.0659;0
2025-08-11;2;91;18;18;4084949.44082;7289274.26302;5750516.28617;-12.4036;-4.0146;-8.389;-5.6022;0
2025-08-11;3;91;18;18;7350738.51535;15435740.70364;10045537.4331;-3.4771;-2.381;-1.0961;-4.8375;0
2025-08-11;4;91;18;18;15441603.95172;35278900.46735;21217250.03331;-14.9463;-8.3271;-6.6192;-11.1402;0
2025-08-11;5;91;18;18;35468137.863749996;23361704206.308197;120009892.60214;-4.1007;-1.843;-2.2578;-1.8859;0
2025-08-18;1;92;18;18;1459593.32085;3874776.39155;2741993.7109075002;-1.5035;-0.6315;-0.872;-0.5097;0
2025-08-18;2;92;18;18;3875463.326679;7088572.741565;5384647.8160125;-7.0869;-6.4011;-0.6858;2.1417;0
2025-08-18;3;92;18;18;7113328.9551;13874525.095937151;9435855.96721;8.1615;-4.1073;12.2687;3.0535;0
2025-08-18;4;92;18;18;13886061.493390001;34060013.38085;20389066.073248476;5.7287;-4.9665;10.6952;5.3095;0
2025-08-18;5;92;18;18;34264728.785805;24260541917.39932;125005244.9010925;-2.7015;-5.8996;3.1981;8.3182;0
2025-08-25;1;93;18;18;1536994.1354;3671705.3548;2608372.32251;-8.7924;1.358;-10.1503;-4.4591;0
2025-08-25;2;93;18;18;3684748.80213;6467475.0323535;5019474.7803;-3.8069;-8.096;4.289;3.5437;0
2025-08-25;3;92;18;18;6470307.86306;12571054.427625;8851310.71201;-12.0914;-8.8434;-3.248;-0.6775;0
2025-08-25;4;93;18;18;12677378.201450001;32914956.799055003;19957370.58745;-4.3574;-5.0838;0.7264;1.1166;0
2025-08-25;5;93;18;18;33066339.372148998;23361704206.308197;113972548.46455;-11.1481;-3.6696;-7.4785;-6.0877;0
2025-09-01;1;94;18;18;1440456.3156;3482567.5003;2511005.4809045;-0.5689;0.3531;-0.922;-0.6953;0
2025-09-01;2;93;18;18;3526391.8630999997;6458631.87865;4889575.2555;4.7788;12.0576;-7.2788;-2.6703;0
2025-09-01;3;93;18;18;6459819.248455;12205559.60187;8426745.880725;0.3344;2.7876;-2.4532;-1.5222;0
2025-09-01;4;93;18;18;12255477.742935;31384804.054715;18699762.331995;1.6566;-2.6109;4.2675;4.2716;0
2025-09-01;5;94;18;18;31675548.81155;25402422586.15125;107423306.1566525;23.6316;2.8161;20.8156;2.9836;0
2025-09-08;1;95;19;19;1206090.76635;3186642.1894500004;2291915.2753;17.0389;24.8403;-7.8014;0.0025;0
2025-09-08;2;94;18;18;3206138.3515649997;6002773.20636;4472564.95435375;12.2303;18.0261;-5.7959;-3.8303;0
2025-09-08;3;94;18;18;6092376.4450550005;11117626.204599999;8399075.391465;7.983;36.2261;-28.2431;-2.4612;0
2025-09-08;4;94;18;18;11424897.59771;32570320.8676;17231980.15539725;7.6743;10.3849;-2.7107;-2.1499;0
2025-09-08;5;94;18;18;32605699.07717;26782264059.42916;85552803.994905;24.9048;2.834;22.0708;5.2974;0
2025-09-15;1;96;19;19;1079853.49385;2795549.22375;2040286.3778775;-2.3982;1.1191;-3.5173;0.2425;0
2025-09-15;2;95;19;19;2815661.701775;5620602.060305;3919296.958525;7.3762;1.4489;5.9273;-0.5488;0
2025-09-15;3;95;19;19;5663742.332975;10307458.971305;7812675.2132399995;-8.4693;0.6435;-9.1128;-2.3231;0
2025-09-15;4;95;19;19;10331644.621855;30712991.77215;15810114.6824;-0.6898;-5.5779;4.8881;0.4667;0
2025-09-15;5;96;19;19;30767389.1617;20571951997.391975;95737782.9413875;-5.8557;-2.8991;-2.9567;-2.7014;0
2025-09-22;1;97;19;19;1054167.4345500001;2740792.37785;1879399.06042;-5.2368;-10.3248;5.088;-0.6052;0
2025-09-22;2;96;19;19;2741938.222705;5597608.816500001;3901214.1679725;-6.0455;-12.4919;6.4465;1.5778;0
2025-09-22;3;96;19;19;5629866.615700001;10048659.253325;7369865.376824999;-13.0615;-16.9904;3.9289;-0.5073;0
2025-09-22;4;96;19;19;10156755.303989999;30767389.1617;16488264.410064999;3.4232;-14.1846;17.6077;3.3047;0
2025-09-22;5;96;19;19;30912200.252800003;18821255968.503998;97337282.7538;-0.6277;-10.5061;9.8785;2.9449;0
2025-09-29;1;98;19;19;1000043.5102300001;2713058.0682;1843262.0728544998;2.5044;3.4892;-0.9848;-2.0474;0
2025-09-29;2;97;19;19;2720348.0316899996;5349504.941265;3796496.574385;3.9948;1.1618;2.833;-0.5278;0
2025-09-29;3;97;19;19;5351411.02644;10124127.9133;7317696.601085;12.6062;7.4536;5.1526;-4.4885;0
2025-09-29;4;97;19;19;10154889.65106;31972977.1603585;16837497.461675;-5.8436;2.6303;-8.4739;-2.5695;0
2025-09-29;5;97;19;19;32062776.02025;15272970084.81238;90688263.28604999;-6.8953;2.7978;-9.6931;-0.9733;0
2025-10-06;1;98;19;19;1081513.0681099999;2719162.1481;1875314.0478542498;-20.0471;-17.0904;-2.9566;2.4457;0
2025-10-06;2;97;19;19;2723951.2574500004;5643365.860755;3968250.80315;-11.4197;-21.5798;10.16;-0.688;0
2025-10-06;3;97;19;19;5668751.826845;10701195.80999;7772010.65869;-19.0462;-23.2447;4.1984;5.2134;0
2025-10-06;4;97;19;19;10916139.50445;30782170.697396502;17033044.272540003;-1.7728;-15.7295;13.9567;17.9526;0
2025-10-06;5;97;19;19;31107367.99725;15334461215.686684;94775617.466645;-15.4098;-24.3071;8.8973;10.1162;0
2025-10-13;1;99;19;19;1006528.9594;2851523.57717;1968348.029327;-6.0241;-2.8199;-3.2043;-1.1603;0
2025-10-13;2;98;19;19;2852976.8749;5931682.22078;4269799.4857775;-0.3536;-3.937;3.5835;3.0333;0
2025-10-13;3;98;19;19;5933013.34885;12799118.2367;8439682.006300502;0.9097;-4.395;5.3047;3.1293;0
2025-10-13;4;98;19;19;12897741.468175001;34016252.221159995;18929073.5113175;-2.7778;-1.0172;-1.7606;-0.8892;0
2025-10-13;5;99;19;19;35167204.99285;16307754684.434826;100921580.525065;16.1597;-11.677;27.8367;1.5542;0
2025-10-20;1;101;20;20;1031817.2143049999;2979751.8988;2047279.1796;-1.6913;8.4501;-10.1413;-3.0784;0
2025-10-20;2;100;20;20;2988177.15875;6346943.9473;4341877.9788649995;4.9207;4.6455;0.2752;-0.504;0
2025-10-20;3;100;20;20;6382748.294500001;12931443.7531;8730782.878333999;10.6867;3.0321;7.6546;1.0493;0
2025-10-20;4;100;20;20;12939598.305425;37432178.37049;19332047.402185;8.4523;3.0861;5.3662;-0.3997;0
2025-10-20;5;100;20;20;38034013.20765;18840203877.765625;107595708.12522501;11.5494;11.5282;0.0213;-4.5929;0
2025-10-27;1;102;20;20;1006622.4151;2894552.3704500003;1847392.0179674998;-8.6869;-7.1013;-1.5857;0.2994;0
2025-10-27;2;101;20;20;2899201.07505;5973480.59165;4339173.93795;-5.8863;-4.8179;-1.0684;2.7927;0
2025-10-27;3;101;20;20;5986228.265699999;12225287.282365;8043319.209835;-5.7459;-5.9504;0.2045;-2.4781;0
2025-10-27;4;101;20;20;12466467.552935;34735699.63515;17973039.24045;-15.3386;-7.7594;-7.5792;-1.111;0
2025-10-27;5;102;20;20;34783018.792050004;18674818466.68125;99243963.62732;-9.3968;-13.607;4.2102;-3.0887;0
2025-11-03;1;103;20;20;1032941.826125;2947435.6555777;1901083.1052;1.6714;-1.7936;3.465;-4.8561;0
2025-11-03;2;103;20;20;2955327.92225;5463193.326645;4165873.5576400002;-6.5861;-0.8419;-5.7442;-0.3974;0
2025-11-03;3;103;20;20;5518600.5035;10836063.203132499;7613719.58182;18.2668;-5.3724;23.6392;5.5998;0
2025-11-03;4;103;20;20;10899441.3572;32220899.15819;17692138.162915;10.8348;-4.765;15.5998;11.8931;0
2025-11-03;5;103;20;20;32792086.3425;17568322772.54483;100779460.9815;15.0111;0.8019;14.2092;-1.8514;0
2025-11-10;1;105;21;21;1009280.74508;2903823.485025;1949449.311702;-14.9861;-16.4764;1.4903;0.6036;0
2025-11-10;2;104;20;20;2928396.42574;5270753.156935;4070257.38965525;-6.3612;-9.8499;3.4887;-0.1775;0
2025-11-10;3;104;20;20;5275813.703265;10181262.767522;7393435.19819225;-10.2162;-19.9795;9.7632;4.6396;0
2025-11-10;4;104;20;20;10194853.74924;30874633.93665;17583679.600925;-18.1294;-14.7052;-3.4242;-0.5499;0
2025-11-10;5;105;21;21;31292511.18344;17471934026.144085;93509578.7111;-13.9554;-21.4896;7.5342;6.6229;0
2025-11-17;1;105;21;21;1032941.826125;2600549.1610000003;1811388.875125;-7.585;-11.4098;3.8249;3.0057;0
2025-11-17;2;104;20;20;2629208.76681;4486761.9802;3365295.90191;-8.5727;1.7298;-10.3024;-1.9409;0
2025-11-17;3;105;21;21;4501672.561675;9567571.74575;6052978.424241001;-11.2126;-15.6569;4.4443;8.5282;0
2025-11-17;4;104;20;20;9615739.601964999;28307921.61191435;15621968.72752;-11.76;-14.3093;2.5493;5.6423;0
2025-11-17;5;105;21;21;28352995.51928;16192914367.432705;77578387.9317;-15.5001;-18.7667;3.2666;7.56;0
2025-11-24;1;105;21;21;1052979.5328600002;2538744.483323;1988494.5745899999;1.0477;4.011;-2.9633;-1.5265;0
2025-11-24;2;104;20;20;2555214.519095;4668613.628602;3358706.8480025;-5.8783;9.6392;-15.5175;-8.4872;0
2025-11-24;3;104;20;20;4703515.161005;9096045.779150002;6240370.7932425;-4.9021;13.0918;-17.9939;-5.578;0
2025-11-24;4;104;20;20;9286135.753010001;26297351.85965;14749894.0056425;23.8112;2.9525;20.8588;-3.6213;0
2025-11-24;5;104;20;20;26480709.301799998;17060433626.542912;77393215.47391501;-2.2145;1.3488;-3.5633;-0.2836;0
2025-12-01;1;105;21;21;1039921.5752600001;2418993.426805;1763541.392405;-4.5296;0.9264;-5.456;-0.4688;0
2025-12-01;2;105;21;21;2420607.1625;4211385.531615;3191129.45212;-5.0057;-0.96;-4.0457;1.4043;0
2025-12-01;3;104;20;20;4215678.795845;8653645.5475525;5674099.551674999;-7.429;-8.3797;0.9507;-1.6311;0
2025-12-01;4;105;21;21;8724083.483335;23394086.2142;12983007.687295001;-8.658;-6.8887;-1.7693;-2.3817;0
2025-12-01;5;105;21;21;23617601.661135003;16192914367.432705;75657457.9265;-4.227;-10.4524;6.2253;10.9455;0
2025-12-08;1;105;21;21;1023266.719911;2222916.915535;1613685.8340150001;-2.0683;-10.0928;8.0245;3.757;0
2025-12-08;2;104;20;20;2229806.74289615;3777131.9583635;2957777.63349;-2.7454;-6.2058;3.4604;3.5856;0
2025-12-08;3;104;20;20;3792789.521495;8060536.5571825;5311227.611020001;-0.5302;4.2903;-4.8205;5.263;0
2025-12-08;4;104;20;20;8090959.56818;22577255.41785;12160305.017112501;-10.7883;-9.1814;-1.6069;-2.6722;0
2025-12-08;5;104;20;20;22681981.9112;15337155588.63528;71785648.3907525;13.0616;-5.4861;18.5478;5.115;0
2025-12-15;1;102;20;20;1004257.1334599999;2090365.33365;1505138.6766724999;-2.0645;-12.5717;10.5073;10.7326;0
2025-12-15;2;101;20;20;2098785.2933775;3436237.7528990004;2688456.265443;-8.0196;-2.2649;-5.7547;3.5552;0
2025-12-15;3;101;20;20;3438232.20528865;6962265.56594;4855660.808800001;-5.0905;-3.8656;-1.2249;3.2866;0
2025-12-15;4;101;20;20;6990007.98395;19818397.62709;10631066.42615;-4.2954;-4.1543;-0.1411;-1.5393;0
2025-12-15;5;101;20;20;19878450.995410003;14669422524.197979;60169312.1935;-4.9457;-4.5337;-0.4119;-3.6046;0
2025-12-22;1;98;19;19;1012256.308745;1999949.8053405;1476741.352117;-0.2325;7.4374;-7.6699;-4.143;0
2025-12-22;2;98;19;19;2001012.39805;3294951.1320249997;2460336.0932750003;-1.4038;8.7562;-10.16;-5.6603;0
2025-12-22;3;98;19;19;3316174.7213899996;6631946.911945;4703463.6734;2.4713;1.4406;1.0306;-4.3568;0
2025-12-22;4;98;19;19;6640693.87479;19646829.0383525;10917654.530612499;-0.9025;9.1964;-10.0989;-7.6643;0
2025-12-22;5;98;19;19;19706631.3242;13665275475.569164;56176287.40165625;-0.0559;0.0943;-0.1502;0.222;0
2025-12-29;1;96;19;19;1006529.60095;1864932.1825835;1439106.362745;4.3256;6.2642;-1.9386;-0.5368;0
2025-12-29;2;95;19;19;1865862.261905;3174126.29322;2359514.632855;8.3268;9.7056;-1.3788;-1.6961;0
2025-12-29;3;95;19;19;3203390.594164;6514035.9779550005;4543339.13095;-2.5155;8.0982;-10.6137;-7.9507;0
2025-12-29;4;95;19;19;6567034.65425;16850910.96261;9701722.672445;10.5842;6.3894;4.1947;1.391;0
2025-12-29;5;96;19;19;17076189.44585;13202428680.1431;51911459.1615725;10.1694;3.2516;6.9178;3.7653;0
2026-01-05;1;96;19;19;1002886.5164000001;1834636.50129;1327071.8120674998;-1.7151;-3.2988;1.5837;-2.1596;0
2026-01-05;2;96;19;19;1835024.36706305;3105733.26863;2296311.882245;0.6351;-2.6346;3.2697;-1.1246;0
2026-01-05;3;95;19;19;3122327.2897;6052748.467499999;4419500.390485;-0.5741;1.0907;-1.6648;-7.3113;0
2026-01-05;4;96;19;19;6072905.755597;16592809.078850001;9168822.9702955;-5.5558;6.8463;-12.4022;-8.6469;0
2026-01-05;5;96;19;19;16886264.359913252;11665299818.0115;53588514.8308125;-5.9567;-9.545;3.5884;1.5724;0
2026-01-12;1;97;19;19;1000678.245275;1767115.2248344999;1346920.45344;8.1952;2.0858;6.1093;-2.9882;0
2026-01-12;2;96;19;19;1774476.1744125;3119185.79385;2315126.0655044997;-2.5774;-0.7324;-1.845;-3.2417;0
2026-01-12;3;96;19;19;3135180.160145;5989111.94437;4392375.8718954995;-3.4792;-1.6364;-1.8427;-4.079;0
2026-01-12;4;96;19;19;5990212.633479999;16761357.41708;8488493.7231325;7.9506;-1.3395;9.2901;-0.7228;0
2026-01-12;5;97;19;19;17061114.9412;11443578492.39855;47928770.019319996;2.1027;1.9698;0.1329;1.1067;0
2026-01-19;1;96;19;19;1020757.728035;1861674.2635499998;1331536.7747245;-16.1624;-2.4813;-13.6812;-9.9792;0
2026-01-19;2;96;19;19;1883262.67203;3179150.8107000003;2366667.8539549997;-5.731;-8.9198;3.1888;3.9089;0
2026-01-19;3;95;19;19;3190885.1821149997;6059465.459785;4499748.6439;-7.8906;-15.6268;7.7362;5.9828;0
2026-01-19;4;96;19;19;6076916.14164;16861169.879915;8403092.110737499;-13.1011;-12.5906;-0.5105;-1.8866;0
2026-01-19;5;96;19;19;16883165.20117;10402031997.50995;44637381.8715775;-2.2164;-10.3104;8.094;-2.0661;0
2026-01-26;1;97;19;19;1015135.2301149999;1899640.1629249998;1384116.64095;-5.8266;-8.8355;3.0089;1.5277;0
2026-01-26;2;97;19;19;1903679.20896;3245220.2623429997;2370585.07858;-18.3291;-6.0662;-12.2629;-4.8087;0
2026-01-26;3;97;19;19;3262251.501;6223461.349585;4435212.822304999;-7.052;-19.7172;12.6651;5.366;0
2026-01-26;4;97;19;19;6226620.85621;15948866.033075001;9259595.201650001;-13.0638;-12.8621;-0.2017;2.4496;0
2026-01-26;5;97;19;19;16173351.33185;11049435071.2176;51104157.851500005;-15.5448;-20.549;5.0041;7.8353;0
2026-02-02;1;98;19;19;1022555.92228;2031185.342005;1490873.394404;-12.7096;-8.488;-4.2216;-1.3307;0
2026-02-02;2;97;19;19;2032249.476165;3370023.3448799998;2632568.93205;-8.0789;-10.887;2.808;3.1195;0
2026-02-02;3;98;19;19;3371470.5682975;6540463.7877;4590216.107758;-9.5964;-10.3217;0.7253;5.5378;0
2026-02-02;4;97;19;19;6560704.082529999;16617881.49415;9415632.98;1.959;-6.9562;8.9153;10.9508;0
2026-02-02;5;98;19;19;16672230.4178253;12278037014.51275;54574944.504590005;-10.2351;-5.2639;-4.9712;0.7026;0
2026-02-09;1;99;19;19;1012256.3412115499;1900546.187;1391022.3425;8.3727;8.3648;0.0079;-2.5898;0
2026-02-09;2;98;19;19;1902074.3659899998;3332600.339775;2638441.093825;6.6157;9.524;-2.9083;0.7269;0
2026-02-09;3;99;19;19;3357544.0558585003;6824393.9882;4803048.03702;2.1936;-0.3765;2.5701;-3.243;0
2026-02-09;4;98;19;19;6851493.1796349995;17613887.00052;9737260.82495;4.393;18.4045;-14.0115;-3.4421;0
2026-02-09;5;99;19;19;17680876.483815;14442638745.186401;62143978.520645;15.7283;0.8665;14.8617;1.1465;0
2026-02-16;1;99;19;19;1005720.96465;1894673.3894249;1440033.2938;-4.2929;-8.2514;3.9585;2.8722;0
2026-02-16;2;98;19;19;1895908.4361649998;3375665.5556;2525907.2361425;-2.9662;-2.8693;-0.0969;-2.8253;0
2026-02-16;3;99;19;19;3387045.8202;6286613.5037;4452696.80075;-3.4141;-5.1294;1.7153;-3.8206;0
2026-02-16;4;98;19;19;6293054.392899999;20048845.967150003;9198493.74505;-9.635;-7.0752;-2.5598;-4.5057;0
2026-02-16;5;99;19;19;20125932.552194998;13030160464.71315;55976988.809565;-4.5075;2.0834;-6.5909;-5.3022;0
2026-02-23;1;98;19;19;1030599.2213349999;1826267.83278;1468288.363335;-5.6826;-8.9555;3.2729;1.6711;0
2026-02-23;2;97;19;19;1826496.522465;3132236.14234;2465574.9793599998;-7.4537;-4.2569;-3.1968;-1.1831;0
2026-02-23;3;97;19;19;3140528.1498375;6106409.46337;4294187.4428550005;-8.3452;0.084;-8.4293;-7.7519;0
2026-02-23;4;97;19;19;6116054.269525;18538286.5932;9050568.502500001;15.1239;-0.983;16.1069;3.3226;0
2026-02-23;5;98;19;19;18812990.721315;12556566242.208199;49607148.239867255;-12.7504;-4.8027;-7.9477;-4.9435;0
2026-03-02;1;100;20;20;1001227.63978;1708177.75835;1333001.1554925;-4.3957;5.9661;-10.3618;-5.8267;0
2026-03-02;2;99;19;19;1715322.4419;2977303.6913405;2092208.3815600001;5.313;1.2052;4.1078;-5.4307;0
2026-03-02;3;100;20;20;3006394.637385;5560304.46991905;4015755.5774250003;-5.4909;4.6173;-10.1082;-5.7418;0
2026-03-02;4;99;19;19;5621260.079350499;15551737.875720002;8419839.46687;1.2145;0.0261;1.1884;4.4135;0
2026-03-02;5;100;20;20;15718709.087575;14364105408.1313;48112862.0366025;-7.2775;-5.4931;-1.7843;3.3641;0
2026-03-09;1;96;19;19;1032239.1743000001;1637383.28819;1283677.2766;12.5479;14.5701;-2.0222;-5.1869;0
2026-03-09;2;95;19;19;1639868.743685;2812152.1561749997;2115800.9239999996;4.7672;8.4928;-3.7256;-7.5412;0
2026-03-09;3;95;19;19;2847056.3461494;5095735.16275;3616132.7401;9.9118;8.461;1.4508;0.0723;0
2026-03-09;4;95;19;19;5102684.81195;13624363.591850001;8056955.82315;4.8188;2.5954;2.2234;-1.6181;0
2026-03-09;5;96;19;19;13722646.59339;13517471637.13625;45592339.917585;10.1685;9.8699;0.2986;-0.5723;0
2026-03-16;1;96;19;19;1000920.1384350001;1660400.946922;1354977.685325;-5.6077;-6.4596;0.8518;-7.1158;0
2026-03-16;2;95;19;19;1668166.1119285;2671302.3175;2060756.9201975;-2.1526;-11.1192;8.9667;0.0586;0
2026-03-16;3;95;19;19;2681580.7497;5179790.805745;3533216.45385;-9.2769;-6.5658;-2.711;-2.6704;0
2026-03-16;4;95;19;19;5203778.13346;14557244.62555;8398921.651691;-1.5113;0.5969;-2.1083;-4.3503;0
2026-03-16;5;95;19;19;14734910.07477;13697257183.1293;42736087.12393;11.5826;-7.1052;18.6878;-2.557;0
2026-03-23;1;97;19;19;1001250.6228952;1704637.003425;1356648.8290400002;-4.2426;3.1386;-7.3812;-1.184;0
2026-03-23;2;96;19;19;1721284.391365;2599429.3522;2022959.712665;-0.239;-9.9906;9.7516;3.2508;0
2026-03-23;3;96;19;19;2606461.0576385;5021170.069034999;3571869.5581630003;1.8423;-5.7358;7.578;2.7283;0
2026-03-23;4;96;19;19;5051056.265249999;13845476.476149999;7827645.1959925;-13.4939;-7.1497;-6.3442;-2.8056;0
2026-03-23;5;96;19;19;14027352.88371;14712157029.27065;45021914.706115;-15.4988;-13.9714;-1.5273;0.2328;0
2026-03-30;1;96;19;19;1001436.6164;1696251.1217999998;1338313.5321125002;-2.2246;1.6469;-3.8715;-6.5109;0
2026-03-30;2;95;19;19;1708983.4585000002;2519209.71575;2024037.643625;14.1742;18.2474;-4.0732;-2.9018;0
2026-03-30;3;95;19;19;2522939.728185;4777357.493175;3493198.171693;-0.8559;6.5134;-7.3692;-2.6888;0
2026-03-30;4;95;19;19;4853604.829752499;14390949.31606;7579939.352609001;3.2433;-0.6112;3.8544;5.8001;0
2026-03-30;5;96;19;19;14411663.109700002;14403063907.993351;40747248.3818025;5.1336;-9.4543;14.5879;8.1638;0
2026-04-06;1;95;19;19;1002305.88298;1602984.16415;1282627.3365;9.67;4.8606;4.8094;-3.8253;0
2026-04-06;2;94;18;18;1604700.14875;2453638.741825;1982633.381705;9.9497;11.4286;-1.4789;-1.5515;0
2026-04-06;3;95;19;19;2455027.455239;4723249.84916;3421974.560733;7.4409;128.2059;-120.765;-10.7068;0
2026-04-06;4;94;18;18;4797073.874085;14411663.109700002;7363668.2764075;5.9367;1.0524;4.8843;-3.3068;0
2026-04-06;5;95;19;19;14821107.732685;12765279836.9421;35320119.21125;14.0829;1.7832;12.2997;1.8214;0
2026-04-13;1;94;18;18;1022955.2438685;1639619.122636;1225925.23793075;8.5648;3.0863;5.4785;-5.7071;0
2026-04-13;2;93;18;18;1652246.90467;2540039.3167845;2031788.81649;-3.9451;13.1554;-17.1006;-1.5653;0
2026-04-13;3;94;18;18;2541884.6396045;4803608.95065;3514776.55395;-1.8082;6.3273;-8.1355;-1.8887;0
2026-04-13;4;93;18;18;4818730.000438;14375039.4496;7214127.63225;6.754;3.4098;3.3441;1.9225;0
2026-04-13;5;94;18;18;14422291.36157;12206475130.8944;37611538.30350475;6.3717;-5.9331;12.3049;3.1828;0
2026-04-20;1;99;19;19;1015765.248685;1598615.794315;1257560.55668;8.9356;4.9227;4.0129;-1.2811;0
2026-04-20;2;98;19;19;1599535.7911585001;2580554.029436;2019985.28595725;3.4195;4.5186;-1.0991;-0.5477;0
2026-04-20;3;98;19;19;2587360.54705;4918706.19354;3593314.21104;4.6687;17.7189;-13.0501;-5.6125;0
2026-04-20;4;98;19;19;4926610.945035;14106025.59462;7677109.90092085;8.0004;7.371;0.6294;-0.2971;0
2026-04-20;5;99;19;19;14156392.06725;11685348590.762798;38111103.148839995;1.4666;5.531;-4.0645;-0.3153;0
2026-04-27;1;101;20;20;1004876.2801399999;1794240.5114250001;1395608.549502;8.5653;4.9585;3.6068;-4.192;0
2026-04-27;2;101;20;20;1797356.9685;2812949.223245;2180399.0299500003;2.6677;-0.2299;2.8977;0.3411;0
2026-04-27;3;100;20;20;2850578.1264015;4899757.436035;3618850.304653275;4.5671;1.6824;2.8847;2.858;0
2026-04-27;4;101;20;20;4990091.741;14532134.199450001;7879543.51054;-1.4799;0.2864;-1.7664;-3.5698;0
2026-04-27;5;101;20;20;14627661.581530001;11454536011.351799;40218064.9234;6.3779;-4.1648;10.5427;-2.7185;0
2026-05-04;1;102;20;20;1000887.1906;1806413.7818399998;1378519.15412375;12.3831;10.6831;1.6999;-1.6674;0
2026-05-04;2;102;20;20;1817790.134095;2896973.84712;2274727.801838;4.643;12.5202;-7.8772;-8.2758;0
2026-05-04;3;101;20;20;2899713.989;5337579.2666775;3814879.4581500003;13.6989;8.7668;4.9321;-7.3335;0
2026-05-04;4;102;20;20;5358762.3513855;14205079.55125;7812105.849056875;6.8094;12.124;-5.3146;-4.8129;0
2026-05-04;5;102;20;20;14507540.5795;11454536011.351799;36669960.506510004;19.4918;10.3157;9.176;2.803;0
2026-05-11;1;104;20;20;1016655.176974;1842999.34451;1368960.5092745;-17.6153;-7.3348;-10.2805;-9.0062;0
2026-05-11;2;104;20;20;1843588.7214000002;3092204.03701;2320668.62983;-15.3974;-8.1867;-7.2108;-14.5007;0
2026-05-11;3;104;20;20;3107241.9471500004;5538865.0557780005;3963986.75887525;-17.1035;-6.5089;-10.5946;-14.0324;0
2026-05-11;4;104;20;20;5547308.004995;15118226.578954998;7988513.066915;-15.8827;-10.3248;-5.5579;-5.968;0
2026-05-11;5;104;20;20;15327704.2622;10396602351.563702;37397387.731375;-19.1883;-8.5782;-10.6101;-8.754;0
2026-05-18;1;105;21;21;1002057.33002;1874561.670685;1466214.3507500002;-0.9351;-2.3407;1.4056;1.3494;0
2026-05-18;2;104;20;20;1877167.1749550002;3095680.1224205;2452955.0853275;1.9315;-0.5648;2.4963;1.7955;0
2026-05-18;3;104;20;20;3101995.610532;5293787.9308215;4034279.3618;-1.4981;8.3264;-9.8245;2.6362;0
2026-05-18;4;104;20;20;5309527.342355;15839518.765645001;8007436.931799999;-2.5676;1.1087;-3.6763;-3.4118;0
2026-05-18;5;105;21;21;16304854.425633501;9930000350.66845;38356932.1206;1.2737;2.2761;-1.0024;1.4822;0
2026-05-25;1;104;20;20;1007286.13605;1833905.512;1395956.398745;-3.4808;-3.4981;0.0173;-3.2502;0
2026-05-25;2;104;20;20;1842002.1283085;2942029.7029060004;2352770.33382825;5.9845;6.0055;-0.021;-2.1461;0
2026-05-25;3;104;20;20;2973292.595021;5414128.147752;3638173.46847275;1.1244;3.5177;-2.3933;-6.7967;0
2026-05-25;4;104;20;20;5486716.286835;16078779.1772;8171507.523864999;-4.8928;-5.7689;0.8761;-0.6582;0
2026-05-25;5;104;20;20;16989839.18575;8994527759.5438;42655372.460751;2.8871;-0.1913;3.0784;6.1683;0
2026-06-01;1;105;21;21;1003253.60901;1801394.286285;1368948.01415;-18.1257;-16.0225;-2.1032;0.9239;0
2026-06-01;2;104;20;20;1830353.343715;2913146.7851235;2387303.60962;-3.8726;-18.0259;14.1532;0.1778;0
2026-06-01;3;104;20;20;2917550.280715;5449446.5939;3795807.834233;9.1261;-18.9777;28.1038;19.9488;0
2026-06-01;4;104;20;20;5473267.7217433;15878256.950550001;7759894.946925;-12.1028;-10.3548;-1.748;0.2788;0
2026-06-01;5;105;21;21;15898568.022;9434133153.997799;42454120.985;-8.1128;-6.2772;-1.8356;-3.3967;0
2026-06-08;1;108;21;21;1005857.490991;1751926.0872645;1370373.80951575;4.0968;4.0318;0.065;1.0575;0
2026-06-08;2;108;21;21;1793513.5003;3072803.889066;2322682.933;-0.4825;4.9041;-5.3866;-2.6348;0
2026-06-08;3;108;21;21;3082005.9409849998;5547303.847840499;4006874.4173835004;-1.9985;-2.4552;0.4568;1.0403;0
2026-06-08;4;108;21;21;5552233.747985;15481033.495664999;7800433.353674751;7.045;1.5673;5.4777;1.7338;0
2026-06-08;5;108;21;21;16795205.5568395;10674856676.92865;46811499.36815;-2.5776;1.084;-3.6616;-10.7292;0
2026-06-15;1;107;21;21;1002868.974685;1679982.56196;1301924.11307;-3.6001;-5.2155;1.6153;3.0427;0
2026-06-15;2;107;21;21;1685595.52422025;2976837.6617945;2237049.615865;1.1406;18.3406;-17.2;-0.9862;0
2026-06-15;3;107;21;21;3016862.783145;5632431.585849499;3921736.6190649997;-3.8164;2.2327;-6.0491;-5.0319;0
2026-06-15;4;107;21;21;5655285.8865;18852384.057540253;8078409.29895;-4.4595;-0.3656;-4.0939;-5.9945;0
2026-06-15;5;107;21;21;19278628.428055003;10814510596.94335;53844604.6236;-6.546;-3.8413;-2.7047;0.2112;0
2026-06-22;1;109;21;21;1002868.974685;1596179.7069635;1266620.171532;-6.8834;-6.4608;-0.4226;7.0586;0
2026-06-22;2;108;21;21;1616353.065;2948973.485645;2185621.283555;-2.413;-3.9133;1.5003;0.7435;0
2026-06-22;3;109;21;21;2963111.00362;5514704.4234;3969160.27225;-8.0111;-5.5366;-2.4745;-0.4881;0
2026-06-22;4;108;21;21;5628317.0034;18825739.579095;8494563.524445001;-8.0948;-1.3906;-6.7042;1.0521;0
2026-06-22;5;109;21;21;19395875.053026;11374107634.278301;53675050.40495;4.9932;-10.1357;15.1289;4.3312;0
2026-06-29;1;109;21;21;1004218.2674700001;1610203.0732265;1263969.8573021;2.4708;7.2322;-4.7614;-1.9731;0
2026-06-29;2;109;21;21;1611207.9098808002;2858927.9244;2143075.4544;1.8695;4.8343;-2.9648;-3.5222;0
2026-06-29;3;108;21;21;2888024.29946;5053131.774566;3834469.9160749996;0.4961;10.3351;-9.839;-5.5635;0
2026-06-29;4;109;21;21;5089669.025125001;19530275.4163;8383720.333350001;-0.0979;3.8258;-3.9237;-0.6152;0
2026-06-29;5;109;21;21;19826838.876175;11407259197.06015;55464662.452034995;-2.5389;-0.0265;-2.5125;2.5903;0
2026-07-06;1;105;21;21;1000472.479695;1655757.7756345;1295009.021655;-1.5836;-3.1319;1.5483;0.3544;0
2026-07-06;2;104;20;20;1658901.666545;2820129.528125;2138451.8174075;-12.0939;-3.6659;-8.428;-3.6207;0
2026-07-06;3;104;20;20;2831979.649285;4862508.63565;3654891.07418635;-10.6444;-3.6735;-6.9709;-5.9951;0
2026-07-06;4;104;20;20;4897198.58453;18280028.091705;8685565.787286924;-3.3427;-4.4946;1.1519;-2.5256;0
2026-07-06;5;105;21;21;18493273.934129998;10987513919.43195;51900515.558925;-4.3742;-13.0455;8.6714;1.8917;0
2026-07-13;1;104;20;20;1004540.30143;1588007.0381355002;1262164.3133379999;-4.138;0.562;-4.7;-5.9163;0
2026-07-13;2;104;20;20;1588072.61125;2626315.1432999996;1987312.79819025;20.0314;47.5833;-27.5519;-7.8394;0
2026-07-13;3;103;20;20;2633798.415675;4923069.89788;3511492.9475385;-5.6822;3.0482;-8.7304;-0.5285;0
2026-07-13;4;104;20;20;4977792.7274415;17399877.6472;8528850.2549555;4.5223;-5.1014;9.6237;3.258;0
2026-07-13;5;104;20;20;17676751.996725;9810651470.9539;49416537.9183225;-8.2197;-12.5417;4.3221;2.452;0
2026-07-20;1;102;20;20;1000805.3198500001;1575189.65696;1247519.8884049999;0.3449;0.2796;0.0653;-0.2279;0
2026-07-20;2;101;20;20;1582198.5644049998;2516344.39695;1934026.29421;4.4344;-1.1005;5.5349;-0.8141;0
2026-07-20;3;102;20;20;2543324.657848;5184417.115569999;3285676.415426825;2.5735;3.0048;-0.4313;-2.3086;0
2026-07-20;4;101;20;20;5290841.1697;16497455.855670001;9474415.231095;3.4593;-3.1054;6.5648;-1.9023;0
2026-07-20;5;102;20;20;16808746.419785;9810651470.9539;48843380.789975;4.4642;-0.0444;4.5086;-4.6183;0
2026-07-27;1;100;20;20;1014085.492;1555053.787225;1207616.99892675;-7.5519;1.2201;-8.772;-0.6886;1
2026-07-27;2;99;19;19;1575189.65696;2463063.071385;1903515.359195;-1.2831;-6.6191;5.336;0.6684;1
2026-07-27;3;99;19;19;2472690.715;5012123.108015001;3163580.89433;-5.5724;-0.1695;-5.4029;-4.329;1
2026-07-27;4;99;19;19;5042216.712549999;18155317.27253;9547757.474825;-3.4338;-3.1616;-0.2723;-5.7549;1
2026-07-27;5;99;19;19;18309060.4159;8738139721.861801;47390405.463345;-6.9471;-7.2787;0.3316;-2.1894;1
