ev_id,family,T,s,cluster,ep,dir,d1,against_1d,end_reason,state_after,state_before,P_T,abs_ret_24h_before,R1,MFE1,MAE1,R4,MFE4,MAE4,R12,MFE12,MAE12,R24,MFE24,MAE24,R48,MFE48,MAE48,R72,MFE72,MAE72,oi_T,dOI_1h,dOI_4h,dOI_12h,dOI_24h,f_T,fa_T,df_4h,df_24h,liq_long_1h,liq_short_1h,liq_total_1h,liq_imb_1h,liq_ia_1h,liq_long_4h,liq_short_4h,liq_total_4h,liq_imb_4h,liq_ia_4h,liq_long_12h,liq_short_12h,liq_total_12h,liq_imb_12h,liq_ia_12h,gm_A,gm_Aa,gm_G_up,gm_G_dn,gm_top_up_dist,gm_top_dn_dist,gm_top_up_share,gm_top_dn_share,gm_spot,tp_cnet_4h,tp_pnet_4h,tp_abs_4h,tp_flow_4h,tp_fa_4h,tp_iv_4h,tp_n_4h,tp_blk_4h,tp_cnet_12h,tp_pnet_12h,tp_abs_12h,tp_flow_12h,tp_fa_12h,tp_iv_12h,tp_n_12h,tp_blk_12h
0,1H_end,2026-08-29 15:00:00,-1,1D#2026-08-19 BULL,1h|BEAR|28.08 18:00,BEAR,BULL,False,pivot,,,78014.37,0.0192107508897138,0.0019100327285856,0.0026593818549069,-0.0,-0.0018411992559832,0.0026593818549069,-0.0030203409961524,-0.0011746553872062,0.0026593818549069,-0.0040457931019632,-0.0098615165385558,0.0026593818549069,-0.0122078791381639,-0.0075084885002596,0.0130023481571407,-0.0177612150171821,-0.0019691244061832,0.0130023481571407,-0.0177612150171821,107052.959,-0.0003371679420567375,0.001680652973311103,0.008824696303392443,,0.0001,-0.0001,,,41484.7744,1129882.7352999998,1171367.5096999998,0.9291686442444955,-0.9291686442444955,,,,,,,,,,,-0.3361804145786268,0.3361804145786268,61068484.66360912,122922726.21590912,5.082871299753378,-0.0431224221858039,0.1135610217290604,0.1155260071496254,78033.65,-23452319.846,-20160168.457000002,137315693.581,-0.02397505560468235,0.02397505560468235,37.93729063383508,1012.0,20.0,-65599158.82700001,-37374094.45,382720312.141,-0.07374854033511935,0.07374854033511935,34.99434758328539,2428.0,55.0
1,1H_end,2026-09-01 09:00:00,1,1D#2026-08-19 BULL,1h|BULL|30.08 16:00,BULL,BULL,False,pivot,,,77883.28,0.0076135819206736,0.000407276118828,0.0022977974219884,-0.0012467374255424,0.0015500117611892,0.0040989542299709,-0.0018138681370379,-0.0055830981951453,0.0069426968150287,-0.0187881147275769,-0.013214261135381,0.0069426968150287,-0.0187881147275769,-0.0005128186691675,0.0069426968150287,-0.0207911120332887,0.0419073259369662,0.0567094760261766,-0.0207911120332887,108688.208,0.0033493626014000633,0.004718966116877166,0.012165670179079546,0.021105371882580215,9.017e-05,9.017e-05,-9.349999999999997e-06,-9.830000000000006e-06,3875857.01724,85787.6234,3961644.64064,-0.9566909043178891,-0.9566909043178891,4099594.16413,1432913.0331000001,5532507.19723,-0.48200228864865213,-0.48200228864865213,5820328.39621,2627525.9573,8447854.35351,-0.37794241061736844,-0.37794241061736844,0.2317023430881203,0.2317023430881203,117564405.49960798,73333023.8336039,0.1264288715328021,-10.142948448624423,0.1297002430628915,0.1020960413875644,77901.51,-13407586.700000005,72826627.94200002,487701403.25,-0.17681764716554568,-0.17681764716554568,37.73177118708533,1463.0,89.0,-29639239.06199999,71567751.738,769436403.894,-0.1315339257251241,-0.1315339257251241,39.069839638832974,2368.0,175.0
2,1H_end,2026-09-03 03:00:00,-1,1D#2026-08-19 BULL,1h|BEAR|01.09 17:00,BEAR,BULL,False,pivot,,,77816.01,0.0062952933691282,0.0013880177099802,0.0022350156478081,-0.0008223243520195,-0.000246478841565,0.0091883405484295,-0.0008223243520195,-0.0351336440920062,0.0091883405484295,-0.035275388702145,-0.0387578340241296,0.0091883405484295,-0.0576229750150387,-0.022528525942155,0.0091883405484295,-0.0576229750150387,-0.0268745467674327,0.0091883405484295,-0.0576229750150387,107880.274,-0.0025877456825253997,0.002551975259815986,0.00133127155651791,-0.01451619979886054,8.73e-05,-8.73e-05,3.106e-05,1.3999999999999934e-06,386.1335,4042622.7043700004,4043008.8378700004,0.9998089870611298,-0.9998089870611298,110153.1258,4215203.36597,4325356.491769999,0.9490663366085123,-0.9490663366085123,2311201.25641,7070440.31061,9381641.567019999,0.5072927824199249,-0.5072927824199249,0.1340817263645949,-0.1340817263645949,139811350.14976192,106751744.73042856,0.2704345039306499,-10.013712624677618,0.1491399018273639,0.0938140884043913,77789.63,23218422.295,-550927.3900000004,77139513.909,0.3081345536224178,-0.3081345536224178,38.20203741912381,843.0,21.0,40759282.463,-7464921.295999998,316789431.125,0.1522279439302743,-0.1522279439302743,39.39719948109336,2869.0,66.0
3,1H_end,2026-09-04 13:00:00,1,1D#2026-08-19 BULL,1h|BULL|03.09 12:00,BULL,BULL,False,pivot,,,79453.96,0.0101914271379963,-0.0009475927946197,0.0031469797100105,-0.0057134974770295,0.0036721895296343,0.0053252223048416,-0.0099927052094068,0.0015027570683701,0.0053252223048416,-0.0099927052094068,0.0031487417367239,0.0053252223048416,-0.0099927052094068,0.0058912104569739,0.0093895886372434,-0.0099927052094068,0.0019241331709582,0.0139203886124743,-0.0099927052094068,110101.251,-0.01068952646963095,-0.018321785861554862,-0.024740484930192763,0.02774963425923871,4.801e-05,4.801e-05,-3.106999999999999e-05,-2.1479999999999998e-05,35475308.58546001,917342.0899599999,36392650.67542001,-0.9495864097319197,-0.9495864097319197,35647686.72436001,1902833.1810599999,37550519.90542001,-0.8986520993129926,-0.8986520993129926,37754101.63777,4351100.17516,42105201.812929995,-0.7933224405624947,-0.7933224405624947,0.0971969101240902,0.0971969101240902,126855699.35029514,104380276.94487704,0.6984190599953699,-1.8190414165045188,0.1317267154205253,0.1163698486164751,79445.14,59972837.99900002,30799176.395999998,460456952.73300004,0.0633580651347372,0.0633580651347372,39.56470013019247,2281.0,53.0,90275006.02900001,6742266.3359999955,1453539797.857,0.05746849162035673,0.05746849162035673,55.098819601057414,5522.0,304.0
4,1H_end,2026-09-07 08:00:00,1,1D#2026-08-19 BULL,1h|BULL|06.09 03:00,BULL,BULL,False,opposite_bos,,,79397.83,0.0051020612743561,0.0004981244449628,0.0016705746240168,0.0,0.0002812419432622,0.001916551119848,-0.0014588559914042,-0.0004031596329521,0.0030941651679901,-0.009040927189068,-0.0115346981145454,0.0030941651679901,-0.0153385804120843,-0.0015164142395328,0.0030941651679901,-0.0223912920542035,-0.0161947750964982,0.0045614596771725,-0.0223912920542035,106693.769,0.0032273932916970782,0.00904363009542175,0.004401200434024588,0.0013871288766458267,3.116e-05,3.116e-05,-1.3150000000000001e-05,8.210000000000001e-06,2927582.9154,3328.5645999999997,2930911.48,-0.9977286488365728,-0.9977286488365728,3347623.47326,90962.75159999999,3438586.22486,-0.9470929354963588,-0.9470929354963588,5180189.282849999,6961040.0493,12141229.33215,0.14667796132754898,0.14667796132754898,0.1353437561326617,0.1353437561326617,130055974.82346398,99048160.59095109,3.3348942783216984,-1.7058322718403351,0.1209897806603873,0.1120770568458729,79353.64,-17248151.154,-12928804.561000003,140739911.539,-0.030690275031209437,-0.030690275031209437,40.107236518054066,585.0,18.0,-27494276.007,-12869184.715000002,270885995.286,-0.053989839070709075,-0.053989839070709075,39.99846393512956,1490.0,50.0
5,1H_end,2026-09-09 05:00:00,-1,1D#2026-08-19 BULL,1h|BEAR|07.09 07:00,BEAR,BULL,False,pivot,,,79171.5,0.0062633207890672,0.0031333244917679,0.0041796606101943,-0.0025073416570355,-0.0066503729246003,0.0041796606101943,-0.0074332303922497,0.0046304541406946,0.0140387639491483,-0.0074332303922497,0.0097446682202559,0.0177020771363433,-0.0074332303922497,0.0259877607472386,0.0341979121274701,-0.0074332303922497,0.0246142867067062,0.039470263920729,-0.0090752354066805,106582.274,-0.003745949345777988,5.9994813085273435e-05,-0.009374115602012623,-0.006854782819811445,7.359e-05,-7.359e-05,7.810000000000008e-06,-1.4109999999999999e-05,1579.0602000000001,2193506.1178,2195085.1780000003,0.9985612766048205,-0.9985612766048205,213801.70919999998,2255057.8382,2468859.5474,0.8268012374983759,-0.8268012374983759,1162004.1160600006,2676066.8287400003,3838070.9448000006,0.3944853376749909,-0.3944853376749909,0.2485827902176114,-0.2485827902176114,210058243.0250198,126416429.97349146,2.3877195410754837,-1.4044182197050836,0.1752249370476191,0.0996314994981347,79111.05,-7301460.442999997,-1102006.7100000016,153333872.815,-0.04043107774679209,0.04043107774679209,39.27260414287488,559.0,39.0,-30699470.620999996,6620662.778999997,349405038.24600005,-0.1068105187817143,0.1068105187817143,41.35349337395166,1539.0,99.0
6,1H_end,2026-09-11 13:00:00,-1,1D#2026-08-19 BULL,1h|BEAR|09.09 22:00,BEAR,BULL,False,pivot,,,78032.99,0.0147859427296683,-0.0155007516692617,0.0099853920758387,-0.0166597486524608,0.0014992376942112,0.0099853920758387,-0.0237977552827335,0.0095544205085568,0.0147372284465839,-0.0237977552827335,0.0088807310856601,0.0147372284465839,-0.0237977552827335,0.0162708105892136,0.0196454089481897,-0.0237977552827335,0.0042927997504647,0.0210714724631211,-0.0237977552827335,106164.969,-0.004383321751641134,-0.004573198245786836,-0.007113591531696328,-0.005178135292383423,5.946e-05,-5.946e-05,1.162e-05,-1.958e-05,9486894.36814,7482693.78565,16969588.15379,-0.11810543451771287,0.11810543451771287,11029129.25119,7577117.144750001,18606246.39594,-0.18552974269937914,0.18552974269937914,11432347.360709999,9693347.2984,21125694.65911,-0.08231682273037554,0.08231682273037554,0.2586077714430125,-0.2586077714430125,171338415.30284786,100928162.40373316,0.2232022109752485,-3.631536335600727,0.131712275584613,0.0866168411938206,77826.29,28795156.626999997,29015510.661999993,441512692.997,-0.0004990887883748649,0.0004990887883748649,42.45772806439096,2358.0,128.0,50167761.23900001,1405482.1129999906,872185867.6600001,0.05590812799664483,-0.05590812799664483,44.377225497230064,4578.0,231.0
7,1H_end,2026-09-14 03:00:00,-1,1D#2026-08-19 BULL,1h|BEAR|12.09 18:00,BEAR,BULL,False,pivot,,,77600.0,0.0040113877662764,4.7293814432913805e-05,0.0012369845360825,-0.00347706185567,8.827319587634275e-05,0.0028426546391752,-0.0038060567010309,-0.0118693298969072,0.0028426546391752,-0.0143336340206183,-0.0040427835051546,0.0028426546391752,-0.0257731958762885,0.0220831185567009,0.0339179123711339,-0.0257731958762885,0.0158503865979382,0.0339179123711339,-0.0257731958762885,105749.111,0.006883724375664979,0.006901681113375524,0.0076645179806977826,0.022495387370920383,0.0001,-0.0001,3.722e-05,2.1530000000000006e-05,4950.039,1560255.90028,1565205.93928,0.9936749038886511,-0.9936749038886511,2879054.1768300002,2266814.71182,5145868.88865,-0.11897688772451782,0.11897688772451782,5272390.00189,3013685.27382,8286075.27571,-0.2725904186136495,0.2725904186136495,0.0926787985374542,-0.0926787985374542,139140087.87464267,115536928.02587824,0.6103695754242411,-3.259260023630539,0.133759018347102,0.1013564289330947,77526.8,25290911.067,-9409936.077,156725325.772,0.22141186801220566,-0.22141186801220566,39.30570436697851,932.0,57.0,3628545.484000001,-13779078.129999999,249377833.514,0.06980421382569571,-0.06980421382569571,39.099201982383256,1739.0,73.0
8,1H_end,2026-09-15 07:00:00,1,1D#2026-08-19 BULL,1h|BULL|14.09 09:00,BULL,BULL,False,pivot,,,77286.7,0.0039494465684147,-0.0046151537069121,0.000310661472155,-0.0051429288609812,-0.0030134550964137,0.000310661472155,-0.0075447651407033,-0.0166484013420161,0.0007341496014192,-0.0300016691099502,-0.0162601068489145,0.0007341496014192,-0.0300016691099502,-0.0104707537001839,0.0007341496014192,-0.0300016691099502,0.0041054929243971,0.0055479144535863,-0.0300016691099502,104550.474,0.004315752405503082,0.015808473197526762,-0.003446277800553399,-0.019506002635814812,6.849e-05,6.849e-05,2.0760000000000005e-05,-3.104e-05,672876.3234999999,8852.9614,681729.2849,-0.9740279269320266,-0.9740279269320266,5208483.16951,37313.747200000005,5245796.9167100005,-0.9857738498868911,-0.9857738498868911,9302877.183939999,9650930.327019999,18953807.510959998,0.01836323086423342,0.01836323086423342,0.1766217351115926,0.1766217351115926,153958811.77368614,107737546.84250829,0.8899659108326796,-2.9904173934301226,0.1228870364873136,0.0999568337679146,77311.95,15875615.208999999,-5029403.474999996,210094312.588,0.09950302046012657,0.09950302046012657,42.364911615620024,815.0,42.0,-6448379.921999995,-16977486.266999997,570877410.373,0.01844372566453539,0.01844372566453539,42.42236233553839,2318.0,166.0
9,1H_end,2026-09-16 12:00:00,-1,1D-gap,1h|BEAR|15.09 13:00,BEAR,NONE,False,pivot,,,76250.0,0.0089681558398548,0.0036984918032786,0.0059800655737703,-0.0006557377049181,0.0060536393442622,0.0108453770491804,-0.0006557377049181,0.0005769180327869,0.0155433442622949,-0.0040755409836064,-0.0030426229508195,0.0155433442622949,-0.0068731803278687,-0.0237639344262294,0.0155433442622949,-0.0293874098360655,-0.0662640000000001,0.0155433442622949,-0.0720131147540983,106636.999,-0.003655893461357307,-0.007995175505885577,-0.007670252945308098,,4.875e-05,-4.875e-05,2.0419999999999998e-05,,17461.8682,1205804.5809099996,1223266.4491099995,0.9714504256816584,-0.9714504256816584,570274.55856,1608431.1032099999,2178705.66177,0.476501513199627,-0.476501513199627,,,,,,0.0737800579707533,-0.0737800579707533,138289611.70282236,119285690.94186312,2.4099826099971855,-1.5288628750027011,0.1318101821134183,0.118553885286575,76164.45,-48757267.244,6912615.335999997,437998152.25399995,-0.12710072472569797,0.12710072472569797,43.50175495178228,1219.0,92.0,-100954281.52899998,26834921.73,818455592.6730001,-0.15613455928824715,0.15613455928824715,44.35051058910269,2600.0,203.0
10,1H_end,2026-09-19 22:00:00,1,1D#2026-09-18 BULL,1h|BULL|18.09 03:00,BULL,BULL,False,pivot,,,81100.41,0.0016961232523614,0.0019844535927746,0.0020665740160867,-0.0017066498184165,-2.983955321556042e-05,0.0033653344045978,-0.0017066498184165,-0.0077730803087185,0.0033653344045978,-0.0120143658953143,-0.0020764383311996,0.0048941799431099,-0.0120143658953143,0.0676677220250796,0.0776230354445803,-0.0120143658953143,0.0626827903829339,0.0776230354445803,-0.0120143658953143,107430.124,-0.002729702864572414,-0.004463174646046175,,-0.008631704501016357,9.851e-05,9.851e-05,,2.196e-05,381795.54319999996,61253.53470000001,443049.0779,-0.7234909730979038,-0.7234909730979038,,,,,,,,,,,-0.027192236707694,-0.027192236707694,214575463.7837782,226571229.078917,1.1350185798596035,-1.3316891903808692,0.1580622450638342,0.1476732582483473,81079.73,-13543340.746,-14930231.177999998,61495149.036000006,0.022552842845995798,0.022552842845995798,35.16790362095529,389.0,18.0,-38553371.821,-5947460.510999988,591250375.4419999,-0.05514738368770569,-0.05514738368770569,34.95302472356634,2501.0,90.0
11,1H_end,2026-09-23 09:00:00,1,1D#2026-09-18 BULL,1h|BULL|20.09 15:00,BULL,BULL,False,pivot,,,85899.99,0.0037551130042214,-0.0005315483738705,0.0014437719957824,-0.0019322470235445,-0.0045294533794474,0.0014437719957824,-0.0073651929412331,-0.0194078020265194,0.0014437719957824,-0.0279392349172568,-0.0260767201486287,0.0014437719957824,-0.0302559988656576,-0.0172634478770021,0.0014437719957824,-0.0352160692917428,-0.0195573945934104,0.0014437719957824,-0.0352160692917428,,,,,,,,,,,,,,,,,,,,,,,,,,,,,,,,,,-57310872.301,33438671.144,646975412.359,-0.1402673760260985,-0.1402673760260985,63.78726519687425,1464.0,114.0,-2666752.786999993,93201200.65200001,1530717917.317,-0.06262940568895588,-0.06262940568895588,59.64606380106525,3870.0,215.0
12,1H_end,2026-09-26 23:00:00,-1,1D#2026-09-18 BULL,1h|BEAR|24.09 09:00,BEAR,BULL,False,pivot,,,84276.01,0.0022948739371371,-0.0018639942731035,1.1865772941987986e-07,-0.0023443207622193,-0.0020645258360001,0.0002247377397196,-0.0035018269137327,-0.007202405524419,0.0002247377397196,-0.0099865904899865,0.0009580425081822,0.0016639373411246,-0.010477714832489,0.0086857458012072,0.0203261877253086,-0.010477714832489,0.0078788732404393,0.0203261877253086,-0.010477714832489,94512.84,0.002542090731650015,-0.0002751990115557046,-0.0017195236827400873,-0.008194339460540934,3.159e-05,-3.159e-05,4.531e-05,1.1500000000000002e-05,2274.6294,755112.3238699998,757386.9532699998,0.9939934814293293,-0.9939934814293293,583682.6771000001,1526534.88027,2110217.55737,0.446803316500263,-0.446803316500263,1047699.2910000001,2198471.6430099998,3246170.93401,0.3545014650810297,-0.3545014650810297,0.0893817780093884,-0.0893817780093884,153559367.10687393,128360837.92440674,6.778614948484063,-0.3399593814148671,0.1361336655483829,0.1399729250125373,84286.54,-5002677.540000001,3511030.4739999995,44062097.792,-0.19322066902465468,0.19322066902465468,23.973084161051556,344.0,2.0,-4104346.0919999992,5377997.581,98674039.917,-0.09609765325283232,0.09609765325283232,26.886901765158317,917.0,13.0
13,1H_end,2026-09-28 19:00:00,-1,1D#2026-09-18 BULL,1h|BEAR|28.09 01:00,BEAR,BULL,False,pivot,,,84041.19,0.00916871446177,0.0077539358973857,0.010983780691349,-4.80716658104452e-05,0.0059159086157634,0.011199151273322,-4.80716658104452e-05,0.0004061103846816,0.0150551176155406,-4.80716658104452e-05,0.0047737305956757,0.0150551176155406,-0.0062207591301362,0.0010850631696195,0.0150551176155406,-0.0191425180914261,-0.0090530607669883,0.0150551176155406,-0.0191425180914261,93120.663,-0.0015361672720382025,-0.02069975888478859,-0.02567295809390857,-0.011738419974560155,4.739e-05,-4.739e-05,-1.7330000000000005e-05,3.188e-05,8211.543,15956.6933,24168.2363,0.3204681634133146,-0.3204681634133146,381756.1113,11205862.65957,11587618.77087,0.9341096529237407,-0.9341096529237407,8146153.01616,13440284.72435,21586437.74051,0.24525268003135195,-0.24525268003135195,0.293139053304046,-0.293139053304046,203313957.92404544,111136305.41703358,7.3401841814440205,-2.201165523573223,0.1332887740455017,0.0738144911991887,83845.58,49380299.14099999,-4181824.5840000026,375098704.911,0.14279474448654447,-0.14279474448654447,34.58784082576133,1196.0,29.0,7076784.666000001,97762021.37600002,1443328522.666,-0.06283062745998642,0.06283062745998642,36.76352298500115,4375.0,201.0
14,1H_end,2026-10-02 16:00:00,1,1D#2026-09-18 BULL,1h|BULL|30.09 12:00,BULL,BULL,False,pivot,,,85326.0,0.0138226398527139,-0.0019453624920892,0.002132995804327,-0.0036096852073225,-0.0118453929634577,0.002132995804327,-0.016853010805616,-0.0073417246794647,0.002132995804327,-0.016853010805616,-0.0053760870074772,0.002132995804327,-0.016853010805616,-0.0008202658040925,0.002132995804327,-0.016853010805616,-0.0006588847479079,0.0196084429130627,-0.016853010805616,96649.734,-0.0045830092511724985,-0.026032681293757798,-0.019226789963475044,-0.005707562923890408,1.214e-05,1.214e-05,-5.5599999999999996e-05,-5.785999999999999e-05,2404061.1754,98195.94270000001,2502257.1181,-0.9215141066122241,-0.9215141066122241,9538426.435279999,7069529.793749999,16607956.229029998,-0.14865746317505785,-0.14865746317505785,,,,,,,,,,,,,,,,,,,,,,,,,,,,,,
15,1H_end,2026-10-05 15:00:00,1,1D#2026-09-18 BULL,1h|BULL|04.10 20:00,BULL,BULL,False,pivot,,,85645.26,0.0043014389099986,-0.004384130540324,0.000335686995404,-0.0054996622113119,4.53031492928524e-05,0.000335686995404,-0.0078609137271578,-0.0012531925292771,0.0056651121147861,-0.0078609137271578,0.0110963525593827,0.0114569095826202,-0.0078609137271578,,,,,,,96131.955,-0.009428201095237121,-0.009572968240485369,-0.023410853680236876,-0.027572960486782594,1.66e-06,1.66e-06,-4.49e-05,-3.068e-05,13492195.59204,668971.23428,14161166.82632,-0.9055203229388348,-0.9055203229388348,13763709.56254,1420674.77362,15184384.33616,-0.8128768684764105,-0.8128768684764105,17388579.34003,6058499.848920001,23447079.188950002,-0.48321922742725115,-0.48321922742725115,,,,,,,,,,,,,,,,,,,,,,,,,
16,1H_start,2026-08-28 19:00:00,-1,1D#2026-08-19 BULL,1h|BEAR|28.08 18:00,BEAR,BULL,True,,,,77554.0,0.0323976000705671,-0.0003356371044691,0.0022951749748562,-0.0031378136524229,-0.0026393222786704,0.0038464811615132,-0.0031378136524229,0.0011241199680221,0.0038464811615132,-0.0052856074477138,-0.0077882507672073,0.0038464811615132,-0.0089743920365163,-0.0191181628284808,0.0038464811615132,-0.0238027696830596,-0.0188513809732573,0.0071434097532042,-0.0238027696830596,,,,,,,,,,,,,,,,,,,,,,,,,-0.0329022546121616,0.0329022546121616,98764322.08984149,105484571.1804736,0.5949546729451693,-3.2740820452450192,0.1174608615967063,0.117196650200834,77538.68,,,,,,,,,,,,,,,,
17,1H_start,2026-08-30 17:00:00,1,1D#2026-08-19 BULL,1h|BULL|30.08 16:00,BULL,BULL,False,,,,79337.93,0.0167987638152196,-0.0039944324234321,0.0,-0.0070972358366293,-0.0093347532510614,0.0,-0.0113400992438295,-0.0216245873821008,0.0,-0.0294679984718532,-0.0088023471245088,0.0,-0.0294679984718532,-0.0219557026506741,0.0,-0.0294679984718532,-0.0273063590139041,0.0,-0.0387447718890572,107821.542,-0.0027015745352119147,-6.740313650865914e-05,-0.0047165992278420665,0.0005357457301433666,5.676e-05,5.676e-05,-4.3240000000000006e-05,-4.3240000000000006e-05,120466.0931,2788549.66647,2909015.75957,0.9171774214672477,0.9171774214672477,503750.2817999999,3137510.43298,3641260.71478,0.7233099625328884,0.7233099625328884,997517.8069199999,6520371.11242,7517888.91934,0.7346282134193671,0.7346282134193671,0.179496734311551,0.179496734311551,115874942.64073898,80607064.08287081,3.5691050328396035,-1.4830464321769488,0.1573766200382244,0.1030648567162965,79174.19,11025277.853,12802589.964,174550342.50700003,-0.01018223215992099,-0.01018223215992099,41.84640200626209,1360.0,21.0,34514141.748,21212692.107,406199709.331,0.032746083602342144,0.032746083602342144,41.24306488129247,2739.0,36.0
18,1H_start,2026-09-01 18:00:00,-1,1D#2026-08-19 BULL,1h|BEAR|01.09 17:00,BEAR,BULL,True,,,,77265.79,0.0206796526525095,0.0014481182422388,0.0109465003852285,-0.0006969449221965,0.0007049691719969,0.0109465003852285,-0.0032421851895905,-0.0049864241341479,0.0109465003852285,-0.0068103878831757,-0.0014996287490234,0.0129655051737643,-0.0068103878831757,-0.0488729876443378,0.0129655051737643,-0.0531223456072862,-0.0285563636895449,0.0129655051737643,-0.0651544493365046,109296.672,0.002270767208080171,0.002642203188849779,0.00785225649545751,0.017976607899003127,4.772e-05,-4.772e-05,3.1099999999999956e-06,-3.191e-05,728936.3845999999,22504.9363,751441.3208999999,-0.9401019462889106,0.9401019462889106,4352510.24853,830919.478,5183429.726530001,-0.6793939449985554,0.6793939449985554,11099950.9845,1733474.23536,12833425.21986,-0.7298501053830256,0.7298501053830256,0.0415270125636756,-0.0415270125636756,115648201.1399254,106426118.09498744,0.7688273957885627,-3.106896734818687,0.128125233280626,0.101880819493228,77404.89,-2190810.025999997,-35686067.578,385777134.638,0.08682540914051529,-0.08682540914051529,44.835597032045605,1611.0,49.0,-4493451.210999971,10200183.998,1365053084.955,-0.010764149300087006,0.010764149300087006,41.77659073087445,4877.0,225.0
19,1H_start,2026-09-03 13:00:00,1,1D#2026-08-19 BULL,1h|BULL|03.09 12:00,BULL,BULL,False,,,,78652.38,0.0266074502426976,0.0023920445891147,0.0044197009677264,-0.0025699158754001,0.0294586126955089,0.0345564876739903,-0.0025699158754001,0.0294935766724413,0.0463764732866316,-0.0025699158754001,0.0101914271379963,0.0463764732866316,-0.0025699158754001,0.0133722590467064,0.0463764732866316,-0.0025699158754001,0.0161426774370971,0.0463764732866316,-0.0025699158754001,107128.475,0.000499762021864969,-0.0031258446984001598,-0.006544482541409824,-0.008529635552499193,6.949e-05,6.949e-05,5.2899999999999985e-06,1.9229999999999997e-05,7544.076399999999,6050850.6118,6058394.6882,0.9975095460800224,0.9975095460800224,236051.23076,6190772.1689,6426823.39966,0.9265418649056119,0.9265418649056119,,,,,,0.0173353745838163,0.0173353745838163,138426281.87535667,133708719.6859244,2.1376516792004585,-0.4157896127795601,0.1243157071341111,0.1522420404020009,78325.67,187171649.05000004,-34044853.000999995,601846370.409,0.36756307411252925,0.36756307411252925,38.73750396382542,1565.0,59.0,184941321.105,-46069972.59199999,1024704729.9029999,0.22544181455946616,0.22544181455946616,38.85112115819561,3683.0,127.0
20,1H_start,2026-09-06 04:00:00,1,1D#2026-08-19 BULL,1h|BULL|06.09 03:00,BULL,BULL,False,,,,80028.01,0.005604408031967,-0.0020242912450277,0.0,-0.0021743637009091,-0.0027866493244051,0.0009994000850452,-0.0056356518174073,-0.0038925121341889,0.0009994000850452,-0.0099341468068492,-0.0053933616492525,0.0066474225711723,-0.0099341468068492,-0.0140167173968214,0.0066474225711723,-0.0168442274148763,-0.0173689187073375,0.0066474225711723,-0.0300894649260927,106534.839,0.0011524335845458644,0.002419095407398819,-0.0029594092449530818,-0.011113197872050784,3.704e-05,3.704e-05,1.3399999999999973e-06,2.1949999999999998e-05,6714.2611,467323.80142999993,474038.06252999994,0.9716720591415585,0.9716720591415585,28438.7658,1822887.0670200002,1851325.8328200001,0.9692774061747077,0.9692774061747077,981875.2817,4002436.58615,4984311.86785,0.6060137055093483,0.6060137055093483,-0.1414403973746522,-0.1414403973746522,115389513.002972,153408396.07667258,2.4852421251339685,-0.0143979266985616,0.1153101937570083,0.1555089800282384,80011.52,-8077699.988,-4755056.847999999,22971210.13,-0.14464380070515687,-0.14464380070515687,34.64625138057191,295.0,26.0,-947163.913999999,11226750.279,107183446.533,-0.11358017106915713,-0.11358017106915713,36.0795740932679,1039.0,44.0
21,1H_start,2026-09-07 08:00:00,-1,1D#2026-08-19 BULL,1h|BEAR|07.09 07:00,BEAR,BULL,True,,,,79397.83,0.0051020612743561,-0.0004981244449628,0.0,-0.0016705746240168,-0.0002812419432622,0.0014588559914042,-0.001916551119848,0.0004031596329521,0.009040927189068,-0.0030941651679901,0.0115346981145454,0.0153385804120843,-0.0030941651679901,0.0015164142395328,0.0223912920542035,-0.0030941651679901,0.0161947750964982,0.0223912920542035,-0.0045614596771725,106693.769,0.0032273932916970782,0.00904363009542175,0.004401200434024588,0.0013871288766458267,3.116e-05,-3.116e-05,-1.3150000000000001e-05,8.210000000000001e-06,2927582.9154,3328.5645999999997,2930911.48,-0.9977286488365728,0.9977286488365728,3347623.47326,90962.75159999999,3438586.22486,-0.9470929354963588,0.9470929354963588,5180189.282849999,6961040.0493,12141229.33215,0.14667796132754898,-0.14667796132754898,0.1353437561326617,-0.1353437561326617,130055974.82346398,99048160.59095109,3.3348942783216984,-1.7058322718403351,0.1209897806603873,0.1120770568458729,79353.64,-17248151.154,-12928804.561000003,140739911.539,-0.030690275031209437,0.030690275031209437,40.107236518054066,585.0,18.0,-27494276.007,-12869184.715000002,270885995.286,-0.053989839070709075,0.053989839070709075,39.99846393512956,1490.0,50.0
22,1H_start,2026-09-09 23:00:00,-1,1D#2026-08-19 BULL,1h|BEAR|09.09 22:00,BEAR,BULL,True,,,,77924.06,0.0081257659512612,-0.0049069568500408,4.4915524165412e-05,-0.0050950887312595,-0.0055669583951349,4.4915524165412e-05,-0.007499994225147,0.0007808884701334,0.0013198747601188,-0.0082173593111036,0.0139573066393101,0.01601546428664,-0.0082173593111036,0.0099335173244309,0.0240937138028998,-0.0252289215936645,0.0088790291470952,0.0240937138028998,-0.0252289215936645,105267.955,0.0008773130572397037,0.0016672035892411063,-0.003244966052573961,-0.011474267481347056,3.816e-05,-3.816e-05,-2.743e-05,2.260000000000002e-06,7805876.672749999,571282.9916999999,8377159.664449999,-0.8636093820380807,0.8636093820380807,11019995.019930001,627914.286,11647909.305930002,-0.892184207567563,0.892184207567563,18321191.2603,3896225.75199,22217417.01229,-0.6492638410815509,0.6492638410815509,0.4383688883522642,-0.4383688883522642,220631808.2438912,86148754.14249057,3.861160452285861,-10.243441584444312,0.1277116004014904,0.0770889369599105,77988.73,41712802.672,-15076856.093000002,203866494.07899997,0.2785629831991594,-0.2785629831991594,42.00046166775289,607.0,41.0,5640798.727000013,-29147742.875000015,820502542.674,0.042399066173061356,-0.042399066173061356,44.57018515024151,3016.0,132.0
23,1H_start,2026-09-12 19:00:00,-1,1D#2026-08-19 BULL,1h|BEAR|12.09 18:00,BEAR,BULL,True,,,,77131.0,0.0009992991927738,0.000207568941152,0.0009237530953831,-0.0007132022144142,-0.0013116645706654,0.0009237530953831,-0.0021910775174702,0.0001121468670183,0.000940996486497,-0.0027274377357999,-0.0026950253464883,0.0081808870622707,-0.0036628592913354,-0.0271617118927538,0.0096236273353126,-0.0284451128599396,0.0146633649246087,0.0280435881811463,-0.0320104756842254,103484.685,0.0006853146331107229,,,-0.0016465429601815185,6.317e-05,-6.317e-05,,5.3620000000000005e-05,231481.26320000002,3237.8106,234719.0738,-0.9724111845911689,0.9724111845911689,,,,,,,,,,,0.0936480168148767,-0.0936480168148767,141769466.87244743,117490303.53400308,1.095224183844001,-2.793053669380763,0.1245982042902671,0.1022524676419727,77154.98,-987385.5829999988,2315427.378,72244734.459,-0.0457170060314139,0.0457170060314139,37.38824106489538,371.0,22.0,-13744180.528,6441010.316999998,206839340.517,-0.09758874107095207,0.09758874107095207,35.812177419769995,1500.0,46.0
24,1H_start,2026-09-14 10:00:00,1,1D#2026-08-19 BULL,1h|BULL|14.09 09:00,BULL,BULL,False,,,,78141.57,0.0173622516714078,-0.0030069782319449,0.0003365686151428,-0.0030914403178744,0.0003383602351474,0.004458958272786,-0.0084409617057862,0.0078864553143735,0.0186639454518253,-0.0084409617057862,-0.0148131141977311,0.0186639454518253,-0.0184022409583017,-0.0274958642371788,0.0186639454518253,-0.0406134660463055,-0.0214165136431223,0.0186639454518253,-0.0406134660463055,106151.107,-0.0023427736098571295,-0.004738734969461422,0.013818047851292592,0.01659733222741977,5.409e-05,5.409e-05,-4.5910000000000006e-05,2.757e-05,24711.997880000003,1445129.6484299998,1469841.6463099997,0.9663746119290622,0.9663746119290622,94626.57428,1918833.83163,2013460.40591,0.9060060242533224,0.9060060242533224,4745850.044290001,5164979.52971,9910829.574000001,0.0422900507258788,0.0422900507258788,0.3012253149178888,0.3012253149178888,146899863.61513585,78887111.06327435,0.0380401060197987,-3.809576821134797,0.1366224971458118,0.0926590409927966,77970.34,-52517815.186000004,-13082072.727000002,433364998.365,-0.09099890994377309,-0.09099890994377309,40.51000116117784,1422.0,44.0,-36034652.926,-20492012.866,726255718.7520001,-0.02140105703636801,-0.02140105703636801,40.087465818122446,2984.0,120.0
25,1H_start,2026-09-15 14:00:00,-1,1D#2026-08-19 BULL,1h|BEAR|15.09 13:00,BEAR,BULL,True,,,,76618.77,0.0198193608868895,0.0088328225577102,0.0132313531005523,-0.0010079775491045,-0.0044797116946668,0.0132313531005523,-0.009458126252875,0.0147435151986908,0.0215456343138894,-0.009458126252875,0.0126961056670579,0.0215456343138894,-0.009458126252875,-0.0009827878991011,0.0215456343138894,-0.009458126252875,-0.045084513886088,0.0215456343138894,-0.0506563861570734,,,,,,,,,,,,,,,,,,,,,,,,,,,,,,,,,,413766497.75799996,19448106.325999998,976812281.174,0.4036787815137634,-0.4036787815137634,52.5660172291353,2020.0,83.0,372598476.5760001,-36703656.561000004,1627942723.209,0.25142293233154045,-0.25142293233154045,48.69442239938488,4132.0,247.0
26,1H_start,2026-09-18 04:00:00,1,1D-gap,1h|BULL|18.09 03:00,BULL,NONE,False,,,,77383.47,0.0123162675382992,0.0024876113722995,0.0024877405988643,-0.0021543360616939,0.0053569580170027,0.0060288069273708,-0.0021543360616939,0.0431891978997582,0.0487339221154077,-0.0021543360616939,0.0484927853455006,0.0563108632890201,-0.0021543360616939,0.0400978400167375,0.0590246211497107,-0.0021543360616939,0.0522302760524953,0.0609500969651528,-0.0021543360616939,108400.189,-0.008286275196346171,0.0013719140812942232,-0.000746756133721993,0.001290406142540057,6.514e-05,6.514e-05,-1.2549999999999993e-05,4.2800000000000065e-06,104890.8635,3444061.34222,3548952.20572,0.9408891089990207,0.9408891089990207,117386.05410000001,4416298.1197,4533684.1738,0.9482160425825997,0.9482160425825997,1495216.9012,5268078.21194,6763295.11314,0.5578436616509509,0.5578436616509509,0.1702048931101261,0.1702048931101261,230816929.04885837,163672840.06397092,0.8455641979629336,-0.4473276507288903,0.1782572952079168,0.1103409826197507,77345.99,33988947.384,-16779613.308,238951617.77400002,0.2124637663680386,0.2124637663680386,32.87692676751052,801.0,86.0,98856436.842,-53655345.335999995,539957201.6800001,0.2824516122823832,0.2824516122823832,33.56594602451774,2603.0,122.0
27,1H_start,2026-09-20 16:00:00,1,1D#2026-09-18 BULL,1h|BULL|20.09 15:00,BULL,BULL,False,,,,80912.0,0.0088687577945075,0.0052156664030056,0.0072341556258652,-0.0012478989519477,0.0032791180541824,0.0072341556258652,-0.0012478989519477,0.0063430640696064,0.0146826181530552,-0.0041102679454222,0.0619896925054381,0.0671433161953727,-0.0041102679454222,0.0679889262408541,0.0801323660272887,-0.0041102679454222,0.038115607079296,0.0801323660272887,-0.0041102679454222,108807.876,-0.002101927469360332,-0.0014742789124264633,-0.003044580417610132,0.0076946550576544315,7.557e-05,7.557e-05,-2.443000000000001e-05,-2.443000000000001e-05,4517.1001,1187508.14584,1192025.2459399998,0.9924211335030277,0.9924211335030277,18265.9418,1636118.32918,1654384.2709799998,0.9779181389470297,0.9779181389470297,,,,,,0.0120886362953552,0.0120886362953552,188394447.07282037,183893987.5892238,1.3900702274612042,-1.0828583146719972,0.1557667222906577,0.1585304515390179,80875.77,8742062.263,8618491.917000001,54345775.242,0.002273780168738861,0.002273780168738861,35.22636478960893,558.0,6.0,-1810854.8610000052,12712132.875,297253420.054,-0.048857260358389526,-0.048857260358389526,37.38897486598525,1726.0,56.0
28,1H_start,2026-09-24 10:00:00,-1,1D#2026-09-18 BULL,1h|BEAR|24.09 09:00,BEAR,BULL,True,,,,83263.95,0.0301718037983641,-0.0029814823822313,0.001296479448789,-0.003635546956396,-0.0119437043282235,0.001296479448789,-0.0129234800895225,-0.0130434599847832,0.001296479448789,-0.020158784203728,-0.0156857799804117,0.001296479448789,-0.020158784203728,-0.0091035796404086,0.001296479448789,-0.0239125095554559,-0.0201775198029878,0.001296479448789,-0.0239125095554559,97328.673,0.00293743182318007,-0.0019493989547203494,,-0.08230353194816709,-5.7e-07,5.7e-07,-4.9290000000000004e-05,-4.6880000000000005e-05,6761400.16499,724286.4643,7485686.629290001,-0.8064876342896825,0.8064876342896825,15946556.7246,1066197.0864,17012753.811,-0.8746590824454739,0.8746590824454739,17625850.423469998,2064115.3710599998,19689965.794529997,-0.7903383487204001,0.7903383487204001,-0.0570054119577555,0.0570054119577555,228592038.051446,256229488.92258897,2.1157420666880533,-1.4883429474303431,0.1297555580701705,0.1306552276761917,83238.88,-42976904.845,-55890592.01500002,953942764.924,0.013537171877422698,-0.013537171877422698,48.38344242059111,2378.0,175.0,-58786022.279000044,-47928197.31599999,1915048674.407,-0.005669738376943451,0.005669738376943451,57.38733625310686,4355.0,377.0
29,1H_start,2026-09-28 02:00:00,-1,1D#2026-09-18 BULL,1h|BEAR|28.09 01:00,BEAR,BULL,True,,,,83694.43,0.0094748790490705,0.0032999806558212,0.0036485104205857,-0.0010471425637286,0.0060986137309256,0.0118216947053703,-0.0010471425637286,0.000626564993632,0.0131057705990708,-0.0015003387919603,0.0074847274782801,0.0135185818219921,-0.008206878283298,0.002944281955203,0.0135185818219921,-0.010389699768551,0.002107189211994,0.0135185818219921,-0.0233649957350805,95093.769,0.006314534809250816,0.004931981937092544,0.003232625211820217,0.008934011742151471,-1.574e-05,1.574e-05,-5.4239999999999996e-05,-7.219999999999999e-05,4943971.17248,84858.1971,5028829.369580001,-0.9662513118407564,0.9662513118407564,6842037.480570001,2714239.45002,9556276.93059,-0.4319462548575549,0.4319462548575549,8381954.24564,3473282.27212,11855236.517760001,-0.414050952603641,0.414050952603641,0.2431945617314129,-0.2431945617314129,167386040.4580811,101897699.36935256,0.4056027760714897,-1.9850068138349777,0.1485598277194912,0.0684890371790227,83660.67,-21996802.104000002,-103268.5490000078,199973223.27099997,-0.10948232566782348,0.10948232566782348,34.92905201810783,763.0,49.0,-26333944.071000002,2171523.627999992,324808292.117,-0.08776089893891,0.08776089893891,37.88363463437068,1558.0,69.0
30,1H_start,2026-09-30 13:00:00,1,1D#2026-09-18 BULL,1h|BULL|30.09 12:00,BULL,BULL,False,,,,85290.32,0.0113534642787478,-0.0076512785976181,0.0042165394619224,-0.0149012220847571,-0.0110314980644932,0.0042165394619224,-0.0224799250372141,-0.0208850195426633,0.0042165394619224,-0.0224799250372141,-0.0182236389780223,0.0042165394619224,-0.0246724364499981,0.0178177312501581,0.0226248418343371,-0.0246724364499981,-0.0047168307024759,0.0226248418343371,-0.0246724364499981,96128.666,0.02346368574712443,0.023504484333174203,0.037619781821573106,0.03248984412441436,9.379e-05,9.379e-05,0.00010567,4.811999999999999e-05,20991.5016,14046611.015279997,14067602.516879996,0.997015624862188,0.997015624862188,96044.6821,15212530.070129998,15308574.752229998,0.9874521719161335,0.9874521719161335,1486906.94871,15519673.56873,17006580.51744,0.8251374581521315,0.8251374581521315,-0.0925322507933865,-0.0925322507933865,117652650.88207445,141646152.81631932,5.754104316788533,-0.1211237008108323,0.1518702876093147,0.1025423440657695,85103.08,-12787458.497,16586726.586000001,683901831.0009999,-0.04295087942666592,-0.04295087942666592,36.642330870417005,1965.0,73.0,-44143195.513,90964508.48200001,1259440614.797,-0.10727596236586116,-0.10727596236586116,36.33838464030415,3354.0,192.0
31,1H_start,2026-10-04 21:00:00,1,1D#2026-09-18 BULL,1h|BULL|04.10 20:00,BULL,BULL,False,,,,85824.44,0.0126807453709303,0.0004774863663543,0.0028171462581054,-0.0005320162881342,0.0096478345795207,0.0113669253187087,-0.0005320162881342,0.0045040783254746,0.0136868938498171,-0.0048056241322401,-0.0004718935538641,0.0136868938498171,-0.0099322523980349,-0.0024821600933253,0.0136868938498171,-0.0099322523980349,,,,98543.241,0.0005383783501906603,-0.0002348163602143849,0.0010815469913241227,0.014433752211859163,4.37e-05,4.37e-05,7.170000000000001e-06,3.102e-05,6327.5512,2262245.4316899995,2268572.9828899996,0.9944215581797688,0.9944215581797688,6327.5512,2667007.7316900003,2673335.2828900004,0.995266174624262,0.995266174624262,26760.703299999997,3941222.69387,3967983.3971700002,0.9865116858507593,0.9865116858507593,,,,,,,,,,,,,,,,,,,,,,,,,
32,1H_start,2026-10-07 02:00:00,-1,1D#2026-09-18 BULL,1h|BEAR|07.10 01:00,BEAR,BULL,True,,,,84391.56,0.0149104249242315,0.0061990796236021,0.0096521500491281,-0.0016791963556546,0.0006956856823122,0.0096521500491281,-0.0016791963556546,,,,,,,,,,,,,96373.13,0.0075210251110371384,0.0115553508742412,0.01828295829856219,0.019257610913852252,-1.702e-05,1.702e-05,3.37e-06,1.06e-06,24123086.043649998,11699.287800000002,24134785.331449997,-0.9990305040927997,0.9990305040927997,24451041.03925,25990.3133,24477031.35255,-0.9978763508592482,0.9978763508592482,27248974.531949997,1594209.9938,28843184.525749996,-0.8894567281655911,0.8894567281655911,,,,,,,,,,,,,,,,,,,,,,,,,
33,4H_end,2026-08-31 00:00:00,1,1D#2026-08-19 BULL,4h|BULL|25.08 00:00,BULL,BULL,False,pivot,,,77682.0,0.0070049852997571,0.0032831286527121,0.0064865734661825,-0.0031616075796195,0.0009617414587679,0.0064865734661825,-0.0037331685589969,0.0081541412425014,0.0144177544347467,-0.0037331685589969,0.0115765557014493,0.0201848562086455,-0.0037331685589969,-0.0031281377925388,0.0201848562086455,-0.0162457197291522,-0.0044024355706598,0.0201848562086455,-0.0182539069539918,106423.633,-0.0024322780373231545,-0.0065620951986082865,-0.01974828452134425,-0.011828057080441545,7.281e-05,7.281e-05,1.488e-05,-1.0119999999999991e-05,10931003.864799999,439708.46226,11370712.32706,-0.9226594694136122,-0.9226594694136122,16321461.78593,621201.4254599999,16942663.21139,-0.9266701559596149,-0.9266701559596149,17652414.854429998,7327589.924140001,24980004.778569996,-0.4133235770694296,-0.4133235770694296,-0.0311599518228422,-0.0311599518228422,98237174.2670328,104556206.23341817,0.8355387875534914,-3.0427511658139506,0.1148745704952776,0.1235527185908574,77353.68,-1980383.6590000028,38629700.003999986,224868914.787,-0.18059447523668004,-0.18059447523668004,41.94595862097616,1069.0,29.0,29075335.129,67372630.948,583946459.463,-0.06558357397049444,-0.06558357397049444,40.502635685233074,3369.0,66.0
34,4H_end,2026-09-07 16:00:00,1,1D#2026-08-19 BULL,4h|BULL|03.09 12:00,BULL,BULL,False,pivot,,,78821.99,0.0112211399145721,0.0026246482739142,0.0027053364169058,-0.0001814214535816,0.0068994705665259,0.0075763121433498,-0.0001814214535816,0.0010693716309368,0.0084114851705723,-0.0012292254991278,0.0010404456928834,0.0084114851705723,-0.0152492978165105,-0.0028582125368822,0.0119003592779121,-0.0152492978165105,-0.0199435462108987,0.0119003592779121,-0.0272248899069916,107913.927,-0.002033415858248566,0.006198070178414117,0.020583129254083676,0.014117598965902811,2.179e-05,2.179e-05,-8.510000000000002e-06,-6.289999999999999e-06,3131231.97246,2764.0387,3133996.0111599998,-0.9982360930325647,-0.9982360930325647,4519073.705,192561.5481,4711635.2531,-0.9182612669462029,-0.9182612669462029,7876449.20236,323481.2561,8199930.45846,-0.9211014635456428,-0.9211014635456428,0.2674118769112297,0.2674118769112297,196212923.50957364,113414794.33659028,2.740429728970728,-1.0647713721022578,0.170742935305264,0.1021232261231722,78839.46,-53864038.15799997,-40951196.17899999,1045867328.837,-0.012346539205272818,-0.012346539205272818,36.09221290349622,1066.0,119.0,-59539047.891000025,-72525286.42199999,1445973068.727,0.008980968464670464,0.008980968464670464,36.722405299348786,2591.0,178.0
35,4H_end,2026-09-14 04:00:00,-1,1D#2026-08-19 BULL,4h|BEAR|10.09 12:00,BEAR,BULL,False,pivot,,,77596.33,0.00523784780316,-0.0011012118743243,0.000754288250488,-0.0013460688153679,-0.0038134535486407,0.002795493034271,-0.0038535327637274,-0.0126512426554195,0.002795493034271,-0.0143816079961511,-0.0010394821507666,0.002795493034271,-0.025821710897925,0.0228402554605353,0.0338722205032119,-0.025821710897925,0.0148762190170591,0.0338722205032119,-0.025821710897925,106279.13,0.0050120421343304855,0.013094206826724797,0.012524086109266808,0.02627817992188497,0.0001,-0.0001,2.843000000000001e-05,2.1870000000000006e-05,54145.037500000006,968263.9939599999,1022409.0314599999,0.8940834131273647,-0.8940834131273647,2828168.7182299998,3042977.6083000004,5871146.32653,0.03658721451028087,-0.03658721451028087,4725349.701409999,3961423.6416800003,8686773.34309,-0.08794129069082633,0.08794129069082633,0.0815308054404833,-0.0815308054404833,138542674.61759093,117654696.59120342,0.6329035534252236,-3.2375927370911217,0.1325054286670023,0.1009180019879499,77509.44,18698207.681000005,-7813910.694,234906368.121,0.11286249320130669,-0.11286249320130669,39.11218174431064,906.0,62.0,487772.5410000086,-11991448.484000001,323042796.611,0.03863024080994189,-0.03863024080994189,38.96052811052437,1815.0,80.0
36,4H_end,2026-09-18 04:00:00,-1,1D-gap,4h|BEAR|15.09 16:00,BEAR,NONE,False,pivot,,,77383.47,0.0123162675382992,-0.0024876113722995,0.0021543360616939,-0.0024877405988643,-0.0053569580170027,0.0021543360616939,-0.0060288069273708,-0.0431891978997582,0.0021543360616939,-0.0487339221154077,-0.0484927853455006,0.0021543360616939,-0.0563108632890201,-0.0400978400167375,0.0021543360616939,-0.0590246211497107,-0.0522302760524953,0.0021543360616939,-0.0609500969651528,108400.189,-0.008286275196346171,0.0013719140812942232,-0.000746756133721993,0.001290406142540057,6.514e-05,-6.514e-05,-1.2549999999999993e-05,4.2800000000000065e-06,104890.8635,3444061.34222,3548952.20572,0.9408891089990207,-0.9408891089990207,117386.05410000001,4416298.1197,4533684.1738,0.9482160425825997,-0.9482160425825997,1495216.9012,5268078.21194,6763295.11314,0.5578436616509509,-0.5578436616509509,0.1702048931101261,-0.1702048931101261,230816929.04885837,163672840.06397092,0.8455641979629336,-0.4473276507288903,0.1782572952079168,0.1103409826197507,77345.99,33988947.384,-16779613.308,238951617.77400002,0.2124637663680386,-0.2124637663680386,32.87692676751052,801.0,86.0,98856436.842,-53655345.335999995,539957201.6800001,0.2824516122823832,-0.2824516122823832,33.56594602451774,2603.0,122.0
37,4H_end,2026-09-23 16:00:00,1,1D#2026-09-18 BULL,4h|BULL|18.09 12:00,BULL,BULL,False,pivot,,,83996.01,0.0279715626515973,0.0004999046978542,0.0043713981176012,-0.0059050423942755,0.0062144618536048,0.0067765123605276,-0.0059050423942755,-0.0007381302992844,0.0080241906728664,-0.0059050423942755,0.0050239291128233,0.0112676780718512,-0.0133468244503518,-0.0023810654815628,0.0149886881531635,-0.0133468244503518,0.0019046142787022,0.0149886881531635,-0.0133468244503518,,,,,,1.286e-05,1.286e-05,-3.4479999999999995e-05,-1.5879999999999997e-05,1109066.8198,295012.61089999997,1404079.4307,-0.5797778894133899,-0.5797778894133899,24900032.663019996,1565927.2067800001,26465959.869799998,-0.881664809099415,-0.881664809099415,,,,,,0.0306143259032277,0.0306143259032277,247023756.9889557,232348110.4115187,0.8788206814874799,-0.3079889735888463,0.2015315266536766,0.1299866871872818,84259.51,-74812571.68399999,99692572.57599999,1050222932.2699999,-0.16616009696419082,-0.16616009696419082,49.490872554245215,4235.0,118.0,-139789864.48299998,122125184.15899998,2210692568.672,-0.11847646857533733,-0.11847646857533733,54.26665959245314,7183.0,339.0
38,4H_end,2026-10-07 04:00:00,1,1D#2026-09-18 BULL,4h|BULL|02.10 04:00,BULL,BULL,False,pivot,,,84150.39,0.0159721652967325,-0.000562445402808,0.0008234067602062,-0.0012642840989803,-6.203179807007242e-05,0.0027203676655569,-0.0012642840989803,,,,,,,,,,,,,96691.49,0.0023992209584027258,0.010629845564363416,0.010550226347116443,0.019828981671258683,-4.519e-05,-4.519e-05,-3.76e-05,-5.855e-05,0.0,170180.629,170180.629,1.0,1.0,55953388.46035999,473947.3019999999,56427335.76235999,-0.9832014999256389,-0.9832014999256389,58086319.10875999,559860.7113,58646179.82005999,-0.9809071720266254,-0.9809071720266254,,,,,,,,,,-40149701.268999994,10233355.647999994,512204253.819,-0.09836516690625549,-0.09836516690625549,38.617807837281276,1552.0,124.0,,,,,,,,
39,4H_start,2026-08-25 04:00:00,1,1D#2026-08-19 BULL,4h|BULL|25.08 00:00,BULL,BULL,False,,,,80488.01,0.0462088970379688,-0.001544080913418,0.0014907810492519,-0.0041995074794369,-0.0097184661417272,0.0054129801444962,-0.0139007039682058,-0.0122502718106709,0.0054129801444962,-0.0294114614089724,-0.0173863162972969,0.0054129801444962,-0.0327627680197335,-0.0205910172210743,0.0054129801444962,-0.0354764641342231,-0.0084176512750158,0.012310653474971,-0.0354764641342231,,,,,,,,,,,,,,,,,,,,,,,,,-0.1605599917849616,-0.1605599917849616,72219751.31306061,99846746.84355372,1.926523158265403,-0.5594896016922757,0.1091798511189636,0.1238656857291246,80450.11,,,,,,,,,,,,,,,,
40,4H_start,2026-09-03 16:00:00,1,1D#2026-08-19 BULL,4h|BULL|03.09 12:00,BULL,BULL,False,,,,81348.0,0.0525174481536696,-0.0046544475586369,0.0001475143826523,-0.0090288636475389,0.0050082362196981,0.0054334464276932,-0.0090288636475389,-0.0061218468800707,0.0117028076904164,-0.0090288636475389,-0.0235859517136254,0.0117028076904164,-0.0330432217141171,-0.0189554752421695,0.0117028076904164,-0.0330432217141171,-0.0200558096081034,0.0117028076904164,-0.0330432217141171,110622.745,0.015216126275876096,0.03313362807325926,0.027517493325249553,0.027630393093335703,8.882e-05,8.882e-05,2.9589999999999993e-05,5.064999999999999e-05,867150.19092,24583009.31899,25450159.50991,0.9318550289963927,0.9318550289963927,1463092.00716,57325418.92761,58788510.93477,0.9502252401397475,0.9502252401397475,,,,,,0.0828692609792284,0.0828692609792284,160435963.5680642,135880442.02088654,1.508213995160279,-0.9675961022826418,0.2302755034335027,0.1265011666084404,80781.64,85037420.66500002,-47886751.631,1444185933.1799998,0.09204089947290234,0.09204089947290234,42.7709983796219,4735.0,212.0,223217968.21600005,-77767857.89500001,2247063613.421,0.13394628630596256,0.13394628630596256,41.22712027457049,7165.0,316.0
41,4H_start,2026-09-10 16:00:00,-1,1D#2026-08-19 BULL,4h|BEAR|10.09 12:00,BEAR,BULL,True,,,,77250.0,0.0171343071655679,0.0006471197411004,0.0057606472491908,-0.0008027184466019,0.0011543042071197,0.0057606472491908,-0.0038058252427184,0.0046368932038834,0.0101747572815533,-0.0038058252427184,-0.0062427184466018,0.0155782524271844,-0.0341747572815533,-0.001687637540453,0.0155782524271844,-0.0341747572815533,0.0014908737864077,0.0155782524271844,-0.0341747572815533,107671.701,-0.00024311526863429744,0.013758568158270146,0.020665568090048714,0.02043593733407345,7.199e-05,-7.199e-05,-9.200000000000007e-06,2.3839999999999995e-05,307836.3028,125370.43460000001,433206.7374,-0.421198131162768,0.421198131162768,22905775.366410002,1232483.7056000002,24138259.072010003,-0.897881309341886,0.897881309341886,27291338.4778,1608676.4856000002,28900014.9634,-0.8886729652121438,0.8886729652121438,0.1767470854764519,-0.1767470854764519,183342264.81153756,128266350.2840406,1.093416019107174,-2.794792289320025,0.1476373918052377,0.087335351800306,77156.36,-16171118.067000004,9009580.477000006,729925778.078,-0.034497615100407095,0.034497615100407095,43.94985586663211,2403.0,157.0,-48448662.319,-29800487.457999997,1059318159.433,-0.01760394145511622,0.01760394145511622,43.68555194137799,4133.0,237.0
42,4H_start,2026-09-15 20:00:00,-1,1D#2026-08-19 BULL,4h|BEAR|15.09 16:00,BEAR,BULL,True,,,,76186.48,0.0353943936593148,0.003297697964258,0.0075246946702354,-0.0007809784623202,0.0071141231357584,0.0137273700005564,-0.0007809784623202,0.0055108202925242,0.0137273700005564,-0.0007809784623202,0.0013976233053423,0.0147225596982559,-0.0049126826702059,-0.0053491118109145,0.0147225596982559,-0.0130336773663779,-0.0658683797965202,0.0147225596982559,-0.0684310392080065,108209.343,-0.002489357724707708,0.0002766052914684458,0.03704516294415883,0.034080414541378445,6.173e-05,-6.173e-05,-3.717000000000001e-05,3.8629999999999994e-05,247596.04680000004,406368.08414000005,653964.1309400001,0.2427840149455644,-0.2427840149455644,51160586.84576,7316487.5204300005,58477074.36619,-0.7497656098657285,0.7497656098657285,,,,,,0.2467822911536477,-0.2467822911536477,174316411.7199461,105309651.23712574,2.797868024934025,-1.1558961298711368,0.1039531793266662,0.1153610720850768,75877.06,-720666222.1,48236441.46100002,1592122425.0970001,-0.4829419217018783,0.4829419217018783,46.927911226423795,3328.0,109.0,-145881871.96000016,65640606.881999984,3521762932.9500003,-0.060061532496401907,0.060061532496401907,49.0595403612148,7581.0,367.0
43,4H_start,2026-09-18 16:00:00,1,1D-gap,4h|BULL|18.09 12:00,BULL,NONE,False,,,,80725.6,0.0513882454560765,0.0015006392024339,0.0065953055784038,-0.0006697999147731,0.0059356635317666,0.0083542271596617,-0.0021066427502552,0.005084013002071,0.0125784137869522,-0.0021066427502552,0.0112778350362212,0.0151798190412952,-0.0021066427502552,0.0023090568543311,0.0151798190412952,-0.0074271358775903,0.0644418870841467,0.0696074107841873,-0.0074271358775903,109728.194,-0.00352276347728131,0.01860300656676972,0.012250947274639934,0.011495042670896849,6.789e-05,6.789e-05,2.6560000000000003e-05,-1.715999999999999e-05,617521.82203,1577491.13801,2195012.9600400003,0.4373410697140058,0.4373410697140058,1088329.7908300003,49363266.027260005,50451595.81809001,0.9568564770575694,0.9568564770575694,1972613.2334500002,57831020.855289996,59803634.08874,0.9340303222870059,0.9340303222870059,-0.0814704457827955,-0.0814704457827955,162333653.76570854,191130539.12910503,1.6739247796465628,-0.8059270442472455,0.1403354344222741,0.1790249795757685,80649.98,96799880.93099998,-74049785.563,1428660411.552,0.11958731768062393,0.11958731768062393,37.18036195502089,4288.0,275.0,151183152.42200002,-140984872.953,2422420856.747,0.12060993636231489,0.12060993636231489,36.56971529022188,7628.0,498.0
44,4H_start,2026-10-02 08:00:00,1,1D#2026-09-18 BULL,4h|BULL|02.10 04:00,BULL,BULL,False,,,,86089.65,0.0318796863427788,0.0016999720640054,0.0063998401666169,-0.0003179243962543,0.003893615550766,0.0063998401666169,-0.0003179243962543,-0.02061072382104,0.0131299174755619,-0.0255739220684483,-0.0177681056898244,0.0131299174755619,-0.0255739220684483,-0.0114258798821924,0.0131299174755619,-0.0255739220684483,0.0018946528415437,0.0131299174755619,-0.0255739220684483,99611.392,0.004572490691698405,0.010827248505894893,0.023992052427742605,0.03593166274484161,0.0001,0.0001,3.588e-05,5.331e-05,93425.18969999999,68922.5042,162347.69389999998,-0.15092721621960775,-0.15092721621960775,,,,,,722834.7749,45858956.25698,46581791.03188,0.9689649213184912,0.9689649213184912,0.7050594450677216,0.7050594450677216,427779348.57915795,73997114.19063997,0.1677343654181706,-0.997006731854122,0.5068652695554559,0.0365273789791581,85855.99,,,,,,,,,,,,,,,,
45,ALIGN_LOST,2026-08-31 00:00:00,1,1D#2026-08-19 BULL,,,,,,1D BULL / 4H NONE / 1H BULL,,77682.0,0.0070049852997571,0.0032831286527121,0.0064865734661825,-0.0031616075796195,0.0009617414587679,0.0064865734661825,-0.0037331685589969,0.0081541412425014,0.0144177544347467,-0.0037331685589969,0.0115765557014493,0.0201848562086455,-0.0037331685589969,-0.0031281377925388,0.0201848562086455,-0.0162457197291522,-0.0044024355706598,0.0201848562086455,-0.0182539069539918,106423.633,-0.0024322780373231545,-0.0065620951986082865,-0.01974828452134425,-0.011828057080441545,7.281e-05,7.281e-05,1.488e-05,-1.0119999999999991e-05,10931003.864799999,439708.46226,11370712.32706,-0.9226594694136122,-0.9226594694136122,16321461.78593,621201.4254599999,16942663.21139,-0.9266701559596149,-0.9266701559596149,17652414.854429998,7327589.924140001,24980004.778569996,-0.4133235770694296,-0.4133235770694296,-0.0311599518228422,-0.0311599518228422,98237174.2670328,104556206.23341817,0.8355387875534914,-3.0427511658139506,0.1148745704952776,0.1235527185908574,77353.68,-1980383.6590000028,38629700.003999986,224868914.787,-0.18059447523668004,-0.18059447523668004,41.94595862097616,1069.0,29.0,29075335.129,67372630.948,583946459.463,-0.06558357397049444,-0.06558357397049444,40.502635685233074,3369.0,66.0
46,ALIGN_LOST,2026-09-04 13:00:00,1,1D#2026-08-19 BULL,,,,,,1D BULL / 4H BULL / 1H NONE,,79453.96,0.0101914271379963,-0.0009475927946197,0.0031469797100105,-0.0057134974770295,0.0036721895296343,0.0053252223048416,-0.0099927052094068,0.0015027570683701,0.0053252223048416,-0.0099927052094068,0.0031487417367239,0.0053252223048416,-0.0099927052094068,0.0058912104569739,0.0093895886372434,-0.0099927052094068,0.0019241331709582,0.0139203886124743,-0.0099927052094068,110101.251,-0.01068952646963095,-0.018321785861554862,-0.024740484930192763,0.02774963425923871,4.801e-05,4.801e-05,-3.106999999999999e-05,-2.1479999999999998e-05,35475308.58546001,917342.0899599999,36392650.67542001,-0.9495864097319197,-0.9495864097319197,35647686.72436001,1902833.1810599999,37550519.90542001,-0.8986520993129926,-0.8986520993129926,37754101.63777,4351100.17516,42105201.812929995,-0.7933224405624947,-0.7933224405624947,0.0971969101240902,0.0971969101240902,126855699.35029514,104380276.94487704,0.6984190599953699,-1.8190414165045188,0.1317267154205253,0.1163698486164751,79445.14,59972837.99900002,30799176.395999998,460456952.73300004,0.0633580651347372,0.0633580651347372,39.56470013019247,2281.0,53.0,90275006.02900001,6742266.3359999955,1453539797.857,0.05746849162035673,0.05746849162035673,55.098819601057414,5522.0,304.0
47,ALIGN_LOST,2026-09-07 08:00:00,1,1D#2026-08-19 BULL,,,,,,1D BULL / 4H BULL / 1H BEAR,,79397.83,0.0051020612743561,0.0004981244449628,0.0016705746240168,0.0,0.0002812419432622,0.001916551119848,-0.0014588559914042,-0.0004031596329521,0.0030941651679901,-0.009040927189068,-0.0115346981145454,0.0030941651679901,-0.0153385804120843,-0.0015164142395328,0.0030941651679901,-0.0223912920542035,-0.0161947750964982,0.0045614596771725,-0.0223912920542035,106693.769,0.0032273932916970782,0.00904363009542175,0.004401200434024588,0.0013871288766458267,3.116e-05,3.116e-05,-1.3150000000000001e-05,8.210000000000001e-06,2927582.9154,3328.5645999999997,2930911.48,-0.9977286488365728,-0.9977286488365728,3347623.47326,90962.75159999999,3438586.22486,-0.9470929354963588,-0.9470929354963588,5180189.282849999,6961040.0493,12141229.33215,0.14667796132754898,0.14667796132754898,0.1353437561326617,0.1353437561326617,130055974.82346398,99048160.59095109,3.3348942783216984,-1.7058322718403351,0.1209897806603873,0.1120770568458729,79353.64,-17248151.154,-12928804.561000003,140739911.539,-0.030690275031209437,-0.030690275031209437,40.107236518054066,585.0,18.0,-27494276.007,-12869184.715000002,270885995.286,-0.053989839070709075,-0.053989839070709075,39.99846393512956,1490.0,50.0
48,ALIGN_LOST,2026-09-19 22:00:00,1,1D#2026-09-18 BULL,,,,,,1D BULL / 4H BULL / 1H NONE,,81100.41,0.0016961232523614,0.0019844535927746,0.0020665740160867,-0.0017066498184165,-2.983955321556042e-05,0.0033653344045978,-0.0017066498184165,-0.0077730803087185,0.0033653344045978,-0.0120143658953143,-0.0020764383311996,0.0048941799431099,-0.0120143658953143,0.0676677220250796,0.0776230354445803,-0.0120143658953143,0.0626827903829339,0.0776230354445803,-0.0120143658953143,107430.124,-0.002729702864572414,-0.004463174646046175,,-0.008631704501016357,9.851e-05,9.851e-05,,2.196e-05,381795.54319999996,61253.53470000001,443049.0779,-0.7234909730979038,-0.7234909730979038,,,,,,,,,,,-0.027192236707694,-0.027192236707694,214575463.7837782,226571229.078917,1.1350185798596035,-1.3316891903808692,0.1580622450638342,0.1476732582483473,81079.73,-13543340.746,-14930231.177999998,61495149.036000006,0.022552842845995798,0.022552842845995798,35.16790362095529,389.0,18.0,-38553371.821,-5947460.510999988,591250375.4419999,-0.05514738368770569,-0.05514738368770569,34.95302472356634,2501.0,90.0
49,ALIGN_LOST,2026-09-23 09:00:00,1,1D#2026-09-18 BULL,,,,,,1D BULL / 4H BULL / 1H NONE,,85899.99,0.0037551130042214,-0.0005315483738705,0.0014437719957824,-0.0019322470235445,-0.0045294533794474,0.0014437719957824,-0.0073651929412331,-0.0194078020265194,0.0014437719957824,-0.0279392349172568,-0.0260767201486287,0.0014437719957824,-0.0302559988656576,-0.0172634478770021,0.0014437719957824,-0.0352160692917428,-0.0195573945934104,0.0014437719957824,-0.0352160692917428,,,,,,,,,,,,,,,,,,,,,,,,,,,,,,,,,,-57310872.301,33438671.144,646975412.359,-0.1402673760260985,-0.1402673760260985,63.78726519687425,1464.0,114.0,-2666752.786999993,93201200.65200001,1530717917.317,-0.06262940568895588,-0.06262940568895588,59.64606380106525,3870.0,215.0
50,ALIGN_LOST,2026-10-02 16:00:00,1,1D#2026-09-18 BULL,,,,,,1D BULL / 4H BULL / 1H NONE,,85326.0,0.0138226398527139,-0.0019453624920892,0.002132995804327,-0.0036096852073225,-0.0118453929634577,0.002132995804327,-0.016853010805616,-0.0073417246794647,0.002132995804327,-0.016853010805616,-0.0053760870074772,0.002132995804327,-0.016853010805616,-0.0008202658040925,0.002132995804327,-0.016853010805616,-0.0006588847479079,0.0196084429130627,-0.016853010805616,96649.734,-0.0045830092511724985,-0.026032681293757798,-0.019226789963475044,-0.005707562923890408,1.214e-05,1.214e-05,-5.5599999999999996e-05,-5.785999999999999e-05,2404061.1754,98195.94270000001,2502257.1181,-0.9215141066122241,-0.9215141066122241,9538426.435279999,7069529.793749999,16607956.229029998,-0.14865746317505785,-0.14865746317505785,,,,,,,,,,,,,,,,,,,,,,,,,,,,,,
51,ALIGN_LOST,2026-10-05 15:00:00,1,1D#2026-09-18 BULL,,,,,,1D BULL / 4H BULL / 1H NONE,,85645.26,0.0043014389099986,-0.004384130540324,0.000335686995404,-0.0054996622113119,4.53031492928524e-05,0.000335686995404,-0.0078609137271578,-0.0012531925292771,0.0056651121147861,-0.0078609137271578,0.0110963525593827,0.0114569095826202,-0.0078609137271578,,,,,,,96131.955,-0.009428201095237121,-0.009572968240485369,-0.023410853680236876,-0.027572960486782594,1.66e-06,1.66e-06,-4.49e-05,-3.068e-05,13492195.59204,668971.23428,14161166.82632,-0.9055203229388348,-0.9055203229388348,13763709.56254,1420674.77362,15184384.33616,-0.8128768684764105,-0.8128768684764105,17388579.34003,6058499.848920001,23447079.188950002,-0.48321922742725115,-0.48321922742725115,,,,,,,,,,,,,,,,,,,,,,,,,
52,ALIGN_RESTORED,2026-08-30 17:00:00,1,1D#2026-08-19 BULL,,,,,,1D BULL / 4H BULL / 1H BULL,,79337.93,0.0167987638152196,-0.0039944324234321,0.0,-0.0070972358366293,-0.0093347532510614,0.0,-0.0113400992438295,-0.0216245873821008,0.0,-0.0294679984718532,-0.0088023471245088,0.0,-0.0294679984718532,-0.0219557026506741,0.0,-0.0294679984718532,-0.0273063590139041,0.0,-0.0387447718890572,107821.542,-0.0027015745352119147,-6.740313650865914e-05,-0.0047165992278420665,0.0005357457301433666,5.676e-05,5.676e-05,-4.3240000000000006e-05,-4.3240000000000006e-05,120466.0931,2788549.66647,2909015.75957,0.9171774214672477,0.9171774214672477,503750.2817999999,3137510.43298,3641260.71478,0.7233099625328884,0.7233099625328884,997517.8069199999,6520371.11242,7517888.91934,0.7346282134193671,0.7346282134193671,0.179496734311551,0.179496734311551,115874942.64073898,80607064.08287081,3.5691050328396035,-1.4830464321769488,0.1573766200382244,0.1030648567162965,79174.19,11025277.853,12802589.964,174550342.50700003,-0.01018223215992099,-0.01018223215992099,41.84640200626209,1360.0,21.0,34514141.748,21212692.107,406199709.331,0.032746083602342144,0.032746083602342144,41.24306488129247,2739.0,36.0
53,ALIGN_RESTORED,2026-09-03 16:00:00,1,1D#2026-08-19 BULL,,,,,,1D BULL / 4H BULL / 1H BULL,,81348.0,0.0525174481536696,-0.0046544475586369,0.0001475143826523,-0.0090288636475389,0.0050082362196981,0.0054334464276932,-0.0090288636475389,-0.0061218468800707,0.0117028076904164,-0.0090288636475389,-0.0235859517136254,0.0117028076904164,-0.0330432217141171,-0.0189554752421695,0.0117028076904164,-0.0330432217141171,-0.0200558096081034,0.0117028076904164,-0.0330432217141171,110622.745,0.015216126275876096,0.03313362807325926,0.027517493325249553,0.027630393093335703,8.882e-05,8.882e-05,2.9589999999999993e-05,5.064999999999999e-05,867150.19092,24583009.31899,25450159.50991,0.9318550289963927,0.9318550289963927,1463092.00716,57325418.92761,58788510.93477,0.9502252401397475,0.9502252401397475,,,,,,0.0828692609792284,0.0828692609792284,160435963.5680642,135880442.02088654,1.508213995160279,-0.9675961022826418,0.2302755034335027,0.1265011666084404,80781.64,85037420.66500002,-47886751.631,1444185933.1799998,0.09204089947290234,0.09204089947290234,42.7709983796219,4735.0,212.0,223217968.21600005,-77767857.89500001,2247063613.421,0.13394628630596256,0.13394628630596256,41.22712027457049,7165.0,316.0
54,ALIGN_RESTORED,2026-09-06 04:00:00,1,1D#2026-08-19 BULL,,,,,,1D BULL / 4H BULL / 1H BULL,,80028.01,0.005604408031967,-0.0020242912450277,0.0,-0.0021743637009091,-0.0027866493244051,0.0009994000850452,-0.0056356518174073,-0.0038925121341889,0.0009994000850452,-0.0099341468068492,-0.0053933616492525,0.0066474225711723,-0.0099341468068492,-0.0140167173968214,0.0066474225711723,-0.0168442274148763,-0.0173689187073375,0.0066474225711723,-0.0300894649260927,106534.839,0.0011524335845458644,0.002419095407398819,-0.0029594092449530818,-0.011113197872050784,3.704e-05,3.704e-05,1.3399999999999973e-06,2.1949999999999998e-05,6714.2611,467323.80142999993,474038.06252999994,0.9716720591415585,0.9716720591415585,28438.7658,1822887.0670200002,1851325.8328200001,0.9692774061747077,0.9692774061747077,981875.2817,4002436.58615,4984311.86785,0.6060137055093483,0.6060137055093483,-0.1414403973746522,-0.1414403973746522,115389513.002972,153408396.07667258,2.4852421251339685,-0.0143979266985616,0.1153101937570083,0.1555089800282384,80011.52,-8077699.988,-4755056.847999999,22971210.13,-0.14464380070515687,-0.14464380070515687,34.64625138057191,295.0,26.0,-947163.913999999,11226750.279,107183446.533,-0.11358017106915713,-0.11358017106915713,36.0795740932679,1039.0,44.0
55,ALIGN_RESTORED,2026-09-19 00:00:00,1,1D#2026-09-18 BULL,,,,,,1D BULL / 4H BULL / 1H BULL,,80883.87,0.0584537395535365,0.009706632484326,0.0097067561183707,-0.0004857581616705,0.0031173088033498,0.0105970448743366,-0.0004857581616705,0.005177299256329,0.0105970448743366,-0.0004857581616705,0.0045264896449688,0.0131933598132731,-0.0004857581616705,0.0036364481570925,0.0131933598132731,-0.0093693588103537,0.0709180952889618,0.0805080172350805,-0.0093693588103537,107914.822,-0.0013986641678226386,-0.009631838391472414,0.0017695373927122393,-0.0031117762729901965,6.588e-05,6.588e-05,5.100000000000002e-06,-1.1809999999999997e-05,62782.198000000004,5593736.983499999,5656519.181499999,0.9778018261812554,0.9778018261812554,2206363.94714,6460129.144099999,8666493.09124,0.4908288914762605,0.4908288914762605,3708487.77257,65701677.50456999,69410165.27713999,0.8931428053005551,0.8931428053005551,0.030082657724346,0.030082657724346,197379941.45705357,185851326.39693487,1.365755211343278,-1.1065802816163206,0.1396942737491693,0.1633122341183921,80895.17,29727623.006,6685447.623000001,183755439.621,0.12539588177920089,0.12539588177920089,34.70286344034015,829.0,33.0,138325508.031,-89696890.414,2047051895.403,0.11139062910767562,0.11139062910767562,36.76959525158312,6928.0,516.0
56,ALIGN_RESTORED,2026-09-20 16:00:00,1,1D#2026-09-18 BULL,,,,,,1D BULL / 4H BULL / 1H BULL,,80912.0,0.0088687577945075,0.0052156664030056,0.0072341556258652,-0.0012478989519477,0.0032791180541824,0.0072341556258652,-0.0012478989519477,0.0063430640696064,0.0146826181530552,-0.0041102679454222,0.0619896925054381,0.0671433161953727,-0.0041102679454222,0.0679889262408541,0.0801323660272887,-0.0041102679454222,0.038115607079296,0.0801323660272887,-0.0041102679454222,108807.876,-0.002101927469360332,-0.0014742789124264633,-0.003044580417610132,0.0076946550576544315,7.557e-05,7.557e-05,-2.443000000000001e-05,-2.443000000000001e-05,4517.1001,1187508.14584,1192025.2459399998,0.9924211335030277,0.9924211335030277,18265.9418,1636118.32918,1654384.2709799998,0.9779181389470297,0.9779181389470297,,,,,,0.0120886362953552,0.0120886362953552,188394447.07282037,183893987.5892238,1.3900702274612042,-1.0828583146719972,0.1557667222906577,0.1585304515390179,80875.77,8742062.263,8618491.917000001,54345775.242,0.002273780168738861,0.002273780168738861,35.22636478960893,558.0,6.0,-1810854.8610000052,12712132.875,297253420.054,-0.048857260358389526,-0.048857260358389526,37.38897486598525,1726.0,56.0
57,ALIGN_RESTORED,2026-10-02 08:00:00,1,1D#2026-09-18 BULL,,,,,,1D BULL / 4H BULL / 1H BULL,,86089.65,0.0318796863427788,0.0016999720640054,0.0063998401666169,-0.0003179243962543,0.003893615550766,0.0063998401666169,-0.0003179243962543,-0.02061072382104,0.0131299174755619,-0.0255739220684483,-0.0177681056898244,0.0131299174755619,-0.0255739220684483,-0.0114258798821924,0.0131299174755619,-0.0255739220684483,0.0018946528415437,0.0131299174755619,-0.0255739220684483,99611.392,0.004572490691698405,0.010827248505894893,0.023992052427742605,0.03593166274484161,0.0001,0.0001,3.588e-05,5.331e-05,93425.18969999999,68922.5042,162347.69389999998,-0.15092721621960775,-0.15092721621960775,,,,,,722834.7749,45858956.25698,46581791.03188,0.9689649213184912,0.9689649213184912,0.7050594450677216,0.7050594450677216,427779348.57915795,73997114.19063997,0.1677343654181706,-0.997006731854122,0.5068652695554559,0.0365273789791581,85855.99,,,,,,,,,,,,,,,,
58,ALIGN_RESTORED,2026-10-04 21:00:00,1,1D#2026-09-18 BULL,,,,,,1D BULL / 4H BULL / 1H BULL,,85824.44,0.0126807453709303,0.0004774863663543,0.0028171462581054,-0.0005320162881342,0.0096478345795207,0.0113669253187087,-0.0005320162881342,0.0045040783254746,0.0136868938498171,-0.0048056241322401,-0.0004718935538641,0.0136868938498171,-0.0099322523980349,-0.0024821600933253,0.0136868938498171,-0.0099322523980349,,,,98543.241,0.0005383783501906603,-0.0002348163602143849,0.0010815469913241227,0.014433752211859163,4.37e-05,4.37e-05,7.170000000000001e-06,3.102e-05,6327.5512,2262245.4316899995,2268572.9828899996,0.9944215581797688,0.9944215581797688,6327.5512,2667007.7316900003,2673335.2828900004,0.995266174624262,0.995266174624262,26760.703299999997,3941222.69387,3967983.3971700002,0.9865116858507593,0.9865116858507593,,,,,,,,,,,,,,,,,,,,,,,,,
59,TRANSITION,2026-08-29 15:00:00,1,1D#2026-08-19 BULL,,,,,,1D BULL / 4H BULL / 1H NONE,1D BULL / 4H BULL / 1H BEAR,78014.37,0.0192107508897138,-0.0019100327285856,0.0,-0.0026593818549069,0.0018411992559832,0.0030203409961524,-0.0026593818549069,0.0011746553872062,0.0040457931019632,-0.0026593818549069,0.0098615165385558,0.0122078791381639,-0.0026593818549069,0.0075084885002596,0.0177612150171821,-0.0130023481571407,0.0019691244061832,0.0177612150171821,-0.0130023481571407,107052.959,-0.0003371679420567375,0.001680652973311103,0.008824696303392443,,0.0001,0.0001,,,41484.7744,1129882.7352999998,1171367.5096999998,0.9291686442444955,0.9291686442444955,,,,,,,,,,,-0.3361804145786268,-0.3361804145786268,61068484.66360912,122922726.21590912,5.082871299753378,-0.0431224221858039,0.1135610217290604,0.1155260071496254,78033.65,-23452319.846,-20160168.457000002,137315693.581,-0.02397505560468235,-0.02397505560468235,37.93729063383508,1012.0,20.0,-65599158.82700001,-37374094.45,382720312.141,-0.07374854033511935,-0.07374854033511935,34.99434758328539,2428.0,55.0
60,TRANSITION,2026-08-30 17:00:00,1,1D#2026-08-19 BULL,,,,,,1D BULL / 4H BULL / 1H BULL,1D BULL / 4H BULL / 1H NONE,79337.93,0.0167987638152196,-0.0039944324234321,0.0,-0.0070972358366293,-0.0093347532510614,0.0,-0.0113400992438295,-0.0216245873821008,0.0,-0.0294679984718532,-0.0088023471245088,0.0,-0.0294679984718532,-0.0219557026506741,0.0,-0.0294679984718532,-0.0273063590139041,0.0,-0.0387447718890572,107821.542,-0.0027015745352119147,-6.740313650865914e-05,-0.0047165992278420665,0.0005357457301433666,5.676e-05,5.676e-05,-4.3240000000000006e-05,-4.3240000000000006e-05,120466.0931,2788549.66647,2909015.75957,0.9171774214672477,0.9171774214672477,503750.2817999999,3137510.43298,3641260.71478,0.7233099625328884,0.7233099625328884,997517.8069199999,6520371.11242,7517888.91934,0.7346282134193671,0.7346282134193671,0.179496734311551,0.179496734311551,115874942.64073898,80607064.08287081,3.5691050328396035,-1.4830464321769488,0.1573766200382244,0.1030648567162965,79174.19,11025277.853,12802589.964,174550342.50700003,-0.01018223215992099,-0.01018223215992099,41.84640200626209,1360.0,21.0,34514141.748,21212692.107,406199709.331,0.032746083602342144,0.032746083602342144,41.24306488129247,2739.0,36.0
61,TRANSITION,2026-08-31 00:00:00,1,1D#2026-08-19 BULL,,,,,,1D BULL / 4H NONE / 1H BULL,1D BULL / 4H BULL / 1H BULL,77682.0,0.0070049852997571,0.0032831286527121,0.0064865734661825,-0.0031616075796195,0.0009617414587679,0.0064865734661825,-0.0037331685589969,0.0081541412425014,0.0144177544347467,-0.0037331685589969,0.0115765557014493,0.0201848562086455,-0.0037331685589969,-0.0031281377925388,0.0201848562086455,-0.0162457197291522,-0.0044024355706598,0.0201848562086455,-0.0182539069539918,106423.633,-0.0024322780373231545,-0.0065620951986082865,-0.01974828452134425,-0.011828057080441545,7.281e-05,7.281e-05,1.488e-05,-1.0119999999999991e-05,10931003.864799999,439708.46226,11370712.32706,-0.9226594694136122,-0.9226594694136122,16321461.78593,621201.4254599999,16942663.21139,-0.9266701559596149,-0.9266701559596149,17652414.854429998,7327589.924140001,24980004.778569996,-0.4133235770694296,-0.4133235770694296,-0.0311599518228422,-0.0311599518228422,98237174.2670328,104556206.23341817,0.8355387875534914,-3.0427511658139506,0.1148745704952776,0.1235527185908574,77353.68,-1980383.6590000028,38629700.003999986,224868914.787,-0.18059447523668004,-0.18059447523668004,41.94595862097616,1069.0,29.0,29075335.129,67372630.948,583946459.463,-0.06558357397049444,-0.06558357397049444,40.502635685233074,3369.0,66.0
62,TRANSITION,2026-09-01 09:00:00,1,1D#2026-08-19 BULL,,,,,,1D BULL / 4H NONE / 1H NONE,1D BULL / 4H NONE / 1H BULL,77883.28,0.0076135819206736,0.000407276118828,0.0022977974219884,-0.0012467374255424,0.0015500117611892,0.0040989542299709,-0.0018138681370379,-0.0055830981951453,0.0069426968150287,-0.0187881147275769,-0.013214261135381,0.0069426968150287,-0.0187881147275769,-0.0005128186691675,0.0069426968150287,-0.0207911120332887,0.0419073259369662,0.0567094760261766,-0.0207911120332887,108688.208,0.0033493626014000633,0.004718966116877166,0.012165670179079546,0.021105371882580215,9.017e-05,9.017e-05,-9.349999999999997e-06,-9.830000000000006e-06,3875857.01724,85787.6234,3961644.64064,-0.9566909043178891,-0.9566909043178891,4099594.16413,1432913.0331000001,5532507.19723,-0.48200228864865213,-0.48200228864865213,5820328.39621,2627525.9573,8447854.35351,-0.37794241061736844,-0.37794241061736844,0.2317023430881203,0.2317023430881203,117564405.49960798,73333023.8336039,0.1264288715328021,-10.142948448624423,0.1297002430628915,0.1020960413875644,77901.51,-13407586.700000005,72826627.94200002,487701403.25,-0.17681764716554568,-0.17681764716554568,37.73177118708533,1463.0,89.0,-29639239.06199999,71567751.738,769436403.894,-0.1315339257251241,-0.1315339257251241,39.069839638832974,2368.0,175.0
63,TRANSITION,2026-09-01 18:00:00,1,1D#2026-08-19 BULL,,,,,,1D BULL / 4H NONE / 1H BEAR,1D BULL / 4H NONE / 1H NONE,77265.79,0.0206796526525095,-0.0014481182422388,0.0006969449221965,-0.0109465003852285,-0.0007049691719969,0.0032421851895905,-0.0109465003852285,0.0049864241341479,0.0068103878831757,-0.0109465003852285,0.0014996287490234,0.0068103878831757,-0.0129655051737643,0.0488729876443378,0.0531223456072862,-0.0129655051737643,0.0285563636895449,0.0651544493365046,-0.0129655051737643,109296.672,0.002270767208080171,0.002642203188849779,0.00785225649545751,0.017976607899003127,4.772e-05,4.772e-05,3.1099999999999956e-06,-3.191e-05,728936.3845999999,22504.9363,751441.3208999999,-0.9401019462889106,-0.9401019462889106,4352510.24853,830919.478,5183429.726530001,-0.6793939449985554,-0.6793939449985554,11099950.9845,1733474.23536,12833425.21986,-0.7298501053830256,-0.7298501053830256,0.0415270125636756,0.0415270125636756,115648201.1399254,106426118.09498744,0.7688273957885627,-3.106896734818687,0.128125233280626,0.101880819493228,77404.89,-2190810.025999997,-35686067.578,385777134.638,0.08682540914051529,0.08682540914051529,44.835597032045605,1611.0,49.0,-4493451.210999971,10200183.998,1365053084.955,-0.010764149300087006,-0.010764149300087006,41.77659073087445,4877.0,225.0
64,TRANSITION,2026-09-03 03:00:00,1,1D#2026-08-19 BULL,,,,,,1D BULL / 4H NONE / 1H NONE,1D BULL / 4H NONE / 1H BEAR,77816.01,0.0062952933691282,-0.0013880177099802,0.0008223243520195,-0.0022350156478081,0.000246478841565,0.0008223243520195,-0.0091883405484295,0.0351336440920062,0.035275388702145,-0.0091883405484295,0.0387578340241296,0.0576229750150387,-0.0091883405484295,0.022528525942155,0.0576229750150387,-0.0091883405484295,0.0268745467674327,0.0576229750150387,-0.0091883405484295,107880.274,-0.0025877456825253997,0.002551975259815986,0.00133127155651791,-0.01451619979886054,8.73e-05,8.73e-05,3.106e-05,1.3999999999999934e-06,386.1335,4042622.7043700004,4043008.8378700004,0.9998089870611298,0.9998089870611298,110153.1258,4215203.36597,4325356.491769999,0.9490663366085123,0.9490663366085123,2311201.25641,7070440.31061,9381641.567019999,0.5072927824199249,0.5072927824199249,0.1340817263645949,0.1340817263645949,139811350.14976192,106751744.73042856,0.2704345039306499,-10.013712624677618,0.1491399018273639,0.0938140884043913,77789.63,23218422.295,-550927.3900000004,77139513.909,0.3081345536224178,0.3081345536224178,38.20203741912381,843.0,21.0,40759282.463,-7464921.295999998,316789431.125,0.1522279439302743,0.1522279439302743,39.39719948109336,2869.0,66.0
65,TRANSITION,2026-09-03 13:00:00,1,1D#2026-08-19 BULL,,,,,,1D BULL / 4H NONE / 1H BULL,1D BULL / 4H NONE / 1H NONE,78652.38,0.0266074502426976,0.0023920445891147,0.0044197009677264,-0.0025699158754001,0.0294586126955089,0.0345564876739903,-0.0025699158754001,0.0294935766724413,0.0463764732866316,-0.0025699158754001,0.0101914271379963,0.0463764732866316,-0.0025699158754001,0.0133722590467064,0.0463764732866316,-0.0025699158754001,0.0161426774370971,0.0463764732866316,-0.0025699158754001,107128.475,0.000499762021864969,-0.0031258446984001598,-0.006544482541409824,-0.008529635552499193,6.949e-05,6.949e-05,5.2899999999999985e-06,1.9229999999999997e-05,7544.076399999999,6050850.6118,6058394.6882,0.9975095460800224,0.9975095460800224,236051.23076,6190772.1689,6426823.39966,0.9265418649056119,0.9265418649056119,,,,,,0.0173353745838163,0.0173353745838163,138426281.87535667,133708719.6859244,2.1376516792004585,-0.4157896127795601,0.1243157071341111,0.1522420404020009,78325.67,187171649.05000004,-34044853.000999995,601846370.409,0.36756307411252925,0.36756307411252925,38.73750396382542,1565.0,59.0,184941321.105,-46069972.59199999,1024704729.9029999,0.22544181455946616,0.22544181455946616,38.85112115819561,3683.0,127.0
66,TRANSITION,2026-09-03 16:00:00,1,1D#2026-08-19 BULL,,,,,,1D BULL / 4H BULL / 1H BULL,1D BULL / 4H NONE / 1H BULL,81348.0,0.0525174481536696,-0.0046544475586369,0.0001475143826523,-0.0090288636475389,0.0050082362196981,0.0054334464276932,-0.0090288636475389,-0.0061218468800707,0.0117028076904164,-0.0090288636475389,-0.0235859517136254,0.0117028076904164,-0.0330432217141171,-0.0189554752421695,0.0117028076904164,-0.0330432217141171,-0.0200558096081034,0.0117028076904164,-0.0330432217141171,110622.745,0.015216126275876096,0.03313362807325926,0.027517493325249553,0.027630393093335703,8.882e-05,8.882e-05,2.9589999999999993e-05,5.064999999999999e-05,867150.19092,24583009.31899,25450159.50991,0.9318550289963927,0.9318550289963927,1463092.00716,57325418.92761,58788510.93477,0.9502252401397475,0.9502252401397475,,,,,,0.0828692609792284,0.0828692609792284,160435963.5680642,135880442.02088654,1.508213995160279,-0.9675961022826418,0.2302755034335027,0.1265011666084404,80781.64,85037420.66500002,-47886751.631,1444185933.1799998,0.09204089947290234,0.09204089947290234,42.7709983796219,4735.0,212.0,223217968.21600005,-77767857.89500001,2247063613.421,0.13394628630596256,0.13394628630596256,41.22712027457049,7165.0,316.0
67,TRANSITION,2026-09-04 13:00:00,1,1D#2026-08-19 BULL,,,,,,1D BULL / 4H BULL / 1H NONE,1D BULL / 4H BULL / 1H BULL,79453.96,0.0101914271379963,-0.0009475927946197,0.0031469797100105,-0.0057134974770295,0.0036721895296343,0.0053252223048416,-0.0099927052094068,0.0015027570683701,0.0053252223048416,-0.0099927052094068,0.0031487417367239,0.0053252223048416,-0.0099927052094068,0.0058912104569739,0.0093895886372434,-0.0099927052094068,0.0019241331709582,0.0139203886124743,-0.0099927052094068,110101.251,-0.01068952646963095,-0.018321785861554862,-0.024740484930192763,0.02774963425923871,4.801e-05,4.801e-05,-3.106999999999999e-05,-2.1479999999999998e-05,35475308.58546001,917342.0899599999,36392650.67542001,-0.9495864097319197,-0.9495864097319197,35647686.72436001,1902833.1810599999,37550519.90542001,-0.8986520993129926,-0.8986520993129926,37754101.63777,4351100.17516,42105201.812929995,-0.7933224405624947,-0.7933224405624947,0.0971969101240902,0.0971969101240902,126855699.35029514,104380276.94487704,0.6984190599953699,-1.8190414165045188,0.1317267154205253,0.1163698486164751,79445.14,59972837.99900002,30799176.395999998,460456952.73300004,0.0633580651347372,0.0633580651347372,39.56470013019247,2281.0,53.0,90275006.02900001,6742266.3359999955,1453539797.857,0.05746849162035673,0.05746849162035673,55.098819601057414,5522.0,304.0
68,TRANSITION,2026-09-06 04:00:00,1,1D#2026-08-19 BULL,,,,,,1D BULL / 4H BULL / 1H BULL,1D BULL / 4H BULL / 1H NONE,80028.01,0.005604408031967,-0.0020242912450277,0.0,-0.0021743637009091,-0.0027866493244051,0.0009994000850452,-0.0056356518174073,-0.0038925121341889,0.0009994000850452,-0.0099341468068492,-0.0053933616492525,0.0066474225711723,-0.0099341468068492,-0.0140167173968214,0.0066474225711723,-0.0168442274148763,-0.0173689187073375,0.0066474225711723,-0.0300894649260927,106534.839,0.0011524335845458644,0.002419095407398819,-0.0029594092449530818,-0.011113197872050784,3.704e-05,3.704e-05,1.3399999999999973e-06,2.1949999999999998e-05,6714.2611,467323.80142999993,474038.06252999994,0.9716720591415585,0.9716720591415585,28438.7658,1822887.0670200002,1851325.8328200001,0.9692774061747077,0.9692774061747077,981875.2817,4002436.58615,4984311.86785,0.6060137055093483,0.6060137055093483,-0.1414403973746522,-0.1414403973746522,115389513.002972,153408396.07667258,2.4852421251339685,-0.0143979266985616,0.1153101937570083,0.1555089800282384,80011.52,-8077699.988,-4755056.847999999,22971210.13,-0.14464380070515687,-0.14464380070515687,34.64625138057191,295.0,26.0,-947163.913999999,11226750.279,107183446.533,-0.11358017106915713,-0.11358017106915713,36.0795740932679,1039.0,44.0
69,TRANSITION,2026-09-07 08:00:00,1,1D#2026-08-19 BULL,,,,,,1D BULL / 4H BULL / 1H BEAR,1D BULL / 4H BULL / 1H BULL,79397.83,0.0051020612743561,0.0004981244449628,0.0016705746240168,0.0,0.0002812419432622,0.001916551119848,-0.0014588559914042,-0.0004031596329521,0.0030941651679901,-0.009040927189068,-0.0115346981145454,0.0030941651679901,-0.0153385804120843,-0.0015164142395328,0.0030941651679901,-0.0223912920542035,-0.0161947750964982,0.0045614596771725,-0.0223912920542035,106693.769,0.0032273932916970782,0.00904363009542175,0.004401200434024588,0.0013871288766458267,3.116e-05,3.116e-05,-1.3150000000000001e-05,8.210000000000001e-06,2927582.9154,3328.5645999999997,2930911.48,-0.9977286488365728,-0.9977286488365728,3347623.47326,90962.75159999999,3438586.22486,-0.9470929354963588,-0.9470929354963588,5180189.282849999,6961040.0493,12141229.33215,0.14667796132754898,0.14667796132754898,0.1353437561326617,0.1353437561326617,130055974.82346398,99048160.59095109,3.3348942783216984,-1.7058322718403351,0.1209897806603873,0.1120770568458729,79353.64,-17248151.154,-12928804.561000003,140739911.539,-0.030690275031209437,-0.030690275031209437,40.107236518054066,585.0,18.0,-27494276.007,-12869184.715000002,270885995.286,-0.053989839070709075,-0.053989839070709075,39.99846393512956,1490.0,50.0
70,TRANSITION,2026-09-07 16:00:00,1,1D#2026-08-19 BULL,,,,,,1D BULL / 4H NONE / 1H BEAR,1D BULL / 4H BULL / 1H BEAR,78821.99,0.0112211399145721,0.0026246482739142,0.0027053364169058,-0.0001814214535816,0.0068994705665259,0.0075763121433498,-0.0001814214535816,0.0010693716309368,0.0084114851705723,-0.0012292254991278,0.0010404456928834,0.0084114851705723,-0.0152492978165105,-0.0028582125368822,0.0119003592779121,-0.0152492978165105,-0.0199435462108987,0.0119003592779121,-0.0272248899069916,107913.927,-0.002033415858248566,0.006198070178414117,0.020583129254083676,0.014117598965902811,2.179e-05,2.179e-05,-8.510000000000002e-06,-6.289999999999999e-06,3131231.97246,2764.0387,3133996.0111599998,-0.9982360930325647,-0.9982360930325647,4519073.705,192561.5481,4711635.2531,-0.9182612669462029,-0.9182612669462029,7876449.20236,323481.2561,8199930.45846,-0.9211014635456428,-0.9211014635456428,0.2674118769112297,0.2674118769112297,196212923.50957364,113414794.33659028,2.740429728970728,-1.0647713721022578,0.170742935305264,0.1021232261231722,78839.46,-53864038.15799997,-40951196.17899999,1045867328.837,-0.012346539205272818,-0.012346539205272818,36.09221290349622,1066.0,119.0,-59539047.891000025,-72525286.42199999,1445973068.727,0.008980968464670464,0.008980968464670464,36.722405299348786,2591.0,178.0
71,TRANSITION,2026-09-09 05:00:00,1,1D#2026-08-19 BULL,,,,,,1D BULL / 4H NONE / 1H NONE,1D BULL / 4H NONE / 1H BEAR,79171.5,0.0062633207890672,-0.0031333244917679,0.0025073416570355,-0.0041796606101943,0.0066503729246003,0.0074332303922497,-0.0041796606101943,-0.0046304541406946,0.0074332303922497,-0.0140387639491483,-0.0097446682202559,0.0074332303922497,-0.0177020771363433,-0.0259877607472386,0.0074332303922497,-0.0341979121274701,-0.0246142867067062,0.0090752354066805,-0.039470263920729,106582.274,-0.003745949345777988,5.9994813085273435e-05,-0.009374115602012623,-0.006854782819811445,7.359e-05,7.359e-05,7.810000000000008e-06,-1.4109999999999999e-05,1579.0602000000001,2193506.1178,2195085.1780000003,0.9985612766048205,0.9985612766048205,213801.70919999998,2255057.8382,2468859.5474,0.8268012374983759,0.8268012374983759,1162004.1160600006,2676066.8287400003,3838070.9448000006,0.3944853376749909,0.3944853376749909,0.2485827902176114,0.2485827902176114,210058243.0250198,126416429.97349146,2.3877195410754837,-1.4044182197050836,0.1752249370476191,0.0996314994981347,79111.05,-7301460.442999997,-1102006.7100000016,153333872.815,-0.04043107774679209,-0.04043107774679209,39.27260414287488,559.0,39.0,-30699470.620999996,6620662.778999997,349405038.24600005,-0.1068105187817143,-0.1068105187817143,41.35349337395166,1539.0,99.0
72,TRANSITION,2026-09-09 23:00:00,1,1D#2026-08-19 BULL,,,,,,1D BULL / 4H NONE / 1H BEAR,1D BULL / 4H NONE / 1H NONE,77924.06,0.0081257659512612,0.0049069568500408,0.0050950887312595,-4.4915524165412e-05,0.0055669583951349,0.007499994225147,-4.4915524165412e-05,-0.0007808884701334,0.0082173593111036,-0.0013198747601188,-0.0139573066393101,0.0082173593111036,-0.01601546428664,-0.0099335173244309,0.0252289215936645,-0.0240937138028998,-0.0088790291470952,0.0252289215936645,-0.0240937138028998,105267.955,0.0008773130572397037,0.0016672035892411063,-0.003244966052573961,-0.011474267481347056,3.816e-05,3.816e-05,-2.743e-05,2.260000000000002e-06,7805876.672749999,571282.9916999999,8377159.664449999,-0.8636093820380807,-0.8636093820380807,11019995.019930001,627914.286,11647909.305930002,-0.892184207567563,-0.892184207567563,18321191.2603,3896225.75199,22217417.01229,-0.6492638410815509,-0.6492638410815509,0.4383688883522642,0.4383688883522642,220631808.2438912,86148754.14249057,3.861160452285861,-10.243441584444312,0.1277116004014904,0.0770889369599105,77988.73,41712802.672,-15076856.093000002,203866494.07899997,0.2785629831991594,0.2785629831991594,42.00046166775289,607.0,41.0,5640798.727000013,-29147742.875000015,820502542.674,0.042399066173061356,0.042399066173061356,44.57018515024151,3016.0,132.0
73,TRANSITION,2026-09-10 16:00:00,1,1D#2026-08-19 BULL,,,,,,1D BULL / 4H BEAR / 1H BEAR,1D BULL / 4H NONE / 1H BEAR,77250.0,0.0171343071655679,-0.0006471197411004,0.0008027184466019,-0.0057606472491908,-0.0011543042071197,0.0038058252427184,-0.0057606472491908,-0.0046368932038834,0.0038058252427184,-0.0101747572815533,0.0062427184466018,0.0341747572815533,-0.0155782524271844,0.001687637540453,0.0341747572815533,-0.0155782524271844,-0.0014908737864077,0.0341747572815533,-0.0155782524271844,107671.701,-0.00024311526863429744,0.013758568158270146,0.020665568090048714,0.02043593733407345,7.199e-05,7.199e-05,-9.200000000000007e-06,2.3839999999999995e-05,307836.3028,125370.43460000001,433206.7374,-0.421198131162768,-0.421198131162768,22905775.366410002,1232483.7056000002,24138259.072010003,-0.897881309341886,-0.897881309341886,27291338.4778,1608676.4856000002,28900014.9634,-0.8886729652121438,-0.8886729652121438,0.1767470854764519,0.1767470854764519,183342264.81153756,128266350.2840406,1.093416019107174,-2.794792289320025,0.1476373918052377,0.087335351800306,77156.36,-16171118.067000004,9009580.477000006,729925778.078,-0.034497615100407095,-0.034497615100407095,43.94985586663211,2403.0,157.0,-48448662.319,-29800487.457999997,1059318159.433,-0.01760394145511622,-0.01760394145511622,43.68555194137799,4133.0,237.0
74,TRANSITION,2026-09-11 13:00:00,1,1D#2026-08-19 BULL,,,,,,1D BULL / 4H BEAR / 1H NONE,1D BULL / 4H BEAR / 1H BEAR,78032.99,0.0147859427296683,0.0155007516692617,0.0166597486524608,-0.0099853920758387,-0.0014992376942112,0.0237977552827335,-0.0099853920758387,-0.0095544205085568,0.0237977552827335,-0.0147372284465839,-0.0088807310856601,0.0237977552827335,-0.0147372284465839,-0.0162708105892136,0.0237977552827335,-0.0196454089481897,-0.0042927997504647,0.0237977552827335,-0.0210714724631211,106164.969,-0.004383321751641134,-0.004573198245786836,-0.007113591531696328,-0.005178135292383423,5.946e-05,5.946e-05,1.162e-05,-1.958e-05,9486894.36814,7482693.78565,16969588.15379,-0.11810543451771287,-0.11810543451771287,11029129.25119,7577117.144750001,18606246.39594,-0.18552974269937914,-0.18552974269937914,11432347.360709999,9693347.2984,21125694.65911,-0.08231682273037554,-0.08231682273037554,0.2586077714430125,0.2586077714430125,171338415.30284786,100928162.40373316,0.2232022109752485,-3.631536335600727,0.131712275584613,0.0866168411938206,77826.29,28795156.626999997,29015510.661999993,441512692.997,-0.0004990887883748649,-0.0004990887883748649,42.45772806439096,2358.0,128.0,50167761.23900001,1405482.1129999906,872185867.6600001,0.05590812799664483,0.05590812799664483,44.377225497230064,4578.0,231.0
75,TRANSITION,2026-09-12 19:00:00,1,1D#2026-08-19 BULL,,,,,,1D BULL / 4H BEAR / 1H BEAR,1D BULL / 4H BEAR / 1H NONE,77131.0,0.0009992991927738,-0.000207568941152,0.0007132022144142,-0.0009237530953831,0.0013116645706654,0.0021910775174702,-0.0009237530953831,-0.0001121468670183,0.0027274377357999,-0.000940996486497,0.0026950253464883,0.0036628592913354,-0.0081808870622707,0.0271617118927538,0.0284451128599396,-0.0096236273353126,-0.0146633649246087,0.0320104756842254,-0.0280435881811463,103484.685,0.0006853146331107229,,,-0.0016465429601815185,6.317e-05,6.317e-05,,5.3620000000000005e-05,231481.26320000002,3237.8106,234719.0738,-0.9724111845911689,-0.9724111845911689,,,,,,,,,,,0.0936480168148767,0.0936480168148767,141769466.87244743,117490303.53400308,1.095224183844001,-2.793053669380763,0.1245982042902671,0.1022524676419727,77154.98,-987385.5829999988,2315427.378,72244734.459,-0.0457170060314139,-0.0457170060314139,37.38824106489538,371.0,22.0,-13744180.528,6441010.316999998,206839340.517,-0.09758874107095207,-0.09758874107095207,35.812177419769995,1500.0,46.0
76,TRANSITION,2026-09-14 03:00:00,1,1D#2026-08-19 BULL,,,,,,1D BULL / 4H BEAR / 1H NONE,1D BULL / 4H BEAR / 1H BEAR,77600.0,0.0040113877662764,-4.7293814432913805e-05,0.00347706185567,-0.0012369845360825,-8.827319587634275e-05,0.0038060567010309,-0.0028426546391752,0.0118693298969072,0.0143336340206183,-0.0028426546391752,0.0040427835051546,0.0257731958762885,-0.0028426546391752,-0.0220831185567009,0.0257731958762885,-0.0339179123711339,-0.0158503865979382,0.0257731958762885,-0.0339179123711339,105749.111,0.006883724375664979,0.006901681113375524,0.0076645179806977826,0.022495387370920383,0.0001,0.0001,3.722e-05,2.1530000000000006e-05,4950.039,1560255.90028,1565205.93928,0.9936749038886511,0.9936749038886511,2879054.1768300002,2266814.71182,5145868.88865,-0.11897688772451782,-0.11897688772451782,5272390.00189,3013685.27382,8286075.27571,-0.2725904186136495,-0.2725904186136495,0.0926787985374542,0.0926787985374542,139140087.87464267,115536928.02587824,0.6103695754242411,-3.259260023630539,0.133759018347102,0.1013564289330947,77526.8,25290911.067,-9409936.077,156725325.772,0.22141186801220566,0.22141186801220566,39.30570436697851,932.0,57.0,3628545.484000001,-13779078.129999999,249377833.514,0.06980421382569571,0.06980421382569571,39.099201982383256,1739.0,73.0
77,TRANSITION,2026-09-14 04:00:00,1,1D#2026-08-19 BULL,,,,,,1D BULL / 4H NONE / 1H NONE,1D BULL / 4H BEAR / 1H NONE,77596.33,0.00523784780316,0.0011012118743243,0.0013460688153679,-0.000754288250488,0.0038134535486407,0.0038535327637274,-0.002795493034271,0.0126512426554195,0.0143816079961511,-0.002795493034271,0.0010394821507666,0.025821710897925,-0.002795493034271,-0.0228402554605353,0.025821710897925,-0.0338722205032119,-0.0148762190170591,0.025821710897925,-0.0338722205032119,106279.13,0.0050120421343304855,0.013094206826724797,0.012524086109266808,0.02627817992188497,0.0001,0.0001,2.843000000000001e-05,2.1870000000000006e-05,54145.037500000006,968263.9939599999,1022409.0314599999,0.8940834131273647,0.8940834131273647,2828168.7182299998,3042977.6083000004,5871146.32653,0.03658721451028087,0.03658721451028087,4725349.701409999,3961423.6416800003,8686773.34309,-0.08794129069082633,-0.08794129069082633,0.0815308054404833,0.0815308054404833,138542674.61759093,117654696.59120342,0.6329035534252236,-3.2375927370911217,0.1325054286670023,0.1009180019879499,77509.44,18698207.681000005,-7813910.694,234906368.121,0.11286249320130669,0.11286249320130669,39.11218174431064,906.0,62.0,487772.5410000086,-11991448.484000001,323042796.611,0.03863024080994189,0.03863024080994189,38.96052811052437,1815.0,80.0
78,TRANSITION,2026-09-14 10:00:00,1,1D#2026-08-19 BULL,,,,,,1D BULL / 4H NONE / 1H BULL,1D BULL / 4H NONE / 1H NONE,78141.57,0.0173622516714078,-0.0030069782319449,0.0003365686151428,-0.0030914403178744,0.0003383602351474,0.004458958272786,-0.0084409617057862,0.0078864553143735,0.0186639454518253,-0.0084409617057862,-0.0148131141977311,0.0186639454518253,-0.0184022409583017,-0.0274958642371788,0.0186639454518253,-0.0406134660463055,-0.0214165136431223,0.0186639454518253,-0.0406134660463055,106151.107,-0.0023427736098571295,-0.004738734969461422,0.013818047851292592,0.01659733222741977,5.409e-05,5.409e-05,-4.5910000000000006e-05,2.757e-05,24711.997880000003,1445129.6484299998,1469841.6463099997,0.9663746119290622,0.9663746119290622,94626.57428,1918833.83163,2013460.40591,0.9060060242533224,0.9060060242533224,4745850.044290001,5164979.52971,9910829.574000001,0.0422900507258788,0.0422900507258788,0.3012253149178888,0.3012253149178888,146899863.61513585,78887111.06327435,0.0380401060197987,-3.809576821134797,0.1366224971458118,0.0926590409927966,77970.34,-52517815.186000004,-13082072.727000002,433364998.365,-0.09099890994377309,-0.09099890994377309,40.51000116117784,1422.0,44.0,-36034652.926,-20492012.866,726255718.7520001,-0.02140105703636801,-0.02140105703636801,40.087465818122446,2984.0,120.0
79,TRANSITION,2026-09-15 07:00:00,1,1D#2026-08-19 BULL,,,,,,1D BULL / 4H NONE / 1H NONE,1D BULL / 4H NONE / 1H BULL,77286.7,0.0039494465684147,-0.0046151537069121,0.000310661472155,-0.0051429288609812,-0.0030134550964137,0.000310661472155,-0.0075447651407033,-0.0166484013420161,0.0007341496014192,-0.0300016691099502,-0.0162601068489145,0.0007341496014192,-0.0300016691099502,-0.0104707537001839,0.0007341496014192,-0.0300016691099502,0.0041054929243971,0.0055479144535863,-0.0300016691099502,104550.474,0.004315752405503082,0.015808473197526762,-0.003446277800553399,-0.019506002635814812,6.849e-05,6.849e-05,2.0760000000000005e-05,-3.104e-05,672876.3234999999,8852.9614,681729.2849,-0.9740279269320266,-0.9740279269320266,5208483.16951,37313.747200000005,5245796.9167100005,-0.9857738498868911,-0.9857738498868911,9302877.183939999,9650930.327019999,18953807.510959998,0.01836323086423342,0.01836323086423342,0.1766217351115926,0.1766217351115926,153958811.77368614,107737546.84250829,0.8899659108326796,-2.9904173934301226,0.1228870364873136,0.0999568337679146,77311.95,15875615.208999999,-5029403.474999996,210094312.588,0.09950302046012657,0.09950302046012657,42.364911615620024,815.0,42.0,-6448379.921999995,-16977486.266999997,570877410.373,0.01844372566453539,0.01844372566453539,42.42236233553839,2318.0,166.0
80,TRANSITION,2026-09-15 14:00:00,1,1D#2026-08-19 BULL,,,,,,1D BULL / 4H NONE / 1H BEAR,1D BULL / 4H NONE / 1H NONE,76618.77,0.0198193608868895,-0.0088328225577102,0.0010079775491045,-0.0132313531005523,0.0044797116946668,0.009458126252875,-0.0132313531005523,-0.0147435151986908,0.009458126252875,-0.0215456343138894,-0.0126961056670579,0.009458126252875,-0.0215456343138894,0.0009827878991011,0.009458126252875,-0.0215456343138894,0.045084513886088,0.0506563861570734,-0.0215456343138894,,,,,,,,,,,,,,,,,,,,,,,,,,,,,,,,,,413766497.75799996,19448106.325999998,976812281.174,0.4036787815137634,0.4036787815137634,52.5660172291353,2020.0,83.0,372598476.5760001,-36703656.561000004,1627942723.209,0.25142293233154045,0.25142293233154045,48.69442239938488,4132.0,247.0
81,TRANSITION,2026-09-15 20:00:00,1,1D#2026-08-19 BULL,,,,,,1D BULL / 4H BEAR / 1H BEAR,1D BULL / 4H NONE / 1H BEAR,76186.48,0.0353943936593148,-0.003297697964258,0.0007809784623202,-0.0075246946702354,-0.0071141231357584,0.0007809784623202,-0.0137273700005564,-0.0055108202925242,0.0007809784623202,-0.0137273700005564,-0.0013976233053423,0.0049126826702059,-0.0147225596982559,0.0053491118109145,0.0130336773663779,-0.0147225596982559,0.0658683797965202,0.0684310392080065,-0.0147225596982559,108209.343,-0.002489357724707708,0.0002766052914684458,0.03704516294415883,0.034080414541378445,6.173e-05,6.173e-05,-3.717000000000001e-05,3.8629999999999994e-05,247596.04680000004,406368.08414000005,653964.1309400001,0.2427840149455644,0.2427840149455644,51160586.84576,7316487.5204300005,58477074.36619,-0.7497656098657285,-0.7497656098657285,,,,,,0.2467822911536477,0.2467822911536477,174316411.7199461,105309651.23712574,2.797868024934025,-1.1558961298711368,0.1039531793266662,0.1153610720850768,75877.06,-720666222.1,48236441.46100002,1592122425.0970001,-0.4829419217018783,-0.4829419217018783,46.927911226423795,3328.0,109.0,-145881871.96000016,65640606.881999984,3521762932.9500003,-0.060061532496401907,-0.060061532496401907,49.0595403612148,7581.0,367.0
82,TRANSITION,2026-09-16 00:00:00,-1,1D-gap,,,,,,1D NONE / 4H BEAR / 1H BEAR,1D BULL / 4H BEAR / 1H BEAR,75644.48,0.0325457950016377,-0.001687102614758,0.0008707839620286,-0.0035826804546743,-0.0023733390724609,0.0024715617054937,-0.0061672708966999,-0.0080048140987949,0.0038929476413877,-0.0087188120005583,-0.0074232779444052,0.0076629517447933,-0.0121129790303271,-0.0102126420857147,0.0076629517447933,-0.0202921614372919,-0.069263348759883,0.0076629517447933,-0.0760864507231724,107461.254,-0.0010265526944163161,-0.00691334943231281,,0.03803389671435964,4e-05,-4e-05,-2.172999999999999e-05,,491507.0703400001,79784.70039999999,571291.7707400001,-0.7206866806547764,0.7206866806547764,2262570.10864,473900.15498000005,2736470.2636200003,-0.6536412901830033,0.6536412901830033,,,,,,0.0557879816629239,-0.0557879816629239,165340390.19082075,147867172.4306074,3.1904912343646563,-0.7783738131109108,0.1004366001546361,0.1219119325724984,75588.36,-20893232.589,8225175.671,146190279.254,-0.19918156260860467,0.19918156260860467,45.64946980321847,759.0,37.0,-157813637.42900002,62591848.144000016,3192572705.217,-0.06903695104980202,0.06903695104980202,49.367530429002656,6729.0,326.0
83,TRANSITION,2026-09-16 12:00:00,-1,1D-gap,,,,,,1D NONE / 4H BEAR / 1H NONE,1D NONE / 4H BEAR / 1H BEAR,76250.0,0.0089681558398548,0.0036984918032786,0.0059800655737703,-0.0006557377049181,0.0060536393442622,0.0108453770491804,-0.0006557377049181,0.0005769180327869,0.0155433442622949,-0.0040755409836064,-0.0030426229508195,0.0155433442622949,-0.0068731803278687,-0.0237639344262294,0.0155433442622949,-0.0293874098360655,-0.0662640000000001,0.0155433442622949,-0.0720131147540983,106636.999,-0.003655893461357307,-0.007995175505885577,-0.007670252945308098,,4.875e-05,-4.875e-05,2.0419999999999998e-05,,17461.8682,1205804.5809099996,1223266.4491099995,0.9714504256816584,-0.9714504256816584,570274.55856,1608431.1032099999,2178705.66177,0.476501513199627,-0.476501513199627,,,,,,0.0737800579707533,-0.0737800579707533,138289611.70282236,119285690.94186312,2.4099826099971855,-1.5288628750027011,0.1318101821134183,0.118553885286575,76164.45,-48757267.244,6912615.335999997,437998152.25399995,-0.12710072472569797,0.12710072472569797,43.50175495178228,1219.0,92.0,-100954281.52899998,26834921.73,818455592.6730001,-0.15613455928824715,0.15613455928824715,44.35051058910269,2600.0,203.0
84,TRANSITION,2026-09-18 04:00:00,1,1D-gap,,,,,,1D NONE / 4H NONE / 1H BULL,1D NONE / 4H BEAR / 1H NONE,77383.47,0.0123162675382992,0.0024876113722995,0.0024877405988643,-0.0021543360616939,0.0053569580170027,0.0060288069273708,-0.0021543360616939,0.0431891978997582,0.0487339221154077,-0.0021543360616939,0.0484927853455006,0.0563108632890201,-0.0021543360616939,0.0400978400167375,0.0590246211497107,-0.0021543360616939,0.0522302760524953,0.0609500969651528,-0.0021543360616939,108400.189,-0.008286275196346171,0.0013719140812942232,-0.000746756133721993,0.001290406142540057,6.514e-05,6.514e-05,-1.2549999999999993e-05,4.2800000000000065e-06,104890.8635,3444061.34222,3548952.20572,0.9408891089990207,0.9408891089990207,117386.05410000001,4416298.1197,4533684.1738,0.9482160425825997,0.9482160425825997,1495216.9012,5268078.21194,6763295.11314,0.5578436616509509,0.5578436616509509,0.1702048931101261,0.1702048931101261,230816929.04885837,163672840.06397092,0.8455641979629336,-0.4473276507288903,0.1782572952079168,0.1103409826197507,77345.99,33988947.384,-16779613.308,238951617.77400002,0.2124637663680386,0.2124637663680386,32.87692676751052,801.0,86.0,98856436.842,-53655345.335999995,539957201.6800001,0.2824516122823832,0.2824516122823832,33.56594602451774,2603.0,122.0
85,TRANSITION,2026-09-18 16:00:00,1,1D-gap,,,,,,1D NONE / 4H BULL / 1H BULL,1D NONE / 4H NONE / 1H BULL,80725.6,0.0513882454560765,0.0015006392024339,0.0065953055784038,-0.0006697999147731,0.0059356635317666,0.0083542271596617,-0.0021066427502552,0.005084013002071,0.0125784137869522,-0.0021066427502552,0.0112778350362212,0.0151798190412952,-0.0021066427502552,0.0023090568543311,0.0151798190412952,-0.0074271358775903,0.0644418870841467,0.0696074107841873,-0.0074271358775903,109728.194,-0.00352276347728131,0.01860300656676972,0.012250947274639934,0.011495042670896849,6.789e-05,6.789e-05,2.6560000000000003e-05,-1.715999999999999e-05,617521.82203,1577491.13801,2195012.9600400003,0.4373410697140058,0.4373410697140058,1088329.7908300003,49363266.027260005,50451595.81809001,0.9568564770575694,0.9568564770575694,1972613.2334500002,57831020.855289996,59803634.08874,0.9340303222870059,0.9340303222870059,-0.0814704457827955,-0.0814704457827955,162333653.76570854,191130539.12910503,1.6739247796465628,-0.8059270442472455,0.1403354344222741,0.1790249795757685,80649.98,96799880.93099998,-74049785.563,1428660411.552,0.11958731768062393,0.11958731768062393,37.18036195502089,4288.0,275.0,151183152.42200002,-140984872.953,2422420856.747,0.12060993636231489,0.12060993636231489,36.56971529022188,7628.0,498.0
86,TRANSITION,2026-09-19 00:00:00,1,1D#2026-09-18 BULL,,,,,,1D BULL / 4H BULL / 1H BULL,1D NONE / 4H BULL / 1H BULL,80883.87,0.0584537395535365,0.009706632484326,0.0097067561183707,-0.0004857581616705,0.0031173088033498,0.0105970448743366,-0.0004857581616705,0.005177299256329,0.0105970448743366,-0.0004857581616705,0.0045264896449688,0.0131933598132731,-0.0004857581616705,0.0036364481570925,0.0131933598132731,-0.0093693588103537,0.0709180952889618,0.0805080172350805,-0.0093693588103537,107914.822,-0.0013986641678226386,-0.009631838391472414,0.0017695373927122393,-0.0031117762729901965,6.588e-05,6.588e-05,5.100000000000002e-06,-1.1809999999999997e-05,62782.198000000004,5593736.983499999,5656519.181499999,0.9778018261812554,0.9778018261812554,2206363.94714,6460129.144099999,8666493.09124,0.4908288914762605,0.4908288914762605,3708487.77257,65701677.50456999,69410165.27713999,0.8931428053005551,0.8931428053005551,0.030082657724346,0.030082657724346,197379941.45705357,185851326.39693487,1.365755211343278,-1.1065802816163206,0.1396942737491693,0.1633122341183921,80895.17,29727623.006,6685447.623000001,183755439.621,0.12539588177920089,0.12539588177920089,34.70286344034015,829.0,33.0,138325508.031,-89696890.414,2047051895.403,0.11139062910767562,0.11139062910767562,36.76959525158312,6928.0,516.0
87,TRANSITION,2026-09-19 22:00:00,1,1D#2026-09-18 BULL,,,,,,1D BULL / 4H BULL / 1H NONE,1D BULL / 4H BULL / 1H BULL,81100.41,0.0016961232523614,0.0019844535927746,0.0020665740160867,-0.0017066498184165,-2.983955321556042e-05,0.0033653344045978,-0.0017066498184165,-0.0077730803087185,0.0033653344045978,-0.0120143658953143,-0.0020764383311996,0.0048941799431099,-0.0120143658953143,0.0676677220250796,0.0776230354445803,-0.0120143658953143,0.0626827903829339,0.0776230354445803,-0.0120143658953143,107430.124,-0.002729702864572414,-0.004463174646046175,,-0.008631704501016357,9.851e-05,9.851e-05,,2.196e-05,381795.54319999996,61253.53470000001,443049.0779,-0.7234909730979038,-0.7234909730979038,,,,,,,,,,,-0.027192236707694,-0.027192236707694,214575463.7837782,226571229.078917,1.1350185798596035,-1.3316891903808692,0.1580622450638342,0.1476732582483473,81079.73,-13543340.746,-14930231.177999998,61495149.036000006,0.022552842845995798,0.022552842845995798,35.16790362095529,389.0,18.0,-38553371.821,-5947460.510999988,591250375.4419999,-0.05514738368770569,-0.05514738368770569,34.95302472356634,2501.0,90.0
88,TRANSITION,2026-09-20 16:00:00,1,1D#2026-09-18 BULL,,,,,,1D BULL / 4H BULL / 1H BULL,1D BULL / 4H BULL / 1H NONE,80912.0,0.0088687577945075,0.0052156664030056,0.0072341556258652,-0.0012478989519477,0.0032791180541824,0.0072341556258652,-0.0012478989519477,0.0063430640696064,0.0146826181530552,-0.0041102679454222,0.0619896925054381,0.0671433161953727,-0.0041102679454222,0.0679889262408541,0.0801323660272887,-0.0041102679454222,0.038115607079296,0.0801323660272887,-0.0041102679454222,108807.876,-0.002101927469360332,-0.0014742789124264633,-0.003044580417610132,0.0076946550576544315,7.557e-05,7.557e-05,-2.443000000000001e-05,-2.443000000000001e-05,4517.1001,1187508.14584,1192025.2459399998,0.9924211335030277,0.9924211335030277,18265.9418,1636118.32918,1654384.2709799998,0.9779181389470297,0.9779181389470297,,,,,,0.0120886362953552,0.0120886362953552,188394447.07282037,183893987.5892238,1.3900702274612042,-1.0828583146719972,0.1557667222906577,0.1585304515390179,80875.77,8742062.263,8618491.917000001,54345775.242,0.002273780168738861,0.002273780168738861,35.22636478960893,558.0,6.0,-1810854.8610000052,12712132.875,297253420.054,-0.048857260358389526,-0.048857260358389526,37.38897486598525,1726.0,56.0
89,TRANSITION,2026-09-23 09:00:00,1,1D#2026-09-18 BULL,,,,,,1D BULL / 4H BULL / 1H NONE,1D BULL / 4H BULL / 1H BULL,85899.99,0.0037551130042214,-0.0005315483738705,0.0014437719957824,-0.0019322470235445,-0.0045294533794474,0.0014437719957824,-0.0073651929412331,-0.0194078020265194,0.0014437719957824,-0.0279392349172568,-0.0260767201486287,0.0014437719957824,-0.0302559988656576,-0.0172634478770021,0.0014437719957824,-0.0352160692917428,-0.0195573945934104,0.0014437719957824,-0.0352160692917428,,,,,,,,,,,,,,,,,,,,,,,,,,,,,,,,,,-57310872.301,33438671.144,646975412.359,-0.1402673760260985,-0.1402673760260985,63.78726519687425,1464.0,114.0,-2666752.786999993,93201200.65200001,1530717917.317,-0.06262940568895588,-0.06262940568895588,59.64606380106525,3870.0,215.0
90,TRANSITION,2026-09-23 16:00:00,1,1D#2026-09-18 BULL,,,,,,1D BULL / 4H NONE / 1H NONE,1D BULL / 4H BULL / 1H NONE,83996.01,0.0279715626515973,0.0004999046978542,0.0043713981176012,-0.0059050423942755,0.0062144618536048,0.0067765123605276,-0.0059050423942755,-0.0007381302992844,0.0080241906728664,-0.0059050423942755,0.0050239291128233,0.0112676780718512,-0.0133468244503518,-0.0023810654815628,0.0149886881531635,-0.0133468244503518,0.0019046142787022,0.0149886881531635,-0.0133468244503518,,,,,,1.286e-05,1.286e-05,-3.4479999999999995e-05,-1.5879999999999997e-05,1109066.8198,295012.61089999997,1404079.4307,-0.5797778894133899,-0.5797778894133899,24900032.663019996,1565927.2067800001,26465959.869799998,-0.881664809099415,-0.881664809099415,,,,,,0.0306143259032277,0.0306143259032277,247023756.9889557,232348110.4115187,0.8788206814874799,-0.3079889735888463,0.2015315266536766,0.1299866871872818,84259.51,-74812571.68399999,99692572.57599999,1050222932.2699999,-0.16616009696419082,-0.16616009696419082,49.490872554245215,4235.0,118.0,-139789864.48299998,122125184.15899998,2210692568.672,-0.11847646857533733,-0.11847646857533733,54.26665959245314,7183.0,339.0
91,TRANSITION,2026-09-24 10:00:00,1,1D#2026-09-18 BULL,,,,,,1D BULL / 4H NONE / 1H BEAR,1D BULL / 4H NONE / 1H NONE,83263.95,0.0301718037983641,0.0029814823822313,0.003635546956396,-0.001296479448789,0.0119437043282235,0.0129234800895225,-0.001296479448789,0.0130434599847832,0.020158784203728,-0.001296479448789,0.0156857799804117,0.020158784203728,-0.001296479448789,0.0091035796404086,0.0239125095554559,-0.001296479448789,0.0201775198029878,0.0239125095554559,-0.001296479448789,97328.673,0.00293743182318007,-0.0019493989547203494,,-0.08230353194816709,-5.7e-07,-5.7e-07,-4.9290000000000004e-05,-4.6880000000000005e-05,6761400.16499,724286.4643,7485686.629290001,-0.8064876342896825,-0.8064876342896825,15946556.7246,1066197.0864,17012753.811,-0.8746590824454739,-0.8746590824454739,17625850.423469998,2064115.3710599998,19689965.794529997,-0.7903383487204001,-0.7903383487204001,-0.0570054119577555,-0.0570054119577555,228592038.051446,256229488.92258897,2.1157420666880533,-1.4883429474303431,0.1297555580701705,0.1306552276761917,83238.88,-42976904.845,-55890592.01500002,953942764.924,0.013537171877422698,0.013537171877422698,48.38344242059111,2378.0,175.0,-58786022.279000044,-47928197.31599999,1915048674.407,-0.005669738376943451,-0.005669738376943451,57.38733625310686,4355.0,377.0
92,TRANSITION,2026-09-26 23:00:00,1,1D#2026-09-18 BULL,,,,,,1D BULL / 4H NONE / 1H NONE,1D BULL / 4H NONE / 1H BEAR,84276.01,0.0022948739371371,0.0018639942731035,0.0023443207622193,-1.1865772941987986e-07,0.0020645258360001,0.0035018269137327,-0.0002247377397196,0.007202405524419,0.0099865904899865,-0.0002247377397196,-0.0009580425081822,0.010477714832489,-0.0016639373411246,-0.0086857458012072,0.010477714832489,-0.0203261877253086,-0.0078788732404393,0.010477714832489,-0.0203261877253086,94512.84,0.002542090731650015,-0.0002751990115557046,-0.0017195236827400873,-0.008194339460540934,3.159e-05,3.159e-05,4.531e-05,1.1500000000000002e-05,2274.6294,755112.3238699998,757386.9532699998,0.9939934814293293,0.9939934814293293,583682.6771000001,1526534.88027,2110217.55737,0.446803316500263,0.446803316500263,1047699.2910000001,2198471.6430099998,3246170.93401,0.3545014650810297,0.3545014650810297,0.0893817780093884,0.0893817780093884,153559367.10687393,128360837.92440674,6.778614948484063,-0.3399593814148671,0.1361336655483829,0.1399729250125373,84286.54,-5002677.540000001,3511030.4739999995,44062097.792,-0.19322066902465468,-0.19322066902465468,23.973084161051556,344.0,2.0,-4104346.0919999992,5377997.581,98674039.917,-0.09609765325283232,-0.09609765325283232,26.886901765158317,917.0,13.0
93,TRANSITION,2026-09-28 02:00:00,1,1D#2026-09-18 BULL,,,,,,1D BULL / 4H NONE / 1H BEAR,1D BULL / 4H NONE / 1H NONE,83694.43,0.0094748790490705,-0.0032999806558212,0.0010471425637286,-0.0036485104205857,-0.0060986137309256,0.0010471425637286,-0.0118216947053703,-0.000626564993632,0.0015003387919603,-0.0131057705990708,-0.0074847274782801,0.008206878283298,-0.0135185818219921,-0.002944281955203,0.010389699768551,-0.0135185818219921,-0.002107189211994,0.0233649957350805,-0.0135185818219921,95093.769,0.006314534809250816,0.004931981937092544,0.003232625211820217,0.008934011742151471,-1.574e-05,-1.574e-05,-5.4239999999999996e-05,-7.219999999999999e-05,4943971.17248,84858.1971,5028829.369580001,-0.9662513118407564,-0.9662513118407564,6842037.480570001,2714239.45002,9556276.93059,-0.4319462548575549,-0.4319462548575549,8381954.24564,3473282.27212,11855236.517760001,-0.414050952603641,-0.414050952603641,0.2431945617314129,0.2431945617314129,167386040.4580811,101897699.36935256,0.4056027760714897,-1.9850068138349777,0.1485598277194912,0.0684890371790227,83660.67,-21996802.104000002,-103268.5490000078,199973223.27099997,-0.10948232566782348,-0.10948232566782348,34.92905201810783,763.0,49.0,-26333944.071000002,2171523.627999992,324808292.117,-0.08776089893891,-0.08776089893891,37.88363463437068,1558.0,69.0
94,TRANSITION,2026-09-28 19:00:00,1,1D#2026-09-18 BULL,,,,,,1D BULL / 4H NONE / 1H NONE,1D BULL / 4H NONE / 1H BEAR,84041.19,0.00916871446177,-0.0077539358973857,4.80716658104452e-05,-0.010983780691349,-0.0059159086157634,4.80716658104452e-05,-0.011199151273322,-0.0004061103846816,4.80716658104452e-05,-0.0150551176155406,-0.0047737305956757,0.0062207591301362,-0.0150551176155406,-0.0010850631696195,0.0191425180914261,-0.0150551176155406,0.0090530607669883,0.0191425180914261,-0.0150551176155406,93120.663,-0.0015361672720382025,-0.02069975888478859,-0.02567295809390857,-0.011738419974560155,4.739e-05,4.739e-05,-1.7330000000000005e-05,3.188e-05,8211.543,15956.6933,24168.2363,0.3204681634133146,0.3204681634133146,381756.1113,11205862.65957,11587618.77087,0.9341096529237407,0.9341096529237407,8146153.01616,13440284.72435,21586437.74051,0.24525268003135195,0.24525268003135195,0.293139053304046,0.293139053304046,203313957.92404544,111136305.41703358,7.3401841814440205,-2.201165523573223,0.1332887740455017,0.0738144911991887,83845.58,49380299.14099999,-4181824.5840000026,375098704.911,0.14279474448654447,0.14279474448654447,34.58784082576133,1196.0,29.0,7076784.666000001,97762021.37600002,1443328522.666,-0.06283062745998642,-0.06283062745998642,36.76352298500115,4375.0,201.0
95,TRANSITION,2026-09-30 13:00:00,1,1D#2026-09-18 BULL,,,,,,1D BULL / 4H NONE / 1H BULL,1D BULL / 4H NONE / 1H NONE,85290.32,0.0113534642787478,-0.0076512785976181,0.0042165394619224,-0.0149012220847571,-0.0110314980644932,0.0042165394619224,-0.0224799250372141,-0.0208850195426633,0.0042165394619224,-0.0224799250372141,-0.0182236389780223,0.0042165394619224,-0.0246724364499981,0.0178177312501581,0.0226248418343371,-0.0246724364499981,-0.0047168307024759,0.0226248418343371,-0.0246724364499981,96128.666,0.02346368574712443,0.023504484333174203,0.037619781821573106,0.03248984412441436,9.379e-05,9.379e-05,0.00010567,4.811999999999999e-05,20991.5016,14046611.015279997,14067602.516879996,0.997015624862188,0.997015624862188,96044.6821,15212530.070129998,15308574.752229998,0.9874521719161335,0.9874521719161335,1486906.94871,15519673.56873,17006580.51744,0.8251374581521315,0.8251374581521315,-0.0925322507933865,-0.0925322507933865,117652650.88207445,141646152.81631932,5.754104316788533,-0.1211237008108323,0.1518702876093147,0.1025423440657695,85103.08,-12787458.497,16586726.586000001,683901831.0009999,-0.04295087942666592,-0.04295087942666592,36.642330870417005,1965.0,73.0,-44143195.513,90964508.48200001,1259440614.797,-0.10727596236586116,-0.10727596236586116,36.33838464030415,3354.0,192.0
96,TRANSITION,2026-10-02 08:00:00,1,1D#2026-09-18 BULL,,,,,,1D BULL / 4H BULL / 1H BULL,1D BULL / 4H NONE / 1H BULL,86089.65,0.0318796863427788,0.0016999720640054,0.0063998401666169,-0.0003179243962543,0.003893615550766,0.0063998401666169,-0.0003179243962543,-0.02061072382104,0.0131299174755619,-0.0255739220684483,-0.0177681056898244,0.0131299174755619,-0.0255739220684483,-0.0114258798821924,0.0131299174755619,-0.0255739220684483,0.0018946528415437,0.0131299174755619,-0.0255739220684483,99611.392,0.004572490691698405,0.010827248505894893,0.023992052427742605,0.03593166274484161,0.0001,0.0001,3.588e-05,5.331e-05,93425.18969999999,68922.5042,162347.69389999998,-0.15092721621960775,-0.15092721621960775,,,,,,722834.7749,45858956.25698,46581791.03188,0.9689649213184912,0.9689649213184912,0.7050594450677216,0.7050594450677216,427779348.57915795,73997114.19063997,0.1677343654181706,-0.997006731854122,0.5068652695554559,0.0365273789791581,85855.99,,,,,,,,,,,,,,,,
97,TRANSITION,2026-10-02 16:00:00,1,1D#2026-09-18 BULL,,,,,,1D BULL / 4H BULL / 1H NONE,1D BULL / 4H BULL / 1H BULL,85326.0,0.0138226398527139,-0.0019453624920892,0.002132995804327,-0.0036096852073225,-0.0118453929634577,0.002132995804327,-0.016853010805616,-0.0073417246794647,0.002132995804327,-0.016853010805616,-0.0053760870074772,0.002132995804327,-0.016853010805616,-0.0008202658040925,0.002132995804327,-0.016853010805616,-0.0006588847479079,0.0196084429130627,-0.016853010805616,96649.734,-0.0045830092511724985,-0.026032681293757798,-0.019226789963475044,-0.005707562923890408,1.214e-05,1.214e-05,-5.5599999999999996e-05,-5.785999999999999e-05,2404061.1754,98195.94270000001,2502257.1181,-0.9215141066122241,-0.9215141066122241,9538426.435279999,7069529.793749999,16607956.229029998,-0.14865746317505785,-0.14865746317505785,,,,,,,,,,,,,,,,,,,,,,,,,,,,,,
98,TRANSITION,2026-10-04 21:00:00,1,1D#2026-09-18 BULL,,,,,,1D BULL / 4H BULL / 1H BULL,1D BULL / 4H BULL / 1H NONE,85824.44,0.0126807453709303,0.0004774863663543,0.0028171462581054,-0.0005320162881342,0.0096478345795207,0.0113669253187087,-0.0005320162881342,0.0045040783254746,0.0136868938498171,-0.0048056241322401,-0.0004718935538641,0.0136868938498171,-0.0099322523980349,-0.0024821600933253,0.0136868938498171,-0.0099322523980349,,,,98543.241,0.0005383783501906603,-0.0002348163602143849,0.0010815469913241227,0.014433752211859163,4.37e-05,4.37e-05,7.170000000000001e-06,3.102e-05,6327.5512,2262245.4316899995,2268572.9828899996,0.9944215581797688,0.9944215581797688,6327.5512,2667007.7316900003,2673335.2828900004,0.995266174624262,0.995266174624262,26760.703299999997,3941222.69387,3967983.3971700002,0.9865116858507593,0.9865116858507593,,,,,,,,,,,,,,,,,,,,,,,,,
99,TRANSITION,2026-10-05 15:00:00,1,1D#2026-09-18 BULL,,,,,,1D BULL / 4H BULL / 1H NONE,1D BULL / 4H BULL / 1H BULL,85645.26,0.0043014389099986,-0.004384130540324,0.000335686995404,-0.0054996622113119,4.53031492928524e-05,0.000335686995404,-0.0078609137271578,-0.0012531925292771,0.0056651121147861,-0.0078609137271578,0.0110963525593827,0.0114569095826202,-0.0078609137271578,,,,,,,96131.955,-0.009428201095237121,-0.009572968240485369,-0.023410853680236876,-0.027572960486782594,1.66e-06,1.66e-06,-4.49e-05,-3.068e-05,13492195.59204,668971.23428,14161166.82632,-0.9055203229388348,-0.9055203229388348,13763709.56254,1420674.77362,15184384.33616,-0.8128768684764105,-0.8128768684764105,17388579.34003,6058499.848920001,23447079.188950002,-0.48321922742725115,-0.48321922742725115,,,,,,,,,,,,,,,,,,,,,,,,,
100,TRANSITION,2026-10-07 02:00:00,1,1D#2026-09-18 BULL,,,,,,1D BULL / 4H BULL / 1H BEAR,1D BULL / 4H BULL / 1H NONE,84391.56,0.0149104249242315,-0.0061990796236021,0.0016791963556546,-0.0096521500491281,-0.0006956856823122,0.0016791963556546,-0.0096521500491281,,,,,,,,,,,,,96373.13,0.0075210251110371384,0.0115553508742412,0.01828295829856219,0.019257610913852252,-1.702e-05,-1.702e-05,3.37e-06,1.06e-06,24123086.043649998,11699.287800000002,24134785.331449997,-0.9990305040927997,-0.9990305040927997,24451041.03925,25990.3133,24477031.35255,-0.9978763508592482,-0.9978763508592482,27248974.531949997,1594209.9938,28843184.525749996,-0.8894567281655911,-0.8894567281655911,,,,,,,,,,,,,,,,,,,,,,,,,
101,TRANSITION,2026-10-07 04:00:00,1,1D#2026-09-18 BULL,,,,,,1D BULL / 4H NONE / 1H BEAR,1D BULL / 4H BULL / 1H BEAR,84150.39,0.0159721652967325,-0.000562445402808,0.0008234067602062,-0.0012642840989803,-6.203179807007242e-05,0.0027203676655569,-0.0012642840989803,,,,,,,,,,,,,96691.49,0.0023992209584027258,0.010629845564363416,0.010550226347116443,0.019828981671258683,-4.519e-05,-4.519e-05,-3.76e-05,-5.855e-05,0.0,170180.629,170180.629,1.0,1.0,55953388.46035999,473947.3019999999,56427335.76235999,-0.9832014999256389,-0.9832014999256389,58086319.10875999,559860.7113,58646179.82005999,-0.9809071720266254,-0.9809071720266254,,,,,,,,,,-40149701.268999994,10233355.647999994,512204253.819,-0.09836516690625549,-0.09836516690625549,38.617807837281276,1552.0,124.0,,,,,,,,
