ts,spot,G_up,G_dn,A,top_up_strike,top_up_dist_pct,top_up_share,top_dn_strike,top_dn_dist_pct,top_dn_share,n_strikes
2026-08-24 19:44:06.076965,78822.02,91831854.62687021,123834868.99318297,-0.14839106297498852,80000.0,1.494480856999103,0.10258726412721342,78000.0,-1.0428811644258906,0.1191688364149535,37
2026-08-24 19:50:00.013417,78792.77,91791214.42631985,123846657.10237423,-0.14865404879397023,80000.0,1.5321583439698694,0.10253971015021776,78000.0,-1.0061456146293724,0.11916686019907732,37
2026-08-24 20:00:00.010508,78738.14,91284924.59474102,124438473.91945922,-0.1536854581054444,80000.0,1.6026032619007813,0.10219101801854258,78000.0,-0.9374618196467455,0.11948890074073192,38
2026-08-24 20:09:59.975169,78792.09,92027403.88294008,124284494.13002881,-0.14912305122094935,80000.0,1.533034597762284,0.1023842922465423,78000.0,-1.0052912671817626,0.11940385072250774,37
2026-08-24 20:20:00.007905,78716.21,91379446.49248159,125378720.49170357,-0.15685348548690484,80000.0,1.630909313342177,0.10224136175371323,78000.0,-0.9098634194913635,0.12003341909635522,38
2026-08-24 20:30:00.006262,78682.81,91255360.48855612,125731715.47054197,-0.15888667483811164,80000.0,1.6740505327656807,0.1021995442109261,78000.0,-0.8678007305534696,0.12044301641037912,38
2026-08-24 20:40:00.040701,78965.76,94161543.40112832,85795936.53285104,0.0464865748917264,80000.0,1.309732218115811,0.10428138504837038,78000.0,-1.2230110873370892,0.11944858389415086,37
2026-08-24 20:50:00.021710,78851.26,93391645.09315233,123943425.13376515,-0.140574551583939,80000.0,1.4568441899343254,0.10302005686048621,78000.0,-1.07957691481404,0.11962230572884482,37
2026-08-24 21:00:00.009811,78910.41,94021243.11625,123761003.46210435,-0.1365573218804798,80000.0,1.3807937381138835,0.10336886834650365,78000.0,-1.1537261053389591,0.11879342478008052,37
2026-08-24 21:10:00.014992,78962.53,94722355.12667865,86460997.31250033,0.04559667156479817,80000.0,1.313876341094944,0.10591091837366082,78000.0,-1.2189705674324203,0.12024574527970155,37
2026-08-24 21:20:00.016260,78848.91,94180692.5026557,126199826.36440349,-0.1452902190554456,80000.0,1.4598679931022485,0.10291039473012703,78000.0,-1.0766287067253133,0.12237800181034891,37
2026-08-24 21:30:00.013089,78907.92,94564670.12364912,125123885.95372474,-0.13910244746345699,80000.0,1.3839928868990548,0.10378712428153278,78000.0,-1.1506069352734127,0.12264286966568085,37
2026-08-24 21:40:00.014130,78957.2,95051516.0030406,86313793.04255661,0.04817747675376676,80000.0,1.320715526893057,0.10601018404188287,78000.0,-1.2123023612792716,0.12022046626910969,37
2026-08-24 21:50:00.012721,79001.93,79381035.53555614,102159177.23207566,-0.1254716040554339,80000.0,1.2633488827424877,0.10631933551853848,78000.0,-1.2682348393260656,0.11979449462634993,37
2026-08-24 22:00:00.009129,78965.23,95330559.48095858,87546900.11775166,0.04256215818114863,80000.0,1.3104121902766552,0.10505603152805987,78000.0,-1.222348114480254,0.12321236214509816,37
2026-08-24 22:10:00.009913,78890.89,95041487.57284737,126191655.77360858,-0.14080244817558538,80000.0,1.4058784227177545,0.1032690723846278,78000.0,-1.129268537850192,0.122536481348079,37
2026-08-24 22:20:00.009864,78839.16,95254395.82843634,127421312.68749474,-0.14445633550889567,80000.0,1.4724154848935411,0.10331163774441494,78000.0,-1.0643949022287935,0.12402146396863914,37
2026-08-24 22:29:59.893820,78764.33,94740515.56090575,128430296.29684368,-0.15095961902675703,80000.0,1.5688192865983774,0.102708583412795,78000.0,-0.9704011955665726,0.12445569148094889,37
2026-08-24 22:40:00.007606,78847.73,95512531.5778375,127024397.50190344,-0.14160286139643097,80000.0,1.4613863962856133,0.10356601873089318,78000.0,-1.0751482636215393,0.124251126505056,37
2026-08-24 22:50:00.016649,78797.83,95174544.52232507,127788949.47172087,-0.14627688311283257,80000.0,1.525638459840839,0.1028803177978595,78000.0,-1.012502501655188,0.12465530205776752,37
2026-08-24 23:00:00.013480,78733.36,94802837.23994364,129372724.92014296,-0.15420899292989185,80000.0,1.6087716820417652,0.10218862022529612,78000.0,-0.9314476100092728,0.12508425626158978,38
2026-08-24 23:10:00.011740,78776.45,95111175.80253401,128722707.67368685,-0.15016284107282435,80000.0,1.5531926102280602,0.10231274033984465,78000.0,-0.9856372050276452,0.12478682106846925,37
2026-08-24 23:20:00.044570,78767.86,96497773.12257814,128114651.60372129,-0.1407619303325262,80000.0,1.5642674562949876,0.1060114336092008,78000.0,-0.9748392301123787,0.12443653909731502,37
2026-08-24 23:30:00.023379,78883.78,97974391.48275743,126451792.58824027,-0.12688983339160614,80000.0,1.415018397952017,0.1076624056161033,78000.0,-1.1203570619967795,0.12398534329722972,37
2026-08-24 23:40:00.007538,78935.92,99242644.24261284,123100744.02766499,-0.10730294240209448,80000.0,1.348030149012014,0.10917053091238872,78000.0,-1.1856706047132848,0.12446999395339008,37
2026-08-24 23:50:00.020074,78889.24,99344804.82130007,126091655.38583373,-0.11864474158243221,80000.0,1.4079993672140745,0.10778519097449218,78000.0,-1.127200616966273,0.12364788531687561,37
2026-08-25 00:00:00.006172,78975.33,99461892.4825439,87446301.1504313,0.06428605990225968,80000.0,1.297455800437941,0.1096703253695433,78000.0,-1.2349805945730208,0.12330366053548948,37
2026-08-25 00:09:59.961746,78927.71,99963757.67188606,122778797.04994732,-0.10242784279166266,80000.0,1.3585722935582467,0.108682005356063,78000.0,-1.1753920137807183,0.12348539808664263,37
2026-08-25 00:20:00.016923,78775.37,96074090.84480137,129515537.57938968,-0.14824017827497882,80000.0,1.5545848911912463,0.10105448888117921,78000.0,-0.9842797310885332,0.12422733295276847,37
2026-08-25 00:30:00.003280,78783.33,95977812.79102583,129399515.07835008,-0.14829221112557864,80000.0,1.5443241609614633,0.10113494016948742,78000.0,-0.9942839430625794,0.12441739386880252,37
2026-08-25 00:39:59.966900,78957.8,99336072.88059212,87878114.7763099,0.06120240270080725,80000.0,1.31994559118922,0.10818169187081382,78000.0,-1.2130530485905178,0.12257413282828218,37
2026-08-25 00:50:00.006795,79568.13,88009964.18085344,97745277.14004976,-0.052409358088464295,80000.0,0.5427675628420614,0.11613395886613277,78000.0,-1.9708016262290018,0.11735105131906011,38
2026-08-25 01:00:00.000448,79726.02,88105344.0889086,92367837.4694447,-0.023618430969799774,80000.0,0.3436519219195855,0.1142853365479009,78000.0,-2.1649393761284053,0.11372927265935681,38
2026-08-25 01:09:59.976811,79800.93,86954428.90193577,92172458.81866337,-0.029130355487818494,80000.0,0.24945824566204866,0.11552443158981658,78000.0,-2.256778210479493,0.11428681201579899,38
2026-08-25 01:20:00.002359,79718.86,87414417.8300344,92976207.75620031,-0.03083192326702768,80000.0,0.3526643506944316,0.11529936334483316,78000.0,-2.1561522580729298,0.11420712298305752,38
2026-08-25 01:30:00.039172,79814.17,87982020.91603267,92691776.0961355,-0.026067726798178866,80000.0,0.23282833110962464,0.11531356768575941,78000.0,-2.272992377168115,0.11339127659444201,38
2026-08-25 01:40:00.024499,79804.02,87929202.62306657,92693677.02094746,-0.026378022580921576,80000.0,0.24557660127897396,0.11529762759311989,78000.0,-2.2605628137529976,0.11342694575694091,38
2026-08-25 01:50:00.009031,79696.66,86767421.78469378,94184961.31440094,-0.040991665335764635,80000.0,0.38061820909431887,0.11358279925573703,78000.0,-2.1288972461330324,0.11256255826744319,38
2026-08-25 02:00:00.035452,79813.46,87917390.74095619,92194398.9327012,-0.02374640882473312,80000.0,0.2337199765553244,0.1148135475358074,78000.0,-2.272123022858563,0.11296253773345184,38
2026-08-25 02:09:59.992028,79787.13,88652786.2783686,92474415.06210713,-0.021099143339352863,80000.0,0.26679741457049655,0.11460449085758456,78000.0,-2.239872520793773,0.11275685144111934,38
2026-08-25 02:20:00.009693,80840.65,69457918.39384635,96913841.61117253,-0.16502754563934363,82000.0,1.4341176128593869,0.11591188174975929,80000.0,-1.0398852557469418,0.12076377554014375,38
2026-08-25 02:30:00.019882,81007.34,70166797.9109869,107911984.83390865,-0.21195779947009816,82000.0,1.2253951308609956,0.1196940795425196,80000.0,-1.2435169455014772,0.12205678585701336,38
2026-08-25 02:40:00.006756,80940.19,70481856.92031959,94501399.34025931,-0.14558775820258166,82000.0,1.3093742428823107,0.11917669611727363,80000.0,-1.1615861045050746,0.12236313346432001,38
2026-08-25 02:49:59.964008,80630.16,68401834.50842957,101780477.11534275,-0.1961346175665098,82000.0,1.698917625861096,0.11295353248147455,80000.0,-0.7815437796477198,0.12318775648797754,38
2026-08-25 03:00:00.029895,80632.53,68685489.72824706,98422400.16124526,-0.17795036758984314,82000.0,1.695928429878113,0.11449022563939239,80000.0,-0.7844600684115965,0.12195643858094353,38
2026-08-25 03:10:00.008549,80850.45,69895990.73223077,96416945.74630505,-0.15946417383771613,82000.0,1.4218226367323838,0.11672456733686937,80000.0,-1.0518803544074196,0.12121502217641827,38
2026-08-25 03:20:00.028733,80741.64,70220327.65394555,96977848.34330873,-0.16003476431347308,82000.0,1.5585019080613272,0.11536495010455,80000.0,-0.9185347238426123,0.12143277873680697,38
2026-08-25 03:30:00.012467,80621.05,69887886.7197023,98662816.34363332,-0.17071972469387078,82000.0,1.7104093781958873,0.11188954946334051,80000.0,-0.7703323139552354,0.12089523948322899,38
2026-08-25 03:40:00.009082,80794.48,70607908.44529495,96493432.0233094,-0.15490913182038732,82000.0,1.4920821323437083,0.11375661719868815,80000.0,-0.983334505030542,0.12109614552242368,38
2026-08-25 03:50:00.025623,80450.11,72219751.31306061,99846746.84355372,-0.1605599917849616,82000.0,1.926523158265403,0.10917985111896367,80000.0,-0.5594896016922757,0.12386568572912462,38
2026-08-25 04:00:00.011516,80465.45,72580417.98638135,100017947.06425367,-0.158967491203193,82000.0,1.9070918015123395,0.10889510252499575,80000.0,-0.5784470229147964,0.12395971021860701,38
2026-08-25 04:09:59.988613,80430.95,72480218.9913796,100353792.67650612,-0.1612736602948718,82000.0,1.9508037639739406,0.1086026744168581,80000.0,-0.5358012058790718,0.12451043878943172,38
2026-08-25 04:20:00.004083,80289.24,71064759.81060888,101502740.93912257,-0.17638304429439947,82000.0,2.130746286800078,0.10721223767319198,80000.0,-0.36024752507310964,0.12479694731680006,38
2026-08-25 04:30:00.008713,80234.81,71085475.4806978,102765606.19148135,-0.18222567502065318,82000.0,2.2000301365454833,0.10552558107027012,80000.0,-0.2926535253214846,0.12394647276648485,38
2026-08-25 04:39:59.963488,80306.81,71554918.85562198,101784306.74806312,-0.17439438642443364,82000.0,2.108401516633518,0.10650773011865221,80000.0,-0.3820473008453451,0.12511360410167502,38
2026-08-25 04:49:59.978650,80280.25,71380824.18883303,102121538.84448154,-0.17717749843986805,82000.0,2.1421831646015077,0.10646400123590817,80000.0,-0.34908959551072094,0.12570055086912388,38
2026-08-25 05:00:00.004872,80342.75,72901644.25584313,99969927.49182849,-0.15658030387723326,82000.0,2.062725012524469,0.10756292935182134,80000.0,-0.42660974387856987,0.12563647578730344,38
2026-08-25 05:10:00.040192,80540.28,70315642.04856265,99441997.98582901,-0.1715761124587122,82000.0,1.8124098898091745,0.10979871504992549,80000.0,-0.6708196196983707,0.1251125942089774,39
2026-08-25 05:20:00.007931,80530.34,70538820.57942818,99643914.86975238,-0.17102260234273572,82000.0,1.824976772729392,0.11018432896023093,80000.0,-0.6585592461176737,0.1252921845466674,39
2026-08-25 05:30:00.010761,80611.75,71476182.85817848,98795233.57024752,-0.16044413845322456,82000.0,1.7221434840454464,0.11121302139366594,80000.0,-0.7588844058093236,0.12475038938934117,39
2026-08-25 05:40:00.030100,80750.25,72607695.48616596,97043589.55443393,-0.1440360092905876,82000.0,1.5476732270178761,0.11374955566495253,80000.0,-0.9290992907142748,0.12148477397471716,39
2026-08-25 05:50:00.010141,80726.03,73072318.16322832,97876020.61362264,-0.14509472644113885,82000.0,1.5781402851100301,0.11255642662863138,80000.0,-0.8993753315999831,0.1200591356616293,39
2026-08-25 05:59:59.968978,80703.91,73014171.60966818,98712993.49167225,-0.14964913598171006,82000.0,1.6059816680505268,0.11117835453300395,80000.0,-0.872213006779976,0.1206516332107711,39
2026-08-25 06:10:00.042111,80738.83,72962770.91346917,98778424.18507466,-0.15031718660623422,82000.0,1.5620365070933007,0.111361486177638,80000.0,-0.9150863345431248,0.12014665331521956,39
2026-08-25 06:20:00.012175,80795.12,74361888.84622142,98053876.93923573,-0.13741195873291,82000.0,1.4912781861082802,0.11179658493131577,80000.0,-0.9841188428211911,0.11838029939619603,39
2026-08-25 06:30:00.007664,80722.78,73524716.59280585,99170852.01656151,-0.14850488423224406,82000.0,1.5822299479775204,0.10971246103821015,80000.0,-0.8953854166073083,0.11963466664294756,39
2026-08-25 06:40:00.010088,80524.16,70797345.70836335,103261750.53280793,-0.1865136929095784,82000.0,1.832791549765922,0.10524942238146262,80000.0,-0.6509350733990948,0.12518040115188853,39
2026-08-25 06:50:00.033192,80504.98,70539508.60137537,104548957.56810157,-0.19424151522240615,82000.0,1.8570528183473822,0.10439935038865522,80000.0,-0.6272655430757168,0.12535551038224835,39
2026-08-25 06:59:59.972846,80537.45,70270939.77422455,102540057.28980742,-0.18673069459593558,82000.0,1.8159874691835887,0.10512984170020624,80000.0,-0.6673292983574663,0.12538715139494772,39
2026-08-25 07:10:00.008054,80721.35,73144969.24684778,99376695.46913308,-0.15204888189242838,82000.0,1.584029503966411,0.1063918590446498,80000.0,-0.8936297522278869,0.11832891404680239,39
2026-08-25 07:20:00.019763,80602.12,70726213.6509493,101782916.75541696,-0.18002932964365315,82000.0,1.734296815021752,0.10434754488238605,80000.0,-0.747027497539765,0.120453187447833,39
2026-08-25 07:30:00.024716,80633.66,71168886.95955811,101462923.7825351,-0.17548351426513958,82000.0,1.6945032632773804,0.10402556582528469,80000.0,-0.785850474851324,0.11663277993928262,39
2026-08-25 07:40:00.009596,80453.83,80752168.2867013,93568867.26030666,-0.07352353623524199,82000.0,1.9218103103357587,0.10293171550614377,80000.0,-0.5640875021114655,0.1186634826988021,39
2026-08-25 07:49:59.999006,79863.96,106460298.87125579,81836929.04759723,0.1307686262607649,80000.0,0.17033966259623057,0.168879155007928,78000.0,-2.333918828968673,0.10609606947443745,39
2026-08-25 08:00:00.010322,79678.75,82309222.8583934,81192866.88743064,0.006827777997811648,80000.0,0.4031815258145999,0.10999557904694968,78000.0,-2.1068980123307712,0.1143211054649781,39
2026-08-25 08:10:00.033039,79814.4,84528084.5614043,81717491.23842907,0.016906274404314407,80000.0,0.23253949162056475,0.11145917886203836,78000.0,-2.2732739956699444,0.11435943037386173,40
2026-08-25 08:20:00.008960,79967.8,85871183.93951416,81992452.20470923,0.023106444158474196,80000.0,0.04026620714836504,0.11190033194887138,78000.0,-2.4607404480303408,0.11462474007796526,40
2026-08-25 08:30:00.009768,80167.15,66469467.18984898,95684929.74790594,-0.1801706466786201,82000.0,2.2862855920411373,0.10349690174267959,80000.0,-0.20850186142328253,0.11535905581446272,40
2026-08-25 08:39:59.945134,79954.45,88167161.8311426,82364495.26544438,0.03402691713956467,80000.0,0.056969937258033454,0.11607588929497573,78000.0,-2.4444543111734163,0.11418130367761761,40
2026-08-25 08:50:00.005501,79884.54,88658157.14436835,82683249.12501682,0.03487136092461912,80000.0,0.1445335981154816,0.11633404175154909,78000.0,-2.3590797418374,0.1137058128895145,40
2026-08-25 09:00:00.008081,79907.93,88686712.41797361,83884473.083574,0.027827585007559358,80000.0,0.11522010393711923,0.11434872321583558,78000.0,-2.3876603986612954,0.11284296899773937,40
2026-08-25 09:20:00.009823,79815.37,88107808.17722215,83065053.10011959,0.029460015095103573,80000.0,0.23132136078551913,0.11553410355797517,78000.0,-2.274461673234107,0.11489405983217536,40
2026-08-25 09:30:00.007239,79794.55,88836987.27534267,84029328.06510262,0.027811428737702783,80000.0,0.2574737247092562,0.11627308985853263,78000.0,-2.2489631184084646,0.11425912716675113,40
2026-08-25 09:40:00.022661,79807.19,88936851.32386583,84387340.6385461,0.026248561345125838,80000.0,0.24159477360372605,0.1161080614204619,78000.0,-2.264445095736367,0.11444127310763218,40
2026-08-25 09:50:00.002259,79565.94,86814877.34517628,86830007.8109276,-8.713453170658085e-05,80000.0,0.54553493617997,0.11273684007557004,78000.0,-1.968103437224522,0.1159152359556575,40
2026-08-25 10:00:00.027167,79170.72,86848131.97548164,86706224.38970523,0.0008176549914876327,80000.0,1.0474579491003722,0.11064784268245452,78000.0,-1.4787284996271355,0.11582874156299096,40
2026-08-25 10:40:00.008713,79246.12,88967011.93751007,87363992.52971208,0.009090967369246595,80000.0,0.9513147142093503,0.1117703142422873,78000.0,-1.5724681536458784,0.11561300187300569,40
2026-08-25 10:49:59.986013,79340.26,89295409.11417823,87390453.47975294,0.010781596254836488,80000.0,0.8315324401508173,0.11178957411204672,78000.0,-1.689255870852946,0.11553569713844423,40
2026-08-25 11:00:00.021675,79291.66,89741077.66858351,87542329.50449581,0.012402447578983468,80000.0,0.8933348097391214,0.11365230393981277,78000.0,-1.6289985605043467,0.11582536074640686,40
2026-08-25 11:10:00.011166,79244.48,89574782.81014797,87604279.63485847,0.011121535175190973,80000.0,0.9534039468742872,0.11305275403179393,78000.0,-1.5704311517975689,0.11546919881186644,40
2026-08-25 11:19:59.979960,79174.46,88252917.83232063,88515634.6536444,-0.0014862192263786647,80000.0,1.0426847243416582,0.11234457212296323,78000.0,-1.4833823937668855,0.11495974206395991,40
2026-08-25 11:30:00.010595,79241.83,89603139.59671786,87306748.63476807,0.012980568722902456,80000.0,0.9567800238838409,0.11357399860355866,78000.0,-1.567139476713253,0.11452969297664409,40
2026-08-25 11:40:00.008511,79314.3,90111399.44549042,87928191.81756316,0.012262483936517065,80000.0,0.8645351468776763,0.11424527600095452,78000.0,-1.6570782317942734,0.11559665999089933,40
2026-08-25 11:50:00.006816,79077.42,88112005.41361608,90172760.11312944,-0.011558781780511783,80000.0,1.1666794389599389,0.11203371889549968,78000.0,-1.3624875470140463,0.11816406417116365,39
2026-08-25 12:00:00.000184,79108.96,87611305.63086,91465435.06893264,-0.021522222389192165,80000.0,1.1263452332074486,0.11181423630218346,78000.0,-1.401813397622731,0.11789435373752079,39
2026-08-25 12:09:59.961456,78829.44,94896219.25910512,116445967.26819271,-0.10196614487237804,80000.0,1.4849274585738481,0.1094365292486403,78000.0,-1.0521957278904925,0.11643590372414016,39
2026-08-25 12:20:00.013061,78919.95,95348694.72730869,116466753.93529719,-0.09970027843260285,80000.0,1.3685386267984212,0.11033657777391408,78000.0,-1.1656748388715332,0.11689862298253581,39
2026-08-25 12:29:59.997724,78864.53,95181988.65105405,116540578.81638366,-0.10088008293501585,80000.0,1.4397727343331779,0.1096512798326343,78000.0,-1.0962215840251588,0.11631085534512074,39
2026-08-25 12:40:00.015161,78894.02,96174563.36560544,116688687.26756111,-0.09637231340278765,80000.0,1.4018552990454847,0.10930352594780222,78000.0,-1.1331910834306624,0.11694131805874149,39
2026-08-25 12:50:00.016145,79023.98,82914254.73978665,93009331.51656437,-0.057383304829106,80000.0,1.2350934488493337,0.1110942238923388,78000.0,-1.295783887371904,0.11817661030525971,39
2026-08-25 13:00:00.002281,78968.11,96566122.66357589,79349129.36252768,0.09787095264766141,80000.0,1.3067173571711388,0.1106299469299778,78000.0,-1.2259505767581391,0.11842235687281474,39
2026-08-25 13:09:59.986783,78857.02,96272607.80065858,117043966.02020007,-0.09737339132863201,80000.0,1.449433417595536,0.10880954969571774,78000.0,-1.086802417844357,0.11696686022902245,39
2026-08-25 13:20:00.004824,78728.55,96884257.12265816,117934345.66504571,-0.0979900635662846,80000.0,1.6149795722136373,0.10792703825689469,78000.0,-0.9253949170917042,0.11534344695116028,40
2026-08-25 13:30:00.013219,78630.24,96257571.37978676,118077978.85882667,-0.1018048916978443,80000.0,1.742026986055234,0.10725651170072367,78000.0,-0.8015236885961508,0.11523519230037661,40
2026-08-25 13:39:59.991688,79040.19,84416276.92134984,93362234.5689425,-0.05032080408706291,80000.0,1.2143315951037126,0.11042907054563184,78000.0,-1.3160266947738863,0.11700912508030081,39
2026-08-25 13:50:00.007263,78469.75,95158338.60695913,121178216.54304706,-0.12027499429324799,80000.0,1.9501145345818038,0.10224868651996115,78000.0,-0.5986383287827524,0.11862460270500186,40
2026-08-25 14:00:00.059538,78624.26,95635756.87522769,119514467.21790053,-0.11098622110817273,80000.0,1.749765276010229,0.10426426450745717,78000.0,-0.7939788558900207,0.11624039727432497,40
2026-08-25 14:10:00.029383,78930.43,99128786.04860191,118743233.68485078,-0.09002738240663224,80000.0,1.3550794034696168,0.10915350575256096,78000.0,-1.1787975816171192,0.11668726518516773,39
2026-08-25 14:20:00.009082,78938.2,97720415.19392422,119100420.7652786,-0.09860678507566151,80000.0,1.3451028779475571,0.10491279530388063,78000.0,-1.1885246940011251,0.11697792337483834,39
2026-08-25 14:30:00.017606,79203.31,92024623.03975055,93539529.49016929,-0.008163788262792198,80000.0,1.0058796785134438,0.10644673000669734,78000.0,-1.5192673134494017,0.11633118489488807,40
2026-08-25 14:40:00.009704,79103.2,90023195.44109035,93913368.95386454,-0.02114953884003773,80000.0,1.1337088765056347,0.10653202852576228,78000.0,-1.3946338454070117,0.11640730514917688,39
2026-08-25 14:49:59.965171,79201.91,92500559.88991699,93531016.16221915,-0.0055391471392650885,80000.0,1.0076650929251585,0.10656072778740243,78000.0,-1.5175265343979727,0.11602119173627733,40
2026-08-25 15:00:00.045144,79224.11,92636777.89834823,93405518.6708044,-0.004132075268004581,80000.0,0.9793609546386861,0.10677657326400136,78000.0,-1.5451230692272833,0.1157807597253325,40
2026-08-25 15:10:00.008982,79280.3,93703681.48645839,92821781.78747568,0.004728039182980313,80000.0,0.9077917212724884,0.10781635906133014,78000.0,-1.6149030717593216,0.11688140860065757,40
2026-08-25 15:19:59.978323,79213.28,93844251.48464355,93724968.60636744,0.000635940578194184,80000.0,0.9931668023341667,0.10737983250861606,78000.0,-1.5316623677241958,0.11665015739173859,40
2026-08-25 15:30:00.028370,79234.16,94206252.65801063,93896242.4447741,0.001648091978084219,80000.0,0.9665528100506027,0.10760428432748163,78000.0,-1.5576110102006546,0.11649322208479014,40
2026-08-25 15:40:00.010920,79369.64,96455150.95764062,92842931.86745453,0.01908217471765762,80000.0,0.7942079616336972,0.1117659602437301,78000.0,-1.7256472374071463,0.11629500663998722,40
2026-08-25 15:49:59.990465,79317.36,96314535.60521042,93550540.64314206,0.014557679678030563,80000.0,0.8606438741783684,0.11160204038634436,78000.0,-1.6608722226760908,0.1176736776513257,40
2026-08-25 16:00:00.013963,79500.09,92662532.69660453,94271482.3820033,-0.008607046099781203,80000.0,0.6288168981947173,0.11408184337045423,78000.0,-1.8869035242601528,0.11359297669760801,40
2026-08-25 16:09:59.982592,79334.03,96534400.21377212,93798635.77943863,0.014373565892318738,80000.0,0.8394506115471545,0.11165897644681685,78000.0,-1.6815356537415282,0.11761531327360614,40
2026-08-25 16:20:00.009898,79248.73,96336595.87104553,94933374.766652,0.007336337741440345,80000.0,0.9479899551702697,0.11132721799721815,78000.0,-1.5757097937089903,0.11830636297122035,40
2026-08-25 16:30:00.011233,79136.97,95692630.97172946,96691337.36524338,-0.005191214227188721,80000.0,1.090552241259668,0.11171848226126084,78000.0,-1.4367115647718087,0.11919449287023377,39
2026-08-25 16:40:00.018879,79213.74,97040289.78570443,96823620.36834112,0.0011176366823053804,80000.0,0.992580327604764,0.11177503655995774,78000.0,-1.5322341805853457,0.11911117235907466,40
2026-08-25 16:50:00.011621,79273.32,97787284.59878331,96559717.39418826,0.00631636810450749,80000.0,0.9166766321884845,0.11292620030550479,78000.0,-1.6062402836162337,0.11953687892737855,40
2026-08-25 17:00:00.009984,79143.46,96873372.89574969,98547656.50055394,-0.008567571309886451,80000.0,1.0822625141736264,0.11032723962278883,78000.0,-1.4447940486807198,0.1217954144892289,39
2026-08-25 17:09:59.986395,78957.44,105308103.48298545,85605168.7194289,0.10320358839518852,80000.0,1.3204075512073254,0.10903353700110328,78000.0,-1.2126026375728571,0.12209419761971951,39
2026-08-25 17:20:00.008095,78944.42,105207563.69380486,120941866.21979606,-0.06957480517197147,80000.0,1.3371179368978803,0.10769924458386747,78000.0,-1.1963100115245595,0.12060007602600442,39
2026-08-25 17:30:00.020546,78792.29,104325371.41120076,122581712.31445193,-0.0804573422896062,80000.0,1.5327768744886061,0.10547290267830829,78000.0,-1.0055425473735946,0.11980378719823316,39
2026-08-25 17:40:00.014986,79040.75,91085990.7321579,99786863.11817488,-0.04558465077930624,80000.0,1.213614496319937,0.1087972620369257,78000.0,-1.3167258660880643,0.12121353874583637,39
2026-08-25 17:50:00.010315,79194.49,98607484.22486192,99081002.65196209,-0.0023952756914731566,80000.0,1.0171288431808811,0.11040732855784571,78000.0,-1.5082993778986475,0.12132573739979573,40
2026-08-25 18:00:00.009322,79227.97,100021489.35384996,98975415.43331698,0.005256734629374228,80000.0,0.9744412232195243,0.1103462150560284,78000.0,-1.5499198073609666,0.12061273903911227,40
2026-08-25 18:10:00.031208,79260.95,104040260.884033,99110729.95943886,0.024265355064855897,80000.0,0.9324263713720304,0.10916058460491444,78000.0,-1.5908842879122642,0.11918147826176147,40
2026-08-25 18:20:00.017441,79266.7,105258277.17338121,99123037.03360659,0.030018596189087705,80000.0,0.9251047413352698,0.11211442419825465,78000.0,-1.598022877198113,0.1187729576387797,40
2026-08-25 18:30:00.005897,79259.61,104901534.9948296,99416771.54433903,0.026844209622690435,80000.0,0.9341327821320355,0.11203743278612435,78000.0,-1.5892205374212653,0.1186913936669991,40
2026-08-25 18:40:00.009556,79144.3,101217446.80442928,100027884.70597619,0.005911004690270704,80000.0,1.0811896750618777,0.10761361779042601,78000.0,-1.4458400668146743,0.1181853272641747,39
2026-08-25 18:50:00.019077,79203.44,104030546.40502048,99614977.01209457,0.02168262438984114,80000.0,1.0057138932349385,0.11210811497543069,78000.0,-1.519428954095936,0.11841642489746641,40
2026-08-25 19:00:00.019283,79114.66,101926167.2396644,100183688.19850537,0.008621445190692838,80000.0,1.1190593500622903,0.11137867860091195,78000.0,-1.408917133689258,0.11850535309847328,39
2026-08-25 19:10:00.009138,79069.94,100466028.98457351,101018585.64185104,-0.0027424260572055464,80000.0,1.1762497859489907,0.10808570438077765,78000.0,-1.3531564586997336,0.11867764905051367,39
2026-08-25 19:20:00.019227,79220.06,103952710.55984831,99589259.88588399,0.021437596700124757,80000.0,0.9845233644104834,0.11263348202125799,78000.0,-1.5400897196997776,0.1182455938117382,40
2026-08-25 19:30:00.028327,78916.71,110861595.14135036,123032489.92712791,-0.05203592379095103,80000.0,1.3727004078097016,0.10538685686580954,78000.0,-1.1616171023855482,0.12110963495359602,39
2026-08-25 19:40:00.010941,78874.39,110367277.81988978,124011484.33160889,-0.05821434666891752,80000.0,1.427091860868912,0.10422612435085053,78000.0,-1.108585435652809,0.12066763371492252,39
2026-08-25 19:49:59.995988,78755.87,109709901.23202662,128754637.74808903,-0.07986401918505147,80000.0,1.5797298664848691,0.1022268069742952,78000.0,-0.9597633801772476,0.11974783557897531,39
2026-08-25 20:00:00.014402,78917.22,111124663.27323975,123398974.40839136,-0.05233720258004077,80000.0,1.372045289988666,0.10598659439353658,78000.0,-1.1622558422610396,0.12209890482783706,39
2026-08-25 20:10:00.016152,78858.31,110444850.85180372,124241510.14996979,-0.05878764849935956,80000.0,1.4477738617528102,0.10475145033256324,78000.0,-1.0884204847910084,0.12181441362592625,39
2026-08-25 20:19:59.994738,78954.49,111520082.36168319,88042426.19990583,0.11764562557867268,80000.0,1.3241932156106584,0.10631309259354561,78000.0,-1.2089116147796064,0.12205262829324744,39
2026-08-25 20:30:00.014827,78766.36,109961671.59346408,128663119.39777365,-0.07837177238217588,80000.0,1.5662016119571742,0.10181841160805002,78000.0,-0.9729534283417496,0.11949150989489025,39
2026-08-25 20:40:00.013714,78580.19,106168330.65113497,131513172.37248275,-0.10663363113632505,80000.0,1.8068294311835986,0.10180034898188223,78000.0,-0.7383413045959797,0.12284972552045148,40
2026-08-25 20:50:00.012660,78213.97,103422228.75630571,135102171.0925389,-0.13281635906560962,80000.0,2.283517893286846,0.09463207515641044,78000.0,-0.27357005404533563,0.12508391173122052,39
2026-08-25 21:00:00.016418,78193.1,102811632.99825507,135451286.05584568,-0.13699006621411927,80000.0,2.310817706421653,0.09457043561938272,78000.0,-0.24695273623888125,0.12537999524958254,39
2026-08-25 21:09:59.943300,77968.1,113390222.48489407,96254303.15129793,0.08173797661348463,78000.0,0.04091416874336673,0.1240122885077545,75000.0,-3.8068132992852277,0.11564374308361333,39
2026-08-25 21:20:00.008170,78437.06,106876059.87169513,127646469.03144872,-0.08856466479743455,80000.0,1.9926040063204864,0.09750269661301267,78000.0,-0.5572110938375285,0.12291622614226182,40
2026-08-25 21:30:00.008774,78449.69,107249216.82162288,127428173.80492339,-0.08598594406315127,80000.0,1.976183717233293,0.09746376449325457,78000.0,-0.5732208756975332,0.12214862703467555,40
2026-08-25 21:39:59.977721,78595.98,106088814.57847548,130771440.80984536,-0.10420754715012834,80000.0,1.7863763515640452,0.1006650168642926,78000.0,-0.7582830572250621,0.12016303287001459,40
2026-08-25 21:50:00.008343,78614.16,107168197.79800016,130400444.57319158,-0.09779172260828912,80000.0,1.7628376363749254,0.10085288972393079,78000.0,-0.7812333045344566,0.11982001931649583,40
2026-08-25 22:00:00.043174,78552.81,105146686.11398543,131245680.54797198,-0.11040540268928511,80000.0,1.8423147434191156,0.10041434524685834,78000.0,-0.7037431251663673,0.12035125311992863,40
2026-08-25 22:10:00.032136,78799.4,109678835.27925324,126892817.36320005,-0.07276434810202498,80000.0,1.5236156620481944,0.10174105125639797,78000.0,-1.014474729503012,0.1186480080636946,39
2026-08-25 22:20:00.010905,78910.19,110592523.44074753,122074153.30922072,-0.04934797723875065,80000.0,1.3810763856987318,0.10385331945321337,78000.0,-1.1534505239437443,0.11569992596732974,39
2026-08-25 22:29:59.992203,78633.32,107184456.43975234,130654395.92997715,-0.09868000646816064,80000.0,1.7380418377349383,0.10074853858536564,78000.0,-0.8054092082084408,0.11979478543551554,40
2026-08-25 22:40:00.007616,78791.93,109360484.16407031,127753300.02498479,-0.07756957666471874,80000.0,1.5332407773232637,0.10042548460776586,78000.0,-1.0050902421098074,0.1175172989981067,39
2026-08-25 22:50:00.032923,78854.72,110912715.7651751,123803825.4503375,-0.05492203326788973,80000.0,1.4523924503187624,0.10287237325721331,78000.0,-1.0839173609392017,0.11916228686993172,39
2026-08-25 22:59:59.995085,78874.26,110964455.35858583,122390092.98798774,-0.04896256666243666,80000.0,1.4272590322875978,0.10328236546692479,78000.0,-1.1084224435195855,0.1156914591602105,39
2026-08-25 23:10:00.000737,78826.92,110519305.49124363,126682524.94510782,-0.06814120879308001,80000.0,1.4881718072963013,0.10130262071899161,78000.0,-1.0490324878861146,0.11799500992832569,39
2026-08-25 23:20:00.009507,78785.8,109130250.97003762,127818833.5275765,-0.07887172299974453,80000.0,1.5411406624036283,0.10159747980527997,78000.0,-0.9973878541564618,0.11913427780422954,39
2026-08-25 23:29:59.993561,78721.43,108561708.38141346,128750254.10353944,-0.08507175749054817,80000.0,1.6241701910140627,0.10090988323082978,78000.0,-0.9164340637612844,0.1191774695062459,40
2026-08-25 23:40:00.002612,78631.91,107930916.84626867,130554183.35901567,-0.09486238969760895,80000.0,1.7398661688365458,0.10008413134513135,78000.0,-0.8036304853843768,0.11909266824702885,40
2026-08-25 23:49:59.971026,78475.27,108379825.20240116,127137351.96367198,-0.07964398600125924,80000.0,1.9429432992075002,0.09724377469333932,78000.0,-0.6056302832726845,0.12215394827601929,40
2026-08-26 00:00:00.001670,78523.77,104143382.00534335,131578057.70137955,-0.11638600090924929,80000.0,1.8799785084185228,0.09740188659367315,78000.0,-0.6670209542919303,0.12137582751535117,40
2026-08-26 00:10:00.033076,78354.18,106125893.80849624,132912366.30605772,-0.11205935185741664,80000.0,2.1004878106056557,0.09215586741722125,78000.0,-0.45202438465949957,0.117445495258842,40
2026-08-26 00:20:00.018850,78519.85,104229657.29398589,131990886.15824509,-0.11752250019640283,80000.0,1.8850647320390879,0.09639594115905634,78000.0,-0.6620618862618888,0.12107020964553197,40
2026-08-26 00:30:00.010577,78581.86,106599049.31903556,131518206.55417389,-0.10465078284123625,80000.0,1.8046658605433974,0.10000613179266366,78000.0,-0.7404507859701925,0.1209603409276721,40
2026-08-26 00:40:00.031920,78380.7,107775773.54490677,132727860.29469755,-0.10374931285417388,80000.0,2.0659422536415173,0.09542429589661874,78000.0,-0.48570630269951787,0.12277066191762807,40
2026-08-26 00:49:59.969255,78523.99,106086322.57997334,131765440.32150245,-0.1079626967161309,80000.0,1.879693072142663,0.09957484716948023,78000.0,-0.6672992546609025,0.12148641286171138,40
2026-08-26 01:00:00.009096,78627.12,107695207.58255237,130917433.76961318,-0.09732186046583927,80000.0,1.7460642078712896,0.10024496639944094,78000.0,-0.7975873973254943,0.12104544247844985,40
2026-08-26 01:10:00.020452,78795.18,111718498.2654045,127658291.7810311,-0.06658871778059403,80000.0,1.5290529192268032,0.10094900952839664,78000.0,-1.0091734037538713,0.11860475245370236,39
2026-08-26 01:20:00.010668,78848.17,112275467.04429987,124026345.01236965,-0.04972826008313343,80000.0,1.460820206734037,0.10233476653874221,78000.0,-1.0757002984343234,0.11922941516392223,39
2026-08-26 01:29:59.959821,78704.63,109818434.78822729,130589807.62959924,-0.08640041885615372,80000.0,1.6458625115193248,0.10081407828024559,78000.0,-0.8952840512686522,0.12018589580998044,40
2026-08-26 01:39:59.985926,78892.06,114503384.13123533,123828054.46539354,-0.03912480195254486,80000.0,1.404374534015207,0.10591140469637879,78000.0,-1.1307348293351671,0.11909140766541096,39
2026-08-26 01:50:00.003932,78826.43,113746831.87871692,125170608.76812038,-0.047814746627433735,80000.0,1.488802676970158,0.10434140792975206,78000.0,-1.0484173899540927,0.11858173667523493,39
2026-08-26 02:00:00.023607,78804.84,113860342.3524639,125305808.22857738,-0.04785570971605861,80000.0,1.5166073555888282,0.10396688179258697,78000.0,-1.0213078283008992,0.11861522853157812,39
2026-08-26 02:10:00.027026,78739.99,111427946.84084353,128886363.48948398,-0.07264826062435789,80000.0,1.6002161036596352,0.09969828905722157,78000.0,-0.9397892989318479,0.11883783466685366,40
2026-08-26 02:20:00.002348,78887.0,114803712.80193359,123627716.31526175,-0.03700855858642249,80000.0,1.4108788520288407,0.1058954813327134,78000.0,-1.1243931192718715,0.11946266465388909,39
2026-08-26 02:29:59.983847,79219.47,108489452.28685586,102437520.19284466,0.028692073009266926,80000.0,0.9852754632162952,0.11135716783875726,78000.0,-1.5393564233641022,0.11562367696055273,40
2026-08-26 02:40:00.001810,79168.42,105757942.1770976,102996984.64221728,0.013225831729806483,80000.0,1.0503935786516871,0.11015102272241374,78000.0,-1.4758662608145956,0.11488823386881744,40
2026-08-26 02:50:00.037582,79107.88,104892664.75400943,105675610.2250058,-0.0037182499171558797,80000.0,1.1277258346450436,0.10865104487767305,78000.0,-1.4004673112210875,0.11841060471831215,39
2026-08-26 03:00:00.042868,79094.64,104857431.56048018,105851566.49409327,-0.00471804689306914,80000.0,1.144654049882532,0.10858681873057814,78000.0,-1.3839623013645386,0.11823947132017211,39
2026-08-26 03:10:00.011492,79037.92,98997406.73722725,106459064.81478244,-0.03631746433290778,80000.0,1.2172385103251804,0.10711945983634383,78000.0,-1.3131924524329541,0.11752150980966465,39
2026-08-26 03:20:00.029778,78983.39,117480408.65009148,88013564.87336306,0.14339517247869632,80000.0,1.2871187220502955,0.10603672070326871,78000.0,-1.2450592460009569,0.11809253589843195,39
2026-08-26 03:30:00.018923,79028.27,97956222.45294136,106882619.2736674,-0.0435776571742179,80000.0,1.2295979653863087,0.10699617209744837,78000.0,-1.301141983748355,0.1176266043516016,39
2026-08-26 03:40:00.014852,79032.89,98931901.38664906,106737774.65452865,-0.03795344757735095,80000.0,1.2236804196328999,0.106729444700173,78000.0,-1.3069115908579287,0.11710630113263984,39
2026-08-26 03:49:59.980196,78965.67,118427326.23152842,87489760.17784959,0.1502428311955265,80000.0,1.3098476844431328,0.1057664020839519,78000.0,-1.2228985076679466,0.11766561988446557,39
2026-08-26 04:00:00.012761,79072.73,105586973.50937556,105889844.44611594,-0.001432170862359615,80000.0,1.1726798859733378,0.1077424550554986,78000.0,-1.3566371111759956,0.11734896332793229,39
2026-08-26 04:10:00.020868,79133.66,106608421.75188716,105018402.76331133,0.007513314969490742,80000.0,1.0947806533907256,0.10864418331338364,78000.0,-1.4325888629440398,0.11662974296237302,39
2026-08-26 04:20:00.019258,79121.88,106198000.36789542,105468115.26768836,0.0034482850408785863,80000.0,1.109832071735406,0.10827810081295876,78000.0,-1.4179137300579847,0.11659255386183875,39
2026-08-26 04:30:00.012778,79000.28,98106032.52147,108313385.19700304,-0.04944957595730859,80000.0,1.2654638692419784,0.10507547503792398,78000.0,-1.2661727274890677,0.116319960972459,39
2026-08-26 04:39:59.952339,78927.04,118288498.52195045,122465986.22945464,-0.017351650632044156,80000.0,1.3594327115270088,0.10319995756782009,78000.0,-1.174553106261167,0.11682687534595147,39
2026-08-26 04:50:00.030464,78849.69,116681314.73358619,124892778.85808286,-0.03399149305461722,80000.0,1.4588643278115487,0.10135130103344739,78000.0,-1.07760728038373,0.11723281170134621,39
2026-08-26 05:00:00.009541,78818.5,116673262.97444649,126837298.53156173,-0.041739608722738956,80000.0,1.4990135564620033,0.10045835423874193,78000.0,-1.0384617824495512,0.12139589914120412,39
2026-08-26 05:09:59.987533,78796.0,116421016.58103904,127162505.56910369,-0.04409776528908096,80000.0,1.527996344992122,0.10044786446145788,78000.0,-1.0102035636326723,0.12171302881655786,39
2026-08-26 05:20:00.010856,78743.96,115934068.4107438,128152310.84611842,-0.05005704321795381,80000.0,1.5950937697316592,0.09930026365752381,78000.0,-0.9447835745116318,0.12296653670984956,40
2026-08-26 05:30:00.036801,79010.36,98143804.67541194,111453980.70157686,-0.06350341919035471,80000.0,1.2525446030115628,0.10396964955054108,78000.0,-1.2787690120637296,0.11689988039651501,39
2026-08-26 05:39:59.975724,79062.06,110400981.80674377,109678700.78849547,0.003281906851786459,80000.0,1.1863338749331875,0.11030828540731848,78000.0,-1.3433244719401438,0.11415264699066761,39
2026-08-26 05:50:00.006218,79048.53,109622419.05383812,109709962.92187133,-0.000399137907702615,80000.0,1.2036529964567277,0.10961141271678798,78000.0,-1.3264383284546821,0.11412210234541001,39
2026-08-26 06:00:00.006274,79072.45,109774305.89143689,109524395.37104726,0.0011395896051865223,80000.0,1.1730381441323878,0.10978042393654491,78000.0,-1.3562878094709352,0.11366834325473806,39
2026-08-26 06:09:59.982534,79152.71,112086880.87145115,107817869.29063168,0.019413003028233622,80000.0,1.0704497672916036,0.11235773176959842,78000.0,-1.4563114768906926,0.11359245643484912,39
2026-08-26 06:20:00.004492,78882.05,119397287.7403321,125873289.67215998,-0.026403500983065948,80000.0,1.4172425792686738,0.09996592683253461,78000.0,-1.1181884852130564,0.1206279972944888,39
2026-08-26 06:29:59.994939,78888.17,120991876.85029945,125500004.55115917,-0.018289152872817696,80000.0,1.409374815007114,0.09917714773833891,78000.0,-1.1258595553680584,0.1193860573306905,39
2026-08-26 06:40:00.004939,78856.23,123743834.413926,126314046.423632,-0.01027846833340016,80000.0,1.450449761547068,0.09968220069406217,78000.0,-1.0858114824916165,0.11827434742485793,39
2026-08-26 06:50:00.020261,78876.15,125257264.23519881,125337769.75988118,-0.00032125746228456147,80000.0,1.4248286712777114,0.0991272094668848,78000.0,-1.1107920455042386,0.11731336988259715,39
2026-08-26 07:00:00.058973,78932.05,132640236.1372602,122226030.79733038,0.040861450458653845,80000.0,1.3529991936102048,0.10151739061854656,78000.0,-1.1808257862300553,0.11487801385746971,39
2026-08-26 07:10:00.008731,78920.34,133677278.80781908,122012755.99294756,0.04561977874484041,80000.0,1.3680376947184936,0.10183169285785548,78000.0,-1.1661632476494654,0.11467996540747882,39
2026-08-26 07:20:00.017921,78953.9,137537083.23362154,85308622.29204859,0.23437050679693996,79000.0,0.058388502657891195,0.10342467614932092,78000.0,-1.20817337712259,0.11362170023974298,39
2026-08-26 07:30:00.016920,78930.73,139214182.6247261,121156166.41196406,0.06935511773737868,79000.0,0.08776049581702416,0.10931877807953135,78000.0,-1.1791731813452055,0.11280577897258168,39
2026-08-26 07:40:00.008167,78989.43,147421018.66314042,82829477.38206768,0.2805272622230991,79000.0,0.013381537251255793,0.12584008637960714,78000.0,-1.2526106341063548,0.11292978203543648,39
2026-08-26 07:50:00.026666,78983.37,161890825.59556812,82629867.01224549,0.3241482663001007,79000.0,0.021055065135877626,0.1579065821013323,78000.0,-1.2450342394861091,0.10877202144535102,39
2026-08-26 08:00:00.011901,78910.82,117155779.12712452,121649060.53538245,-0.01881570496899519,80000.0,1.3802669900021325,0.1149594707038667,78000.0,-1.1542396847479264,0.12593993622534458,39
2026-08-26 08:09:59.941396,79040.39,99170774.31046571,99927145.0007069,-0.0037989884216672637,80000.0,1.2140754872287385,0.11135199425355469,78000.0,-1.3162763999519767,0.12323758448544289,39
2026-08-26 08:19:59.986351,78984.97,116095455.07469788,84080263.96491621,0.159935437041922,80000.0,1.2850925941986224,0.11022357952094212,78000.0,-1.2470347206563481,0.12583100410762985,39
2026-08-26 08:29:59.998586,78974.14,116151311.49365532,84904929.72440092,0.15541115053158697,80000.0,1.2989821731518747,0.10994597101787905,78000.0,-1.233492381176926,0.1256873578996742,39
2026-08-26 08:39:59.991050,78908.12,117156852.77491543,120152044.19890195,-0.012621488120257826,80000.0,1.3837359197000243,0.10913952487841698,78000.0,-1.1508574782924663,0.12496805215751695,39
2026-08-26 08:50:00.017981,78903.36,116974748.14880818,120198747.7213673,-0.013593422657664403,80000.0,1.3898520924837676,0.10907228046822492,78000.0,-1.1448942098283288,0.12536121592936791,39
2026-08-26 09:00:00.007884,78692.19,112859393.29212637,124044092.08025938,-0.047212048275912515,80000.0,1.6619311268373682,0.10657414295585502,78000.0,-0.8796171513335671,0.13067154396112657,40
2026-08-26 09:10:00.058711,78792.92,115020071.15281528,124192187.3048904,-0.038343002199014826,80000.0,1.5319650547282793,0.10776344521335625,78000.0,-1.006334071639936,0.12807228582537103,39
2026-08-26 09:20:00.016911,78464.21,110040443.4042469,126959176.66139889,-0.0713871745974349,80000.0,1.9573127671839163,0.1013686833538349,78000.0,-0.5916200519956893,0.1325475110062207,40
2026-08-26 09:30:00.012529,78516.42,106694250.28585637,126698747.936369,-0.085711644320475,80000.0,1.8895155943177366,0.10328399703968327,78000.0,-0.6577222955402195,0.1307036177630133,40
2026-08-26 09:39:59.997440,78475.04,110293692.13323066,126936399.35113537,-0.07015428402767153,80000.0,1.9432420805392425,0.10237748665696264,78000.0,-0.6053389714742341,0.13308264596474204,40
2026-08-26 09:50:00.009759,78411.92,110303803.56234172,127118035.85893255,-0.07082007425086181,80000.0,2.0253043159764506,0.10222740826462236,78000.0,-0.5253282919229552,0.13379428264591453,40
2026-08-26 09:59:59.982950,78431.71,110419527.62410694,127129613.74334316,-0.07034370245686729,80000.0,1.9995611468881513,0.1022265002098916,78000.0,-0.5504278817840436,0.1336485830081902,40
2026-08-26 10:10:00.039211,78344.66,109217600.4235321,129012527.48437493,-0.08309161916117924,80000.0,2.1128944844485797,0.09798762490284303,78000.0,-0.439927877662627,0.1284379139216134,40
2026-08-26 10:20:00.019838,78519.83,109732992.79917894,128561212.05155857,-0.07901249325040542,80000.0,1.8850906834617431,0.10617277127473541,78000.0,-0.6620365836248032,0.1343907841503275,40
2026-08-26 10:30:00.016098,78610.06,113619522.44609466,126725341.31137419,-0.05452922380111506,80000.0,1.7681451966834905,0.10589976475130446,78000.0,-0.7760584332336062,0.13010149261537948,40
2026-08-26 10:40:00.006102,78726.58,114720052.008921,125157954.26217277,-0.04351337755181928,80000.0,1.6175223158430008,0.1064812429156726,78000.0,-0.9229157420530654,0.13014757116038286,40
2026-08-26 10:49:59.978151,78818.87,118335309.4611824,121916579.91430071,-0.014906315460942078,80000.0,1.4985370888976224,0.10840885678467811,78000.0,-1.0389263383248193,0.12826636411365738,39
2026-08-26 11:00:00.023428,78707.54,114575362.47132383,125170398.4039874,-0.04419279779538586,80000.0,1.642104428622737,0.10625647745629796,78000.0,-0.8989481820928402,0.13013866710966984,40
2026-08-26 11:10:00.014283,78663.68,114010708.3959962,127157493.4881168,-0.05451292910678972,80000.0,1.6987763603228512,0.10567588565578405,78000.0,-0.8436930486852345,0.13445269746479088,40
2026-08-26 11:19:59.984576,78655.12,113367234.1918019,127283496.86132199,-0.05782763513171315,80000.0,1.709844190689691,0.1058094593252997,78000.0,-0.8329019140775551,0.13462264484744305,40
2026-08-26 11:29:59.999999,78610.43,113063315.71067956,129342049.82500328,-0.06715500739164719,80000.0,1.7676661990018383,0.10523939622007226,78000.0,-0.7765254559731982,0.13411411936689407,40
2026-08-26 11:40:00.011008,78377.08,110379405.16045788,131233609.83915384,-0.08631242269266609,80000.0,2.0706563704593117,0.10129934810467975,78000.0,-0.4811100388021572,0.13792643875606955,40
2026-08-26 11:50:00.008102,78370.46,110196033.35737312,131374632.93728203,-0.08767041091850271,80000.0,2.0792783403338344,0.1017678273980336,78000.0,-0.4727036181745081,0.13874922488830443,40
2026-08-26 12:00:00.014546,78470.16,112285802.37783521,125922532.79150407,-0.05724707493536982,80000.0,1.9495818537900167,0.1060226557681056,78000.0,-0.5991576925547304,0.13617533759391406,40
2026-08-26 12:10:00.032411,78410.86,111054598.37065516,127013828.99923357,-0.06703631726765025,80000.0,2.0266835486818957,0.10268439980111728,78000.0,-0.5239835400351445,0.1374275423616392,40
2026-08-26 12:20:00.049649,78371.47,111146659.17319456,131458787.59072766,-0.0837249480111578,80000.0,2.0779628096806224,0.10128508678270592,78000.0,-0.4739862605613987,0.13771366003435406,40
2026-08-26 12:30:00.010126,78687.52,113800390.98922423,129254071.7537727,-0.06358114387263496,80000.0,1.6679646276817506,0.102416628509491,78000.0,-0.8737344880103026,0.13396026292896918,40
2026-08-26 12:39:59.980490,78221.88,108910051.15919358,133886676.27451184,-0.10287051798149967,80000.0,2.273174717866655,0.09590748465987213,78000.0,-0.2836546500800119,0.13888004793153325,39
2026-08-26 12:50:00.032668,78305.05,110320282.20007268,133279012.19371358,-0.09424793306883458,80000.0,2.1645474972559198,0.09734942887961245,78000.0,-0.3895661901754832,0.13588712328425742,39
2026-08-26 13:00:00.010397,78305.13,109898156.57631028,133200676.21246517,-0.09585615598739655,80000.0,2.164443121414905,0.09678782707296539,78000.0,-0.3896679566204764,0.1355822825301742,39
2026-08-26 13:10:00.022334,78103.52,104999306.1918616,137458378.68449163,-0.13387520593205066,80000.0,2.428162008575274,0.09515549789488727,78000.0,-0.13254204163910543,0.13841322635393405,39
2026-08-26 13:20:00.010177,78131.08,106094575.4458135,135167947.7861212,-0.12050513254542382,80000.0,2.392031442545006,0.09558027129184134,78000.0,-0.16776934351860895,0.13875791982348815,39
2026-08-26 13:30:00.025030,78039.66,75726500.45220852,135037993.94787896,-0.28141121997086155,80000.0,2.51197916546535,0.09552573553037441,78000.0,-0.05082031367128481,0.13874400222774397,39
2026-08-26 13:39:59.965515,78377.18,110950001.3039827,132063308.76324981,-0.08688128009706901,80000.0,2.0705261403893394,0.10069572276335127,78000.0,-0.4812370131203947,0.13718479417776658,40
2026-08-26 13:50:00.016093,78367.56,112796100.96644771,132440651.07854697,-0.08010442948818286,80000.0,2.0830557950253903,0.09675566716407136,78000.0,-0.469020599850245,0.1316625042089975,40
2026-08-26 14:00:00.007644,78440.32,114125042.3884125,131427382.34066582,-0.07046291630531949,80000.0,1.9883651673016978,0.09736046280353758,78000.0,-0.5613439618808336,0.1359577290698308,40
2026-08-26 14:10:00.012493,78542.38,112021709.3781645,132836398.34463508,-0.08500714622051478,80000.0,1.8558388477660115,0.10368784972367315,78000.0,-0.6905571234281482,0.13647817483988037,40
2026-08-26 14:20:00.005841,78508.16,112149579.50582004,134312713.12310386,-0.08992504849678104,80000.0,1.9002355933446902,0.10338550704489359,78000.0,-0.6472702964889332,0.13977893589383872,40
2026-08-26 14:30:00.031917,78230.08,110949836.84927493,135970805.28970873,-0.10133202402069853,80000.0,2.2624545443389543,0.09887473587722177,78000.0,-0.294106819269524,0.1411462435667327,39
2026-08-26 14:40:00.008929,78142.15,108277197.66509247,142352883.30980542,-0.13596007914199987,80000.0,2.3775260854737246,0.09411226502960668,78000.0,-0.18191206666311466,0.1508814276692114,39
2026-08-26 14:50:00.028687,77973.89,130825144.44524655,91110997.07401726,0.17894402912191815,78000.0,0.03348556805360392,0.1484186401537084,75000.0,-3.813956184563827,0.10837601664851351,39
2026-08-26 15:00:00.019090,77780.48,129022879.59456682,114701120.29122049,0.05876220359938999,78000.0,0.28223019451667497,0.14648153980746836,75000.0,-3.5747786591185826,0.11365181939324859,39
2026-08-26 15:10:00.015902,77921.22,133503810.07105464,92543524.64739099,0.18120224896560683,78000.0,0.10110211313425488,0.14839737691221713,75000.0,-3.7489402758324353,0.10680269466359053,39
2026-08-26 15:19:59.958214,77779.12,131171296.30221127,114677448.03120956,0.06708941432962011,78000.0,0.28398367068180885,0.14764963273433374,75000.0,-3.5730926243444205,0.11305911590243235,39
2026-08-26 15:29:59.990798,78145.3,111197107.65940067,143649696.0299832,-0.1273415554002273,80000.0,2.373399295926948,0.10146261028046138,78000.0,-0.18593568647122805,0.15272505009993784,39
2026-08-26 15:40:00.009380,77994.89,136534690.05656767,91946698.84085447,0.19514933549240288,78000.0,0.006551711272373417,0.14988426900261284,75000.0,-3.839854123776565,0.10758244480629589,39
2026-08-26 15:49:59.997522,78129.43,111726048.45632188,144103926.59740046,-0.12656014266615737,80000.0,2.39419383963253,0.10122228261126727,78000.0,-0.1656610063582864,0.1525294026754758,39
2026-08-26 16:00:00.008237,78003.92,80305311.5049193,147808965.4161198,-0.295920337921535,80000.0,2.558948319520349,0.09910006398910758,78000.0,-0.005025388467649883,0.15414737119566638,39
2026-08-26 16:10:00.025386,78124.92,112662122.78324315,146410100.54227853,-0.13026474751263234,80000.0,2.400104857707386,0.09992439696795272,78000.0,-0.15989776373530606,0.15511009963393826,39
2026-08-26 16:20:00.030644,78037.22,81541246.31472917,148086097.56277895,-0.28979497878766264,80000.0,2.5151844209724494,0.09930181150437116,78000.0,-0.047695189551855144,0.1550223985605275,39
2026-08-26 16:30:00.012551,78052.6,81706383.57580577,148253951.5271883,-0.2893871585357421,80000.0,2.4949841517130755,0.09960924948553034,78000.0,-0.06739045207976302,0.1553940756224088,39
2026-08-26 16:40:00.001188,77964.63,138056463.07164,92030185.77462862,0.20003888764429628,78000.0,0.04536672591146651,0.15840818405447618,75000.0,-3.802531994315894,0.10134978470484263,39
2026-08-26 16:49:59.981687,78084.38,82236195.48682961,149869058.14865658,-0.2913887626518019,80000.0,2.4532691429451026,0.09922720450164302,78000.0,-0.10806258562853222,0.15899636307990675,39
2026-08-26 17:00:00.009687,77988.89,140682591.57350597,91908710.32573503,0.2096977868454422,78000.0,0.014245618831099094,0.15798502156050048,75000.0,-3.832456135739337,0.10078210296680934,39
2026-08-26 17:09:59.981909,78086.13,83139437.49504982,150413204.53804898,-0.28804541219219093,80000.0,2.450973047326066,0.0991296668156177,78000.0,-0.1103012788570834,0.15936521610070858,39
2026-08-26 17:20:00.012885,78243.56,118372559.7498051,144749371.12438726,-0.1002455830532569,80000.0,2.2448365079503096,0.1036791935604857,78000.0,-0.31128440474844643,0.1602968195513678,39
2026-08-26 17:30:00.018705,78514.0,124070554.30677086,141268193.52845362,-0.06481390057799813,80000.0,1.8926560868125497,0.11186559301965808,78000.0,-0.654660315357769,0.1555926902260098,40
2026-08-26 17:40:00.053126,78531.88,124026605.33417296,143411401.60250375,-0.07248332610002088,80000.0,1.8694573464941744,0.11109740242617087,78000.0,-0.67727908716817,0.15368284620000847,40
2026-08-26 17:50:00.013867,78395.42,123346001.67779726,140196855.31134745,-0.06393970918454557,80000.0,2.046777732678784,0.1067613284826688,78000.0,-0.5043917106381968,0.1548006716452728,40
2026-08-26 18:00:00.031789,78432.06,123799109.80846313,139829717.61870906,-0.06080749198292591,80000.0,1.999105977836102,0.10748945849379075,78000.0,-0.5508716716097983,0.15522811837154327,40
2026-08-26 18:10:00.014434,78517.52,124453552.2661919,143497240.19132167,-0.07107158650463535,80000.0,1.8880881617249212,0.11020245043300905,78000.0,-0.6591140423181985,0.15457238662629813,40
2026-08-26 18:20:00.012160,78546.91,124715785.96876529,143553477.7702698,-0.07021934432201411,80000.0,1.8499645625779548,0.10950206814287931,78000.0,-0.6962845514865035,0.15377106086613643,40
2026-08-26 18:30:00.020158,78467.29,128028537.36784163,139585197.0643127,-0.043184105333730245,80000.0,1.953310736231617,0.10631669221294561,78000.0,-0.5955220321741672,0.1545144835601243,40
2026-08-26 18:40:00.009507,78384.96,122984803.99608095,142421065.24790454,-0.07323222092709634,80000.0,2.0603952594987485,0.1036789115205164,78000.0,-0.4911146219887197,0.15496932369988506,40
2026-08-26 18:50:00.021040,78400.84,123622878.3951063,142259770.60186395,-0.0700944280383261,80000.0,2.0397230437837255,0.10643920676535802,78000.0,-0.5112700323108732,0.15879334601539258,40
2026-08-26 19:00:00.000551,78469.76,126552947.27664265,139636718.0243799,-0.04915206130539057,80000.0,1.9501015423011525,0.10723878143152131,78000.0,-0.5986509962563891,0.15591826662282432,40
2026-08-26 19:10:00.011809,78392.37,123511055.4653298,142269839.53451362,-0.07057988148168015,80000.0,2.0507480511177345,0.10645860897925373,78000.0,-0.5005206501602077,0.15883046693585343,40
2026-08-26 19:20:00.021868,78404.21,123577873.9504989,142212372.68364257,-0.07010979134533081,80000.0,2.035337133044246,0.10321631496351491,78000.0,-0.5155462952818546,0.1546018636824319,40
2026-08-26 19:30:00.014733,78525.38,125129563.15641108,141550679.4078189,-0.06157605112967003,80000.0,1.8778896708299797,0.1100925965864867,78000.0,-0.6690575709407676,0.15568947857364046,40
2026-08-26 19:40:00.013634,78408.24,123411429.74665546,142487784.4629907,-0.07174280214793953,80000.0,2.0300927555573223,0.10329661942301371,78000.0,-0.5206595633316158,0.15490388494542756,40
2026-08-26 19:50:00.009927,78471.79,128428209.35937113,137421584.9795215,-0.033828785320352966,80000.0,1.9474641778912005,0.10991817299990743,78000.0,-0.6012224265560806,0.1597863562634081,40
2026-08-26 20:00:00.013449,78463.36,128935986.63204008,137872883.51080722,-0.03349550138262791,80000.0,1.9584172790968912,0.10962765756731782,78000.0,-0.5905431528805294,0.1593640384505763,40
2026-08-26 20:09:59.970995,78472.22,129034198.4258573,139391337.19593263,-0.03858477453005243,80000.0,1.9469055418592784,0.10918390813053351,78000.0,-0.6017670966872113,0.15905528281736614,40
2026-08-26 20:20:00.013850,78407.91,123536543.79846618,143010193.23291868,-0.07305904267047755,80000.0,2.030522175632532,0.10287727001002027,78000.0,-0.5202408787582824,0.15582392006175408,40
2026-08-26 20:30:00.011327,78394.83,123780984.9584074,142708479.49789715,-0.07102530142460182,80000.0,2.047545737391099,0.10621404738213336,78000.0,-0.5036429060436776,0.16088409751615634,40
2026-08-26 20:39:59.995816,78367.03,123560987.12467808,142946718.9478329,-0.07273985472630348,80000.0,2.0837461876505925,0.10610958824150092,78000.0,-0.468347467040664,0.16104642790594148,40
2026-08-26 20:49:59.986892,78382.45,123990410.46380693,142891775.77753195,-0.07082288098701615,80000.0,2.0636634858951286,0.10558410868236673,78000.0,-0.48792810125225516,0.16024888823644862,40
2026-08-26 21:00:00.026395,78446.35,128814673.65157107,139467999.23546812,-0.03970933146466247,80000.0,1.9805255438908098,0.10904151500005044,78000.0,-0.5689875947064493,0.15984625034350558,40
2026-08-26 21:09:59.993465,78609.3,129053892.55303857,140461847.1815047,-0.042327600754235264,80000.0,1.76912909795659,0.11387133347915504,78000.0,-0.7750991294923182,0.15695760471012757,40
2026-08-26 21:20:00.010950,78759.86,133245899.44973966,136992643.27141577,-0.013864579729998648,80000.0,1.5745838044912697,0.11697700611238089,78000.0,-0.9647807906210115,0.15177985170738442,39
2026-08-26 21:29:59.981500,78761.2,133809849.50631359,139183729.32866603,-0.01968500447990707,80000.0,1.5728556700507434,0.11590917154401406,78000.0,-0.9664657217005268,0.153781317332885,39
2026-08-26 21:39:59.989976,78778.84,134091228.35541022,138463491.8340313,-0.016041782272499683,80000.0,1.5501116797353331,0.11583595579727564,78000.0,-0.9886411122580596,0.15367880918710142,39
2026-08-26 21:50:00.002287,78696.22,131982782.51281996,139488999.49692476,-0.027650081818947046,80000.0,1.6567250625252328,0.11324161278418661,78000.0,-0.8846930640378892,0.15510372711665887,40
2026-08-26 22:00:00.014375,78723.07,132512559.0473114,139623366.02351946,-0.026129615097151466,80000.0,1.6220531033660057,0.11286591203433,78000.0,-0.918498224218145,0.154750103603613,40
2026-08-26 22:10:00.057335,78794.19,134678849.66118068,138191756.92460263,-0.012873893994579397,80000.0,1.5303285686419255,0.11600278498622991,78000.0,-1.0079296455741238,0.15330800115306858,39
2026-08-26 22:20:00.003701,78884.23,139917151.65784073,131851695.32548419,0.0296776338490755,80000.0,1.4144398696672278,0.11916847992128299,78000.0,-1.120921127074448,0.14874122438155307,39
2026-08-26 22:29:59.980986,78823.33,136359224.39951098,138189111.7221071,-0.006665082544100862,80000.0,1.4927940750536717,0.11557207988715675,78000.0,-1.04452577682268,0.1527578688913025,39
2026-08-26 22:40:00.004856,78599.91,129998684.23737821,141443761.38443285,-0.04216391847206008,80000.0,1.7812870269189762,0.11169737449170879,78000.0,-0.7632451487539882,0.1583494011189772,40
2026-08-26 22:50:00.022945,78606.2,130024249.27861467,142405166.06184527,-0.04544632879587525,80000.0,1.7731425765397768,0.11143362341434024,78000.0,-0.7711859878737237,0.15831724523191887,40
2026-08-26 23:00:00.029965,78696.03,131116912.07866454,141479767.97367984,-0.03801534154056979,80000.0,1.656970497749377,0.11245036971056178,78000.0,-0.8844537646943595,0.15909720265859495,40
2026-08-26 23:10:00.009917,78681.71,132149371.57460989,141237544.74787816,-0.03324289726633383,80000.0,1.6754719743635293,0.1124174731805793,78000.0,-0.8664148249955539,0.15841398472459775,40
2026-08-26 23:19:59.973773,78717.64,135088368.1944543,138676680.18098176,-0.013107268469152795,80000.0,1.6290630664232308,0.11551006332595387,78000.0,-0.9116635102373483,0.1580562061525258,40
2026-08-26 23:30:00.040115,78858.2,140324742.46011156,133759190.18256465,0.023954531789743532,80000.0,1.4479153721490112,0.1182275952260815,78000.0,-1.0882825121547257,0.15161064697574467,39
2026-08-26 23:40:00.003981,78950.01,141529983.17651045,100632031.74151844,0.1688867324994626,80000.0,1.3299428334461405,0.11927958315927598,78000.0,-1.2033057373900258,0.14781772266390952,39
2026-08-26 23:50:00.006295,79057.07,121878771.19217676,124780843.12596235,-0.011765492870845586,80000.0,1.1927206510435884,0.12350629135669212,78000.0,-1.337097365232487,0.1439168525168384,39
2026-08-27 00:00:00.008686,79024.63,116720781.15593168,126937237.36106524,-0.04192948899164131,80000.0,1.2342607614866274,0.12254066051274622,78000.0,-1.2965957575505338,0.14675573213553883,39
2026-08-27 00:10:00.004125,78970.92,142301318.97544664,98695992.60119468,0.18093698261187743,80000.0,1.3031125887858597,0.11972941541893489,78000.0,-1.2294652259338013,0.14829367502715834,39
2026-08-27 00:19:59.965307,78925.91,142248727.41379297,133184785.51195714,0.032907912350808366,80000.0,1.3608838973158344,0.11823116209583427,78000.0,-1.173138200117052,0.15044092239955276,39
2026-08-27 00:30:00.000379,78906.49,142031608.50507492,133541889.17293061,0.030807459366299937,80000.0,1.3858302403262357,0.11794947969662942,78000.0,-1.1488155156819224,0.15070360371765687,39
2026-08-27 00:39:59.994423,78832.57,139889938.53755647,134885404.16636163,0.018213185804620884,80000.0,1.4808980602814215,0.11912293507233422,78000.0,-1.0561243912256102,0.15352872475080512,39
2026-08-27 00:50:00.015904,78793.48,136717251.89315176,136555584.83189887,0.000591595795580484,80000.0,1.5312434480619475,0.11561412693633623,78000.0,-1.0070376381395962,0.15748558994450762,39
2026-08-27 01:00:00.010329,78689.29,132626603.32196468,143326201.09713057,-0.03877328877917901,80000.0,1.6656777561470104,0.1111871741380784,78000.0,-0.8759641877566726,0.1609345569544118,40
2026-08-27 01:10:00.010070,78732.09,135782389.63116094,136935975.5165734,-0.004229953068204795,80000.0,1.610410697848863,0.11582725158392816,78000.0,-0.9298495695973519,0.15869564520009624,40
2026-08-27 01:19:59.997818,78664.9,133562910.29694702,143341636.63261598,-0.03531443034829041,80000.0,1.6971991320144042,0.11406328119420042,78000.0,-0.8452308462859492,0.16135783951939944,40
2026-08-27 01:30:00.055625,78932.73,143301448.56995603,131752138.5247781,0.04198930894582413,80000.0,1.3521260445445105,0.11799064719928917,78000.0,-1.18167710656909,0.149939789175309,39
2026-08-27 01:40:00.020812,78831.93,139381063.30747467,136492265.44625372,0.010471464835949329,80000.0,1.481721936783753,0.1183744551122266,78000.0,-1.055321111635843,0.15660532603262975,39
2026-08-27 01:50:00.013869,78952.61,145168457.34147,99730000.49836779,0.18553998764997823,80000.0,1.3266059222108106,0.12080441825773537,78000.0,-1.2065592258444613,0.14925630044278818,39
2026-08-27 01:59:59.974817,78899.93,144462091.4306168,133534999.70665199,0.03930649662290623,80000.0,1.394259792118957,0.11680427075843132,78000.0,-1.1405967026840158,0.14928097974008783,39
2026-08-27 02:10:00.037500,78939.16,144844882.216599,133095594.52097018,0.04227267591082986,80000.0,1.343870393351021,0.11769131781284164,78000.0,-1.1897263664827462,0.1491724749300042,39
2026-08-27 02:20:00.008939,78831.29,141097198.3995247,134850014.23080605,0.022639055162653875,80000.0,1.4825458266635172,0.11778553910709082,78000.0,-1.0545178190030757,0.15271199914828673,39
2026-08-27 02:30:00.024481,78757.22,138555719.86515313,139245211.96404174,-0.0024819646728634374,80000.0,1.5779886593254577,0.11373832037545117,78000.0,-0.9614610571576865,0.15597847826021574,39
2026-08-27 02:40:00.012342,78738.51,138149033.1437493,140126568.34445,-0.007106390894943626,80000.0,1.602125821278566,0.11382145807302184,78000.0,-0.9379273242533959,0.15633905497209966,40
2026-08-27 02:49:59.944505,78746.94,138298296.94828922,137606132.3362531,0.0025087114905367265,80000.0,1.5912491329821865,0.11452347794014776,78000.0,-0.9485320953423693,0.15665690538873414,40
2026-08-27 02:59:59.996414,78719.91,137880082.74548787,143776422.9689635,-0.020934507472209624,80000.0,1.6261324485762119,0.11283895965366572,78000.0,-0.9145208626381907,0.15862290003776378,40
2026-08-27 03:10:00.011950,78710.78,137787572.7791657,142597918.9746462,-0.017156187951779527,80000.0,1.6379204983103968,0.11270628612864317,78000.0,-0.9030275141473587,0.15875725793200346,40
2026-08-27 03:20:00.026760,78744.55,138800716.2706444,138274710.53720102,0.0018984207278986513,80000.0,1.5943325601581293,0.11395141565515986,78000.0,-0.9455257538458217,0.15678634303732122,40
2026-08-27 03:30:00.028727,78886.48,145288554.3404265,133940151.62145153,0.04064196293816699,80000.0,1.411547327247975,0.11738140524871975,78000.0,-1.1237413559332277,0.14928496625764304,39
2026-08-27 03:40:00.011759,78837.22,143030441.94306815,136017648.61155194,0.025131128177863456,80000.0,1.474912484230173,0.11712627719035922,78000.0,-1.0619603278755885,0.15380445488744113,39
2026-08-27 03:50:00.037030,78832.07,143076200.09223866,135643104.45612532,0.026668750656356273,80000.0,1.4815417126557762,0.117018168701659,78000.0,-1.0554968301606293,0.15299312587395206,39
2026-08-27 04:00:00.014538,78821.95,142956277.15055677,135416364.0800873,0.0270856828355568,80000.0,1.4945709919635286,0.11690054747483856,78000.0,-1.0427932828355524,0.152991815951027,39
2026-08-27 04:10:00.023545,78872.58,145056081.86366922,134777315.43559167,0.03673173583739606,80000.0,1.4294194509676172,0.11792723354815489,78000.0,-1.1063160353065649,0.15308412122910944,39
2026-08-27 04:20:00.016502,78862.95,144008771.9224881,134887948.93470722,0.032703227774596326,80000.0,1.4418050554791506,0.11790083840468545,78000.0,-1.0942400709078148,0.15337610194000162,39
2026-08-27 04:30:00.009981,78767.57,139969624.64508173,141222402.97558343,-0.004455241285118273,80000.0,1.564641387312049,0.11238696614022749,78000.0,-0.9744746473707488,0.15716041221138186,39
2026-08-27 04:40:00.016814,78739.44,139895460.3063046,138937761.84420812,0.0034346641146639333,80000.0,1.6009257876357763,0.11390798566376156,78000.0,-0.9390973570551187,0.15895901245463495,40
2026-08-27 04:49:59.990345,78728.34,139932629.75373158,138926421.83611187,0.003608302875173205,80000.0,1.6152506200435512,0.11402922435907827,78000.0,-0.9251306454575281,0.15892084160916098,40
2026-08-27 05:00:00.012620,78765.02,140983031.549844,138455799.28675944,0.009043955185177224,80000.0,1.5679295199823473,0.11392795984131508,78000.0,-0.9712687180172153,0.15780988136738325,39
2026-08-27 05:09:59.981015,78696.6,137488285.4308261,143330659.99159375,-0.02080477352402026,80000.0,1.6562341956323223,0.11260438916495623,78000.0,-0.8851716592584769,0.1588633836533727,40
2026-08-27 05:20:00.008808,78628.89,133462667.27077398,147422572.08536696,-0.04969967395436147,80000.0,1.7437738215559273,0.10937279593949983,78000.0,-0.7998205239829748,0.16393307816045274,40
2026-08-27 05:30:00.020926,78649.58,135593141.9035622,146396689.23097998,-0.03831183303295513,80000.0,1.7170085332941287,0.11168630191929681,78000.0,-0.8259166800382189,0.1624448387437416,40
2026-08-27 05:39:59.951032,78677.11,136631018.89307964,142674153.85050672,-0.021636315926647484,80000.0,1.6814166153281462,0.11226421919832147,78000.0,-0.8606188000550574,0.1635703628109711,40
2026-08-27 05:50:00.009388,78810.26,144844894.55313024,136197798.7740187,0.03076790816634342,80000.0,1.5096257771513466,0.11557888652676002,78000.0,-1.0281148672774298,0.15504823889436534,39
2026-08-27 05:59:59.987926,78900.16,151734008.44008094,131785926.8636602,0.07035865592678667,80000.0,1.3939642200978986,0.11864791360208782,78000.0,-1.1408848854045472,0.14896805932498317,39
2026-08-27 06:10:00.023076,78800.85,145507270.03664094,136059216.96818286,0.03355531820907442,80000.0,1.5217475446013484,0.11488640415407322,78000.0,-1.0162961440136842,0.153653590580601,39
2026-08-27 06:20:00.016884,78711.74,139123965.82488585,143184831.21604913,-0.014384480518240674,80000.0,1.6366808814034517,0.11053636609914792,78000.0,-0.9042361406316313,0.15810196962388706,40
2026-08-27 06:30:00.021506,78639.53,134606808.59883645,147356538.0701788,-0.045217683865515744,80000.0,1.730007796333477,0.10994144581237884,78000.0,-0.8132423985748649,0.1599907807497527,40
2026-08-27 06:40:00.007330,78727.79,140604776.14880273,140219256.51088545,0.0013728156891204023,80000.0,1.6159605140700695,0.11256484054145847,78000.0,-0.9244384987816767,0.1551138022781761,40
2026-08-27 06:50:00.043890,78776.38,144781574.01226574,134844171.53381765,0.03553822434712247,80000.0,1.5532828495038675,0.11303483456928645,78000.0,-0.985549221733728,0.15009471692156168,39
2026-08-27 07:00:00.014508,78815.94,147109158.26902854,133867946.89584547,0.04712558827671488,80000.0,1.5023103194607534,0.11273352889537348,78000.0,-1.035247438525766,0.14852433041223906,39
2026-08-27 07:10:00.011753,78771.0,142337990.5528165,136812119.08417514,0.019795340491992802,80000.0,1.560218862271645,0.11289926003722481,78000.0,-0.9787866092851427,0.14885375660815975,39
2026-08-27 07:19:59.987494,78811.63,146058457.8182674,131506376.81573,0.052427682424994744,80000.0,1.5078612128692104,0.11432150912119353,78000.0,-1.029835317452521,0.14664488312599125,39
2026-08-27 07:29:59.999623,78785.11,144785609.12128764,134372837.2526121,0.03730057966696394,80000.0,1.54202995972208,0.11574080538412132,78000.0,-0.9965207892709715,0.14885525858151455,39
2026-08-27 07:40:00.000446,78862.5,155332898.02368283,127116023.76396564,0.09990080359000729,79000.0,0.17435409732129425,0.1292204441079471,78000.0,-1.0936757013789822,0.14502589457395462,39
2026-08-27 07:50:00.002905,78851.5,146641441.12526888,127116005.20435452,0.07132385322371959,80000.0,1.4565353861372365,0.12071918887393916,78000.0,-1.0798779985161988,0.15106805956816088,39
2026-08-27 08:00:00.010798,79070.93,113168100.26014048,117017212.0380069,-0.016721795754200266,80000.0,1.1749830184114574,0.1350615170982896,78000.0,-1.3543915570488285,0.1512793629448365,37
2026-08-27 08:10:00.017287,79733.98,128344409.12920138,101279164.34142421,0.11786788428862889,80000.0,0.33363441784795,0.14816350816448898,78000.0,-2.17470644259824,0.11503032610150968,38
2026-08-27 08:19:59.998773,79513.66,126429095.92020462,112001518.29997726,0.0605105920119135,80000.0,0.6116433327304938,0.14218120969736128,78000.0,-1.903647750587767,0.1306688939346663,38
2026-08-27 08:30:00.020268,79738.17,133024863.00043517,100294436.5943819,0.1402816932113761,80000.0,0.32836218839735754,0.14931444101324615,78000.0,-2.1798468663125847,0.11476186431946715,38
2026-08-27 08:39:59.969287,79765.16,132445471.2760496,98952290.98724017,0.1447428875768475,80000.0,0.2944142530397986,0.14609007452569225,78000.0,-2.2129461032862063,0.11101947759856211,38
2026-08-27 08:49:59.979248,79795.21,132206352.59806736,98795920.71736449,0.14463248088940311,80000.0,0.2566444777825527,0.14586217964055903,78000.0,-2.249771634162012,0.11179772553057486,38
2026-08-27 09:00:00.003781,79749.37,128112467.25372884,100520789.64385185,0.12068094547696116,80000.0,0.3142720751273753,0.14626319094332854,78000.0,-2.193584726750819,0.11585814541188541,38
2026-08-27 09:10:00.034648,79785.37,130782523.49199085,99568987.9475582,0.13550393200968425,80000.0,0.26900921810604217,0.15011455796390707,78000.0,-2.2377160123466133,0.11243410788479355,38
2026-08-27 09:20:00.009889,79985.15,145578578.90041152,93031820.31763437,0.22021990137470537,80000.0,0.018565946303783498,0.1473651264518515,78000.0,-2.481898202353805,0.1046465021813747,38
2026-08-27 09:30:00.058157,80490.04,111715578.18216906,114292071.12434413,-0.011400025397728032,82000.0,1.8759588142831074,0.15787637072995345,80000.0,-0.6088206689920828,0.13720420210781387,38
2026-08-27 09:39:59.975215,80275.15,104005771.60850382,119812374.8990916,-0.07062252787466174,82000.0,2.1486724098304544,0.14325180035330573,80000.0,-0.3427586245556613,0.13472817656036237,38
2026-08-27 09:50:00.008753,80191.32,104066530.33670975,121637632.39456254,-0.07785014616134166,82000.0,2.2554560767923393,0.14206144132773318,80000.0,-0.23857943727576547,0.13219100614210985,38
2026-08-27 10:00:00.014601,79978.25,132223817.9679743,94623087.70596626,0.16575377191194143,82000.0,2.5278747659519984,0.13404026635661448,78000.0,-2.4734849787285906,0.10676024477248339,38
2026-08-27 10:10:00.032499,80148.58,102620572.8100033,122399308.75736031,-0.08789772623463009,82000.0,2.309984780765917,0.13998113877111168,80000.0,-0.1853807016917841,0.13199966285643797,38
2026-08-27 10:20:00.014961,79953.75,131628216.7908156,98459817.0361615,0.14415525745939603,82000.0,2.559292090739951,0.13081942032822552,78000.0,-2.443600206369312,0.10912898827604073,38
2026-08-27 10:29:59.999053,79664.24,128091052.72664541,105849998.0669946,0.09507119244014037,82000.0,2.9320056276191053,0.12646359156998252,78000.0,-2.0890678176305966,0.11444862153485548,38
2026-08-27 10:40:00.005824,79456.39,130209088.40576027,104573229.69297485,0.10918990373885203,82000.0,3.201265499225414,0.12213785083487597,78000.0,-1.8329425739075256,0.12023783854681602,38
2026-08-27 10:49:59.977161,79522.83,124907390.29821084,109489390.22781408,0.06577735426142048,82000.0,3.115042560733805,0.12258662729715722,78000.0,-1.9149595153995391,0.11712478927888881,38
2026-08-27 11:00:00.046216,79624.36,126922946.65404524,105974761.36711434,0.08994586277778091,82000.0,2.9835593027058627,0.1229861129059017,78000.0,-2.040028955962725,0.11303679408800132,38
2026-08-27 11:10:00.010399,79673.71,129152406.87680861,106192750.61011721,0.09755737705360214,82000.0,2.9197711516132374,0.12440291371633273,78000.0,-2.100705489928867,0.11251919746823298,38
2026-08-27 11:20:00.035068,79680.56,129240645.27204101,106215963.59272492,0.09778736638707079,82000.0,2.910923316804004,0.1243854271598628,78000.0,-2.109121723040097,0.1125080280729472,38
2026-08-27 11:30:00.022267,79518.66,126147173.18473612,109504022.65699513,0.07062620865679335,80000.0,0.6053170413082842,0.12364350885016533,78000.0,-1.9098158847244195,0.11693247356696203,38
2026-08-27 11:40:00.010962,79396.0,130321000.5422984,107502714.41609345,0.09594621852659689,80000.0,0.7607436142878843,0.12285495120755371,78000.0,-1.7582749760693184,0.12241688018304417,38
2026-08-27 11:49:59.979192,79383.99,130845085.52718104,106785627.16043647,0.10124725922264285,80000.0,0.7759877023062245,0.12331313510735042,78000.0,-1.7434119902514422,0.1231943510866843,38
2026-08-27 12:00:00.009776,79472.54,133851216.28982657,104518858.64755586,0.12305385921440033,80000.0,0.6637009462639565,0.12614169665809769,78000.0,-1.8528915773926347,0.11959707969151671,38
2026-08-27 12:09:59.989679,79436.47,133391455.14925927,104562386.41001214,0.12115403790220448,80000.0,0.7094096703944563,0.12627366105401747,78000.0,-1.808325571365399,0.11967619597264749,38
2026-08-27 12:20:00.013154,79395.63,131950166.09590265,107937043.63180195,0.10010172068514175,80000.0,0.7612131801208566,0.12300936114605542,78000.0,-1.757817149382157,0.1224176811972787,38
2026-08-27 12:30:00.012511,79545.1,128584686.65459378,110618538.70153645,0.07510830142992009,80000.0,0.5718768346510306,0.12620375138353723,78000.0,-1.9424200862152463,0.11610647794659726,38
2026-08-27 12:39:59.963312,79350.14,129921595.88498259,109186081.17515327,0.08672040548750055,80000.0,0.8189777610978277,0.12165024030675294,78000.0,-1.701496682929604,0.12299654853737202,38
2026-08-27 12:50:00.025930,79305.3,130655749.0252772,111798260.38312271,0.0777775904311408,80000.0,0.8759818070166681,0.12052609832505969,78000.0,-1.645917738158742,0.12536519035067212,38
2026-08-27 13:00:00.008547,79269.72,129441721.15503183,112899973.99229454,0.06825794939117308,80000.0,0.9212597193480665,0.1199222265566207,78000.0,-1.6017717736356296,0.12529578497618443,38
2026-08-27 13:10:00.046596,79275.29,131446591.38429591,112290840.05922732,0.07859175019454162,80000.0,0.9141688412618976,0.12216107631823807,78000.0,-1.6086853797696476,0.12483186755504055,38
2026-08-27 13:20:00.018000,79315.96,131883528.01582018,110978903.90719807,0.08607598937018132,80000.0,0.8624241577609215,0.1226925357817304,78000.0,-1.659136446183096,0.12537428503671919,38
2026-08-27 13:30:00.028190,79338.67,132140787.26800466,109735259.99478678,0.09263226982072724,80000.0,0.8335531714862343,0.12256606122461511,78000.0,-1.6872856578009188,0.12182289971634144,38
2026-08-27 13:39:59.984218,79264.81,130746793.80932485,113009824.43927883,0.07276507812377161,80000.0,0.9275112121003071,0.1227457855263105,78000.0,-1.595676568202209,0.12497378422055914,38
2026-08-27 13:50:00.014871,79040.28,124979990.97302876,121688378.84740615,0.01334428134429551,80000.0,1.214216346399577,0.12403923400455721,78000.0,-1.316139062260402,0.1321920085558658,37
2026-08-27 13:59:59.997910,79531.8,136308409.55698654,113766785.74214633,0.0901393830278791,80000.0,0.5886953394742767,0.13706767638479006,78000.0,-1.9260220440125875,0.11318575792247657,38
2026-08-27 14:09:59.987496,79493.21,140379676.12930465,109306103.38532814,0.12445071082694736,80000.0,0.6375261484597106,0.1286388098715468,78000.0,-1.8784120052517728,0.1160056800780323,38
2026-08-27 14:20:00.005710,79699.72,142631049.91071123,109816510.58012559,0.1299855671680247,80000.0,0.37676418436600745,0.13258008118484615,78000.0,-2.1326549202431377,0.10665304554734428,38
2026-08-27 14:30:00.015665,79910.77,148997371.2004177,101775400.11597314,0.18830581500758836,80000.0,0.11166204505350663,0.13558186802941757,78000.0,-2.391129506072842,0.09668569240992518,38
2026-08-27 14:40:00.008706,80207.39,118286493.31209667,131671848.09494084,-0.053550342459054705,82000.0,2.2349686232153942,0.14031943278824197,80000.0,-0.2585671968630354,0.13769672562419066,38
2026-08-27 14:50:00.037012,80105.72,116399001.81005445,135378858.3085846,-0.075383341845811,82000.0,2.364725015891489,0.13657133068732952,80000.0,-0.1319755942521983,0.1369490920034363,38
2026-08-27 15:00:00.007552,80213.11,119021415.50623861,132696028.34073192,-0.05432524907891037,82000.0,2.2276782436187803,0.14145610726176788,80000.0,-0.2656797623231455,0.1368464610121233,38
2026-08-27 15:10:00.010693,80324.09,122975443.65139742,129193777.63460849,-0.0246593694166916,82000.0,2.0864350906434126,0.14386110010641667,80000.0,-0.40347796034788663,0.13786085936265072,38
2026-08-27 15:20:00.021070,80642.75,127496472.66345665,121971959.1315923,0.022145140738299967,82000.0,1.683040322905649,0.14828251410375687,80000.0,-0.7970338313115555,0.12815411554472544,38
2026-08-27 15:30:00.004276,80611.53,127363853.20967555,122900486.66604081,0.01783460858167525,82000.0,1.7224210978255883,0.14652349650115082,80000.0,-0.7586135630969881,0.1291640810468891,38
2026-08-27 15:40:00.013996,80454.4,127968922.34410883,125423903.40183407,0.010043768740423831,82000.0,1.9210882189165668,0.14347758966370214,80000.0,-0.564791981544821,0.13108513568071758,38
2026-08-27 15:50:00.030933,80348.11,127545416.6693776,129826451.11911713,-0.008862796347322852,82000.0,2.0559164366156235,0.13904389387414706,80000.0,-0.4332522569603703,0.13135874251897323,38
2026-08-27 16:00:00.008577,80312.7,127102064.88574292,131818077.27533308,-0.018214158042043307,82000.0,2.100913056092013,0.13839684073597014,80000.0,-0.38935311600779565,0.1336184666565392,38
2026-08-27 16:09:59.979885,80225.23,123935940.24570133,133409410.56160422,-0.03681228468353567,82000.0,2.2122342310517684,0.1363704242085893,80000.0,-0.2807470916568189,0.13473352775913566,38
2026-08-27 16:20:00.030784,80476.45,131620040.11709587,124879276.82051557,0.026279848917569872,82000.0,1.8931625338841407,0.14293994260118587,80000.0,-0.5920365523081617,0.13437888240288307,38
2026-08-27 16:30:00.014132,80422.26,131244218.92816366,128944484.65067346,0.008838716846111575,82000.0,1.9618200234611693,0.14055596136221682,80000.0,-0.5250536356476321,0.1350115821942906,38
2026-08-27 16:39:59.985741,80401.08,129569164.68449578,130177975.62908114,-0.0023438600473151988,82000.0,1.9886797540530576,0.14100297252145116,80000.0,-0.49884902043604296,0.1390020258092097,38
2026-08-27 16:50:00.026785,80459.29,132990718.29303145,127632827.42050871,0.020557969380141018,82000.0,1.9148938550166195,0.1433034010293121,80000.0,-0.5708352633984171,0.13940519784166258,38
2026-08-27 17:00:00.012810,80378.49,130172607.3981069,131102496.18726501,-0.0035590409357708426,82000.0,2.0173431971663103,0.1396112257155942,80000.0,-0.4708846856914195,0.14002923679808305,38
2026-08-27 17:10:00.018209,80515.33,131411313.63146274,129074747.45116258,0.008970023849218597,82000.0,1.8439594049977748,0.1453432987214224,80000.0,-0.6400396048802159,0.13972331097054977,38
2026-08-27 17:20:00.015468,80801.04,140441386.15221226,116826948.5331347,0.09178913389383615,82000.0,1.4838422871784829,0.15438691345773048,80000.0,-0.9913733783624479,0.13063017648737218,38
2026-08-27 17:29:59.974324,80725.66,139049877.35283428,119048899.5258593,0.07749350101095383,82000.0,1.578605860887361,0.1516443176096671,80000.0,-0.8989211113294093,0.13263188500430068,38
2026-08-27 17:39:59.969189,80688.54,138053899.6175498,121509711.07519147,0.06373847435009887,82000.0,1.6253361381926235,0.1509982896721001,80000.0,-0.8533305968852489,0.13500574461279352,38
2026-08-27 17:50:00.005201,80524.34,133479478.7426931,129744402.6821302,0.014189730963410443,82000.0,1.8325639179408437,0.14535782844234904,80000.0,-0.6511571532284433,0.14169834592164762,38
2026-08-27 18:00:00.010790,80448.54,135573612.08201492,130153015.62857527,0.020399146672434223,82000.0,1.9285123135858173,0.1423802303066053,80000.0,-0.5575489623553032,0.14334438275008654,38
2026-08-27 18:10:00.018017,80389.19,133359765.54586959,132361515.23978737,0.003756757091982609,82000.0,2.0037644364870433,0.13928899999809258,80000.0,-0.484132257085812,0.1447382642846289,38
2026-08-27 18:20:00.007199,79908.26,161863326.91385752,106637629.25630756,0.20568156793657802,80000.0,0.11480665453109662,0.1433613948264524,78000.0,-2.3880635118321836,0.09221206319495591,38
2026-08-27 18:30:00.031345,79922.01,161444634.42311984,104380506.1170584,0.21466791361457577,80000.0,0.0975826308672767,0.14398392003907223,78000.0,-2.404856934904409,0.08929696649220802,38
2026-08-27 18:40:00.011007,80009.08,120063153.69654056,146846768.54216748,-0.10034701827859842,82000.0,2.4883675702807695,0.12619004609909953,80000.0,-0.011348711921199683,0.1485204418825764,38
2026-08-27 18:49:59.965023,79987.3,166518509.7808994,100988792.42156363,0.24496421899443918,80000.0,0.01587752055638436,0.15153335909787263,78000.0,-2.4845194174575203,0.08620574608267789,38
2026-08-27 19:00:00.006952,80160.22,124837739.39107153,140885827.4150164,-0.06039392070804166,82000.0,2.295128431533744,0.13134948882572536,80000.0,-0.19987470094269266,0.15049053214167757,38
2026-08-27 19:10:00.008223,80236.79,129018942.26584993,137077121.71665415,-0.030282971233028262,82000.0,2.1975081505628546,0.13367712941242837,80000.0,-0.2951139994508689,0.15094747629546404,38
2026-08-27 19:19:59.980188,80159.22,126044353.69372956,140252741.7871469,-0.05335540016972388,82000.0,2.2964045807830846,0.13131035602444058,80000.0,-0.19862967728478953,0.1529231595412864,38
2026-08-27 19:29:59.996527,80189.55,128226343.82488406,139272037.16063237,-0.04129256145421822,82000.0,2.257713130950356,0.13122098038050248,80000.0,-0.23637743321917037,0.1553597500695387,38
2026-08-27 19:40:00.007059,80018.9,121591767.757085,150099568.92122966,-0.10492716298090209,82000.0,2.475790094590158,0.1252399678192381,80000.0,-0.023619419912035422,0.16009668337559382,38
2026-08-27 19:50:00.054198,79998.82,174533411.15045306,98281388.63488698,0.27950104824065175,80000.0,0.0014750217565584478,0.16549884660402964,78000.0,-2.498561853787351,0.08266143633896496,38
2026-08-27 19:59:59.999313,79920.99,171936806.03742462,101487303.83844101,0.2576565110917528,80000.0,0.09886013674254013,0.16393913306092586,78000.0,-2.4036113666760173,0.08515800593905966,38
2026-08-27 20:09:59.986278,80032.59,121650157.9339234,155804560.23821318,-0.1230990142438304,82000.0,2.4582610658982817,0.12401076319945908,80000.0,-0.04072091131874789,0.16991104767536075,38
2026-08-27 20:19:59.995641,80016.16,121787939.42323607,155353495.80029184,-0.1211134536774825,82000.0,2.4792991815653087,0.1240797755769853,80000.0,-0.020195920424082026,0.17000859083343212,38
2026-08-27 20:30:00.012634,79998.38,177728929.75969896,98498474.69060019,0.28683053814580695,80000.0,0.0020250410070810076,0.17184881050461887,78000.0,-2.4980255850181043,0.08215666392040052,38
2026-08-27 20:40:00.028346,80002.19,121733448.63264494,157843841.59548023,-0.12916068015885873,82000.0,2.4971941393104435,0.12155618319598258,80000.0,-0.0027374250629930152,0.17409872978170568,38
2026-08-27 20:50:00.022719,79999.63,180793911.64471537,98594927.99058902,0.2942099754643866,80000.0,0.0004625021390758377,0.1761417006599271,78000.0,-2.4995490604144077,0.0818675595808668,38
2026-08-27 21:00:00.016196,80106.33,125640519.22874953,154209046.3787272,-0.10208530103651663,82000.0,2.3639455209095273,0.12422999053031596,80000.0,-0.13273607716144387,0.17805146110743544,38
2026-08-27 21:10:00.001015,80076.96,124416568.49861966,154361331.1919472,-0.10741440668921429,82000.0,2.401489766844289,0.1226761185287353,80000.0,-0.09610754454215664,0.17864655098853796,38
2026-08-27 21:20:00.008329,80021.37,121886403.72858897,157807282.77146998,-0.1284293524547378,82000.0,2.4726269995127614,0.12193261541816361,80000.0,-0.02670536632901621,0.1774434846332673,38
2026-08-27 21:30:00.058698,80047.56,123277774.66732803,155543752.73102573,-0.11572269316780238,82000.0,2.439099955076718,0.12224123355989269,80000.0,-0.05941467797394573,0.17789260383161834,38
2026-08-27 21:40:00.009456,80071.15,125350862.74640466,154648346.20559353,-0.10463416510655747,82000.0,2.4089200667156696,0.12383754551482162,80000.0,-0.08885847149689985,0.1775857087659817,38
2026-08-27 21:50:00.012883,80111.75,126271777.98693016,153174428.0762403,-0.09627130197369235,82000.0,2.357020037634938,0.12508450189750206,80000.0,-0.1394926462098267,0.1792610458970767,38
2026-08-27 21:59:59.977951,80197.49,129993682.52032875,146036758.8566261,-0.058120677763900966,82000.0,2.2475890454925596,0.12813573105280351,80000.0,-0.24625458976335057,0.17476875453690904,38
2026-08-27 22:10:00.039817,80245.14,131590536.93378778,142065961.69440815,-0.038279466459347024,82000.0,2.186873871738526,0.12935077804704145,80000.0,-0.3054889056209542,0.16882919308674613,38
2026-08-27 22:20:00.012898,80390.53,137929935.51557794,133642751.1744283,0.01578650781638936,82000.0,2.0020641734791456,0.1357074121939515,80000.0,-0.4857910502642504,0.1637705312415101,38
2026-08-27 22:30:00.022502,80250.57,132063536.46464849,142029996.76463807,-0.036361530250523535,82000.0,2.1799595940564576,0.12922471332260788,80000.0,-0.312234542383949,0.16866994197227078,38
2026-08-27 22:40:00.009559,80281.27,133853467.4480153,138472077.88420016,-0.016959886853620425,82000.0,2.14088541449331,0.13001897460835074,80000.0,-0.3503556931772511,0.16948722289357854,38
2026-08-27 22:50:00.019393,80254.85,132598494.32496554,140530583.17829943,-0.029041539355102428,82000.0,2.1745103255441878,0.12973951991155588,80000.0,-0.31755090190811464,0.1716704799995383,38
2026-08-27 23:00:00.018727,80319.37,136296721.10158595,137348202.38471708,-0.0038425024288227046,82000.0,2.0924342409558205,0.13159327391050837,80000.0,-0.39762513077480355,0.16909165791677866,38
2026-08-27 23:10:00.008627,80228.32,131719528.58224443,141840412.21037167,-0.036996950645634984,82000.0,2.208297518881097,0.1278208125686396,80000.0,-0.2845877864574575,0.17414590613059194,38
2026-08-27 23:20:00.010681,80301.1,136189390.84742022,137173460.82258746,-0.0035998672429536005,82000.0,2.115662176483246,0.1315565574193075,80000.0,-0.374963730260236,0.17308090710490018,38
2026-08-27 23:29:59.931790,80340.39,138029800.74311897,136735786.89248115,0.004709519346192551,82000.0,2.0657231063976766,0.13317299694993676,80000.0,-0.42368477424618023,0.1718521109133429,38
2026-08-27 23:40:00.007845,80310.19,136159275.66741145,138126764.77218235,-0.007173128831557143,82000.0,2.1041040993677207,0.13138514324710282,80000.0,-0.38623990305589606,0.17454315105713455,38
2026-08-27 23:50:00.000107,80267.46,133306101.07264706,140355433.10264224,-0.025759309035663897,82000.0,2.1584587328414173,0.1279954478514943,80000.0,-0.33321099234983054,0.1750416028459673,38
2026-08-27 23:59:59.998579,80272.91,133420924.66110978,142447573.5145922,-0.032720839505688354,82000.0,2.1515228487418714,0.12732706124897597,80000.0,-0.33997770854451437,0.17911509615501117,38
2026-08-28 00:10:00.044465,80196.59,129790359.55807602,150275372.37900674,-0.07314358911119019,82000.0,2.248736511116012,0.12402355356938295,80000.0,-0.24513511110634267,0.18668304429853563,38
2026-08-28 00:20:00.024460,80402.18,140888771.15651402,133610960.53562313,0.02651299721142625,82000.0,1.9872844243775667,0.13327357900522468,80000.0,-0.5002103176804273,0.1770467568404228,38
2026-08-28 00:30:00.005145,80445.72,143679968.42375317,131766882.12294094,0.04325003635789514,82000.0,1.932085386270388,0.1342227645428369,80000.0,-0.5540630377849798,0.1754359560790156,38
2026-08-28 00:40:00.016425,80519.32,142819687.9413648,132857225.92555994,0.036138180292507024,82000.0,1.838912698219497,0.13815313081156033,80000.0,-0.6449632212492729,0.17045527840998093,38
2026-08-28 00:49:59.979241,80430.46,143554627.1945994,133840947.11900455,0.035017429890980306,82000.0,1.9514248706273607,0.13358484783135888,80000.0,-0.5351952481684297,0.17973744224606236,38
2026-08-28 01:00:00.009665,80588.63,146720398.76733172,129238170.43973196,0.06335091668953426,82000.0,1.7513264588317146,0.14005555300527717,80000.0,-0.7304132108958861,0.16258395335542597,38
2026-08-28 01:10:00.016924,80806.73,158405380.4409099,114846285.80267045,0.15941017025458962,82000.0,1.4766963098246988,0.15130952061763067,80000.0,-0.9983450635856594,0.1382927432702526,38
2026-08-28 01:20:00.010539,80997.95,191920727.1552537,104446685.92173134,0.2951540465442465,82000.0,1.23713007551427,0.16163699471080126,80000.0,-1.2320682190104737,0.12437069709941964,38
2026-08-28 01:30:00.015150,81141.17,136392051.7558438,150091545.6072955,-0.047819470215904186,82000.0,1.058439260858579,0.16931908682406605,81000.0,-0.1739807301274987,0.14132531230081588,38
2026-08-28 01:39:59.988306,80935.15,159988720.44903097,109454637.70823744,0.18754992918139718,82000.0,1.3156829881701748,0.1591065578529055,80000.0,-1.1554312310534942,0.12945239711466017,38
2026-08-28 01:50:00.008633,80720.79,148557768.83470282,122484350.67906156,0.0961969239408828,82000.0,1.5847342425662658,0.14996078375862099,80000.0,-0.8929422023743694,0.14703677704907275,38
2026-08-28 01:59:59.977115,80511.73,137399106.01733965,136132496.12169197,0.004630579741948346,82000.0,1.8485132539072247,0.13913010742293744,80000.0,-0.6355968254563638,0.164238316786481,38
2026-08-28 02:09:59.989445,80439.31,140850500.36764908,133559301.76224181,0.026570474337341655,82000.0,1.9402080898008656,0.13674251329855516,80000.0,-0.5461384489747534,0.17287684511838947,38
2026-08-28 02:20:00.003604,80123.57,123769181.8758911,155350165.8512527,-0.11314509091728725,82000.0,2.341920111647533,0.12248594825024134,80000.0,-0.15422428131947052,0.18676850841415468,38
2026-08-28 02:30:00.044703,79932.38,176632351.99817204,99091920.48086956,0.28122453935641994,80000.0,0.0845965051960107,0.18346030908086697,78000.0,-2.417518407433894,0.07897992064439023,38
2026-08-28 02:40:00.007846,80089.38,122715284.4495409,154780670.65702564,-0.11555262560555411,82000.0,2.385609677587719,0.12267043838902583,80000.0,-0.11160031454857666,0.18579407304866488,38
2026-08-28 02:50:00.027694,79925.78,177824594.7242456,99894962.63259162,0.280605488620751,80000.0,0.0928611519336986,0.18454616422214407,78000.0,-2.409460376864636,0.08014243821957649,38
2026-08-28 03:00:00.017447,79934.46,179608581.3001215,98366947.47698799,0.29226181952252306,80000.0,0.0819921720869754,0.18452901245102526,78000.0,-2.4200576322152,0.07804511325762088,38
2026-08-28 03:10:00.011757,79831.41,175781257.39832386,105778548.59503232,0.2486246520746053,80000.0,0.21118254080692012,0.18484195490978403,78000.0,-2.2940970227132484,0.08335781102645837,38
2026-08-28 03:19:59.997460,80011.73,118908526.25761989,162526242.34021345,-0.1549833956191913,82000.0,2.4849731408132403,0.12142250174601063,80000.0,-0.014660350426110025,0.19617622155400719,38
2026-08-28 03:30:00.001412,79920.06,180709925.1755344,98166655.48835063,0.29598494606712333,80000.0,0.10002494993122113,0.1913221303992697,78000.0,-2.4024756738170616,0.0777951280449719,38
2026-08-28 03:40:00.008597,79874.77,176930020.96947885,99970377.3024856,0.2779325856779934,80000.0,0.1567829240697538,0.1875291554886734,78000.0,-2.347136649031989,0.07774877157957165,38
2026-08-28 03:50:00.027896,79834.32,169266442.39375618,101817661.51860335,0.24881127259663577,80000.0,0.2075297942037979,0.17232825877810132,78000.0,-2.2976584506513076,0.07876482993444896,38
2026-08-28 04:00:00.010578,79821.83,166217911.1388648,101828303.53558072,0.24021830594208618,80000.0,0.22320961571540288,0.16779958986211804,78000.0,-2.2823706246774877,0.07932972873807519,38
2026-08-28 04:09:59.959989,79647.5,154263514.6013594,111679489.28848952,0.16012463080438008,80000.0,0.4425750965190378,0.1545866178505677,78000.0,-2.068489280893937,0.08619184653162358,38
2026-08-28 04:20:00.023269,79914.41,166851238.29439402,96356242.38027374,0.2678305180894694,80000.0,0.10710208584407965,0.16329227972117966,78000.0,-2.3955754663020135,0.07708917492357525,38
2026-08-28 04:30:00.007719,79819.12,163277133.15613237,100787679.72282574,0.2366443781434466,80000.0,0.2266123705698675,0.15605492224994663,78000.0,-2.2790529386943814,0.08004519044744798,38
2026-08-28 04:39:59.984961,79648.69,155555938.79182813,110682771.90824533,0.16854486248670983,80000.0,0.44107442319516466,0.15418734715119767,78000.0,-2.0699524373847256,0.08591895041135807,38
2026-08-28 04:50:00.004279,79637.65,153821302.73349825,111736789.66883412,0.15847573193478212,80000.0,0.45499835818862966,0.15414351407799942,79000.0,-0.8006891212887335,0.08798709275070213,38
2026-08-28 05:00:00.006332,79651.8,156526219.53278056,110836068.15029363,0.17089228169923165,80000.0,0.4371527071578951,0.15941400752510357,79000.0,-0.8183117016815733,0.08830324905323512,38
2026-08-28 05:10:00.023636,79577.35,152270708.93926916,115418787.2056727,0.13766667076709949,80000.0,0.5311184652416756,0.15909772215476486,79000.0,-0.725520515573852,0.09677070223281023,38
2026-08-28 05:20:00.008157,79633.7,155182155.32481307,112337853.2529251,0.16015363598284993,80000.0,0.4599811386385433,0.16451727378251,79000.0,-0.7957686255944396,0.09281020195893339,38
2026-08-28 05:29:59.966777,79738.04,163118403.53458202,103611985.60308406,0.2230957564448543,80000.0,0.32852575759325653,0.17502568249471015,79000.0,-0.9255808143766697,0.08001452150756129,38
2026-08-28 05:40:00.015376,79822.25,172760927.4064234,95533286.88747695,0.2878468353191849,80000.0,0.22268227217348002,0.19508989685279393,78000.0,-2.2828847846308564,0.06989003793238388,38
2026-08-28 05:50:00.005296,79877.89,178169277.89028448,89128568.53142746,0.3331142040642512,80000.0,0.1528708382257049,0.2042613657775606,78000.0,-2.350950932729945,0.06659843362406208,38
2026-08-28 05:59:59.994300,79698.34,164148889.8967072,103907542.63236924,0.22473382450094165,80000.0,0.37850223731135113,0.19398751979371504,79000.0,-0.876229040655041,0.07446939672264019,38
2026-08-28 06:10:00.012372,79890.48,186157859.198321,85365149.37930214,0.37121240791718835,80000.0,0.13708767302438307,0.21398149311225556,78000.0,-2.3663395188012304,0.06593826723458679,38
2026-08-28 06:20:00.005412,79872.1,181926906.71972612,84796371.9927499,0.3641621953503413,80000.0,0.1601310094513586,0.22266975879976386,78000.0,-2.34387226578493,0.06348283689100538,38
2026-08-28 06:30:00.017092,79837.79,182431187.75947085,86071780.94181067,0.3588765043594852,80000.0,0.20317446161775,0.22145160541251657,78000.0,-2.301904899922702,0.06320886924104692,38
2026-08-28 06:40:00.007108,79866.27,183144690.78325742,81780747.41775897,0.38261310070415716,80000.0,0.1674424009034059,0.23525018774597198,78000.0,-2.336743659119178,0.06377610040172071,38
2026-08-28 06:50:00.008816,79963.36,196239576.9800348,71651250.3375817,0.46507126761282797,80000.0,0.045820986011602116,0.25608030337572213,78000.0,-2.4553245386386924,0.06368625844641035,38
2026-08-28 07:00:00.040283,79909.08,194498717.60875213,75491666.47578794,0.44078255429904645,80000.0,0.11377931018603515,0.26587233379398223,78000.0,-2.3890651725686274,0.0630082129954936,38
2026-08-28 07:10:00.002256,79695.22,170123943.17038617,92286766.07173541,0.29662347746193474,80000.0,0.3824319701984713,0.23985655003040407,79500.0,-0.24495822961527747,0.06586766682880087,38
2026-08-28 07:20:00.002814,79727.84,177245821.27890143,87124422.61768171,0.34089085569128413,80000.0,0.3413613111806324,0.2601020738344783,79500.0,-0.2857721970142335,0.06558092429544546,38
2026-08-28 07:30:00.009164,79809.25,201163276.69694814,76314577.10902914,0.4499411317892699,80000.0,0.23900738322939485,0.30896787926363956,78000.0,-2.2669678013513495,0.06217961550486636,38
2026-08-28 07:40:00.009134,79687.55,168876804.52617276,85720710.84247126,0.3266178523513703,80000.0,0.39209387162737475,0.25307920795052846,79500.0,-0.23535671507030065,0.07752416490034096,38
2026-08-28 07:50:00.032073,79675.84,136825002.11878034,82006875.01081093,0.2505033902145178,80000.0,0.40684855032593337,0.18090662576103994,79500.0,-0.2206942531136069,0.07655200811174671,38
2026-08-28 08:00:00.008440,79681.35,97205624.41581628,57847381.30767922,0.2538373437166657,82000.0,2.9099030074164034,0.14788373225468615,78000.0,-2.11009226123805,0.08752670159351839,38
2026-08-28 08:09:59.990485,79820.14,102027935.59691086,57734208.02698545,0.2772479547733122,82000.0,2.730964891818033,0.15725408555873213,78000.0,-2.2803016882706584,0.08589324834082233,38
2026-08-28 08:20:00.006402,79848.26,105713735.08717887,59274213.902295336,0.28147220126874994,82000.0,2.6947863359827906,0.16529990118808932,78000.0,-2.3147154365041778,0.08468627575398915,38
2026-08-28 08:30:00.011417,79791.04,105677577.80619226,64153719.307639316,0.24450062623452176,82000.0,2.7684311421432906,0.1623441289967753,78000.0,-2.2446630599124884,0.09802565903129663,38
2026-08-28 08:40:00.028090,79757.26,105783026.11149284,64563843.81727305,0.24197205567355864,82000.0,2.8119571810766963,0.16260417196034008,78000.0,-2.20326024239047,0.09818442652669206,38
2026-08-28 08:50:00.020477,79519.27,105115552.05506448,66833574.94336496,0.2226354839943397,82000.0,3.1196589204101066,0.159227951724685,78000.0,-1.9105683440001409,0.09863675631432077,38
2026-08-28 09:00:00.010975,79519.93,105370866.06680289,67756449.19518326,0.21726448431721676,82000.0,3.118803047236085,0.15838765539091473,78000.0,-1.911382467263234,0.1000536548068741,38
2026-08-28 09:09:59.993615,79417.0,111353223.67005837,66090608.37664987,0.25508136727735964,82000.0,3.2524522457408445,0.15539175225640398,78000.0,-1.7842527418562737,0.10171678309036424,38
2026-08-28 09:20:00.012847,79433.32,112312947.14417747,65881035.93030922,0.260569467120892,82000.0,3.2312384777571923,0.15502044109881655,78000.0,-1.8044316918895076,0.10075249626721891,38
2026-08-28 09:30:00.015821,79389.65,111839372.76867372,66049759.036137134,0.25740534718433117,82000.0,3.2880230609405814,0.1549622204907297,78000.0,-1.7504170883736014,0.0998978650773956,38
2026-08-28 09:40:00.015669,79402.84,111966192.82851496,65587183.48660241,0.2612116440951268,82000.0,3.2708653745886274,0.1552181101861879,78000.0,-1.7667378144156975,0.10006282679639154,38
2026-08-28 09:50:00.010784,79280.48,110809745.28374341,67259252.39379323,0.24457088801507906,82000.0,3.430251683642682,0.15470968080375136,78000.0,-1.6151264472667126,0.1020827812692017,38
2026-08-28 10:00:00.004035,79290.18,110870182.92321825,67338769.73057742,0.24427175259375866,82000.0,3.4175984970648443,0.15453884432510834,78000.0,-1.6271624052310085,0.1019563012779088,38
2026-08-28 10:09:59.988951,79034.4,100685496.02664998,67884146.82598613,0.19458633622032914,82000.0,3.7522901420141253,0.14480682002046347,78000.0,-1.3087971819865762,0.10418348834682584,37
2026-08-28 10:20:00.003724,79200.82,110196383.19766133,67457304.65508412,0.2405752397214687,82000.0,3.534281589508792,0.1546612836348727,78000.0,-1.5161711709550607,0.10205605264339848,38
2026-08-28 10:30:00.012193,79302.34,111517418.64425996,67324145.04937512,0.24710851707039547,82000.0,3.4017407304753,0.15418662723604293,78000.0,-1.642246622230814,0.10104993250858976,38
2026-08-28 10:40:00.007589,79355.96,112266901.69169623,66777294.38127906,0.2540691533607512,82000.0,3.3318732455634104,0.15424748127316942,78000.0,-1.7087059371470148,0.09949994658655481,38
2026-08-28 10:50:00.008209,79393.94,112611460.74588887,66519756.02016015,0.25730693710368713,82000.0,3.282441959676019,0.15428425744678728,78000.0,-1.7557259407959935,0.09952267971544175,38
2026-08-28 10:59:59.985064,79568.94,109242539.95189852,71933189.30761537,0.20592907668577226,82000.0,3.055287653700045,0.15485146673501174,78000.0,-1.9717995489194728,0.10199248332648733,38
2026-08-28 11:10:00.009505,79667.17,109679671.86847506,71258459.36327782,0.2123444751177727,82000.0,2.928219993254433,0.1555162132659173,78000.0,-2.092668786904317,0.10138506756746356,38
2026-08-28 11:19:59.989109,79735.37,110575788.37934764,66173916.062092245,0.2512132761838166,82000.0,2.8401824685832633,0.15818118678613405,78000.0,-2.1764117981768916,0.0876198895477534,38
2026-08-28 11:29:59.987028,79668.66,110288398.849612,66581665.310730465,0.24711210314968265,82000.0,2.9262949822427053,0.1581253824179336,78000.0,-2.094499894939872,0.08844951693551215,38
2026-08-28 11:40:00.005932,79588.14,109773631.02659403,72474270.18583196,0.20466277302851552,82000.0,3.0304263926761,0.15465661893842836,78000.0,-1.9954480655032247,0.10147940462928484,38
2026-08-28 11:50:00.002639,79621.98,109750350.20985961,71891360.60844338,0.20842673982126686,82000.0,2.9866376093636404,0.1553122768282546,78000.0,-2.037100810605308,0.10133036030103677,38
2026-08-28 11:59:59.999815,79599.94,109985560.65963466,72323102.22767438,0.2065862248972814,82000.0,3.0151530264972637,0.15466430363255332,78000.0,-2.0099763894294465,0.10170495510821356,38
2026-08-28 12:10:00.000309,79588.87,110852870.8338445,72699076.90863812,0.20786373772908642,82000.0,3.0294813835150647,0.15340505896424725,78000.0,-1.9963469766564046,0.10086760472805997,38
2026-08-28 13:10:00.008279,79319.41,113568668.04858977,70212964.10334839,0.2359087980533214,82000.0,3.3794880723394094,0.15191032387152537,78000.0,-1.663413784847878,0.10347590779884565,38
2026-08-28 13:19:59.995911,79359.47,114213067.49364251,69630997.7188822,0.24249936881684594,82000.0,3.3273029671191168,0.15238161945365233,78000.0,-1.713053275179388,0.10283636794773575,38
2026-08-28 13:30:00.009285,79200.58,112366394.21314195,70877416.51777196,0.22641407384992046,82000.0,3.5345953274584563,0.15238006815241015,78000.0,-1.5158727372956093,0.1045907480106141,38
2026-08-28 13:40:00.010800,79165.63,112278337.90388758,72303836.74531981,0.21656750568974523,82000.0,3.5803037252403636,0.15165028249842533,78000.0,-1.4723940174542927,0.10525122914204584,37
2026-08-28 13:49:59.998824,79200.9,113775102.80971572,72194081.77061836,0.22359091982325377,82000.0,3.5341770106147807,0.15112571248426782,78000.0,-1.5162706484395994,0.10484726539006338,38
2026-08-28 14:00:00.063227,79392.25,115430090.40893498,71496459.36248255,0.23503151960048757,82000.0,3.284640503323688,0.15104861982815831,78000.0,-1.7536346431799021,0.10370445255071331,38
2026-08-28 14:10:00.049490,78850.97,114213345.66443746,91462608.12384851,0.11061447447574538,82000.0,3.993647763622943,0.14227230974927765,78000.0,-1.079213102895249,0.10875329790976487,37
2026-08-28 14:20:00.010227,78886.88,115937095.14718388,93192950.36827496,0.10875598827920537,82000.0,3.9463089426277076,0.14066379474189136,78000.0,-1.124242713110224,0.10752865721709957,37
2026-08-28 14:30:00.009986,78946.0,117436081.13123992,93866122.62111112,0.11154620298117239,82000.0,3.8684670534289367,0.13981371306894397,78000.0,-1.1982874369822372,0.10722111434877125,37
2026-08-28 14:40:00.017437,79472.84,122228006.08208293,74996138.01435706,0.23948319453540187,82000.0,3.179903977258136,0.14692763165898615,78000.0,-1.8532620704129865,0.09902398695816625,38
2026-08-28 14:50:00.007579,79181.29,118627047.85461418,79490472.04486486,0.19754222559219628,82000.0,3.5598182348380636,0.14601226461281036,78000.0,-1.4918802156418387,0.10209032306604107,38
2026-08-28 15:00:00.013972,79544.43,118684762.86937392,81429081.32361123,0.18617243447601842,82000.0,3.087042046815869,0.1483601798123729,78000.0,-1.9415941505897982,0.0987755668435333,38
2026-08-28 15:10:00.013929,79351.95,122417410.83291629,78886465.58227274,0.21624494284879553,82000.0,3.3370950556350643,0.14512141084642205,78000.0,-1.7037388495178774,0.10051936179105966,38
2026-08-28 15:19:59.976253,79464.64,125857944.29181105,76779574.1365976,0.24219784438661449,82000.0,3.1905511684190646,0.1452936854474169,78000.0,-1.843134254430645,0.09854600354572163,38
2026-08-28 15:30:00.039865,79344.24,124021327.03194612,79500121.02822024,0.21875436927200043,82000.0,3.3471364777077683,0.14382979359797834,78000.0,-1.6941872529121271,0.09830690556846237,38
2026-08-28 15:40:00.009199,79150.91,120176554.452794,83461241.36541888,0.1802971444463621,82000.0,3.5995669538101183,0.14315215560346028,78000.0,-1.4540704585708553,0.10280562147778084,37
2026-08-28 15:50:00.039557,78701.73,119476515.75384599,100536246.17990041,0.08608714061618464,82000.0,4.190848155434446,0.1339745874398971,78000.0,-0.8916322423916156,0.11101891700216807,38
2026-08-28 16:00:00.012361,78331.2,116283218.87810004,102061040.25902653,0.06513648984991892,82000.0,4.683702024225345,0.12879132542092112,78000.0,-0.4228200257368697,0.11162774307850008,37
2026-08-28 16:09:59.975274,78109.78,111969177.85600314,105382633.60642478,0.030303608722013924,82000.0,4.980451871711833,0.13258730668525523,78000.0,-0.1405457805667809,0.11657105946129674,37
2026-08-28 16:20:00.030874,77640.33,96650392.73878331,83926265.50379026,0.07046385373850693,78000.0,0.4632515085909672,0.11534794680256165,70000.0,-9.840671723059401,0.1081659629359853,37
2026-08-28 16:30:00.014719,77519.45,93289634.6313065,84159818.2145278,0.05145023706954205,82000.0,5.779904269186642,0.11288775416894818,70000.0,-9.700081721426034,0.1087691725348713,37
2026-08-28 16:39:59.980154,77868.48,102356006.17649627,81811291.06504488,0.11155463222390864,78000.0,0.16890017629727083,0.11511525537738769,70000.0,-10.104833175117832,0.10777629658074894,37
2026-08-28 16:50:00.009968,77961.31,104689315.10586566,69749095.1231878,0.20030118330474456,78000.0,0.04962718045655734,0.1148042059712469,70000.0,-10.21187304318001,0.10681215914888416,37
2026-08-28 17:00:00.006511,77782.63,100831168.56063479,83886487.87978137,0.09173286954471092,82000.0,5.421994602136748,0.12102661216622751,70000.0,-10.005614364029613,0.10591123732751853,37
2026-08-28 17:09:59.987683,77809.02,102054265.2680186,85888466.1947714,0.08601449466774301,78000.0,0.2454471216833065,0.1148842668179032,70000.0,-10.036137198489337,0.10576854222879108,37
2026-08-28 17:20:00.009635,78068.02,69156762.85502827,109124704.40660346,-0.22418449974343888,82000.0,5.036607819693639,0.12873059203590312,78000.0,-0.0871291471206792,0.11411780635088316,37
2026-08-28 17:30:00.039097,77931.94,105597923.76723579,71227531.984353,0.19437468229216742,82000.0,5.220016337332289,0.11961389636488368,70000.0,-10.17803483398463,0.10533272574532934,37
2026-08-28 17:40:00.016106,77722.83,101057969.28336112,87832218.31069857,0.0700182002099853,82000.0,5.503106358839482,0.11686443035424801,70000.0,-9.936372620502887,0.1049513575580972,37
2026-08-28 17:50:00.008863,77966.93,108079260.73333779,71504994.96939753,0.2036607586829962,78000.0,0.042415418947494565,0.11956654434988752,70000.0,-10.21834513684199,0.1053722381131513,37
2026-08-28 18:00:00.020392,77898.04,107288762.4022491,72720833.44743568,0.1920338123734194,78000.0,0.13088904419162883,0.1220857599326638,70000.0,-10.138945729571624,0.10502289483758767,37
2026-08-28 18:09:59.996576,77792.15,105303186.51167084,88788440.38021508,0.08508737031018296,78000.0,0.2671863420666609,0.12382789640696736,70000.0,-10.016627641735054,0.10399892415992898,37
2026-08-28 18:20:00.010096,77664.36,101829016.08993675,94200115.4480526,0.038917178186884484,78000.0,0.43216734162232484,0.12302724158033324,70000.0,-9.868567770338931,0.10426026838655336,37
2026-08-28 18:30:00.020749,77565.57,99536937.20396842,103834163.51007019,-0.021129975158781907,78000.0,0.5600809740713419,0.11693782816064978,75000.0,-3.3076144480083225,0.11661643997840863,37
2026-08-28 18:40:00.008259,77412.05,103244607.36061466,96633363.14657472,0.0330764025533376,78000.0,0.7595070793242176,0.1137330093850906,75000.0,-3.115858577572872,0.11804617108541952,38
2026-08-28 18:50:00.022777,77289.16,98329513.72582445,101617809.16395167,-0.016445808779044974,78000.0,0.9197150027248302,0.11303094104326676,75000.0,-2.9618124973799786,0.12603297365135735,38
2026-08-28 18:59:59.987598,77538.68,98764322.08984147,105484571.1804736,-0.0329022546121616,78000.0,0.5949546729451693,0.11746086159670635,75000.0,-3.2740820452450192,0.11719665020083408,37
2026-08-28 19:10:00.012354,77681.65,104900752.15262498,103387254.57055952,0.007266369321383476,78000.0,0.4098136432477917,0.12323910615573766,75000.0,-3.4521022661078815,0.11495182722693495,37
2026-08-28 19:19:59.986338,77667.69,104567591.9813213,103991570.51234312,0.0027619091968480633,78000.0,0.4278613153037014,0.12399572272520923,75000.0,-3.4347487352849093,0.11494229181424054,37
2026-08-28 19:29:59.971632,77690.89,105109803.06729846,104345842.44588374,0.0036473622830406867,78000.0,0.39787161660782555,0.12540269493946765,75000.0,-3.463584984030943,0.11524370391217562,37
2026-08-28 19:39:59.998011,77615.73,101640207.956769,106753971.9209429,-0.024538900113115988,78000.0,0.49509294056759856,0.1220042981942553,75000.0,-3.370102941761932,0.1151867392930291,37
2026-08-28 19:50:00.021913,77395.81,105163833.46268022,102212385.77093461,0.014232334366269474,78000.0,0.7806494951083209,0.11624465233273862,75000.0,-3.095529331626601,0.11889082738828197,38
2026-08-28 20:00:00.007301,77548.24,101302717.1790456,108206177.98967728,-0.0329506811874128,78000.0,0.5825535176555929,0.12109436159947172,75000.0,-3.286006233023475,0.11512441376527288,37
2026-08-28 20:10:00.016139,77537.57,100690829.31316023,111410719.33740918,-0.05054130953993946,78000.0,0.5963947541817394,0.1215372872766305,75000.0,-3.2726973517483327,0.11681138351824,37
2026-08-28 20:20:00.020838,77399.08,106760173.82159221,105696240.13852349,0.005007773892241512,78000.0,0.7763916573685359,0.11821276441088108,75000.0,-3.099623406376406,0.12228872791531581,38
2026-08-28 20:30:00.010547,77492.03,111174080.09935772,103262593.3145882,0.03689428052960551,78000.0,0.6555125733575418,0.12133316816563887,75000.0,-3.215853294848514,0.11781587150642465,38
2026-08-28 20:39:59.994461,77394.01,108840472.83762339,105826089.48913574,0.014042165280959033,78000.0,0.7829934125392901,0.12078361807509493,75000.0,-3.0932755648660604,0.12117172145609244,39
2026-08-28 20:50:00.020448,77423.32,109777364.28888437,104912093.43264133,0.022661899228204305,78000.0,0.744840185101836,0.12201535531089824,75000.0,-3.1299613604789944,0.11894452058845127,39
2026-08-28 21:00:00.001397,77401.97,109544525.9186863,104897796.0251531,0.0216689030943721,78000.0,0.7726289137085285,0.12215248651619509,75000.0,-3.103241429126413,0.11900958427502002,39
2026-08-28 21:10:00.029046,77335.71,106753906.44826849,109266864.24362122,-0.011632945236256737,78000.0,0.8589692911592728,0.1177967289939035,75000.0,-3.0202218354237753,0.12384126096970918,39
2026-08-28 21:20:00.010235,77385.36,108752547.11619115,107391841.52261502,0.006295354703146962,78000.0,0.7942587590210826,0.12005511528420455,75000.0,-3.0824435009412676,0.12120219121911108,39
2026-08-28 21:30:00.027712,77395.51,109536963.63636157,106251413.00132576,0.015225799861094062,78000.0,0.7810401404422684,0.12109455466004035,75000.0,-3.0951537111132077,0.1185377802767561,39
2026-08-28 21:39:59.996856,77526.49,102630746.55994435,115758146.83366574,-0.060110200980145155,78000.0,0.6107718793924466,0.12730395017631652,75000.0,-3.258873192891887,0.11571536121132672,38
2026-08-28 21:50:00.013130,77384.21,108684521.28533679,108245278.30986705,0.0020248162137676616,78000.0,0.7957566537152738,0.11926348929953268,75000.0,-3.0810032175814794,0.12101382604559208,39
2026-08-28 21:59:59.961265,77364.09,108325699.81104335,109408303.22504935,-0.004972137557341179,78000.0,0.8219705033692071,0.11882662483097536,75000.0,-3.0557975929142223,0.12321663419729512,39
2026-08-28 22:10:00.014279,77423.04,111147532.8309837,106442645.41553655,0.021622701232942198,78000.0,0.7452045282644537,0.12219770468804737,75000.0,-3.129611030514945,0.11801718477266057,39
2026-08-28 22:20:00.007721,77446.22,111540503.26377094,105927352.64653786,0.025811403684175463,78000.0,0.715051037997716,0.12318375833883123,75000.0,-3.158604771156037,0.11797759699640689,39
2026-08-28 22:29:59.970384,77577.13,104777957.96589729,115397994.18181276,-0.048234314930046394,78000.0,0.5450962158563888,0.13079657001912717,75000.0,-3.322022869368857,0.11464024295008637,38
2026-08-28 22:40:00.006814,77697.13,111859338.87704404,111509262.2928904,0.0015672595983501991,78000.0,0.389808478125242,0.14031920105174964,75000.0,-3.4713380018026485,0.11384584058054366,38
2026-08-28 22:50:00.016568,77754.23,114693359.48676121,109667189.47237536,0.02240220055488133,78000.0,0.31608569720258384,0.14321061386108044,75000.0,-3.5422252911513574,0.11305175199590399,38
2026-08-28 23:00:00.048477,77754.17,115253075.76907057,109787994.89654909,0.02428481546215997,78000.0,0.3161631073934634,0.1447490685807998,75000.0,-3.5421508582755057,0.11284718850325898,38
2026-08-28 23:10:00.011829,77714.32,113672681.21037865,111465540.25882101,0.009803492881636658,78000.0,0.3676027789987657,0.14351408174376779,75000.0,-3.4926896355781056,0.11284003622903604,38
2026-08-28 23:19:59.978611,77699.49,111941780.5408324,111911171.88234887,0.00013673555855395252,78000.0,0.38675929533127373,0.14322813074884105,75000.0,-3.4742699083353146,0.11319190460190504,38
2026-08-28 23:30:00.005161,77680.24,111364782.79220572,112537774.7570562,-0.005238850228820676,78000.0,0.4116362153360864,0.14194373136420593,75000.0,-3.4503497929460614,0.11217685531056641,38
2026-08-28 23:39:59.999157,77682.87,110958831.0872161,112827333.04509372,-0.008349497231530814,78000.0,0.40823671936940364,0.1409902470864431,75000.0,-3.453618539067871,0.11201001549873589,38
2026-08-28 23:50:00.036337,77637.81,109261092.68794544,114070297.1940033,-0.02153393890845334,78000.0,0.4665123861685494,0.13807642261366843,75000.0,-3.3975842440687076,0.11095619204698909,38
2026-08-29 00:00:00.013254,77840.14,121341950.1751216,107227063.72446173,0.06175328059498445,78000.0,0.20536962035269113,0.15458581346196473,75000.0,-3.648683057353186,0.11163341340856701,38
2026-08-29 00:10:00.029119,77871.85,124893628.47756001,106203939.51695253,0.0808735856582068,78000.0,0.16456524405159545,0.15769078665901637,75000.0,-3.6879180345657736,0.10866393619328185,38
2026-08-29 00:19:59.996273,77890.04,126384610.74984178,105863826.45605224,0.08835703930096782,78000.0,0.14117337723797974,0.1586349786522656,75000.0,-3.7104102141942596,0.1083413138563759,38
2026-08-29 00:30:00.015128,77900.26,127182889.17060617,92991539.84201103,0.15529209945917824,78000.0,0.12803551618441045,0.16138911153225294,75000.0,-3.7230427728995985,0.10810099387050852,38
2026-08-29 00:39:59.996595,77788.6,119442784.13613816,110243106.01286037,0.04005330112925048,78000.0,0.2717621862329267,0.1569043528456429,75000.0,-3.5848440516990987,0.1088681301562554,38
2026-08-29 00:50:00.024809,77751.48,117236783.38048337,112385677.84683126,0.02112644167179169,78000.0,0.31963378703532275,0.1539169183672788,75000.0,-3.5388136663122016,0.11090620329056981,38
2026-08-29 01:00:00.013403,77731.02,115684924.73826963,113405961.13392435,0.009947858011325134,78000.0,0.3460394576064951,0.15243021792371178,75000.0,-3.5134235984552897,0.11090311752948143,38
2026-08-29 01:09:59.992799,77673.95,112162442.83437684,116013280.53034258,-0.01687663191850827,78000.0,0.4197675024895764,0.14690395619047109,75000.0,-3.442531247606173,0.11001114857442869,38
2026-08-29 01:20:00.010649,77700.57,114401924.43796384,115337174.75353217,-0.004070923577482831,78000.0,0.3853639683724319,0.15034255932071078,75000.0,-3.475611568872672,0.10993343338680149,38
2026-08-29 01:29:59.955410,77788.64,125045292.4607197,109901757.36811154,0.0644550978769083,78000.0,0.27171062509898647,0.16555776727759855,75000.0,-3.5848936297125156,0.10704320841556571,38
2026-08-29 01:39:59.980264,77778.05,124381079.30495948,110617366.91009581,0.0585693761662918,78000.0,0.2853632869427747,0.1657294129685397,75000.0,-3.5717660702473286,0.10706194739506764,38
2026-08-29 01:50:00.011506,77809.74,127048836.77494495,109469470.28548536,0.07432560594545466,78000.0,0.24451951645128034,0.16825222304448437,75000.0,-3.611038926489163,0.10668091921078496,38
2026-08-29 02:00:00.025786,77794.36,124138337.88646634,110142024.85304156,0.05974172512694556,78000.0,0.2643379288678416,0.1662223866400566,75000.0,-3.5919827607039934,0.1073171415728411,38
2026-08-29 02:09:59.997282,77798.47,123912316.78292948,110009611.19178714,0.059433101084243,78000.0,0.259041083969902,0.16625682226564253,75000.0,-3.597075880798173,0.10739026946303684,38
2026-08-29 02:20:00.000109,77666.89,110289401.31188017,117131905.58122951,-0.030087349170697462,78000.0,0.42889576240274785,0.1470665472889339,75000.0,-3.4337540746127493,0.11010872533071432,38
2026-08-29 02:30:00.012406,77634.76,108052682.27935253,118821763.46290243,-0.04746714046316312,78000.0,0.4704593663972245,0.14238818624251393,75000.0,-3.393789070771902,0.10904578959369444,38
2026-08-29 02:40:00.007436,77665.55,110519514.20362157,117536045.04414394,-0.03076676080015851,78000.0,0.4306285090365014,0.14860770526856903,75000.0,-3.432087972080289,0.10999205044340632,38
2026-08-29 02:50:00.011230,77642.57,107929260.29655501,118414100.51664439,-0.046322720412119746,78000.0,0.460353128444857,0.14380673087716087,75000.0,-3.4035066072645503,0.10939003803517522,38
2026-08-29 03:00:00.051310,77673.22,111237929.47172919,115838069.751838,-0.02025815275871472,78000.0,0.42071128247289646,0.1507238291465251,75000.0,-3.4416237668529748,0.10795847531500119,38
2026-08-29 03:10:00.011237,77699.3,114591616.0024963,114681147.39999616,-0.0003905016722055439,78000.0,0.38700477353077467,0.15549794379349782,75000.0,-3.47403387160502,0.10749559429409997,38
2026-08-29 03:19:59.992463,77656.87,109543667.41362548,116463648.20511726,-0.0306183929159411,78000.0,0.44185401755183484,0.14913083809701833,75000.0,-3.4212942138924674,0.108360720150912,38
2026-08-29 03:30:00.025112,77692.87,113920622.36041684,115207234.56412643,-0.005615258751070572,78000.0,0.3953129804575406,0.1557818566717661,75000.0,-3.466045211098512,0.10741866650938851,38
2026-08-29 03:40:00.010196,77605.42,104435819.73073547,120618248.06101719,-0.0719046249155366,78000.0,0.508443868997821,0.1396186467683707,75000.0,-3.3572655105790217,0.10960045988870078,38
2026-08-29 03:49:59.995563,77585.02,102445371.79757926,122261894.64785293,-0.08818817105358676,78000.0,0.5348712934532873,0.13684916519312598,75000.0,-3.3318545255256793,0.11069322725730525,38
2026-08-29 04:00:00.009915,77504.46,95570736.74654137,125648573.1846762,-0.13596388329520945,78000.0,0.6393696569203744,0.12446073496558133,75000.0,-3.231375329884245,0.11160853604682577,38
2026-08-29 04:09:59.967312,77573.61,101699320.26294841,121118445.46937814,-0.08715249945445618,78000.0,0.5496585758997252,0.1363522327354822,75000.0,-3.3176359847118086,0.11059782161653922,38
2026-08-29 04:20:00.007373,77593.94,102965767.60040364,119848807.83787632,-0.07577170480999039,78000.0,0.5233140629281152,0.13855164954406493,75000.0,-3.342967247184514,0.11085197402738241,38
2026-08-29 04:30:00.010829,77606.86,103495979.05933142,119332635.28861548,-0.07107101695904784,78000.0,0.5065789287184153,0.13955005562934744,75000.0,-3.3590587223861434,0.11087287330336837,38
2026-08-29 04:39:59.986815,77623.86,105415606.91380933,117582403.86223072,-0.0545601142632643,78000.0,0.4845675028271046,0.14352547079979297,75000.0,-3.380223554973949,0.10866326185686126,38
2026-08-29 04:50:00.017709,77634.51,105784042.46674171,116559623.85074715,-0.04846363092987223,78000.0,0.47078290311872717,0.1446972012191953,75000.0,-3.3934779777704427,0.10786897162537284,38
2026-08-29 05:00:00.011367,77647.32,107428907.17049924,115894857.65930189,-0.037908865163789,78000.0,0.45420756312000155,0.14908400138259104,75000.0,-3.409415804692306,0.10881635843736434,38
2026-08-29 05:10:00.027027,77673.99,110267876.92688313,113785441.92957403,-0.01569967818662161,78000.0,0.4197157890305281,0.15529708257827596,75000.0,-3.442580972086029,0.10851608722262893,38
2026-08-29 05:20:00.011722,77697.96,112643999.72556707,112315588.3950111,0.00145986811809038,78000.0,0.38873607492395656,0.15905159000016128,75000.0,-3.472369158726951,0.10828501542665565,38
2026-08-29 05:30:00.016185,77662.39,106471743.48973137,115071139.10854472,-0.03881594171728208,78000.0,0.4347149244312565,0.14822943560884047,75000.0,-3.4281587265084124,0.11025547184229804,38
2026-08-29 05:40:00.010730,77708.22,114300963.69705191,110891226.19759065,0.015141455398859652,78000.0,0.3754815127666067,0.16404289080617232,75000.0,-3.4851139300321132,0.10846880858391916,38
2026-08-29 05:50:00.007966,77682.33,109499945.9963684,113167017.93385342,-0.0164688639605927,78000.0,0.40893469595981724,0.15337383785423517,75000.0,-3.452947407730944,0.10896405944119317,38
2026-08-29 05:59:59.975161,77636.97,101936823.86156215,118149711.51972283,-0.07366596793426258,78000.0,0.4675993924028621,0.13701869922299886,75000.0,-3.396539045766467,0.10852370103691288,38
2026-08-29 06:10:00.012441,77576.11,93240581.35781296,126942339.26292542,-0.15306254368004868,78000.0,0.5464182207640889,0.11731059396340868,75000.0,-3.3207517108037488,0.11152503325932456,38
2026-08-29 06:19:59.998373,77463.19,122342968.22116792,100580128.69022256,0.09762487527075696,77500.0,0.04751934434923388,0.10110523117919348,75000.0,-3.1798199893394608,0.11386823588455436,39
2026-08-29 06:30:00.009846,77406.45,118842994.74176964,103587258.58566947,0.0685866060388927,77500.0,0.12085556177812151,0.09616933864797787,75000.0,-3.108849456343754,0.1162930099337284,39
2026-08-29 06:40:00.006244,77416.65,120317153.27239625,102138461.03606582,0.08171828925442826,77500.0,0.10766417818390828,0.1008442580177424,75000.0,-3.121615311434933,0.11661834709624479,39
2026-08-29 06:50:00.032727,77458.39,125457183.56938875,97961770.11667952,0.12306661095255035,77500.0,0.05371916457339587,0.1116884509016165,75000.0,-3.1738201633160767,0.11402779829860148,39
2026-08-29 07:00:00.031563,77463.84,128730129.33888856,96498976.76583901,0.14310385158684877,77500.0,0.04667984442805473,0.11899790668993483,75000.0,-3.1806324086180005,0.11368233884984966,39
2026-08-29 07:10:00.016551,77438.44,128985377.0342255,96270734.54461865,0.14523309605367163,77500.0,0.07949540305822733,0.12229359022217332,75000.0,-3.1488754163952692,0.11374429011491242,39
2026-08-29 07:19:59.998314,77515.66,84248208.64272743,143312968.13141432,-0.25955551964520573,82000.0,5.785076202666661,0.10070874806901069,77500.0,-0.02020236943089948,0.13573042639243701,38
2026-08-29 07:30:00.034540,77524.17,84178180.65914604,147603361.1047831,-0.27364206814292386,82000.0,5.773463940342727,0.0994036108056055,77500.0,-0.03117737345655902,0.1473527082897495,38
2026-08-29 07:40:00.010433,77619.6,86930727.73428687,125512055.48955148,-0.18160808839815357,82000.0,5.64341996093769,0.10511176540220045,75000.0,-3.374920767435041,0.11226587602375593,38
2026-08-29 07:49:59.976246,77631.85,86717884.18795732,112055233.1758137,-0.12746869055480461,82000.0,5.626749845585266,0.10915483930229598,75000.0,-3.3901678241598066,0.11658412937518815,38
2026-08-29 07:59:59.999163,77625.21,85474656.78657128,100691530.4150175,-0.0817381172015342,82000.0,5.635785075492872,0.11333618555594277,75000.0,-3.3819038943662894,0.1235722801333881,38
2026-08-29 08:09:59.990990,77512.02,83644291.69719926,103756631.02649474,-0.1073225202788854,78000.0,0.6295539711131282,0.1045252887830317,75000.0,-3.2408134893143092,0.12643853687378473,38
2026-08-29 08:20:00.040927,77543.07,84382901.98268336,101664356.85331018,-0.09288744687101767,82000.0,5.7476831907738335,0.11287950971050806,75000.0,-3.2795580572190453,0.12319476829776375,38
2026-08-29 08:30:00.010872,77596.58,85998326.8691584,101320187.61112377,-0.08179576260507981,82000.0,5.674760408255097,0.1125422034138028,75000.0,-3.3462557241569213,0.12271460899788685,38
2026-08-29 08:40:00.010973,77547.1,85304590.59620604,102205680.51129736,-0.09013420873036648,82000.0,5.742187651117825,0.11240578900338317,75000.0,-3.2845844654410095,0.1227228645492864,38
2026-08-29 08:49:59.977957,77577.8,85871365.40103911,101498883.36614661,-0.08340447892837702,82000.0,5.700342108180423,0.11248939286045465,75000.0,-3.3228578278837517,0.12018462109110503,38
2026-08-29 09:00:00.011225,77639.29,87979018.38186201,101302094.513966,-0.07038777365725028,82000.0,5.616627869729363,0.11258518547963295,75000.0,-3.399425728906069,0.1202058898261084,38
2026-08-29 09:09:59.983129,77607.25,87433321.77866194,102212819.67107251,-0.07793197256442927,82000.0,5.660231486104705,0.11239071677767318,75000.0,-3.3595443724652063,0.12010622502266337,38
2026-08-29 09:19:59.998280,77657.37,89177464.75433905,101136096.723999,-0.06283646775755967,82000.0,5.592038463316484,0.1133646040820299,75000.0,-3.421916039649542,0.12092392526122969,38
2026-08-29 09:30:00.034169,77635.8,89062173.99099815,102281226.33082858,-0.06908548879970185,82000.0,5.621375705537912,0.11175673176145326,75000.0,-3.395083196154358,0.11925373476818153,38
2026-08-29 09:39:59.990525,77721.51,91631209.43555677,100128084.79014134,-0.044310109655409276,82000.0,5.504898193563146,0.1132824317193346,75000.0,-3.5016175058873555,0.11833665013113025,38
2026-08-29 09:50:00.007421,77659.71,89713690.40029605,103761830.18768346,-0.07260939133123706,82000.0,5.588856821638899,0.11241500493928612,75000.0,-3.424826077769294,0.11994422540628906,38
2026-08-29 10:00:00.038178,77652.02,89484879.80026668,103909876.07055572,-0.07458835274687685,82000.0,5.59931344992699,0.11243750221902428,75000.0,-3.4152620884814078,0.11998034840824032,38
2026-08-29 10:10:00.012026,77546.55,86754309.9794048,106413477.52406828,-0.10177249425870247,78000.0,0.5847455496085896,0.10705908048411415,75000.0,-3.283898509991745,0.12237958455137511,38
2026-08-29 10:20:00.010078,77697.02,90593756.01758665,102221771.28834334,-0.060306425697278766,82000.0,5.538153200727636,0.11289875962423329,75000.0,-3.4712013407978914,0.11792972556021121,38
2026-08-29 10:30:00.025846,77670.96,89923141.40852924,102789910.71298102,-0.0667664652850756,82000.0,5.573563143805593,0.11271175536560285,75000.0,-3.438814197738782,0.1177343880651645,38
2026-08-29 10:40:00.011677,77694.99,90319491.93289393,102749514.16349499,-0.06438124110089125,82000.0,5.540910681628253,0.11264395202227023,75000.0,-3.46867925460832,0.11766246530128864,38
2026-08-29 10:50:00.033066,77723.61,91056531.10105082,102394203.9871786,-0.05860754615875127,82000.0,5.502047576019686,0.11273464431233392,75000.0,-3.5042247780307734,0.11803737827811232,38
2026-08-29 10:59:59.999995,77633.5,89092697.18921551,105111935.83853346,-0.08248638768071531,82000.0,5.624504885133352,0.1109679060777505,75000.0,-3.3922211416463233,0.11868354472329441,38
2026-08-29 11:10:00.012880,77641.97,89631414.35324275,103931749.7900996,-0.07387942587189161,82000.0,5.6129822568901755,0.111189226752007,75000.0,-3.4027601308931232,0.11643410112649095,38
2026-08-29 11:20:00.015866,77699.84,91004044.2262118,102669730.90325135,-0.06023369281278018,82000.0,5.5343228506004705,0.1124573592540563,75000.0,-3.474704709816645,0.11774705047768831,38
2026-08-29 11:30:00.019082,77693.1,90739021.3570022,103249082.72182393,-0.06448880679682466,82000.0,5.543478120965695,0.11234310109584404,75000.0,-3.4663309869216286,0.11762741792352067,38
2026-08-29 11:40:00.009771,77687.08,90713855.27247916,103268449.71872586,-0.0647203075910244,82000.0,5.551656723357334,0.11232810852908734,75000.0,-3.458850557904869,0.11761225246352883,38
2026-08-29 11:49:59.972964,77654.98,90084661.03626516,103600785.39978682,-0.06978389245153839,82000.0,5.595288286726752,0.11237300554647027,75000.0,-3.418943640188943,0.11767371960295857,38
2026-08-29 12:00:00.009487,77585.36,88112845.24352664,106045863.37079635,-0.09236267718947326,82000.0,5.6900425544200495,0.11077835325223181,75000.0,-3.3322781514450672,0.11860607844077511,38
2026-08-29 12:09:59.991385,77576.38,88409783.58358002,106230505.5286704,-0.09155721061847091,82000.0,5.702276904387649,0.11058731192175718,75000.0,-3.3210881972064232,0.11840153791130802,38
2026-08-29 12:20:00.000747,77643.78,90145790.14376411,104013881.6835765,-0.07142622053947843,82000.0,5.610520250302087,0.11096618248270791,75000.0,-3.4050119661871214,0.1161849937431216,38
2026-08-29 12:30:00.008614,77587.9,89373218.29323983,105997544.4532269,-0.08509116679633638,82000.0,5.686582572798082,0.11055310040002278,75000.0,-3.3354427687822374,0.11809362993047173,38
2026-08-29 12:39:59.981610,77569.2,89261248.13158765,106747256.17126223,-0.08921045595377435,82000.0,5.712060972654109,0.11010045259990693,75000.0,-3.312139354279786,0.11739753429710445,38
2026-08-29 12:50:00.022450,77588.76,90232148.79774198,106226006.05163574,-0.08141101226444927,82000.0,5.685411134293172,0.1098612839893161,75000.0,-3.3365142064391784,0.11715287825774973,38
2026-08-29 13:00:00.008207,77587.82,90395508.87754801,105902693.51416779,-0.07899809803492226,82000.0,5.686691545142009,0.1098305894437607,75000.0,-3.33534309895549,0.11721488929359386,38
2026-08-29 13:10:00.029574,77595.94,90516910.29138191,105676068.2067041,-0.07726656698608647,82000.0,5.675631998272079,0.10978512001551334,75000.0,-3.345458538165791,0.11742602305215798,38
2026-08-29 13:20:00.005542,77653.98,91745091.89716798,104000930.57682592,-0.06261092064481771,78000.0,0.44559209972239167,0.11204646161391002,75000.0,-3.4176999041130918,0.11667518756985462,38
2026-08-29 13:30:00.008044,77650.08,91559995.2047682,103988735.83897182,-0.06355827812262094,78000.0,0.4506370115781033,0.11210468283756488,75000.0,-3.412849027328757,0.11686035581628659,38
2026-08-29 13:39:59.988592,77667.92,92581054.51362932,103682005.25679117,-0.05656159012372088,78000.0,0.42756391570677454,0.11188400348616578,75000.0,-3.4350346964358014,0.11651205158360087,38
2026-08-29 13:50:00.008364,77707.12,94097902.62224448,102845908.78179803,-0.04441879182284371,78000.0,0.3769023996771592,0.11368368971154119,75000.0,-3.483747692618122,0.11640512014901433,38
2026-08-29 14:00:00.043806,77701.54,93300114.06735094,103131868.31055999,-0.050051697916961235,78000.0,0.38411079111173585,0.11284111156967658,75000.0,-3.4768165470079437,0.11656659472450767,38
2026-08-29 14:09:59.982497,77692.86,93290678.59503347,102826998.71183196,-0.04862549999445999,78000.0,0.39532590253468225,0.11278401328245245,75000.0,-3.4660327860243534,0.1166469515389778,38
2026-08-29 14:20:00.011777,77670.74,92589647.73118356,103048133.12814368,-0.05345841355908788,78000.0,0.42391768122718165,0.11213120417749049,75000.0,-3.4385406911277117,0.11677089075447997,38
2026-08-29 14:30:00.010735,77700.39,93568972.7668574,102360924.96057247,-0.04487294841518313,78000.0,0.3855965201719158,0.1125937156228401,75000.0,-3.4753879613731664,0.11671728119472406,38
2026-08-29 14:40:00.005398,77747.65,94697916.97864804,101769668.54012209,-0.0359944951875964,78000.0,0.32457572672615065,0.11271902102466508,75000.0,-3.5340618012248526,0.11658028346229365,38
2026-08-29 14:50:00.043827,78033.65,61068484.66360912,122922726.21590912,-0.33618041457862685,82000.0,5.082871299753378,0.11356102172906048,78000.0,-0.04312242218580398,0.11552600714962542,38
2026-08-29 15:00:00.029221,78005.07,60352303.23452135,123738544.08248061,-0.34432043619642316,82000.0,5.121372239009592,0.1133179316019118,78000.0,-0.006499577527474543,0.11582874749853576,38
2026-08-29 15:10:00.012619,77927.01,98551195.94973302,84909300.52362968,0.07435876217681585,78000.0,0.09366457150095098,0.11536927775415884,75000.0,-3.7560917581721642,0.11460827712092898,38
2026-08-29 15:20:00.013937,77905.07,98237648.08655778,85458340.71035993,0.06956769965361526,78000.0,0.12185343007842242,0.11547478741780802,75000.0,-3.7289870864630537,0.11471012478759374,38
2026-08-29 15:30:00.013194,77897.65,98501342.62258163,86547296.1878023,0.06459948320413442,78000.0,0.13139035644849084,0.11646102571400214,75000.0,-3.7198169649533597,0.11662188372608767,38
2026-08-29 15:40:00.014332,77873.0,97936411.54701969,99270597.09744099,-0.006765406359500466,78000.0,0.16308605036405854,0.1161612599803128,75000.0,-3.689340336188407,0.11659612818549711,38
2026-08-29 15:50:00.008606,77934.78,99220628.07689619,84809373.2699273,0.07830926860566285,78000.0,0.08368535844971436,0.11655252360236494,75000.0,-3.7656871553368054,0.11450202205649958,38
2026-08-29 16:00:00.015595,77858.84,97516346.3689012,99677994.58023904,-0.01096201950285873,78000.0,0.18130246995717858,0.11593180261844112,75000.0,-3.6718245481181078,0.11663374593363013,38
2026-08-29 16:09:59.975228,77959.19,100190729.65573964,84492258.43809961,0.08500225916673755,78000.0,0.052347901511029526,0.11728467632613919,75000.0,-3.795819325470162,0.11425900251406527,38
2026-08-29 16:19:59.988155,78017.03,61642131.53132906,125143371.56758133,-0.33996878228084876,82000.0,5.1052571470613595,0.11287812853006388,78000.0,-0.021828567429438284,0.11925887228561738,38
2026-08-29 16:29:59.999188,77950.09,100672335.30204026,85017631.79371631,0.08430559686755255,78000.0,0.06402814929400424,0.1199514437410674,75000.0,-3.784588317986548,0.11424841337220733,38
2026-08-29 16:40:00.032572,77966.46,101780292.33867422,84692994.57850918,0.09163402459760284,78000.0,0.04301849795411705,0.11970768794754777,75000.0,-3.804789905813355,0.11401624682388284,38
2026-08-29 16:50:00.011005,78028.7,62110147.323947854,125674466.73907381,-0.3384958865362281,82000.0,5.089537567587321,0.11258920520867553,78000.0,-0.03678133814865037,0.1207412157770027,38
2026-08-29 17:00:00.002495,78021.39,61767785.44444739,125422523.70438378,-0.3400535986578547,82000.0,5.099383643382915,0.11299977722637561,78000.0,-0.027415558733312473,0.12205562130653842,38
2026-08-29 17:10:00.010659,78030.78,61881536.19879823,125378553.51070045,-0.3390846250816538,82000.0,5.086736285347904,0.11296081445804375,78000.0,-0.03944597247393933,0.12297832231103659,38
2026-08-29 17:20:00.009076,78069.32,63377825.789262615,124163281.38192213,-0.324118037424059,82000.0,5.03485876398051,0.11263587928495603,78000.0,-0.08879288304292077,0.12350657189697443,38
2026-08-29 17:29:59.974881,77989.48,103765895.91109571,83682615.58339103,0.10714024970155804,78000.0,0.013488998772670513,0.12440293354079072,75000.0,-3.8331836550262843,0.11135532032062656,38
2026-08-29 17:39:59.982062,77951.38,102489842.64455962,84772831.72022755,0.09461047688456793,78000.0,0.062372212012151707,0.12579250424196464,75000.0,-3.786180565372932,0.1110141928523113,38
2026-08-29 17:50:00.006585,78049.32,63024934.13043012,125092131.76032607,-0.32993921809273685,82000.0,5.0617737604888635,0.11278131740011892,78000.0,-0.06319081319351438,0.12578511897835573,38
2026-08-29 18:00:00.041567,78099.34,107823911.38373214,122266933.79221681,-0.06277095639089936,82000.0,4.994485228684398,0.12218142510855792,78000.0,-0.1271969775928916,0.12249370382102846,38
2026-08-29 18:09:59.986562,78084.87,63793116.62817959,123137255.0941144,-0.3174665407186863,82000.0,5.013941881442596,0.11327471709462893,78000.0,-0.10868942984728625,0.12483147525003635,38
2026-08-29 18:20:00.004840,78055.59,63170805.406453975,124386105.80310352,-0.3263825363825364,82000.0,5.05333442486311,0.11302571527042775,78000.0,-0.07121847391070579,0.12398899985728393,38
2026-08-29 18:30:00.009114,78054.39,62574723.67849308,124328667.40080294,-0.3304056890873104,82000.0,5.054949503801143,0.11327644239775266,78000.0,-0.06968217931111464,0.12396485142985396,38
2026-08-29 18:40:00.008490,78171.51,109934610.51657867,124598722.33056797,-0.06252463833593495,82000.0,4.89755155043059,0.12099449046569026,78000.0,-0.2194021837367499,0.13096155519158698,38
2026-08-29 18:50:00.009820,78238.42,113173471.90663996,121716472.55228384,-0.03637022719436943,82000.0,4.807842489661729,0.12125143866793599,78000.0,-0.30473519276079664,0.12846707631004592,38
2026-08-29 19:00:00.036555,78158.98,109672611.18992074,124832335.2635379,-0.06464564736431203,82000.0,4.914368125070223,0.1210185933295182,78000.0,-0.20340592981126226,0.13130109799836215,38
2026-08-29 19:10:00.005823,78244.3,112771543.49985749,121956574.65303242,-0.039130510760505804,82000.0,4.7999662595230586,0.12102773544776323,78000.0,-0.31222721655124186,0.1290371870700382,38
2026-08-29 19:19:59.991692,78295.16,114516077.85593773,120254065.38624248,-0.02444087417191567,82000.0,4.731888918804161,0.118187748048509,78000.0,-0.37698371138139564,0.12323867571271034,38
2026-08-29 19:30:00.032003,78247.16,112756827.92511725,121788301.80781883,-0.0385063373218844,82000.0,4.796135731954987,0.12111404204082303,78000.0,-0.3158708891159767,0.12917994613245273,38
2026-08-29 19:40:00.012518,78204.56,111622934.69554053,123418162.04630546,-0.05018368070210313,82000.0,4.853220835204497,0.12112758009887337,78000.0,-0.26157042504938444,0.13139071435282113,38
2026-08-29 19:50:00.019046,78246.66,113281435.51530935,122006728.21133421,-0.03708343232327598,82000.0,4.796805384408742,0.12112016542651503,78000.0,-0.31523390263559214,0.13006098837280888,38
2026-08-29 20:00:00.016173,78184.15,111104265.9129048,124234416.08179761,-0.05579257118975614,82000.0,4.880592805575046,0.12095506237361442,78000.0,-0.23553367274568027,0.13242075500252343,38
2026-08-29 20:10:00.019446,78242.48,112841596.51415847,122206551.12786147,-0.039842707579920575,82000.0,4.802404013778716,0.12165996746264132,78000.0,-0.30990837713732455,0.13083963661817144,38
2026-08-29 20:20:00.012571,78259.63,113722847.3328051,121590408.30797504,-0.0334344147070926,82000.0,4.779437367644079,0.1215902791909649,78000.0,-0.33175469907026356,0.12989827793297143,38
2026-08-29 20:30:00.010037,78180.5,109814305.32862681,125176135.03587495,-0.06537214740914513,82000.0,4.885489348366923,0.12160590976662645,78000.0,-0.2308759856997633,0.13418429173204224,38
2026-08-29 20:39:59.978888,78136.25,109320112.64706852,126353825.89080289,-0.07227660957937085,82000.0,4.944887936137188,0.12125736684873116,78000.0,-0.17437489001583817,0.135368151923836,38
2026-08-29 20:49:59.992815,78146.48,109849931.03720358,126718761.28584471,-0.07130626661961578,82000.0,4.931149809946667,0.12099928912706168,78000.0,-0.1874428637092751,0.13670616340508138,38
2026-08-29 21:00:00.008110,78124.73,108872233.311066,127765779.47601043,-0.07984155183869202,82000.0,4.9603627430136354,0.12091277763348496,78000.0,-0.1596549517675072,0.13833720362552374,38
2026-08-29 21:09:59.999205,78130.08,108858759.97552063,127906341.81432688,-0.0804492794538313,82000.0,4.953175524714681,0.12088076237457102,78000.0,-0.16649157405188575,0.139164736727636,38
2026-08-29 21:20:00.009716,78175.86,110925963.71291453,126431667.3577359,-0.06532633298908365,82000.0,4.8917146546261225,0.12079699043906901,78000.0,-0.22495435291661758,0.13786497614276969,38
2026-08-29 21:29:59.970359,78103.07,107829025.82599092,129288591.83170082,-0.09050177805298891,82000.0,4.989470964457587,0.12040013804435798,78000.0,-0.1319666435647293,0.1415225244419516,38
2026-08-29 21:40:00.008097,78084.85,63090925.35336911,130603206.07552394,-0.3485509871884746,82000.0,5.013968778834821,0.11150224043262864,78000.0,-0.10866384452298261,0.14433428692603426,38
2026-08-29 21:50:00.007667,78156.24,110044619.80399618,127100976.95521222,-0.0719235667214797,82000.0,4.918046211025495,0.12095138535673543,78000.0,-0.19990726268306336,0.13955105939044474,38
2026-08-29 22:00:00.044070,78161.98,110369425.92000239,127126733.68375145,-0.07055822625387918,82000.0,4.910341319398515,0.12084482488576545,78000.0,-0.2072363059379967,0.14028989356268773,38
2026-08-29 22:09:59.988758,78203.91,112110897.73699802,125927523.74198076,-0.05804368017203848,82000.0,4.854092333746474,0.12072670230826908,78000.0,-0.26074143863139554,0.13927213786861586,38
2026-08-29 22:20:00.009025,78080.89,63143419.72251273,130679884.79739219,-0.3484434714502751,82000.0,5.019294733961144,0.11176917963880276,78000.0,-0.10359769208573288,0.1470266595324515,38
2026-08-29 22:30:00.026809,78145.31,109432363.92708811,128500440.74586868,-0.0801405961863477,82000.0,4.932720850425953,0.12060525023612312,78000.0,-0.1859484593509153,0.14306384391959798,38
2026-08-29 22:40:00.010686,78176.36,110550300.42673597,127061551.28281358,-0.06948833038959912,82000.0,4.891043788684968,0.12047636643199869,78000.0,-0.22559249368990786,0.14135769300879106,38
2026-08-29 22:50:00.024093,78186.52,110817632.6328482,127140489.53892323,-0.06859550225519212,82000.0,4.877413651355744,0.12039397123590889,78000.0,-0.23855774627136173,0.14144334792549054,38
2026-08-29 23:00:00.023480,78219.96,112774507.57944624,125041273.02236864,-0.05158095653652677,82000.0,4.832577260330995,0.12118170980935107,78000.0,-0.28120699627052215,0.13908915218778442,38
2026-08-29 23:10:00.011688,78217.43,112613896.14860925,125233241.81173736,-0.05305653778870351,82000.0,4.83596814674172,0.1211949766507132,78000.0,-0.2779815189529966,0.13909853103483183,38
2026-08-29 23:20:00.014068,78245.89,113753203.69690882,124049459.90947983,-0.043297480593461266,82000.0,4.7978366659258365,0.12126817983437095,78000.0,-0.3142529275339534,0.1374619476029199,38
2026-08-29 23:29:59.965327,78259.46,114685070.18958919,123332312.56352337,-0.03633029770310379,82000.0,4.779664975965847,0.1212758970253726,78000.0,-0.3315381935934725,0.13655158916296548,38
2026-08-29 23:40:00.013475,78259.71,114589157.00686483,123246743.92626464,-0.03640151417608732,82000.0,4.779330258187753,0.12128530903709757,78000.0,-0.3318565836750609,0.13705115328307352,38
2026-08-29 23:49:59.994801,78277.42,114805238.52284727,123011481.83330789,-0.03450658682943288,82000.0,4.755624291142957,0.11716539463310532,78000.0,-0.3544061620835204,0.13270916318216153,38
2026-08-30 00:00:00.011544,78231.8,112446640.38032722,124852498.84158665,-0.052279407763286906,82000.0,4.8167113628984515,0.1210188888591391,78000.0,-0.2962989474868283,0.14052697937026676,38
2026-08-30 00:10:00.022671,78182.88,109936274.37964033,127591617.17792124,-0.07432955634181758,82000.0,4.882296482298942,0.12090143502929045,78000.0,-0.23391310220345352,0.14479569448603583,38
2026-08-30 00:20:00.030577,78279.43,115401780.54454911,122652590.1862166,-0.0304586285032674,82000.0,4.752934455450175,0.11714492494869023,78000.0,-0.35696478627909034,0.13203406985911811,38
2026-08-30 00:30:00.005316,78214.8,111676087.763274,126554899.00826015,-0.06245539863063688,82000.0,4.839493292829489,0.12068505449289373,78000.0,-0.27462833121097985,0.14315245680186248,38
2026-08-30 00:40:00.013218,78233.71,112549324.88477601,124817832.75058207,-0.05168578495872989,82000.0,4.814152364754265,0.12071702018786115,78000.0,-0.2987331164532647,0.14093414108367197,38
2026-08-30 00:49:59.986336,78234.6,112875056.11913449,124486668.65014346,-0.04891948161522578,82000.0,4.812959994682653,0.1213851090889172,78000.0,-0.299867322131131,0.14026872285365694,38
2026-08-30 01:00:00.008810,78180.44,109120159.7203717,127922207.03623739,-0.07931935363761916,82000.0,4.885569843300952,0.12107752289146426,78000.0,-0.23079941734787113,0.1463538027157403,38
2026-08-30 01:10:00.013243,78109.34,105707975.56111133,131461563.96104005,-0.10858725134693514,82000.0,4.981043240155403,0.12108771216479486,78000.0,-0.1399832593643735,0.15284673334538476,38
2026-08-30 01:20:00.013787,78034.69,58929135.80352552,135459658.53675902,-0.39369822212726974,82000.0,5.081470817658151,0.11154060132098544,78000.0,-0.044454588081277446,0.1567862664996664,38
2026-08-30 01:29:59.974197,78008.51,58495820.399401456,135466878.0506593,-0.39683433086014447,82000.0,5.116736622709506,0.11138383198653422,78000.0,-0.010909066203157458,0.15511353359164803,38
2026-08-30 01:40:00.024584,78051.29,60398380.41519603,133564869.90283953,-0.3772183100029241,82000.0,5.059122020917273,0.11175505723926327,78000.0,-0.06571319961526934,0.1560804868108974,38
2026-08-30 01:50:00.010461,78107.74,105926995.92405769,132677196.19522767,-0.11211119148232213,82000.0,4.983193727023716,0.12065460915666683,78000.0,-0.1379376742945082,0.15567377466073168,38
2026-08-30 02:00:00.021197,78075.01,60984868.28977142,134664351.58078867,-0.3765897116265681,82000.0,5.027203967056826,0.11161533158153562,78000.0,-0.09607427523863343,0.16159613089957683,38
2026-08-30 02:09:59.983211,78079.14,61164700.65079961,135301524.1242648,-0.37735149417333685,82000.0,5.021648547870794,0.11083598450930734,78000.0,-0.10135869836680467,0.16306402305937936,38
2026-08-30 02:20:00.010621,78060.4,59962846.50100233,136395553.33331585,-0.3892510170015917,82000.0,5.046861148546511,0.110858959132582,78000.0,-0.07737598065087337,0.16482787494553006,38
2026-08-30 02:29:59.993114,78036.35,58415117.00856688,138564029.51745692,-0.40689034307650024,82000.0,5.079235510118041,0.11057324128583557,78000.0,-0.04658085622918362,0.1665600528790751,38
2026-08-30 02:40:00.002444,78064.64,60059735.99672574,135677252.11808562,-0.38632205823564486,82000.0,5.0411556371745325,0.1110532693806554,78000.0,-0.0828031743949631,0.1653050845049422,38
2026-08-30 02:50:00.032162,78106.3,104911672.70860495,133943850.97556071,-0.12154702482553632,82000.0,4.985129240535002,0.12032170725116044,78000.0,-0.13609657607644987,0.16240437418523665,38
2026-08-30 03:00:00.020694,78098.4,100558746.82834773,135406037.8072353,-0.14768004909166715,82000.0,4.995748952603396,0.11115388918673623,78000.0,-0.1259948987431203,0.16748644651778183,38
2026-08-30 03:10:00.010805,78087.62,60337605.53268275,136343312.52166432,-0.3864416931793027,82000.0,5.010243621203991,0.11104771852596662,78000.0,-0.11220728714743666,0.17006256351740176,38
2026-08-30 03:20:00.008975,78076.51,59523393.21895681,137235490.67186588,-0.3949610605436746,82000.0,5.025186192364384,0.11101028376215569,78000.0,-0.09799362189728544,0.17221934836708466,38
2026-08-30 03:29:59.990135,78163.64,107791727.46389562,130379484.03337915,-0.09483831579595417,82000.0,4.908113286433435,0.1207512605156686,78000.0,-0.20935565436819292,0.15866702600176028,38
2026-08-30 03:40:00.011713,78183.32,108156229.83551128,129076466.7287464,-0.08818445853465476,82000.0,4.881706225829241,0.12112734809290891,78000.0,-0.2344745656746361,0.15615272333178826,38
2026-08-30 03:50:00.014659,78161.91,107098134.20591539,130860744.83956283,-0.09986015537207998,82000.0,4.91043527467534,0.1209666725903244,78000.0,-0.2071469338454035,0.16027213511407598,38
2026-08-30 04:00:00.011004,78134.61,105260021.73160678,134421003.06985712,-0.12166579044964193,82000.0,4.947090668271081,0.12009696977922239,78000.0,-0.1722796082299527,0.16805307212339385,38
2026-08-30 04:10:00.017667,78156.77,107296624.05120231,131649975.97814268,-0.10191964197837315,82000.0,4.917334736325452,0.12038627324676171,78000.0,-0.2005840313001772,0.16285623041442682,38
2026-08-30 04:20:00.015622,78147.86,106059965.56173314,132990513.75666286,-0.11265632376775282,82000.0,4.929296848307807,0.12055425285359841,78000.0,-0.18920543697550363,0.1670515171794885,38
2026-08-30 04:30:00.012039,78116.65,100370265.04477698,137325804.10350707,-0.15547391755845905,82000.0,4.97121932392135,0.1108564845390825,78000.0,-0.14932796017237404,0.17806246361375652,38
2026-08-30 04:39:59.965361,78028.34,56019752.03152997,144064907.37915057,-0.4400395093104312,82000.0,5.0900224200591815,0.10959264183865514,78000.0,-0.03632013701687642,0.1872881941458851,38
2026-08-30 04:50:00.022451,78003.95,54831519.02690193,143446835.2061801,-0.44692380326653436,82000.0,5.122881597662676,0.11023179500492797,78000.0,-0.005063846125741289,0.18535462109317724,38
2026-08-30 05:00:00.010383,78108.06,102981388.1614478,135421051.0221714,-0.13607101912132016,82000.0,4.982763622601816,0.1204923481604849,78000.0,-0.1383467980129005,0.17389694957760948,38
2026-08-30 05:10:00.012385,78174.25,107161165.22757266,129726698.34641369,-0.09525829132142605,82000.0,4.893874901262252,0.12203078859218196,78000.0,-0.22289948416518435,0.16180374709102008,38
2026-08-30 05:20:00.012232,78132.72,103377239.14605062,133789071.36042012,-0.1282299840539104,82000.0,4.949629297431346,0.12123372117930045,78000.0,-0.16986481463847625,0.1715939126665034,38
2026-08-30 05:30:00.015865,78143.43,104196360.08280271,132041218.93689205,-0.11786803339941082,82000.0,4.9352453558795695,0.12157170728197995,78000.0,-0.1835471005047884,0.16859857042775828,38
2026-08-30 05:39:59.980844,78122.7,101959999.74806282,135004440.72420457,-0.13944894394401355,82000.0,4.963090113372948,0.12128163814771278,78000.0,-0.1570606238647576,0.17599353254820985,38
2026-08-30 05:50:00.011480,78129.74,102022327.4011955,134112768.880934,-0.13589865286859978,82000.0,4.953632253223916,0.12157751740329585,78000.0,-0.16605712498212188,0.1748226353246608,38
2026-08-30 05:59:59.994838,78126.96,101663792.2967348,134073499.4796952,-0.13748230896661578,82000.0,4.957366829580967,0.12170765120792978,78000.0,-0.16250472308151354,0.17547481484034627,38
2026-08-30 06:10:00.028552,78109.87,95979415.24542415,137446991.60311157,-0.17764732327218932,82000.0,4.980330910805519,0.11195045452404258,78000.0,-0.1406608409410981,0.18501992009874033,38
2026-08-30 06:20:00.008643,78138.66,101226185.00858712,133443564.06568679,-0.13728816425717805,82000.0,4.941651162177596,0.1220979441068456,78000.0,-0.1774537725627745,0.17441150342304798,38
2026-08-30 06:30:00.017287,78177.7,103042379.41680399,128638766.75326115,-0.1104810976619918,82000.0,4.889245910278772,0.12385779736664489,78000.0,-0.22730267071043864,0.16318266408399995,38
2026-08-30 06:40:00.010754,78239.25,108393667.257934,118521919.36256152,-0.04463444867525338,82000.0,4.806730637116274,0.1253258972927616,78000.0,-0.30579280859670543,0.13653437676641073,38
2026-08-30 06:50:00.021843,78285.94,114048272.171858,111625111.35160032,0.010737468382069062,82000.0,4.744223547676629,0.12188537535702886,78000.0,-0.3652507717222253,0.11540706199351351,38
2026-08-30 06:59:59.998388,78274.91,112110039.32365084,111233271.12791963,0.0039256523688061176,82000.0,4.758983434155328,0.12266035651530176,78000.0,-0.3512108797058988,0.11512674531667379,38
2026-08-30 07:10:00.011573,78247.03,104497558.7619173,114601008.2667855,-0.04611371786628169,82000.0,4.796309840769686,0.12786053379756965,78000.0,-0.31570527341421295,0.12801724586705576,38
2026-08-30 07:19:59.977456,78233.69,100612436.19704573,114254319.08533049,-0.06348996553867396,82000.0,4.8141791598990125,0.12938292379977118,78000.0,-0.2987076283887391,0.12867055983266715,38
2026-08-30 07:29:59.998412,78221.22,98693339.80567324,112769513.67851377,-0.06656570476049652,82000.0,4.8308886003056495,0.13103336453486467,78000.0,-0.2828132826360963,0.12564254234936123,38
2026-08-30 07:40:00.008302,78176.16,96716266.27198714,112763996.69172806,-0.07660736239633516,82000.0,4.8913121340316446,0.13225330434036348,78000.0,-0.22533723836013486,0.12553818478894463,38
2026-08-30 07:50:00.009770,78147.0,96554600.7304554,109054618.72503705,-0.060795026739000356,82000.0,4.930451584833717,0.13381773285613746,78000.0,-0.1881070290606135,0.11548672192191291,38
2026-08-30 08:00:00.000635,78109.43,92653548.71614206,106870841.54820299,-0.07125591419287028,82000.0,4.980922277886313,0.12422780188849719,75000.0,-3.9808637702259397,0.11535422339151553,38
2026-08-30 08:10:00.026873,78178.71,96835035.03781533,105634780.7024153,-0.04346201251000332,82000.0,4.88789083370651,0.13511521716649919,75000.0,-4.065953505756248,0.1114780755806397,38
2026-08-30 08:20:00.011477,78186.32,97929915.98277801,105796070.48706022,-0.03861144393303402,82000.0,4.877681926966249,0.13448534567262685,75000.0,-4.075290920457708,0.1109446837310123,38
2026-08-30 08:30:00.006840,78143.81,97366448.60097858,106342754.31806202,-0.04406431122628691,82000.0,4.934735073705787,0.13364510511447744,75000.0,-4.0231081642934985,0.11087547501199621,38
2026-08-30 08:39:59.963720,78033.22,53431123.13779106,109171081.95429656,-0.34279952590395624,82000.0,5.083450356143193,0.12270671914034942,75000.0,-3.88708808889342,0.11687964400602904,38
2026-08-30 08:49:59.985883,78056.01,53722984.806484364,108210182.0786085,-0.3364795385665991,82000.0,5.052769158966752,0.12309529035705971,75000.0,-3.9151501594816285,0.11436766551971615,38
2026-08-30 08:59:59.998575,78066.04,53700226.38945686,108449465.77419232,-0.33764627397183045,82000.0,5.039271878015095,0.123027837289146,75000.0,-3.927495233522793,0.11430499496678877,38
2026-08-30 09:09:59.994808,78070.74,53680544.95171896,108634770.50505143,-0.3385646351281527,82000.0,5.032948323533248,0.12296201883026757,75000.0,-3.933278972378129,0.11423856119230565,38
2026-08-30 09:20:00.005743,78067.29,53690854.11509249,108629069.9070301,-0.3384563917393781,82000.0,5.037590007287318,0.12295507542255235,75000.0,-3.929033529920145,0.11423211037997595,38
2026-08-30 09:29:59.995113,77985.88,93134274.69812262,74747419.65062918,0.10952269167177459,78000.0,0.018105841724169736,0.12271269090263072,75000.0,-3.8287443829575385,0.11473250659059489,38
2026-08-30 09:40:00.024738,77998.98,93239911.0898754,74726965.80409588,0.11021783358790303,78000.0,0.001307709408515656,0.12293946635413021,75000.0,-3.844896433261047,0.11472239062182704,38
2026-08-30 09:50:00.006110,78001.15,53260054.694060974,115284978.23366715,-0.368002085034463,82000.0,5.1266551839299845,0.11997379226775491,78000.0,-0.0014743372373282604,0.12288786368419609,38
2026-08-30 10:00:00.057410,77991.64,93487690.65225272,75843857.93427235,0.10419696072740231,78000.0,0.01071909758532108,0.1230326297719429,75000.0,-3.835847021552563,0.1157574180809051,38
2026-08-30 10:10:00.013554,78037.13,54055261.73771483,115304457.62231402,-0.3616514960939101,82000.0,5.078185217729048,0.11995417091224612,78000.0,-0.04757991484310997,0.12308921120176791,38
2026-08-30 10:20:00.008647,78009.38,54017493.876646176,116308540.32986924,-0.3657165314945157,82000.0,5.115564307779397,0.11971680699161197,78000.0,-0.012024195039117558,0.12414764371993353,38
2026-08-30 10:30:00.032657,78041.37,54126060.13319816,114886087.94057819,-0.35950095007879174,82000.0,5.072476303273521,0.12005427247231157,78000.0,-0.05301034566665974,0.1234169755532581,38
2026-08-30 10:40:00.011025,78069.84,54473838.45276974,114450274.44917023,-0.35504958389934926,82000.0,5.0341591580052025,0.12015956428020613,78000.0,-0.08945836189749867,0.12352521656970238,38
2026-08-30 10:49:59.976016,78140.8,98437875.36551875,113783435.92416401,-0.07230923447503596,82000.0,4.938777181702769,0.13051769709518013,78000.0,-0.18018755886809457,0.12209774018497468,38
2026-08-30 10:59:59.985460,78140.76,98429287.27560288,113783319.43351449,-0.07235212080947477,82000.0,4.938830899520319,0.13043676371751298,78000.0,-0.1801364614319012,0.12202202798089337,38
2026-08-30 11:10:00.007291,78189.42,99036721.0069997,113291034.45378342,-0.06713353803345079,82000.0,4.8735238092314725,0.13107815362264494,78000.0,-0.24225783999932693,0.12231931346724166,38
2026-08-30 11:20:00.010343,78162.53,98768225.89566296,113813676.53316244,-0.07077484238121752,82000.0,4.909603105221905,0.13033793349209202,78000.0,-0.2079385096669717,0.12208250617192609,38
2026-08-30 11:30:00.014821,78213.45,99318501.67075819,113480335.99756029,-0.06655033684383005,82000.0,4.841302870542097,0.13100603238936417,78000.0,-0.2729070255819144,0.12234861712818819,38
2026-08-30 11:40:00.008605,78165.09,98853450.8489815,114104320.32995416,-0.07161452430941471,82000.0,4.90616719049386,0.13019633158590183,78000.0,-0.211206818798515,0.1221549067308054,38
2026-08-30 11:50:00.038760,78143.92,94886701.15111734,115280547.53227755,-0.09703627234461441,82000.0,4.934587361371179,0.12030558930100967,78000.0,-0.1841729977201001,0.12562879474590213,38
2026-08-30 12:00:00.013790,78161.85,98854847.48495898,114393665.7416202,-0.07286718215076621,82000.0,4.910515807903715,0.13007774652346685,78000.0,-0.2070703290671938,0.12206160210021152,38
2026-08-30 12:10:00.012258,78597.26,110340309.87768176,106757095.79439616,0.01650509858555374,82000.0,4.329336671532835,0.14660947473209582,78000.0,-0.7598992636638879,0.10562324325115652,39
2026-08-30 12:20:00.021777,78514.44,105471377.03161325,109377153.54044259,-0.018179209782956476,82000.0,4.439387200621936,0.13527843398003223,75000.0,-4.476170243333588,0.10753792100480228,39
2026-08-30 12:30:00.014541,78620.78,111125790.80414703,107118501.30905285,0.01836148591238144,82000.0,4.2981257626800495,0.14577336599716723,78000.0,-0.789587689158,0.1048134277103447,39
2026-08-30 12:39:59.998818,78620.9,111204013.72866616,107432155.65776952,0.017251757023925653,82000.0,4.297966571229805,0.14550681938366952,78000.0,-0.7897391151716615,0.10446448806680496,39
2026-08-30 12:49:59.999829,78609.34,108148523.47772563,107614682.66384463,0.0024741976328008495,82000.0,4.313304246034888,0.1467081196626582,78000.0,-0.7751496196253482,0.10546435400013843,39
2026-08-30 13:00:00.008854,78776.95,109508678.27334012,100390112.44895029,0.043442679174146744,82000.0,4.091361749851963,0.15043436607944724,78000.0,-0.986265652579843,0.10700843190025235,38
2026-08-30 13:09:59.984261,78678.95,108779350.51022427,102353677.10077214,0.03043424082986748,82000.0,4.221014642417065,0.14889990884839566,78000.0,-0.862937291359378,0.10833252030933938,39
2026-08-30 13:20:00.012097,78668.26,108878641.75147547,102547173.42336583,0.029946524377232497,82000.0,4.235176931585882,0.14875599454992813,78000.0,-0.8494658455646453,0.10822781508297548,39
2026-08-30 13:29:59.985949,78724.65,109373856.83512942,101838416.76986775,0.03567709364917983,82000.0,4.160513892408546,0.14940118568915814,78000.0,-0.9204867852699139,0.10815350058748857,39
2026-08-30 13:40:00.012890,78707.61,109145313.40894924,102354663.17039537,0.032107096881905994,82000.0,4.183064382211588,0.1488412424725065,78000.0,-0.899036319359714,0.10920025129726083,39
2026-08-30 13:50:00.009104,78943.94,111109684.30495447,97589542.86132865,0.06478290134181244,82000.0,3.8711774456658743,0.15066279899607485,78000.0,-1.1957092590007545,0.10753138765363983,38
2026-08-30 14:00:00.024205,78856.97,110150137.46280363,100439450.10862929,0.04611190641550802,82000.0,3.985735186122419,0.15040166759121323,78000.0,-1.0867397010055013,0.10891801465432846,38
2026-08-30 14:10:00.046881,78880.5,110547335.34221289,99483075.72193956,0.052679321838273285,82000.0,3.9547163113824,0.14957742013625702,78000.0,-1.1162454599045413,0.10803982703119458,38
2026-08-30 14:20:00.011165,78800.39,109424952.51155186,102520297.35848793,0.032577541404196164,82000.0,4.060398685844069,0.14922011892323153,78000.0,-1.0157183232214928,0.10871109041132815,38
2026-08-30 14:30:00.029840,78853.57,110238011.27982566,100593697.79348922,0.045744131794628266,82000.0,3.990218832197434,0.1507312845105374,78000.0,-1.0824747693731651,0.1090796871288339,38
2026-08-30 14:40:00.016234,78724.17,109532852.28461224,102888703.88193978,0.03127812695931396,82000.0,4.161148983850826,0.14882442929495465,78000.0,-0.9198826738979871,0.10893986989261686,39
2026-08-30 14:49:59.989691,78755.52,109724432.18758315,102723127.02446815,0.032955451166782994,82000.0,4.119685832815279,0.14888410654881976,78000.0,-0.9593232322001155,0.10877832219355993,38
2026-08-30 14:59:59.970933,78773.69,112893538.56890315,101496646.96289921,0.0531595771407798,82000.0,4.095669505897215,0.14806630119993,78000.0,-0.9821680309758274,0.108197991872401,38
2026-08-30 15:10:00.011589,78779.51,110041834.21654513,101592325.92185667,0.03992506828369655,82000.0,4.087979222008364,0.14931619399180546,78000.0,-0.9894831790652092,0.10912080967071922,38
2026-08-30 15:20:00.008261,78685.91,112120507.47451082,103487427.88821527,0.04004063937522411,82000.0,4.211795987362921,0.14729644029007083,78000.0,-0.871706255923077,0.10831536474848576,39
2026-08-30 15:29:59.996923,78777.55,113073217.03016925,101663603.43815681,0.053133009826302084,82000.0,4.0905689501641085,0.14836985169566816,78000.0,-0.9870197791121971,0.10843828845903272,38
2026-08-30 15:40:00.008188,78819.22,113951040.35983974,100943744.59158531,0.060528671141063785,82000.0,4.0355385399652555,0.14719978787676802,78000.0,-1.039365779057444,0.10717474881520764,38
2026-08-30 15:49:59.990463,78822.12,114386378.04422922,101232929.00736286,0.061003113388723995,82000.0,4.031710895367957,0.14692301348020123,78000.0,-1.0430067092841444,0.10697323204090797,38
2026-08-30 16:00:00.007172,78817.88,115279446.74079724,100072397.75160003,0.07061490011864782,82000.0,4.0373072708882685,0.1470448880298526,78000.0,-1.0376833276916408,0.10706276906155951,38
2026-08-30 16:09:59.994095,78812.95,114530518.2652243,103047539.52282132,0.05277636384450657,82000.0,4.043815134441742,0.1460769610639046,78000.0,-1.0314929208968815,0.10656266457228972,38
2026-08-30 16:20:00.002942,79092.82,114041503.23099607,82546748.58350173,0.16020669778992205,82000.0,3.6756560203568434,0.1577141741555579,78000.0,-1.3816930538069205,0.10468761552949525,38
2026-08-30 16:30:00.004323,79033.9,105566437.45317662,83409795.90907335,0.11724565121176392,82000.0,3.7529465204171997,0.14792141347892687,78000.0,-1.308172822042175,0.10618416341129369,38
2026-08-30 16:40:00.050723,79115.9,115232682.66188022,80993169.95830828,0.17449032452337143,82000.0,3.645411352206085,0.15755166116845182,78000.0,-1.4104623722917875,0.10320002646121906,38
2026-08-30 16:49:59.995115,79174.19,115874942.64073898,80607064.08287081,0.179496734311551,82000.0,3.5691050328396035,0.15737662003822447,78000.0,-1.4830464321769488,0.10306485671629653,39
2026-08-30 17:00:00.009916,79332.1,118159549.25043249,79311155.0809587,0.19672991141146304,82000.0,3.3629514408417105,0.1578993653485659,78000.0,-1.679143751394463,0.10222668552202893,39
2026-08-30 17:10:00.018695,79181.88,116330506.06900734,80991197.57654731,0.1790948883957508,82000.0,3.5590465899521417,0.1567581828215898,78000.0,-1.4926142193138148,0.10261518298288466,39
2026-08-30 17:20:00.008959,78990.94,118388825.90770198,72188064.984946,0.2424258298388386,82000.0,3.8093735813246488,0.14622849761787668,78000.0,-1.254498300691198,0.10562189115463055,38
2026-08-30 17:30:00.055372,78930.71,116838301.72191688,101543761.03558557,0.07003570024574227,82000.0,3.8885878512938676,0.14685415808523875,78000.0,-1.1791481414521798,0.10631457980947039,38
2026-08-30 17:40:00.023537,79000.45,106579457.6959791,83525565.15894109,0.12126924470918231,82000.0,3.7968771063962237,0.14724279371323357,78000.0,-1.2663851914767488,0.10591225078818907,38
2026-08-30 17:50:00.014339,79018.51,106628192.73532492,83921098.28698009,0.11916651238385777,82000.0,3.7731539103939227,0.14708960572296864,78000.0,-1.2889511584057933,0.10580206213695852,38
2026-08-30 17:59:59.986957,79010.18,106649473.47244112,83786918.49875446,0.12005349784795721,82000.0,3.784094657169512,0.1471177744073527,78000.0,-1.2785441065948588,0.10582232396906333,38
2026-08-30 18:10:00.036965,78855.24,116112551.0367286,102778290.40670857,0.06091739856309017,82000.0,3.988016522427662,0.14561490218022008,78000.0,-1.0845696493980705,0.10610360735499946,38
2026-08-30 18:20:00.014605,78889.99,116798189.41077186,102084033.18496549,0.06722408083813437,82000.0,3.9422111727989817,0.14584639506977828,78000.0,-1.1281405917277998,0.10606620660277818,38
2026-08-30 18:29:59.991959,79000.17,106603042.20642225,83175912.45112596,0.1234442975912161,82000.0,3.7972449932702768,0.14700386691765946,78000.0,-1.2660352503038874,0.10601574865456509,38
2026-08-30 18:40:00.012039,79148.98,116042661.3079468,80907432.22365028,0.1783966102999576,82000.0,3.6020931665828204,0.15720538349934712,78000.0,-1.451667475689511,0.10300717917175234,38
2026-08-30 18:50:00.030576,79061.35,115001324.69173658,82079903.3681137,0.16704493699230044,82000.0,3.7169236295610864,0.1570773423294746,78000.0,-1.3424384987101856,0.10363917493051117,38
2026-08-30 19:00:00.021702,79028.18,105655956.17932032,83255826.24625579,0.11857455181171306,82000.0,3.760456080350072,0.1472911424278457,78000.0,-1.301029582106017,0.10600643484322067,38
2026-08-30 19:10:00.015318,78988.9,117943592.87080023,71685321.49081543,0.24394102310669724,82000.0,3.8120546051407356,0.14655515912596223,78000.0,-1.2519480585246767,0.1058943021879432,38
2026-08-30 19:19:59.993147,78989.17,118906060.79225026,71823075.91894299,0.24685785132347912,82000.0,3.8116997558019783,0.14605379533749477,78000.0,-1.2522855981395908,0.10553203879961416,38
2026-08-30 19:30:00.012317,78910.74,116876389.43546179,101981010.25443758,0.06805974667582443,82000.0,3.9148790139339695,0.14565657903930845,78000.0,-1.1541394745506195,0.10571345862935434,38
2026-08-30 19:40:00.012850,78782.34,115207100.08164947,104480444.95570247,0.04882686965309399,82000.0,4.0842401990090815,0.14513734453205746,78000.0,-0.9930398106986926,0.10651749631289847,38
2026-08-30 19:49:59.991351,78786.91,115378071.625536,104403863.27470766,0.04993225833510564,82000.0,4.078202838517209,0.14546733482013838,78000.0,-0.9987826658007015,0.10665190767267752,38
2026-08-30 20:00:00.013098,78853.9,116419128.6320968,103061506.47997485,0.06086013987202676,82000.0,3.9897836378416374,0.14489949886869316,78000.0,-1.0828887347360094,0.10569942827051831,38
2026-08-30 20:09:59.987463,78873.39,116501320.64209028,102879420.27234961,0.062092507815229354,82000.0,3.964087254269155,0.14507051453363135,78000.0,-1.1073316361829955,0.10549794969288365,38
2026-08-30 20:19:59.999290,78877.38,116834828.99886516,102773173.57093452,0.06403070590955043,82000.0,3.9588282470842673,0.14498298766171486,78000.0,-1.1123341064320447,0.10543364103098239,38
2026-08-30 20:30:00.010175,78827.84,116084566.56413786,104262136.72817966,0.05365376318008381,82000.0,4.024162021945554,0.14446769405594279,78000.0,-1.0501873449786259,0.1055674567608901,38
2026-08-30 20:40:00.004232,78700.5,114688156.8919192,110979204.31883547,0.016435485190168346,82000.0,4.192476540809786,0.1425426444953798,78000.0,-0.8900832904492395,0.10532186000861159,39
2026-08-30 20:49:59.993413,78664.49,114369181.61421517,111480885.01180153,0.012788557672627774,82000.0,4.240172408160259,0.14208268811313698,78000.0,-0.8447140507743756,0.10544058204329299,39
2026-08-30 21:00:00.008323,78586.77,109645345.78342631,113091734.09246343,-0.015472898858858455,82000.0,4.343262867273956,0.13206996708375865,78000.0,-0.7466523945442782,0.1068799388698375,39
2026-08-30 21:09:59.994552,78506.01,108270116.34936908,113416321.37854329,-0.023213892026585865,82000.0,4.450601934807286,0.1321091123077124,78000.0,-0.6445493790857459,0.10757259118160069,39
2026-08-30 21:20:00.006133,78590.43,113492496.78848627,112601481.29099528,0.003940907692719519,82000.0,4.338403543535785,0.14176525995918124,78000.0,-0.7512746781001112,0.10585652943209235,39
2026-08-30 21:30:00.055186,78632.02,113848653.77312818,111937057.34214377,0.008466418984363748,82000.0,4.2832169388500985,0.1419611371322937,78000.0,-0.8037692532889329,0.1058007084104771,39
2026-08-30 21:40:00.009960,78645.05,114258604.23701881,111987208.7190379,0.010039503000314406,82000.0,4.265939178625988,0.14180351603409622,78000.0,-0.8202041959411321,0.10548137795813092,39
2026-08-30 21:50:00.005383,78552.93,108735868.40253374,113281598.6145721,-0.02047465126556064,82000.0,4.388213144945707,0.1321633142125727,78000.0,-0.703894813344319,0.10846777309935102,39
2026-08-30 21:59:59.988225,78647.69,110439764.76703407,112106993.42425935,-0.007491588153318277,82000.0,4.2624392401099165,0.13236796653184363,78000.0,-0.8235334057491106,0.1077619966383138,39
2026-08-30 22:10:00.046551,78634.99,114140333.13595802,111943225.54166275,0.009718121950779198,82000.0,4.2792782195305135,0.14201453993969562,78000.0,-0.8075158399587834,0.10558507627612769,39
2026-08-30 22:20:00.010402,78522.66,108351191.40683472,118611466.08942613,-0.045206884673354,82000.0,4.4284541557812585,0.130195131963214,78000.0,-0.6656167786470824,0.1209608333618888,39
2026-08-30 22:29:59.984989,78374.21,112350993.33316293,116168751.79559335,-0.016706470857821735,82000.0,4.626253967982574,0.12502518631062753,78000.0,-0.4774657377726754,0.11892193060558781,39
2026-08-30 22:40:00.013396,78464.37,113607997.88933957,113353296.97437717,0.0011222218092972025,82000.0,4.506032483278721,0.12992562865276297,78000.0,-0.5918227598080472,0.12267832116510174,39
2026-08-30 22:50:00.010394,78428.15,113197310.27891812,113839595.05838926,-0.00282898843479612,82000.0,4.554295874631764,0.12954211316812997,78000.0,-0.5459136802283271,0.12304044530068341,39
2026-08-30 23:00:00.006964,78419.48,113438193.75244394,115234188.76747948,-0.007854009282817794,82000.0,4.565855320642265,0.12908368773889978,78000.0,-0.5349181096329536,0.12286489131513822,39
2026-08-30 23:10:00.010378,78336.18,112624600.59452733,116866434.32225235,-0.018483657669953118,82000.0,4.677047055396377,0.12885256324114067,78000.0,-0.42915036194003386,0.1234750005526155,39
2026-08-30 23:20:00.027681,78360.1,113557577.63949856,116513336.38828602,-0.012847163933249335,82000.0,4.645093612693185,0.12864420336520432,78000.0,-0.45954510012111704,0.12326694498411236,39
2026-08-30 23:30:00.000126,77688.17,97500369.32347888,102669492.33609179,-0.025823682794985633,78000.0,0.40138672335827685,0.12178534087817168,75000.0,-3.460205073693967,0.11521687036533168,38
2026-08-30 23:40:00.007560,77522.74,95045316.23158279,102814513.24125078,-0.03926616650973468,78000.0,0.6156387145242803,0.11953015880235529,75000.0,-3.254193543726658,0.11796665172935941,38
2026-08-30 23:49:59.982806,77353.68,98237174.2670328,104556206.23341817,-0.031159951822842227,78000.0,0.8355387875534914,0.11487457049527768,75000.0,-3.0427511658139506,0.12355271859085742,39
2026-08-31 00:00:00.011998,77677.09,97002894.44985494,106118895.5527269,-0.04487948389365849,78000.0,0.4157081579652333,0.11628078906071837,75000.0,-3.446434463494963,0.11576886456974997,38
2026-08-31 00:10:00.007770,77435.55,102621448.14748886,106560334.2717027,-0.018829967307193517,78000.0,0.7289287672135103,0.1144920691639867,75000.0,-3.1452608007562444,0.11900976788467449,39
2026-08-31 00:19:59.986694,77854.46,100567188.62576637,104126878.83940046,-0.01739029497882174,78000.0,0.18693855175413443,0.11904643175116945,75000.0,-3.666405238697956,0.11038437567457053,38
2026-08-31 00:30:00.004211,77896.53,102019512.73836268,90486859.50455947,0.05990790382382904,78000.0,0.1328300503244506,0.12004585589557507,75000.0,-3.718432643918801,0.11027569347457647,38
2026-08-31 00:40:00.022167,78005.76,63232562.40869552,130955840.82814205,-0.3487503748452442,82000.0,5.120442387844193,0.11459278770630431,78000.0,-0.007384070099436535,0.12220921485313897,38
2026-08-31 00:49:59.994496,77966.64,105804317.99961135,88303522.36021172,0.09016016873382304,78000.0,0.04278753066695451,0.12136456646869383,75000.0,-3.805011989743301,0.10791222397504485,38
2026-08-31 01:00:00.011379,77921.39,105259858.42146887,89137194.87712412,0.08293676920904977,78000.0,0.10088372396848122,0.12072025076894678,75000.0,-3.7491502654149245,0.10734236844400602,38
2026-08-31 01:09:59.988545,77631.05,97884313.78526524,112506785.45251286,-0.06950137966968706,78000.0,0.47526086533673517,0.11776329520605297,75000.0,-3.3891722448685213,0.11433295778304205,38
2026-08-31 01:20:00.007166,77753.55,103277898.16346267,107971411.00973037,-0.02221788494664244,78000.0,0.3169630196949269,0.11801911063452049,75000.0,-3.5413817118318147,0.10829326352291758,38
2026-08-31 01:29:59.993340,77759.69,102526960.80338785,107732150.06181905,-0.02475606996059326,78000.0,0.3090418698942887,0.11894047206943859,75000.0,-3.5489982020247335,0.10623652025244394,38
2026-08-31 01:40:00.016788,77842.66,104661454.47050393,105229954.85744739,-0.0027085452842673923,78000.0,0.20212567247830382,0.12040894375079395,75000.0,-3.6518022380016335,0.10661335998667336,38
2026-08-31 01:50:00.009582,77751.13,102477608.7423006,108261753.12001652,-0.02744691037593103,78000.0,0.32008538010959153,0.11948776868064602,75000.0,-3.538379442202322,0.10621605129842775,38
2026-08-31 02:00:00.025985,77628.97,100221113.0617964,112896983.0506667,-0.0594781495334925,78000.0,0.4779530116140851,0.11818448412648963,75000.0,-3.3865836426787643,0.11105816479540766,38
2026-08-31 02:10:00.017475,77718.41,102266404.87845096,108960342.102996,-0.03169076511476554,78000.0,0.36232084521543584,0.1190741630290723,75000.0,-3.497768418062086,0.10602022487491015,38
2026-08-31 02:20:00.007787,77843.58,104901950.40171984,104705133.84839424,0.000938978537055273,78000.0,0.2009414263835163,0.12152235637032029,75000.0,-3.6529409361696907,0.10429434168577144,38
2026-08-31 02:30:00.013779,77864.63,105418199.2380307,104779351.40127797,0.003039273458751987,78000.0,0.1738530061723642,0.12196220601656105,75000.0,-3.6789874940650225,0.10413607173656407,38
2026-08-31 02:40:00.011121,77752.99,102747426.8514589,108147594.24969092,-0.025605950154897094,78000.0,0.31768553209334804,0.12148956632144362,75000.0,-3.5406869883717773,0.10491953349875095,38
2026-08-31 02:50:00.037071,77591.46,99667151.99535632,113905239.16053295,-0.06666632839627695,78000.0,0.5265270172774006,0.11840541894203538,75000.0,-3.3398778680024943,0.1084881847002828,38
2026-08-31 03:00:00.029582,77456.8,109111642.70807773,107383290.65413131,0.00798333719456974,78000.0,0.7012941407339213,0.11533323708650998,75000.0,-3.171832556986609,0.10985095006467063,39
2026-08-31 03:10:00.017324,77602.35,99871097.11180693,115159886.70122169,-0.07110040292011359,78000.0,0.5124200491350983,0.11786773839729357,75000.0,-3.353442260447015,0.1077024857278782,38
2026-08-31 03:19:59.988623,77571.28,99275398.36398579,116366345.4406111,-0.07925620881693579,78000.0,0.5526787749280393,0.11766853833771233,75000.0,-3.3147319471845793,0.1078474263573496,38
2026-08-31 03:30:00.000037,77710.74,102384090.04664944,112437568.00644757,-0.046799182405124304,78000.0,0.37222654165949276,0.12163596195972821,75000.0,-3.4882437099428065,0.1060286556559431,38
2026-08-31 03:40:00.010581,77766.01,104262523.24569862,109410865.00384852,-0.0240944452667976,78000.0,0.3008898103425972,0.12319918200244946,75000.0,-3.55683672082443,0.10162529882715356,38
2026-08-31 03:50:00.029253,77813.65,105212207.10216373,106762520.11706737,-0.007313669111602399,78000.0,0.23948240443676383,0.12381466748718004,75000.0,-3.6158823034261878,0.10110706000220565,38
2026-08-31 04:00:00.004363,77743.36,103833655.56004825,110122287.47921278,-0.029392181539030938,78000.0,0.33011179347020025,0.12346150346933271,75000.0,-3.528738660124797,0.10155992684895446,38
2026-08-31 04:09:59.995979,77612.32,100020968.85779126,115247788.19501248,-0.07073399570698594,78000.0,0.49950832548233404,0.12010334404644372,75000.0,-3.365857379343906,0.10298081270204774,38
2026-08-31 04:20:00.026096,77513.68,98720833.35057254,118501831.33238626,-0.09106323233206126,78000.0,0.6273989313886341,0.117456833537347,75000.0,-3.2428856428955433,0.10504879572813162,38
2026-08-31 04:30:00.011403,77501.14,98226879.89517418,117367379.67140457,-0.08878019208261675,78000.0,0.6436808542429118,0.11677096209439337,75000.0,-3.2272299478433464,0.10316241287133905,38
2026-08-31 04:39:59.967735,77548.61,99224717.72139971,115973956.20408341,-0.07783151344363519,78000.0,0.5820736180829122,0.11807946744495948,75000.0,-3.2864676749202903,0.10320415467909612,38
2026-08-31 04:50:00.032680,77478.48,112191057.1300614,104547125.4308225,0.035268043724098495,78000.0,0.6731159413555954,0.11571153882189265,75000.0,-3.198926979465777,0.10280865872705652,39
2026-08-31 05:00:00.007231,77605.2,100124274.10447995,115241158.34543303,-0.07019178551074473,78000.0,0.5087287965239495,0.12028737568955304,75000.0,-3.3569915418039,0.10312476189893788,38
2026-08-31 05:10:00.010829,77640.79,100768905.86656113,113144398.45784786,-0.05785284197432971,78000.0,0.4626562918795818,0.12161302515208754,75000.0,-3.4012920270388713,0.10103570148505839,38
2026-08-31 05:20:00.011376,78011.25,63423914.20249641,131320249.8475036,-0.34864375000000003,82000.0,5.113044592927296,0.11380209770250009,78000.0,-0.014420996971586941,0.13130685080998672,38
2026-08-31 05:30:00.009863,77986.18,109404107.12694472,85721770.44635658,0.12136953322191514,78000.0,0.017721088531330587,0.13062279888817266,75000.0,-3.8291143379506343,0.10027843044457024,38
2026-08-31 05:40:00.011281,77880.01,106966103.83720553,102676726.53599076,0.020460405412286324,78000.0,0.1540703448805525,0.12847524698196297,75000.0,-3.6980092837686995,0.09911152011991253,38
2026-08-31 05:50:00.009688,77994.08,109755611.2841489,84901438.08973746,0.1276818552133344,78000.0,0.0075903196755433555,0.1314724944451833,75000.0,-3.8388554618504434,0.10018475112811699,38
2026-08-31 06:00:00.025217,78001.19,62533685.91546958,132526705.11102813,-0.35882743199284595,82000.0,5.1266012736472355,0.11374622768063766,78000.0,-0.0015256177501976609,0.1321542492566206,38
2026-08-31 06:10:00.026269,77958.0,109920159.80357185,86267576.1650508,0.12056096942932217,78000.0,0.053875163549599314,0.13244640336150887,75000.0,-3.794350804279223,0.09994787260550318,38
2026-08-31 06:20:00.009948,78100.27,106209888.49843568,127761545.53900051,-0.09211234324065604,82000.0,4.993234978573047,0.11589680742901617,78000.0,-0.1283862398939295,0.1361005520495222,38
2026-08-31 06:29:59.952063,78007.57,62842759.285203636,131773011.91648352,-0.35418636529639236,82000.0,5.118003291219031,0.11401638791441301,78000.0,-0.00970418640140469,0.1357501841157816,38
2026-08-31 06:40:00.001042,78076.69,64606913.77818836,127363517.9275595,-0.3269076575582453,82000.0,5.024944064611336,0.11638643855896329,78000.0,-0.09822393854043154,0.13964369659293105,38
2026-08-31 06:50:00.030691,78080.2,61105822.98217116,127558718.68387565,-0.3522277960388131,82000.0,5.0202227965604695,0.11714048340842774,78000.0,-0.10271490083273438,0.14250815211993453,38
2026-08-31 06:59:59.984492,78070.1,60500451.821838036,127455079.95158182,-0.35622589821116574,82000.0,5.033809358512409,0.11751997127506747,78000.0,-0.08979109800039131,0.14557275578597967,38
2026-08-31 07:10:00.008871,78071.8,63137617.55177041,126794363.79474862,-0.3351554898321229,82000.0,5.031522265401844,0.1169364812376392,78000.0,-0.09196662559336488,0.14718934216499885,38
2026-08-31 07:19:59.994299,78157.41,106642441.89205942,122937019.9246219,-0.07097576544357292,82000.0,4.916475609926163,0.11749789086541543,78000.0,-0.20140124909462376,0.1454989136667901,38
2026-08-31 07:30:00.053457,78201.95,111078111.2716009,121063695.43205333,-0.04301501871741588,82000.0,4.856720324748931,0.12763404292891634,78000.0,-0.2582416423119849,0.14032406475594159,38
2026-08-31 07:40:00.011581,78238.05,111072832.46760641,117011919.45949179,-0.026038947986245328,82000.0,4.8083381423744465,0.13015122961500916,78000.0,-0.30426371822918075,0.13211742402311918,38
2026-08-31 07:50:00.000292,78182.17,107098772.44442925,115605410.3590256,-0.03819702803742932,82000.0,4.883248955612252,0.1320745855475501,78000.0,-0.23300709100296801,0.12948199202899818,38
2026-08-31 08:00:00.008731,78181.08,103163877.87105799,112290797.38618454,-0.04236120429612146,82000.0,4.884711237040973,0.12157347571981152,78000.0,-0.2316161403756567,0.11882939882416856,38
2026-08-31 08:09:59.980424,78156.52,103140059.37788917,112371075.2673659,-0.04283312741437497,82000.0,4.917670336396762,0.12251359262458078,78000.0,-0.20026480196406737,0.11982176726262868,38
2026-08-31 08:20:00.013444,78050.11,61179901.28318768,114654625.37369244,-0.30411958963471514,82000.0,5.060710356462028,0.12197001395394566,78000.0,-0.06420234385320356,0.11926178612314778,38
2026-08-31 08:30:00.010364,78080.44,61570878.062866844,114795998.93818879,-0.3017863772402307,82000.0,5.019899990317667,0.12207671228313956,78000.0,-0.10302196042952794,0.1198803658248274,38
2026-08-31 08:40:00.008610,78151.4,104503941.76961151,113832020.20781457,-0.04272350900749691,82000.0,4.924543898125955,0.12219608760706126,78000.0,-0.19372653592897304,0.11991985277365978,38
2026-08-31 08:50:00.009536,78376.0,111454792.73419648,110633377.86907777,0.0036985980067621035,82000.0,4.6238644483004965,0.13346469211482426,78000.0,-0.4797386955190386,0.11893074527055361,39
2026-08-31 09:00:00.007002,78458.8,113045850.95734873,109670142.51269859,0.015157009571044284,82000.0,4.513451645959399,0.13299934125758547,78000.0,-0.5847655075020275,0.11850790365525027,39
2026-08-31 09:10:00.006106,78734.02,115433301.67014277,109878522.60572648,0.024653739688402152,82000.0,4.1481179292001125,0.14478608614272928,78000.0,-0.9322780673462372,0.11760783205242403,39
2026-08-31 09:20:00.007754,78684.76,115428828.17468806,111615364.11512074,0.016796131277824762,82000.0,4.213319072206612,0.1435344697817903,78000.0,-0.8702574679010255,0.11659116055661284,39
2026-08-31 09:30:00.057363,78642.5,115087358.58509958,112220714.79797463,0.012611271322043602,82000.0,4.269320024159962,0.1429650994124238,78000.0,-0.8169882697015018,0.11620115102118307,39
2026-08-31 09:40:00.008327,78631.37,115372214.75480363,112102515.79437013,0.01437389969663764,82000.0,4.284078987813644,0.1428696816758691,78000.0,-0.802949255494334,0.11615338526700958,39
2026-08-31 09:50:00.011777,78650.19,116533850.3733241,112095625.00267342,0.01941230614885373,82000.0,4.259125120994622,0.14220073951331053,78000.0,-0.8266858605173177,0.1156095337246978,39
2026-08-31 10:00:00.010389,78495.3,113806456.11154824,109185814.94095051,0.020721082164815934,82000.0,4.464853309688599,0.132809518159609,78000.0,-0.6309931932230395,0.11719262608516653,39
2026-08-31 10:10:00.011846,78367.27,112575710.07460961,112080403.82517466,0.002204730780912095,82000.0,4.63551939476774,0.13195696404770885,78000.0,-0.46865228302581663,0.11772244917984177,39
2026-08-31 10:20:00.009069,78410.83,113160722.22424842,110968991.11926419,0.009778851149579977,82000.0,4.577390648715229,0.1322050438245025,78000.0,-0.5239454804903843,0.11793296507217417,39
2026-08-31 10:30:00.031359,78407.61,113267252.02618656,110360901.6508166,0.012996352773934414,82000.0,4.581685374672184,0.13238956851344916,78000.0,-0.5198602533606156,0.11713907513401535,39
2026-08-31 10:40:00.010556,78474.66,113776604.93421319,109319924.88084275,0.01997646515194555,82000.0,4.4923291161758305,0.13262320713362702,78000.0,-0.6048576699790753,0.11714529981651901,39
2026-08-31 10:49:59.989289,78486.86,113974058.58617397,109162952.38870683,0.021561220061376254,82000.0,4.476086825234193,0.13263385996133736,78000.0,-0.6203076540455266,0.11725645314165051,39
2026-08-31 10:59:59.979875,78678.71,117246018.82788724,111823219.60372981,0.023673188339412343,82000.0,4.22133255616417,0.14317791570774835,78000.0,-0.8626348855999333,0.11560840771077169,39
2026-08-31 11:10:00.004508,78548.74,111092771.76704255,112933562.79120213,-0.008216851058110727,82000.0,4.393781491593618,0.13329072746987805,78000.0,-0.6985980933621683,0.11698569989484536,39
2026-08-31 11:20:00.036194,78571.29,111156566.59290636,112522441.87711978,-0.00610640798864439,82000.0,4.363820423465126,0.13328360341536571,78000.0,-0.7270976459722078,0.1167065087994162,39
2026-08-31 11:30:00.023000,78452.27,114131690.57669353,109919989.22007652,0.018797901271873148,82000.0,4.522150856820328,0.13297349698084418,78000.0,-0.5764906483904264,0.11678850410125992,39
2026-08-31 11:40:00.009790,78391.74,113757087.9581792,110870964.29778732,0.012848456065064871,82000.0,4.602857392883486,0.13255281082268744,78000.0,-0.4997210165254673,0.1168941254748368,39
2026-08-31 11:49:59.967406,78325.45,112816200.08878893,112653993.96423687,0.0007194127154292898,82000.0,4.691387026822058,0.13225305283199823,78000.0,-0.4155099013155916,0.11675965395633932,38
2026-08-31 12:00:00.004240,78283.5,112645625.0896017,112898540.29358447,-0.0011213555604645436,82000.0,4.747488295745583,0.12794210891024024,78000.0,-0.3621452796566338,0.11302494741282032,38
2026-08-31 12:10:00.011509,78397.25,114384496.93436033,111329317.76540911,0.01353563215886907,82000.0,4.595505582147341,0.13229017963491094,78000.0,-0.5067142023476578,0.11677543494628015,39
2026-08-31 12:20:00.005896,78426.02,114879512.64615405,110352764.16776857,0.020098133990472805,82000.0,4.557135501712306,0.13257682083997874,78000.0,-0.5432125715419511,0.11713857877015772,39
2026-08-31 12:30:00.007147,78061.45,65113604.11274112,116768539.78886369,-0.28400223665753044,82000.0,5.045448169358879,0.12012789540092018,78000.0,-0.07872003402447092,0.11840308115831613,38
2026-08-31 12:40:00.024486,77911.49,104211377.24429488,78572308.13489975,0.14027000854154734,82000.0,5.247634206456575,0.11717070700193552,75000.0,-3.7369199331189873,0.10467419803501733,38
2026-08-31 12:50:00.022217,77746.89,102198355.15600926,93989091.65399599,0.04184397949764545,82000.0,5.470456760392595,0.11648776559086568,75000.0,-3.533118816714087,0.10488390353104635,38
2026-08-31 13:00:00.011639,77906.16,104444021.29290295,78969480.4301831,0.13889130638365318,82000.0,5.254834790984431,0.11740576425281898,75000.0,-3.7303340326361956,0.10519198367202873,38
2026-08-31 13:10:00.040370,78010.75,65176628.19933588,118007182.37755898,-0.2884018735708442,82000.0,5.113718301644332,0.11855975103495228,78000.0,-0.013780152094422515,0.1157867759854386,38
2026-08-31 13:20:00.009076,77936.77,105017084.07009563,79027964.45407414,0.14121064285306462,82000.0,5.213495504111854,0.11723145923389708,75000.0,-3.768144355995251,0.10486359163792566,38
2026-08-31 13:30:00.009992,78022.13,65919991.176510036,117468602.10516982,-0.2810895160174031,82000.0,5.098386829480295,0.11952662034735786,78000.0,-0.02836374756752802,0.11672420069807997,38
2026-08-31 13:39:59.958132,78120.79,108093451.71745944,115439644.77343509,-0.03286400614181483,82000.0,4.965656389291517,0.12057155758066707,78000.0,-0.15461953213733448,0.11780929432453674,38
2026-08-31 13:50:00.008866,77879.89,101991276.4010793,90594195.84808233,0.05917933694526939,82000.0,5.2903387511204825,0.11796631756970602,75000.0,-3.6978608983654127,0.10609122729957585,38
2026-08-31 14:00:00.036185,77836.71,101560439.82322434,91777208.92582463,0.05060178894643681,82000.0,5.348748681695303,0.11801443082399941,75000.0,-3.6444371813762477,0.10610807413312048,38
2026-08-31 14:09:59.995289,77951.92,102692698.66044518,77965346.69669047,0.13687379333077695,82000.0,5.193047201403123,0.11882391596954722,75000.0,-3.7868470718873892,0.10618719497721818,38
2026-08-31 14:20:00.000677,77976.51,102958817.80766135,77639446.99115337,0.14019719870904404,82000.0,5.159874428850442,0.11883603166678552,75000.0,-3.8171880223928922,0.10616914134970384,38
2026-08-31 14:30:00.019448,77992.88,103202604.52902773,77456714.60797039,0.14251072152847893,82000.0,5.13780232246841,0.11908580826926692,75000.0,-3.8373759245715844,0.10639117149565572,38
2026-08-31 14:40:00.009200,78135.59,111043953.32041621,116408871.83107573,-0.023586950424055113,82000.0,4.945774390389834,0.1192366912821446,78000.0,-0.17353167743405784,0.11691172376899045,38
2026-08-31 14:50:00.030882,78388.91,118572743.67107446,114816598.80943376,0.016093900525703763,82000.0,4.606633770006496,0.12963484368449724,78000.0,-0.496128852920652,0.11523025940526563,39
2026-08-31 14:59:59.989472,78550.18,117829568.33800578,115926823.40867615,0.008139862679740574,82000.0,4.391867720735987,0.13000069812925674,78000.0,-0.700418509543832,0.11499595536557486,39
2026-08-31 15:10:00.007670,78501.06,116715119.4052894,116596616.1375112,0.000507918161521128,82000.0,4.45718822140746,0.1297709354135724,78000.0,-0.6382843747587574,0.11515050039559704,39
2026-08-31 15:20:00.011423,78235.68,118203409.76850128,116540321.32475558,0.007084698006631776,82000.0,4.811513110130838,0.12773089112972025,78000.0,-0.30124362694872175,0.11497963777120195,38
2026-08-31 15:30:00.000292,78432.04,121367817.28786904,113384044.34311986,0.03400941270190661,82000.0,4.549110287071456,0.12919118674622726,78000.0,-0.5508463122978702,0.11560118798479105,39
2026-08-31 15:40:00.001231,78503.81,117351845.81688236,116937394.27647366,0.001768973855750082,82000.0,4.453529070754647,0.1293672064822143,78000.0,-0.6417650302577682,0.11558015181620442,39
2026-08-31 15:50:00.001439,78625.24,123644440.13309883,116270512.34069082,0.0307355907431972,82000.0,4.292209473700814,0.1384926383974106,78000.0,-0.7952153786748406,0.11444514692260424,39
2026-08-31 16:00:00.009833,78561.04,118833660.64190538,116933166.87268426,0.008060904026473026,82000.0,4.377436958573866,0.12912950499890286,78000.0,-0.7141453320882674,0.11575035507912043,39
2026-08-31 16:09:59.983360,78584.62,119219836.05980971,117289732.00668956,0.008160786343229313,82000.0,4.346117599092558,0.12937835028186043,78000.0,-0.7439369179363498,0.11610280165293545,39
2026-08-31 16:20:00.013813,78687.72,124310548.69983414,116122011.61619607,0.03405752146412643,82000.0,4.209398874436832,0.139254569598943,78000.0,-0.8739864365113093,0.1150932762787259,39
2026-08-31 16:30:00.008793,78628.63,119617027.75214553,116921721.85592863,0.011394775277550956,82000.0,4.287713012423078,0.1293838333778759,78000.0,-0.7994925003780518,0.11601292859261872,39
2026-08-31 16:40:00.008081,78572.9,119301146.30591413,117674437.93102324,0.006864455594144448,82000.0,4.361681953956142,0.1292863260531567,78000.0,-0.7291317998953772,0.11635036458499882,39
2026-08-31 16:50:00.020860,78691.62,125307086.87033266,115928183.58925657,0.03887865677024705,82000.0,4.204234199270518,0.13884012240990867,78000.0,-0.8788991763036491,0.11487318096938981,39
2026-08-31 17:00:00.007892,78618.06,120496537.72720683,117886695.19822225,0.010948096042480412,82000.0,4.301734232566923,0.1288762843701191,78000.0,-0.7861552421924434,0.11719106844259432,39
2026-08-31 17:10:00.012844,78730.29,127249395.54147777,114576585.0238489,0.05240466920883813,82000.0,4.153052148036052,0.13801384554418739,78000.0,-0.9275845421120588,0.1142150063019476,39
2026-08-31 17:20:00.008008,78637.1,125787944.59689885,117547545.0594528,0.03386435554091794,82000.0,4.27648018556126,0.13772343616994687,78000.0,-0.8101773844661153,0.11558166210448094,39
2026-08-31 17:29:59.983190,78519.36,120385053.46142489,119262169.21288322,0.004685571716671721,82000.0,4.432843059342306,0.1280903955267288,78000.0,-0.6614419679426886,0.1169109900240345,39
2026-08-31 17:40:00.011256,78775.83,128105393.13782626,114391071.87371665,0.056554726533670524,82000.0,4.092841674914749,0.13812008335468537,78000.0,-0.9848579189835283,0.11435544585761558,38
2026-08-31 17:50:00.009615,78835.92,129858595.68934757,113425181.59383705,0.06754833503091275,82000.0,4.013500444974838,0.13810324415093395,78000.0,-1.060328845023939,0.11418459515008215,38
2026-08-31 18:00:00.010210,78881.45,130206688.38593888,112923674.69710378,0.07108537769481296,82000.0,3.9534643442786566,0.13827097376223754,78000.0,-1.1174363554422473,0.11415837131774074,38
2026-08-31 18:10:00.043222,78837.31,129884617.8071199,113800173.89139073,0.06600511998971614,82000.0,4.011666557369864,0.13795525916090465,78000.0,-1.0620732746969619,0.11409865062206408,38
2026-08-31 18:20:00.013901,79035.05,117572234.54589148,91629607.96052518,0.12400763910370712,82000.0,3.7514368625059413,0.1519922497599814,78000.0,-1.3096088381041149,0.10237500840108467,38
2026-08-31 18:29:59.977209,78890.28,130539618.36467533,113644142.13472722,0.06919164564995485,82000.0,3.9418290821125357,0.13815152247635562,78000.0,-1.1285040438441807,0.11412342161956313,38
2026-08-31 18:40:00.006623,78982.19,131719554.03734913,74202353.13486041,0.27931559925961597,82000.0,3.820874047680878,0.14239812113126832,78000.0,-1.243558832693803,0.10344874811732115,38
2026-08-31 18:50:00.035689,79069.7,121494642.5007934,91164542.80723429,0.1426230409451972,82000.0,3.7059708080339204,0.15286778984936758,78000.0,-1.352857036260413,0.10130215714060778,38
2026-08-31 18:59:59.993335,79006.09,116649728.24083982,92492522.85081547,0.11550609818882365,82000.0,3.789467368907906,0.15223792599814587,78000.0,-1.273433478355901,0.10252737658822367,38
2026-08-31 19:10:00.014680,79209.34,124078054.68734956,88702623.72552885,0.16625302271655712,82000.0,3.5231451240472555,0.1537862284307057,78000.0,-1.526764394198965,0.10022955898086645,39
2026-08-31 19:20:00.000714,79053.33,121173428.2755714,91807361.47933768,0.13788129356655676,82000.0,3.727445763511783,0.15269495609237133,78000.0,-1.332429639586341,0.10127256281730192,38
2026-08-31 19:30:00.010952,79083.65,121804759.03957407,91096207.97453573,0.14423866408743535,82000.0,3.6876775414387275,0.15289571884568098,78000.0,-1.3702579483875543,0.10122233704768228,38
2026-08-31 19:40:00.020451,79045.31,117122090.97156353,91951686.6581904,0.12039005846992001,82000.0,3.7379700326306553,0.15231075987621445,78000.0,-1.3224187494488837,0.10104031191221315,38
2026-08-31 19:49:59.970739,79049.34,121489071.23055537,91933193.27979816,0.13848544817273922,82000.0,3.7326813860811603,0.15199880696809978,78000.0,-1.3274494132398784,0.10077691504154644,38
2026-08-31 20:00:00.009422,78886.0,128833171.63992903,109482127.74276745,0.08119933528097528,82000.0,3.9474684988464404,0.14015260618965505,78000.0,-1.1231397206094895,0.10221371298044724,38
2026-08-31 20:10:00.015966,78934.21,129329384.6252342,103680893.6659328,0.11007450464159925,82000.0,3.883981356119226,0.1428685229192941,78000.0,-1.1835299295451351,0.10262801890137685,38
2026-08-31 20:19:59.989982,79078.56,121281365.23220497,91970653.99901307,0.137446347935453,82000.0,3.694351541049823,0.15206278046423766,78000.0,-1.3639095097331078,0.10122784033287921,38
2026-08-31 20:30:00.006812,78908.65,128789668.77235276,109861627.82509774,0.07931254184293095,82000.0,3.9176313369953863,0.14043485710553444,78000.0,-1.1515214111507355,0.10291651659018612,38
2026-08-31 20:40:00.045804,78797.79,127069869.00423524,111683056.74953246,0.06444659141296391,82000.0,4.063832247071919,0.140645033170982,78000.0,-1.0124522527852564,0.10494087757201394,38
2026-08-31 20:50:00.036201,78819.05,127273256.30989423,112639474.91797882,0.06099626858908127,82000.0,4.035762927870867,0.14023351656197322,78000.0,-1.0391523369033262,0.10628968840861779,38
2026-08-31 21:00:00.016528,78847.44,127800764.47532275,111588843.16557738,0.06772190935733644,82000.0,3.9983035593799787,0.14060812914336526,78000.0,-1.0747844191263511,0.104886815261224,38
2026-08-31 21:10:00.000147,78874.27,128072522.85972016,111558105.67329875,0.06891613683743218,82000.0,3.96292732725132,0.14057751326776644,78000.0,-1.108434981395079,0.10610135950689314,38
2026-08-31 21:20:00.011618,78798.78,126810472.89970486,112675182.53600183,0.05902353666229436,82000.0,4.062524825891978,0.14035829858839313,78000.0,-1.0136958973222643,0.1063833509764701,38
2026-08-31 21:30:00.000597,78942.88,129214772.92481111,105107985.17519653,0.10287855923634161,82000.0,3.8725721686363457,0.14233888110125456,78000.0,-1.1943825712971257,0.10538529832724422,38
2026-08-31 21:39:59.973029,78992.13,129464965.87962762,75938274.62853423,0.26059321712096584,82000.0,3.807809714714616,0.14219217302502005,78000.0,-1.2559858811251212,0.10387178972825263,38
2026-08-31 21:50:00.011937,78980.82,129727504.94710344,76525107.02626531,0.25794775354266836,82000.0,3.822674922848357,0.14184088767179262,78000.0,-1.2418458050954762,0.10501659242115015,38
2026-08-31 21:59:59.997047,78946.22,128598654.6767188,105516694.64358178,0.09859225420353737,82000.0,3.868177602423528,0.14241024788157655,78000.0,-1.1985627684264033,0.10549117340400628,38
2026-08-31 22:09:59.985511,78952.37,128454563.97672147,76793441.22773047,0.2517009736466391,82000.0,3.860086783968608,0.14228453502893232,78000.0,-1.206258912810343,0.10506214347843099,38
2026-08-31 22:20:00.001663,78805.7,126319213.64039949,112044378.31690006,0.05988681075949141,82000.0,4.0533870011940865,0.1401891862430768,78000.0,-1.0223879744739262,0.10475041915463126,38
2026-08-31 22:30:00.004062,78745.93,125475398.34495607,114802062.22759998,0.04442087947792793,82000.0,4.132365952119699,0.13934314009115106,78000.0,-0.9472616553007795,0.10582506003523166,39
2026-08-31 22:40:00.010962,78680.13,124512152.66298684,115536517.48251659,0.03739089733356887,82000.0,4.21945159470376,0.13865675874532143,78000.0,-0.8644240928427638,0.10596818308546131,39
2026-08-31 22:50:00.042561,78568.94,118220746.61155632,117244906.3887194,0.004144299647965149,82000.0,4.3669419493250095,0.1292225913437353,78000.0,-0.7241283896664563,0.10781684960900877,39
2026-08-31 23:00:00.011394,78571.49,115384237.05143034,122091907.2336526,-0.028245658958357966,82000.0,4.363554770311717,0.12821273748018228,78000.0,-0.7273503404351955,0.1204794255214742,39
2026-08-31 23:10:00.008206,78486.87,120688077.36115035,117024120.28905192,0.015413416342606078,82000.0,4.476073513952095,0.12794637938925232,78000.0,-0.6203203159967918,0.12067275148877629,39
2026-08-31 23:19:59.981227,78536.03,115678436.22317679,122288274.84012243,-0.027776316222597283,82000.0,4.41067622083775,0.1279613489562358,78000.0,-0.6825274972518947,0.12043437200704596,39
2026-08-31 23:29:59.996732,78557.55,114833549.74883056,121995083.38953798,-0.03023930656443577,82000.0,4.382074033622474,0.12841452085483615,78000.0,-0.7097344558225194,0.12086088730611368,39
2026-08-31 23:40:00.011051,78531.26,114654080.89963046,122359699.13036448,-0.03251126677005382,82000.0,4.4170181402921616,0.12828744785611115,78000.0,-0.6764949397220832,0.1209944305432238,39
2026-08-31 23:49:59.997581,78538.08,114773489.44367966,122386935.7451293,-0.03210251581978063,82000.0,4.407950894648804,0.1282270210626455,78000.0,-0.6851198806999137,0.12093743895451332,39
2026-09-01 00:00:00.004571,78563.19,115105258.60417067,116985241.33350098,-0.008100214053721239,82000.0,4.374580512833037,0.13017704870494926,78000.0,-0.7168624390124667,0.10906455352344278,39
2026-09-01 00:10:00.050152,78696.62,121403671.15217659,115279319.13812578,0.025875758991125715,82000.0,4.197613569680625,0.1398460228089776,78000.0,-0.8851968483525652,0.10701940201099523,39
2026-09-01 00:19:59.985567,78787.69,122534562.08585969,113164402.76664892,0.03975477501597962,82000.0,4.077172461840162,0.14084978835469036,78000.0,-0.9997627802008191,0.10555325012687587,38
2026-09-01 00:30:00.000996,78843.37,123840608.09091744,111798498.46293125,0.05110403703399846,82000.0,4.003672090627286,0.14167586226533319,78000.0,-1.069677767452093,0.10553152598259564,38
2026-09-01 00:40:00.047877,78687.04,121781959.21279207,116199753.08431222,0.023456449970873566,82000.0,4.210299434316012,0.14029629198389826,78000.0,-0.8731298063823445,0.10687314658187369,39
2026-09-01 00:49:59.979614,78783.09,126026027.07843548,113528871.27565306,0.052168233205193086,82000.0,4.083249336881822,0.14026946826395154,78000.0,-0.9939823380880286,0.10442123200288776,38
2026-09-01 01:00:00.004691,78629.97,124004124.81019244,116668755.22634201,0.03047858812649315,82000.0,4.285935757065662,0.13907483551648694,78000.0,-0.8011830603521841,0.1064154631405654,39
2026-09-01 01:09:59.999773,78670.56,121863151.44665185,116453729.94757783,0.022698440275935018,82000.0,4.232129528504691,0.14012326862086263,78000.0,-0.8523645948369962,0.10701073938464778,39
2026-09-01 01:20:00.001299,78601.06,117122206.33503863,117320153.51236393,-0.0008443319605473017,82000.0,4.324292827603093,0.1305574941874327,78000.0,-0.7646970664263231,0.10872665660989925,39
2026-09-01 01:30:00.032340,78394.92,121100855.8833943,119062244.67884429,0.00848844472684389,82000.0,4.598614297967263,0.12759744131708226,78000.0,-0.5037571312018652,0.12196485973077903,39
2026-09-01 01:40:00.036433,78512.41,114974076.09193192,118459991.99924377,-0.014933192639003737,82000.0,4.44208756297253,0.1301791397276023,78000.0,-0.6526484157090673,0.10956439229972748,39
2026-09-01 01:50:00.015494,78490.01,125968505.4182865,115741835.45323503,0.04230960879943215,82000.0,4.471893939114047,0.12716817170952435,78000.0,-0.6242960091354277,0.12055819532878537,39
2026-09-01 02:00:00.037873,78378.45,123757338.52167207,119623714.60482012,0.016984164805563515,82000.0,4.620594053595095,0.12649178946361508,78000.0,-0.48284955877540003,0.12275984229491844,39
2026-09-01 02:10:00.014903,78291.6,120030311.14756685,121863544.32807472,-0.00757866782892496,82000.0,4.736651186078711,0.1230255017753654,78000.0,-0.3724537498275726,0.12134988703113499,38
2026-09-01 02:20:00.016823,78247.45,119807910.66783503,123135149.65641642,-0.013695550653476527,82000.0,4.795747337453182,0.12559856220379406,78000.0,-0.31624033754453773,0.12642068479998275,38
2026-09-01 02:30:00.013092,78192.12,118831179.75767544,123912409.21889429,-0.02093249705436836,82000.0,4.869902491453115,0.12530058830836927,78000.0,-0.24570250812997463,0.12653597368590483,38
2026-09-01 02:40:00.016026,78313.82,124185336.07062373,121311080.12466134,0.01170793443956428,82000.0,4.706934229488469,0.12562608319543028,78000.0,-0.4007210987792553,0.1253046160474661,38
2026-09-01 02:50:00.013104,78383.65,125686939.46730003,120123734.87737712,0.022632070819358103,82000.0,4.613653485133695,0.12590037990628508,78000.0,-0.48945156292159453,0.12511171496673937,39
2026-09-01 03:00:00.012618,78420.45,126990720.17444858,116665322.91571638,0.042376938933180015,82000.0,4.5645619223047,0.12663835229339013,78000.0,-0.5361484153686868,0.123759829103575,39
2026-09-01 03:10:00.015895,78420.4,127075424.91485941,116440830.93347201,0.043670981817373715,82000.0,4.564628591539965,0.12668209752565618,78000.0,-0.536084998291253,0.12380257999515952,39
2026-09-01 03:19:59.984432,78477.03,129150588.02233759,115175762.03698252,0.057197375485542636,82000.0,4.489173456232987,0.12655452671349302,78000.0,-0.6078593952905664,0.1232441579873012,39
2026-09-01 03:29:59.952939,78452.25,128982626.6461972,116338050.6950156,0.05154305005278645,82000.0,4.522177502875957,0.12614464169258477,78000.0,-0.5764653021423816,0.12382161037903494,39
2026-09-01 03:40:00.008342,78823.2,129218124.52861804,113317318.5251359,0.06556075187723381,82000.0,4.030285499700592,0.1396809809901319,78000.0,-1.0443625734555262,0.10734150482719373,38
2026-09-01 03:50:00.012271,78692.05,126130254.86652382,123661329.54359597,0.009883941161421387,82000.0,4.203664792059669,0.13595474229409005,78000.0,-0.8794408075529891,0.1220987393854285,39
2026-09-01 04:00:00.007830,78652.72,125818001.35341659,124358417.44267637,0.0058342185796890185,82000.0,4.255771446937873,0.13572256533395313,78000.0,-0.8298759407176282,0.12209967729700696,39
2026-09-01 04:09:59.964688,78736.78,128203149.4288321,117275325.10782284,0.04451642589695789,82000.0,4.144467172774902,0.1382076077936937,78000.0,-0.9357507380921559,0.10969864325542737,39
2026-09-01 04:19:59.990221,78691.35,127051472.86845957,123577576.54359414,0.01386070901603299,82000.0,4.204591737211261,0.13562778432799588,78000.0,-0.8785590792380726,0.12140077717422591,39
2026-09-01 04:30:00.003274,78798.95,129647851.31100908,114610851.20325518,0.06156177836437893,82000.0,4.062300322529677,0.13792988010140506,78000.0,-1.0139094493010314,0.10831975934390374,38
2026-09-01 04:39:59.994020,78705.17,127397899.29779428,118529414.06431147,0.036061408195131074,82000.0,4.186294242169852,0.1373983397244111,78000.0,-0.8959640135457358,0.10929467784754118,39
2026-09-01 04:50:00.012239,78749.17,128594997.78748876,116847935.64639007,0.04786066551907185,82000.0,4.128081603907696,0.13802663982725968,78000.0,-0.9513370109170638,0.10872939971661488,39
2026-09-01 05:00:00.003471,78700.23,127370820.54485483,118921277.32275224,0.03430700089551636,82000.0,4.192833998070911,0.13725285175584107,78000.0,-0.8897432701276631,0.10860463487355425,39
2026-09-01 05:10:00.040555,78905.09,132957819.94475532,105904485.00671677,0.11325912200141738,82000.0,3.92231984020297,0.14036732033969798,78000.0,-1.147061615416689,0.10769020619017831,38
2026-09-01 05:20:00.002749,78813.57,130938652.7812068,113393551.48870024,0.07180838622945082,82000.0,4.042996656540221,0.1375778739896613,78000.0,-1.0322714730470972,0.10674574021069964,38
2026-09-01 05:29:59.998973,78967.48,135860308.43852773,74317392.6886523,0.2928137258130698,82000.0,3.840213718355967,0.14123775353050244,78000.0,-1.2251625605882221,0.10560495659499983,38
2026-09-01 05:40:00.043130,79071.93,124368144.78932118,95191522.17639178,0.13288698701426663,82000.0,3.7030460746310334,0.15019324545890692,78000.0,-1.3556390997412016,0.10322313906921884,38
2026-09-01 05:50:00.010142,79153.74,127744814.19808796,92001194.6561787,0.16265878833601058,82000.0,3.5958629371145356,0.15046766178346704,78000.0,-1.4575937915252135,0.10172360197175671,38
2026-09-01 06:00:00.054923,79153.63,127100449.25100033,94990550.78545803,0.1445799175125113,82000.0,3.5960069045475107,0.15015583207806443,78000.0,-1.4574568468938232,0.1072226473335049,38
2026-09-01 06:09:59.987626,78978.06,137942377.42682028,75855399.0082181,0.29040048710453764,82000.0,3.826303153052879,0.13980068406132318,78000.0,-1.2383945617301828,0.1100498264139121,38
2026-09-01 06:20:00.010847,78875.9,134820329.058517,112243151.94555755,0.09138208941768741,82000.0,3.9607788944405087,0.13714128452829222,78000.0,-1.110478612605359,0.10959548020775227,38
2026-09-01 06:29:59.985367,78868.34,134609372.51173943,112072164.92249712,0.09136154989000975,82000.0,3.970744154118111,0.1374044914334109,78000.0,-1.1009994631559383,0.10975033780244309,38
2026-09-01 06:40:00.017227,78894.74,135551497.68656117,110648189.01449108,0.10115085443755624,82000.0,3.9359531446583107,0.13793137265677113,78000.0,-1.1340933502030692,0.1097836278124453,38
2026-09-01 06:50:00.031954,78804.52,131732546.69256127,119190212.4535822,0.04998484107882025,82000.0,4.054945071678628,0.13623436397819128,78000.0,-1.0209059074276494,0.12291378953385346,38
2026-09-01 07:00:00.011453,78715.26,127616758.77325687,124115532.97817567,0.013908528662418908,82000.0,4.172939275052889,0.13547671128674355,78000.0,-0.9086675188521243,0.12284221868289087,39
2026-09-01 07:10:00.014264,78743.94,128416143.62806745,122715986.62002331,0.022697840385509472,82000.0,4.134997562987075,0.13594769627539394,78000.0,-0.9447584156952349,0.12375891383359554,39
2026-09-01 07:19:59.973918,78750.61,128461155.73025768,121365093.95514542,0.028403987907788163,82000.0,4.126177562307132,0.1364410464405038,78000.0,-0.9531481724395552,0.12423030722055742,38
2026-09-01 07:29:59.997764,78755.81,128724917.77182627,118722492.25606573,0.04042242961699651,82000.0,4.119302436226624,0.13747860097638953,78000.0,-0.9596879265161506,0.12451615930054219,38
2026-09-01 07:40:00.010387,78547.56,120226232.83913882,142495278.95167398,-0.08476293380294829,82000.0,4.395349772800072,0.12104308165443538,78000.0,-0.6971063136779754,0.11972927725595697,39
2026-09-01 07:50:00.011837,78631.35,121690636.02768001,130061402.4038133,-0.03325004408419574,82000.0,4.284105512623149,0.12513757744406348,78000.0,-0.802924024577989,0.12363592984691624,39
2026-09-01 08:00:00.012388,78614.44,121040796.8438471,113360933.81500247,0.032763678865588106,82000.0,4.306537068762428,0.13088492711733873,78000.0,-0.7815866906893953,0.1294910293231371,36
2026-09-01 08:09:59.992155,78284.76,117995512.70194659,112470421.52289642,0.02397356987978914,82000.0,4.745802375839192,0.12020533639103927,78000.0,-0.3637489595676002,0.13128404605357985,35
2026-09-01 08:19:59.996799,78199.35,117977468.30888578,114440105.38448499,0.015219859962343664,82000.0,4.860206638546227,0.11960814003680988,78000.0,-0.2549253926023787,0.1308729318342585,35
2026-09-01 08:30:00.014614,77865.48,117122275.72476171,85818715.21092243,0.15424956963849637,78000.0,0.17275948212225334,0.1297308407711175,75000.0,-3.6800389594978333,0.10206889969035937,35
2026-09-01 08:40:00.073900,77929.56,117506549.8897315,73103691.05293758,0.2329510660980131,78000.0,0.0903893208174189,0.1299581409747365,75000.0,-3.7592410376755647,0.10222709754992351,35
2026-09-01 08:50:00.020815,77901.51,117564405.49960798,73333023.8336039,0.23170234308812038,78000.0,0.12642887153280213,0.12970024306289155,70000.0,-10.142948448624423,0.1020960413875644,35
2026-09-01 09:00:00.022477,77859.34,116865747.5899522,93924848.39790834,0.10883265016891466,78000.0,0.18065912194991096,0.12680966019007825,70000.0,-10.094280275173151,0.10003538932212688,35
2026-09-01 09:10:00.015540,77853.24,116023910.96049461,94107784.97529407,0.10429709753019646,78000.0,0.18850853220750974,0.12713460310738542,70000.0,-10.087235932634275,0.10027773880192911,35
2026-09-01 09:20:00.014111,77826.64,115636522.20036244,94126590.47553834,0.10254391942618865,78000.0,0.22275148972126235,0.12717168299607498,70000.0,-10.05650507332707,0.10026783471235118,35
2026-09-01 09:30:00.044747,77908.57,117128117.44725944,81087608.80914105,0.1818246680967102,78000.0,0.11735551043998704,0.12683676975540248,70000.0,-10.1510912085795,0.09993292843602103,35
2026-09-01 09:40:00.022111,77894.23,116994415.82575908,94017297.48991694,0.10889025056854595,78000.0,0.13578669434179957,0.12689612986422313,70000.0,-10.134550402513764,0.09996749623917517,35
2026-09-01 09:50:00.018717,77924.82,117385626.65598716,81139048.0957871,0.18257971511864232,78000.0,0.09647760495308244,0.1272348718183742,75000.0,-3.75338691831435,0.09998389220854671,35
2026-09-01 09:59:59.968012,77886.45,117276241.92314285,94038676.6151891,0.10996651570408889,78000.0,0.14578915844798424,0.12692977389459065,70000.0,-10.125573832162072,0.09986404921468875,35
2026-09-01 10:10:00.031375,77833.74,115901823.48455817,94684147.0203363,0.10075541316143242,78000.0,0.21360916229902216,0.12637361715971274,70000.0,-10.064709726141906,0.10160398573266011,35
2026-09-01 10:20:00.015710,77850.3,116046057.63327728,94626743.54443769,0.10167099867234941,78000.0,0.19229212989544386,0.1266678413209827,70000.0,-10.083840396247679,0.1016733789770439,35
2026-09-01 10:29:59.973650,77987.24,118500901.97976169,79524647.54058523,0.19682437207513812,78000.0,0.016361650957241736,0.12737258843230467,70000.0,-10.2417267234999,0.10213798726609913,35
2026-09-01 10:40:00.010478,78154.43,117916181.3987151,123868600.47780935,-0.02461866720021306,82000.0,4.92047603699497,0.1162947998407372,78000.0,-0.19759596480966035,0.12793911345306908,35
2026-09-01 10:50:00.009928,78041.34,73915171.99799035,125362001.23335359,-0.2581671969806487,82000.0,5.072516694357132,0.1044306908367123,78000.0,-0.05297192487980773,0.1289093312496854,35
2026-09-01 11:00:00.014201,77992.45,119270518.93796334,79974635.5626112,0.19722378430657805,78000.0,0.009680424194913329,0.12843505672107763,70000.0,-10.24772269623534,0.1018175303790825,35
2026-09-01 11:10:00.016376,77944.22,118808048.01549387,79976300.84430352,0.19534609939829006,78000.0,0.07156399794621127,0.12842815240088248,70000.0,-10.192186155689287,0.10185541210523415,35
2026-09-01 11:20:00.036895,77958.98,119044310.8834113,79965022.52550541,0.19636912344009153,78000.0,0.05261741495334871,0.1284303148412976,70000.0,-10.20918949940084,0.10181283781715326,35
2026-09-01 11:30:00.014703,77970.53,119216495.64535561,80215541.23692803,0.1955601267385551,78000.0,0.03779633151139716,0.12837863497215493,70000.0,-10.222490471720535,0.10171032604476517,35
2026-09-01 11:40:00.018548,78147.6,117892091.63750523,125099628.96217918,-0.029661658046975084,82000.0,4.929645952018991,0.11475041552397926,78000.0,-0.18887336271363742,0.1287061651019765,35
2026-09-01 11:50:00.028738,78064.33,73880540.84948725,125345132.009217,-0.25832308869263904,82000.0,5.041572764411084,0.11516487428853857,78000.0,-0.08240639482847145,0.12901498207397108,35
2026-09-01 12:00:00.015855,78061.07,73748782.74531202,125339842.79560342,-0.25913615059685435,82000.0,5.045959528866306,0.1142794437981987,78000.0,-0.07823361888327218,0.12802992513697453,35
2026-09-01 12:10:00.021281,78052.3,73732700.00223063,125928146.85844266,-0.2614205422690353,82000.0,5.057762551519929,0.11503882359914433,78000.0,-0.06700635343225292,0.12882746533895884,35
2026-09-01 12:20:00.015249,77937.3,115843081.00634176,80752235.54545209,0.17849278444863076,78000.0,0.08044928423232012,0.129331349824573,70000.0,-10.184212180817143,0.10238331960152292,35
2026-09-01 12:30:00.014195,77959.23,119471846.37981115,80802183.52703919,0.19308376063914853,78000.0,0.05229656578189523,0.12830045976287044,70000.0,-10.209477440964976,0.10146682258061272,35
2026-09-01 12:39:59.987752,77786.73,113645239.33411735,95862555.1088311,0.08487838971608622,78000.0,0.2741727284332418,0.12853904147540382,70000.0,-10.010357807816316,0.10180363051330066,35
2026-09-01 12:50:00.019896,77967.33,118929329.86817038,80385306.1172858,0.19338280683861622,78000.0,0.041902165945661984,0.12707057202082192,70000.0,-10.218805748510306,0.10148480745176279,35
2026-09-01 13:00:00.013757,77970.33,119379844.72097903,80392890.56804167,0.1951565317285819,78000.0,0.038052936290000616,0.12766075623360876,70000.0,-10.222260185380772,0.10159163358279573,35
2026-09-01 13:10:00.015198,77704.02,113146295.390459,96791516.5354202,0.07790296900309239,78000.0,0.38090693377252904,0.1283963104414146,70000.0,-9.914570700460546,0.1015174710948115,35
2026-09-01 13:20:00.013830,77764.68,113821442.90673861,95876852.36935359,0.0855733734685772,78000.0,0.3026052444374594,0.12861156098325244,70000.0,-9.984841447299718,0.1015490775829061,35
2026-09-01 13:29:59.956430,77850.56,118725727.05370495,95211688.62495127,0.10991082767902943,78000.0,0.19195751449958554,0.12749986336707708,70000.0,-10.084140692115762,0.10067130371397354,35
2026-09-01 13:40:00.007399,77603.25,110566124.78158686,99491120.30791831,0.05272374427718262,78000.0,0.5112543611253351,0.12766139078994984,75000.0,-3.3545631143025556,0.10098781724724894,35
2026-09-01 13:50:00.012721,78068.72,72151183.4698985,125521227.93252143,-0.26999237821798316,82000.0,5.035666013225271,0.11604674836172535,78000.0,-0.08802501181011113,0.13040739053591144,35
2026-09-01 14:00:00.016073,78039.54,72337940.69435836,125642273.70211446,-0.2692407075638855,82000.0,5.0749402162032275,0.11580148384637634,78000.0,-0.0506666236115616,0.13013763898388014,35
2026-09-01 14:10:00.025297,78336.32,119022202.69589336,121379324.06754546,-0.009804935115788858,82000.0,4.67685998014713,0.11365008542719256,78000.0,-0.4293283115673674,0.12636627300630357,36
2026-09-01 14:20:00.014518,78170.95,117527899.05155611,124486455.7430251,-0.028752660962509106,82000.0,4.898303014099237,0.1160771723582376,78000.0,-0.21868737683243822,0.12922702601409236,35
2026-09-01 14:30:00.011403,78221.85,118627742.33867118,123756890.81386012,-0.02116119495067658,82000.0,4.8300442906937135,0.1163732825712808,78000.0,-0.28361640641330066,0.12958001997008184,35
2026-09-01 14:40:00.014096,78298.42,119704413.34616116,122530823.49228124,-0.011668038816355801,82000.0,4.727528346038157,0.11264809790564675,78000.0,-0.3811315732807907,0.12542664558650352,35
2026-09-01 14:49:59.956374,78291.02,123079789.77846676,123200601.9044139,-0.0004905470757196728,82000.0,4.737427102112091,0.11297237188378471,78000.0,-0.37171568335679916,0.1271165110166479,35
2026-09-01 15:00:00.024143,78140.3,121370400.37375835,126799955.59660569,-0.021878339182040452,82000.0,4.9394486583747454,0.11324857607542471,78000.0,-0.17954883715572967,0.12879977460307812,35
2026-09-01 15:10:00.011657,77753.91,115880510.61103258,98924278.95948572,0.07893786579642482,78000.0,0.3164985529344966,0.1281230993796375,70000.0,-9.972373093520314,0.10149468894755356,35
2026-09-01 15:20:00.016727,77782.49,116545981.25358249,99176643.44402717,0.080516996462021,78000.0,0.2796387721709426,0.12805710835554718,70000.0,-10.005452383949143,0.10144241314017917,35
2026-09-01 15:30:00.015430,77833.71,118508589.30298716,98235748.35178782,0.09353342823418723,78000.0,0.213647788342608,0.12828915596153048,70000.0,-10.064675061743822,0.10141609387535455,35
2026-09-01 15:40:00.015781,77876.41,118952685.88425975,96797116.42033252,0.10269103019917641,78000.0,0.15870017634351807,0.12880783569175394,70000.0,-10.113987021230187,0.10175274654642183,35
2026-09-01 15:49:59.986633,78029.37,77547719.14985202,128430977.9658275,-0.24703165680963102,82000.0,5.088635215176041,0.1026588166527681,78000.0,-0.03763967336913865,0.12890527449526265,35
2026-09-01 16:00:00.013886,77885.71,120057239.24752048,96834613.6775205,0.10707006859324425,78000.0,0.14674065370912093,0.13100135594112847,70000.0,-10.124719926158477,0.10159635738922093,35
2026-09-01 16:10:00.034783,77775.06,117519315.04329309,99873107.58500624,0.08117213675132821,78000.0,0.2892186775555139,0.130191854429194,70000.0,-9.996855032963003,0.10101944396494245,35
2026-09-01 16:20:00.026465,77571.22,113474193.67395641,104653321.80091536,0.04043906085776332,78000.0,0.5527565506898036,0.1290286854196887,70000.0,-9.760346685278387,0.10101006796115075,35
2026-09-01 16:30:00.018115,77591.24,113763053.61957814,104350097.19514565,0.04315629933028808,78000.0,0.5268120473393534,0.12911635765158244,70000.0,-9.78363021392622,0.10104242575791025,35
2026-09-01 16:39:59.991196,77535.29,113566102.52333805,105407535.57187031,0.03725821529220081,78000.0,0.5993528882138888,0.12862396969485415,70000.0,-9.718529459295233,0.10071185905445179,35
2026-09-01 16:50:00.032521,77562.81,113792320.97995281,104958983.4444083,0.04038073079741963,78000.0,0.563659310434983,0.1287991002270653,70000.0,-9.750562157301934,0.10078942342380577,35
2026-09-01 17:00:00.011466,77564.8,113521410.39172181,104980974.28327458,0.039086237530772984,78000.0,0.5610792524443964,0.12876994511680936,70000.0,-9.752877593960152,0.10078211280291716,35
2026-09-01 17:09:59.990512,77533.34,113249118.99089594,106624415.23218542,0.030129609650923993,78000.0,0.6018830092964,0.12870657482454226,70000.0,-9.716258837810932,0.1004639827682136,35
2026-09-01 17:20:00.014099,77526.36,113747902.09289671,106015243.57208303,0.03518632979799908,78000.0,0.6109405884656471,0.12972165188410958,70000.0,-9.708130241120571,0.10037390918772436,35
2026-09-01 17:30:00.056355,77495.28,116398657.78467882,103133488.52799763,0.06042472357459578,78000.0,0.6512912786430292,0.12858364545547826,70000.0,-9.671918083269071,0.10041841956729002,36
2026-09-01 17:40:00.036413,77567.27,113640249.97553043,106261271.60329276,0.03355583135241149,78000.0,0.5578770530405341,0.1288613664019418,70000.0,-9.755751362655928,0.10040674544460063,35
2026-09-01 17:50:00.014856,77404.89,115648201.13992539,106426118.09498745,0.04152701256367563,78000.0,0.7688273957885627,0.12812523328062603,75000.0,-3.106896734818687,0.10188081949322803,36
2026-09-01 18:00:00.002255,77244.16,113056397.82799801,108905750.28883198,0.01869979892689332,78000.0,0.9785076308681306,0.12632392911050142,75000.0,-2.9052811241652488,0.10101452689338025,36
2026-09-01 18:10:00.024453,77125.05,98005119.61155885,114590928.08945054,-0.07801560121765583,78000.0,1.1344563147771103,0.12679255700379344,75000.0,-2.7553304665604794,0.10587326725057548,36
2026-09-01 18:20:00.015199,77058.02,97694407.32316211,114546692.28951064,-0.07940160975938655,78000.0,1.2224295407538222,0.12640314054852858,75000.0,-2.670740826198237,0.10576538503969782,36
2026-09-01 18:30:00.000336,77019.33,97070281.59915124,115011487.3015704,-0.08459570002369078,78000.0,1.2732777602713519,0.12569575389852453,75000.0,-2.621848307431396,0.10795155652333535,36
2026-09-01 18:40:00.012645,76658.11,115202647.45985629,101948807.66498539,0.061035003367816185,78000.0,1.7504866738822455,0.12143625672463407,75000.0,-2.162993582805528,0.1101476695334224,35
2026-09-01 18:50:00.019041,76755.02,116334033.75100803,98247523.32208091,0.08428734824944276,78000.0,1.6220176869213176,0.12325653613448592,75000.0,-2.28652145488335,0.1113815303088355,36
2026-09-01 19:00:00.016887,77126.1,95891929.72621487,114856017.34129643,-0.08998468492320155,78000.0,1.1330794633723107,0.12655399144536125,75000.0,-2.756654362142008,0.10653116582809316,36
2026-09-01 19:10:00.013506,77147.05,110474253.69583344,114285463.38323958,-0.016956818316626154,78000.0,1.1056158336579358,0.12712007899968203,75000.0,-2.783061698405842,0.10535105871465245,36
2026-09-01 19:19:59.974776,77197.52,111975338.25968084,113107873.48585318,-0.005031629046828785,78000.0,1.039515259039403,0.12742933671398188,75000.0,-2.8466199432313433,0.1051387504093855,36
2026-09-01 19:29:59.982302,77324.96,114217539.23944956,109171675.23638172,0.022587769131592314,78000.0,0.8729910755854275,0.1252145382478614,75000.0,-3.006739350398635,0.10065977928868407,36
2026-09-01 19:40:00.012318,77271.37,113751180.74215147,110086443.16330484,0.0163723037928357,78000.0,0.9429495038071778,0.1247906689037375,75000.0,-2.9394716309546376,0.1003237317823985,36
2026-09-01 19:49:59.999203,77269.19,113363842.80811717,110794187.38130498,0.011463588543496432,78000.0,0.9457974129145175,0.12469416000228173,75000.0,-2.9367332568129734,0.10024445138839974,36
2026-09-01 20:00:00.010318,77277.38,113930532.52075802,110058003.61596945,0.01728896028154179,78000.0,0.9350989901572682,0.12482709983104721,75000.0,-2.947020201771855,0.10031735235481001,36
2026-09-01 20:10:00.039919,77241.31,113253830.25252157,111593610.22132604,0.007383762197589432,78000.0,0.9822334706648617,0.12440149477108467,75000.0,-2.9016985858991706,0.10004753916791832,36
2026-09-01 20:20:00.022560,77390.38,116022419.30673236,108229958.59534393,0.03474862021213945,78000.0,0.7877206443488216,0.12513084794504792,75000.0,-3.088730149664598,0.10004329727220893,36
2026-09-01 20:30:00.010408,77370.42,115870272.67448756,108881824.349505,0.031094029455202492,78000.0,0.8137218332277429,0.12513770183874745,75000.0,-3.063729006511784,0.10055622177791074,36
2026-09-01 20:40:00.023611,77397.67,116115803.8068153,108956917.19374847,0.03180699367405298,78000.0,0.7782275616307288,0.12561892495705518,75000.0,-3.0978581138165984,0.1008133247533058,37
2026-09-01 20:49:59.995352,77315.79,114901143.11650565,110487066.70843148,0.01958432702182008,78000.0,0.8849550654530081,0.12625731917015434,75000.0,-2.995235513987493,0.1007326336160992,37
2026-09-01 21:00:00.021217,77412.74,116785947.84996453,108795837.8552982,0.03542001394166602,78000.0,0.7586089834825671,0.12716014800325381,75000.0,-3.1167221312667692,0.1012227043828081,37
2026-09-01 21:10:00.013434,77215.42,112546283.68113421,116771530.89799136,-0.018425289917453135,78000.0,1.0160923815476286,0.12457340223506738,75000.0,-2.869141940819586,0.10326199063356219,37
2026-09-01 21:20:00.009123,76989.77,126637413.06321645,89270098.0117087,0.17307093609420737,78000.0,1.3121613429940115,0.12382525778105555,75000.0,-2.5844602471211453,0.10376620416477579,37
2026-09-01 21:29:59.998904,77156.08,112082500.1136379,117359650.28488737,-0.02299991593560046,78000.0,1.0937828878812894,0.12475589849422673,75000.0,-2.7944395308833747,0.1036278248063069,37
2026-09-01 21:39:59.957407,77131.42,100082131.64261155,118039127.8355251,-0.08232574961228602,78000.0,1.1261039923808003,0.12434468538585278,75000.0,-2.7633615457876903,0.10350388138174157,37
2026-09-01 21:50:00.005693,77133.67,100283117.6977698,118496756.49965955,-0.08325097940889005,78000.0,1.1231541297075598,0.12406154194366226,75000.0,-2.7661979522042635,0.10307638987671648,37
2026-09-01 21:59:59.971628,77170.7,112601643.8437343,117930044.56810945,-0.023113528387715604,78000.0,1.0746306564538122,0.12425350260940803,75000.0,-2.812855138025183,0.10307936416551404,37
2026-09-01 22:10:00.014098,77240.82,113131161.29616538,116115665.3079274,-0.013018736424719348,78000.0,0.9828740813471404,0.1228682930750497,75000.0,-2.90108261408929,0.09953431115579724,37
2026-09-01 22:19:59.997565,77205.3,112756999.0852333,117974303.73073298,-0.022612036519644038,78000.0,1.0293334784010844,0.12396729081937458,75000.0,-2.8564101169220257,0.10292325117732112,37
2026-09-01 22:30:00.014134,77032.69,97675526.99712253,120400746.05308047,-0.10420766430984633,78000.0,1.255713645726253,0.12357043663272524,75000.0,-2.6387368791093824,0.10345067346633048,37
2026-09-01 22:40:00.004673,77076.54,98333194.19869041,120272305.18381596,-0.10035937360723685,78000.0,1.1981077510744509,0.12320515707194843,75000.0,-2.6941271624284058,0.10293451708583545,37
2026-09-01 22:50:00.011127,77291.82,114577148.17849752,115484542.9024139,-0.003944136547258778,78000.0,0.916241848102417,0.12404700714302914,75000.0,-2.965152069132293,0.09906885097188534,37
2026-09-01 22:59:59.993419,77234.77,113784346.79807964,117821481.4167834,-0.017431057973888626,78000.0,0.9907843319789666,0.12523982305986187,75000.0,-2.893476603866374,0.10030152326026481,37
2026-09-01 23:10:00.006463,77250.56,113930416.44747384,118415224.03921992,-0.019302310051317353,78000.0,0.9701418345705148,0.12502847910374673,75000.0,-2.913325159066804,0.1001315095626284,37
2026-09-01 23:20:00.026692,77280.39,114351673.03445208,119166926.03920826,-0.020620426055387883,78000.0,0.9311676610327613,0.12352912656737731,75000.0,-2.9508003259300364,0.09853693952094553,37
2026-09-01 23:30:00.000668,77354.34,115958483.10987043,117221521.2218361,-0.005416579846052993,78000.0,0.8346784420887099,0.1253617389902211,75000.0,-3.043578421068549,0.09862791033438062,37
2026-09-01 23:39:59.998353,77474.43,119506800.69948754,110317538.92882378,0.039983849341306915,78000.0,0.6783786599010799,0.12958592718044332,70000.0,-9.647608894960557,0.09832078545823705,37
2026-09-01 23:49:59.997632,77533.71,115717369.816559,112287281.6193815,0.015043939566913645,78000.0,0.6014029252566333,0.13074411035782768,70000.0,-9.716689682461999,0.09886038061754382,36
2026-09-01 23:59:59.997456,77400.73,118521993.71215779,115077721.00439173,0.01474433610479938,78000.0,0.774243343699732,0.12823566114374763,70000.0,-9.561576486423318,0.09753261898704733,37
2026-09-02 00:10:00.022680,77357.05,116491175.49717554,118502854.82647699,-0.008560555034231301,78000.0,0.8311459653644881,0.12705639764202725,75000.0,-3.0469750333033674,0.09858582884003442,37
2026-09-02 00:20:00.022852,77361.96,116623805.94866832,119096994.8072857,-0.010492026374786996,78000.0,0.8247464257627346,0.12698397969166947,75000.0,-3.0531284367666056,0.09981753557654148,37
2026-09-02 00:30:00.016838,77227.93,114144170.14403448,124229493.51649833,-0.042308882691111084,78000.0,0.9997289840605772,0.12728248540093423,75000.0,-2.8848759768648424,0.10094574892512201,37
2026-09-02 00:40:00.038775,77172.35,112232091.77435005,126284322.5309369,-0.05891515180418914,78000.0,1.0724696086098051,0.12705033714912967,75000.0,-2.8149330686444096,0.10311996548541592,37
2026-09-02 00:49:59.975406,77213.16,113914980.24680458,124401793.99313249,-0.04400367443615108,78000.0,1.0190490843788869,0.12753610043379945,75000.0,-2.866298957328006,0.10093687545545814,37
2026-09-02 01:00:00.011390,77173.67,112294655.11578979,126535390.41879104,-0.059627067738172425,78000.0,1.0707408368683335,0.12683615299541873,75000.0,-2.816595349165074,0.10315663506362754,37
2026-09-02 01:09:59.983854,77188.98,113894824.81466532,126281735.45220158,-0.05157418618941338,78000.0,1.0506940239396911,0.1268360613738292,75000.0,-2.8358711308272166,0.10287064508888896,37
2026-09-02 01:20:00.009055,77278.42,115303863.98927511,123813600.1232826,-0.03558809962120445,78000.0,0.9337406225437883,0.1266414956274086,75000.0,-2.948326324477124,0.09958057179946915,37
2026-09-02 01:29:59.990994,77110.0,99903708.80563702,129561404.36618501,-0.12924707878508965,78000.0,1.1541953054078569,0.12565367340888822,77000.0,-0.14265335235378318,0.1039917490787174,37
2026-09-02 01:40:00.025605,76942.16,135576414.167947,94140596.74839588,0.18037766229964136,78000.0,1.3748509269820186,0.12076055550205704,75000.0,-2.5241818009788197,0.10410019347011856,37
2026-09-02 01:50:00.008678,76789.4,130475570.95837969,108673496.89184335,0.09116520613072507,78000.0,1.5765196758927846,0.11815784054753774,75000.0,-2.33026954241079,0.1073954989817074,37
2026-09-02 02:00:00.026979,76971.64,136296012.80648133,93419500.39545113,0.18665048700189182,78000.0,1.33602454098678,0.12127936971259014,75000.0,-2.5615148644357877,0.10417580179080742,37
2026-09-02 02:10:00.026274,77021.13,99440661.26775703,133074408.48107311,-0.14465190256119004,78000.0,1.2709109824797338,0.1225051727003986,77000.0,-0.02743403011615797,0.10469208548112435,37
2026-09-02 02:20:00.010317,77111.81,100875672.3683951,130841347.93593943,-0.12932013163378223,78000.0,1.1518209726888884,0.12499430816190292,77000.0,-0.1449972449096948,0.10775039264035687,37
2026-09-02 02:30:00.031394,77275.56,116048038.6864289,126223316.28439009,-0.04199950753231547,78000.0,0.9374762214599208,0.12553737732758863,77000.0,-0.35659398650750296,0.10256726739810064,37
2026-09-02 02:40:00.016162,77172.44,114054762.7109425,130730223.43092772,-0.06812289014458021,78000.0,1.0723517359305879,0.12511625036608381,77000.0,-0.22344764529927952,0.10860119587634576,37
2026-09-02 02:49:59.983197,77195.21,114294831.48033424,130153547.1357687,-0.06487551991637458,78000.0,1.0425387792843521,0.1253748214878957,77000.0,-0.2528783845526239,0.11104300377394774,37
2026-09-02 03:00:00.010564,77285.86,117262965.36169973,127583712.83962308,-0.0421518786929885,78000.0,0.924024135850976,0.12555049825369669,77000.0,-0.36987360948044223,0.10642507251856421,37
2026-09-02 03:10:00.012481,77391.59,119519458.75169316,120608162.56920303,-0.004533855003939667,78000.0,0.7861448511395253,0.12872843870598003,77000.0,-0.5059852110545826,0.10015268695187293,37
2026-09-02 03:19:59.985353,77517.28,120676173.35749896,121476622.74943924,-0.0033055550247984367,78000.0,0.6227256683928983,0.1305364233187585,75000.0,-3.247379165006825,0.09675331992842587,36
2026-09-02 03:30:00.012786,77614.75,122815668.94352053,113264900.03494024,0.04045554850154427,78000.0,0.49636183843921877,0.13226563109959977,70000.0,-9.81095732447763,0.09671841724633919,36
2026-09-02 03:40:00.010741,77607.42,122646175.89224802,113265852.38911602,0.0397619552146973,78000.0,0.5058536928556512,0.13230764481624968,70000.0,-9.802438993591078,0.09674913951442375,36
2026-09-02 03:49:59.986745,77595.88,122061902.78574905,116790291.28418806,0.02207060111835285,78000.0,0.5208008466428771,0.13029309967866762,70000.0,-9.789024881217923,0.0961065698815955,36
2026-09-02 04:00:00.004352,77517.95,119991006.37607132,121659233.99876614,-0.0069034800880277926,78000.0,0.6218559701333781,0.1296626334808809,75000.0,-3.2482154133332997,0.09690544169141356,36
2026-09-02 04:10:00.046539,77336.33,122644976.6465747,126238844.41736075,-0.014439941316486068,78000.0,0.8581607117896572,0.12436032484451738,77000.0,-0.4348926306691814,0.1051933530144866,37
2026-09-02 04:20:00.019752,77362.53,122958092.100265,125110583.3411785,-0.008676997356006784,78000.0,0.8240035583117589,0.12480575936688273,77000.0,-0.4686118719230081,0.10539286885488465,37
2026-09-02 04:30:00.016101,77393.8,123392341.55397819,123422410.35137595,-0.00012182739145710786,78000.0,0.7832668766748707,0.12562232894381792,77000.0,-0.508826288410702,0.10243522686393733,37
2026-09-02 04:39:59.996680,77499.55,126922901.35629176,114288000.27295327,0.052381136167547894,78000.0,0.6457456849749521,0.128988653460535,75000.0,-3.22524453367794,0.09649206503091275,37
2026-09-02 04:50:00.026576,77545.27,121789140.32655913,119263868.05226748,0.010476003976366312,78000.0,0.5864058504148506,0.1294512790230695,75000.0,-3.2823020669087932,0.09652940259528842,36
2026-09-02 05:00:00.012839,77517.9,121516242.53552893,120879045.54357265,0.0026287515611621145,78000.0,0.6219208724694614,0.12987436163027036,75000.0,-3.248153007240906,0.09645503063331339,36
2026-09-02 05:09:59.978511,77439.98,125376145.22100931,118143702.97610438,0.02969960066273833,78000.0,0.7231665090822625,0.12741924157894263,77000.0,-0.5681561384700773,0.09707594323017772,37
2026-09-02 05:20:00.009116,77620.43,124442783.9979499,112717725.72965907,0.049439336598482035,78000.0,0.4890078552772792,0.13369444998797003,70000.0,-9.817557052956282,0.09742067525736983,36
2026-09-02 05:30:00.001715,77701.53,126879068.59456754,106900828.84708583,0.085457475027201,78000.0,0.38412371030531745,0.13612844301663302,70000.0,-9.911683849725994,0.09795855470974606,36
2026-09-02 05:40:00.036616,77643.25,124642262.34369932,110502475.94209498,0.06013226791585223,78000.0,0.4594732961332726,0.1351109417285828,70000.0,-9.844062426547062,0.0981427351910157,36
2026-09-02 05:50:00.012056,77716.39,126927603.11500283,104130237.32190396,0.09866519028305369,78000.0,0.36492945696524615,0.13755814039542474,70000.0,-9.928909461697843,0.09869605219255366,36
2026-09-02 06:00:00.011693,77613.89,123791351.69683626,110785536.50606622,0.05544371950027906,78000.0,0.4974753874596338,0.13486056507073016,70000.0,-9.809957985613138,0.09818513565037211,36
2026-09-02 06:10:00.024029,77650.16,124309609.99193332,108379967.96676403,0.06845876882374513,78000.0,0.45053352111572575,0.1366239579030566,70000.0,-9.852085301562807,0.09916075373171045,36
2026-09-02 06:20:00.013153,77550.39,121454844.03474514,114484003.76464882,0.029545114486713292,78000.0,0.5797649760368673,0.1322129998154686,75000.0,-3.288687523041467,0.09815290627584727,36
2026-09-02 06:29:59.970611,77507.57,119300280.03522067,117575368.5522812,0.007281928274287276,78000.0,0.6353314908466245,0.13055480160711375,75000.0,-3.235258181878242,0.09792306571760466,36
2026-09-02 06:40:00.010905,77505.03,119985612.14039524,116220766.36169714,0.01593879810770966,78000.0,0.6386295186260771,0.1303504573414635,75000.0,-3.232087001321071,0.09795150969966472,36
2026-09-02 06:50:00.006531,77555.7,121239482.84515186,111392090.94615331,0.04233041860359283,78000.0,0.5728785891946142,0.13295219504149866,75000.0,-3.295309048851336,0.0989490736901112,36
2026-09-02 07:00:00.018919,77574.04,121857321.41672465,108764903.66026872,0.056769974151819134,78000.0,0.5491012199442036,0.13374902057530233,75000.0,-3.3181719038998025,0.09930501713410818,36
2026-09-02 07:09:59.999949,77611.85,122973646.2172961,104662386.35355252,0.0804409550497874,78000.0,0.5001169280206552,0.13659186351182667,70000.0,-9.807587372289161,0.09998412742724737,36
2026-09-02 07:19:59.966290,77594.7,122206245.27732655,104847220.25370158,0.07645346871507126,78000.0,0.5223294889986185,0.1350119345394744,70000.0,-9.787653022693554,0.10014978494180372,36
2026-09-02 07:29:59.986749,77562.45,120833576.76115371,107826586.77581981,0.05688349813163114,78000.0,0.5641260687355931,0.13139495509760252,75000.0,-3.303724933908092,0.09999856922790769,36
2026-09-02 07:40:00.007132,77559.27,120641160.33871005,110636580.6990982,0.04325785782375119,78000.0,0.568249288576328,0.12979089772255983,75000.0,-3.299760299445831,0.09930609726005274,36
2026-09-02 07:49:59.996113,77524.07,120435700.6578435,118230938.97048098,0.009237829345550752,78000.0,0.6139125564485814,0.12870318176366885,70000.0,-9.705463090366651,0.09711641530734713,36
2026-09-02 07:59:59.999852,77439.1,124331169.40541062,95186052.66917314,0.1327691579767489,78000.0,0.7243111038222283,0.1344166532087703,70000.0,-9.606387470928778,0.10228425360875529,37
2026-09-02 08:09:59.998622,77482.85,125602770.12493876,95063938.25857818,0.13839347172063823,78000.0,0.6674380201554309,0.13531951556530927,70000.0,-9.657427417809238,0.1019305860359262,37
2026-09-02 08:20:00.007138,77327.65,123227542.63899967,97643433.68093425,0.11583282414166798,78000.0,0.869482002879951,0.13494676305438946,75000.0,-3.01011345876927,0.10230995718344384,37
2026-09-02 08:30:00.001063,77217.88,120506789.58658019,100193042.7720162,0.09204242068275752,78000.0,1.0128742203230567,0.1366415713559453,75000.0,-2.872236326612443,0.10652686577890398,37
2026-09-02 08:40:00.078089,77070.37,106467983.92797111,107442118.00480878,-0.004553941436313233,78000.0,1.2062093382969374,0.13136318641428302,75000.0,-2.6863371747144815,0.12099031755079599,37
2026-09-02 08:50:00.021917,76818.36,118644242.62231761,103891060.44415465,0.0662959178829982,78000.0,1.5382260178426144,0.12715987247754343,75000.0,-2.367090367459035,0.12551799745142267,37
2026-09-02 09:00:00.014259,76811.47,118688096.69554368,104186068.96748869,0.06506823114699115,78000.0,1.5473340114438683,0.1275184017724214,75000.0,-2.358332681303976,0.125864264516003,37
2026-09-02 09:09:59.983920,76991.19,122380464.60828748,93528905.46754201,0.13362810113619675,78000.0,1.3102927750564763,0.13020746466719363,75000.0,-2.586256947061094,0.12305299941101915,37
2026-09-02 09:20:00.006622,76853.23,120353740.70075706,95200487.71903008,0.11669106732966317,78000.0,1.4921558924719358,0.12809218454433713,75000.0,-2.4113885649308386,0.12510301063061682,37
2026-09-02 09:29:59.985407,76854.56,120589327.85610451,95097699.81618766,0.11818804457098825,78000.0,1.4903995286681848,0.12797920301079255,75000.0,-2.4130773762805924,0.12487812260232971,37
2026-09-02 09:39:59.989602,76549.14,110749434.38574506,110402184.36607839,0.001570189816500308,78000.0,1.8953315478136057,0.12490088782940363,75000.0,-2.02371966556385,0.13047981475136705,36
2026-09-02 09:50:00.012528,76633.52,115276566.83914502,108500532.29321545,0.03028028592828283,78000.0,1.7831361524304201,0.12431550959589292,75000.0,-2.1315998534322866,0.12725311591189034,36
2026-09-02 10:00:00.056302,76717.19,118274378.33965734,107082695.15831801,0.049662000875423475,78000.0,1.6721285020997234,0.12533108623070324,75000.0,-2.238337978750271,0.12553788557634354,37
2026-09-02 10:09:59.992003,76572.66,111574990.23140012,109493024.00950553,0.00941776325735572,78000.0,1.8640334552828541,0.12464987186663531,75000.0,-2.053813985304942,0.12749603071667148,36
2026-09-02 10:20:00.008827,76654.63,113751409.53295892,108726547.26691729,0.022585888230543263,78000.0,1.7551059864224783,0.12475553629773631,75000.0,-2.158551936132236,0.12724256494260167,36
2026-09-02 10:30:00.020207,76535.3,112314446.5195653,110956525.5990587,0.00608194118394008,78000.0,1.913757442644104,0.123568956527677,75000.0,-2.006002458996048,0.1289708484821797,36
2026-09-02 10:40:00.005410,76444.73,113609778.45683698,108648804.08629692,0.022320732516942453,78000.0,2.0345025746052237,0.1227930957493477,75000.0,-1.8899013705719114,0.129584606016913,36
2026-09-02 10:49:59.968817,76414.48,112393681.78065366,110584647.66983905,0.008113048991230587,78000.0,2.0748947058201628,0.12148932262620328,75000.0,-1.8510627828652315,0.13193136609336298,36
2026-09-02 10:59:59.996570,76638.39,114494544.9908865,109176906.06332056,0.023774330172683485,78000.0,1.7766683251044357,0.12428855838668247,75000.0,-2.137818918168821,0.12668284149277287,36
2026-09-02 11:10:00.009167,76652.15,114620975.42568767,109566590.48750842,0.02254534018240904,78000.0,1.7583981662614878,0.12385182661337667,75000.0,-2.155386378594726,0.1264314681816558,36
2026-09-02 11:20:00.028147,76503.28,111955241.69000968,111733949.1425325,0.0009892858329611884,78000.0,1.9564128492268518,0.12267065994690897,75000.0,-1.96498764497417,0.12950928051592256,36
2026-09-02 11:29:59.998589,76460.2,115597801.79043446,108133772.68358323,0.03336153658418046,78000.0,2.0138581902741537,0.12204907774536203,75000.0,-1.9097517401210018,0.12900674640018459,36
2026-09-02 11:40:00.004079,76666.64,115114493.14253305,109080488.22899275,0.02691409449322607,78000.0,1.7391658223185447,0.12389297471479913,75000.0,-2.173879017001401,0.12629932105689293,36
2026-09-02 11:50:00.037263,76574.52,113515710.78644998,110638883.33355688,0.012834122201184623,78000.0,1.861559171379712,0.12202320910049831,75000.0,-2.056193104442583,0.12620669755596198,36
2026-09-02 12:00:00.007938,76786.59,121213912.58911423,106849461.00389609,0.06298447382810436,78000.0,1.5802368616707696,0.12461267054588912,75000.0,-2.3266953253165634,0.12287682125067775,37
2026-09-02 12:10:00.013533,76747.06,121626025.67490324,106760032.87128082,0.06509150732865875,78000.0,1.6325576510683337,0.12579485438840415,75000.0,-2.2763868739727577,0.12264628658200105,37
2026-09-02 12:20:00.006650,76823.17,123012504.30823636,105637193.6048638,0.07599096286572034,78000.0,1.5318685755872918,0.12641004837885755,75000.0,-2.373203292704529,0.12291898953188433,37
2026-09-02 12:30:00.012836,76949.34,125810953.53247747,94311585.69206242,0.14309923895745888,78000.0,1.3653918279221244,0.12666988962792328,75000.0,-2.533277088536423,0.11862756314236533,37
2026-09-02 12:40:00.048823,76778.1,122503907.29592407,105776251.65076835,0.07327687050131206,78000.0,1.5914694424582043,0.12588649570230803,75000.0,-2.3158947668671215,0.12252401837202531,37
2026-09-02 12:50:00.000806,76718.3,121095990.62679091,108253869.41782528,0.055993586420621355,78000.0,1.670657457216862,0.1241445279449615,75000.0,-2.2397524449838,0.12374060147122388,37
2026-09-02 13:00:00.010908,76569.23,114521980.16685493,110683808.76109973,0.017042951799889444,78000.0,1.868596562875191,0.12344180635877082,75000.0,-2.049426381850772,0.12714958373681198,36
2026-09-02 13:09:59.997345,76730.68,117689772.03825352,106338425.65799108,0.050669275104616524,78000.0,1.654253552816165,0.12627500061476593,75000.0,-2.2555254299844507,0.12336739722151344,37
2026-09-02 13:20:00.009768,76772.17,123036070.53858638,105672387.50807028,0.07592059855947217,78000.0,1.5993165231619866,0.12517148741870787,75000.0,-2.3083494969596385,0.12143939359442182,37
2026-09-02 13:30:00.009324,76834.18,123834642.53305013,105154166.24248722,0.08157811899390312,78000.0,1.51731950545968,0.12342029225539576,75000.0,-2.3871927832118334,0.11953203045843695,37
2026-09-02 13:39:59.974185,76681.47,117321772.15571018,107768046.82450223,0.042444057996456126,78000.0,1.7194897280920607,0.12292869255408434,75000.0,-2.1927983383730143,0.12236577591401931,37
2026-09-02 13:50:00.006110,77062.05,111384988.79229467,103737549.34592588,0.03554922470027362,78000.0,1.2171360611351378,0.12851352403600053,75000.0,-2.675830710446969,0.1026929929871274,37
2026-09-02 14:00:00.008632,77111.33,112090950.18649599,103568977.12843466,0.03951579305513071,78000.0,1.1524506191243233,0.1292976175038981,75000.0,-2.738028250841995,0.10271790525047364,37
2026-09-02 14:10:00.011622,77150.46,125879666.16428414,103911905.69424859,0.09559863441623365,78000.0,1.1011470313981198,0.1297880479634322,75000.0,-2.787358623655656,0.10221471491579806,37
2026-09-02 14:20:00.007365,77266.13,127824486.08679192,101206280.15298928,0.11622109278512827,78000.0,0.9497952078096672,0.13262932420496176,75000.0,-2.932889223259927,0.1007573791176102,37
2026-09-02 14:30:00.034655,77299.41,131149040.64167583,102394352.5141814,0.12312353494112648,78000.0,0.9063329202642079,0.13086051396888665,75000.0,-2.974679884361342,0.09921019361086948,37
2026-09-02 14:40:00.023852,77153.86,128651334.39960873,105735572.17064704,0.09776895204721199,78000.0,1.096691727413246,0.12847064309664918,75000.0,-2.79164256979495,0.10113690807013649,37
2026-09-02 14:50:00.037372,77186.75,129239216.18011451,105625676.90640381,0.10054094915331627,78000.0,1.0536134764062455,0.12864825704983715,75000.0,-2.833063964993987,0.09882588625389599,37
2026-09-02 14:59:59.990279,77023.3,113753651.61400773,113900542.5112817,-0.000645236947372607,78000.0,1.2680578474305815,0.12539856629980864,75000.0,-2.6268674543936776,0.11490247131354157,37
2026-09-02 15:10:00.012320,76803.58,129615998.10340703,106871090.07644509,0.09617822352171751,78000.0,1.5577659270570532,0.12076323118935248,75000.0,-2.3483019932143856,0.11661309359193488,37
2026-09-02 15:19:59.994120,77087.7,115852450.04484893,113288374.32362714,0.011189955907195999,78000.0,1.1834572830685008,0.12557922703014726,75000.0,-2.7082141508956603,0.1124345719059178,37
2026-09-02 15:29:59.986825,77006.52,113766180.28970243,115362003.69911121,-0.006964762612907927,78000.0,1.2901245245207749,0.12506597801235614,75000.0,-2.605649495653095,0.11505209616239132,37
2026-09-02 15:40:00.007589,77112.62,116018998.3200819,113757301.75338429,0.009843036753461876,78000.0,1.1507584621038847,0.12684701997613082,75000.0,-2.7396553249001254,0.11251285922909443,37
2026-09-02 15:50:00.026121,77138.88,117697142.5252256,112755865.2080813,0.021441583105144855,78000.0,1.11632421938197,0.1269777668015052,75000.0,-2.7727651736711767,0.11090211502649516,37
2026-09-02 16:00:00.009928,77253.8,132633292.31949964,105507813.59588525,0.11390506741516723,78000.0,0.9659071786759954,0.13109835113864943,75000.0,-2.9173969435807745,0.09840340762714506,37
2026-09-02 16:09:59.961599,77259.98,132384411.47213525,105605814.82116593,0.11251973271359111,78000.0,0.9578309494773452,0.13073360505327714,75000.0,-2.925162548579474,0.09863775355420085,37
2026-09-02 16:20:00.014330,77438.06,138074797.4318492,101197659.37017497,0.15412195183078115,78000.0,0.7256638402356685,0.1326647555717783,70000.0,-9.605173476711581,0.09628237572410592,37
2026-09-02 16:30:00.006775,77425.02,137148946.9648328,102706059.55903287,0.1435987845530873,78000.0,0.7426281581845107,0.1306295206217444,70000.0,-9.589949088808769,0.09595555941821278,37
2026-09-02 16:40:00.011473,77368.21,135364202.92810744,103454348.76442005,0.13361547475076593,78000.0,0.816601547328033,0.13114374611000373,70000.0,-9.523562713936396,0.09645523038875786,37
2026-09-02 16:50:00.048012,77255.59,132445584.23607904,111136094.4334844,0.08748395987328147,78000.0,0.963567814316102,0.12952944209068176,75000.0,-2.9196463323883703,0.10944657298699748,37
2026-09-02 17:00:00.011122,77140.0,117394283.970516,114724437.421384,0.011502073305945567,78000.0,1.114856105781703,0.12725344951821962,75000.0,-2.7741768213637497,0.1127765680265598,37
2026-09-02 17:10:00.007891,77070.84,115733054.15033115,116146412.79191744,-0.0017826444360821265,78000.0,1.2055921539196879,0.12611984548702862,75000.0,-2.686930621231065,0.11358946258569814,37
2026-09-02 17:20:00.009731,76999.56,136348366.19960102,94620956.11837529,0.18066213150064778,78000.0,1.2992801517307306,0.12579380392414571,75000.0,-2.5968460079512146,0.11596762201537901,37
2026-09-02 17:30:00.029134,77061.53,115919711.85190697,115940437.14503369,-8.938704307910488e-05,78000.0,1.217819059652725,0.1263089651132882,75000.0,-2.6751739811031516,0.11379330236461027,37
2026-09-02 17:40:00.016964,77110.15,117793039.65255387,114543802.0267164,0.013985029676537008,78000.0,1.153998533267031,0.12947178657283204,75000.0,-2.736539871858623,0.11390331180352335,37
2026-09-02 17:50:00.013054,77346.66,136877938.2532562,104708688.34463964,0.1331582395997442,78000.0,0.8446906433968726,0.13364064920734242,70000.0,-9.498354550797671,0.09678039851176751,37
2026-09-02 18:00:00.026145,77350.41,137091823.95896593,104478142.23169115,0.1350071875306498,78000.0,0.8398016248394757,0.13380547100128312,70000.0,-9.50274213155432,0.09689975979140523,37
2026-09-02 18:09:59.986259,77389.28,137729790.68697515,103189509.25786752,0.1433686775489364,78000.0,0.7891532263900158,0.1327622057292265,70000.0,-9.548195822470495,0.09595707836631975,37
2026-09-02 18:20:00.009565,77418.07,138555227.85361066,103293450.51715916,0.14580099248007009,78000.0,0.7516720579575198,0.13245031103019267,70000.0,-9.581832768499666,0.09564937035351234,37
2026-09-02 18:29:59.998832,77417.33,138780689.5481891,102487575.359875,0.1504263903176147,78000.0,0.7526351012105303,0.13408664350299507,70000.0,-9.580968498913622,0.09669979034893374,37
2026-09-02 18:40:00.011309,77286.76,135334040.55724102,111049222.71345349,0.09856520902195567,78000.0,0.9228488812314195,0.13331455155321834,75000.0,-2.958799152662106,0.10783996816119194,37
2026-09-02 18:49:59.993839,77371.18,137795395.46429536,104244521.45390785,0.13861711091946022,78000.0,0.8127315623207565,0.13389505945836008,70000.0,-9.527035777404446,0.09684045951925165,37
2026-09-02 19:00:00.010793,77347.63,137006767.898399,110222118.4507618,0.1083394818589657,78000.0,0.8434259718106407,0.1336872056897662,75000.0,-3.0351673347974617,0.10756098838324556,37
2026-09-02 19:10:00.009292,77362.72,138425347.77325976,104547369.20472237,0.13943120441628581,78000.0,0.8237559382606952,0.13477404769503545,70000.0,-9.517142106689114,0.09668399619720608,37
2026-09-02 19:20:00.026037,77278.31,135021140.497719,112161341.2615206,0.09248146985782056,78000.0,0.9338842943123371,0.13305542285306252,75000.0,-2.9481881785458297,0.10941528152631415,37
2026-09-02 19:29:59.979508,77138.09,118601019.69895104,115835743.78396745,0.011795402196742358,78000.0,1.1173597894373666,0.1300189813297121,75000.0,-2.7717694332333065,0.11123916521201105,37
2026-09-02 19:39:59.997695,77159.47,132647931.0563042,115616394.77741313,0.06860243098437939,78000.0,1.0893413342522917,0.13037968419370913,75000.0,-2.7987102555266374,0.11135881749358274,37
2026-09-02 19:49:59.968602,77193.42,133676148.07552046,115127580.03237393,0.07455100526107425,78000.0,1.0448818046926878,0.1316153694363564,75000.0,-2.841459803180113,0.11126730105456445,37
2026-09-02 20:00:00.004447,77311.03,138867418.23798546,110895558.11440125,0.11199362104061071,78000.0,0.8911664997866442,0.1339969411920791,75000.0,-2.989262980974383,0.10842291030625067,37
2026-09-02 20:10:00.045958,77361.42,140388135.26045465,108755112.45671047,0.12696720899959904,78000.0,0.8254502050246693,0.1340295249611311,75000.0,-3.0524517259378103,0.10359895689063271,37
2026-09-02 20:20:00.007809,77243.73,136160057.70835012,113926261.81330699,0.08890448680907442,78000.0,0.9790697575065455,0.13275276209825373,75000.0,-2.9047406177821755,0.10865841637974585,37
2026-09-02 20:30:00.007336,77347.66,140227878.76774597,110064859.98078595,0.12051096223476414,78000.0,0.8433868587621074,0.13334959628722784,75000.0,-3.035204943497971,0.10328873067644852,37
2026-09-02 20:40:00.003150,77411.57,141624358.81788516,108656338.55687341,0.1317241825151501,78000.0,0.7601318510914945,0.13383686227534827,75000.0,-3.115257835488938,0.10311804892832854,37
2026-09-02 20:49:59.984157,77344.36,140544273.7303813,110214115.07316403,0.12095371485649159,78000.0,0.8476894760005793,0.13329988976249402,75000.0,-3.031067811537902,0.10352163206229224,37
2026-09-02 20:59:59.995029,77377.87,141221109.67892057,109329810.54261363,0.12728470168103564,78000.0,0.804015411641612,0.1335836534551263,75000.0,-3.0730621041907713,0.10342382500520182,37
2026-09-02 21:09:59.990686,77283.43,137912691.37014455,112445156.0038644,0.10172453403561289,78000.0,0.9271974600506327,0.1333029756107154,75000.0,-2.954617826874395,0.1090728480152864,37
2026-09-02 21:20:00.004188,77240.25,136420975.07863095,113711420.71921183,0.09079013650743985,78000.0,0.9836192917552777,0.13265357036047246,75000.0,-2.9003660656199304,0.10883722288698618,37
2026-09-02 21:29:59.999466,77251.6,136709808.85098317,113676748.91346774,0.09199000195203609,78000.0,0.9687825235981995,0.1329611886932994,75000.0,-2.9146321888478766,0.10900611054003023,37
2026-09-02 21:40:00.028328,77350.59,140657679.84015554,109957425.60204044,0.12249961623002038,78000.0,0.8395669638719072,0.1333515260863028,75000.0,-3.038877919353944,0.10335678845286424,37
2026-09-02 21:50:00.008465,77252.84,137863992.79499802,113340520.62213041,0.09762353326887108,78000.0,0.9671618545026961,0.13355916108362687,75000.0,-2.9161905245166375,0.10848936454276488,37
2026-09-02 21:59:59.998578,77260.91,137110706.5446006,113492062.75119135,0.09424733756845143,78000.0,0.9566157064419656,0.13269690652510416,75000.0,-2.926331051498099,0.10885417918681682,37
2026-09-02 22:10:00.031286,77099.4,119070029.01734312,118249059.33013058,0.003459349574150179,78000.0,1.1681024755056502,0.12957733354934142,75000.0,-2.7229783889368697,0.11049964278491323,37
2026-09-02 22:20:00.008700,77066.08,117834948.40026276,118840986.21676025,-0.004250697554550315,78000.0,1.2118431351380465,0.12843065769273534,75000.0,-2.6809200623672536,0.11080613847968707,37
2026-09-02 22:30:00.008297,76997.61,142570555.30409545,94189183.5889589,0.2043479687101305,78000.0,1.301845602740137,0.12682968434186204,75000.0,-2.59437922813448,0.1132721971603705,37
2026-09-02 22:40:00.001666,77106.02,120389949.9555584,116656277.49044743,0.015750820020797106,78000.0,1.1594166058629396,0.13046071661614764,75000.0,-2.7313301866702555,0.11141866667884909,37
2026-09-02 22:50:00.014294,77041.27,116956155.91213737,120388632.38259223,-0.014461983745741584,78000.0,1.2444369102430297,0.1279127867981971,75000.0,-2.6495798939970783,0.11315549954279398,37
2026-09-02 23:00:00.016781,77003.22,116431522.00831503,120562779.68001136,-0.017431886092895997,78000.0,1.2944653483321744,0.12791234581030314,75000.0,-2.6014756266036665,0.11351176360624754,37
2026-09-02 23:10:00.012170,77183.8,135076704.08784458,114450311.46199343,0.08266196179359764,78000.0,1.0574757915521094,0.13249790137212106,75000.0,-2.829350200430669,0.10926998275309453,37
2026-09-02 23:20:00.039633,77124.45,120857516.51888633,116554721.50060573,0.01812372881101153,78000.0,1.1352431038406108,0.129980806293269,75000.0,-2.7545739386147905,0.11077528059071826,37
2026-09-02 23:29:59.961667,77166.87,134551615.16824764,115978170.29837011,0.07413667335117077,78000.0,1.0796472631324772,0.1319126864690326,75000.0,-2.8080314777572224,0.11102197570727952,37
2026-09-02 23:40:00.007195,77104.06,119329834.07309514,117143606.509271,0.0092451294252754,78000.0,1.1619880976436292,0.13006531690245102,75000.0,-2.7288575984195873,0.11100624046161711,37
2026-09-02 23:50:00.044840,77197.32,135612762.54695287,114182129.52879758,0.08579291930299535,78000.0,1.0397770285289543,0.13303589439444394,75000.0,-2.84636824179908,0.10936914305255059,37
2026-09-03 00:00:00.013203,77307.24,138735649.63075542,112187841.62861279,0.1058004089967861,78000.0,0.8961127056146267,0.1349515283773431,75000.0,-2.984507013832083,0.10870421191153165,37
2026-09-03 00:10:00.006048,77172.26,133873076.063469,115984010.0259434,0.07159719308950845,78000.0,1.0725874815639802,0.13162878931777616,75000.0,-2.8148197292654054,0.11109238661184458,37
2026-09-03 00:20:00.009355,77106.84,119475838.83410132,117565263.72872397,0.008060100483505674,78000.0,1.15834081645676,0.12995120835221496,75000.0,-2.7323645995608103,0.11086161459225423,37
2026-09-03 00:30:00.007672,77009.19,116563914.80742766,121276222.84013247,-0.01981292173521897,78000.0,1.2866126757079321,0.12754627954065081,75000.0,-2.609026273357762,0.11286358232605948,37
2026-09-03 00:39:59.980462,77061.18,117774060.53181529,117966168.59554309,-0.0008149142148496426,78000.0,1.218278775383408,0.12929683531811706,75000.0,-2.6747319467467223,0.11149570945658405,37
2026-09-03 00:50:00.031349,77054.82,117680699.92338187,118531713.95611422,-0.0036027489781569988,78000.0,1.2266331943932895,0.12903631502083898,75000.0,-2.666698851544924,0.11143156367095439,37
2026-09-03 01:00:00.012265,77031.27,117343358.60471094,119195955.47222568,-0.007832088609643005,78000.0,1.2575802008716774,0.12869410894509625,75000.0,-2.63694211454647,0.11156499064682325,37
2026-09-03 01:09:59.996756,77241.3,137389361.96057826,113622811.53747362,0.09468285976691523,78000.0,0.9822465442709927,0.13421906788097276,75000.0,-2.9016860151240387,0.10907487602284491,37
2026-09-03 01:20:00.003235,77268.48,138117500.69646105,113473943.64924671,0.09795069586449064,78000.0,0.946724977636415,0.13407629066929408,75000.0,-2.935841367657288,0.10871591826097692,37
2026-09-03 01:30:00.009176,77402.29,144210499.46224844,101351564.12758845,0.17453402495528547,78000.0,0.7722122950109211,0.13861570415085658,70000.0,-9.563399222426094,0.09366064422336817,37
2026-09-03 01:40:00.017289,77419.56,144230385.22965765,102183061.44320297,0.17063729416632387,78000.0,0.7497330132075097,0.13856088417260157,70000.0,-9.583572936865048,0.09347962697289362,37
2026-09-03 01:50:00.010385,77292.35,139970707.03724006,111556358.86570491,0.11296735828222637,78000.0,0.9155498571333354,0.13583533827856842,75000.0,-2.9658174450641006,0.10637663308564464,37
2026-09-03 02:00:00.000242,77323.49,140636743.87514904,110130848.3501536,0.12165007150360707,78000.0,0.8749087761041219,0.1346888661339967,75000.0,-3.0048954075921896,0.10491002525249092,37
2026-09-03 02:10:00.029698,77232.18,138057725.80926245,111930666.67865747,0.10451308907019556,78000.0,0.9941710825720707,0.13430367524074915,75000.0,-2.890220112911479,0.10679071005889995,37
2026-09-03 02:20:00.016955,77408.28,143982652.87312955,102403095.77035119,0.16875796320080114,78000.0,0.7644143494726974,0.13895545517451255,70000.0,-9.570397378678352,0.09346562753057447,37
2026-09-03 02:30:00.024159,77572.45,132253428.63022675,116622529.94651783,0.06280598083116536,78000.0,0.5511621716214998,0.14343641880849356,70000.0,-9.761777538288396,0.09316545870625241,36
2026-09-03 02:40:00.014664,77712.95,137498493.24662018,110107719.45894828,0.1106223203706225,78000.0,0.3693721574074882,0.1470562324618518,70000.0,-9.924922422839433,0.0935052875336411,36
2026-09-03 02:49:59.986938,77804.45,140155317.84239337,106751320.48631917,0.13528999293896135,78000.0,0.25133523853713147,0.14866542733707883,70000.0,-10.030852991056417,0.09363420941061819,36
2026-09-03 02:59:59.975138,77789.63,139811350.14976192,106751744.73042855,0.13408172636459498,78000.0,0.27043450393064994,0.14913990182736397,70000.0,-10.013712624677618,0.09381408840439137,36
2026-09-03 03:10:00.007877,77684.85,136720628.36575353,111588801.57185322,0.10121172925335635,78000.0,0.4056775548900493,0.14578632707141753,70000.0,-9.892340655867915,0.09329683278529192,36
2026-09-03 03:19:59.981981,77844.62,142183156.1532096,104122011.01614763,0.1545284070751608,78000.0,0.1996027471134143,0.1495908089151341,70000.0,-10.077279585923849,0.09374311387320669,36
2026-09-03 03:30:00.036846,77713.42,137958122.26078734,110039175.72725433,0.11257762386943122,78000.0,0.36876513734693805,0.14683069674701707,70000.0,-9.925467184432236,0.09341541853875684,36
2026-09-03 03:40:00.009001,77631.63,135771533.23111048,113310616.36245371,0.09017473514383512,78000.0,0.4745101964237941,0.1440746183091535,70000.0,-9.83056777244018,0.09261310012314093,36
2026-09-03 03:49:59.986050,77655.32,135965006.31361413,112226960.68480843,0.09564389176607223,78000.0,0.44385883671587134,0.144403728918063,70000.0,-9.858075402947286,0.09328189752969229,36
2026-09-03 08:40:00.001315,77893.09,144904426.40462235,91570441.63882214,0.22553764468536183,78000.0,0.1372522260960629,0.1592482085110632,70000.0,-10.133235181708667,0.09574938280377213,36
2026-09-03 08:50:00.224182,77771.59,140834742.8270228,94279750.04095924,0.19800988113567466,78000.0,0.29369336540503443,0.16000175142711962,70000.0,-9.992839287457024,0.09705587322205954,36
2026-09-03 09:00:00.009084,77802.47,142569958.46471924,94010508.56652676,0.20525553317036552,78000.0,0.2538865411342295,0.16097545948789482,70000.0,-10.02856336052056,0.09664628535365302,36
2026-09-03 09:09:59.968533,77846.95,144201697.53208792,92521849.41860859,0.21831308621040105,78000.0,0.1966037205054283,0.16210078924497623,70000.0,-10.079971020059231,0.09646161055421217,36
2026-09-03 09:20:00.014404,77805.08,143939169.47375113,93859300.65309294,0.2105979436871276,78000.0,0.25052348766942956,0.16226515440955636,70000.0,-10.031581485424857,0.09614950908012775,36
2026-09-03 09:29:59.951688,77706.19,141381563.73312578,101610436.02259883,0.1636725807866437,78000.0,0.37810372635693756,0.15864791144724483,75000.0,-3.4825925708106387,0.09916431807239988,36
2026-09-03 09:40:00.037661,77694.36,141069295.07086915,101803873.49948588,0.1616704792979589,78000.0,0.393387628136721,0.1573127867948294,75000.0,-3.4678965114070093,0.09918039099746837,36
2026-09-03 09:50:00.012610,77592.76,138267647.8220209,103995415.9153299,0.141467012667879,78000.0,0.5248427817234669,0.15482764374124308,75000.0,-3.3414973252659075,0.10072627381654747,36
2026-09-03 10:00:00.026545,77574.67,135139747.56595182,105240222.24310824,0.12438442914604547,78000.0,0.5482846398186414,0.14938199330801935,75000.0,-3.318957077097462,0.10172049183997557,36
2026-09-03 10:09:59.964881,77624.05,136606365.13797843,103321300.02171752,0.13872958374394367,78000.0,0.4843215472524198,0.15125919521556236,75000.0,-3.3804600507188254,0.09992160180063767,36
2026-09-03 10:20:00.004628,77588.88,135511995.49105152,102991108.00054547,0.13635414807779153,78000.0,0.5298697442210676,0.1503611187006963,75000.0,-3.3366637074797367,0.10018143267247799,36
2026-09-03 10:29:59.975672,77600.35,136291181.54404378,104197139.28908928,0.13345364192227657,78000.0,0.5150105637410141,0.15123027466958153,75000.0,-3.3509513810182634,0.09968464920366243,36
2026-09-03 10:40:00.010864,77512.69,133687457.04772875,107468979.46510273,0.10871979185689692,78000.0,0.6286841548138744,0.1492633482787258,75000.0,-3.2416498511405045,0.10293675108259347,36
2026-09-03 10:50:00.019022,77545.89,137969625.57032886,105037973.0445908,0.13551696619134523,78000.0,0.5856016353671389,0.14877660989724348,75000.0,-3.283075350608522,0.09896612188386124,36
2026-09-03 11:00:00.044146,77707.26,144267050.93267733,96575019.69937503,0.19802201130451177,78000.0,0.37672155729078227,0.15268886557441236,70000.0,-9.918326807559541,0.09535821796070582,36
2026-09-03 11:10:00.011604,77772.58,144400999.07472378,95539588.43066978,0.20363962242509576,78000.0,0.2924166846464349,0.1513706158267986,70000.0,-9.99398502659935,0.09566094273024839,36
2026-09-03 11:20:00.012598,77891.62,149784675.062148,93302784.02069795,0.2323521388332938,78000.0,0.1391420540489463,0.15157351383858914,70000.0,-10.13153918226376,0.09419743388482811,36
2026-09-03 11:29:59.978638,77894.13,150543118.23725444,93192119.40612677,0.2353003996699083,78000.0,0.1359152480424397,0.1502821663490502,70000.0,-10.134435033808076,0.09402594209135058,36
2026-09-03 11:40:00.005903,77917.21,151706926.40279412,82247567.24491385,0.2968926053733902,78000.0,0.10625380451891875,0.1529574029073941,70000.0,-10.16105427799584,0.09378022084815266,36
2026-09-03 11:50:00.006701,77861.72,148443996.80856234,93859296.28290609,0.22527428261179583,78000.0,0.1775968987070886,0.15384297192195284,70000.0,-10.09702842423723,0.09443077186654225,36
2026-09-03 12:00:00.009389,77906.29,151208048.87303114,82298925.79370207,0.29510520265048973,78000.0,0.12028553791998409,0.15317336352744976,70000.0,-10.148461696738476,0.09401975772172111,36
2026-09-03 12:10:00.058315,77921.19,151525519.51972076,82323122.98064627,0.2959281516417863,78000.0,0.10114065249773319,0.15337916149206576,70000.0,-10.1656430041687,0.09391958171315234,36
2026-09-03 12:20:00.027315,77963.89,151768221.27122018,81961810.15904634,0.29866256674423386,78000.0,0.04631631387299606,0.1535215212655969,70000.0,-10.21484433370372,0.09400280221491443,36
2026-09-03 12:30:00.010330,77933.74,152703852.90821356,81835689.29646797,0.30215870187850574,78000.0,0.08502094214906109,0.1542484755065796,70000.0,-10.18010941089187,0.09368693883313738,36
2026-09-03 12:40:00.020063,78324.58,137989807.29831356,136349316.51979128,0.0059797915648734734,80000.0,2.1390730725910023,0.12404900197914467,78000.0,-0.41440375422376885,0.1518605103023949,36
2026-09-03 12:49:59.994051,78325.67,138426281.87535667,133708719.68592441,0.01733537458381638,80000.0,2.1376516792004585,0.12431570713411118,78000.0,-0.41578961277956017,0.15224204040200096,36
2026-09-03 13:00:00.012824,78615.19,148148073.61562628,131894685.16816515,0.05803895275867371,80000.0,1.7615043606712621,0.1337881778045482,78000.0,-0.7825332483455183,0.14454467178074779,37
2026-09-03 13:10:00.021464,78497.08,148322025.29389113,130431078.62092768,0.0641820536586045,80000.0,1.9146189896490418,0.13010767386435027,78000.0,-0.6332464850921871,0.14709112139908592,37
2026-09-03 13:20:00.012174,78466.39,148283031.23378962,131871985.49665183,0.05857844677801403,80000.0,1.9544801283708946,0.13033658609078463,78000.0,-0.59438187483839,0.1479397470451614,37
2026-09-03 13:29:59.967358,78465.02,148666037.00098616,131356000.21225546,0.061816694718026075,80000.0,1.9562602545694752,0.13030035530474623,78000.0,-0.5926462517947595,0.14665684313291652,37
2026-09-03 13:40:00.029187,78827.53,161483266.31502858,126669945.36732021,0.12081531468781788,80000.0,1.4873864498862188,0.13667467466719474,78000.0,-1.0497982113609305,0.13663312771577704,36
2026-09-03 13:50:00.013947,78807.5,157310026.08094695,127436933.99038443,0.10491101321355309,80000.0,1.5131808520762569,0.13811128268937278,78000.0,-1.0246486692256473,0.13765762749021015,36
2026-09-03 13:59:59.973101,78820.85,157925703.26319146,127405001.4492138,0.10696606187105077,80000.0,1.4959874195723533,0.13980813438105683,78000.0,-1.0414122659169522,0.13791351773667684,36
2026-09-03 14:10:00.013553,78859.66,159043130.13419178,126943748.18262354,0.1122407508361578,80000.0,1.446037175407544,0.13980502543874684,78000.0,-1.0901137539776395,0.1374461448006909,36
2026-09-03 14:19:59.999499,79003.88,137693916.21072477,122376997.77362126,0.05889516133290266,80000.0,1.2608494671400905,0.1433659516994441,78000.0,-1.2706717695384118,0.1336696288271348,36
2026-09-03 14:29:59.999272,79654.86,163907653.56063196,114636358.06889491,0.17688872650139603,82000.0,2.944126698609484,0.15769780681331727,78000.0,-2.0775380183958636,0.11743432161554493,37
2026-09-03 14:39:59.999706,79659.96,163477209.2547836,108995995.77045968,0.19995071984886187,82000.0,2.9375359967541925,0.15921388449134455,78000.0,-2.083807222599665,0.10595796439759304,38
2026-09-03 14:50:00.010471,80374.95,149844778.0082226,143858043.9367323,0.02038364504584957,82000.0,2.0218364054969795,0.2087890191735074,80000.0,-0.46650106780781186,0.14519485426331138,38
2026-09-03 14:59:59.985591,80544.5,154293664.4805203,142452118.30495518,0.0399046822651079,82000.0,1.8070755917536374,0.2202184201494295,80000.0,-0.6760238129232876,0.14017800970151711,38
2026-09-03 15:10:00.006018,80583.85,150481062.01310718,136134729.62415007,0.050054228718541524,82000.0,1.7573620520737077,0.21384625234149646,80000.0,-0.7245248272451654,0.1270593672943531,38
2026-09-03 15:19:59.986916,80600.46,156454598.15283483,137900847.17846,0.0630317912192612,82000.0,1.736392075181703,0.21948024584854328,80000.0,-0.744983341286154,0.12687523260485933,38
2026-09-03 15:30:00.040374,80738.68,162251170.03957537,135801730.95295995,0.0887407537337737,82000.0,1.562225193674216,0.22833744797708322,80000.0,-0.9149022500739346,0.12491018327379257,38
2026-09-03 15:40:00.008112,80965.93,204004168.73393,133279042.01424372,0.20969062338680083,82000.0,1.2771668280720183,0.23874790663270784,80000.0,-1.1930079726126697,0.12408289025474041,38
2026-09-03 15:50:00.009668,80781.64,160435963.5680642,135880442.02088654,0.08286926097922846,82000.0,1.508213995160279,0.23027550343350275,80000.0,-0.9675961022826418,0.12650116660844046,38
2026-09-03 16:00:00.009851,81357.75,188733700.28717354,143759013.73121938,0.13526517923477335,82000.0,0.7894146531830071,0.2569134305359233,80000.0,-1.668863752992189,0.12029592477616773,37
2026-09-03 16:10:00.016352,80980.57,203181163.80474794,132265659.35239561,0.2114060994374993,82000.0,1.2588575259472545,0.22994742745150853,80000.0,-1.210870706392908,0.12076635983865985,38
2026-09-03 16:20:00.035084,80704.08,158240200.07772863,137042116.08748433,0.07178920927450254,82000.0,1.6057676390090814,0.21801185796765374,80000.0,-0.8724218156008989,0.12673395015176914,38
2026-09-03 16:30:00.013200,80759.6,163135720.86013037,136431516.20390055,0.08914260757601454,82000.0,1.535916473088017,0.22567643981183566,80000.0,-0.9405692945482769,0.12586088052621977,38
2026-09-03 16:39:59.973981,80832.34,167743580.3336449,135898557.0689416,0.10487682486071198,82000.0,1.4445455865808254,0.23156759819465234,80000.0,-1.0297116228479841,0.12485806385954237,38
2026-09-03 16:50:00.036958,80995.26,211798472.36831635,132923948.4892499,0.2288059003613697,82000.0,1.2404923448606775,0.2410729158272781,80000.0,-1.2287879562334791,0.1219094009904951,38
2026-09-03 17:00:00.009942,80968.4,211802315.56007358,134212012.18012032,0.22424014602716746,82000.0,1.274077294351872,0.2407973238493353,80000.0,-1.1960221518518277,0.12221369215292324,38
2026-09-03 17:10:00.025558,81001.87,184254706.09836823,161122635.73198164,0.06697622445003679,82000.0,1.23223081146151,0.24118374487208782,80000.0,-1.236847988818035,0.12234187844358028,38
2026-09-03 17:20:00.012005,81040.44,188673710.96189383,161063455.8034625,0.07894572776977815,82000.0,1.1840508269698402,0.2480964678088236,80000.0,-1.2838528517367442,0.12127518613849662,38
2026-09-03 17:29:59.991799,81004.09,188502393.2127894,162572080.57966524,0.07385986327349284,82000.0,1.229456438557608,0.24730776226590268,80000.0,-1.2395546940901392,0.12259743652588931,38
2026-09-03 17:40:00.024550,81159.03,194990994.996315,150104339.12623143,0.13007030646825238,82000.0,1.0362001615839889,0.2609764207091896,80000.0,-1.4280974033326954,0.11983416082014578,38
2026-09-03 17:50:00.008354,81156.57,194545658.37156138,150895024.87946892,0.12636216753998175,82000.0,1.0392627485365624,0.2598275873079622,80000.0,-1.4251095136228686,0.1197491224323118,38
2026-09-03 17:59:59.969954,81047.85,189348800.50358155,160288304.41579214,0.08311616724572402,82000.0,1.174799825041628,0.2532396597397268,80000.0,-1.2928782194715938,0.12332858775480261,38
2026-09-03 18:10:00.020508,81324.5,204003214.9529924,146967350.74483743,0.16250896736810783,82000.0,0.8306229979895274,0.2827126256721664,80000.0,-1.6286604897663093,0.11828682662335128,37
2026-09-03 18:20:00.011041,81137.47,198009468.5364855,151069827.70085454,0.13446698598738022,82000.0,1.0630476893104923,0.2731655676791951,80000.0,-1.4019046933556156,0.12253611334725908,38
2026-09-03 18:30:00.022278,80946.62,184739725.9721473,134531844.90206257,0.15725760026991623,82000.0,1.301326726180796,0.2533833378635348,80000.0,-1.1694373403114189,0.12345160216271261,39
2026-09-03 18:40:00.015868,81020.64,192198940.87899947,163459782.878802,0.08080543532447816,82000.0,1.2087784051076467,0.2540388618502144,80000.0,-1.2597283852608387,0.12255748073270945,39
2026-09-03 18:50:00.015888,81047.28,197185637.73150384,161481414.88325205,0.09954698260673997,82000.0,1.1755113805176354,0.2695149035734846,80000.0,-1.292184019007181,0.12472377135448283,39
2026-09-03 19:00:00.014036,81259.93,203783196.675398,149396201.74143848,0.15399254650116878,82000.0,0.910744077677661,0.281186602304433,80000.0,-1.5504935827535093,0.1198728404379934,38
2026-09-03 19:10:00.012286,81280.64,208217935.58599144,147938521.0658049,0.16924981533921749,82000.0,0.8850324013196742,0.28903226175543884,80000.0,-1.5755781450539796,0.11725189398544308,39
2026-09-03 19:19:59.983470,81377.98,209602890.54076114,144902015.75157452,0.18251051999780307,82000.0,0.7643591054975918,0.29053514448764595,80000.0,-1.6933081897584579,0.11546159060407993,39
2026-09-03 19:30:00.020820,81547.96,215354662.74819288,142278974.4542333,0.2043311386076294,82000.0,0.5543241057164305,0.29922736443349984,80000.0,-1.8982203846668932,0.10898876969000554,39
2026-09-03 19:40:00.008575,81518.67,214675145.16259897,143693442.01674527,0.19806898730867603,82000.0,0.5904536960674278,0.29854665347330445,80000.0,-1.8629720038366604,0.11060153682905874,39
2026-09-03 19:50:00.010040,81463.76,215366159.0246142,143513531.35516098,0.20021369165086228,82000.0,0.6582558919450809,0.2972973512616163,80000.0,-1.7968235200535698,0.11018149819443096,39
2026-09-03 20:00:00.012869,81744.2,225732643.8374177,138293637.56969446,0.2401997073665542,82000.0,0.31292740035377964,0.3129387681582188,80000.0,-2.1337293655084966,0.10154087843693466,40
2026-09-03 20:09:59.929921,81653.11,223827724.3546943,141977937.39071137,0.22375210534862897,82000.0,0.42483378771487335,0.31069333582583075,80000.0,-2.024552402229385,0.10471985695771227,39
2026-09-03 20:20:00.033747,81465.11,222794369.48273626,145796222.22356504,0.20889884058821698,82000.0,0.6565878325089036,0.30726048165081976,80000.0,-1.7984508951132572,0.10880823669914126,39
2026-09-03 20:29:59.999474,81539.34,225973461.19920522,145593108.42968112,0.2163282688477773,82000.0,0.5649542907754768,0.3146105723439259,80000.0,-1.8878494724141714,0.10460890164760633,39
2026-09-03 20:39:59.996095,81578.05,226744026.3690552,145861284.21209532,0.21707350877744472,82000.0,0.5172347218399986,0.3153685309145498,80000.0,-1.9344051494243897,0.10462572380915146,39
2026-09-03 20:49:59.954305,81542.04,230981372.08945417,146740611.81176922,0.22302318601533774,82000.0,0.5616244087099265,0.3204955038858216,80000.0,-1.8910981378439828,0.10335707484685162,39
2026-09-03 20:59:59.995579,81472.09,232637031.97418755,145943672.77457756,0.22899571508046537,82000.0,0.6479642292225529,0.3194473946169559,80000.0,-1.8068641666121432,0.10483631411483267,39
2026-09-03 21:10:00.049152,81395.33,232228025.28603512,148517433.9617854,0.21985972331652673,82000.0,0.7428804576380399,0.3175715847739088,80000.0,-1.714262968157998,0.1065686332120129,39
2026-09-03 21:20:00.007514,81575.46,236362364.445641,146504701.3567404,0.23469676844777523,82000.0,0.5204261183448855,0.32767520732656263,80000.0,-1.9312915918586415,0.10078006772133002,39
2026-09-03 21:30:00.042141,81772.31,248198129.52708048,132867883.4186667,0.3026516199040649,82000.0,0.27844388889100014,0.3473660420888235,80000.0,-2.1673718157161015,0.09535501124262005,40
2026-09-03 21:39:59.984688,81677.94,243032276.19035336,142992341.60858294,0.25915428697834225,82000.0,0.3943047535234001,0.334735167974229,80000.0,-2.054336825830816,0.09777772973323569,41
2026-09-03 21:50:00.008630,81683.2,242719963.92648295,137147545.12468216,0.277919054107839,82000.0,0.3878398495651636,0.33863270345789503,80000.0,-2.0606440492047295,0.0970121262936659,41
2026-09-03 22:00:00.034061,81597.89,241306186.1081342,146668173.12456274,0.24392852447965524,82000.0,0.4927946053506993,0.33219659251301165,80000.0,-1.9582491655115053,0.09926909245870444,40
2026-09-03 22:09:59.997612,81451.32,237147926.06386113,149241095.81316483,0.22750861249539836,82000.0,0.6736293530908988,0.32402564351741736,80000.0,-1.7818250213747389,0.1034751255948204,40
2026-09-03 22:20:00.012530,81314.94,231601915.1234044,153893311.6910675,0.20158123376644532,82000.0,0.8424774094403675,0.31535779697625926,80000.0,-1.6170952103020664,0.10822118829272716,40
2026-09-03 22:29:59.986446,81139.43,216424298.77962077,161376389.71190363,0.1457062169142979,82000.0,1.060606415401244,0.28561120311115706,80000.0,-1.4042864239987796,0.114470808862962,41
2026-09-03 22:40:00.012122,81125.09,216349583.93338293,161437553.53753045,0.1453517733913857,82000.0,1.0784702981531336,0.2932069313508443,80000.0,-1.3868582457042478,0.1175216458545391,41
2026-09-03 22:50:00.025941,81171.47,221586143.913349,160455516.9794129,0.16001036847940855,82000.0,1.0207157761218388,0.3004303245957123,80000.0,-1.4432041208567559,0.11481307901848542,41
2026-09-03 23:00:00.021286,81150.19,217404640.44277412,161295388.55169207,0.14816278741795913,82000.0,1.0472064205887754,0.2937239132267756,80000.0,-1.4173595896694757,0.1173593019929307,41
2026-09-03 23:10:00.013302,81181.7,221841361.8855074,160226018.19975442,0.16126826548762932,82000.0,1.0079857899009337,0.3005408762992745,80000.0,-1.455623619608848,0.11492720011612874,41
2026-09-03 23:19:59.985515,81222.51,226315163.9796222,159686472.1883904,0.17261245950323048,82000.0,0.9572346385257058,0.306427104610112,80000.0,-1.505136938023699,0.11203060924983008,41
2026-09-03 23:29:59.989287,81286.82,231487483.79210714,155533994.11382732,0.19625135558171866,82000.0,0.8773624063531882,0.31475776831105473,80000.0,-1.583061066972491,0.10840363723654006,40
2026-09-03 23:40:00.014352,81321.05,236092306.54105836,154395625.80997506,0.2092169154606324,82000.0,0.8349006806970705,0.3216851792608553,80000.0,-1.6244871407833594,0.10609281439516328,40
2026-09-03 23:49:59.971391,81234.84,230768322.36425537,158022624.07633448,0.18710749042361505,82000.0,0.9419111307414463,0.3134904457054787,80000.0,-1.5200867017156616,0.10972418653013154,41
2026-09-04 00:00:00.008759,81265.21,230985215.1805467,157133949.98213968,0.19027987233624777,82000.0,0.9041876591471265,0.3139036149398844,80000.0,-1.556890088636953,0.10810597421996386,40
2026-09-04 00:09:59.980104,81220.13,230754482.12253135,158498018.12955254,0.18562877295890146,82000.0,0.9601929964899059,0.3136210984906426,80000.0,-1.5022507351318048,0.10977444650946125,41
2026-09-04 00:19:59.988750,81188.13,222494789.05429715,160560212.98050803,0.16168585645609612,82000.0,0.9999860817092365,0.3006702801131175,80000.0,-1.463428212966611,0.11215406572056864,41
2026-09-04 00:30:00.002715,81149.9,222287671.67481455,161236614.30680582,0.1591843322561703,82000.0,1.0475675262692885,0.29987817216012636,80000.0,-1.4170072914445941,0.11311376708383634,41
2026-09-04 00:40:00.018759,81392.15,243700126.0852016,149316425.557343,0.2401519735832963,82000.0,0.7468164927453058,0.33105481981323803,80000.0,-1.7104229339070076,0.09978640596150526,40
2026-09-04 00:49:59.980827,81139.8,222112322.5617488,163081648.70484304,0.15324921535713956,82000.0,1.0601455759072564,0.29545116893887996,80000.0,-1.4047360235051154,0.11248857421436251,41
2026-09-04 01:00:00.006446,80973.31,246693789.37805045,140512537.1650108,0.27422396002930804,82000.0,1.2679363113598852,0.2725455898045117,80000.0,-1.2020133547708478,0.12110860580036652,41
2026-09-04 01:09:59.992619,81044.43,212836663.44290257,176439970.4008987,0.09349827314990651,82000.0,1.179069308032643,0.2804314329738059,80000.0,-1.2887128702120498,0.11689021011054912,41
2026-09-04 01:19:59.996234,80917.12,205928668.53516197,144288568.94089165,0.1760053275461206,82000.0,1.3382582079045857,0.25683311390279745,80000.0,-1.1334066264345521,0.1217799640874861,41
2026-09-04 01:30:00.068347,80827.48,195551397.36088407,149018021.60349506,0.13504789803241224,82000.0,1.4506452508478596,0.24238245474283873,80000.0,-1.023760730880141,0.12978248990631597,41
2026-09-04 01:40:00.023430,80841.54,196104359.2093522,149043662.93112248,0.1363493146690439,82000.0,1.4330009052276882,0.24214771381986303,80000.0,-1.0409747266071245,0.12970270447847898,41
2026-09-04 01:50:00.012662,80871.49,203288120.9389669,146645363.6293195,0.16186721136311857,82000.0,1.3954361419580508,0.24842578518818903,80000.0,-1.077623276138484,0.12527890660516122,41
2026-09-04 01:59:59.963325,80973.9,246021577.8468413,140923202.88097584,0.2716107832445303,82000.0,1.2671984429550864,0.25750919020028595,80000.0,-1.2027332263852886,0.11837463345538221,41
2026-09-04 02:10:00.058803,80805.06,195582266.58510154,157320950.22804877,0.10841872370154898,82000.0,1.4787935309991784,0.23110208763810677,80000.0,-0.996298994147149,0.14139017672282475,41
2026-09-04 02:20:00.013422,80762.81,190362477.90690136,161501529.49608564,0.08202301969965772,82000.0,1.5318808248499627,0.22342566001770595,80000.0,-0.9445065123415031,0.14740832833616918,41
2026-09-04 02:30:00.005064,80718.62,190080984.10478947,163473524.3531088,0.07525702293469445,82000.0,1.5874651970016362,0.2225047044519991,80000.0,-0.8902778565837655,0.15018946873894873,41
2026-09-04 02:40:00.012073,80847.82,200682376.97709572,148590841.63573843,0.14914265556415374,82000.0,1.4251219142334293,0.2417758604659423,80000.0,-1.0486615470893468,0.1289160641550787,41
2026-09-04 02:50:00.036471,80671.71,184738443.67979202,165976617.1317392,0.05349592488169515,82000.0,1.6465375532513038,0.21437438575185527,80000.0,-0.8326462895109188,0.1543146968490059,41
2026-09-04 02:59:59.999157,80834.21,201000659.24370366,155277612.09811556,0.12833521105114115,82000.0,1.4421987918234125,0.23873431473917783,80000.0,-1.0320011787088745,0.13979650082927078,41
2026-09-04 03:10:00.011238,80960.72,249414798.01304695,140711301.9135098,0.2786368205562283,82000.0,1.2836842360097522,0.2581432515343786,80000.0,-1.1866495258441412,0.11761862265798552,41
2026-09-04 03:19:59.973169,80911.33,209470327.7285087,144250244.6930405,0.1843830642616446,82000.0,1.345509955157076,0.25004281130695916,80000.0,-1.1263317510662674,0.12241945117461252,41
2026-09-04 03:30:00.023073,80834.53,207513863.49232355,153453049.40274101,0.14976667433587842,82000.0,1.4417972121567368,0.24472599342899976,80000.0,-1.0323929637495288,0.13629362718269292,41
2026-09-04 03:40:00.008987,80830.07,207492794.58129793,153645188.50438684,0.1491053519677409,82000.0,1.4473945154321877,0.24437324842893735,80000.0,-1.0269321800661646,0.13609794085487703,41
2026-09-04 03:50:00.061857,80929.86,218183450.68961284,147429368.48198462,0.1935218857148998,82000.0,1.322305512452382,0.2595619908381165,80000.0,-1.1489702317537653,0.1273288823230684,41
2026-09-04 04:00:00.012822,80844.61,204468019.13154155,153820664.25944924,0.14135906943179172,82000.0,1.429149079944847,0.23801993202237293,80000.0,-1.0447326049318528,0.1371640220934993,41
2026-09-04 04:10:00.046385,80863.94,209724471.88065904,150714260.49554974,0.16371773087781602,82000.0,1.4049031001952095,0.245413144050891,80000.0,-1.0683872193217425,0.13178864279748104,41
2026-09-04 04:20:00.017081,81085.73,222286897.9755812,167995486.4665107,0.13910802453121213,82000.0,1.127535017567216,0.2933680708020887,80000.0,-1.3389902267636922,0.10305319754616502,41
2026-09-04 04:30:00.016589,81261.4,247277690.1667043,161065021.01542643,0.21112821850473765,82000.0,0.90891862557132,0.33027834225575,80000.0,-1.5522745116377412,0.09557486984628764,40
2026-09-04 04:39:59.981006,81046.8,217731934.1294667,189382451.97749412,0.06963517654845132,82000.0,1.176110592891999,0.2810365649542938,80000.0,-1.2915994215687787,0.12101699497875627,41
2026-09-04 04:49:59.987888,81044.71,217784482.37855926,189297938.04877508,0.06997733849543408,82000.0,1.1787197461746723,0.2810493020927432,80000.0,-1.289053906171056,0.1193486559452675,41
2026-09-04 05:00:00.012649,81069.99,221632625.76438537,179696080.666025,0.10449425726697194,82000.0,1.1471692546156653,0.28740631175441345,80000.0,-1.3198348735456888,0.11698328806515344,41
2026-09-04 05:10:00.013353,81055.49,217418986.5523594,181803845.83045602,0.08921118190893443,82000.0,1.165263451001275,0.2803269951429753,80000.0,-1.3021819990231442,0.11743533170833195,41
2026-09-04 05:20:00.010492,81104.06,222002997.73263603,180384297.1968964,0.10342945977712356,82000.0,1.104679593105451,0.2870119651397785,80000.0,-1.361288201848343,0.11231315687572349,41
2026-09-04 05:30:00.013578,81020.4,208229673.55747157,194864091.7068482,0.03315750081586895,82000.0,1.2090782074638096,0.25991172493463327,80000.0,-1.259435895157257,0.11570593624904564,41
2026-09-04 05:39:59.977624,80916.67,216906875.52746892,143917488.24961996,0.20228508550198832,82000.0,1.3388217780094136,0.23955262758161855,80000.0,-1.1328568019420504,0.1226106219661091,41
2026-09-04 05:50:00.002765,80895.22,213579817.22107327,144877379.65882573,0.19166148192936486,82000.0,1.365692558843401,0.23130989134717655,80000.0,-1.1066414060064367,0.12316363392967146,41
2026-09-04 05:59:59.997173,80988.7,260966201.63835236,137221630.83760086,0.31076934227573244,82000.0,1.2486927188607888,0.2468824321345272,80000.0,-1.2207875913553323,0.1122663585213564,41
2026-09-04 06:10:00.007069,81014.92,204740878.9440597,195264157.6611002,0.02369150489550922,82000.0,1.2159241779168495,0.2601274753178657,81000.0,-0.018416360838224843,0.12625940305072494,41
2026-09-04 06:20:00.011458,80972.64,249371671.25832045,134359429.47151396,0.2997209284523976,82000.0,1.2687742427565762,0.22048052843229723,80000.0,-1.2011958607253015,0.1103497685066185,41
2026-09-04 06:30:00.014204,80714.38,159509873.73611364,161562886.1702788,-0.006394228008516505,82000.0,1.5928016792051025,0.14233963869620958,80000.0,-0.8850715324828173,0.14363061046078918,41
2026-09-04 06:40:00.009784,80738.25,162818130.13756493,154812818.38162342,0.025203185625527615,82000.0,1.562766099091828,0.14347640367009215,80000.0,-0.9143745374713963,0.1338883393397494,41
2026-09-04 06:50:00.016960,80755.95,161610525.0245804,150703863.97416866,0.034922057499103626,81000.0,0.30220683429518225,0.1372723048922681,80000.0,-0.9360920155109254,0.12828766180842932,41
2026-09-04 06:59:59.990986,80792.03,163081192.81282938,144357091.63980502,0.06090360934182578,81000.0,0.2574140048220208,0.15006212043545125,80000.0,-0.9803318470893663,0.12046436431986778,41
2026-09-04 07:10:00.006289,80909.73,184692030.43653905,128506180.5806899,0.1793939041776914,81000.0,0.11156878165332618,0.18003301815321246,80000.0,-1.1243765119473226,0.1058958085680725,41
2026-09-04 07:20:00.042816,80917.38,183486575.69741327,125517200.90239209,0.18760086181761473,81000.0,0.10210414622915387,0.19645197329947636,80000.0,-1.1337243000205999,0.10468286565034313,41
2026-09-04 07:30:00.029779,80849.4,172031628.42091727,128079489.42348626,0.1464528848951826,81000.0,0.18627225433955896,0.20644081037279965,80000.0,-1.0505953043559946,0.10504192427754257,41
2026-09-04 07:40:00.007721,80764.5,143998269.05454236,135347527.93031418,0.030967858538058262,81000.0,0.2915885073268676,0.1631817707790176,80000.0,-0.9465792520228611,0.11114919105467261,41
2026-09-04 07:50:00.032052,80729.69,112133957.27936435,132023010.03638208,-0.08146010730587505,81000.0,0.3348334423184385,0.10102542833962037,80000.0,-0.9038682051175972,0.12171892791119,41
2026-09-04 08:00:00.010769,80645.9,95458369.48089696,123242112.08288994,-0.1270401528306168,82000.0,1.6790686197314608,0.10357962475388531,80000.0,-0.800908663676636,0.12994451615920927,41
2026-09-04 08:10:00.016458,80691.98,97290220.08594303,123600268.74144834,-0.11910901549076908,82000.0,1.621003723046588,0.10583644243861273,80000.0,-0.8575573433691863,0.12958444885730527,41
2026-09-04 08:20:00.015780,80861.43,100496068.72934945,124221011.55799349,-0.10557694501151069,82000.0,1.4080507851518487,0.10753431843604284,80000.0,-1.0653163071689398,0.1288089040284329,41
2026-09-04 08:30:00.012963,80967.62,140531993.62558293,121288556.75251892,0.0734985731458973,82000.0,1.275052916215147,0.11320433418811247,80000.0,-1.1950703256437545,0.13251914667094056,41
2026-09-04 08:40:00.011537,81081.87,115206975.27704903,138704927.0620656,-0.09254371917403713,82000.0,1.132349315574488,0.1143022692108874,80000.0,-1.3342933506590215,0.13151263167574487,41
2026-09-04 08:49:59.984143,81102.96,116038281.18147837,139691325.97123104,-0.09249239872185866,82000.0,1.1060508765647903,0.1139963898313702,80000.0,-1.3599503643270339,0.13140388059351255,41
2026-09-04 09:00:00.014237,81139.44,116816853.9104487,139205468.75215244,-0.08744790145197051,82000.0,1.0605939602245096,0.11400718634491361,80000.0,-1.4042985753907167,0.13087285843775126,41
2026-09-04 09:10:00.017232,81113.33,117150000.45917827,140008187.30410033,-0.08888764944153237,82000.0,1.0931248908163438,0.1151373734427548,80000.0,-1.3725610821303968,0.1309255306455248,41
2026-09-04 09:20:00.012472,81174.64,118160845.50092243,140597289.84119335,-0.08670816981505408,82000.0,1.0167707550042815,0.11687322446410214,80000.0,-1.4470529219470563,0.1317223666903861,41
2026-09-04 09:30:00.012819,81026.64,116185419.3508784,151687170.76863325,-0.132532228855202,82000.0,1.2012839234108785,0.11491961263434779,80000.0,-1.2670400747211041,0.13272609561333126,41
2026-09-04 09:39:59.981144,81162.26,118984253.32129878,140691555.7784558,-0.08359385701891911,82000.0,1.0321792419284659,0.1167169456558548,80000.0,-1.4320202517771108,0.13161431076416957,41
2026-09-04 09:50:00.008472,81088.13,117677149.26564288,141792663.89676994,-0.0929415038196839,82000.0,1.1245419027421155,0.11483180991371673,80000.0,-1.341910338788188,0.13187358686824568,41
2026-09-04 10:00:00.014871,81041.0,117413312.61282474,152217423.80085847,-0.12908065174971461,82000.0,1.1833516368258135,0.11447579178557438,80000.0,-1.2845349884626267,0.13221630015108274,41
2026-09-04 10:09:59.990441,80913.94,108498758.20163706,128068985.06856814,-0.08272567762790116,82000.0,1.3422409043484906,0.1084314229481599,80000.0,-1.1295210689282964,0.12777121244757506,41
2026-09-04 10:20:00.010190,80839.22,108019028.58627112,129860302.38824055,-0.09181661018001465,82000.0,1.4359119249295116,0.10830189065241419,80000.0,-1.0381347073858516,0.13036931183163167,41
2026-09-04 10:29:59.997955,80950.08,109664023.0266449,128712561.89577328,-0.07990943772991754,82000.0,1.2969968652285502,0.11171381414967613,80000.0,-1.1736615948989781,0.13365345397849157,41
2026-09-04 10:40:00.007289,81085.68,118059140.21120152,142503782.9536514,-0.09381473943237982,82000.0,1.127597376010181,0.1146633828968568,80000.0,-1.3389293892583698,0.13229242040322658,41
2026-09-04 10:49:59.976787,81073.42,117965140.65900499,142530957.90651947,-0.0943039737746217,82000.0,1.1428899878653143,0.11430531440873092,80000.0,-1.324009767936274,0.13181739730001438,41
2026-09-04 10:59:59.983654,81180.58,119557420.18252523,141679825.9435337,-0.08468319923390014,82000.0,1.0093793367822679,0.11606639698800701,80000.0,-1.4542640616758362,0.1307687527145471,41
2026-09-04 11:09:59.994728,81166.04,118902973.85158485,143502289.71960235,-0.09374551231646318,82000.0,1.0274740519557346,0.11424684227312644,80000.0,-1.4366106810188017,0.132418921457688,41
2026-09-04 11:20:00.013358,81174.57,118228972.86491644,143199693.34203005,-0.09551638249703964,82000.0,1.0168578657084204,0.11466512963366073,80000.0,-1.4469679358942167,0.1319437708328692,41
2026-09-04 11:30:00.013727,81327.29,119694553.37735221,141675086.86406553,-0.08409750063706975,82000.0,0.8271639200076786,0.1182394568806709,80000.0,-1.632035199992521,0.1338970429311038,40
2026-09-04 11:40:00.010238,81285.39,119721303.46526462,135811568.1923285,-0.06296749464242861,82000.0,0.8791370749405392,0.11980999286702854,80000.0,-1.5813296829848555,0.12033331913385603,40
2026-09-04 11:50:00.008593,81255.59,119166940.99152696,137327433.36741674,-0.07080269273460009,82000.0,0.9161338930650853,0.11803512665721297,80000.0,-1.5452352262779634,0.12083510115363934,40
2026-09-04 11:59:59.998613,81223.92,118923515.64418314,137252402.37947685,-0.07154804743824857,82000.0,0.955482079663228,0.11800868436619076,80000.0,-1.5068467515480632,0.12083865091866929,41
2026-09-04 12:10:00.020449,81213.91,118379345.00958934,137128939.06143478,-0.0733815505043804,82000.0,0.9679253221523298,0.11647628702828398,80000.0,-1.4947070027782283,0.11935738893253205,41
2026-09-04 12:20:00.011304,81168.17,118047402.71969998,138366423.60874173,-0.07924307819116985,82000.0,1.0248229077974846,0.11569161794463205,80000.0,-1.439197163124406,0.12029451757127844,41
2026-09-04 12:30:00.014190,81338.3,117288071.41031346,144416118.18856215,-0.10365919941835448,82000.0,0.81351589595553,0.11034529518903853,80000.0,-1.6453503454092355,0.12760413672482906,40
2026-09-04 12:40:00.040005,79942.75,133982431.60327844,100110642.6900333,0.14469368226932158,80000.0,0.07161374858883907,0.13170538894440373,78000.0,-2.430176595125888,0.09593904697203902,41
2026-09-04 12:50:00.003818,79445.14,126855699.35029514,104380276.94487703,0.09719691012409025,80000.0,0.6984190599953699,0.1317267154205253,78000.0,-1.8190414165045188,0.1163698486164751,41
2026-09-04 13:00:00.009626,79448.2,129955393.20634055,106000785.69112612,0.10152142498299974,80000.0,0.694540593745363,0.1300285240100744,78000.0,-1.8228229210982771,0.11552412806970358,41
2026-09-04 13:09:59.981794,79284.72,132157326.02883407,107207298.19182774,0.1042343993739266,80000.0,0.9021662686076182,0.12563162013738308,78000.0,-1.6203878881075662,0.11311751894341546,41
2026-09-04 13:20:00.010991,79347.03,133040184.88606733,106370220.93314752,0.11139851612406107,80000.0,0.8229293522391545,0.12683534975343605,78000.0,-1.6976438815668349,0.11279718110245543,41
2026-09-04 13:29:59.990577,79315.73,133344096.05817726,107219648.36276257,0.10859677861391276,80000.0,0.8627166389315155,0.12608532590076285,78000.0,-1.6588512770417618,0.11298443429132014,41
2026-09-04 13:39:59.996558,79347.94,134736067.69427812,108008764.18191908,0.11010452130239495,80000.0,0.8217730668244272,0.12676058343600322,78000.0,-1.698771259846199,0.11304029052504273,41
2026-09-04 13:50:00.007446,79659.96,136309451.25454992,110713715.80117089,0.103616740722968,80000.0,0.4268643870772637,0.128454023956486,78000.0,-2.083807222599665,0.10822603236800649,41
2026-09-04 14:00:00.050048,79369.33,137470191.44626248,109529116.10999954,0.11312207962323322,80000.0,0.7946016427252234,0.1289048200289133,78000.0,-1.7252633983429133,0.11188643517126608,41
2026-09-04 14:10:00.008702,79280.29,134627791.04952255,110807454.25914049,0.09705344788775241,80000.0,0.9078044492521586,0.12800459809274892,78000.0,-1.6148906619791514,0.11182563430490529,41
2026-09-04 14:20:00.007826,79179.85,132540783.76891373,113172638.76124287,0.07882412286733663,80000.0,1.0358064583350313,0.1267848234196667,78000.0,-1.4900887031233379,0.11458825560579189,41
2026-09-04 14:30:00.010566,79362.22,143580923.41511405,110492478.84076829,0.13023183174845562,80000.0,0.8036317532448045,0.1290044181307728,78000.0,-1.7164590405863156,0.11013395145288087,41
2026-09-04 14:40:00.011792,79317.76,142842868.34102628,111239368.15121718,0.12438295815604519,80000.0,0.8601352332693324,0.12711196952495418,78000.0,-1.6613681475624031,0.10954457018114709,41
2026-09-04 14:50:00.024792,78678.75,144034982.87333176,119255152.8368911,0.09411605934114198,80000.0,1.6792971418585045,0.1204746703690943,78000.0,-0.8626852866879586,0.1195001101061946,40
2026-09-04 15:00:00.009693,78900.47,153258527.80862582,117238224.33593008,0.13316353407987006,80000.0,1.3935658431438958,0.12250479372716197,78000.0,-1.1412733029346978,0.11581948359585646,40
2026-09-04 15:10:00.011052,79201.88,142892692.82017112,115541680.36159383,0.10583349312957092,80000.0,1.007703352496181,0.12438241464921994,78000.0,-1.517489231316227,0.11104523066562105,41
2026-09-04 15:20:00.026193,79245.1,145634074.61915475,114702424.11598985,0.11881411424616822,80000.0,0.9526141048468606,0.1258806021099834,78000.0,-1.571201247774312,0.1103507153236718,41
2026-09-04 15:30:00.022340,79407.74,150101901.88980824,111764171.94817692,0.1464020496421794,80000.0,0.7458466895040594,0.12993163814529338,78000.0,-1.7727994777335332,0.10813406776153775,41
2026-09-04 15:40:00.020386,79532.83,145425552.36051908,118788171.4669596,0.1008175521985855,80000.0,0.5873926528202178,0.13190371670350015,78000.0,-1.9272921635002827,0.10615848705436191,41
2026-09-04 15:50:00.020002,79398.41,149501468.32464817,113874182.97534925,0.1352717503438378,80000.0,0.7576851979781418,0.1303048843017607,78000.0,-1.7612569319713112,0.10786389785709095,41
2026-09-04 16:00:00.020497,79427.47,150250187.0121286,114507422.94935024,0.1350018383531215,80000.0,0.7208211466385617,0.13084487679808765,78000.0,-1.7971993820274035,0.1090087821499098,41
2026-09-04 16:09:59.991094,79455.23,154326886.08447912,115106606.88514751,0.14556571555769024,80000.0,0.6856313926723256,0.13406519906384556,78000.0,-1.8315093921444814,0.10592636732715048,41
2026-09-04 16:20:00.018432,79471.24,155929479.0574968,115980415.83121632,0.14692022606470706,80000.0,0.6653476150617399,0.13527492694948282,78000.0,-1.8512860753147953,0.10695215970151822,41
2026-09-04 16:30:00.016843,79555.24,148499758.88848254,123776264.99349305,0.09080305177993368,80000.0,0.559058083414743,0.1368533004081369,78000.0,-1.9549183686706328,0.10389634253506033,41
2026-09-04 16:40:00.021305,79707.06,154089298.3435092,120417383.7144464,0.1226633697097172,80000.0,0.36752076917654364,0.1387349126175025,78000.0,-2.141667250052881,0.10066048944129675,41
2026-09-04 16:50:00.011242,79799.12,158798094.15940997,118105496.6843023,0.14695583163482723,80000.0,0.25173209930136053,0.13824387819896605,78000.0,-2.2545612031811824,0.09810121909135106,41
2026-09-04 17:00:00.014733,79749.93,156284269.4448084,119598539.33679987,0.1329757742790321,80000.0,0.31356767335093405,0.14058687667972983,78000.0,-2.1942715184828265,0.09971609132922493,41
2026-09-04 17:10:00.013151,79695.04,155899693.73010093,123235596.04274696,0.11701887537736648,80000.0,0.38265869494513716,0.14094870276341293,78000.0,-2.126907772428488,0.09903375404766523,41
2026-09-04 17:20:00.011864,79599.11,153321885.7013671,125684363.90151736,0.09905699904280575,80000.0,0.5036362843755304,0.14054850213024314,78000.0,-2.0089546227338495,0.09960829921001413,41
2026-09-04 17:29:59.952703,79517.41,150131538.04388615,130051275.29458305,0.07166843144317188,80000.0,0.6068985395776716,0.14027037142482413,78000.0,-1.908273923911763,0.10277542787531366,41
2026-09-04 17:39:59.965253,79574.97,152097850.78089556,128142596.3208656,0.08548107422670256,80000.0,0.5341252406378505,0.14268750444809622,78000.0,-1.979227890378099,0.10066269174842309,41
2026-09-04 17:50:00.008249,79487.94,162112682.00749522,118944696.34723559,0.15359136242200352,80000.0,0.6441983526054296,0.1404571489879683,78000.0,-1.8719066062096945,0.10306096206649358,41
2026-09-04 18:00:00.000993,79471.93,162218921.78387392,118716723.7642359,0.15484755569114253,80000.0,0.6644736072220825,0.14020302332182302,78000.0,-1.8521382329584668,0.10287194096610937,41
2026-09-04 18:10:00.027660,79604.88,154875308.64458674,131089932.76290937,0.08317575858033592,80000.0,0.49635147995952256,0.14680931885129844,78000.0,-2.016057307039476,0.10080167449007878,41
2026-09-04 18:20:00.000175,79590.99,154630273.9893449,132378663.14450331,0.0775293308530822,80000.0,0.5138898259714919,0.14485515135142546,78000.0,-1.9989574196777826,0.09911009498153846,41
2026-09-04 18:30:00.026055,79549.67,154823631.88826674,133977630.01229052,0.0721811315462815,80000.0,0.5660991428374285,0.1447791706053888,78000.0,-1.9480533357335128,0.1001461400903845,41
2026-09-04 18:40:00.005917,79584.59,155993375.54907107,131633368.52625388,0.08469312233509721,80000.0,0.5219729095796044,0.1440993157860207,78000.0,-1.9910764131598757,0.09729002165019798,41
2026-09-04 18:50:00.012653,79607.77,157098495.8206052,132418517.014822,0.08524534901792542,80000.0,0.49270316201546205,0.14588640563760696,78000.0,-2.0196144170349206,0.0982389787178537,41
2026-09-04 18:59:59.992439,79626.5,158718212.8494641,130369551.84556904,0.09806247259824659,80000.0,0.46906494697116496,0.14887867107355784,78000.0,-2.042661676703106,0.09680880197447075,41
2026-09-04 19:10:00.010008,79739.28,164560655.3347186,126857340.13470173,0.1293788159488361,80000.0,0.3269655808279204,0.1552481909334935,78000.0,-2.181208558692782,0.095398135228811,41
2026-09-04 19:19:59.998843,79801.84,170510860.27751595,124744830.37684935,0.15500473436849557,80000.0,0.2483150764443609,0.1568853105282427,78000.0,-2.2578928004667542,0.0928356955667011,41
2026-09-04 19:30:00.020597,79812.62,171714687.54431438,124713751.41299488,0.15855744575873318,80000.0,0.23477490151306846,0.15970526756140488,78000.0,-2.2710944710247483,0.09271164026624722,41
2026-09-04 19:40:00.004772,79664.65,162379165.68460935,130803831.25474332,0.10769838210091578,80000.0,0.42095207849404126,0.1545745195701256,78000.0,-2.0895717234683087,0.09542054849546619,41
2026-09-04 19:50:00.005438,79746.81,167450419.62075046,127192600.39641124,0.1366325230510954,80000.0,0.31749232351738765,0.15986701576981757,78000.0,-2.1904449845705387,0.09430895126224582,41
2026-09-04 20:00:00.014233,79806.71,171975231.15854424,124665984.46893409,0.15948305291811182,80000.0,0.24219767986926044,0.1613068067179306,78000.0,-2.2638572621274666,0.09255887865161992,41
2026-09-04 20:09:59.989620,79830.55,173856354.39724886,123051653.54630274,0.17111259882422963,80000.0,0.21226209765559112,0.1636914388453257,78000.0,-2.2930444547857975,0.09207715511584141,41
2026-09-04 20:19:59.991355,79848.11,176394067.20400313,122755129.20248005,0.17930497105076165,80000.0,0.19022366340293306,0.16685205616980778,78000.0,-2.314531928182151,0.09166140838348691,41
2026-09-04 20:29:59.998366,79781.03,173321333.9283316,126724094.00328165,0.15530061646421908,80000.0,0.2744637415686535,0.16429937518000595,78000.0,-2.232397851970569,0.09178908435574004,41
2026-09-04 20:40:00.029402,79750.86,171104762.82609844,128366828.72059333,0.14271114627192166,80000.0,0.31239788511372435,0.1624053640332009,78000.0,-2.1954120620141238,0.09216975405021194,41
2026-09-04 20:50:00.043593,79768.9,171766756.8226748,128086139.34540033,0.14567348868556662,80000.0,0.2897119052663433,0.1630837807194402,78000.0,-2.217530892365316,0.09189212639104871,41
2026-09-04 21:00:00.012887,79717.0,167079895.5559809,129664230.68796848,0.12608729730088575,80000.0,0.355005833134725,0.1625380501473622,78000.0,-2.153869312693657,0.09389387418696357,41
2026-09-04 21:10:00.010633,79797.64,174940598.1484635,125470412.61555779,0.1646750077738179,80000.0,0.25359145959704676,0.1667062094845015,78000.0,-2.2527483268928727,0.09132606726110737,41
2026-09-04 21:20:00.012371,79823.97,176639472.61328024,124378127.05638826,0.17361558132894114,80000.0,0.22052273270798395,0.16942174907782517,78000.0,-2.2849903356097157,0.09124641890543055,41
2026-09-04 21:30:00.014160,79798.55,174312455.8045597,125975376.02910691,0.16096915909075976,80000.0,0.2524481961138303,0.1674363818577428,78000.0,-2.2538630087890144,0.09134130687708955,41
2026-09-04 21:39:59.979582,79813.27,175326688.62866974,125169465.43528123,0.1669146926343495,80000.0,0.23395858859058816,0.16883305429808482,78000.0,-2.271890376124175,0.09132222394883746,41
2026-09-04 21:50:00.005600,79744.79,170467531.8124297,128978633.45041516,0.13855211111351792,80000.0,0.3200334466991528,0.16288135394216716,78000.0,-2.187967389468315,0.09158515397236665,41
2026-09-04 21:59:59.988730,79654.12,160295697.94424352,134220941.0610986,0.08853407050686857,80000.0,0.4342273820864495,0.154433097952042,78000.0,-2.0766283024656995,0.09429176324380426,41
2026-09-04 22:10:00.006266,79682.6,162868165.0703922,131411935.6112386,0.10689213910927929,80000.0,0.39833037576584296,0.1578815445100991,78000.0,-2.1116278836282976,0.09388146978779144,41
2026-09-04 22:20:00.001519,79725.2,166296874.87039632,128921437.21615753,0.12660270763719034,80000.0,0.34468398950395773,0.16365889206517537,78000.0,-2.163933110233651,0.09400084037920123,41
2026-09-04 22:30:00.051189,79729.13,166346007.44019315,129125167.58196452,0.1259711369660252,80000.0,0.3397378097566017,0.1642649185094492,78000.0,-2.168755635487307,0.09389282515510695,41
2026-09-04 22:40:00.012091,79726.96,165927919.05614728,129765346.28002375,0.12229758677462815,80000.0,0.3424688461719727,0.16397512412509835,78000.0,-2.166092874982317,0.09372718045319683,41
2026-09-04 22:50:00.012086,79686.63,162784437.46349353,131677448.80935566,0.1056401188210621,80000.0,0.39325292084757546,0.15930122863915658,78000.0,-2.116578402173619,0.09381371216432065,41
2026-09-04 23:00:00.015777,79658.27,159531975.6099128,134917315.93145,0.0835955812615873,80000.0,0.4289950057916103,0.15733031246783352,78000.0,-2.081729869353177,0.09704619842969027,41
2026-09-04 23:10:00.013917,79670.01,160905844.36221093,134130984.5079013,0.09075090712182601,80000.0,0.41419600675336454,0.15894388094785136,78000.0,-2.0961588934154674,0.0966817812525076,41
2026-09-04 23:20:00.030973,79656.73,160252585.93309653,134775296.98553735,0.08635552916395225,80000.0,0.4309365950623478,0.15635834697989862,78000.0,-2.079836819814218,0.09555476232257316,41
2026-09-04 23:29:59.981198,79753.97,169492186.99843958,129154435.66875854,0.1350684999194921,80000.0,0.30848621078047866,0.16477256337135485,78000.0,-2.199225944489036,0.09135211864910768,41
2026-09-04 23:40:00.013681,79692.49,162258138.68027505,133133324.60828596,0.0985973451898227,80000.0,0.3858707388864291,0.15928361937602192,78000.0,-2.1237760295857333,0.09328930429623902,41
2026-09-04 23:50:00.028879,79667.49,159825449.67834446,136041931.5980274,0.08038573896762446,80000.0,0.41737225560889435,0.15790907248188374,78000.0,-2.0930620507813247,0.09611422667409898,41
2026-09-05 00:00:00.011090,79683.27,161745278.18903893,134029155.61414391,0.09370695843623239,80000.0,0.3974861975418298,0.1584005967690205,78000.0,-2.1124509573967054,0.09484589118192618,41
2026-09-05 00:09:59.968228,79677.81,161536909.88865873,133172842.97956222,0.09624407279720894,80000.0,0.4043660336547905,0.15905987621402098,78000.0,-2.105743117186576,0.09353950934896971,41
2026-09-05 00:19:59.980897,79649.36,157920688.46827245,136495789.1525945,0.07277072088087314,80000.0,0.4402295260125033,0.15613535322501942,78000.0,-2.0707762121378037,0.0966523141705673,41
2026-09-05 00:30:00.003469,79678.67,161146397.26533747,133991587.9991853,0.09200716485820754,80000.0,0.40328233390443113,0.16077427604814393,78000.0,-2.106799724443187,0.0962470885184862,41
2026-09-05 00:40:00.043522,79669.11,159918969.35213906,134700595.49234688,0.08559639911593657,80000.0,0.41533035827814313,0.15944468463844777,78000.0,-2.0950529006788177,0.09637971411314564,41
2026-09-05 00:50:00.026400,79620.9,154962437.74970365,138598952.05507368,0.055741273419886474,80000.0,0.4761312670416906,0.1522333754405003,78000.0,-2.0357720146343405,0.09676735648944919,41
2026-09-05 01:00:00.010909,79599.77,153894996.17480272,139174344.07786644,0.05022924637645448,80000.0,0.5028029603603157,0.15071283095723015,78000.0,-2.009767113648697,0.09683997436039929,41
2026-09-05 01:10:00.005791,79664.76,158924022.48679575,134341399.75575536,0.08382380214844706,80000.0,0.42081341863078325,0.1589769188646476,78000.0,-2.089706916834988,0.0962750743105078,41
2026-09-05 01:20:00.015248,79712.54,163890637.1893165,130423650.25118034,0.11371173050816427,80000.0,0.3606208006921019,0.16461551660393378,78000.0,-2.1483947193252084,0.09324966276818208,41
2026-09-05 01:29:59.970402,79713.81,164434766.98616707,129782909.12349875,0.1177762611711755,80000.0,0.35902185581142554,0.1658391950949878,78000.0,-2.14995369058385,0.09327140107866665,41
2026-09-05 01:40:00.036244,79646.45,156728549.9793756,135741970.05749735,0.07175622322288203,80000.0,0.4438992572801448,0.15703535489666928,78000.0,-2.067198224151856,0.09642730495071208,41
2026-09-05 01:50:00.021637,79616.14,153192075.23173138,138480580.74573615,0.05043837392536287,80000.0,0.48213842067701407,0.15156477260005985,78000.0,-2.0299150398399135,0.0967403745510933,41
2026-09-05 01:59:59.977186,79556.81,148785374.5891678,143491306.59279373,0.01811320689343042,80000.0,0.5570736182106906,0.14387452367914222,78000.0,-1.9568532222445811,0.09663077141752069,41
2026-09-05 02:10:00.007357,79576.48,150820549.03316498,141668561.24048084,0.03129001207642143,80000.0,0.5322175597613832,0.1481552241919818,78000.0,-1.981087879232657,0.09667602893406922,41
2026-09-05 02:20:00.006817,79601.48,152012348.61885405,141008437.26039225,0.037553347369003724,80000.0,0.5006439578761679,0.15007604888968623,78000.0,-2.0118721410707363,0.09669334464080463,41
2026-09-05 02:29:59.973337,79542.61,147130136.55386907,145313140.9958334,0.006213155498938978,80000.0,0.5750251343273671,0.14121116647646126,78000.0,-1.9393504940308115,0.09669602894706385,41
2026-09-05 02:40:00.016827,79608.75,152952914.2199285,140701156.61231786,0.0417217359626171,80000.0,0.49146607627930106,0.15188129152657168,78000.0,-2.02082057562768,0.09657003318089133,41
2026-09-05 02:50:00.015563,79585.25,150119895.46245497,144067621.38907313,0.020572844620175813,80000.0,0.521139281462335,0.14628227587503467,78000.0,-1.9918892005742261,0.09620300581680458,41
2026-09-05 02:59:59.999962,79587.64,150465004.2569418,143082883.01877126,0.025147928355678886,80000.0,0.5181206529053961,0.14742586824399576,78000.0,-1.9948323634172316,0.09646550535459851,41
2026-09-05 03:10:00.005602,79536.22,146275640.11820337,148030412.1130703,-0.005962405399288188,80000.0,0.5831054078255127,0.13827514751967174,78000.0,-1.9314722273701235,0.09557328600827902,41
2026-09-05 03:20:00.002799,79606.81,152532398.05955404,141421624.66875112,0.037797657224348816,80000.0,0.493915030636205,0.1515970192559463,78000.0,-2.018432845129703,0.09611186990028803,41
2026-09-05 03:30:00.029885,79602.09,150931898.54386,142250586.67587906,0.02961060876973711,80000.0,0.4998738098459521,0.14886650734668144,78000.0,-2.012623035400196,0.09627021395349891,41
2026-09-05 03:40:00.008608,79634.16,154307729.33910322,138579230.99473512,0.05370159984739658,80000.0,0.4594008400415017,0.1532646406151928,78000.0,-2.0520841809595347,0.09509653419105404,41
2026-09-05 03:49:59.993976,79640.22,154886697.06198227,136781402.312872,0.06207499136146941,80000.0,0.4517566626511149,0.15480875461133223,78000.0,-2.059537253915167,0.09511874623724137,41
2026-09-05 04:00:00.012897,79600.4,151027693.1508217,140032507.56087685,0.03777632793167696,80000.0,0.5020075276003677,0.1497477233650029,78000.0,-2.0105426605896426,0.09659814534815657,41
2026-09-05 04:10:00.029461,79569.63,148554434.89864606,143243592.00794467,0.018200407134354855,80000.0,0.5408721895527213,0.14486707736908347,78000.0,-1.9726496151861062,0.0963599949707594,41
2026-09-05 04:20:00.046232,79582.86,150360036.3890157,143365077.85201243,0.023814642323241316,80000.0,0.5241580913277089,0.14775451922415034,78000.0,-1.9889458609554933,0.09604717981104839,41
2026-09-05 04:30:00.012962,79573.92,149053206.31452915,144214158.59206232,0.016500464427769215,80000.0,0.5354518163739996,0.14532574929964262,78000.0,-1.977934479035337,0.09617199266495713,41
2026-09-05 04:40:00.035884,79548.65,147620689.61533296,147358584.36410218,0.0008885548048675763,80000.0,0.5673886357593805,0.14214957181275562,78000.0,-1.9467960801346051,0.09576560217397126,41
2026-09-05 04:49:59.977404,79576.83,150623796.01927158,144596295.99181908,0.020416970899209873,80000.0,0.5317753924100721,0.14766993200226572,78000.0,-1.9815189924001775,0.09571986584424969,41
2026-09-05 05:00:00.013789,79518.4,145744399.77009466,149849405.58940783,-0.013887320183589917,80000.0,0.6056459888529098,0.13857038607260125,78000.0,-1.909495160868424,0.09585116996745442,41
2026-09-05 05:10:00.012726,79484.45,182492107.2273332,114962138.54409128,0.22702640706340627,80000.0,0.6486174339760842,0.13179065671368168,78000.0,-1.8675980018733163,0.09455252545969736,41
2026-09-05 05:20:00.000946,79567.28,149316390.3523098,146667140.15889025,0.00895066758898363,80000.0,0.5438416394276668,0.1446427765564686,78000.0,-1.9697544015580215,0.09552974599752764,41
2026-09-05 05:30:00.017874,79605.28,152244791.88802156,142272444.14771622,0.03385998006274667,80000.0,0.4958465066638773,0.14917655059108456,78000.0,-2.0165496560027196,0.09462704224998833,41
2026-09-05 05:40:00.037039,79589.27,149746126.17290682,143801686.47720352,0.02025032870126911,80000.0,0.5160620269541338,0.14644460599278403,78000.0,-1.9968395237197178,0.09601156931024275,41
2026-09-05 05:50:00.015258,79516.41,142126436.2691752,152081082.9732838,-0.033835459847322544,80000.0,0.6081637739933088,0.13198913950624716,78000.0,-1.9070403203565234,0.09634886976310006,41
2026-09-05 05:59:59.996359,79597.96,148516286.3035885,145062559.15800446,0.011764223475140941,80000.0,0.5050883213589819,0.14397667466376565,78000.0,-2.0075388866749977,0.09624094802659934,41
2026-09-05 06:10:00.009546,79603.99,147805114.91841397,143601665.17457882,0.014424680656001759,80000.0,0.49747506374993034,0.14349297340782277,78000.0,-2.0149618128438074,0.09687106517891099,41
2026-09-05 06:20:00.017019,79640.93,151468408.64512277,139281524.22549307,0.04191534732031348,80000.0,0.45086113384160686,0.14848480878363066,78000.0,-2.0604103945044305,0.09547977685917698,41
2026-09-05 06:30:00.015738,79662.67,154022428.3996543,135752015.40786242,0.063050463497492,80000.0,0.4234480215137282,0.15395501629785838,78000.0,-2.0871381790241283,0.09584728276349196,41
2026-09-05 06:40:00.011557,79732.76,164065084.22923976,123247320.27089244,0.14206753108819756,80000.0,0.3351696341629351,0.17425331120922102,78000.0,-2.17320960669114,0.0961985768239287,41
2026-09-05 06:49:59.986857,79686.83,153539985.37236923,131799966.1114561,0.07618988910547102,80000.0,0.3930009513491761,0.15306189270657378,78000.0,-2.1168240724345533,0.09685524987196062,41
2026-09-05 06:59:59.964483,79661.29,145946222.76650888,137948775.66940302,0.028170440272519456,80000.0,0.4251876915375208,0.13875177164213945,78000.0,-2.0854420007509256,0.09718736933153384,41
2026-09-05 07:10:00.009205,79684.06,149002907.83384824,128665428.03871484,0.07324378464409194,80000.0,0.3964908414556323,0.1454595496834098,78000.0,-2.113421429580764,0.09854577691089536,41
2026-09-05 07:20:00.018089,79687.05,145239761.75517228,126429968.92354745,0.06923772031809296,80000.0,0.3927237863617705,0.13874366327340817,78000.0,-2.1170943082972737,0.09993918866885149,41
2026-09-05 07:30:00.038920,79737.04,150210760.2384113,112045683.94261768,0.14552579028124563,80000.0,0.32978400000802655,0.1492970059755511,78000.0,-2.1784605999921713,0.10193198265461545,41
2026-09-05 07:40:00.013153,79745.53,144719908.603187,108158163.80023086,0.1445825035577975,80000.0,0.3191025252449853,0.13915511477164946,78000.0,-2.18887503788614,0.10426944946633619,41
2026-09-05 07:49:59.978245,79740.67,138296069.38781565,106750990.77396747,0.12873069602639478,80000.0,0.32521673068461876,0.1265536150542708,78000.0,-2.1829136875825106,0.10628251214870196,41
2026-09-05 08:00:00.004513,79725.17,137817150.89178512,107186837.58443809,0.12501965171199486,80000.0,0.344721748476684,0.12576825158056062,78000.0,-2.163896295235246,0.10625961789613145,41
2026-09-05 08:10:00.041593,79663.14,135295991.62640798,109584171.08590712,0.10499756393378046,80000.0,0.42285553896068695,0.12543239372031273,78000.0,-2.0877158495133386,0.10647862454291605,41
2026-09-05 08:19:59.984794,79669.27,137618179.30007058,111038548.69844165,0.10689286718913135,80000.0,0.4151286939117149,0.12722865328673527,78000.0,-2.0952495234360824,0.1056688191960978,41
2026-09-05 08:30:00.009831,79655.72,137937226.24210078,112474288.63706744,0.10168437189208349,80000.0,0.4322100158030029,0.12835217275504882,78000.0,-2.0785952345920733,0.1052649295132981,41
2026-09-05 08:40:00.037160,79619.46,137317592.4928597,114980011.0236898,0.08853663751786152,80000.0,0.4779484814390722,0.12749539599958892,78000.0,-2.0340002305968996,0.10510746988457517,41
2026-09-05 08:49:59.982851,79607.82,137649957.68911138,115265229.22611228,0.08850685771788941,80000.0,0.49264004465892075,0.12727414481718377,78000.0,-2.019675956457556,0.1051555670830458,41
2026-09-05 09:00:00.010067,79660.46,18254359.77141709,24477421.101746146,-0.1456307507707294,80000.0,0.4262340438405676,0.23771306241464585,79500.0,-0.20142991893343787,0.21579153286826858,34
2026-09-05 09:40:00.011632,79699.78,142175441.2015172,112443060.07833165,0.1167722729249237,80000.0,0.3766886182120066,0.13341074985449833,78000.0,-2.132728597243305,0.10382873761084709,41
2026-09-05 09:50:00.004235,79659.83,139146671.3485816,114405276.02434063,0.09757919661272224,80000.0,0.4270282776149603,0.1298194679931835,78000.0,-2.0836474293254192,0.10447474627409851,41
2026-09-05 10:00:00.012567,79636.89,138524170.73174167,114425772.41321994,0.09526943560019428,80000.0,0.45595703197349735,0.12701323033838474,78000.0,-2.055441893825838,0.10354757837624409,41
2026-09-05 10:10:00.035673,79634.29,137654314.23528224,114641335.72783442,0.09121432934262685,80000.0,0.45923684382696006,0.1262216740751847,78000.0,-2.0522440772687167,0.1034975458331581,41
2026-09-05 10:20:00.015763,79633.11,137628610.53070605,114532860.77089074,0.09159111279213517,80000.0,0.46072544447905983,0.1264609622822745,78000.0,-2.050792691632919,0.10357072241350482,41
2026-09-05 10:30:00.012386,79625.08,138494119.90059885,114749231.12411149,0.09376312815482546,80000.0,0.4708566697829264,0.12583574574036324,78000.0,-2.0409147469616418,0.10340865277375837,41
2026-09-05 10:40:00.015237,79623.85,137921780.99611557,115377018.96501252,0.08900461444966508,80000.0,0.4724087066877436,0.12609734076953122,78000.0,-2.039401510979444,0.10355853840963306,41
2026-09-05 10:50:00.031851,79596.86,137257578.22140172,115961587.21039626,0.08410102361205879,80000.0,0.5064772655604788,0.12531186742433478,78000.0,-2.0061846660785365,0.10359455405702021,41
2026-09-05 11:00:00.015659,79621.85,137817538.9577477,115667727.85021313,0.0873810592089171,80000.0,0.4749324463071414,0.12612341058431978,78000.0,-2.036940864850545,0.10351286771428922,41
2026-09-05 11:10:00.016964,79658.53,138660317.40462688,115379317.23489228,0.09164318080826328,80000.0,0.42866721241279215,0.12658985262747804,78000.0,-2.08204946789754,0.10321105900933077,41
2026-09-05 11:19:59.992039,79629.85,137951698.69433343,116230457.3111651,0.08545541404054524,80000.0,0.46483824847087796,0.1256723854477478,78000.0,-2.0467827077408907,0.10313619946518902,41
2026-09-05 11:29:59.985754,79637.66,138178728.5017772,116532756.77055988,0.0849823152186227,80000.0,0.454985744181835,0.12559138780420187,78000.0,-2.056388899422712,0.10301795076960035,41
2026-09-05 11:40:00.015794,79640.05,138346283.48792636,116643895.85442771,0.08511068029941916,80000.0,0.451971087411418,0.12589290788902335,78000.0,-2.059328189773868,0.10295310751117959,41
2026-09-05 11:50:00.001617,79657.1,138778183.20279163,116282736.39937887,0.08819636829703227,80000.0,0.4304701024767432,0.12628580601125824,78000.0,-2.0802916500851865,0.10290828656056,41
2026-09-05 12:00:00.018886,79621.36,137780214.3473559,116914753.93694627,0.08192333186228731,80000.0,0.4755507818504867,0.12583305324308047,78000.0,-2.036337987695769,0.10321518285689628,41
2026-09-05 12:09:59.975857,79679.09,139574447.15429968,115465675.86722928,0.0945293273914994,80000.0,0.4027530936911994,0.1286387599278671,78000.0,-2.1073157336510717,0.10409484710125466,41
2026-09-05 12:20:00.028552,79659.3,138672643.388922,115906329.27557653,0.089427315520471,80000.0,0.4276964522660798,0.12835716311019676,78000.0,-2.082995959040568,0.10428091192019272,41
2026-09-05 12:30:00.010572,79659.8,138776740.09481475,115942114.45486158,0.08964638946858904,80000.0,0.42706609858422784,0.12832270198700715,78000.0,-2.0836105538803773,0.10424605372398586,41
2026-09-05 12:40:00.030032,79719.61,140448308.31297368,114062975.82543781,0.10367058017430246,80000.0,0.3517202354602622,0.12972862095010346,78000.0,-2.1570727704262493,0.10396246503354568,41
2026-09-05 12:49:59.979598,79738.43,141063343.63556445,111849560.89090684,0.11550926117967195,80000.0,0.32803505160561297,0.13059730008338524,78000.0,-2.1801658246845212,0.10456846616334958,41
2026-09-05 13:00:00.001695,79715.93,140283339.1837219,113042313.46127693,0.10753362495277778,80000.0,0.35635286447766035,0.12965114997176086,78000.0,-2.1525559571342834,0.10443113067078078,41
2026-09-05 13:10:00.038175,79689.48,139273516.05580583,114502967.23119323,0.09760773931365135,80000.0,0.3896624748963129,0.1286191038710773,78000.0,-2.12007908697609,0.10427443800076577,41
2026-09-05 13:20:00.006836,79705.33,139936645.944791,113048591.31184095,0.10628309748238156,80000.0,0.36969924094159,0.12928773898430398,78000.0,-2.1395432400819425,0.1045003014786339,41
2026-09-05 13:30:00.027091,79759.82,141362709.72974735,111612933.9400794,0.11759936790000272,80000.0,0.30112906473458434,0.13056318375878323,78000.0,-2.2063991618837764,0.104255919732772,41
2026-09-05 13:40:00.017148,79664.95,139181440.45570582,115246424.69031724,0.09407387729190599,80000.0,0.42057391613250505,0.12856454078199106,78000.0,-2.0899404317708092,0.10434096673658644,41
2026-09-05 13:50:00.013823,79699.76,139234052.2859403,114659615.62163492,0.09679026998519394,80000.0,0.37671380691737255,0.128744534942733,78000.0,-2.1327040382555618,0.10463432546227576,41
2026-09-05 13:59:59.971312,79625.24,137650798.68179572,115677070.24238354,0.08674027272533875,80000.0,0.4706547823278173,0.12804357585868603,78000.0,-2.041111587230382,0.10471172670833463,41
2026-09-05 14:10:00.005773,79692.58,140535099.7081015,114780582.85116105,0.10087322720946629,80000.0,0.38575736913022407,0.1300354647893632,78000.0,-2.123886565098032,0.10416021826751083,41
2026-09-05 14:19:59.999192,79686.13,140446122.68504316,115314252.84063654,0.09826334432279267,80000.0,0.3938828501271141,0.1302876827901252,78000.0,-2.1159642211260654,0.10403803189741401,41
2026-09-05 14:29:59.982874,79736.72,141815923.4001742,112656418.8853545,0.11458810907670862,80000.0,0.330186644246222,0.13238575691661217,78000.0,-2.178068021859947,0.10411349385134491,41
2026-09-05 14:40:00.007297,79741.83,142089277.80348796,112307201.27249327,0.11706953114747944,80000.0,0.32375730529383695,0.13288201978836311,78000.0,-2.184336627338501,0.10414081844103759,41
2026-09-05 14:49:59.991811,79736.11,141629376.0048192,112145368.06668815,0.11618180542750625,80000.0,0.33095419377744406,0.13227429025678314,78000.0,-2.17731966106699,0.10429065733283213,41
2026-09-05 14:59:59.999081,79721.78,141380307.50375187,112772523.7892023,0.11256134180765531,80000.0,0.3489886954355592,0.13172635872107624,78000.0,-2.1597360219503314,0.10417215514312306,41
2026-09-05 15:09:59.998509,79721.32,141096619.36508822,112603501.03187224,0.11231022787310176,80000.0,0.349567719149646,0.13147174066591233,78000.0,-2.1591714738290912,0.10428559654742932,41
2026-09-05 15:20:00.052682,79697.15,140349998.4235659,112737977.08067223,0.10910048684802601,80000.0,0.38000104144251257,0.1307235657744797,78000.0,-2.1294989845935475,0.10467724595511628,41
2026-09-05 15:29:59.995896,79695.09,140468117.83333248,113822922.61503388,0.10478228085156972,80000.0,0.3825957157461035,0.13038074340376393,78000.0,-2.126969177147542,0.10436899250076499,41
2026-09-05 15:40:00.007837,79737.18,141758811.5878123,111680300.62782598,0.1186814091046613,80000.0,0.3296078441700656,0.13199490263587382,78000.0,-2.1786323519341844,0.10432127270666798,41
2026-09-05 15:50:00.040790,79756.17,142519250.26200873,111266219.45661712,0.12314743960732707,80000.0,0.30571929419378474,0.13271935446538796,78000.0,-2.201923688161056,0.10426417076716178,41
2026-09-05 16:00:00.007394,79806.33,142882574.01568383,109842424.94704252,0.13073557900583588,80000.0,0.24267498580625713,0.1302305720304048,78000.0,-2.263391888838895,0.10280585334571601,41
2026-09-05 16:10:00.038385,79793.93,142615583.56627238,110281048.85488401,0.12785672312765592,80000.0,0.25825272674251387,0.1301832563717392,78000.0,-2.2482035914260567,0.10274361394425593,41
2026-09-05 16:20:00.021107,79814.87,143229892.06830588,109109129.35254024,0.13521794022835532,80000.0,0.23194925958032186,0.13112372982301124,78000.0,-2.273849471909173,0.10105763668361459,41
2026-09-05 16:30:00.010099,79903.58,145956973.6280052,106889779.62340663,0.15450937574726573,80000.0,0.12067043804544486,0.1325669685277752,78000.0,-2.382346322905682,0.10062793877189301,41
2026-09-05 16:39:59.999400,79949.12,146436914.39464262,106218680.83349521,0.159182041960448,80000.0,0.0636404753423303,0.1319259144548286,78000.0,-2.4379505365412335,0.10065353892817172,41
2026-09-05 16:49:59.976823,80002.44,116551109.29241505,143485296.20265305,-0.10357852339544371,82000.0,2.4968738453477135,0.11813837217627156,80000.0,-0.0030499069778366916,0.1316002502874046,41
2026-09-05 17:00:00.011760,80048.44,118522792.8451781,142424415.44217753,-0.09159562485404679,82000.0,2.43797380685995,0.11913892156065324,80000.0,-0.06051335916102962,0.1309575705732958,41
2026-09-05 17:09:59.986645,80121.39,120758471.34260584,140356756.1398999,-0.07505607767975583,82000.0,2.344704703700229,0.11946193344378374,80000.0,-0.15150760614612846,0.13034537346598982,41
2026-09-05 17:20:00.011417,80050.72,117983444.85578889,142332626.28073794,-0.09353698877922424,82000.0,2.4350561743854415,0.11914219814014791,80000.0,-0.06335982986787059,0.13173692977960022,41
2026-09-05 17:30:00.038587,80036.91,117981239.89253351,144323546.44403175,-0.10042632816352128,82000.0,2.452730871294251,0.11855536773385016,80000.0,-0.04611622312755692,0.1348472815236874,41
2026-09-05 17:40:00.015156,79996.05,149905451.74020922,105138224.83130084,0.1755276880834816,80000.0,0.004937743801103345,0.1342336169869765,78000.0,-2.4951856997939337,0.100027302749002,41
2026-09-05 17:50:00.006475,80062.09,118531744.92259532,143361281.74781448,-0.09480793414353457,82000.0,2.4205088825435483,0.11905235993468953,80000.0,-0.07755230971362437,0.13426507036439064,41
2026-09-05 18:00:00.031074,80067.94,118953208.94022658,142780123.45911157,-0.09103507872100602,82000.0,2.4130257378920827,0.11923774099069644,80000.0,-0.08485293864186616,0.13392969564992596,41
2026-09-05 18:09:59.982651,80012.48,117526771.77418336,144127325.20520452,-0.10166304956851735,82000.0,2.4840124940509245,0.11821164980109194,80000.0,-0.015597566779579353,0.13358402982626782,41
2026-09-05 18:20:00.004367,80025.38,117565439.7885307,143703360.4103483,-0.10004225763627836,82000.0,2.467492188103315,0.11853781038812577,80000.0,-0.03171493843578954,0.13381324887598717,41
2026-09-05 18:29:59.983299,79963.92,149187901.423238,105923144.65001617,0.16959185985540792,80000.0,0.045120349277527616,0.1334956737961489,78000.0,-2.4560076594544067,0.09990581589853054,41
2026-09-05 18:40:00.010386,79981.67,149556530.1584816,105222357.27773952,0.1740103873082508,80000.0,0.02291775102971627,0.1338638535722937,78000.0,-2.477655192746031,0.09994654098673311,41
2026-09-05 18:50:00.039805,79952.63,148573335.629021,106166832.170672,0.16646963776711501,80000.0,0.059247581974464225,0.13316704022547698,78000.0,-2.442233607574895,0.09996076383173363,41
2026-09-05 19:00:00.015861,80002.94,117148449.9364447,145373180.33977717,-0.1075139232284775,82000.0,2.496233263427561,0.11777740234000672,80000.0,-0.00367486494871061,0.13487344568005857,41
2026-09-05 19:10:00.005996,79954.03,149689644.78222674,106173363.00853674,0.1700764879981252,80000.0,0.05749553837373078,0.13518339657561468,78000.0,-2.443941850085607,0.09968073822527784,41
2026-09-05 19:19:59.976213,79939.55,149994887.04050577,106247187.76236778,0.17072800909761984,80000.0,0.07561964009052957,0.1365639231662198,78000.0,-2.426270850911727,0.09956899256423933,41
2026-09-05 19:30:00.000038,79964.88,150868857.86491838,105793068.48441091,0.1756232021696788,80000.0,0.04391928056415306,0.13722332293067105,78000.0,-2.457178701449947,0.0994691822825961,41
2026-09-05 19:40:00.000637,79763.56,144787456.19283292,110375578.13199146,0.13486231715302024,80000.0,0.29642608730102715,0.13145086548181262,78000.0,-2.210984564881502,0.10048241803708026,41
2026-09-05 19:49:59.994948,79751.48,142930092.15821195,111391788.5017634,0.12400939932736182,80000.0,0.3116180414457492,0.13131742308364622,78000.0,-2.196172409590391,0.10263153191062656,41
2026-09-05 20:00:00.016358,79755.5,144250148.25722158,110497347.93887223,0.13249512094269172,80000.0,0.3065619298982414,0.13116634434726615,78000.0,-2.2011021183492074,0.1007278134459086,41
2026-09-05 20:10:00.020222,79754.2,142918469.79673886,110716625.8591946,0.1269613097283169,80000.0,0.30819693508303825,0.13209923810776386,78000.0,-2.199507988294025,0.10110809781780833,41
2026-09-05 20:20:00.047099,79703.92,141131532.24165615,112941360.03546774,0.11095308890899175,80000.0,0.3714748283396796,0.12967988392546234,78000.0,-2.137812042368803,0.10315971421602313,41
2026-09-05 20:30:00.013221,79725.6,142314166.8094068,112222335.7309228,0.11822206551186558,80000.0,0.34418053924962777,0.13080061015603817,78000.0,-2.164423974231622,0.10280856581520513,41
2026-09-05 20:39:59.984022,79726.35,142699429.54503745,111793045.6894696,0.12144321291656483,80000.0,0.3432365836389062,0.13072224972092308,78000.0,-2.165344330952068,0.10266247785202846,41
2026-09-05 20:50:00.044965,79772.21,144840497.25351724,110385582.60591647,0.13499762511173186,80000.0,0.28555056955297253,0.13182493542639442,78000.0,-2.221588194685853,0.10059847454068356,41
2026-09-05 21:00:00.010465,79745.59,142717182.62600297,111153393.92208225,0.1243302360324623,80000.0,0.3190270458842903,0.13139188040582056,78000.0,-2.1889486302628103,0.10098444542574185,41
2026-09-05 21:10:00.011081,79781.63,145159163.3096631,110207079.59432216,0.13687041528226776,80000.0,0.27370962463413306,0.13233879449584462,78000.0,-2.2331331159817225,0.10052291199061271,41
2026-09-05 21:20:00.006732,79840.26,146862814.0329495,108675485.10994428,0.14943876926116406,80000.0,0.20007449875538708,0.1340994336314853,78000.0,-2.3049273637134937,0.10001338115953858,41
2026-09-05 21:29:59.999162,79859.49,147369345.29304987,108800354.29293531,0.1505603163155079,80000.0,0.1759465280832595,0.13473087815282295,78000.0,-2.3284521351188303,0.10098751436628345,41
2026-09-05 21:40:00.008472,79872.8,148210380.53014714,108490336.1598961,0.1547328923830452,80000.0,0.15925321260803482,0.13536128676347767,78000.0,-2.344728117707162,0.10086562315567522,41
2026-09-05 21:50:00.014600,79914.2,149245815.97448,108275662.53457643,0.15909412169075732,80000.0,0.10736514912244033,0.13597797994619415,78000.0,-2.3953189796056207,0.10077576928475399,41
2026-09-05 22:00:00.032126,79915.7,149315411.67553276,107592984.86993533,0.16240195870053362,80000.0,0.105486156036938,0.13612169873532512,78000.0,-2.397150997863995,0.10074659355879773,41
2026-09-05 22:10:00.024406,79858.13,147648563.15586796,109556506.39227185,0.148099945426879,80000.0,0.17765254458124158,0.13566985324911046,78000.0,-2.3267887690332945,0.10109133398738941,41
2026-09-05 22:20:00.011265,79872.81,148315873.51705074,109436978.13371062,0.1508378865038457,80000.0,0.15924067276460452,0.13628966853282662,78000.0,-2.3447403440544967,0.10092784630171149,41
2026-09-05 22:30:00.016674,79816.4,146050640.71991664,110326222.01826712,0.13934338036631597,80000.0,0.23002791406279144,0.13438251984530347,78000.0,-2.2757227837887917,0.10145868032577728,41
2026-09-05 22:40:00.013677,79826.58,146517135.4593508,110214685.98314601,0.141402219920509,80000.0,0.21724593487533195,0.1346919183432336,78000.0,-2.288185213496563,0.10165862009981409,41
2026-09-05 22:49:59.987552,79797.77,144390548.09459096,110957468.48132151,0.13093142473393804,80000.0,0.2534281346458611,0.13386718956042254,78000.0,-2.252907568720286,0.1019478084604383,41
2026-09-05 22:59:59.992885,79795.26,144224765.92129293,110994358.94825682,0.13020343592989428,80000.0,0.2565816566046708,0.13376487454308492,78000.0,-2.249832884810443,0.10197511890488228,41
2026-09-05 23:10:00.012470,79767.06,143266222.9947388,111742573.88926159,0.12361788883626956,80000.0,0.2920253046809096,0.13308777868276045,78000.0,-2.215275327936117,0.10206949783136726,41
2026-09-05 23:20:00.024713,79806.6,144773632.97363114,110777132.04064684,0.13303228002892056,80000.0,0.2423358469098913,0.13421588077783747,78000.0,-2.2637225492628477,0.10185080550860441,41
2026-09-05 23:29:59.965928,79808.42,144641256.25561085,110831802.17296842,0.1323405853071364,80000.0,0.2400498594008038,0.13424431492783825,78000.0,-2.2659513870842196,0.10187238299306263,41
2026-09-05 23:40:00.010715,79804.59,144711441.74109492,110438083.13772848,0.13432656251131045,80000.0,0.24486060262949305,0.13403305059698703,78000.0,-2.261260912436236,0.10171206334871258,41
2026-09-05 23:50:00.014795,79813.73,144802815.08658913,110439365.70642987,0.1346307623347932,80000.0,0.23338089824895825,0.13472989065713978,78000.0,-2.27245362420726,0.10193519746610516,41
2026-09-06 00:00:00.000025,79839.21,145764101.52219203,110242807.87402996,0.13875130843904587,80000.0,0.20139227329527554,0.13574423155638854,78000.0,-2.303642533537098,0.10192737681950892,41
2026-09-06 00:10:00.028744,79918.78,149798602.10371298,108121947.59781387,0.16158718083583698,80000.0,0.10162817800771773,0.13738898792663704,78000.0,-2.400912526442467,0.10093662366544905,41
2026-09-06 00:19:59.976817,79912.38,149715732.1162623,108694121.79474375,0.15874630824119426,80000.0,0.10964508878348322,0.13765290193132176,78000.0,-2.3930960384361044,0.10091220051315966,41
2026-09-06 00:29:59.999377,79934.23,151238251.50741586,108276913.89372697,0.16554461296040965,80000.0,0.08228014456386212,0.1385366564531687,78000.0,-2.4197768590502378,0.10060238142724345,41
2026-09-06 00:39:59.977489,79911.54,150844030.30677122,109009979.9849608,0.16099058958083548,80000.0,0.11069740365410308,0.13991162221125605,78000.0,-2.3920700314372545,0.10058831845774065,41
2026-09-06 00:50:00.043375,79888.16,150306348.52595747,109413373.49602582,0.15745040350255102,80000.0,0.13999571400817867,0.1394678584355075,78000.0,-2.363504178842024,0.10058224558922291,41
2026-09-06 01:00:00.001736,79875.35,150056539.13412005,109685615.66836767,0.15542692134994837,80000.0,0.15605565421621392,0.1394687747588304,78000.0,-2.347845737139187,0.10055758585538804,41
2026-09-06 01:10:00.036764,79979.01,153573140.76706326,106802173.4947497,0.1796290382016951,80000.0,0.02624438587075506,0.14248117541524852,78000.0,-2.4744117237760155,0.10019419147599422,41
2026-09-06 01:20:00.016828,79947.29,152658347.47339934,107750735.0165112,0.1724502541443733,80000.0,0.06593094024827106,0.14260909290425594,78000.0,-2.4357173332579474,0.10000317788692004,41
2026-09-06 01:29:59.975510,79925.57,152505524.8275684,108100139.60292578,0.17039301629027306,80000.0,0.09312414037208061,0.14356318708989105,78000.0,-2.4092039631372075,0.1000157422156236,41
2026-09-06 01:40:00.012835,80038.21,117916463.05338709,149820517.5809725,-0.11916192694783474,82000.0,2.45106680921523,0.11598336050045333,80000.0,-0.047739698326598745,0.14666281171764897,41
2026-09-06 01:49:59.998098,79948.79,153575995.38274494,107176255.7364224,0.17794569154119103,80000.0,0.06405350224814033,0.14538106814515145,78000.0,-2.4375478353080737,0.09974743480547141,41
2026-09-06 02:00:00.033254,79957.13,154481213.58078298,106061341.32174489,0.18584247121224612,80000.0,0.05361623159809703,0.14677926882312978,78000.0,-2.4477241741918454,0.09988403386432305,41
2026-09-06 02:09:59.985094,79983.85,155221278.42628765,105426413.19271225,0.19104280158507111,80000.0,0.020191576174433123,0.1476017638768108,78000.0,-2.4803132132299233,0.0999000657112409,41
2026-09-06 02:20:00.006327,79955.3,154147020.22244528,106624427.2631437,0.18223848284589447,80000.0,0.05590623761027036,0.1468554552005185,78000.0,-2.4454914183299925,0.09966488186478177,41
2026-09-06 02:30:00.037557,79918.0,153219113.22953936,107335144.1845182,0.1761013982285657,80000.0,0.1026051702995634,0.1464478736618886,78000.0,-2.3999599589579312,0.09992831998626032,41
2026-09-06 02:40:00.006745,79933.71,153958614.60229766,106526918.59113578,0.1820895595608362,80000.0,0.08293121888123256,0.14719334868194747,78000.0,-2.4191420615907955,0.09993012870102336,41
2026-09-06 02:49:59.973241,79885.85,151516123.65044564,108663317.08740458,0.1647048146522015,80000.0,0.14289138814946867,0.14517123716200406,78000.0,-2.360680896554279,0.10006742730312114,41
2026-09-06 03:00:00.040817,79910.07,152568281.11193585,107595769.30698638,0.17286212961603914,80000.0,0.11253900791226013,0.14697840222518457,78000.0,-2.390274467285547,0.09996960203739472,41
2026-09-06 03:10:00.010831,79915.67,153089984.9895626,107438542.03917992,0.17522627357174686,80000.0,0.10552373520738012,0.14827377193525276,78000.0,-2.3971143581728027,0.09989092484251948,41
2026-09-06 03:19:59.982189,79968.71,155750796.42250988,105728125.62593785,0.19130670420655801,80000.0,0.03912780386228221,0.15173784980102895,78000.0,-2.461850391234277,0.09980691385467588,41
2026-09-06 03:30:00.013979,79903.93,153447368.85759398,107201137.140634,0.17742757258418504,80000.0,0.12023188346306224,0.15019900046679857,78000.0,-2.382773913623515,0.09984407258211155,41
2026-09-06 03:40:00.013231,80007.5,115530778.97521687,152821353.97490463,-0.13896135122808562,82000.0,2.4903915257944664,0.11542173311217975,80000.0,-0.009374121176142225,0.15431159982339535,41
2026-09-06 03:50:00.040008,80011.52,115389513.002972,153408396.07667258,-0.14144039737465228,82000.0,2.4852421251339685,0.11531019375700836,80000.0,-0.014397926698561658,0.1555089800282384,41
2026-09-06 04:00:00.011764,80033.01,116052320.93345341,154996055.36962542,-0.14367816906833708,82000.0,2.457723381889565,0.11475060985104062,80000.0,-0.0412454810833629,0.1600376661797744,41
2026-09-06 04:10:00.032768,79977.81,159077858.8273642,103951524.88956968,0.20958241683415949,80000.0,0.027745195823691837,0.1586362318360744,78000.0,-2.4729484340718977,0.09919237128858181,41
2026-09-06 04:19:59.973088,79960.52,157992553.83977187,105154567.56249139,0.20079256803462808,80000.0,0.04937436624974367,0.1580621490007552,78000.0,-2.451859992906502,0.09935010081727545,41
2026-09-06 04:30:00.009724,79941.92,156595415.60358065,104984037.01371966,0.19730670002345405,80000.0,0.07265274589352,0.1558554571700754,78000.0,-2.429163572753812,0.09967162072759488,41
2026-09-06 04:40:00.035158,79914.66,155020988.7457879,106121259.4930626,0.18725322915961023,80000.0,0.10678891707729399,0.15395034451583525,78000.0,-2.3958808058496484,0.09973159077024828,41
2026-09-06 04:50:00.026453,79923.73,155650372.6886928,105704144.02548702,0.19110528217052983,80000.0,0.0954284791262916,0.1555254336783788,78000.0,-2.4069572328518696,0.09969605415150794,41
2026-09-06 05:00:00.017270,79868.71,152619811.77011812,107591650.07345006,0.17304449764683205,80000.0,0.1643822718558896,0.15281660087326243,78000.0,-2.339727284940507,0.09997799099539452,41
2026-09-06 05:09:59.974889,79857.31,151882982.41172242,107857158.71325734,0.16949949864422792,80000.0,0.1786812002558147,0.15248527832565067,78000.0,-2.325785829750582,0.10007037150633082,41
2026-09-06 05:20:00.009264,79804.26,148055542.4601635,109916909.06468457,0.1478399463587894,80000.0,0.24527512691678854,0.14719278707028016,78000.0,-2.260856751256135,0.10090942111646113,41
2026-09-06 05:29:59.979184,79855.54,152225002.71404508,107388266.24807489,0.17270587379920205,80000.0,0.18090166317830114,0.15444380083364187,78000.0,-2.323620878401167,0.10009957720741917,41
2026-09-06 05:40:00.038852,80093.89,116618403.41133717,154407491.94180614,-0.1394298079201261,82000.0,2.3798444550514386,0.1155594764110243,80000.0,-0.11722492190103795,0.16759782023453107,41
2026-09-06 05:50:00.009892,80009.21,113344365.03402185,158035549.402516,-0.16468125307389017,82000.0,2.488201045854588,0.11441287064062863,80000.0,-0.011511174776013267,0.17055423816989654,41
2026-09-06 06:00:00.009419,79993.88,163927108.27411327,101387685.9038369,0.235717810475093,80000.0,0.007650585269769472,0.1731392859891733,78000.0,-2.4925406793619764,0.09868886117759475,41
2026-09-06 06:10:00.034292,79943.28,161474721.10424823,102704450.06054148,0.22246368169217634,80000.0,0.07095030376536027,0.17217445790503597,78000.0,-2.4308234538287676,0.09881452158180744,41
2026-09-06 06:20:00.012480,79916.94,161167661.43023264,103124216.6096566,0.21961872325041942,80000.0,0.1039329083420748,0.17292397462849599,78000.0,-2.3986654143664743,0.09902038510202456,41
2026-09-06 06:30:00.025982,79839.17,151482588.74605983,106395429.08613989,0.17483909655788496,80000.0,0.20144247491551415,0.15791138646320188,78000.0,-2.3035935869573754,0.10098920964620228,41
2026-09-06 06:40:00.013381,79833.65,149909780.75409818,106494227.91047078,0.16932478189303266,80000.0,0.2083707809927393,0.15509561441150255,78000.0,-2.2968384885320825,0.10133501300828669,41
2026-09-06 06:49:59.995886,79755.72,143795243.82644123,110011470.17994657,0.13310827406104153,80000.0,0.3062852419864148,0.14313115076354202,78000.0,-2.2013718890632528,0.10197572573368457,41
2026-09-06 06:59:59.995889,79785.73,146441251.95738614,107855053.9655691,0.1517371550159584,80000.0,0.26855679580797265,0.14876614558163898,78000.0,-2.2381571240872256,0.10192388634212779,41
2026-09-06 07:10:00.010207,79759.42,142639711.96758622,109525030.2597794,0.1313216170322051,80000.0,0.30163208308184863,0.14127199144009975,78000.0,-2.2059087189951976,0.10289201040460141,41
2026-09-06 07:20:00.026315,79813.86,149049951.7531073,104192610.20018685,0.17713192129683775,80000.0,0.23321763914188054,0.15538892388491282,78000.0,-2.272612801836671,0.10222539294631948,41
2026-09-06 07:30:00.022328,79829.25,149515100.21179312,101409494.33629006,0.19171339486327185,80000.0,0.2138940300704384,0.15759988982391981,78000.0,-2.291453320681325,0.10282683483787199,41
2026-09-06 07:40:00.014325,79833.23,149801513.63687474,99187852.33261165,0.20327639739628794,80000.0,0.20889797393892628,0.15876442126484505,78000.0,-2.29632447540955,0.10331199542735052,41
2026-09-06 07:50:00.017520,79848.71,139433623.40490365,98430747.56630482,0.172379224644627,80000.0,0.18947081299121038,0.137105010653081,78000.0,-2.3152659573335677,0.10617859779156287,41
2026-09-06 08:00:00.013006,79816.35,128529132.37867692,98296322.2067062,0.13328667290553273,82000.0,2.7358429695168995,0.12437197847881475,78000.0,-2.2756615655814993,0.10921724205203405,40
2026-09-06 08:09:59.953278,79883.26,129445959.42476739,98384044.44114219,0.13633812253238972,82000.0,2.6497917085507083,0.12466845519917136,78000.0,-2.357515204061522,0.10873957033445365,40
2026-09-06 08:19:59.968916,79841.83,129071397.79591091,98683054.21152373,0.13342590371579305,82000.0,2.703056781138402,0.1241371240045668,78000.0,-2.3068484276976164,0.10870902259557631,40
2026-09-06 08:29:59.999029,79810.73,128884364.32347271,99058825.7334939,0.13084636826625504,82000.0,2.7430772779549972,0.12407942321260372,78000.0,-2.2687801502379368,0.1087984556489619,40
2026-09-06 08:40:00.037613,79800.05,128819051.54603118,100021210.24894467,0.12584254654841842,82000.0,2.756827846599097,0.1235840771278855,78000.0,-2.25570034103989,0.11065831510790393,40
2026-09-06 08:50:00.028643,79781.05,128785977.15239593,100245691.23257607,0.12461283682327899,82000.0,2.7812995692586107,0.12348470141672882,78000.0,-2.2324223609491267,0.11056933318551704,40
2026-09-06 09:00:00.011781,79846.87,129346986.03015041,99047378.39696963,0.13266355196276874,82000.0,2.696574079860614,0.12366645777508159,78000.0,-2.313014899644772,0.1083135726634065,40
2026-09-06 09:09:59.977093,79879.99,129776033.5653584,98923782.73570555,0.13490282296090028,82000.0,2.6539938224829474,0.12382351401702474,78000.0,-2.353518071296712,0.10828501380604082,40
2026-09-06 09:19:59.998996,79934.53,130566512.63797012,98865311.34322502,0.13817264207141297,82000.0,2.583952141834067,0.12422978264153088,78000.0,-2.4201430845968597,0.10815526729914965,40
2026-09-06 09:30:00.005447,79983.02,131510811.88161409,98713922.59487678,0.1424559761630926,82000.0,2.5217602436117037,0.12419475909088343,78000.0,-2.479301231686426,0.1080776049943521,40
2026-09-06 09:39:59.992367,79918.15,131028750.38079245,99171159.157608,0.13839098063533414,82000.0,2.60497771782755,0.12401348046122111,78000.0,-2.4001431464567125,0.10823126108007927,40
2026-09-06 09:50:00.005605,79864.68,130358770.81272587,99594949.4788831,0.13378266415881657,82000.0,2.6736725170626308,0.12340810270571022,78000.0,-2.334799313037994,0.10837974220537022,40
2026-09-06 09:59:59.997918,79890.56,130931084.12801878,99608191.73814455,0.13586792216723342,82000.0,2.6404120837305367,0.12376811305201126,78000.0,-2.3664372862075345,0.10826035257833885,40
2026-09-06 10:09:59.999503,79927.65,131965016.08602312,99469631.941701,0.14040846701756354,82000.0,2.5927823475355494,0.12355616246851608,78000.0,-2.411743620636908,0.10794283423607713,40
2026-09-06 10:19:59.994512,79982.41,132555833.34140888,98343747.06975345,0.1481686809942835,82000.0,2.5225421439538875,0.12410623142333757,78000.0,-2.4785574728243387,0.10789359342498639,40
2026-09-06 10:30:00.051245,79981.12,132639579.94880617,98904212.680706,0.14569756712104714,82000.0,2.5241957101876045,0.123901841303271,78000.0,-2.4769845683581315,0.10736810604168494,40
2026-09-06 10:40:00.010825,79979.35,132660383.55096933,98943460.6542606,0.14558015223111462,82000.0,2.526464643686155,0.12387990052558943,78000.0,-2.4748263145424443,0.10734909308981942,40
2026-09-06 10:49:59.991782,79995.92,132779223.48305799,98198750.96110502,0.1497132902181221,82000.0,2.5052277666161027,0.12410499272274587,78000.0,-2.4950272463895584,0.1075634664939637,40
2026-09-06 11:00:00.017971,80007.53,111045861.43234737,127779059.0121035,-0.07006470492533111,82000.0,2.4903530955148856,0.12412851227666567,80000.0,-0.009411614131815682,0.1152980270645041,40
2026-09-06 11:10:00.000798,79947.72,132331896.52152571,99422439.38193579,0.1420014732897965,82000.0,2.567027552505552,0.12348953056752092,78000.0,-2.4362420842020227,0.10755665533971703,40
2026-09-06 11:20:00.015959,79973.12,132584330.40512027,98423809.84987722,0.14787583033885768,82000.0,2.534451575729446,0.12405163220877391,78000.0,-2.467228988940273,0.10763500739320168,40
2026-09-06 11:30:00.020829,79909.86,132122046.99722943,99662773.7829359,0.14004054754335832,82000.0,2.6156221522600553,0.12342742407549068,78000.0,-2.3900179527282406,0.10762957724117028,40
2026-09-06 11:40:00.014097,79916.19,132190687.60799442,99675306.66830878,0.14023350444799887,82000.0,2.6074941760862114,0.12344226363625138,78000.0,-2.3977494422594448,0.10768903656019292,40
2026-09-06 11:50:00.016384,79958.9,132646960.14431553,99415851.43950874,0.14319876794564845,82000.0,2.552686442659935,0.12369430175453003,78000.0,-2.4498836277137337,0.10741059928053495,40
2026-09-06 12:00:00.014085,79923.4,132540252.40948522,99833951.0475992,0.14074841731701224,82000.0,2.5982378127056727,0.1240447212001132,78000.0,-2.4065542757189973,0.1075843725545695,40
2026-09-06 12:10:00.036271,79900.49,132358749.13502312,99852631.3629751,0.13998503304332333,82000.0,2.627655975576615,0.12384740020621594,78000.0,-2.378571145183217,0.10760133079726157,40
2026-09-06 12:19:59.974032,79960.48,133105194.55617571,99448807.72271688,0.1447250380713555,82000.0,2.5506600260528645,0.12406290772510027,78000.0,-2.4518111947301913,0.10724564077874625,40
2026-09-06 12:30:00.007442,79973.92,133541816.14049195,99389246.5094218,0.1466209325735148,82000.0,2.5334258968423784,0.12404741615509202,78000.0,-2.4682046347109132,0.10723224915845724,40
2026-09-06 12:40:00.034808,79990.65,133872957.70926073,98624686.43734504,0.15160700402490626,82000.0,2.51198108778965,0.12441938975330316,78000.0,-2.4886033555171716,0.10737490430029895,40
2026-09-06 12:49:59.999156,79932.51,133172140.64842924,100056693.47139737,0.14198693442860527,82000.0,2.586544573665961,0.12380027531836083,78000.0,-2.4176771128543217,0.1071613449953794,40
2026-09-06 13:00:00.014876,79923.47,132964312.52345064,100917170.8117221,0.1370229966679413,82000.0,2.598147953285812,0.12337633028754962,78000.0,-2.406639751752526,0.1071890352423828,40
2026-09-06 13:09:59.982769,79939.23,133104238.73623289,101171112.47347838,0.13630595834288015,82000.0,2.577920753052032,0.12328463883287469,78000.0,-2.425880259291957,0.10675460289011475,40
2026-09-06 13:20:00.009545,79842.79,132077512.20095345,101871842.88909122,0.12911200075861026,82000.0,2.701821917796221,0.12270143274690791,78000.0,-2.3080230538035984,0.10721757205546219,40
2026-09-06 13:30:00.013372,79802.31,131618895.36925341,102317655.97416557,0.12525293386954997,82000.0,2.7539177750619093,0.12245611141431191,78000.0,-2.258468457867946,0.10752615929740052,40
2026-09-06 13:40:00.011167,79826.5,130994947.66005631,103519057.1558758,0.11716097947219008,82000.0,2.7227800291883097,0.12247346519449408,78000.0,-2.2880872893086934,0.10966949999697463,40
2026-09-06 13:50:00.006562,79813.2,131027487.76615362,102469673.3289931,0.12230476080830646,82000.0,2.739897661038526,0.12276139603595046,78000.0,-2.2718046638901757,0.10782949581774003,40
2026-09-06 13:59:59.987993,79834.96,131892586.55153322,101865630.21205652,0.128453051855047,82000.0,2.7118946386395004,0.12272030327349659,78000.0,-2.2984416851965728,0.10743728470661065,40
2026-09-06 14:10:00.036583,79770.13,130826742.52982181,103826545.24880826,0.11506421894452766,82000.0,2.7953696452544197,0.12232930527385222,78000.0,-2.2190386301238374,0.10993674418219992,40
2026-09-06 14:20:00.012301,79744.53,130481486.49038401,104366073.46697207,0.11120155145812038,82000.0,2.8283695445944668,0.1217907779075693,78000.0,-2.187648481971116,0.11023348652478304,40
2026-09-06 14:29:59.986123,79671.15,128287386.39068016,105181499.39388353,0.09896773576123494,82000.0,2.923078178236427,0.12053723168463727,78000.0,-2.0975597816775493,0.11245578426469087,40
2026-09-06 14:40:00.005135,79669.63,129049556.55078182,104682717.9044702,0.10425106546839613,82000.0,2.925041825850072,0.11885868690601664,78000.0,-2.095691921752374,0.11071124386894375,40
2026-09-06 14:50:00.044620,79665.69,130327505.32349145,104984427.56638315,0.10769992599129598,82000.0,2.930132156013454,0.12153638365738606,78000.0,-2.090849900377445,0.11076073240880917,40
2026-09-06 15:00:00.022979,79544.8,127254335.22517845,106854054.99890459,0.08714032080075045,82000.0,3.086562540857485,0.12120101475366224,78000.0,-1.9420502660136174,0.11491467029558704,40
2026-09-06 15:10:00.012320,79526.5,127205909.08375694,106583475.68091229,0.08820945152665101,82000.0,3.110283993385843,0.12138786586927768,78000.0,-1.9194859575110135,0.11509182998677407,40
2026-09-06 15:20:00.023868,79604.36,129788848.2011449,105996178.83814971,0.10090831322817645,82000.0,3.009433151651497,0.12300435192402792,78000.0,-2.0154172459900477,0.11266079029091877,40
2026-09-06 15:30:00.020252,79637.3,130168549.08244266,105969951.13951808,0.10247629217674738,82000.0,2.966825846682397,0.12307661185381391,78000.0,-2.055946145838705,0.11272215726125934,40
2026-09-06 15:40:00.018960,79694.93,130822243.11615592,104935624.96694563,0.10980171461376463,82000.0,2.892367180697697,0.12144642706356153,78000.0,-2.1267726817753574,0.11068223689202998,40
2026-09-06 15:50:00.020418,79696.32,130786919.18965614,104726319.56086239,0.11065449979395847,82000.0,2.8905726136413845,0.12152268517725896,78000.0,-2.128479708975284,0.11036874073820437,40
2026-09-06 16:00:00.016701,79712.19,130853562.54596049,104715039.56913486,0.11095928210354081,82000.0,2.87008800034223,0.12153397512138556,78000.0,-2.1479650728451927,0.11038105544656861,40
2026-09-06 16:09:59.973895,79629.64,129829128.67191958,105830167.68851835,0.10183753136008321,82000.0,2.9767307751234373,0.12300286496108394,78000.0,-2.0465243846386816,0.11242541256645062,40
2026-09-06 16:20:00.016169,79712.84,130864211.14595035,104854187.31968309,0.11034363034695141,82000.0,2.8692491698953493,0.12153121987326976,78000.0,-2.1487629847336986,0.11069720972476782,40
2026-09-06 16:30:00.020254,79715.98,130852279.96564774,104862448.18789044,0.11025968543140093,82000.0,2.8651971662394526,0.12153796370885592,78000.0,-2.1526173296746776,0.1107033523750515,40
2026-09-06 16:40:00.019212,79721.02,130939816.89518552,104720317.81775835,0.1112597983929907,82000.0,2.858693980583782,0.1215637127751904,78000.0,-2.158803286761768,0.11034368144968247,40
2026-09-06 16:50:00.018423,79691.44,130480611.20850137,105016487.77653354,0.10812924465615599,82000.0,2.8968732400870056,0.1213545969620518,78000.0,-2.12248643016113,0.11072352261176645,40
2026-09-06 17:00:00.017394,79684.08,130489719.09005505,105120145.15052,0.10767619607653968,82000.0,2.9063772838940904,0.12130687235474887,78000.0,-2.1134459982470766,0.11067997884195362,40
2026-09-06 17:10:00.019607,79587.45,127944438.98519471,106492341.84604707,0.09150482728471618,82000.0,3.031319636450225,0.12003480143073263,78000.0,-1.9945983945961254,0.11308225036789991,40
2026-09-06 17:20:00.012778,79728.29,131089496.69538683,104670194.83473861,0.11206030042363009,82000.0,2.8493148416954828,0.12134531089087244,78000.0,-2.167724906679913,0.11033052445814395,40
2026-09-06 17:29:59.954407,79697.13,130694430.2747449,105260080.00331485,0.10779344815853287,82000.0,2.889526887605598,0.12102731645914919,78000.0,-2.1294744239849117,0.1102283497509204,40
2026-09-06 17:40:00.021551,79749.74,131906708.96318147,104790059.69917494,0.11456281983590544,82000.0,2.8216518323445294,0.12110342260774452,78000.0,-2.194038500940576,0.10972827765709105,40
2026-09-06 17:50:00.018955,79741.46,131879002.07737038,104860820.3083496,0.11412605406537851,82000.0,2.8323283772331065,0.12100450339770778,78000.0,-2.1838827631197155,0.10963864984715137,40
2026-09-06 18:00:00.019102,79742.17,131857822.9190869,104866248.5665747,0.11402124922537543,82000.0,2.831412789493948,0.12100877009203338,78000.0,-2.1847536880423513,0.10964251577438576,40
2026-09-06 18:10:00.023380,79837.69,133868449.67328675,102857070.09693247,0.1310014214202841,82000.0,2.708382469482773,0.12167600631475274,78000.0,-2.3017825290285843,0.1071650592126827,40
2026-09-06 18:20:00.017584,79859.94,134855392.8946143,102687939.71576014,0.135417200833905,82000.0,2.6797666013773647,0.12172250815318099,78000.0,-2.3290025011288518,0.10658141683202192,40
2026-09-06 18:29:59.989982,79918.43,135760422.5580012,102167208.43657807,0.14119089061240006,82000.0,2.6046182338667068,0.12182832699319684,78000.0,-2.4004850946145906,0.10628304894795826,40
2026-09-06 18:40:00.011346,79944.83,136320585.1588156,101873106.03749336,0.14461961166272916,82000.0,2.5707353433611635,0.1226231184534306,78000.0,-2.432715161193044,0.10632017113926097,40
2026-09-06 18:49:59.989586,79925.34,135985571.17658687,102001539.27849007,0.1427977835989219,82000.0,2.595747481336952,0.12258550905275759,78000.0,-2.408923127508744,0.10628440492240684,40
2026-09-06 19:00:00.027197,79946.15,136358769.48872605,101919739.88706751,0.14453267183799648,82000.0,2.5690417862523685,0.12253483191169723,78000.0,-2.434326105759932,0.1062404666965726,40
2026-09-06 19:10:00.007846,79872.33,135323907.77721924,102940475.54859297,0.13591386079867368,82000.0,2.6638386535111636,0.12179733598951664,78000.0,-2.344153475928401,0.10679760110287155,40
2026-09-06 19:19:59.980138,79848.54,135049100.69746447,103234166.92178142,0.13351728005728164,82000.0,2.694426222445645,0.12174825071134111,78000.0,-2.315057983527302,0.10675511410009159,40
2026-09-06 19:30:00.040897,79849.32,135080813.3304699,102836158.97798839,0.1355290210682257,82000.0,2.6934230623379074,0.12186008750767335,78000.0,-2.3160122089956547,0.10647172168315856,40
2026-09-06 19:40:00.015021,79809.44,133975007.30868329,104232281.54086506,0.12486068714128948,82000.0,2.7447379658346094,0.12171336539115074,78000.0,-2.2672004715231675,0.10880219060876158,40
2026-09-06 19:49:59.968354,79815.09,133985249.61986817,103307972.19958232,0.12928004089230707,82000.0,2.737464807719947,0.12199960388045408,78000.0,-2.2741188414371227,0.10698041357978734,40
2026-09-06 20:00:00.008172,79836.66,134297336.68835932,102877872.08354616,0.1324736458228637,82000.0,2.7097075453807795,0.1220741639118268,78000.0,-2.3005220909792623,0.10666366785717506,40
2026-09-06 20:10:00.033929,79781.99,133638440.91238025,104532001.11015305,0.1222084468377207,82000.0,2.780088588915852,0.12149643931679334,78000.0,-2.2335742690800298,0.10895112893625936,40
2026-09-06 20:20:00.028085,79842.91,134334875.36773205,103018864.36968024,0.13193814023194722,82000.0,2.70166756196637,0.12184767883735766,78000.0,-2.3081698800807793,0.10677346576025205,40
2026-09-06 20:30:00.016316,79934.93,135775337.69856033,102148762.54204614,0.14133320299418384,82000.0,2.583438804537641,0.12243658891048108,78000.0,-2.420631381049554,0.10608518169684199,40
2026-09-06 20:40:00.023364,79944.21,136529312.36052898,102116559.80194297,0.1442000745571561,82000.0,2.5715308213065002,0.12242882952191474,78000.0,-2.4319584870499122,0.10607845857466712,40
2026-09-06 20:49:59.974263,79931.94,136409714.3446535,102295481.86846818,0.1429136567505942,82000.0,2.5872761251634735,0.12231330790550193,78000.0,-2.416981246795713,0.10635888459211702,40
2026-09-06 21:00:00.018216,79911.21,135540743.80526015,102582600.61983234,0.138407862803202,82000.0,2.6138885895983677,0.12196000717750351,78000.0,-2.3916669513576405,0.10647917909038072,40
2026-09-06 21:10:00.012373,79976.86,136238527.80305398,102245209.47320984,0.14253935600843787,82000.0,2.5296567032013995,0.12253631311008359,78000.0,-2.4717899652474506,0.10654996105815777,40
2026-09-06 21:20:00.013329,80014.35,113427497.1685051,131747923.85360059,-0.074723749259693,82000.0,2.481617359886057,0.1227058749026998,80000.0,-0.017934283037990273,0.11665664119950597,40
2026-09-06 21:30:00.010384,79901.07,135716962.3626422,103026827.45977661,0.13692559260779516,82000.0,2.626911003820087,0.12155871812397699,78000.0,-2.3792797768540597,0.10668127298503802,40
2026-09-06 21:40:00.040693,79903.04,135089227.43368092,103118226.2593835,0.13421494868709175,82000.0,2.624380749468358,0.12172321926658244,78000.0,-2.381686604164235,0.10660810978453848,40
2026-09-06 21:50:00.008150,79952.58,136209899.477523,102379193.46721777,0.14179485571932954,82000.0,2.5607929099974003,0.12252820320595377,78000.0,-2.442172597807357,0.10648723804832032,40
2026-09-06 22:00:00.026396,79947.37,136706414.87938732,102400429.56151444,0.1434755470847763,82000.0,2.567476578654193,0.12236250971657214,78000.0,-2.435814961767968,0.10634323657286263,40
2026-09-06 22:10:00.000370,79687.58,132723784.60337317,106235061.05692331,0.11085056706419724,82000.0,2.901857478919556,0.12011285917276446,78000.0,-2.117745324930187,0.10947584449489198,40
2026-09-06 22:20:00.011897,79643.85,130987422.05856693,107076945.11254752,0.1004370256252301,82000.0,2.9583577388586635,0.12199057962829882,78000.0,-2.0640011752319887,0.11125976084739056,40
2026-09-06 22:29:59.998640,79826.04,134231214.7942816,103646518.75332192,0.12857317742536484,82000.0,2.723371972353883,0.12144994363789044,78000.0,-2.287524221419468,0.1069121129360498,40
2026-09-06 22:40:00.010177,79954.3,136880471.95545056,101987507.35304913,0.14607635859529303,82000.0,2.5585865925910056,0.12225790265457064,78000.0,-2.444271289974398,0.1058028404099699,40
2026-09-06 22:50:00.024726,79999.19,137621597.12033266,101612726.3110411,0.15051715946445696,82000.0,2.5010378230079455,0.12230447290766937,78000.0,-2.49901280250463,0.10568007188964203,40
2026-09-06 22:59:59.977317,80050.28,113815058.76677904,132213331.61137149,-0.07478109667064822,82000.0,2.4356192133244248,0.12259829642409999,80000.0,-0.0628105235859211,0.11885191259805186,40
2026-09-06 23:10:00.009091,80241.79,119696073.82974634,129238615.65307233,-0.0383335156829744,82000.0,2.1911400530820746,0.12627487413071597,80000.0,-0.30132677748090364,0.11633055030806357,40
2026-09-06 23:20:00.028387,80258.28,119945859.83393191,124333478.07390156,-0.01796147917195151,82000.0,2.170143691093296,0.12902333450574954,80000.0,-0.3218110330796997,0.12065286039603706,40
2026-09-06 23:29:59.981205,80126.23,117780600.26503216,131331935.88909522,-0.05439844912372764,82000.0,2.3385226036467754,0.12475803807826863,80000.0,-0.1575389232714386,0.1185669723071687,40
2026-09-06 23:40:00.012252,80442.46,123740070.62644815,120308828.51255408,0.014059650037346624,82000.0,1.9362162718544296,0.131846882034884,80000.0,-0.550032905507869,0.11897800153836756,40
2026-09-06 23:49:59.986666,80508.77,120339963.52863523,123658120.78031138,-0.013599111899070251,82000.0,1.8522578347675678,0.1320856747249906,80000.0,-0.6319435758365244,0.11808973221018892,40
2026-09-07 00:00:00.004875,80344.14,122209677.17327827,121449708.73388693,0.0031189787192556356,82000.0,2.0609592684668776,0.12996591464205534,80000.0,-0.42833242100792646,0.11922825251558587,40
2026-09-07 00:10:00.043620,80381.63,121878512.4499745,121126104.95986684,0.003096268285465093,82000.0,2.0133580272009954,0.12994626463578232,80000.0,-0.47477265638927735,0.11919306314155279,40
2026-09-07 00:20:00.011278,80095.26,114560980.4443726,131204065.2691439,-0.06771949516438484,82000.0,2.3780932854204018,0.12215486246118638,80000.0,-0.11893338007766818,0.1186366219092096,40
2026-09-07 00:29:59.999634,80198.3,119142508.11292696,123367085.8436208,-0.017420249903394733,82000.0,2.2465563484512785,0.1283383499525101,80000.0,-0.24726209907193208,0.12099049253186922,40
2026-09-07 00:40:00.031212,80154.42,117146875.45423888,131177717.08996491,-0.056502022179814634,82000.0,2.3025305404243523,0.12149397668909409,80000.0,-0.19265313129331885,0.11974421693823857,40
2026-09-07 00:49:59.970402,80154.92,116518448.48358321,131137720.88098088,-0.05903051975207312,82000.0,2.3018923853956874,0.1214338503772811,80000.0,-0.19327572156518924,0.11999702997465116,40
2026-09-07 01:00:00.009176,80153.94,118202456.49630454,131207755.29283963,-0.05214421135061623,82000.0,2.3031431767421617,0.12390175753182148,80000.0,-0.19205543732473407,0.11964633661793996,40
2026-09-07 01:10:00.003747,79983.06,138058377.7009886,102115268.44398245,0.1496546762474953,80000.0,0.021179484755906586,0.12099799395518525,78000.0,-2.479350002363001,0.10455931831514835,40
2026-09-07 01:20:00.008479,79920.6,137138254.76064616,102978067.8146063,0.14226515956795927,80000.0,0.09934860348894681,0.12085626765620285,78000.0,-2.4031351115982647,0.10495146297498381,40
2026-09-07 01:30:00.009657,79915.13,136958608.9938337,103143622.27542922,0.14083578707139385,80000.0,0.1062001651001454,0.12106356551483637,78000.0,-2.396454839027362,0.10495930913693052,40
2026-09-07 01:39:59.985593,79895.42,136879633.23190933,103385296.19156677,0.13940585136879266,80000.0,0.13089611394496714,0.12151037147124892,78000.0,-2.372376288903666,0.10500912754700271,40
2026-09-07 01:50:00.016406,79853.47,136261640.7753734,103922385.8278225,0.1346436538886828,80000.0,0.18349860062436552,0.12126515555827233,78000.0,-2.321088864391241,0.10496490250521741,40
2026-09-07 02:00:00.006899,79924.31,137753110.27972418,102840579.39083165,0.14510991928632105,80000.0,0.09470210002437973,0.12190529690299541,78000.0,-2.4076654524762264,0.10448249343531223,40
2026-09-07 02:10:00.026655,79805.69,135319258.17303923,105561558.01252162,0.1235370281110056,80000.0,0.24347887976408078,0.12102158022074486,78000.0,-2.262608092230023,0.10700310710271076,40
2026-09-07 02:20:00.010291,79950.0,138231592.384275,102010351.41765001,0.15076984640321056,80000.0,0.0625390869293252,0.12237949541683756,78000.0,-2.4390243902439046,0.10415649340819909,40
2026-09-07 02:30:00.016625,80018.65,115197820.2074485,135203432.5634721,-0.07989421831817158,82000.0,2.4761102567963933,0.12017108738069125,80000.0,-0.023307066540101395,0.12207796826482263,40
2026-09-07 02:40:00.010838,80381.09,126030534.88354918,121666630.0745291,0.01761790374047543,82000.0,2.0140433527338297,0.1289151190196182,80000.0,-0.4741040461133328,0.12134080876058634,40
2026-09-07 02:49:59.979382,80263.82,123526353.60808462,130518289.8070177,-0.027522470479759097,82000.0,2.1630916644635123,0.1255397987327759,80000.0,-0.3286910590599934,0.12174155106685705,40
2026-09-07 03:00:00.050139,79863.04,138523195.78018436,106156990.90728965,0.13227963126509923,80000.0,0.1714935970381415,0.12307014221550967,78000.0,-2.3327937428878176,0.10518301450742998,40
2026-09-07 03:10:00.011075,79817.31,137517986.95906913,107276486.0220519,0.12353833225372497,80000.0,0.22888518793731105,0.12256895096888827,78000.0,-2.276836941761129,0.10524617778873664,40
2026-09-07 03:19:59.980414,79791.55,136912070.64828348,107363746.28700835,0.1209629538117661,80000.0,0.2612432018177291,0.12203880947692688,78000.0,-2.2452878782277086,0.10557479886845905,40
2026-09-07 03:30:00.018634,79721.98,135339516.23824608,109471167.8201099,0.1056667461946632,80000.0,0.3487369480788205,0.12077167812460243,78000.0,-2.1599814756231517,0.10570065708122717,40
2026-09-07 03:40:00.013206,79664.48,133832360.27467413,110968904.20597036,0.09339598844478803,80000.0,0.42116637176317084,0.1215457468407295,78000.0,-2.0893627875309018,0.10739931594214568,40
2026-09-07 03:49:59.982222,79628.53,132751870.33390477,111761417.59693453,0.08584585694544096,80000.0,0.46650365139229155,0.12103496808025609,78000.0,-2.045158939892522,0.1080139339931979,40
2026-09-07 04:00:00.009572,79583.62,131498801.89432701,112790944.31283145,0.0765806091821441,80000.0,0.523198115391077,0.12016568865429539,78000.0,-1.98988183749369,0.10811239806848791,40
2026-09-07 04:10:00.032927,79634.22,133205370.10797155,111820196.25500423,0.08727731628334559,80000.0,0.4593251494144024,0.12102923516625096,78000.0,-2.0521579793209566,0.10711652385759804,40
2026-09-07 04:20:00.019737,79676.52,134150366.30030131,111272063.39003772,0.09322009784977772,80000.0,0.405991627144342,0.12211349122102678,78000.0,-2.1041581635342532,0.10666664786230443,40
2026-09-07 04:30:00.012807,79595.33,131532750.86494948,113355237.03144976,0.07422787042208774,80000.0,0.5084092245110305,0.12051967432986381,78000.0,-2.0043010061017386,0.10771546051595923,40
2026-09-07 04:40:00.046053,79609.53,131948729.52234909,113351639.48090786,0.0758135428699429,80000.0,0.49048147878778536,0.12081345545546487,78000.0,-2.021780558181918,0.10724820961467982,40
2026-09-07 04:50:00.031604,79699.34,133898442.07220723,111500327.36240786,0.09127231877080459,80000.0,0.37724277265032136,0.12296630123170278,78000.0,-2.132188296665938,0.10660242286162558,40
2026-09-07 05:00:00.017677,79711.22,134749753.20231634,110881789.49709022,0.09716978301290369,80000.0,0.3622827501573722,0.1243085959303362,78000.0,-2.146774318596556,0.10601746385862892,40
2026-09-07 05:09:59.971592,79729.66,135452618.14909613,109847034.65015548,0.10438491537489354,80000.0,0.33907080501784925,0.12503138834412675,78000.0,-2.169405965107596,0.10591259099480962,40
2026-09-07 05:20:00.007999,79823.46,138568987.4140178,106600022.85924456,0.1303956177786949,80000.0,0.22116305156403282,0.12720651470178365,78000.0,-2.2843660247250708,0.10438823349150769,40
2026-09-07 05:29:59.971724,79844.44,139154525.4847064,105931404.04131201,0.13555703302774635,80000.0,0.19482884468848827,0.1284803670291893,78000.0,-2.3100418764287145,0.10406724652310122,40
2026-09-07 05:40:00.012248,79849.05,139825332.92444834,105414439.49939324,0.1403153048339306,80000.0,0.1890442027801198,0.1298430765111254,78000.0,-2.3156819022893904,0.104035494200209,40
2026-09-07 05:50:00.009818,79835.0,139505761.49198326,105629295.42838576,0.13819510962319073,80000.0,0.2066762698064828,0.13023995269101613,78000.0,-2.298490636938688,0.10404257188670453,40
2026-09-07 06:00:00.014290,79743.79,135555448.4825698,109255852.68767916,0.10742802995275591,80000.0,0.32129147611370534,0.12720337625680822,78000.0,-2.186740810789145,0.10590537831460253,40
2026-09-07 06:10:00.040813,79792.75,137649462.68122023,106795356.88661379,0.12622114818859706,80000.0,0.2597353769609345,0.1293040800378918,78000.0,-2.246758007463079,0.10436537675035476,40
2026-09-07 06:20:00.013627,79714.34,134498819.39469963,111202469.64126322,0.09481574087316479,80000.0,0.3583545946689082,0.12587068427906511,78000.0,-2.150604270197809,0.10571209100891146,40
2026-09-07 06:30:00.033918,79705.47,134166361.0191766,111318251.02157648,0.09307349168512075,80000.0,0.3695229449120596,0.1255598599186078,78000.0,-2.1397151287107397,0.10568766950490786,40
2026-09-07 06:40:00.015022,79684.38,133166804.23622036,112857670.80169842,0.08254923999488985,80000.0,0.39608766485978997,0.12381702579746101,78000.0,-2.1138145267617148,0.1056608412177375,40
2026-09-07 06:49:59.970524,79658.65,131971118.15605524,114396366.09633403,0.07133551780606283,80000.0,0.42851592388273296,0.1218057473449544,78000.0,-2.0821969742143454,0.10555476038426712,40
2026-09-07 06:59:59.978454,79648.8,132206958.2017889,115925575.61055021,0.06561567054948218,80000.0,0.4409357077570508,0.12028532800185587,78000.0,-2.070087684936872,0.10508631430855636,40
2026-09-07 07:10:00.009656,79677.44,133134023.06534415,113635892.07655816,0.07901340395393747,80000.0,0.40483228376815283,0.12288283523291414,78000.0,-2.1052885233260543,0.10547747457336697,40
2026-09-07 07:19:59.989545,79569.23,129021186.8718097,123406813.34635586,0.022241484782201358,82000.0,3.054912055828618,0.11779844532745164,78000.0,-1.972156824943505,0.1042425777085371,40
2026-09-07 07:30:00.015458,79418.99,153243249.74566126,99760170.55462776,0.21139271211256586,82000.0,3.2498650511672222,0.1136636195852718,78000.0,-1.786713731816536,0.10599233423908415,40
2026-09-07 07:40:00.002232,79205.68,126906619.92651731,104911903.26012056,0.09487903021748065,82000.0,3.5279288051059066,0.11928305631677963,78000.0,-1.522214063435845,0.11227321776528769,40
2026-09-07 07:50:00.032595,79353.64,130055974.82346398,99048160.59095109,0.1353437561326617,82000.0,3.3348942783216984,0.12098978066038737,78000.0,-1.7058322718403351,0.11207705684587294,40
2026-09-07 08:00:00.011552,79393.91,125941601.9410719,98895822.93337075,0.12029037880506098,82000.0,3.2824809862620485,0.1225795008746614,78000.0,-1.7556888179458663,0.113334380092299,37
2026-09-07 08:09:59.998672,79498.61,129466109.90117869,98486907.7899755,0.13590169774885746,82000.0,3.146457529257418,0.12294423664820413,78000.0,-1.8850769843648862,0.11066453296961487,37
2026-09-07 08:19:59.986973,79504.69,127495748.11350776,101922326.79095526,0.11147082170052246,82000.0,3.1385695611164444,0.12291369155858173,78000.0,-1.892580173572156,0.11081042227224061,37
2026-09-07 08:29:59.997098,79456.07,131671707.44359621,99607381.63869114,0.13863910452145037,82000.0,3.201681130214462,0.12173500081697347,78000.0,-1.8325472176008772,0.11020570363289456,37
2026-09-07 08:40:00.010529,79418.6,131881016.5778834,100241195.71747841,0.1363067349200738,82000.0,3.25037207908474,0.12150429822133348,78000.0,-1.7862314369681775,0.10999034487108697,37
2026-09-07 08:50:00.017555,79418.18,130989732.16994439,101055914.85010743,0.12899969339761103,82000.0,3.250918114718826,0.11848544406378926,78000.0,-1.7857120372186785,0.11016259596249306,37
2026-09-07 09:00:00.000882,79420.78,131186781.90882607,101057233.28024991,0.12973229301106812,82000.0,3.247537986909732,0.11865266760831887,78000.0,-1.7889272807444123,0.11031538934239579,37
2026-09-07 09:09:59.986975,79520.98,130363260.1877107,103682911.51056714,0.11399609095738043,82000.0,3.1174414601027323,0.12137880173248891,78000.0,-1.9126776355120279,0.1096127357058952,37
2026-09-07 09:20:00.006668,79514.41,130301129.21330175,103824032.9261289,0.11308949471823414,82000.0,3.125961696754076,0.12148426115126879,78000.0,-1.9045730201607491,0.10971187470700677,37
2026-09-07 09:30:00.018898,79476.27,133639861.9241373,100551878.88331442,0.14128586655849332,82000.0,3.1754509868165526,0.12139273103777844,78000.0,-1.8574978418086308,0.1098486387208643,37
2026-09-07 09:39:59.991224,79362.31,130986323.1006055,102836045.37658581,0.12039172260273151,82000.0,3.3236053738859184,0.11923122001885642,78000.0,-1.7165704980109497,0.11360133756048034,37
2026-09-07 09:50:00.010163,79409.42,131929668.56577846,101920793.57857627,0.1283250617169098,82000.0,3.2623081745213556,0.11806682528056628,78000.0,-1.774877590089441,0.10983629577502997,37
2026-09-07 10:00:00.055843,79305.17,130692301.81748575,103341602.11090106,0.11686639947241946,82000.0,3.398050845865419,0.11873994057199455,78000.0,-1.6457565124694873,0.1139343067764434,37
2026-09-07 10:10:00.008488,79370.54,131505496.70927994,103204865.50450513,0.120576828981233,82000.0,3.3128916598022418,0.11881270176279818,78000.0,-1.7267615918954204,0.11395068481819659,37
2026-09-07 10:20:00.011633,79413.97,132250278.27695662,102152194.82552755,0.12840343812528698,82000.0,3.256391791016111,0.11772238645161423,78000.0,-1.780505369521257,0.11004358908133108,37
2026-09-07 10:30:00.050404,79415.46,132084956.98709425,102022386.69480179,0.1284136149660531,82000.0,3.254454485310543,0.11782675023610355,78000.0,-1.7823481725094958,0.10974405132305697,37
2026-09-07 10:40:00.017229,79404.14,132069182.90154347,102118836.81394258,0.1278901718541684,82000.0,3.2691746299374325,0.11778257158643858,78000.0,-1.7683460837180531,0.10970800455163845,37
2026-09-07 10:50:00.036439,79402.33,132121859.03029194,102119099.00332199,0.12808502953042275,82000.0,3.2715286818409517,0.11957995791616215,78000.0,-1.7661068636147137,0.11138217132339767,37
2026-09-07 11:00:00.027553,79357.31,132743281.01808482,103453476.01421252,0.12400595745633901,82000.0,3.330115398316802,0.11886393147709154,78000.0,-1.7103780357474285,0.1138543540598095,37
2026-09-07 11:10:00.012565,79286.03,131560222.51522535,103863839.7751814,0.11764465565070044,82000.0,3.4230115948547413,0.11826572104992147,78000.0,-1.6220133609918364,0.11399487910645201,37
2026-09-07 11:20:00.011626,79424.5,133379013.91258189,102476089.8502852,0.13102503854810382,82000.0,3.2427021888711938,0.11740051356041009,78000.0,-1.793527186195698,0.10949467053955625,37
2026-09-07 11:29:59.987341,79435.68,134802626.69916573,102385997.47091395,0.13667025280692616,82000.0,3.2281715219156126,0.11989472530160242,78000.0,-1.8073490401290582,0.10901541167542347,37
2026-09-07 11:40:00.009943,79403.84,133166132.3937086,103874881.96371831,0.12357038932436776,82000.0,3.2695647968662422,0.11675067225274713,78000.0,-1.7679749493223484,0.11119993540179281,37
2026-09-07 11:50:00.017792,79398.7,133207710.38154395,103864397.21330167,0.12377378961168121,82000.0,3.2762501149263157,0.11854540845305445,78000.0,-1.761615744338385,0.11290934354211925,37
2026-09-07 12:00:00.009482,79409.84,133245092.30328825,103828089.0783706,0.12408406152680708,82000.0,3.2617620184098195,0.11675163160009715,78000.0,-1.7753971044394468,0.11101075060162316,37
2026-09-07 12:10:00.016577,79467.73,135126961.6170592,101797020.69336087,0.14067778448882026,82000.0,3.18653873717043,0.1199300346282065,78000.0,-1.8469509573256881,0.10904751701422002,37
2026-09-07 12:20:00.014336,79480.31,135135571.46048784,101620029.83927444,0.14156176849551502,82000.0,3.1702065580770933,0.11958742226493278,78000.0,-1.8624864447559397,0.10854616291344958,37
2026-09-07 12:30:00.016477,79518.36,131202354.2130376,106208129.50871782,0.10527852145574562,82000.0,3.12083901126734,0.11961507410707312,78000.0,-1.9094458185505814,0.10856100249930357,37
2026-09-07 12:39:59.989130,79448.59,135088830.70260823,101779613.98148286,0.1406232762052772,82000.0,3.2113974584067506,0.11932759460265108,78000.0,-1.8233048566374754,0.10845077250004959,37
2026-09-07 12:49:59.952229,79514.11,131200405.86501513,105941853.90228152,0.10651223441793699,82000.0,3.126350782269971,0.11931597057474304,78000.0,-1.904202914426134,0.10822744222315071,37
2026-09-07 13:00:00.012908,79595.27,133972951.34166583,105516013.62893048,0.11882358636536429,82000.0,3.021197113848584,0.12073178079237935,78000.0,-2.0042271356074393,0.10865804778122365,37
2026-09-07 13:10:00.028478,79562.0,133016412.60928833,105761483.05376193,0.11414343643427952,82000.0,3.064276916115727,0.11952129715052975,78000.0,-1.9632487871094284,0.10762317356975845,37
2026-09-07 13:20:00.009323,79606.76,134222917.00388467,105561815.5334616,0.1195284669175471,82000.0,3.0063276033341912,0.12067563095066436,78000.0,-2.0183713041455165,0.10844495952523367,37
2026-09-07 13:30:00.015163,79630.9,134520056.56607342,105592238.76727724,0.12047620368059601,82000.0,2.9751013739641285,0.1206207416131156,78000.0,-2.0480743028146065,0.10838534974105969,37
2026-09-07 13:39:59.964307,79405.13,166840344.2268017,104229392.28483452,0.23097728557861152,81000.0,2.0085226231604913,0.13103436454662085,78000.0,-1.7695708073269367,0.10345344890001132,37
2026-09-07 13:50:00.012506,79317.65,165895896.283091,104634149.22378558,0.22645080676537357,81000.0,2.121028547870507,0.1304733845258486,78000.0,-1.6612317687172973,0.10382692884898578,37
2026-09-07 14:00:00.034687,79344.04,165965826.1194417,104617853.79816091,0.226724584202426,81000.0,2.0870628720191187,0.13057063284261713,78000.0,-1.6939394565741672,0.10368354367131738,37
2026-09-07 14:09:59.967998,79137.5,158676762.5099719,105378933.04461251,0.20184313522728728,81000.0,2.3534986574000882,0.1207340190895312,78000.0,-1.4373716632443578,0.10569822640404299,36
2026-09-07 14:20:00.007436,79128.16,158746001.85386524,105626049.73933789,0.200928773652158,81000.0,2.3655800918408687,0.12112518063112337,78000.0,-1.4257376893384133,0.10561492885091317,36
2026-09-07 14:30:00.029563,79046.55,149206205.4569729,107090966.67106597,0.16432190193993765,81000.0,2.4712653493416115,0.12007030352791702,78000.0,-1.323966700633994,0.10539247347028337,36
2026-09-07 14:40:00.008124,79029.36,175147911.78231588,107321638.22483486,0.24011888557815872,81000.0,2.493554294252154,0.17484001097995858,78000.0,-1.3025032722016272,0.0992768472690269,36
2026-09-07 14:49:59.967540,79078.95,188999623.9901935,106462063.25688687,0.27935114532898625,81000.0,2.42928111716203,0.1798419548408617,78000.0,-1.3643959612513745,0.09814243588971489,36
2026-09-07 15:00:00.042121,79182.59,195529297.14941442,105889350.49127626,0.29739350023557404,81000.0,2.2952141373501433,0.19096870818255043,78000.0,-1.493497497366525,0.09663343374050598,37
2026-09-07 15:10:00.007629,79084.14,188680696.73289058,106798197.11129025,0.27711793067961266,81000.0,2.422559061779017,0.1807555019039697,78000.0,-1.370869051620205,0.09814729230380408,36
2026-09-07 15:20:00.003838,79122.39,189292716.45725012,106342794.10226083,0.28058172781071106,81000.0,2.373045101392912,0.18121032919810906,78000.0,-1.4185491616216295,0.09800856993167961,36
2026-09-07 15:30:00.032309,79021.56,175870099.84521034,109101778.58757707,0.23429793011446579,81000.0,2.5036711500000752,0.17590149589277992,78000.0,-1.2927611148147333,0.10099161262429744,36
2026-09-07 15:40:00.010810,78762.8,192580794.25091702,117104272.04365468,0.24372025138425385,81000.0,2.840427206752416,0.16450806584356423,78000.0,-0.9684775046087779,0.10243395606586024,36
2026-09-07 15:50:00.026670,78839.46,196212923.50957364,113414794.33659029,0.2674118769112297,81000.0,2.740429728970728,0.17074293530526402,78000.0,-1.0647713721022578,0.1021232261231722,36
2026-09-07 16:00:00.010472,78798.86,195772576.37856293,114452998.37111872,0.26213047738910716,81000.0,2.7933652847262014,0.17052446079847025,78000.0,-1.0137963924858773,0.1023583640492732,36
2026-09-07 16:10:00.026926,78868.88,196457608.33167708,113530120.70765315,0.26751861398198234,81000.0,2.70210506349271,0.17023546833262398,78000.0,-1.1016766055255367,0.10193215282537438,36
2026-09-07 16:19:59.971140,78879.96,196414316.40705582,113493517.06030159,0.2675659999265178,81000.0,2.687678847707309,0.1699560901186802,78000.0,-1.1155685170225804,0.10179568231068982,36
2026-09-07 16:30:00.020053,78814.43,195666021.22818378,114485933.56816944,0.2617429502042553,81000.0,2.7730581823658618,0.169672973981908,78000.0,-1.033351379943992,0.10219708888014879,36
2026-09-07 16:40:00.027904,79002.79,174640008.1987951,108508884.32241695,0.23355600400741092,81000.0,2.5280246431803377,0.1760797083904387,78000.0,-1.2693096028633888,0.09944806759797506,36
2026-09-07 16:50:00.026118,78971.33,200319999.92224336,82503833.47362709,0.4165708562605761,81000.0,2.5688689806794507,0.17545097401071802,78000.0,-1.2299780186049825,0.09947576779206357,36
2026-09-07 17:00:00.014216,79014.06,174651691.57674444,108881661.19436842,0.23196576254459206,81000.0,2.513400779557462,0.17588455935947175,78000.0,-1.2833918419076218,0.09935781872482335,36
2026-09-07 17:09:59.983330,79076.57,187942978.85343695,107950271.9809869,0.27034312762075274,81000.0,2.4323639732982683,0.18011320227944913,78000.0,-1.3614272849720277,0.0981984044956337,36
2026-09-07 17:20:00.005422,79137.27,192557526.15704158,107227322.27597041,0.28463814741504023,81000.0,2.353796131708852,0.18522894786810337,78000.0,-1.4370852065025752,0.09713847414317826,36
2026-09-07 17:29:59.987555,79109.97,192048879.69436622,107646578.08181623,0.2816268963127998,81000.0,2.389117326172663,0.18517438920892437,78000.0,-1.4030722044263255,0.0972739144027982,36
2026-09-07 17:39:59.967888,79133.19,192293576.5151526,107885805.78362165,0.2811911000853426,81000.0,2.3590733546821507,0.1850501946677311,78000.0,-1.43200343623201,0.09704516081345187,36
2026-09-07 17:49:59.999328,79151.28,193143444.1235977,107398233.14529145,0.285302230817031,81000.0,2.3356792208540478,0.18581166967486756,78000.0,-1.454531120659075,0.09681604164198832,36
2026-09-07 18:00:00.031971,79174.86,193543764.15766764,107446498.47395909,0.28604668114822207,81000.0,2.3052014237852747,0.1854746272750874,78000.0,-1.4838801104289923,0.09664042774718112,37
2026-09-07 18:10:00.028632,79160.36,193288836.7797354,107568129.65692411,0.2849217956894422,81000.0,2.323940921946277,0.18571215647764,78000.0,-1.465834667755428,0.09676419089513495,36
2026-09-07 18:20:00.007618,79183.43,193520833.37137645,107555659.27146667,0.2855260247829689,81000.0,2.294128961071795,0.1856943459826403,78000.0,-1.4945424819308717,0.09659157474526922,37
2026-09-07 18:29:59.965998,79133.51,192767357.61414403,108424030.19138403,0.2800323343814147,81000.0,2.3586594351748147,0.18548989676249794,78000.0,-1.4324020253872138,0.09667029221028843,36
2026-09-07 18:40:00.004464,79100.78,191624717.0658609,109223469.57522091,0.2738964406288624,81000.0,2.4010129862183316,0.18435563703174462,78000.0,-1.3916171243823383,0.09687736969961448,36
2026-09-07 18:49:59.973726,79193.21,195909877.85372987,107853850.91832307,0.2898832829428587,81000.0,2.2814961030118486,0.19021007538110538,78000.0,-1.5067074563589578,0.09590809574646803,37
2026-09-07 19:00:00.026972,79187.24,193214074.34671524,107954474.68980552,0.2830959604834794,81000.0,2.289207200554011,0.1854189468596878,78000.0,-1.4992819550220582,0.09632093180456314,37
2026-09-07 19:10:00.001749,79148.57,192435861.81797847,108442374.69557106,0.2791610589575657,81000.0,2.3391831336940117,0.1853064978795581,78000.0,-1.4511569823687398,0.0967854916031701,36
2026-09-07 19:20:00.044354,79171.44,192674266.76221424,108287486.31672019,0.2803903804459884,81000.0,2.3096207420251424,0.18534454157069288,78000.0,-1.4796244706424488,0.09666566520125706,37
2026-09-07 19:30:00.028610,79219.35,196360986.01124465,107991711.20084095,0.29035154154991544,81000.0,2.2477462892588562,0.18998920675027375,78000.0,-1.5392072770099796,0.09587426134712097,37
2026-09-07 19:40:00.014706,79352.14,201762929.86319605,106875069.441786,0.3074406282929736,81000.0,2.0766421674324187,0.19528045175635148,78000.0,-1.7039742091391585,0.09490279417594538,37
2026-09-07 19:49:59.997624,79357.15,201754526.93653372,107292742.48401025,0.30565481011897305,81000.0,2.070197833465559,0.1947622961736269,78000.0,-1.710179864070216,0.09481207144500303,37
2026-09-07 20:00:00.019138,79356.73,206542388.6562581,107479460.93164879,0.3154650794351103,81000.0,2.070738045783904,0.1967427447209097,78000.0,-1.7096596596155034,0.09261686262754781,37
2026-09-07 20:10:00.031332,79239.59,196601607.50445417,108742227.3155677,0.28773916539259164,81000.0,2.2216293648162466,0.18965980209414304,78000.0,-1.5643569079547226,0.09577756422791431,37
2026-09-07 20:19:59.993440,79247.5,197395736.5016101,108468959.12308545,0.2907389399646184,81000.0,2.2114262279567143,0.18947769327840974,78000.0,-1.5741821508564957,0.09552237355123128,37
2026-09-07 20:30:00.012686,79200.05,195955576.50002292,109010215.50143066,0.28509873329720153,81000.0,2.2726627066523175,0.18968979447628748,78000.0,-1.515213689890349,0.09581541724520995,37
2026-09-07 20:40:00.021500,79206.61,196813593.63294783,108937745.19143122,0.2874095295196458,81000.0,2.264192344553062,0.1893952807216513,78000.0,-1.5233703348748295,0.09566665353146969,37
2026-09-07 20:49:59.999267,79222.84,196840471.3837967,108833458.39791033,0.28791141282063343,81000.0,2.2432419741579723,0.1896464751906713,78000.0,-1.5435447656256707,0.09563016423250889,37
2026-09-07 21:00:00.009140,79222.89,197294117.32567927,108950522.61548749,0.28847392962424956,81000.0,2.2431774453065323,0.18891331662526506,78000.0,-1.5436069045196454,0.09542800693313815,37
2026-09-07 21:10:00.028066,79189.65,193988012.5768608,109337655.87157431,0.2790741619009303,81000.0,2.2860942054927724,0.18436528991849888,78000.0,-1.502279653969929,0.0961254931526446,37
2026-09-07 21:20:00.008157,79237.61,197495084.4730729,108913158.829983,0.28909772363884195,81000.0,2.2241836925672054,0.1888965053977287,78000.0,-1.5618971849352903,0.09541951487992269,37
2026-09-07 21:29:59.961529,79213.09,196909486.46667048,109271376.94627115,0.2862298725776441,81000.0,2.25582665693258,0.18890969941155214,78000.0,-1.5314261822130582,0.09542617972740464,37
2026-09-07 21:39:59.997559,79200.83,193504587.1318079,110391243.30668616,0.27349287321644633,81000.0,2.271655486438706,0.18446401597221898,78000.0,-1.516183605651611,0.09783540398203831,37
2026-09-07 21:49:59.999838,79170.67,193072986.943081,111126787.46546192,0.2693828410522245,81000.0,2.310615787386916,0.18369093193997893,78000.0,-1.4786662788125904,0.09776805684041413,37
2026-09-07 22:00:00.009317,79146.77,192531596.19194448,111258341.93808967,0.26753109320910634,81000.0,2.3415105884927456,0.18414831688386266,78000.0,-1.448915729599587,0.09824837493124004,36
2026-09-07 22:10:00.024898,79188.5,193231698.7047204,110746417.77065435,0.2713526943665637,81000.0,2.28757963593198,0.18464720072163954,78000.0,-1.5008492394729012,0.09831631049547411,37
2026-09-07 22:20:00.009962,79057.62,187161900.04336768,113259569.04564862,0.24599550498776587,81000.0,2.456916866457659,0.17952346413268053,78000.0,-1.3377837582259522,0.09951174088338292,36
2026-09-07 22:30:00.028982,79085.33,188596560.56435475,112439583.21062931,0.2529828358771783,81000.0,2.42101790559639,0.17937476901291724,78000.0,-1.3723531279442147,0.09940099739983321,36
2026-09-07 22:40:00.008711,78861.76,196137735.98141384,119549439.56770557,0.24260819680269685,81000.0,2.711377478767907,0.1626043250823906,78000.0,-1.092747613038303,0.10402819243231717,36
2026-09-07 22:49:59.960712,78944.54,200337299.51788655,116451156.82305054,0.26480176602317623,81000.0,2.6036759476969706,0.1688165562358837,78000.0,-1.1964601985140377,0.10102348823051949,36
2026-09-07 23:00:00.008479,78935.54,199925812.1694741,116711722.68295178,0.2628055120669936,81000.0,2.615374519513014,0.16850577958330965,78000.0,-1.1851949071356116,0.10120668345840733,36
2026-09-07 23:10:00.006629,79104.76,189307239.18918175,113029297.67056093,0.2522948179234024,81000.0,2.39586088119097,0.17860868913666522,78000.0,-1.396578410704985,0.0985895552595222,36
2026-09-07 23:20:00.029712,79099.53,188925886.8790278,113559188.87270117,0.24915840167990783,81000.0,2.4026312166456565,0.17838565931167347,78000.0,-1.390058828415286,0.09865118012570838,36
2026-09-07 23:30:00.027020,78992.12,204722368.8317031,85997863.65326053,0.40838060758149375,81000.0,2.5418737970319016,0.17394220656422477,78000.0,-1.255973380635933,0.09986080378804049,36
2026-09-07 23:40:00.008567,79023.58,175729030.59911793,115286138.40608934,0.2076967066687409,81000.0,2.5010509521335322,0.1738197457149647,78000.0,-1.295284268315866,0.09963471516432898,36
2026-09-07 23:49:59.973330,79179.69,193713456.41094264,112390697.76674788,0.26567022215904884,81000.0,2.298960756224222,0.18296482677621384,78000.0,-1.4898896421544516,0.09741485487122131,37
2026-09-08 00:00:00.006993,79094.7,188603341.72245392,113934004.43691778,0.24681031361398123,81000.0,2.4088845396720737,0.1783831636171346,78000.0,-1.384037109945413,0.09850619145225697,36
2026-09-08 00:10:00.003830,79034.17,178237027.09123158,115535851.00629506,0.21343418933357422,81000.0,2.4873165619377025,0.17812371149426928,78000.0,-1.308509977393324,0.09899921950941173,36
2026-09-08 00:19:59.980350,79037.02,178199282.41362184,115646319.68964577,0.21287697442547662,81000.0,2.483620966478739,0.17820384657989288,78000.0,-1.3120686989464003,0.09904375771752284,36
2026-09-08 00:29:59.996388,78987.21,201916019.0533987,86334933.76672335,0.40097381866696447,81000.0,2.548248001163733,0.16763028530882926,78000.0,-1.2498352581386318,0.1002976155375552,36
2026-09-08 00:39:59.981799,79206.42,193677891.22743073,112197265.6620601,0.26638523505460315,81000.0,2.264437655432472,0.18288693135165976,78000.0,-1.523134109583535,0.09726989955415581,37
2026-09-08 00:50:00.040039,79258.76,197379718.22793013,111188648.7649445,0.27932568170533156,81000.0,2.1969054272360733,0.1879026017639059,78000.0,-1.58816514414305,0.09672188932918123,37
2026-09-08 01:00:00.009942,79296.83,198142401.0499534,110692972.95618308,0.2831587164365204,81000.0,2.1478412188734364,0.18797129380655592,78000.0,-1.6354121596033555,0.09655878535493576,37
2026-09-08 01:10:00.026956,79332.25,201781501.20335534,109349514.25806892,0.29708380827351705,81000.0,2.10223458933787,0.19357176639134072,78000.0,-1.6793296547116698,0.09420891330614943,37
2026-09-08 01:20:00.012424,79314.73,201567325.2097323,109352743.23291047,0.29658613687663327,81000.0,2.1247881698645443,0.193457430320253,78000.0,-1.6576113919822943,0.09430516198423121,37
2026-09-08 01:29:59.975271,79377.28,205032348.65955552,108657990.42614065,0.3072276899387923,81000.0,2.0443129318616027,0.1980194604144492,78000.0,-1.7351060656147443,0.09382788304890571,37
2026-09-08 01:40:00.028346,79305.4,198156049.25216585,110792875.82686378,0.28277545682657557,81000.0,2.1368027902261444,0.18754615279691828,78000.0,-1.6460417575600128,0.09682885350237154,37
2026-09-08 01:50:00.009258,79345.0,204532836.45823175,108331910.53510702,0.30748407050530674,81000.0,2.0858277144117476,0.1981009128784006,78000.0,-1.6951288676035015,0.09404513485224354,37
2026-09-08 02:00:00.025488,79420.89,207612798.3721881,106794283.06820372,0.3206623554472913,81000.0,1.9882804133773968,0.1953763802176178,78000.0,-1.7890633056365846,0.09222389306951145,37
2026-09-08 02:10:00.022010,79309.38,201148330.85462123,110453015.79152703,0.29106201253387715,81000.0,2.1316772366648085,0.19299254831477744,78000.0,-1.6509774758042495,0.0958730712408071,37
2026-09-08 02:20:00.015134,79292.59,197730015.54692397,110705341.93241,0.28214882471879005,81000.0,2.15330335407129,0.1875394850682667,78000.0,-1.6301523257091222,0.09637742293436807,37
2026-09-08 02:30:00.018451,79246.5,194100344.71298385,111805992.59506264,0.2690181342501941,81000.0,2.2127160190039907,0.18268814314118098,78000.0,-1.5729401298480106,0.09706184304108521,37
2026-09-08 02:40:00.015509,79151.48,189739228.2352052,114646704.40111274,0.2467016894759504,81000.0,2.335420639007646,0.17723063899072705,78000.0,-1.4547801254000459,0.09751211352021669,36
2026-09-08 02:50:00.006875,79099.14,188422050.9356541,116343540.31094722,0.23650475216011013,81000.0,2.403136115007065,0.17659875557840438,78000.0,-1.3895726299931965,0.09770591494472354,36
2026-09-08 03:00:00.012925,78911.47,199774636.06793904,118178006.43673612,0.25663139324279444,81000.0,2.6466748116591887,0.16156085688908928,78000.0,-1.155053885068924,0.10235082405892507,36
2026-09-08 03:10:00.013465,78974.25,203760760.87521678,85990330.07314835,0.4064537959688152,81000.0,2.565076591420623,0.16702965162484393,78000.0,-1.2336299490023683,0.09966662913539175,36
2026-09-08 03:19:59.981544,78847.73,198170593.5034541,122235345.38811733,0.23699700566734505,81000.0,2.7296537262391674,0.15971212431998874,78000.0,-1.0751482636215393,0.10223348295908721,36
2026-09-08 03:29:59.970292,78753.98,195383043.99383307,123553566.26933198,0.22521553002407665,81000.0,2.8519447525064745,0.1599529110231833,78000.0,-0.9573865346233834,0.10326485938693143,36
2026-09-08 03:40:00.004828,78922.99,201939499.91996163,117229478.44603896,0.26540806662226163,81000.0,2.6316919822728435,0.16665896681262676,78000.0,-1.1694817948483816,0.09981730843355448,36
2026-09-08 03:50:00.027645,78893.0,198880708.6435317,118873567.5599061,0.2517893450233291,81000.0,2.670705892791503,0.16068263301776975,78000.0,-1.1319128439785553,0.10217350376991033,36
2026-09-08 04:00:00.011885,78882.52,198746982.38750827,121452741.93796265,0.2413938382126118,81000.0,2.6843462911681826,0.159868829521625,78000.0,-1.1187776455417575,0.10182546992136292,36
2026-09-08 04:10:00.021954,78841.95,197997887.45343268,122384388.09850675,0.2360102450257667,81000.0,2.737184963081196,0.1596822473258742,78000.0,-1.0678959614773609,0.10190117964876266,36
2026-09-08 04:20:00.021886,78833.26,195826086.9960546,122444789.48708929,0.23056240118423682,81000.0,2.748509956330625,0.15506315831345566,78000.0,-1.056990412422365,0.10240000219466396,36
2026-09-08 04:30:00.012160,78793.73,195007039.18886608,123283153.74645732,0.2253411730375967,81000.0,2.8000578218596806,0.15524433862098147,78000.0,-1.0073517270980825,0.10272191442500243,36
2026-09-08 04:40:00.014013,78808.96,195672711.48818654,122901647.14321736,0.22842724900269382,81000.0,2.78019149091675,0.15543095633361131,78000.0,-1.0264822680060792,0.1026092594142334,36
2026-09-08 04:49:59.963157,78776.29,194561289.6690155,124089192.45077866,0.2211579808366441,81000.0,2.8228163575614085,0.15494386633782992,78000.0,-0.9854361001260581,0.10262797264028485,36
2026-09-08 05:00:00.004353,78658.98,184294099.42272317,128087832.3955688,0.17992803456970982,81000.0,2.9761636878586684,0.14413219064946917,78000.0,-0.8377683005805547,0.10496808194661493,36
2026-09-08 05:09:59.998121,78646.24,184468516.8734198,128437807.54380316,0.17906544213822415,81000.0,2.9928449217661246,0.14422310690852846,78000.0,-0.8217048901511426,0.10503415581868719,36
2026-09-08 05:20:00.005635,78829.48,197802402.74247384,122310940.67565912,0.23582728936171699,81000.0,2.7534369121805735,0.15501956003685952,78000.0,-1.0522459364187053,0.10147462702762243,36
2026-09-08 05:30:00.026089,78799.41,194594539.86492264,122949603.74701433,0.22562197275306659,81000.0,2.792647812972193,0.15011677030949638,78000.0,-1.0144872912119518,0.10201428783881292,36
2026-09-08 05:39:59.967198,78707.73,189564208.85870636,126987225.49180609,0.19768346175809695,81000.0,2.9123823034916674,0.1500549134646659,78000.0,-0.8991874114524623,0.10322877958317521,36
2026-09-08 05:50:00.011309,78665.23,187865647.45075467,130265401.07068455,0.1810582357420809,81000.0,2.9679821695048902,0.14905432444791605,78000.0,-0.845646799736044,0.10475482505945855,36
2026-09-08 06:00:00.036943,78558.56,177727562.48542684,133489085.0239964,0.14214688647107465,81000.0,3.1077962732514397,0.13781075921742886,78000.0,-0.7110109961282363,0.10754152207961454,36
2026-09-08 06:09:59.982126,78578.69,173609980.39770788,134822188.5276685,0.1257579324659351,81000.0,3.0813824969594172,0.1331381259424714,78000.0,-0.7364464844094476,0.10822345462433743,36
2026-09-08 06:20:00.007659,78436.62,185242531.83619186,119608529.16278417,0.21529858698319618,81000.0,3.2680908483817994,0.12784885928700845,78000.0,-0.5566532571138261,0.11157489328957641,36
2026-09-08 06:29:59.985973,78358.11,181144479.96600962,121361083.4013704,0.19762742839884515,81000.0,3.371559114940359,0.1286954740369772,78000.0,-0.45701714857594444,0.11494746358560276,36
2026-09-08 06:40:00.011659,78393.79,183126119.42632595,120438988.10336341,0.2065030853943963,81000.0,3.3245107807646557,0.128090349906455,78000.0,-0.50232295185626,0.11280754273329942,36
2026-09-08 06:50:00.046365,78326.45,177127844.00888938,122287522.28534497,0.18315800689284942,81000.0,3.413342491584892,0.12342312602098864,78000.0,-0.41678130439972705,0.11759281167337997,35
2026-09-08 06:59:59.984410,78302.76,175749078.60288617,122547350.41566733,0.17835187756776597,81000.0,3.4446295379626513,0.12375128138769906,78000.0,-0.3866530375174482,0.11872013555701272,35
2026-09-08 07:10:00.010647,78384.55,185260435.5019325,119144107.23793633,0.21719888825869585,81000.0,3.336690712646817,0.12850354587518845,78000.0,-0.4905941285623272,0.11137342158150423,36
2026-09-08 07:20:00.020897,78421.72,189700995.41541213,117429852.49398431,0.23531059616241415,81000.0,3.287711618668898,0.12718777179572516,78000.0,-0.5377591820225347,0.1067919784064891,36
2026-09-08 07:29:59.995704,78443.4,194478948.62394482,116234026.01374662,0.25182380201997073,81000.0,3.259165207015502,0.12621915212107063,78000.0,-0.5652483191702529,0.10341815784775533,37
2026-09-08 07:40:00.008687,78503.7,170294610.10746634,154690322.23400325,0.04801541954895093,81000.0,3.179850121714023,0.12808600298923042,78000.0,-0.6416258087198368,0.09845976081622233,37
2026-09-08 07:50:00.040252,78259.7,179928236.3911082,117361051.6762458,0.21045892746962067,81000.0,3.5015467731156713,0.12245604109212839,78000.0,-0.33184384811083545,0.11222209406906876,36
2026-09-08 08:00:00.012485,78455.35,168182814.79898885,117996480.47859886,0.17536675485803516,81000.0,3.243437190707832,0.13453113607728429,78000.0,-0.580393816355429,0.11380540480273113,36
2026-09-08 08:10:00.043279,78321.08,163261017.963206,118322727.94895414,0.1595912074707264,81000.0,3.4204329153785906,0.12311175002304055,78000.0,-0.40995348889468763,0.11580945488899498,36
2026-09-08 08:19:59.983954,78318.24,164461145.17892158,120316815.4087176,0.15501315368335447,81000.0,3.42418317878439,0.12220656530117208,78000.0,-0.40634212413354076,0.11746062645392989,36
2026-09-08 08:30:00.009738,78453.01,172677043.00715286,119845198.17972727,0.18060795860535456,81000.0,3.2465166091141695,0.13190775173511607,78000.0,-0.5774284504826421,0.11505713789297398,37
2026-09-08 08:40:00.035433,78528.11,187211595.87034374,119496876.15832773,0.220778771659382,81000.0,3.147777273641239,0.1652106567663276,78000.0,-0.6725107735306546,0.10863041926996121,37
2026-09-08 08:50:00.009065,78482.93,186034730.0060925,118437880.83901021,0.22201290611808588,81000.0,3.2071560019484524,0.16124147114523413,78000.0,-0.6153312573829672,0.10940980087632404,37
2026-09-08 09:00:00.008146,78392.19,182116278.70928508,120706125.88755864,0.20279263320520674,81000.0,3.326619654330365,0.1619877322777752,78000.0,-0.500292184718909,0.11289061711108271,37
2026-09-08 09:09:59.975792,78366.93,178486372.58503222,119926942.60106376,0.19623598212247917,81000.0,3.3599249071004866,0.15790345372862646,78000.0,-0.4682204598291606,0.11266845654902272,37
2026-09-08 09:20:00.014602,78399.19,184687895.63467067,119571785.47418289,0.21401491621622878,81000.0,3.317393967973392,0.16712468718989404,78000.0,-0.5091761789885907,0.11026114846145578,37
2026-09-08 09:29:59.982654,78453.45,185122183.6315383,118399084.33833957,0.21983006245157255,81000.0,3.245937559151324,0.16773009326618504,78000.0,-0.577986054150581,0.10855215744326013,37
2026-09-08 09:40:00.036198,78672.15,198271670.50318325,120729368.67961475,0.2430785242023435,81000.0,2.958925108821875,0.17772341281431736,78000.0,-0.8543684137270913,0.10641485860385859,37
2026-09-08 09:50:00.013811,78749.91,206680427.38365972,116794751.85260957,0.27787503122580176,81000.0,2.8572604082976127,0.188215279258082,78000.0,-0.9522677549726799,0.10537928317597887,37
2026-09-08 10:00:00.030659,78737.16,203454159.86882064,117060899.0820616,0.26954509117151493,81000.0,2.8739162042420663,0.18214537213177603,78000.0,-0.9362288403594987,0.10571548148027027,37
2026-09-08 10:10:00.007023,78682.31,200548267.85834712,118117717.70679244,0.25867382741012623,81000.0,2.945630345626604,0.17706619473594462,78000.0,-0.8671707782854865,0.10547209744848898,37
2026-09-08 10:20:00.010966,78794.42,207676290.75830632,116562062.64861825,0.2810100259648746,81000.0,2.7991576053228107,0.1882235782624839,78000.0,-1.0082186022817297,0.10496161783626488,37
2026-09-08 10:29:59.977479,78825.9,210577396.32540286,116604454.68326305,0.28721929823561876,81000.0,2.7581036182270147,0.19226969612213465,78000.0,-1.0477520713369493,0.10410991902210935,37
2026-09-08 10:40:00.017905,78702.8,201457350.32050267,119034096.78827599,0.25717770092083375,81000.0,2.918828809140206,0.1767114081612555,78000.0,-0.8929796652723976,0.10748023102670962,37
2026-09-08 10:50:00.029945,78637.06,199774913.56799024,121944469.20496395,0.24192028373358304,81000.0,3.004868188103682,0.17596224554111398,78000.0,-0.8101269299742309,0.10740364410705557,37
2026-09-08 11:00:00.009833,78537.14,189715039.89191243,123012842.13016908,0.21329149588597782,81000.0,3.1359176053520565,0.16878447021797763,78000.0,-0.6839311948461546,0.10931115724828012,37
2026-09-08 11:10:00.002954,78378.69,188059354.4814196,121080574.40790129,0.21666169205045732,81000.0,3.344416703060493,0.16533728253761218,78000.0,-0.4831542859417559,0.11133234806393733,37
2026-09-08 11:20:00.030867,78371.82,188219866.0823461,121164380.21142143,0.21673852716874903,81000.0,3.35347577739038,0.16548546053728896,78000.0,-0.47443073288333526,0.11151753272042886,37
2026-09-08 11:30:00.027975,78421.33,203472989.33863556,121231785.76462416,0.25327993266454973,81000.0,3.288225282585744,0.1889531909451337,78000.0,-0.537264542695215,0.10715418105469582,37
2026-09-08 11:40:00.022244,78412.96,203436013.8595631,121291558.61659165,0.25296421433077865,81000.0,3.299250532054887,0.18862001311523546,78000.0,-0.5266476357989935,0.10696523797662583,37
2026-09-08 11:49:59.967975,78402.01,203389096.53624892,121673644.43667881,0.25138363091073435,81000.0,3.3136777998421296,0.188437902812443,78000.0,-0.5127547112631303,0.10686196435494341,37
2026-09-08 12:00:00.008839,78402.64,203399803.05740786,121674001.65045893,0.2514069119792449,81000.0,3.3128476286002684,0.1884209301324593,78000.0,-0.5135541354219675,0.10673636363153283,37
2026-09-08 12:10:00.032129,78321.37,199290563.8298948,121946545.8931172,0.2407692498648982,81000.0,3.4200499812503393,0.18521716351641576,78000.0,-0.4103222402774609,0.1087063866361578,36
2026-09-08 12:20:00.022469,78242.16,194314285.7565279,122583819.73881523,0.2263518297327491,81000.0,3.524749316736653,0.18596989497978736,78000.0,-0.30950065795729564,0.11261578544545842,36
2026-09-08 12:30:00.009925,78352.62,200293390.7211824,121869465.1744844,0.243429446044195,81000.0,3.3788021383331035,0.1850110045543708,78000.0,-0.45004238530886864,0.10850320811194404,37
2026-09-08 12:40:00.014927,78359.28,203912937.00278246,121890429.55607337,0.2517546344380449,81000.0,3.370015650986069,0.19084280686196456,78000.0,-0.45850344719859937,0.10766179790275075,37
2026-09-08 12:49:59.965573,78368.18,204252950.20701295,121882191.41810861,0.2525663391514736,81000.0,3.358276279990169,0.1894515557092983,78000.0,-0.46980802667612176,0.10684808367521695,37
2026-09-08 13:00:00.007773,78423.4,205020489.064573,121999399.814334,0.25387168204005195,81000.0,3.285498970970413,0.18921267608994805,78000.0,-0.5398898798062768,0.10698566356711237,37
2026-09-08 13:09:59.976528,78431.07,209761088.33512753,122026217.34736845,0.26443106618345735,81000.0,3.2753983848492707,0.187094836613268,78000.0,-0.5496163701451562,0.1057881832163058,37
2026-09-08 13:20:00.008604,78368.47,204483298.53111428,122157807.99780785,0.25203652843374447,81000.0,3.357893806016632,0.1892452927504864,78000.0,-0.4701763349469479,0.10715818551407268,37
2026-09-08 13:29:59.989124,78310.28,197642991.85711133,122301979.70119673,0.2354811572407668,81000.0,3.434695930087339,0.18153841812217508,78000.0,-0.39621873398997254,0.10985487292188624,36
2026-09-08 13:40:00.038271,77847.78,194282233.97288644,96309556.09834309,0.3371488156996053,81000.0,4.049209881129556,0.15797418467078858,75000.0,-3.658138998954108,0.08281484346626336,36
2026-09-08 13:50:00.008026,77854.44,194286989.52113897,95726268.66794261,0.33984901748504603,81000.0,4.04030906907813,0.15860151537278028,75000.0,-3.666380491594312,0.08277927550238495,36
2026-09-08 13:59:59.993989,77937.78,199499004.87993583,75295959.81568311,0.45198442846952536,81000.0,3.929057255672408,0.1644729108747413,70000.0,-10.184765334604084,0.08272810276344887,36
2026-09-08 14:10:00.037948,78053.94,154434438.26838046,125123330.04421844,0.10484812638576589,81000.0,3.7743898642400353,0.16958824734027309,78000.0,-0.06910605665774172,0.1106039005578789,36
2026-09-08 14:20:00.011672,78277.68,199689787.07727295,123848014.43425217,0.2344139457234926,81000.0,3.477772974365112,0.18070135420297304,78000.0,-0.35473713579655675,0.1096955889573859,36
2026-09-08 14:29:59.982370,78318.33,201843237.74267578,125263233.98002435,0.2341133862602726,81000.0,3.4240643282358096,0.1793780527541537,78000.0,-0.4064565728099656,0.10889680940406397,36
2026-09-08 14:40:00.005272,78328.58,202291437.13762614,125392472.02090192,0.23467421795045104,81000.0,3.4105303581400293,0.17900363482002596,78000.0,-0.4194892847540488,0.10883594948588163,36
2026-09-08 14:50:00.039788,78538.12,211550643.13364598,129569971.57358122,0.24032752060565474,81000.0,3.1346306736143026,0.18459226164433623,78000.0,-0.6851704624454946,0.10474304994363778,37
2026-09-08 15:00:00.028409,78539.44,214683057.96197945,129494075.55590066,0.24751493957588325,81000.0,3.132897306117788,0.18988258385839735,78000.0,-0.6868396311458302,0.104082552530377,37
2026-09-08 15:10:00.017440,78569.79,215073776.63665533,129652142.15784964,0.24779579898582121,81000.0,3.0930590497951105,0.18977018461217207,78000.0,-0.7252023964936072,0.10402094182226518,37
2026-09-08 15:20:00.007408,78592.35,216358534.44406438,129292196.37830694,0.2518910862957224,81000.0,3.0634661007082675,0.1897382993148082,78000.0,-0.753699310429079,0.10400755287665296,37
2026-09-08 15:29:59.978119,78441.34,213666169.53634208,124749702.35746068,0.2627431942872467,81000.0,3.261876964365995,0.17950818224283827,78000.0,-0.5626369972771994,0.10527729295617859,37
2026-09-08 15:40:00.010437,78608.06,217053384.7760725,128612640.82034224,0.25585605007936185,81000.0,3.042868632046125,0.19072692489855006,78000.0,-0.7735339098815075,0.10418285049351418,37
2026-09-08 15:50:00.013909,78759.13,226760113.9715852,123592491.01505467,0.2944679773694409,81000.0,2.845219341554417,0.20122281736550432,78000.0,-0.9638628562809171,0.1012073302814268,37
2026-09-08 16:00:00.005408,78891.82,231233351.30584884,122483743.61286986,0.30744798386961975,81000.0,2.6722415581235115,0.20510872134695388,78000.0,-1.130434055140328,0.09984299527595286,37
2026-09-08 16:10:00.037502,78714.58,223557090.7188169,124002356.53282304,0.28643944215365913,81000.0,2.9034265316539853,0.1965911086377899,78000.0,-0.9078114880369026,0.10161732339658901,37
2026-09-08 16:20:00.023825,78617.49,216759220.96660203,128485768.28316474,0.2556835158571296,81000.0,3.030508860051362,0.19070057888106917,78000.0,-0.7854359125431309,0.10416039686498807,37
2026-09-08 16:30:00.010765,78626.27,214975081.9648919,128514468.46270247,0.25171250011698637,81000.0,3.0190036993996916,0.18599516022117646,78000.0,-0.7965149561336204,0.10455831614398702,37
2026-09-08 16:40:00.021284,78868.71,231332839.21889234,122550582.80831352,0.30739574006440984,81000.0,2.702326435921165,0.2047761283049023,78000.0,-1.101463432075922,0.09995635457873828,37
2026-09-08 16:49:59.973590,78811.06,227807565.4313747,123555029.69732545,0.2967092604033811,81000.0,2.77745280928845,0.2002691365093675,78000.0,-1.0291195169814915,0.10058520185745815,37
2026-09-08 17:00:00.009181,78725.71,224305971.4514883,125008983.43437421,0.2842620581462338,81000.0,2.8888783600681256,0.19593820364476028,78000.0,-0.9218208384529136,0.10344408794881771,37
2026-09-08 17:10:00.027316,78693.05,220283710.30582958,125742521.96096776,0.27321971437115644,81000.0,2.9315803619252234,0.1913952370884349,78000.0,-0.8807003922201573,0.10407121943093652,37
2026-09-08 17:20:00.013180,78619.7,215264033.25892583,129376759.62088054,0.24920808973416708,81000.0,3.027612672141977,0.18548893640342293,78000.0,-0.7882248342336529,0.10449186858597097,37
2026-09-08 17:29:59.969619,78579.74,210085437.85712475,129489056.6457656,0.2373452144259119,81000.0,3.080005100551353,0.18732495955571155,78000.0,-0.737772866135733,0.10574270020117178,37
2026-09-08 17:39:59.983600,78576.99,214711370.15670282,129574399.23905623,0.24728576806141822,81000.0,3.083612645381284,0.18549320155817486,78000.0,-0.734298934077271,0.1048670574122436,37
2026-09-08 17:50:00.009617,78509.26,202534995.75013208,130904127.17987694,0.21482442714225505,81000.0,3.1725429586267895,0.1768385224243367,78000.0,-0.6486623361371624,0.10699476701211227,37
2026-09-08 17:59:59.987686,78493.73,209237382.41520047,124373711.29063341,0.2543790441195482,81000.0,3.192955666650077,0.17687988530178086,78000.0,-0.6290056543369671,0.10716997203132868,37
2026-09-08 18:10:00.035052,78660.52,218907505.66788092,129225280.01398914,0.2576092495230972,81000.0,2.974147641027547,0.19117100528743008,78000.0,-0.8397096790105141,0.10426268018291263,37
2026-09-08 18:20:00.004206,78750.96,225009708.2569194,125167451.14586443,0.2851192730026505,81000.0,2.8558889948770094,0.19607187689260142,78000.0,-0.9535883753036267,0.10360960766632396,37
2026-09-08 18:30:00.035823,78721.5,224560416.3164634,125801976.9700787,0.281875113421821,81000.0,2.894380823536147,0.19590781990744954,78000.0,-0.9165221699281689,0.10368679050765009,37
2026-09-08 18:40:00.008179,78581.13,207965152.6615611,129940522.07515407,0.23090654114406697,81000.0,3.0781817466865036,0.182590653380304,78000.0,-0.7395286883759566,0.1064807509101016,37
2026-09-08 18:49:59.969362,78323.61,203842417.33407754,126095288.37224896,0.23564184273933925,81000.0,3.417092240768782,0.1733156934094054,78000.0,-0.4131704348152465,0.10936532270103107,36
2026-09-08 19:00:00.037688,78426.07,207039314.91187617,124843648.11923619,0.2476646165923695,81000.0,3.281982636641101,0.1719745339822841,78000.0,-0.5432759795307995,0.10794755836617831,37
2026-09-08 19:10:00.011243,78445.76,207243102.0139768,126507792.18326405,0.2419029019379934,81000.0,3.2560587085904924,0.1713465605656492,78000.0,-0.5682397620980328,0.10960158307796133,37
2026-09-08 19:20:00.026893,78431.49,206863702.984849,126718841.65202829,0.24025496124223988,81000.0,3.2748453459190863,0.17165184237314304,78000.0,-0.5501489261519943,0.10979685615070797,37
2026-09-08 19:30:00.029171,78465.42,207871246.56468463,125731420.10931502,0.24622053316989095,81000.0,3.2301872595596803,0.17146032286653012,78000.0,-0.5931530093128856,0.1096246868382336,37
2026-09-08 19:40:00.017763,78453.56,207757633.66257903,125807650.60565144,0.24567899275462074,81000.0,3.245792797675473,0.1714378271603906,78000.0,-0.5781254540902947,0.10965604128691112,37
2026-09-08 19:49:59.994249,78402.55,207616334.9475529,127082616.6841835,0.2406153884580412,81000.0,3.312966223675118,0.17233949196540238,78000.0,-0.513439932757298,0.11057687254994696,37
2026-09-08 20:00:00.013004,78435.0,208301434.94287574,126011562.9887835,0.2461461937262579,81000.0,3.2702237521514688,0.17229343134428624,78000.0,-0.5545993497800716,0.11054731902525769,37
2026-09-08 20:10:00.023639,78512.38,203066605.29680222,131308731.98108628,0.21460276915124363,81000.0,3.1684429895004973,0.17102287064197394,78000.0,-0.6526104545550693,0.10754500263490871,37
2026-09-08 20:19:59.987249,78511.14,202987209.25702327,131236287.20559064,0.2146794669161109,81000.0,3.1700724253908463,0.17109498602349724,78000.0,-0.6510413681421467,0.10756781427869033,37
2026-09-08 20:30:00.014108,78578.79,205202465.1956604,130504368.56673808,0.22250990780185018,81000.0,3.0812513147632004,0.17138376906150057,78000.0,-0.7365728080058198,0.10728766372648954,37
2026-09-08 20:39:59.965843,78524.19,203622896.66531953,132057950.60497744,0.21319341464458516,81000.0,3.152926505832143,0.17073232349540052,78000.0,-0.6675522536431111,0.10726489493587808,37
2026-09-08 20:50:00.035339,78496.97,210910571.45600414,124789485.46187145,0.2565417676268105,81000.0,3.1886963280238767,0.17064143762828293,78000.0,-0.6331072396807191,0.10737751538744873,37
2026-09-08 21:00:00.014519,78476.78,208158323.94384223,124818233.51359573,0.2502881616250095,81000.0,3.2152440505331725,0.16600829202652412,78000.0,-0.6075427661532462,0.10812925071701049,37
2026-09-08 21:10:00.008854,78536.78,207856610.26577294,132452926.46648616,0.22157381930383913,81000.0,3.136390363852448,0.17567262170577314,78000.0,-0.6834759459198647,0.10839381117601124,37
2026-09-08 21:20:00.011112,78519.71,204973178.47205964,133123420.90680903,0.21251251180061786,81000.0,3.158811972178688,0.17095557419359184,78000.0,-0.6618847675316286,0.10902914399852208,37
2026-09-08 21:29:59.998847,78524.66,205086890.16012645,133263590.14092454,0.21227485758346298,81000.0,3.15230909627624,0.17092483870959385,78000.0,-0.668146796178426,0.10898080209717025,37
2026-09-08 21:40:00.006170,78508.27,200477118.04480207,134276108.2112877,0.19776063273209465,81000.0,3.1738439784751327,0.1657644650124474,78000.0,-0.6474095022091397,0.11028023904032708,37
2026-09-08 21:50:00.011692,78501.38,201444872.71099293,133799168.03993526,0.201780483612878,81000.0,3.182899459856614,0.1653432140933986,78000.0,-0.6386894090269601,0.11003337609848172,37
2026-09-08 22:00:00.041277,78481.48,209645978.73567343,126019043.02149704,0.24913807008069633,81000.0,3.2090628260323273,0.1653645453218508,78000.0,-0.6134950564133046,0.11022960673102988,37
2026-09-08 22:10:00.023014,78471.4,209590651.33419946,125339985.8264522,0.25154660744677076,81000.0,3.2223204887385837,0.16558783495440849,78000.0,-0.6007284182517392,0.11053962031213908,37
2026-09-08 22:20:00.017189,78458.18,209602155.07008874,126150812.5413252,0.24854982853151292,81000.0,3.239713182232884,0.1650784951213902,78000.0,-0.5839798985905476,0.1104873504161738,37
2026-09-08 22:29:59.988204,78489.6,209832165.67025667,125060284.93095571,0.25313165640824414,81000.0,3.198385518590996,0.16548646707074696,78000.0,-0.6237769080234878,0.11059354155715316,37
2026-09-08 22:40:00.011331,78480.64,210038021.00474685,125034382.44486827,0.2536873752799538,81000.0,3.2101675011824593,0.165396565356529,78000.0,-0.6124312951576338,0.11053594025449702,37
2026-09-08 22:49:59.990848,78540.59,210188408.22207564,133437953.15712279,0.22335438630756624,81000.0,3.1313872228359907,0.16960796649424384,78000.0,-0.6882937854171933,0.10864990709856506,37
2026-09-08 22:59:59.998828,78548.91,210436426.47525924,133424208.25100408,0.2239634620739945,81000.0,3.1204634157240285,0.16908260083628687,78000.0,-0.6988130070805565,0.10831418242709936,37
2026-09-08 23:10:00.003914,78503.45,202184493.26161727,134002016.31474262,0.20281146031943317,81000.0,3.1801787055218522,0.16641172289211628,78000.0,-0.6413093946826542,0.1104814759262037,37
2026-09-08 23:20:00.027252,78464.53,207173596.3887619,125266816.70397253,0.2463803330130667,81000.0,3.2313581690988302,0.16124032395256133,78000.0,-0.5920254667937219,0.11198650009021786,37
2026-09-08 23:29:59.976074,78453.6,207284220.7776781,125316304.75006269,0.24644553972834546,81000.0,3.2457401572394406,0.16114927512631919,78000.0,-0.5781761448805489,0.11214174266951446,37
2026-09-08 23:40:00.008672,78450.34,211930041.0412768,125428179.4111867,0.2564095266867194,81000.0,3.250030528867054,0.15952514042495125,78000.0,-0.5740446759057938,0.11100989690082695,37
2026-09-08 23:50:00.024619,78425.4,211167097.39950746,125572076.57131992,0.25418789212686865,81000.0,3.28286499016901,0.15966540965710183,78000.0,-0.5424263057631773,0.11144505970741134,37
2026-09-09 00:00:00.007134,78447.92,211516212.7630736,125372685.59803914,0.25570307476471615,81000.0,3.253215636564999,0.15967431937757212,78000.0,-0.5709775351596336,0.11128854903292712,37
2026-09-09 00:10:00.020315,78610.51,210378411.5634575,134468054.28571764,0.22012798388643087,81000.0,3.039657165435017,0.16397719747856884,78000.0,-0.7766264332847994,0.10787158861395432,37
2026-09-09 00:20:00.024493,78691.62,219737401.62788332,132127612.04870334,0.2489869301405046,81000.0,2.9334508553769734,0.17387584213827764,78000.0,-0.8788991763036491,0.10598646265264391,37
2026-09-09 00:30:00.014797,78622.71,211530120.20024478,134201398.6491561,0.22366697085773293,81000.0,3.0236683523119368,0.16371232997804439,78000.0,-0.7920230681440543,0.1076973468383104,37
2026-09-09 00:40:00.013438,78650.21,215368230.84379137,132949005.1755077,0.23662115205725023,81000.0,2.9876461868315385,0.16900992701784867,78000.0,-0.8267110793474086,0.10668317233033849,37
2026-09-09 00:49:59.980689,78758.28,222365326.62781638,128952821.83199435,0.26589148669189233,81000.0,2.8463293002335854,0.17430647673685584,78000.0,-0.962794007182477,0.10558040131346189,37
2026-09-09 01:00:00.010057,78770.06,222790607.71326214,129069517.52467625,0.2663589405739251,81000.0,2.830948713254755,0.1741499000632253,78000.0,-0.97760494279171,0.10532239807468745,37
2026-09-09 01:09:59.971937,78795.16,223598867.49326685,128221850.6957071,0.2710955093506738,81000.0,2.798192173224856,0.17424478566166643,78000.0,-1.00914827763533,0.10505328103860273,37
2026-09-09 01:20:00.007357,78640.21,215637957.5432026,133606293.24159488,0.2348833634834986,81000.0,3.0007422411511886,0.16910015017339686,78000.0,-0.8141000640766394,0.10706714268414382,37
2026-09-09 01:29:59.981931,78729.39,218458375.72367918,131892744.58293055,0.24708250130609183,81000.0,2.884069087795549,0.1691710209682413,78000.0,-0.9264519895302081,0.10595120038936037,37
2026-09-09 01:39:59.982314,78832.33,222763221.41047907,127498047.22486946,0.2719831814598624,81000.0,2.7497221000571725,0.16959137138773506,78000.0,-1.0558231629079096,0.1050178108208887,37
2026-09-09 01:49:59.994637,78861.16,223379868.0439809,126481586.54695521,0.2769618665489194,81000.0,2.7121589385700196,0.16982245591027773,78000.0,-1.0919950961918445,0.10596553580050043,37
2026-09-09 01:59:59.990456,78882.31,227118162.88079104,126180013.55518322,0.285702435104134,81000.0,2.684619656802645,0.17479893629044352,78000.0,-1.1185144045604112,0.10504851763732735,37
2026-09-09 02:10:00.023281,78896.82,228131447.44660348,125684017.09584641,0.2895504595403734,81000.0,2.6657348166884143,0.1746594025223011,78000.0,-1.1366998061518863,0.10480170161559016,37
2026-09-09 02:19:59.997684,78745.8,219006398.573498,132069394.25212416,0.24763030119981835,81000.0,2.862628864015604,0.16925320193920793,78000.0,-0.9470981309479432,0.10680460101025663,37
2026-09-09 02:29:59.995107,78814.73,221766289.55404744,128039316.1430874,0.26794016986711694,81000.0,2.7726669875034915,0.16969362093404222,78000.0,-1.0337280861077547,0.10621326374151877,37
2026-09-09 02:40:00.004169,78755.36,219118252.76815557,131648315.68370812,0.24936794139334037,81000.0,2.8501425172839046,0.169390405593221,78000.0,-0.9591220203932771,0.1065147754621814,37
2026-09-09 02:50:00.055551,78768.46,219213117.98899102,131075701.40754376,0.2516135591575183,81000.0,2.8330374873394737,0.1696012344874029,78000.0,-0.9755935307101393,0.10648337750055499,37
2026-09-09 02:59:59.991788,78715.4,216079197.07638767,132651927.27443674,0.23923092599564724,81000.0,2.9023545583202415,0.16378447368613636,78000.0,-0.9088437586545872,0.10726783049975715,37
2026-09-09 03:10:00.011042,78637.89,213226740.1312065,135016073.34260863,0.2245865923503936,81000.0,3.003781001753736,0.16314135916752803,78000.0,-0.8111738501630716,0.10962059372796773,37
2026-09-09 03:20:00.044270,78573.36,207681028.34543288,137072822.42338926,0.2048075917486723,81000.0,3.08837499121839,0.15806480002532156,78000.0,-0.7297129714193162,0.11132761385243553,37
2026-09-09 03:29:59.994645,78568.56,206379630.2195422,137000580.10254982,0.20204731673940834,81000.0,3.0946729836972997,0.15805995981612583,78000.0,-0.7236482379211151,0.11132420481424221,37
2026-09-09 03:40:00.012983,78596.99,207189757.9967089,136604681.4488295,0.20531186211655122,81000.0,3.057381713981666,0.1580221080873267,78000.0,-0.7595583494991454,0.11079665491089533,37
2026-09-09 03:50:00.021045,78636.39,212014148.157638,135487746.2955764,0.220218660915429,81000.0,3.005745813102556,0.16396327326371163,78000.0,-0.8092818096049448,0.10983516566556323,37
2026-09-09 04:00:00.014802,78623.54,211506397.98907858,135639490.18510166,0.2185447398008953,81000.0,3.0225807690673845,0.16405086330352628,78000.0,-0.7930703705277042,0.10988783153612978,37
2026-09-09 04:09:59.989591,78762.6,217593635.005575,128824473.22107147,0.25624861886961664,81000.0,2.840688347007325,0.16547907029400502,78000.0,-0.9682260362151696,0.10717988337190178,37
2026-09-09 04:20:00.017151,78814.22,219497398.1921211,128057350.12613246,0.2630953785222281,81000.0,2.7733320205414635,0.16535953071983622,78000.0,-1.0330876839230285,0.10621163450642612,37
2026-09-09 04:30:00.011238,78879.01,221802458.58673203,125297208.5155879,0.27803325447355093,81000.0,2.688915593641461,0.1657360362078832,78000.0,-1.1143775764934083,0.10543796356280227,37
2026-09-09 04:40:00.021722,78910.78,225620918.899391,124408019.29097164,0.28915580560763493,81000.0,2.6475723595686285,0.17061154868423772,78000.0,-1.1541895796746693,0.10413522343681722,37
2026-09-09 04:49:59.992501,79111.05,210058243.0250198,126416429.97349146,0.24858279021761145,81000.0,2.3877195410754837,0.17522493704761913,78000.0,-1.4044182197050836,0.09963149949813475,37
2026-09-09 05:00:00.008235,79155.72,211464569.35656548,124801786.17909728,0.2577206483813013,81000.0,2.329939011356341,0.17545812186987747,78000.0,-1.4600587298050027,0.09747653644712384,37
2026-09-09 05:09:59.995543,79116.89,204624165.9003814,126672266.63905782,0.23529350637376328,81000.0,2.3801618086858545,0.1674628940231918,78000.0,-1.41169603608029,0.10013446807988174,37
2026-09-09 05:20:00.008938,79301.87,217471145.3800195,119699757.66249432,0.2899757566126553,81000.0,2.141349251915514,0.178446695421697,78000.0,-1.6416636833406217,0.09456346189180218,38
2026-09-09 05:30:00.052512,79116.23,204620000.8039851,126107748.12590018,0.2373923958062848,81000.0,2.3810158800539494,0.16835033726095244,78000.0,-1.410873596985085,0.09798311462060494,37
2026-09-09 05:40:00.015577,78934.32,224428550.73443595,122017792.91562803,0.2956035175312753,81000.0,2.6169605312365896,0.16416187428500756,78000.0,-1.1836676365869825,0.1013405785899061,37
2026-09-09 05:50:00.009970,78840.61,220544095.90443775,124778859.22333387,0.2773207956756601,81000.0,2.7389311168444674,0.16431776651736474,78000.0,-1.066214480075689,0.10200174993834975,37
2026-09-09 06:00:00.011653,78921.62,227087464.68211916,122027800.79435499,0.30093116594136393,81000.0,2.633473565291755,0.16450666157597243,78000.0,-1.1677661963857222,0.10031849252671077,37
2026-09-09 06:10:00.014566,78941.41,227530027.94343996,121133306.05879638,0.3051560388164049,81000.0,2.6077441484766872,0.1647133233116767,78000.0,-1.19254267183726,0.10027746170072827,37
2026-09-09 06:20:00.010149,79156.92,208444528.26268998,126097707.18031862,0.2461477576166901,81000.0,2.3283877139231857,0.16959192684177507,78000.0,-1.46155257177768,0.09725020453917925,37
2026-09-09 06:30:00.008768,79144.43,207842693.9299062,126461496.21100667,0.24343457282003092,81000.0,2.3445364380032974,0.16947707181979846,78000.0,-1.446001948589426,0.097155580943113,37
2026-09-09 06:40:00.013222,79193.87,210261593.18777382,125060279.32001662,0.25408814888977377,81000.0,2.2806436912351957,0.1694912090712435,78000.0,-1.5075282973290638,0.09654347012089835,38
2026-09-09 06:49:59.983510,79129.9,205982410.2487055,129580213.1410288,0.22768387115313637,81000.0,2.3633291587630056,0.16909403517046992,78000.0,-1.4279052545245197,0.09754321499531493,37
2026-09-09 07:10:00.010650,79293.2,222159588.90387115,120823176.09673288,0.29545628278715347,81000.0,2.152517492042194,0.17419089598414084,78000.0,-1.6309090817371419,0.09382340131559187,38
2026-09-09 07:20:00.037439,79243.42,217749815.21939248,122771955.47789216,0.2789186123019819,81000.0,2.2166887799643265,0.17518914911533218,78000.0,-1.569114508182512,0.09436108443394979,38
2026-09-09 07:30:00.027763,79267.65,218383780.68653896,121193140.00282915,0.28621097242534943,81000.0,2.185443872752635,0.1756027160466102,78000.0,-1.5992021966085734,0.09440342444227467,38
2026-09-09 07:40:00.014844,79213.66,205159797.1020069,124070003.92260556,0.2463014980024219,81000.0,2.2550908517546153,0.17247519358469676,78000.0,-1.5321347353474124,0.0988736539613098,38
2026-09-09 07:49:59.971239,79183.67,197432638.8991173,121007269.13637781,0.23999934629493952,81000.0,2.293818914935364,0.1762850405403078,78000.0,-1.4948410448770488,0.10115260641428235,38
2026-09-09 08:00:00.005747,79260.04,196069228.3909277,115202830.0033532,0.2597933100861336,81000.0,2.195255011226349,0.17939677714127633,78000.0,-1.5897544336338942,0.10285037094271578,38
2026-09-09 08:10:00.007353,79451.21,206616791.32996866,112823282.15745257,0.2936184810770445,81000.0,1.94935986500393,0.1901125692859041,78000.0,-1.8265423522184299,0.09867102622125733,38
2026-09-09 08:20:00.029545,79491.29,208530386.52634573,113670192.20581298,0.29441348210422935,81000.0,1.8979563672950839,0.1894389758254777,78000.0,-1.8760420166788028,0.09864270952779763,38
2026-09-09 08:30:00.012799,79672.92,207517370.96044666,117657073.57249564,0.27634489394460265,81000.0,1.6656600511190112,0.19440031623439735,78000.0,-2.099734765589112,0.09579841545881605,38
2026-09-09 08:39:59.973049,79610.26,208937341.06713623,118761630.73963852,0.27517849638133485,81000.0,1.7456795141731707,0.19341517416706994,78000.0,-2.022678986351756,0.09530379281481648,38
2026-09-09 08:50:00.031720,79603.58,209232676.28186724,118725922.8305164,0.2759700574898978,81000.0,1.7542175866964715,0.19308264623259302,78000.0,-2.014457138736725,0.09520345604420613,38
2026-09-09 09:00:00.016248,79687.23,211182306.15348566,116307092.50846523,0.2897046867246986,81000.0,1.6474032288485985,0.19365884223121738,78000.0,-2.1173154092569146,0.09550356088362409,38
2026-09-09 09:10:00.020701,79490.6,211888470.6676029,114033253.35978037,0.3002414693277731,81000.0,1.8988408692348413,0.18783082676343962,78000.0,-1.8751902740701487,0.09795058932594643,38
2026-09-09 09:20:00.010926,79476.93,212481809.9511948,114452872.67634591,0.2998425755475079,81000.0,1.9163674288878552,0.18740179695722523,78000.0,-1.8583128462561271,0.0977372588763849,38
2026-09-09 09:30:00.022099,79407.61,211911808.95149526,116010984.74206546,0.29244939983967017,81000.0,2.005336768100685,0.1866898274225424,78000.0,-1.7726386677548889,0.1002718081988557,38
2026-09-09 09:39:59.985994,79304.06,209316590.7157416,116747017.03753349,0.28390035403231323,81000.0,2.1385285948789967,0.18641179183679918,78000.0,-1.6443798715980007,0.10023822651122595,38
2026-09-09 09:50:00.012198,79003.84,189460789.213768,119824493.61162561,0.22515230911085873,81000.0,2.5266619951637814,0.1759005341319324,78000.0,-1.2706217824348776,0.10428338942511857,37
2026-09-09 10:00:00.014830,78943.18,218618650.28807804,119371896.54983091,0.2936376613688049,81000.0,2.605443560799059,0.17566568100750204,78000.0,-1.1947580525638712,0.10414611021762361,37
2026-09-09 10:10:00.018308,78951.38,215756350.13530058,90489423.96950038,0.4090405052346367,81000.0,2.594786816899197,0.17091050882986353,78000.0,-1.2050201022452134,0.10495047461987952,37
2026-09-09 10:20:00.014189,79053.69,199615954.12292337,119224879.78145379,0.25213544123893333,81000.0,2.462010312232099,0.17600248318751743,78000.0,-1.3328789585913103,0.10410747903923866,37
2026-09-09 10:30:00.015331,79071.4,200025143.97595167,119112931.49106574,0.25353356025125284,81000.0,2.4390614052615778,0.17594310455513631,78000.0,-1.3549779060444078,0.10386076420590443,37
2026-09-09 10:40:00.009357,79137.93,200487203.3414414,119114049.08745293,0.2546083710109758,81000.0,2.3529425144175553,0.17593284730993097,78000.0,-1.4379072083386513,0.10374454582661112,37
2026-09-09 10:50:00.012831,79029.3,189728694.2352653,119568531.63912305,0.22683734843659956,81000.0,2.4936321085976987,0.17627581866349243,78000.0,-1.3024283398688885,0.10405716827438624,37
2026-09-09 11:00:00.006663,78906.54,215388002.6211057,121508226.81989513,0.2786608088697868,81000.0,2.653088071026821,0.17016269768618472,78000.0,-1.1488781538260273,0.1065387983301813,37
2026-09-09 11:10:00.006388,78838.26,210070372.6542684,122169251.58454216,0.26457145583136044,81000.0,2.741993544758614,0.17152993225575078,78000.0,-1.0632654754176407,0.10754188663874778,37
2026-09-09 11:19:59.896002,78803.95,208991084.749403,122665253.84449409,0.26028699246605447,81000.0,2.7867257922984834,0.1716030156865951,78000.0,-1.0201899777866452,0.1076078756664028,37
2026-09-09 11:29:59.992315,78975.65,214385179.38725418,91225539.6352784,0.4029951571917713,81000.0,2.5632584220579346,0.17685559601943268,78000.0,-1.2353807787590099,0.1045147988251161,37
2026-09-09 11:39:59.996040,79030.71,190262239.63102806,120194697.83276549,0.2256916607200445,81000.0,2.491803502714318,0.17523450543447494,78000.0,-1.3041892196084315,0.1034208812443638,37
2026-09-09 11:50:00.042522,79136.38,201958505.5253905,119841414.59855214,0.25518058206854316,81000.0,2.354947244238348,0.17476210749774573,78000.0,-1.4359767277704716,0.1030311367789795,37
2026-09-09 12:00:00.001589,79309.89,209838180.74146068,116835449.23512205,0.2846961706489912,81000.0,2.131020481808754,0.18673493267504776,78000.0,-1.6516099064063705,0.09775488414636913,38
2026-09-09 12:09:59.957353,79399.86,211873788.0592509,115135742.39707586,0.2958263801277643,81000.0,2.015293225957837,0.18662191322268185,78000.0,-1.7630509675961692,0.09735169215757457,38
2026-09-09 12:31:37.009330,79435.79,212966659.95497614,114676481.36005872,0.29999156460415455,81000.0,1.9691501777725273,0.18639925633303153,78000.0,-1.8074850139968346,0.0971392986235279,38
2026-09-09 12:39:59.996719,79502.89,208223576.1127395,119846277.89942718,0.2693856114254094,81000.0,1.8830887782821382,0.18666664768947028,78000.0,-1.890358954246818,0.09715789743360159,38
2026-09-09 12:50:00.121502,79603.14,209099257.77393636,117600613.61259982,0.2800694220447965,81000.0,1.7547800250090617,0.18698526247011785,78000.0,-2.013915531472754,0.09522871173661202,38
2026-09-09 13:00:00.011563,79586.11,208918463.964368,117561638.68692654,0.279823562096271,81000.0,1.7765537227538708,0.18932210601692492,78000.0,-1.9929482669777454,0.0964098416725793,38
2026-09-09 13:10:00.032639,79515.8,208327625.08357194,119003936.67352377,0.27288443537361357,81000.0,1.8665472773964353,0.188894944597685,78000.0,-1.9062878069515787,0.09831435955510533,38
2026-09-09 13:20:00.001078,79494.83,213823849.72591925,114268276.20253178,0.30343786289189434,81000.0,1.8934187292431348,0.18679904934092392,78000.0,-1.880411594062159,0.09712251248865489,38
2026-09-09 13:30:00.016588,79597.77,209171596.424999,118000566.43662688,0.27866377503189954,81000.0,1.7616448299996312,0.18921753929679064,78000.0,-2.0073049785188757,0.09625649879733919,38
2026-09-09 13:40:00.021429,79318.65,211126532.5303761,116842952.15285048,0.2874766854257511,81000.0,2.1197410697232133,0.18595935297498606,78000.0,-1.6624715624887654,0.09720485627181631,38
2026-09-09 13:49:59.971446,79283.86,210962866.36223787,118720545.61207557,0.2797906033481271,81000.0,2.1645515241059066,0.1849137824804686,78000.0,-1.6193207545646793,0.09924949887863826,38
2026-09-09 14:00:00.012143,79121.34,206551533.8010228,121618019.27686386,0.25880985523358746,81000.0,2.3744036690986237,0.1791665696638334,78000.0,-1.4172409112383488,0.10165965523756776,37
2026-09-09 14:10:00.027398,78972.48,221970199.38892144,92600258.60230939,0.41125902798608777,81000.0,2.567375369242564,0.17413830662399196,78000.0,-1.2314163110997645,0.10308170318863667,37
2026-09-09 14:20:00.009845,78944.91,221900999.30480292,123411108.61097611,0.28521991681174497,81000.0,2.603195063494268,0.17387571410558578,78000.0,-1.1969232721906975,0.10461172377894815,37
2026-09-09 14:30:00.028033,79245.39,211505050.23656252,120156983.59016207,0.2754251537097094,81000.0,2.2141477251862884,0.1845114558238716,78000.0,-1.5715614498206132,0.09898306002754881,38
2026-09-09 14:39:59.970356,79240.36,212386149.4732152,120457126.3624945,0.27619312086117237,81000.0,2.2206360496090705,0.1840321127518475,78000.0,-1.5653134337097918,0.0987125190710549,38
2026-09-09 14:50:00.009078,79115.17,206597247.83031267,122195116.68780023,0.256703440380115,81000.0,2.3823876002541544,0.17273052286531612,78000.0,-1.4095526812367365,0.10164159269550023,37
2026-09-09 14:59:59.971822,78940.72,226576099.64967093,123559345.96190111,0.2942197226214366,81000.0,2.6086410156887396,0.17216046311303831,78000.0,-1.1916790219293705,0.10386722651267827,37
2026-09-09 15:10:00.015789,78588.99,210036266.72479782,131405455.63400687,0.2302905765223431,81000.0,3.067872484428147,0.1619549276770831,78000.0,-0.7494561261062183,0.10715740689144432,37
2026-09-09 15:20:00.008220,78522.17,209071250.68400085,132369431.47140652,0.22464171149260811,81000.0,3.1555801374312464,0.16031850287740437,78000.0,-0.6649969046958359,0.10659481066602355,37
2026-09-09 15:30:00.012090,78354.68,211559632.8857563,126090057.405361,0.2531309162662182,81000.0,3.3760842364489285,0.1557094769633832,78000.0,-0.4526596241602787,0.11084896099791125,37
2026-09-09 15:40:00.015223,78695.98,222050953.59958285,130628546.76241758,0.2592223442057921,81000.0,2.927748024740273,0.1647522052170047,78000.0,-0.8843907909908411,0.10540812944919438,37
2026-09-09 15:50:00.041881,78590.43,216676118.4470521,133197181.60403152,0.2385976204266863,81000.0,3.065983988126808,0.1591950304293222,78000.0,-0.7512746781001112,0.1083222731429707,37
2026-09-09 15:59:59.973442,78579.05,216524643.03704542,134160573.36477199,0.2348661016206059,81000.0,3.0809102426155643,0.15832583433189515,78000.0,-0.7369012478516845,0.1081301196001317,37
2026-09-09 16:10:00.013430,78481.04,218691847.363534,126859725.88652834,0.2657551826874488,81000.0,3.209641462447488,0.15887873146838408,78000.0,-0.6129378509764805,0.11095232469402677,37
2026-09-09 16:19:59.987570,78534.11,214371444.07700235,135569108.52149618,0.22518777823934968,81000.0,3.1398967913432774,0.15787810993684437,78000.0,-0.680099386113886,0.10793387870959835,37
2026-09-09 16:29:59.998215,78612.77,222214825.63845026,133707307.15958646,0.24867101627840105,81000.0,3.0366949288264333,0.1627133863713759,78000.0,-0.7794789574263827,0.10712118812394351,37
2026-09-09 16:40:00.010844,78791.75,224932889.12984973,128729753.37379149,0.2720195016217122,81000.0,2.8026411394594053,0.16472737677905586,78000.0,-1.0048640879279924,0.10565767048642052,37
2026-09-09 16:50:00.019550,78729.57,224039868.79672343,132905785.38344398,0.2553164111847675,81000.0,2.88383386318507,0.16314634692255056,78000.0,-0.9266785021180834,0.10689944589893371,37
2026-09-09 17:00:00.004673,78784.23,224852527.3921073,129681412.10021304,0.26844006931515735,81000.0,2.812453710596663,0.16458161997513093,78000.0,-0.9954149453513694,0.10770170188893341,37
2026-09-09 17:10:00.023194,78775.57,224958051.90857574,132489169.48769876,0.2586924079579395,81000.0,2.823756146734313,0.16336880274284885,78000.0,-0.9845311179595528,0.10734488428574925,37
2026-09-09 17:20:00.019788,78809.18,226929408.84074345,129958956.63395154,0.27171088101404517,81000.0,2.7799045745686035,0.16306682386790058,78000.0,-1.0267585578228267,0.10684270989348128,37
2026-09-09 17:30:00.010499,78837.44,230434486.32642877,130009415.15030095,0.27861498215031183,81000.0,2.743062179593858,0.16816712699065642,78000.0,-1.0622364196503642,0.10611553652855281,37
2026-09-09 17:40:00.044692,78716.87,225768933.76272854,133593397.51355784,0.256497490768736,81000.0,2.9004329059323597,0.1621701374462764,78000.0,-0.9106942387317907,0.10674011350905982,37
2026-09-09 17:50:00.033768,78741.42,227362241.58691126,133016913.50908902,0.26179463141448867,81000.0,2.8683506088663435,0.1619229643705653,78000.0,-0.9415883025731597,0.10646321888687663,37
2026-09-09 18:00:00.016167,78751.14,228172757.06364053,134131215.06808722,0.2595653076675664,81000.0,2.8556538991054703,0.16132624829696202,78000.0,-0.9538147638243677,0.10798841834580238,37
2026-09-09 18:09:59.978249,78657.68,223923301.50830948,136374467.12147182,0.24299022089364417,81000.0,2.9778656070202025,0.1613081344746068,78000.0,-0.836129415462028,0.10858457009766212,37
2026-09-09 18:20:00.012004,78556.73,219125790.02941743,138423002.77930155,0.2257112564026755,81000.0,3.1101981968954195,0.1556327803906654,78000.0,-0.708698032619226,0.11117247548689253,37
2026-09-09 18:30:00.024463,78608.26,220650385.18391135,138476380.58289027,0.22881615193889682,81000.0,3.0426064640026507,0.15515563510546476,78000.0,-0.7737863679974533,0.11071760356148039,37
2026-09-09 18:40:00.026531,78525.72,218589446.47188294,139942010.5314626,0.21935993175540647,81000.0,3.1509166678127754,0.15523632362966647,78000.0,-0.6694876532173155,0.11293247580637206,37
2026-09-09 18:50:00.015583,78519.8,218527820.17900214,140651506.103617,0.21681736218333567,81000.0,3.158693730753259,0.15498324255500984,78000.0,-0.6619986296450109,0.11289466880642064,37
2026-09-09 18:59:59.989942,78398.75,219806822.5966383,131236242.20676228,0.25230687989657163,81000.0,3.3179738197356423,0.14423341413922805,78000.0,-0.5086178032175259,0.11475975727710243,37
2026-09-09 19:09:59.968508,78375.11,219534660.88384724,132077340.96357024,0.24873246493511114,81000.0,3.349137245230027,0.14446717761930206,78000.0,-0.47860857866738327,0.11455378526257866,37
2026-09-09 19:20:00.011010,78502.92,218341432.46872813,142517747.92018527,0.21011987132161755,81000.0,3.1808753101158604,0.15397931974878534,78000.0,-0.6406385902588019,0.11037108777526916,37
2026-09-09 19:30:00.034386,78519.19,218852416.82220766,142411476.26914966,0.2115930819959564,81000.0,3.159495150166469,0.1539225221672145,78000.0,-0.6612268924322873,0.110316839309064,37
2026-09-09 19:40:00.017597,78333.11,217793210.9155525,133848805.6070927,0.2387212032810474,81000.0,3.404550132121642,0.1444943261317516,78000.0,-0.42524802091988834,0.11515507722693186,36
2026-09-09 19:50:00.028714,78320.48,217651645.46257815,134106524.48226948,0.23750726527093244,81000.0,3.421225201888456,0.14535275702168418,78000.0,-0.4091905463296408,0.11615026115701975,36
2026-09-09 19:59:59.972499,78218.37,207808451.7410896,135243038.1673167,0.21152921852386547,81000.0,3.5562362140760584,0.1441126071826657,78000.0,-0.27917994200082896,0.12031648724043693,36
2026-09-09 20:10:00.006936,78252.58,213643941.8434503,134362750.37828946,0.22781513470047057,81000.0,3.51096411134304,0.14373032731422766,78000.0,-0.3227753001881828,0.12000753860590758,36
2026-09-09 20:19:59.979946,78252.17,209833681.79444975,136849464.38904032,0.21052138879223406,81000.0,3.5115064540702123,0.14413634492155095,78000.0,-0.32225304422867085,0.1204720160931401,36
2026-09-09 20:30:00.017353,78102.0,205191324.7985934,139059809.04553992,0.19210253576970315,81000.0,3.7105323807328894,0.14308714066412748,78000.0,-0.13059844818315014,0.12018330905485367,36
2026-09-09 20:40:00.002422,78295.69,218821153.42529094,136042775.0271712,0.23326794233246168,81000.0,3.453970454823252,0.14409960730379676,78000.0,-0.37765808054057715,0.11560671437459541,36
2026-09-09 20:50:00.038388,78096.27,205541797.2432057,140660038.93921885,0.18741020850564935,81000.0,3.7181417243102644,0.13867751165057696,78000.0,-0.12327093214568041,0.11910378328250536,36
2026-09-09 21:00:00.009505,78304.37,220452846.4223132,137227699.98852915,0.23268010315044985,81000.0,3.4425026342718823,0.1435549080336025,78000.0,-0.3887011669974405,0.11753908016712404,36
2026-09-09 21:10:00.017912,78246.18,215343552.38711622,137707394.05555493,0.21990072286682835,81000.0,3.5194305971230966,0.14853987752934578,78000.0,-0.3146223879555432,0.1218712724732563,36
2026-09-09 21:19:59.980905,78166.09,209198154.37278265,140452496.67198396,0.19661241154673847,81000.0,3.625497962095836,0.14240782388144674,78000.0,-0.21248344390770724,0.12213032585667469,36
2026-09-09 21:30:00.002566,78264.07,215905533.58298188,137677022.3308733,0.22124539218266107,81000.0,3.4957675980817227,0.14466504503734398,78000.0,-0.33740897962500904,0.11881416559152717,36
2026-09-09 21:40:00.011076,78220.48,211547325.17142805,138546952.18647367,0.20851632747577317,81000.0,3.5534427812255798,0.1421616340725196,78000.0,-0.28186991437536557,0.12191919109759083,36
2026-09-09 21:50:00.039940,78087.71,170639172.10679033,141725509.37797296,0.09256380264049713,81000.0,3.7295113405169555,0.13864698288495467,78000.0,-0.11232241283551936,0.11973573732541697,36
2026-09-09 22:00:00.004432,78134.82,208586851.0087364,139641482.41120893,0.19798896867585708,81000.0,3.6669694766046534,0.1423098731205284,78000.0,-0.17254791141773085,0.12255163908757022,36
2026-09-09 22:09:59.962254,77840.8,213387105.24280137,103317068.91330004,0.34754842313902856,81000.0,4.058539994450205,0.12820970477842653,70000.0,-10.072866671462787,0.07760445625222306,36
2026-09-09 22:19:59.999118,77946.33,218240105.6573484,86823977.93519163,0.43078203823457367,81000.0,3.9176571879651068,0.12747964630302178,70000.0,-10.194617244968429,0.07707864314468507,36
2026-09-09 22:30:00.047377,78016.58,166234361.949161,143864329.64889026,0.07213842852734989,81000.0,3.824084572792086,0.13256092704975728,78000.0,-0.02125189286688034,0.12224101235561102,36
2026-09-09 22:40:00.012045,78017.62,166244332.89455894,143010055.36296052,0.07512998493735515,81000.0,3.8227005643084233,0.13253816868853585,78000.0,-0.022584641777068093,0.12050426484268902,36
2026-09-09 22:50:00.009877,77988.73,220631808.24389118,86148754.14249057,0.43836888835226423,81000.0,3.861160452285861,0.1277116004014904,70000.0,-10.243441584444312,0.07708893695991054,36
2026-09-09 23:00:00.036037,77901.76,218122468.52053323,88825995.68730912,0.421231861077742,81000.0,3.9771116852815647,0.12734082158434487,70000.0,-10.14323681518876,0.07699367389762025,36
2026-09-09 23:09:59.981863,78163.2,210265408.55808735,140202252.67503145,0.1999133262011651,81000.0,3.6293294030950607,0.1419890260206002,78000.0,-0.20879390813067777,0.12266192325546932,36
2026-09-09 23:20:00.011074,78147.73,209179893.70941556,141392724.67753622,0.193361276598784,81000.0,3.6498436998746,0.14182452304608364,78000.0,-0.1890394001207607,0.12276532114967953,36
2026-09-09 23:30:00.013917,78172.41,210202277.3161375,140226006.18556267,0.19968785176620973,81000.0,3.617120157866438,0.14188758778213545,78000.0,-0.22055095909158107,0.12281991088076645,36
2026-09-09 23:40:00.013901,78217.12,212165659.49285853,139735691.11454052,0.2058246387895367,81000.0,3.5578911624462917,0.14136121213351913,78000.0,-0.2775862880146862,0.12223870597181985,36
2026-09-09 23:49:59.982365,78248.97,213718339.36272922,138963653.62999249,0.21196059684929663,81000.0,3.515739568201348,0.1421733150144585,78000.0,-0.3181767121024137,0.12281466435496219,36
2026-09-10 00:00:00.015686,78286.7,217560588.8390231,138513253.54037687,0.22199702952181632,81000.0,3.465850521225189,0.1436267922620513,78000.0,-0.3662180165979634,0.11892732720767654,36
2026-09-10 00:10:00.001498,78298.2,217992163.64616793,138389834.22468922,0.223362374915257,81000.0,3.4506540380238704,0.14356689166467843,78000.0,-0.38085166708813345,0.11887772770168256,36
2026-09-10 00:20:00.038574,78235.37,212940533.86440116,139523696.53348923,0.20829585245581664,81000.0,3.5337341665285127,0.14175473363025978,78000.0,-0.3008485803799421,0.12318871019505298,36
2026-09-10 00:30:00.000040,78306.41,218728639.25663316,138312530.58838096,0.2252292325368516,81000.0,3.439807801174899,0.14339492876856375,78000.0,-0.3912961914612101,0.11886162298870187,36
2026-09-10 00:40:00.013294,78231.68,212964084.4966473,140492153.66819,0.20503791701268376,81000.0,3.538617603507954,0.14041016181609292,78000.0,-0.2961460114367931,0.12418707238003594,36
2026-09-10 00:49:59.995261,78149.41,209420111.12279505,142925270.1234831,0.18872062623359376,81000.0,3.647615509829172,0.14063387391227353,78000.0,-0.19118506460893414,0.1248878789499148,36
2026-09-10 01:00:00.007739,78155.0,209474748.83335003,142924827.58629078,0.18884790363031248,81000.0,3.6402021623696434,0.14064398374428888,78000.0,-0.19832384364404376,0.12488592522798604,36
2026-09-10 01:10:00.033713,78399.88,229940261.73162353,135849562.47543764,0.2572261255767584,81000.0,3.3164846680887816,0.14602080605792175,78000.0,-0.5100518010996979,0.11533694360599313,37
2026-09-10 01:20:00.026963,78258.57,213717745.4489534,139219762.95949614,0.21107981077273827,81000.0,3.503041264362472,0.1415285915075956,78000.0,-0.330404708391685,0.12327886871147126,36
2026-09-10 01:30:00.011141,78148.08,207273535.95280966,143196752.6542269,0.18283085722689776,81000.0,3.649379485714821,0.14062211161089036,78000.0,-0.18948642116352055,0.1255944537787039,36
2026-09-10 01:40:00.017823,77940.45,218680825.78122056,88513925.03026707,0.4237276203681989,81000.0,3.925496965952857,0.1261707590130378,70000.0,-10.187842128188883,0.07847056342987113,36
2026-09-10 01:50:00.015199,78074.51,169904811.26993638,144474821.91641456,0.08088943006828946,81000.0,3.7470488127303136,0.14052805339860058,78000.0,-0.0954344766300741,0.12575560483700096,36
2026-09-10 02:00:00.019409,78072.84,170139468.0494128,144730620.33208844,0.08069628921543864,81000.0,3.7492679912758398,0.13690223536754295,78000.0,-0.09329748988251563,0.12251093639894022,36
2026-09-10 02:10:00.020690,78021.25,162192015.59344867,145514719.1971119,0.05419867201700379,81000.0,3.817870131534673,0.1268174480096387,78000.0,-0.027236169633271246,0.1248053568937078,36
2026-09-10 02:20:00.013215,78027.81,162456918.71475682,145505947.5497294,0.0550422567845225,81000.0,3.809141894409196,0.12690147368147753,78000.0,-0.035641138717079635,0.12488804941060248,36
2026-09-10 02:29:59.956666,77991.21,219760696.26614726,87438154.49340169,0.430739052068646,81000.0,3.85785782782444,0.1264697300970822,70000.0,-10.24629570434925,0.07907992494220967,36
2026-09-10 02:40:00.023953,78159.42,209754405.58961558,142176771.3094226,0.1920194592466572,81000.0,3.6343411964930183,0.14025106211192065,78000.0,-0.2039677367104309,0.12563332628462678,36
2026-09-10 02:50:00.018253,78287.59,222065101.78424412,139406325.99362314,0.2286730552917083,81000.0,3.4646742861799806,0.14123386852675213,78000.0,-0.36735068738225074,0.12050833367893221,36
2026-09-10 03:00:00.014330,78326.43,224270425.58523712,139061121.66385773,0.23452217283780513,81000.0,3.4133688973185805,0.1399634183759786,78000.0,-0.41675587665618297,0.11917588414894849,36
2026-09-10 03:09:59.964539,78381.57,226155884.0862438,136584669.86004347,0.24692914330021004,81000.0,3.3406194849120663,0.1401765787426284,78000.0,-0.48681086638097115,0.11630075201273127,37
2026-09-10 03:20:00.008156,78334.76,224967170.46387374,137144010.6848452,0.242530925171735,81000.0,3.402372075946869,0.1405111145459931,78000.0,-0.42734540834744594,0.11739327763487438,37
2026-09-10 03:30:00.024997,78362.24,226274502.59491026,135307358.92203325,0.25158104804052606,81000.0,3.3661110249017856,0.14057339778283426,78000.0,-0.46226345750198794,0.11666709596301626,37
2026-09-10 03:40:00.008450,78327.05,222116129.28067732,137586475.4604755,0.2349987259086727,81000.0,3.412550325845287,0.1353860850261894,78000.0,-0.41754413066750207,0.11957641579358312,36
2026-09-10 03:49:59.993363,78421.39,231797899.98913267,134158476.37047581,0.2668061821737766,81000.0,3.2881462570352404,0.14571085545120907,78000.0,-0.5373406413734849,0.11509746982803008,37
2026-09-10 04:00:00.002513,78299.24,219545667.80466694,138394614.1285283,0.2267167395573667,81000.0,3.449279967468377,0.1362548752870718,78000.0,-0.3821748461415475,0.12130241292676092,36
2026-09-10 04:10:00.013214,78347.77,225308615.01074147,136724525.64993572,0.24468502855608174,81000.0,3.3852016464539947,0.1398425970200674,78000.0,-0.44387989600725986,0.11851552482148031,37
2026-09-10 04:19:59.979543,78385.97,230747887.06867018,134161308.22734301,0.26468661268723703,81000.0,3.3348187181966304,0.14551944932548547,78000.0,-0.49239678988471924,0.1156842239610242,37
2026-09-10 04:30:00.035476,78355.08,225671573.07521588,136293751.15133625,0.2469237132448039,81000.0,3.3755565050791914,0.1397309020614214,78000.0,-0.45316780992374905,0.11854750426857007,37
2026-09-10 04:40:00.015642,78332.86,222158899.6061739,136460491.70660412,0.23896757948826583,81000.0,3.4048801486374902,0.1351419262581251,78000.0,-0.424930227237974,0.1200302865314232,36
2026-09-10 04:49:59.984276,78321.49,221822664.10938942,136557428.68585938,0.23791844786491567,81000.0,3.419891526578467,0.1353632117234086,78000.0,-0.4104748262577784,0.12046906951456861,36
2026-09-10 05:00:00.014381,78370.09,227532981.68500495,135395826.6167937,0.2538711531314794,81000.0,3.3557572793396107,0.13966401539453094,78000.0,-0.4722337310062996,0.1182528918526579,37
2026-09-10 05:10:00.038793,78288.65,219983478.18550807,137319828.49111307,0.2313542812219482,81000.0,3.463273411918588,0.13624111614768708,78000.0,-0.36869967741172127,0.12222950465482478,36
2026-09-10 05:19:59.983991,78360.84,227564134.16686243,135169031.4731023,0.25471920255968,81000.0,3.367957770743657,0.13953151354573656,78000.0,-0.4604851096542517,0.11838386984342274,37
2026-09-10 05:30:00.011135,78445.3,235686111.4668581,131233246.36386412,0.2846752641248848,81000.0,3.2566641978550637,0.14500291074070654,78000.0,-0.5676566983617959,0.11399093588989727,37
2026-09-10 05:39:59.991247,78422.37,234292687.4596124,131500756.46522617,0.2810108620085258,81000.0,3.2868555234941255,0.14526233033493893,78000.0,-0.5385835699686092,0.11479552050205948,37
2026-09-10 05:50:00.045881,78385.4,229697608.89338142,133218914.9612978,0.26584265964896125,81000.0,3.3355701444401697,0.13969233985256418,78000.0,-0.4916731942428032,0.11781625237477483,37
2026-09-10 06:00:00.013868,78502.56,212738565.34882474,157857253.49645945,0.14808939837304816,81000.0,3.1813484808648207,0.1441005557242905,78000.0,-0.6401829443523854,0.11139417563636995,37
2026-09-10 06:09:59.987640,78389.4,231206151.34514797,132648500.49800785,0.2708709380184719,81000.0,3.3302972085511584,0.13935707564083707,78000.0,-0.4967508362099915,0.11705957551785688,37
2026-09-10 06:20:00.019666,78197.7,208328039.8859536,140025622.03370136,0.1960720535442675,81000.0,3.583609236588803,0.14123562015243618,78000.0,-0.2528207351367051,0.1306480753889912,36
2026-09-10 06:30:00.042056,78189.22,207675660.66866332,140994697.88713363,0.19124356615149113,81000.0,3.594843381223134,0.1412396106176798,78000.0,-0.24200266993327224,0.13314311783208765,36
2026-09-10 06:40:00.035529,78175.39,206719043.20420262,140326046.0082585,0.19130942710241988,81000.0,3.613170334039917,0.14173287742407717,78000.0,-0.22435449314675004,0.13281736391554796,36
2026-09-10 06:50:00.008747,78434.37,239513392.66192842,129871794.69370374,0.296821858919495,81000.0,3.2710532385228586,0.14431979560070202,78000.0,-0.5538005851261296,0.11268761316858918,37
2026-09-10 07:00:00.028259,78395.63,233064786.16426113,130635547.09841514,0.28163086392298753,81000.0,3.3220856825820544,0.13947378176152211,78000.0,-0.5046582315876624,0.11444765521452001,37
2026-09-10 07:09:59.993768,78173.2,204500883.69580716,141270224.30456978,0.18286854490794657,81000.0,3.6160730275849096,0.14245780296314908,78000.0,-0.2215593067700916,0.13651840637760604,36
2026-09-10 07:20:00.017050,78170.03,199455374.10971433,141558917.63667113,0.16977721425265418,81000.0,3.620274931453915,0.13777043890234336,78000.0,-0.21751302897030644,0.1389398080597069,36
2026-09-10 07:30:00.026083,77997.86,220110509.52420375,79816970.03934461,0.4677582050468099,78000.0,0.002743665018511976,0.15534228286202337,75000.0,-3.8435157067129744,0.07044102845823762,36
2026-09-10 07:40:00.014063,77938.22,223183084.98025584,86155893.58817735,0.44296775022086265,78000.0,0.07926791245680409,0.16334814433566833,75000.0,-3.769934699560751,0.07721100532754852,36
2026-09-10 07:50:00.014873,78042.25,153471487.86913908,170348215.946908,-0.05211766881040729,81000.0,3.7899342984088813,0.13297050294190593,78000.0,-0.054137342272930766,0.19030459553158607,36
2026-09-10 07:59:59.953497,78081.06,154299005.35081673,135030841.75636134,0.06659583788919564,81000.0,3.738345765285467,0.14341154530029943,78000.0,-0.10381518898436859,0.12804744619857514,36
2026-09-10 08:10:00.015056,78113.69,189202714.42899418,136937027.75969517,0.16025549759299343,81000.0,3.695011719456609,0.1427428095176466,78000.0,-0.1455442701529086,0.13047171512400244,36
2026-09-10 08:19:59.967612,78047.81,151791402.22361222,144440349.34547836,0.0248152091705111,81000.0,3.782540471026663,0.13519857967795382,78000.0,-0.06125732419653973,0.1441707977675306,36
2026-09-10 08:30:00.034023,78141.03,191324155.6571113,137082970.55385914,0.16516445830230655,81000.0,3.658730886961692,0.141938712657838,78000.0,-0.18048136811096294,0.1340412351276144,36
2026-09-10 08:40:00.005641,78088.91,153664509.8980047,139892452.73992908,0.04691442858080583,81000.0,3.7279173188612846,0.13622470188031374,78000.0,-0.11385739665210615,0.1363878604554174,36
2026-09-10 08:50:00.032898,78073.78,152865461.6971353,145033212.40466258,0.026291655429779744,81000.0,3.748018861133673,0.13488251332406817,78000.0,-0.09450035594535944,0.14578029683123137,36
2026-09-10 09:00:00.015242,78085.83,153054904.481104,145857476.2691859,0.02407872231271272,81000.0,3.7320087396138346,0.13477292458469795,78000.0,-0.10991751000150041,0.14798437126967617,36
2026-09-10 09:10:00.026582,78083.18,153183527.41651458,145970186.83050135,0.024112488805862052,81000.0,3.735529213846056,0.13476080143183664,78000.0,-0.10652742370379498,0.1478992563977397,36
2026-09-10 09:20:00.024119,78157.98,188650141.04838765,144495087.20747593,0.1325399558387178,81000.0,3.636250578635747,0.13447484219663045,78000.0,-0.20212907242485034,0.14811297936590673,36
2026-09-10 09:30:00.012595,78175.25,189453683.36338004,139404498.87495518,0.15219078372254835,81000.0,3.613355889491876,0.13580771048515583,78000.0,-0.22417581011893173,0.1381235329527458,36
2026-09-10 09:39:59.987432,77968.95,215790990.77214348,85344679.51111859,0.43318120081331146,78000.0,0.0398235451420037,0.1446176447328805,70000.0,-10.220671177436657,0.0788174586620331,36
2026-09-10 09:49:59.999713,77966.54,214389865.10693252,86203380.82352564,0.4264449917582734,78000.0,0.04291584569484641,0.14275137037961103,70000.0,-10.217896035914887,0.07890144261399659,36
2026-09-10 10:00:00.015356,77964.29,214550422.67946422,86728748.55147634,0.42426322936877797,78000.0,0.04580302084455923,0.14239804941482442,70000.0,-10.21530498129335,0.07866957087126136,36
2026-09-10 10:10:00.023216,77928.61,213835407.90170568,86824890.5799256,0.4224386058392067,78000.0,0.09160948719604267,0.14255350828845512,70000.0,-10.174196614054843,0.07880770468810024,36
2026-09-10 10:20:00.010532,77972.68,214908614.34877777,87161506.91316035,0.422905472748966,78000.0,0.03503791327936767,0.14272915586832732,75000.0,-3.812463544923672,0.0795019064639261,36
2026-09-10 10:30:00.018485,77953.34,214806514.37385848,87121130.02310944,0.4229006078783269,78000.0,0.05985631917759804,0.14243674257895605,75000.0,-3.78859969309846,0.07934813988728608,36
2026-09-10 10:39:59.966939,77987.48,214858590.2327,86739113.81461582,0.4248025588350775,78000.0,0.016053858901465823,0.14453088140681963,75000.0,-3.8307174433639846,0.08171871649152905,36
2026-09-10 10:50:00.005232,77948.06,214375191.87106556,87115282.88420524,0.4221025857953262,78000.0,0.06663411507612516,0.1426004231083876,75000.0,-3.7820825816575754,0.07942231636210156,36
2026-09-10 10:59:59.973406,77833.11,207792310.47729945,102803293.29923584,0.3380248010644743,78000.0,0.21442031546727858,0.1415923091490381,75000.0,-3.6399804658968415,0.08127343842660213,36
2026-09-10 11:10:00.010904,77783.47,206133484.79010618,103998544.20134225,0.32932728980269305,78000.0,0.27837534118753116,0.13966940015406903,75000.0,-3.578485248858143,0.08120571153551076,36
2026-09-10 11:20:00.007935,77945.1,213604705.86155185,87774899.3759095,0.41751267935499226,78000.0,0.0704341902184824,0.14112822397434185,75000.0,-3.778428663251454,0.08042631005278632,36
2026-09-10 11:30:00.034596,77983.78,215262446.76703137,87340125.25225382,0.4227403642379646,78000.0,0.020799196961207578,0.1442913856022559,75000.0,-3.826154618306521,0.08219032657862962,36
2026-09-10 11:40:00.001212,78016.13,149912545.74402294,152237960.2533629,-0.007696212527143931,81000.0,3.824683434053955,0.12647877699225496,78000.0,-0.02067521165175501,0.14451381883773018,36
2026-09-10 11:50:00.036527,77934.87,215965543.90849257,87783262.41307752,0.42200093902496577,78000.0,0.08356978076695665,0.1402777325779876,75000.0,-3.765798287724087,0.07981528059475115,36
2026-09-10 12:00:00.025619,77811.55,209862932.33124703,103524973.91772011,0.3393173644966632,78000.0,0.2421876957855229,0.1408271247929311,75000.0,-3.6132810617446887,0.08144003167582364,36
2026-09-10 12:10:00.015245,77696.87,202197243.35187402,106398241.01116778,0.31043552869362523,78000.0,0.3901444163709522,0.13958933727022077,75000.0,-3.4710149842586913,0.08206609525177605,36
2026-09-10 12:19:59.967672,77700.66,202215943.56180084,106121120.69677952,0.31165511384785527,78000.0,0.38524769287673344,0.13953712509937885,75000.0,-3.4757233722339076,0.08210478171012499,36
2026-09-10 12:30:00.026117,77760.23,207914417.98164976,104159892.81177564,0.3324673694098244,78000.0,0.30834528138612427,0.13664808374884407,75000.0,-3.549667998667183,0.08141077479549377,36
2026-09-10 12:40:00.010487,77082.06,135106032.24175406,114000065.10142708,0.08472681867457596,78000.0,1.1908607528132942,0.13543022160312065,75000.0,-2.7010954299872103,0.09310146632856119,37
2026-09-10 12:49:59.998545,77009.97,132418597.42864273,117380597.91888066,0.06020035208216363,78000.0,1.2855867883080574,0.1324015109908693,75000.0,-2.6100127035499465,0.0947755535200449,37
2026-09-10 13:00:00.008515,76870.82,148901507.8256907,97488592.5349003,0.2086646956007883,78000.0,1.4689319041997884,0.11884747703730822,75000.0,-2.4337193228848197,0.09716057470988283,37
2026-09-10 13:09:59.996712,76938.23,151612081.34640104,94192957.16681957,0.23359620505294557,78000.0,1.3800291480581262,0.1212944934742351,75000.0,-2.5192027422518026,0.09591963972420327,37
2026-09-10 13:20:00.028608,76728.78,145464019.7330202,104833780.42247547,0.16232759251301243,78000.0,1.6567707710196888,0.11797786727070668,75000.0,-2.2531050278656872,0.0997564628329804,37
2026-09-10 13:30:00.021087,76911.48,151783927.90049213,96405481.45744868,0.22312977248427313,78000.0,1.4152893690252855,0.12086815309507747,75000.0,-2.4852986836295443,0.09672243374133738,37
2026-09-10 13:39:59.991124,77040.82,130544818.43899812,121043906.25900257,0.0377636644543596,78000.0,1.2450282850052563,0.12430220804174416,75000.0,-2.649011264418011,0.09329594590152462,37
2026-09-10 13:49:59.998289,77054.48,133157019.69182163,120594980.6888867,0.049505182162457424,78000.0,1.2270798531117233,0.12849119814528198,75000.0,-2.6662693720079567,0.09264909316097186,37
2026-09-10 14:00:00.001626,77154.98,175518548.6452449,117319753.20860645,0.1987403801627155,78000.0,1.0952241838440013,0.1314099094296222,75000.0,-2.793053669380763,0.0897962312885652,37
2026-09-10 14:10:00.000759,77029.85,133260062.00554629,122011681.33712703,0.04406433912789002,78000.0,1.2594468248347868,0.12811378986568317,75000.0,-2.635147283812711,0.09237079595634651,37
2026-09-10 14:20:00.008574,77014.79,132416312.45797108,122222284.4805524,0.040033318200695965,78000.0,1.27924779123596,0.1290301212563476,75000.0,-2.616107893042352,0.09243146523177798,37
2026-09-10 14:30:00.004789,77254.43,183905621.3422812,115474776.04500394,0.22857490301462055,78000.0,0.965083814611023,0.13797881088228778,75000.0,-2.9181886397970924,0.08571990528531197,37
2026-09-10 14:39:59.987185,77227.23,187615438.2808871,118124532.37404014,0.22728760573238138,78000.0,1.0006444618044785,0.1467775459528928,75000.0,-2.8839957098033886,0.08580861489479293,37
2026-09-10 14:50:00.002311,77293.28,189823645.0320557,118128987.1409637,0.23281066761855518,78000.0,0.9143356317651508,0.14849519074258047,75000.0,-2.9669849694565875,0.08565140470076055,37
2026-09-10 15:00:00.044003,77387.8,194653478.4824198,115723444.82088244,0.25430380848387507,78000.0,0.7910807646683393,0.14981629490463724,75000.0,-3.0854992647419865,0.08339678131213295,37
2026-09-10 15:09:59.980510,77315.84,192404054.23407897,118833807.18346323,0.23637949032144687,78000.0,0.8848898233531521,0.14942532478952025,75000.0,-2.9952982467758127,0.08472326617173692,37
2026-09-10 15:20:00.009384,77232.37,184841770.49244052,122272697.3297628,0.20373209248774501,78000.0,0.9939226259662926,0.1493077816911659,75000.0,-2.890459013493951,0.08671589219212103,37
2026-09-10 15:30:00.041530,77083.53,142741973.2889404,129279120.56449057,0.049491943928818304,78000.0,1.1889310206732784,0.1462853472460222,75000.0,-2.702950941660298,0.08798123199676831,37
2026-09-10 15:40:00.013299,77251.11,189878376.42511487,123843609.43660781,0.21048817094257716,78000.0,0.9694229636312057,0.15054697994743027,75000.0,-2.9140163811238406,0.08525566092721715,37
2026-09-10 15:49:59.980406,77156.36,183342264.81153756,128266350.2840406,0.1767470854764519,78000.0,1.093416019107174,0.1476373918052377,75000.0,-2.794792289320025,0.087335351800306,37
2026-09-10 16:00:00.038083,77223.62,193067847.72128004,126975052.62887534,0.20651229888272263,78000.0,1.0053659748144428,0.14947658447548243,75000.0,-2.8794557934476495,0.08424954304177422,37
2026-09-10 16:10:00.012493,76894.8,166890074.96494943,99975155.94147375,0.25074423819167185,78000.0,1.4372883471964304,0.1381641540931628,75000.0,-2.4641458200034383,0.0897685954105182,37
2026-09-10 16:19:59.980494,76878.8,167379926.79896295,100814374.75514932,0.24819897983694864,78000.0,1.4583994547261447,0.1383461601493288,76000.0,-1.143097967189921,0.09003315859184549,37
2026-09-10 16:30:00.032718,76891.88,169051316.34508494,100700104.73456,0.2533859185503384,78000.0,1.4411404689285812,0.14031329324687936,75000.0,-2.4604418567994446,0.08966266576201662,37
2026-09-10 16:40:00.015547,76987.78,175714874.0430482,97645480.13149302,0.2855915011790909,78000.0,1.3147800858785752,0.1441166083791683,75000.0,-2.5819422251167623,0.08654349424548216,38
2026-09-10 16:49:59.978062,77089.78,144677466.126231,131420785.9199048,0.048014357599449914,78000.0,1.1807271988582668,0.14846684359876208,75000.0,-2.710839231867046,0.08610772567041566,38
2026-09-10 16:59:59.999850,77163.47,184740402.18532354,129090473.79554711,0.1773245803678301,78000.0,1.0841010649210059,0.1526860507343271,75000.0,-2.803748976037501,0.08427535588450952,38
2026-09-10 17:10:00.041866,77109.13,146590097.89210242,130498871.37170456,0.05807241826749857,78000.0,1.1553365989215525,0.15046083042766994,75000.0,-2.7352532702677457,0.08432056542384217,38
2026-09-10 17:19:59.997417,77133.44,146768156.91682246,130354192.43671891,0.05923002788621457,78000.0,1.1234556633283876,0.15031534403833025,75000.0,-2.765908016030405,0.08434582668459208,38
2026-09-10 17:30:00.008784,77292.8,194590652.05681524,123009378.37843335,0.22538182247742472,78000.0,0.914962325080726,0.15983895264894332,75000.0,-2.9663823797300704,0.08212271439758455,38
2026-09-10 17:40:00.003439,77333.16,196039884.21978667,121491406.81262887,0.23477521590005268,78000.0,0.8622950361785175,0.16234703005601556,75000.0,-3.0170240036744955,0.08226300153825104,38
2026-09-10 17:49:59.984800,77356.72,197356822.48511702,120848493.74208166,0.24043699096594728,78000.0,0.8315761061223892,0.1641774961969272,75000.0,-3.0465614364207805,0.08202983180172496,38
2026-09-10 18:00:00.003452,77291.95,193972539.01906466,125114375.8949134,0.21579751442554318,78000.0,0.9160721135901051,0.15947017085877804,75000.0,-2.9653152753941314,0.08190297405164387,38
2026-09-10 18:10:00.011004,76979.38,175561749.0297529,98575090.57290182,0.2808329539672185,78000.0,1.325835567914413,0.14286924282877222,75000.0,-2.5713119539284457,0.08775534674113543,38
2026-09-10 18:20:00.005362,77022.36,139659756.17714295,135495595.80236006,0.015133852003333332,78000.0,1.2692937479453992,0.14504853393010422,75000.0,-2.6256790885140324,0.08644409438821059,38
2026-09-10 18:29:59.946496,77038.89,144024238.1714926,134912484.5452605,0.03266602381173262,78000.0,1.2475647040085969,0.1550427463005814,75000.0,-2.6465723999917423,0.08574409629285422,38
2026-09-10 18:39:59.996279,77125.83,148958008.31293353,132112573.87465832,0.0599331111323214,78000.0,1.1334335072958002,0.15982809820909227,75000.0,-2.756313935292498,0.08432846394365305,38
2026-09-10 18:49:59.998485,77094.82,148012622.19139782,133223431.44674912,0.05258639691935531,78000.0,1.1741126057496443,0.15621226325467602,77000.0,-0.12299140201638137,0.08515267956736647,38
2026-09-10 19:00:00.078134,77221.43,193282244.78776562,130058014.48293412,0.19553466817721674,78000.0,1.0082304873142212,0.16191213790492567,77000.0,-0.2867468266257056,0.08238683576467871,38
2026-09-10 19:10:00.039622,77175.35,189988809.44857228,131265524.0817241,0.18279375322826635,78000.0,1.0685406674540543,0.1606300029591721,77000.0,-0.22720985392357118,0.08284972013046168,38
2026-09-10 19:20:00.013426,77124.77,151394889.05622968,132658202.02064396,0.06596191917698577,78000.0,1.1348234814833047,0.15739917980092394,77000.0,-0.16177681956134338,0.08469241234601767,38
2026-09-10 19:30:00.031174,77165.07,189911165.40837774,131796288.55439642,0.18064510516659021,78000.0,1.082005109306583,0.1604427628749888,77000.0,-0.21391803312043045,0.08397410513658969,38
2026-09-10 19:40:00.009970,77148.84,189292933.12386245,133064625.15611091,0.17442838402106342,78000.0,1.1032699908384958,0.15767985199179815,77000.0,-0.1929257782748217,0.0848789277753625,38
2026-09-10 19:50:00.021844,77121.17,150849152.7034798,133151965.10459346,0.062313795577544254,78000.0,1.139544433778683,0.15766672606189816,77000.0,-0.15711639229539776,0.08604311051785349,38
2026-09-10 20:00:00.019662,77131.65,152506992.22066176,133199637.7514641,0.06757755138927411,78000.0,1.1258024429660285,0.15918469349815004,77000.0,-0.17068220373867016,0.08575728254682645,38
2026-09-10 20:10:00.013511,77261.75,195022922.5384392,128292379.91223598,0.20639463124818724,78000.0,0.955518092717278,0.16624749339861458,77000.0,-0.3387834212919105,0.08244560875521771,38
2026-09-10 20:19:59.986398,77303.11,197404330.21741003,127540159.42639174,0.2150034021737132,78000.0,0.901503186611774,0.16811748420304998,77000.0,-0.392105828601208,0.08194540255690165,38
2026-09-10 20:29:59.973238,77257.66,195193812.31466815,129068880.37360463,0.2039239586671544,78000.0,0.9608626510303253,0.16673640824262123,77000.0,-0.33350738295724325,0.08353173903877097,38
2026-09-10 20:40:00.011384,77250.79,194229155.0486775,128546909.17042091,0.20349168714589652,78000.0,0.9698412145688229,0.16507592037504748,77000.0,-0.3246439292077019,0.08379377530705952,38
2026-09-10 20:50:00.026281,77229.95,193862415.20159456,130558862.26873736,0.19512762364560465,78000.0,0.9970872698998212,0.16442500307657557,77000.0,-0.29774718227837393,0.08466146848120382,38
2026-09-10 21:00:00.016096,77242.89,194275289.07028362,129820114.85991925,0.19887716218353232,78000.0,0.9801678834129524,0.16465600357253732,77000.0,-0.3144496535538721,0.08474034888123645,38
2026-09-10 21:10:00.017690,77254.2,195883920.26276016,129519378.80837116,0.20394550898478164,78000.0,0.9653844062847083,0.16610904477418545,77000.0,-0.32904359892407253,0.08471023471898356,38
2026-09-10 21:20:00.016160,77179.0,186530212.42813048,132540858.67009512,0.16920792465517756,78000.0,1.0637608675935217,0.16225517746374202,77000.0,-0.2319283742987066,0.08860187331632205,38
2026-09-10 21:30:00.016282,77208.59,188838066.70880222,130998478.93766811,0.1808410844802795,78000.0,1.0250284327171455,0.16428000274746282,77000.0,-0.2701642394971837,0.08850562646687946,38
2026-09-10 21:40:00.011375,77166.54,185996652.2331371,132551182.2689217,0.16777847524143183,78000.0,1.0800795266964203,0.16232862863560907,77000.0,-0.2158189287740475,0.08989999611718617,38
2026-09-10 21:49:59.960283,77131.69,150480284.19896933,133804522.00579754,0.05865864734663467,78000.0,1.1257499997731069,0.15875664941183348,77000.0,-0.17073397458294837,0.09159700243182965,38
2026-09-10 22:00:00.009837,77130.26,150608677.7399853,135035183.94931304,0.054520666744142764,78000.0,1.1276248777068787,0.15834450515552478,77000.0,-0.1688831335457608,0.0938686870527475,38
2026-09-10 22:09:59.991813,77151.41,184759445.14921767,134676455.84240776,0.15678572493366336,78000.0,1.0999021275178267,0.16017326029009066,77000.0,-0.1962504638606144,0.09374403959760039,38
2026-09-10 22:20:00.010467,77161.51,184922851.87662143,135278054.35764328,0.15504265151160168,78000.0,1.0866687290075117,0.1598492264883179,77000.0,-0.20931420341565588,0.09345883097366131,38
2026-09-10 22:30:00.003386,77048.84,143394415.82456225,139286935.04515764,0.014530427163897474,78000.0,1.2344897080864614,0.1525956682302572,77000.0,-0.06338836509413026,0.09735371714096983,38
2026-09-10 22:39:59.998528,76886.89,177643750.00448784,101278017.06392221,0.2737890762101608,78000.0,1.4477240528261826,0.13868073494268573,76000.0,-1.153499640836042,0.09079218368315553,38
2026-09-10 22:50:00.008934,76943.66,180859531.01744813,98777455.91837393,0.29353082365285393,78000.0,1.3728746462021713,0.14432220189989514,76000.0,-1.2264298319055844,0.08751062954690027,38
2026-09-10 22:59:59.984258,76803.41,170564878.47423008,107972506.04732955,0.22471803034416626,78000.0,1.5579907194224862,0.13619927568719048,76000.0,-1.0460603246652767,0.09750398766086849,38
2026-09-10 23:09:59.988464,76681.16,162360861.4546025,112595596.5244824,0.18099325724477291,78000.0,1.7199009508984897,0.1289555470669776,76000.0,-0.8883016375860864,0.1046446838175652,38
2026-09-10 23:20:00.005508,76636.83,159331794.23354125,114612810.04269542,0.16324097460869386,78000.0,1.7787400653184626,0.12879236509771988,76000.0,-0.8309712184076501,0.10622317610958369,37
2026-09-10 23:30:00.024962,76712.26,164918407.5708451,112157670.7879435,0.19041967496949047,78000.0,1.6786625762296836,0.1326280063242722,76000.0,-0.9284826180326222,0.1012746274366599,38
2026-09-10 23:40:00.008380,76733.67,165035147.14274526,112762986.92242673,0.18816598749383745,78000.0,1.6502924987166656,0.13245550926863311,76000.0,-0.9561252576606782,0.10111463767678901,38
2026-09-10 23:50:00.021039,76684.31,162024135.85737604,114708061.07937309,0.17098145897644745,78000.0,1.7157225513276586,0.12969368001989204,76000.0,-0.892372898706395,0.10482689134734514,38
2026-09-11 00:00:00.041966,76542.15,152721681.191232,119555107.6817639,0.12181197540470008,78000.0,1.9046368569474614,0.12005319813373568,76000.0,-0.7083025496409379,0.111761797570909,37
2026-09-11 00:10:00.012127,76768.1,168410121.22738376,111200217.0786758,0.20460582571909905,78000.0,1.6047029951242742,0.13314027892303396,76000.0,-1.0005457996225098,0.09806958439906961,38
2026-09-11 00:20:00.000804,76781.85,170376513.53593898,110001951.00058678,0.21533238166188412,78000.0,1.5865077489015889,0.13520075940778511,76000.0,-1.0182745010702487,0.09613816401063298,38
2026-09-11 00:30:00.028541,76818.76,172380976.09680247,109323475.96130541,0.22384275319330077,78000.0,1.5376973020652773,0.1380638119531973,76000.0,-1.06583339798767,0.09480401482739058,38
2026-09-11 00:40:00.009590,76777.81,169504305.67226058,110814708.76953709,0.20936716340699446,78000.0,1.5918531669501856,0.13389828106394713,76000.0,-1.0130661450228895,0.09860451261158323,38
2026-09-11 00:49:59.971981,76747.85,167848359.25094676,111451327.03527959,0.20192300594950002,78000.0,1.631511501625127,0.13180315304953763,76000.0,-0.9744246907242404,0.10037146997083565,38
2026-09-11 01:00:00.007065,76882.16,180442263.72928053,100591303.86998378,0.2841331750560099,78000.0,1.4539653932719832,0.13791521644273214,76000.0,-1.1474183347606304,0.087578431190348,38
2026-09-11 01:10:00.031368,76956.76,185073867.38577008,98466649.91950521,0.30544917632713064,78000.0,1.355618401814218,0.14305784156051124,76000.0,-1.2432436084887089,0.08393752705735219,38
2026-09-11 01:20:00.018748,76887.41,180846141.92337325,100590795.22565158,0.2851628059582859,78000.0,1.4470379480853834,0.13557404118976857,76000.0,-1.1541681531475723,0.08739608042423472,38
2026-09-11 01:30:00.006601,76783.87,174847509.40766346,108225862.64707986,0.2353511609975795,78000.0,1.5838352508150466,0.13023800235131924,76000.0,-1.0208784735648235,0.0952952998989271,38
2026-09-11 01:40:00.020927,76754.46,171562247.85549474,109003094.58317584,0.22297534231618024,78000.0,1.6227591204472036,0.12704204355274276,76000.0,-0.98295265187196,0.09798926780397235,38
2026-09-11 01:50:00.016866,76879.44,181910359.10710448,99445834.05132304,0.293096534076813,78000.0,1.4575548417105955,0.1334440625604004,76000.0,-1.1439209234614611,0.08577927578848475,38
2026-09-11 02:00:00.011161,76948.65,186577721.50169802,96556594.5142066,0.3179449536679779,78000.0,1.3663007733079269,0.13665312486102862,75000.0,-2.532403102588532,0.08354579057375226,38
2026-09-11 02:10:00.015674,76900.77,182726993.6330402,99482099.7496839,0.29497594455775344,78000.0,1.4294135156253995,0.12888440576634239,76000.0,-1.1713406770829549,0.08563971013705614,38
2026-09-11 02:20:00.017532,76856.09,180551106.45381236,100974971.03212813,0.2826599089232091,78000.0,1.4883791251935952,0.1267510804549402,76000.0,-1.1138870062216255,0.0889961428049351,38
2026-09-11 02:30:00.010681,76780.73,177170334.27120668,107660673.62930727,0.24403824974764618,78000.0,1.5879895906173447,0.12528197320661882,76000.0,-1.0168306552959305,0.09562618860728152,38
2026-09-11 02:40:00.013021,76894.62,186106723.95155215,98496787.87912759,0.3078315355593597,78000.0,1.4375257982938372,0.13027032123046492,76000.0,-1.163436401662421,0.08393336037826896,38
2026-09-11 02:50:00.016058,76898.49,187234452.27751386,97739382.64445893,0.31404661995568506,78000.0,1.4324208446745867,0.1309125675551,75000.0,-2.4688261108898324,0.08299994537069873,38
2026-09-11 03:00:00.006418,76816.34,180642966.95569927,105409583.44552357,0.2630054631732942,78000.0,1.5408961166335278,0.12507630618780266,76000.0,-1.0627166043058023,0.09112243461717852,38
2026-09-11 03:09:59.959691,76689.26,170577384.29171598,111344390.63996068,0.2101043584381176,78000.0,1.7091571883729229,0.11658514319129765,76000.0,-0.8987699190212473,0.10343660691959586,38
2026-09-11 03:20:00.016256,76813.56,181682391.7927279,104516905.54224098,0.2696215084000437,77000.0,0.24271756184715,0.1282081096186727,76000.0,-1.0591359129820233,0.08941255177527813,38
2026-09-11 03:29:59.986718,76793.89,180205612.38894737,104599788.73543791,0.2654648519832302,77000.0,0.26839374851306275,0.13135410571767292,76000.0,-1.0337931832858027,0.08984543379152027,38
2026-09-11 03:40:00.006128,76835.34,185219954.94241214,100969042.11460201,0.2943890704890579,77000.0,0.2143024290645501,0.1374855586676253,76000.0,-1.0871820180661573,0.0841880718209025,38
2026-09-11 03:50:00.016518,76768.47,178811882.96740037,105815489.36932097,0.25646301337357963,77000.0,0.30159517312251527,0.13263644771405797,76000.0,-1.001022946008956,0.09336032980326922,38
2026-09-11 04:00:00.016964,76866.04,188850458.93180734,96457744.51606107,0.3238347628957269,77000.0,0.17427722307536975,0.14306634464669687,76000.0,-1.1266874161853457,0.08199951861736238,38
2026-09-11 04:10:00.011127,76931.7,195460797.19163072,93534990.68788111,0.35268959195434546,77000.0,0.0887800477566536,0.14980737063686517,70000.0,-9.010199956584863,0.08017743908751565,38
2026-09-11 04:19:59.993218,76950.06,197467693.34506178,92738992.24679096,0.3608762523326616,77000.0,0.06489923464647607,0.1532234387122354,70000.0,-9.031909786685022,0.07998720632886595,38
2026-09-11 04:30:00.022189,77147.83,176123039.1610778,151764574.3740265,0.0742890666848671,78000.0,1.1045936094378872,0.1468178609499475,77000.0,-0.19161912914466006,0.13882665838019057,38
2026-09-11 04:40:00.009851,77085.46,138153507.84051383,156927312.71617132,-0.06362258597573285,78000.0,1.1863975385241199,0.13742762134371878,77000.0,-0.1108639683800372,0.1468333693938738,38
2026-09-11 04:50:00.018887,77084.08,138150700.48284438,157565445.52232155,-0.06565331417222653,78000.0,1.1882090309698112,0.1372450690979657,77000.0,-0.10907570019645929,0.148029697051388,38
2026-09-11 05:00:00.010558,77086.84,137127094.76146704,157257682.57375044,-0.0683818911918825,78000.0,1.1845861109367029,0.13540518747393498,77000.0,-0.11265217253684234,0.14947310142563755,38
2026-09-11 05:09:59.960707,77070.9,136594067.92746887,158817757.5840521,-0.07522951939416014,78000.0,1.2055133649665484,0.13433025566856696,77000.0,-0.09199321663558857,0.15433325376998386,38
2026-09-11 05:20:00.024001,77098.94,138592248.22157443,157098054.90570247,-0.0625850982883345,78000.0,1.1687060807839877,0.13732481459966062,77000.0,-0.12832861255940298,0.15497751619526304,38
2026-09-11 05:30:00.014092,77071.02,135688236.31405085,159322018.6369658,-0.0801117314611287,78000.0,1.2053557874282639,0.13294536095777698,77000.0,-0.09214877394901899,0.16012154315608848,38
2026-09-11 05:40:00.019429,77145.18,166773821.6487803,155555710.67114913,0.03480323660351597,78000.0,1.1080666348824542,0.13767825009534018,77000.0,-0.18819062966732858,0.15695710128563517,38
2026-09-11 05:49:59.971287,77170.89,172412217.26259995,154418495.8485365,0.05505517288378225,78000.0,1.0743818038122965,0.13831639948889318,77000.0,-0.22144360392889473,0.1561183215064775,38
2026-09-11 06:00:00.012193,77227.36,176756044.08354402,147996069.5606156,0.0885597762558108,78000.0,1.0004744432543067,0.1436083567679737,77000.0,-0.2944034342233115,0.14710714045756657,38
2026-09-11 06:10:00.029593,77254.42,178188113.99448103,144384270.40713733,0.10479459873805023,78000.0,0.9650968837770169,0.14512629302239313,77000.0,-0.32932743524577424,0.14169168064136822,38
2026-09-11 06:20:00.011105,77285.02,181011524.2262026,139320282.95721415,0.13015017657961372,78000.0,0.9251210648583585,0.14741719080936477,77000.0,-0.36879074366547027,0.13361498957847706,38
2026-09-11 06:30:00.001496,77245.32,173617664.8385257,147222932.80003813,0.08226743196701686,78000.0,0.976991227429691,0.13591620587980038,77000.0,-0.31758558317838137,0.14852562645823505,38
2026-09-11 06:40:00.025221,77227.11,166709510.91127378,152527652.25185758,0.04442420963429379,78000.0,1.0008014025126633,0.12506074915612836,77000.0,-0.2940806667503182,0.1604390078472471,38
2026-09-11 06:50:00.018352,77258.91,168710215.39293563,145970526.88844448,0.07226272678662317,78000.0,0.9592291685192045,0.12713659749209397,77000.0,-0.3351199233848967,0.1496981806930044,38
2026-09-11 07:00:00.024597,77268.05,165569968.31740147,145925362.388703,0.06306549085075419,78000.0,0.9472867504744853,0.12041168460174821,77000.0,-0.34690923350596536,0.15060516373993466,38
2026-09-11 07:09:59.993630,77340.53,173768913.33369306,122997332.95772198,0.1710827326572544,78000.0,0.8526835800064969,0.1298195758658728,77000.0,-0.4402995428140932,0.10794734830288001,38
2026-09-11 07:20:00.006394,77309.85,164290334.34758914,129749973.94913173,0.1174681138056833,78000.0,0.8927064274474761,0.11391447684992115,77000.0,-0.4007898088018602,0.11801129242714253,38
2026-09-11 07:29:59.966240,77305.38,161566543.88231382,121809497.34292462,0.14029784016845914,78000.0,0.8985403085787658,0.11185859183305036,77000.0,-0.39503072101838566,0.10431430343636795,38
2026-09-11 07:40:00.001612,77229.75,149641274.2675331,129911522.09597486,0.0705761216779361,78000.0,0.9973488195934799,0.10807327480863377,77000.0,-0.29748898578592087,0.12290158523081604,38
2026-09-11 07:50:00.030836,77217.84,144577123.36968297,107796439.87624864,0.1457390505581303,78000.0,1.0129265465079085,0.11557815487495521,70000.0,-9.347373612108289,0.09256983373350643,38
2026-09-11 07:59:59.997413,77199.47,143370326.39943266,94803363.12238634,0.20391405689920727,78000.0,1.0369630775962646,0.11978878705919639,70000.0,-9.325802366259772,0.09641663121021962,38
2026-09-11 08:09:59.999318,77121.38,111618837.70683435,95675948.93781549,0.07690926060937836,78000.0,1.1392690327896027,0.12014525010200279,70000.0,-9.233989329547788,0.09743760344325265,37
2026-09-11 08:20:00.025175,77204.92,140686961.15514666,96304574.41988471,0.18727414305145304,78000.0,1.0298307413568963,0.120431821477435,70000.0,-9.332203180833554,0.09679155531438542,37
2026-09-11 08:30:00.024158,77359.18,153041829.58522052,94897522.61773965,0.23451019957446947,78000.0,0.8283696905784232,0.12034256224924196,70000.0,-9.513001559737312,0.09386328136963645,37
2026-09-11 08:40:00.007210,77367.39,155913698.2897216,96606295.82077289,0.23486220438844832,78000.0,0.8176700803788295,0.1226456605419167,70000.0,-9.522603774019,0.0928474672338474,37
2026-09-11 08:50:00.009297,77341.2,155372035.0744753,96847760.80610318,0.2320367997446255,78000.0,0.8518099020961678,0.12268833818526384,70000.0,-9.491965472477792,0.09287479837493913,37
2026-09-11 09:00:00.008368,77337.2,155520383.01419848,96837504.10862243,0.2325383191887935,78000.0,0.8570261142115454,0.12166509617822582,70000.0,-9.487284256476824,0.0927897551173325,37
2026-09-11 09:10:00.019624,77247.35,152008988.08583498,97620237.56065528,0.21787813660168837,78000.0,0.9743376309996332,0.12275136638937953,70000.0,-9.382004690128532,0.09362392351732338,37
2026-09-11 09:19:59.978352,77243.74,152329387.41564605,97777999.27423766,0.21811186332152765,78000.0,0.9790566847229343,0.12256798954208814,70000.0,-9.377769641915323,0.09348192222080566,37
2026-09-11 09:30:00.009679,77113.54,117290927.76874344,98828716.33881322,0.08542588299258028,78000.0,1.14955168703188,0.1235642991420448,75000.0,-2.7408156855462606,0.09547760923666622,37
2026-09-11 09:39:59.981431,76906.21,132632644.54616582,87502028.43682438,0.20501366503417062,78000.0,1.4222388543135844,0.12091246866703388,75000.0,-2.4786164862369398,0.10882687414180911,37
2026-09-11 09:50:00.030992,77001.56,116308806.68921143,104480861.79159276,0.05357109768316449,78000.0,1.2966490549022769,0.12183929382624835,75000.0,-2.599375908747825,0.10711304581693382,37
2026-09-11 10:00:00.010706,77020.22,116562545.82844065,104376440.72943093,0.05515597445640387,78000.0,1.2721075063145681,0.12183311741546696,75000.0,-2.6229735516206,0.10657005471637979,37
2026-09-11 10:12:31.016846,77081.74,117481665.44628757,103855212.29563753,0.061564314495021664,78000.0,1.191280840313147,0.12193385310430574,75000.0,-2.700691499698893,0.10645681625831675,37
2026-09-11 10:20:00.010661,77108.13,117893057.80557932,103908500.01490468,0.06304986280571168,78000.0,1.1566484623605877,0.12169641662940756,75000.0,-2.7339918631148263,0.10624951754235117,37
2026-09-11 10:29:59.975094,77007.63,116529660.03773479,103548210.28276408,0.05898571144870613,78000.0,1.2886645128541208,0.12207609283329957,75000.0,-2.6070533530248907,0.10678082346298771,37
2026-09-11 10:40:00.007254,77018.69,116402203.0511873,103881371.63900118,0.056839605176172106,78000.0,1.2741193079238267,0.12112052674077,75000.0,-2.6210391269963162,0.10693347510976833,37
2026-09-11 10:50:00.010895,76981.44,134132893.00686592,86360424.39865184,0.21666175270225488,78000.0,1.3231241192682264,0.12100259330997731,75000.0,-2.5739191160882413,0.10715230172731054,37
2026-09-11 10:59:59.958543,76969.22,134281843.3461946,86466660.26731521,0.21660478914319173,78000.0,1.3392106610928378,0.12095982312667142,75000.0,-2.5584512874107346,0.1069384728725706,37
2026-09-11 11:10:00.003233,76777.31,130537057.8467864,91406316.16697027,0.17630957379872353,78000.0,1.5925147677093632,0.11747673325936112,75000.0,-2.3148896464332935,0.10836525692200229,37
2026-09-11 11:19:59.996183,76794.35,131492941.10491106,91327000.63272144,0.18026187494243434,78000.0,1.5699722700953878,0.11846079035709436,75000.0,-2.3365651249082853,0.10826339102007138,37
2026-09-11 11:29:59.979661,76819.74,131817844.0393394,91393537.60447097,0.18110324902417174,78000.0,1.536401971680701,0.11834016610313197,75000.0,-2.368844257999314,0.10815511586881806,37
2026-09-11 11:39:59.997536,76824.42,131863297.61780825,91407919.76417117,0.18119387858411123,78000.0,1.530216563951936,0.11817004977186699,75000.0,-2.374791765430828,0.10817092810782397,37
2026-09-11 11:49:59.971031,76906.53,133188598.26687948,86436647.37709863,0.21287147910840704,78000.0,1.4218168470219616,0.11996517088780363,75000.0,-2.4790222624788805,0.10745832545907863,37
2026-09-11 12:00:00.047672,77010.21,117102177.50354633,98963877.51717241,0.08394793890523257,78000.0,1.285271134827437,0.12219529979629191,75000.0,-2.6103162165120763,0.09599937358677899,37
2026-09-11 12:09:59.998531,76893.24,133193477.58481467,86907097.91668971,0.2102964954210608,78000.0,1.4393462936403756,0.11832853201160384,75000.0,-2.462167025345796,0.10710799819180854,37
2026-09-11 12:20:00.047608,76937.84,136569387.95535606,82357816.1437012,0.24762373426705772,78000.0,1.380543046178584,0.12627090773996696,75000.0,-2.518708609443676,0.09536202655599726,37
2026-09-11 12:30:00.003001,77090.08,113504796.85205382,108927946.91430007,0.020576331794752895,78000.0,1.1803334488691641,0.12217326616626241,70000.0,-9.197136648450755,0.12226999224995337,37
2026-09-11 12:40:00.010207,77573.82,164259974.9628474,103190394.391422,0.22833986252803254,78000.0,0.5493863780331898,0.12662032720694155,70000.0,-9.763371199200977,0.08798138268208752,36
2026-09-11 12:50:00.018882,77826.29,171338415.30284786,100928162.40373316,0.2586077714430125,78000.0,0.2232022109752485,0.131712275584613,75000.0,-3.631536335600727,0.08661684119382063,36
2026-09-11 13:00:00.014172,78000.29,119310986.65931202,144335273.13630193,-0.09491614444441368,80000.0,2.563721237446681,0.11351620712458622,78000.0,-0.00037179348947313784,0.13664867860052726,36
2026-09-11 13:09:59.977080,77546.22,158235952.42677045,107830836.05841507,0.1894453518807437,78000.0,0.5851735906663214,0.1341791430467522,70000.0,-9.731254469914852,0.08777193128554435,36
2026-09-11 13:19:59.996699,77681.55,166259704.1622244,105099497.3516888,0.2253846800452049,78000.0,0.4099429014997824,0.13992211195955226,75000.0,-3.4519779793271366,0.08866640652211596,36
2026-09-11 13:29:59.996880,77494.76,164849028.14619803,103316231.1872585,0.2294584955257948,78000.0,0.6519666620039999,0.13794790362414278,70000.0,-9.67131196999642,0.08849880396494171,37
2026-09-11 13:39:59.989194,77618.62,170442293.54236743,109464218.56509481,0.21785157665021312,78000.0,0.4913511732107745,0.1495100529113911,70000.0,-9.815454075323672,0.08624555342403738,36
2026-09-11 13:50:00.007742,78504.84,164976872.54361147,145642339.5046837,0.06224512937056072,80000.0,1.9045449936589964,0.11620738169926662,78000.0,-0.6430686311824751,0.13471156302521478,37
2026-09-11 14:00:00.031753,79206.3,192489955.6524945,119268633.14270337,0.23486545404493114,81000.0,2.2645925892258445,0.147045886781612,78000.0,-1.5229849140788065,0.11006269153470406,38
2026-09-11 14:10:00.064868,79013.81,164830372.98930842,126905975.59782836,0.12999544820227527,81000.0,2.5137251323534393,0.1315223926024995,78000.0,-1.2830795021781638,0.11861049395960822,37
2026-09-11 14:20:00.006908,79153.74,183208573.95811376,125500954.44300656,0.18693177309423722,81000.0,2.3324987549545817,0.1377460152942607,78000.0,-1.4575937915252135,0.11514504009666397,37
2026-09-11 14:30:00.049976,79022.27,165653729.9364367,130064279.4657228,0.1203492832332518,81000.0,2.502750174096491,0.13061785350363625,78000.0,-1.2936479804996792,0.1189808603124052,37
2026-09-11 14:40:00.012092,78723.73,179527398.5125304,135948712.56612942,0.13813624682198267,80000.0,1.621201129570471,0.11677694094605405,78000.0,-0.919328898668792,0.12637513405939887,37
2026-09-11 14:50:00.001559,78665.02,179341099.77327925,138347651.42467356,0.12903651197603327,80000.0,1.6970439974463902,0.11637400442264613,78000.0,-0.8453821024897779,0.1284541753780326,37
2026-09-11 15:00:00.042854,78776.42,183109888.10442418,136093458.72654754,0.14729303387527864,80000.0,1.5532312841837648,0.1180947205493415,78000.0,-0.9855994979208194,0.12608853859774666,37
2026-09-11 15:10:00.016043,78631.74,176434326.95775858,145646324.7665968,0.09559097085257677,80000.0,1.7400861280699065,0.11454984962156624,78000.0,-0.8034160251318423,0.12976667142769144,37
2026-09-11 15:20:00.027662,78648.4,178544955.40048873,139684292.27488023,0.12211530966899348,80000.0,1.7185346427899484,0.11694966091819356,78000.0,-0.824428723279802,0.12990785472758212,37
2026-09-11 15:30:00.021804,78694.64,180665021.71060228,139598709.25448912,0.12822654732823732,80000.0,1.658766086228991,0.11783519828918962,78000.0,-0.8827030659267265,0.12943370269221077,37
2026-09-11 15:40:00.013199,78759.36,185922256.96692926,137723048.3376379,0.1489260243831851,80000.0,1.575228645839677,0.11835875100017637,78000.0,-0.9641520703063122,0.12752321607180397,37
2026-09-11 15:49:59.985004,78520.58,172933062.2843042,149453799.00833058,0.07282946700070753,80000.0,1.8841175141599775,0.11483886044895394,78000.0,-0.662985423694018,0.135090874718788,37
2026-09-11 16:00:00.014019,77706.91,168253816.01468974,108141662.23643291,0.21748602458554392,78000.0,0.37717366447849177,0.14412263483791302,75000.0,-3.4834868610783776,0.08662868584183812,36
2026-09-11 16:09:59.997399,77935.56,180195008.4290141,91791984.83771053,0.3250266585527895,78000.0,0.08268369406725373,0.14466578816336853,75000.0,-3.766650294166096,0.08218988365274997,36
2026-09-11 16:20:00.023711,77499.03,175325196.0695495,103430201.2349021,0.25791427010873264,78000.0,0.6464209939143872,0.14303219789844865,70000.0,-9.6762888516153,0.08771822657864377,37
2026-09-11 16:30:00.009538,77653.65,170974681.32923925,111679787.5536632,0.20977872385998125,78000.0,0.44601895725442375,0.1434192100647995,70000.0,-9.856136833233197,0.08571013514935781,36
2026-09-11 16:39:59.962378,77628.1,175810479.65995616,114445817.38098748,0.2114154383713941,78000.0,0.47907909635813706,0.15169989274795312,70000.0,-9.82646747762731,0.08390862738393806,36
2026-09-11 16:50:00.020805,77873.09,189712757.91537133,108502021.98796666,0.27232297458136706,78000.0,0.16297028922314105,0.16183409872956225,75000.0,-3.689451644977737,0.08109420973166928,36
2026-09-11 17:00:00.014765,77896.27,193380856.90678096,95090038.58631346,0.3407304509956029,78000.0,0.13316427089511418,0.1634255286432111,75000.0,-3.7181112779854586,0.08140295269699391,36
2026-09-11 17:09:59.949946,77787.1,184963978.68602514,112536476.69016565,0.24345341557300998,78000.0,0.2736957670359086,0.16468162360257796,75000.0,-3.5829848393885477,0.08395021659221344,36
2026-09-11 17:19:59.994964,77818.43,191476522.786565,111630437.69401094,0.26342544218040437,78000.0,0.23332519044654276,0.16402954946547504,75000.0,-3.621802701493715,0.08238035693211115,36
2026-09-11 17:29:59.993230,77823.71,191234929.6400315,112043318.82880223,0.26111866317827065,78000.0,0.2265247955924865,0.16489950203255083,75000.0,-3.6283415426995314,0.08253146777208474,36
2026-09-11 17:39:59.986664,77566.61,172096961.85947442,121330692.84440531,0.17301119441622242,78000.0,0.5587326814978866,0.15887031376238533,70000.0,-9.754983490963443,0.08462337479796705,36
2026-09-11 17:49:59.997308,77576.04,173086048.87462547,120547760.02559544,0.17892452182467503,78000.0,0.5465089478658758,0.15909573008252048,70000.0,-9.765953508325499,0.08459208844461988,36
2026-09-11 18:00:00.036210,77512.98,171202063.0145906,126835073.17444876,0.14886396509997563,78000.0,0.6283076718247793,0.1564502400092135,75000.0,-3.242011854014637,0.0941773417406511,36
2026-09-11 18:09:59.983024,77048.73,142855090.29940975,123974980.28023054,0.0707570551481157,78000.0,1.2346342373196872,0.14319826636091337,75000.0,-2.6590055410387614,0.10125134433689748,37
2026-09-11 18:20:00.001061,77217.22,171193007.39109492,121389504.82989272,0.17022036683992103,78000.0,1.0137376093052763,0.1482251587046401,75000.0,-2.8714061448987693,0.09873773652192672,37
2026-09-11 18:29:59.983525,77189.25,170708062.54839382,121603600.31407915,0.16798666790595138,78000.0,1.0503405590804427,0.14747950060379866,75000.0,-2.8362110008841923,0.09816575760891894,37
2026-09-11 18:40:00.010183,77209.16,171538850.602248,121201124.36261496,0.1719537150526675,78000.0,1.0242826110269831,0.1482642444722698,75000.0,-2.8612667201663666,0.09772811001296,37
2026-09-11 18:50:00.000631,77057.62,143212206.5722092,125222815.0187341,0.06701581428107536,78000.0,1.2229549783655536,0.1417883950368259,75000.0,-2.6702355977254344,0.09964355335854248,37
2026-09-11 19:00:00.015219,77035.07,142389626.41751748,126243008.70886776,0.06010668696695444,78000.0,1.2525853484653071,0.1407443403827636,75000.0,-2.6417448572448987,0.09961608712762643,37
2026-09-11 19:10:00.010507,77158.7,169033218.79435462,124268520.22045293,0.15262336569931384,78000.0,1.0903501484602618,0.14444696701345913,75000.0,-2.797740241865143,0.09782474011080765,37
2026-09-11 19:19:59.974007,77125.8,146923424.4166003,125781065.30276807,0.07752845996627764,78000.0,1.133472845662542,0.14351151645686505,75000.0,-2.7562761099398703,0.09796339644022718,37
2026-09-11 19:30:00.024850,77211.7,171376355.23949602,124576654.28284934,0.1581322015686857,78000.0,1.0209592587651972,0.1453387988365962,75000.0,-2.8644622511873163,0.09655380742605411,37
2026-09-11 19:40:00.008418,77244.06,176321812.302137,123405489.18396637,0.1765482251893695,78000.0,0.9786383574348578,0.14682371409294387,75000.0,-2.905155425543393,0.09553679418194545,37
2026-09-11 19:50:00.028052,77300.83,179925880.74822468,122311494.86125813,0.19062627767589332,78000.0,0.9044792921369726,0.15000893823211178,75000.0,-2.976462219099074,0.09466125444391425,37
2026-09-11 20:00:00.063039,77266.1,177786841.5197299,124930106.48495775,0.1746077825611325,78000.0,0.9498344034447159,0.14657653492604947,75000.0,-2.9328515351493167,0.09504811509196097,37
2026-09-11 20:10:00.017519,77398.13,187672096.492455,120654006.98960981,0.21736106267351316,78000.0,0.7776286067893379,0.15356181339221547,75000.0,-3.098434031933339,0.09262895232800261,37
2026-09-11 20:20:00.056804,77369.88,185334931.96191263,121777532.9302437,0.20695154478339828,78000.0,0.8144254585892963,0.15296196487167987,75000.0,-3.063052443664127,0.09372733326179068,37
2026-09-11 20:30:00.016904,77373.57,185348779.2648438,121636608.73904319,0.20754137823978086,78000.0,0.8096175476974832,0.15302869373029168,75000.0,-3.0676754349062696,0.09376822132160696,37
2026-09-11 20:39:59.962868,77427.35,190256666.74175987,118904421.7190719,0.2307930968218458,78000.0,0.7395965379158653,0.15608803854570666,75000.0,-3.135003328927055,0.091583193465015,37
2026-09-11 20:50:00.045843,77250.53,177122967.55954903,128399239.82926533,0.15947687779133127,78000.0,0.970181046007057,0.1435831564838602,75000.0,-2.9132874557624366,0.09412858858354928,37
2026-09-11 21:00:00.017477,77311.93,182469484.4657169,123461359.56936818,0.19288060045878042,78000.0,0.8899920102887204,0.14962405954738514,75000.0,-2.9903922977993047,0.09400943981317125,37
2026-09-11 21:10:00.004968,77375.37,186483667.81909072,121004778.04356389,0.21294748032507924,78000.0,0.8072723917184499,0.15291502844952284,75000.0,-3.0699303925784127,0.09232564835326952,37
2026-09-11 21:20:00.011451,77376.44,186577554.52597338,120786122.57445629,0.21405077064463945,78000.0,0.8058783784831602,0.1529776866676089,75000.0,-3.071270789920033,0.09225023478333227,37
2026-09-11 21:30:00.012167,77340.94,184073738.99219263,122802559.4992963,0.19966083986963776,78000.0,0.8521489394879289,0.15082021204463378,75000.0,-3.026779865876994,0.09343626190364031,37
2026-09-11 21:40:00.031493,77378.66,187934181.30120066,121606150.26371816,0.21427912382904377,78000.0,0.8029862496972573,0.15355489583045714,75000.0,-3.074051682983403,0.09294641358993583,37
2026-09-11 21:58:34.850720,77112.43,144821720.34876195,134987149.81744146,0.03514745806835522,78000.0,1.1510076909779787,0.13668077947537133,75000.0,-2.7394156817519444,0.09711844067927558,37
2026-09-11 22:10:00.017598,77065.79,143818850.56846282,135006419.98034737,0.03160556634902567,78000.0,1.212223997184747,0.13678056908390726,75000.0,-2.6805538488608116,0.0976880106391804,37
2026-09-11 22:20:00.031008,77163.44,167098093.47227156,132854199.63493174,0.11416446756451704,78000.0,1.0841403649189285,0.1408163846885969,75000.0,-2.803711187577951,0.09619173275207615,37
2026-09-11 22:37:05.224222,77062.44,141878196.38476077,137153727.51523933,0.01693164281523071,78000.0,1.2166238182959033,0.13319572588225428,75000.0,-2.676323251638546,0.09763639393507026,37
2026-09-11 22:50:00.016802,77038.47,139437640.82231268,138981897.8655278,0.0016368928665449946,78000.0,1.24811668767566,0.13084405345566402,75000.0,-2.6460416464657244,0.09798109060990391,37
2026-09-11 23:00:00.012649,77128.61,146140498.2152709,135799065.2151139,0.03667960918408124,78000.0,1.1297882847882246,0.13629597884202369,75000.0,-2.759818956934401,0.09640927331859306,37
2026-09-11 23:10:00.013091,77177.35,167394988.8731708,133927367.71434093,0.1110691604096426,78000.0,1.065921543043391,0.13835718160364022,75000.0,-2.8212292855352095,0.0955163492134461,37
2026-09-11 23:20:00.016212,77135.34,147979103.8927814,136165001.03409106,0.04157785663626855,78000.0,1.1209647873465123,0.13432649870232014,75000.0,-2.7683030890898963,0.09572107684514676,37
2026-09-12 00:53:01.391930,77268.52,175511485.03101587,132402693.9643938,0.1400026176360808,78000.0,0.9466727200158509,0.13806636624878935,75000.0,-2.935891615369368,0.09308558054015388,37
2026-09-12 08:42:07.203307,77330.04,142181208.98961726,109713510.23410495,0.12889392384076093,78000.0,0.8663644813839522,0.12738278574624,75000.0,-3.013111075592345,0.10523724848943676,37
2026-09-12 09:00:00.004404,77344.35,143231897.05562037,109043021.18773673,0.13552229490726986,78000.0,0.8477025147926032,0.12788299382823118,75000.0,-3.0310552742378816,0.1048830978980931,37
2026-09-12 09:10:00.109449,77331.97,143100232.00310594,109339062.51352057,0.13373975535081264,78000.0,0.8638471255807856,0.12719770136272407,75000.0,-3.0155316100184737,0.10467950541212695,37
2026-09-12 09:20:00.013816,77340.9,143407121.57193524,109259518.19315803,0.1351488404267559,78000.0,0.8522010992890072,0.1273474120510161,75000.0,-3.0267297122221204,0.10461525852930038,37
2026-09-12 09:30:00.008825,77353.38,143981574.21459156,109328289.89358597,0.1368019537770811,78000.0,0.8359298585271846,0.1275621069299152,75000.0,-3.04237513603155,0.10422425026271606,37
2026-09-12 09:40:00.012732,77352.31,144051425.86450583,109937903.58498003,0.13431084822919856,78000.0,0.8373247030373232,0.12734078827252557,75000.0,-3.0410339393871944,0.10428533433305406,37
2026-09-12 09:50:00.012773,77318.07,143381892.49095088,110738146.62415424,0.1284579759253479,78000.0,0.8819801115056203,0.12658407926262152,75000.0,-2.9980960466292172,0.10421088724161577,37
2026-09-12 09:59:59.874963,77336.58,143843500.35113418,110079920.37986486,0.13296756901773832,78000.0,0.8578346753890465,0.12713023543078894,75000.0,-3.021312812125909,0.10429480155527575,37
2026-09-12 11:30:00.250339,77283.09,143957976.18450904,114112693.39304839,0.11564771324193937,78000.0,0.9276414801737465,0.1260163301055444,75000.0,-2.9541908844483267,0.1032847082818588,37
2026-09-12 11:40:00.016785,77307.0,144692454.42747676,113526748.89594656,0.12069476293943444,78000.0,0.8964259381427198,0.1264606607344323,75000.0,-2.984205828708919,0.10311238086745948,37
2026-09-12 11:49:59.965224,77329.84,145426664.50943166,112943944.7406749,0.12572141956484303,78000.0,0.8666253544556746,0.126854258134425,75000.0,-3.012860236100312,0.10310883286255192,37
2026-09-12 16:50:00.011255,77335.7,147242590.30163336,112897128.14787015,0.1320269828785492,78000.0,0.8589823328682744,0.1305696152668008,75000.0,-3.0202092953189763,0.10210567025990977,37
2026-09-12 16:59:59.747060,77335.52,148014562.1947904,112824055.7153795,0.1349129464086109,78000.0,0.859217084206576,0.13052910570100593,75000.0,-3.019983572878293,0.10192729712043348,37
2026-09-12 17:10:00.005039,77370.03,148970560.83799618,112000094.60971716,0.14166522348979663,78000.0,0.81423000611478,0.12987113321729413,75000.0,-3.0632403787357987,0.1008926887153044,37
2026-09-12 17:19:59.991767,77294.95,146372132.01460576,113880958.11287452,0.12484452686350822,78000.0,0.9121553219194833,0.12925234868961577,75000.0,-2.9690814212312677,0.10182373218389437,37
2026-09-12 17:30:00.114549,77272.83,146204413.9375723,114472965.51983207,0.12172689660985817,78000.0,0.9410422783790784,0.12835713174196384,75000.0,-2.9413055015585665,0.10191653075962832,37
2026-09-12 17:40:00.008774,77208.5,143985199.92252874,116059406.21645221,0.10738847508012368,78000.0,1.0251461950433027,0.12712681126824651,75000.0,-2.860436350919915,0.10196708805984907,37
2026-09-12 17:50:00.072279,77179.76,143129445.6965232,116771575.9281237,0.10141502947405084,78000.0,1.0627656784628625,0.12683867859866874,75000.0,-2.8242637707087903,0.10221309001485306,37
2026-09-12 18:00:00.011703,77194.14,143203225.07688117,116144474.76667157,0.10433387427971157,78000.0,1.0439393456549872,0.12663924538866833,75000.0,-2.842366013793274,0.10212286559304719,37
2026-09-12 18:10:00.012278,77193.82,142824125.2718595,116145478.27215454,0.10301844940335131,78000.0,1.0443582141679064,0.12640727795684883,75000.0,-2.841963255607771,0.10221852354019317,37
2026-09-12 18:19:59.981024,77121.9,122966758.62133716,117742222.11681575,0.021704784293880373,78000.0,1.1385870939383036,0.12590625888314277,75000.0,-2.751358563520856,0.10364263476060769,37
2026-09-12 18:30:00.005446,77186.95,142771894.42018902,116606019.594648,0.10087934790023899,78000.0,1.053351635218136,0.12577715514873244,75000.0,-2.833315735367181,0.1022690540642551,37
2026-09-12 18:40:00.056243,77157.92,141811347.82314128,117071688.45900802,0.09556307635843006,78000.0,1.0913720846803532,0.12497075582447116,75000.0,-2.7967576108842707,0.10235416730618896,37
2026-09-12 18:50:00.035019,77154.98,141769466.87244743,117490303.53400308,0.09364801681487671,78000.0,1.0952241838440013,0.1245982042902671,75000.0,-2.793053669380763,0.10225246764197277,37
2026-09-12 19:00:00.019250,77124.86,123463597.04273613,118042367.43377626,0.02244760132823597,78000.0,1.1347054633227271,0.12462451953562494,75000.0,-2.755090900651236,0.10318067528708715,37
2026-09-12 19:09:59.967380,77127.12,122903218.17940342,118419823.3929429,0.018578394989756667,78000.0,1.1317419864763645,0.12425466714642114,75000.0,-2.7579403976188854,0.10287446251758732,37
2026-09-12 19:20:00.007462,77142.96,140719394.0264771,118201803.44907677,0.08696696445460528,78000.0,1.1109762964760517,0.1250378762789145,75000.0,-2.777907407234581,0.10293131678176158,37
2026-09-12 19:30:00.007603,77112.63,122462263.76626784,119922217.60877924,0.010479409172893077,78000.0,1.1507453448287297,0.12421744982978097,75000.0,-2.7396679376646915,0.10463717598431342,37
2026-09-12 19:40:00.030551,77053.01,120736552.48824415,121432863.35777922,-0.0028753047411148045,78000.0,1.2290110405810406,0.12377795823811953,75000.0,-2.6644124609797815,0.10533263307526303,37
2026-09-12 19:50:00.015772,77101.35,122432799.68104236,120200417.21897784,0.009200646517349677,78000.0,1.1655437939802615,0.12452574009638673,75000.0,-2.7254386596343716,0.10454741329413932,37
2026-09-12 19:59:59.984728,77108.03,123229863.20740454,119845659.65694574,0.013922436576830398,78000.0,1.1567796505759453,0.12423397447519166,75000.0,-2.7338657206000483,0.10444239220954521,37
2026-09-12 20:09:59.974806,77168.41,142665204.40255225,118241993.49282447,0.09360880461228763,78000.0,1.077630082050418,0.12425713498134859,75000.0,-2.809971074951534,0.10185052144939101,37
2026-09-12 20:20:00.001842,77152.44,141816502.87654513,118822594.49735017,0.08822125540977242,78000.0,1.0985524242655087,0.12412752981404555,75000.0,-2.7898534382062357,0.10215314904256564,37
2026-09-12 20:29:59.990024,77179.99,143019681.90189236,118143337.24542853,0.09525217137435218,78000.0,1.0624645066681149,0.12437244563344586,75000.0,-2.82455335897297,0.10188623874967113,37
2026-09-12 20:40:00.006620,77147.0,141637773.9247703,118862974.7151826,0.08742700099133124,78000.0,1.1056813615565098,0.12415904961170314,75000.0,-2.782998690811045,0.10249936591689905,37
2026-09-12 20:50:00.015813,77193.66,143488780.46611565,117590318.57260129,0.09919776032961464,78000.0,1.0445676497266687,0.12467364434142882,75000.0,-2.841761875262816,0.10192927942568518,37
2026-09-12 20:59:59.983093,77152.46,141957412.60121286,118233894.12028772,0.09117721410392064,78000.0,1.0985262167920506,0.12426659948869102,75000.0,-2.7898786376999607,0.10234948716494202,37
2026-09-12 21:10:00.006260,77214.71,144332105.4133352,116671187.49124518,0.10597919135143831,78000.0,1.017021238569682,0.12499013428645525,75000.0,-2.8682488090676084,0.10181861447995968,37
2026-09-12 21:19:59.973692,77156.55,142365132.53640693,118158621.34909794,0.09291479500923853,78000.0,1.093167073955481,0.12385335463652287,75000.0,-2.795031659658187,0.10202990192608671,37
2026-09-12 21:30:00.044179,77197.93,143803227.1623546,117380263.20053041,0.10116628706168392,78000.0,1.0389786358261155,0.1241530022564863,75000.0,-2.8471359270902608,0.10150986377025199,37
2026-09-12 21:40:00.001323,77228.81,145693387.55876958,116697638.27086465,0.11050587266170966,78000.0,0.9985781212995537,0.12426442044989897,75000.0,-2.885982575673507,0.10123148065307294,37
2026-09-12 21:50:00.021587,77252.18,146510078.12838382,116470060.13764614,0.11422922730517877,78000.0,0.9680244622223055,0.12456440665797869,75000.0,-2.9153610940170105,0.10112206185920324,37
2026-09-12 22:00:00.010005,77241.76,146145275.27526462,116954189.6865127,0.1109507599834639,78000.0,0.9816451618917199,0.12419067260325994,75000.0,-2.9022642674118138,0.10107120899914779,37
2026-09-12 22:10:00.056360,77248.74,146448456.00729868,116861828.58253914,0.11236411623969435,78000.0,0.9725207168427508,0.12413491617918535,75000.0,-2.911037772266578,0.10103039652024222,37
2026-09-12 22:20:00.032920,77256.91,146920337.78840443,116646908.52767323,0.1148603617629575,78000.0,0.9618427659092266,0.12432069787119547,75000.0,-2.9213050327795975,0.10098014225073373,37
2026-09-12 22:30:00.015693,77188.16,143387245.67886347,118836065.44838786,0.0936269934390442,78000.0,1.0517675249675618,0.12323691871187571,75000.0,-2.8348389183004308,0.1013786801529163,37
2026-09-12 22:39:59.996482,77197.07,143578929.90761837,118561659.06869961,0.09543455645923966,78000.0,1.040104242298301,0.123231633381491,75000.0,-2.846053613174704,0.10141472287264713,37
2026-09-12 22:50:00.025383,77200.26,143784492.42768848,118462332.46797837,0.09655849968740082,78000.0,1.0359291536064852,0.12320577806074548,75000.0,-2.850068121532223,0.10139344497413812,37
2026-09-12 23:00:00.011453,77221.06,144851557.4660934,117795219.64662656,0.10301416265943776,78000.0,1.0087144620910538,0.12368952642165633,75000.0,-2.8762360941432252,0.10114918139683472,37
2026-09-12 23:10:00.018487,77256.11,147095932.4666109,117029222.69959602,0.11383508605265072,78000.0,0.9628882427551666,0.1239898115346026,75000.0,-2.920299766581569,0.10083964539237979,37
2026-09-12 23:20:00.014148,77260.43,147433166.93310714,116725527.05748144,0.1162469400939715,78000.0,0.9572429250005454,0.12398836863301975,75000.0,-2.9257279567302397,0.10083847189528233,37
2026-09-12 23:30:00.021290,77240.79,146323392.9960555,117413807.09592746,0.10961512403273155,78000.0,0.9829133026733716,0.12349909179704488,75000.0,-2.9010449012755957,0.10091003085914732,37
2026-09-12 23:39:59.985200,77236.0,146049926.29321665,117492663.13851023,0.10835919619779118,78000.0,0.989176031902228,0.12338364834039522,75000.0,-2.8950230462478688,0.10095041861008357,37
2026-09-12 23:50:00.017223,77254.9,147079985.00613672,117360260.22178802,0.11238729853216121,78000.0,0.9644695676261472,0.12339791733485274,75000.0,-2.9187792618979413,0.10075904956379195,37
2026-09-13 00:00:00.013685,77272.08,147229598.5228496,116756790.6499921,0.1154332538444087,78000.0,0.9420220084667141,0.12358524898807116,75000.0,-2.940363453397399,0.10090118082561247,37
2026-09-13 00:10:00.012609,77271.69,147718622.95256132,116648434.1786587,0.11752670363342876,78000.0,0.9425314756283942,0.12371757367863097,75000.0,-2.9398735811265397,0.10080578835211063,37
2026-09-13 00:20:00.016632,77259.36,146926313.67659125,117435709.8756011,0.11155385862435681,78000.0,0.9586411277546114,0.12319896585282543,75000.0,-2.9243835310051813,0.10078606374787069,37
2026-09-13 00:29:59.945985,77253.75,146354774.0586563,117867579.5123643,0.10781523274348892,78000.0,0.9659725256055518,0.1229824930088524,75000.0,-2.9173341099946626,0.10081125145849867,37
2026-09-13 00:40:00.008971,77256.65,146651777.01187864,117530608.75074424,0.11023130167088728,78000.0,0.9621825435092157,0.12291816134366498,75000.0,-2.9209783235488396,0.10081581931522081,37
2026-09-13 00:50:00.006023,77220.7,144672329.5114603,118873192.42711325,0.09789252685674639,78000.0,1.009185360920073,0.12219074888250643,75000.0,-2.875783306807622,0.10090828097428015,37
2026-09-13 01:00:00.035473,77256.92,147211824.10795212,117429426.33910282,0.11253875848356329,78000.0,0.9618296975856699,0.12261298163710938,75000.0,-2.921317598475315,0.10069650517472362,37
2026-09-13 01:10:00.011475,77250.72,146759121.3126377,117596890.04484642,0.11031423540566167,78000.0,0.9699327074233155,0.1224524916053414,75000.0,-2.9135262428622077,0.10075680736521807,37
2026-09-13 01:20:00.021604,77278.89,148362823.8959067,116734014.22892074,0.11931039951556394,78000.0,0.9331267568672308,0.12272052214417124,75000.0,-2.9489165799353456,0.10062207204651032,37
2026-09-13 01:29:59.996623,77237.8,145733036.14175785,118748247.35331994,0.10202910554515708,78000.0,0.9868225143647269,0.12190988867992322,75000.0,-2.8972860438800763,0.10070598745990181,37
2026-09-13 01:40:00.011674,77271.78,147902155.12543932,116945162.47912323,0.11688618531729764,78000.0,0.9424139058269443,0.12238673331699731,75000.0,-2.9399866290125587,0.10050543723026754,37
2026-09-13 01:49:59.954261,77271.23,148316098.01568758,117026850.68393683,0.11792002570669796,78000.0,0.9431323922241219,0.12243902295701382,75000.0,-2.9392957767075734,0.10054869422526873,37
2026-09-13 02:00:00.012487,77302.56,150292919.4387021,115395392.52345169,0.13134761803229578,78000.0,0.9022210907374983,0.12308378431237019,75000.0,-2.9786335665985653,0.10047452834929956,37
2026-09-13 02:10:00.042509,77259.38,147861136.99329868,117239748.32893081,0.11550843607009326,78000.0,0.9586149927685028,0.12199589375495094,75000.0,-2.9244086607995046,0.10059007064681441,37
2026-09-13 02:20:00.010632,77272.95,148642692.62150145,116651999.52767614,0.12058549997614222,78000.0,0.9408855233299596,0.1222123681081688,75000.0,-2.9414562275673406,0.10056515205211433,37
2026-09-13 02:30:00.017164,77245.0,146277408.8282815,118229617.29726525,0.1060379829672408,78000.0,0.9774095410706174,0.12146387911308039,75000.0,-2.9063369797397876,0.10071290769192512,37
2026-09-13 02:39:59.969016,77236.85,146251912.4300277,118271066.52675205,0.10577850746134011,78000.0,0.9880646349508027,0.12144273912287408,75000.0,-2.896091697162695,0.10069537927197177,37
2026-09-13 02:50:00.041356,77296.78,150200898.55400306,114761418.62938087,0.13375290607869367,78000.0,0.9097662282956609,0.12268251715999166,75000.0,-2.9713786266387765,0.10064650867451916,37
2026-09-13 03:00:00.007169,77273.41,148554416.9512921,116106965.7007785,0.12259987054163357,78000.0,0.9402846334851667,0.12166282062432297,75000.0,-2.9420340062642603,0.10055822431308005,37
2026-09-13 03:10:00.010563,77266.76,148097505.94417018,116704356.11858022,0.11855335752189947,78000.0,0.9489721065047974,0.12160705741178127,75000.0,-2.9336806668223137,0.10051213422897372,37
2026-09-13 03:20:00.002871,77267.77,148387952.50897953,116172825.75983983,0.12176833981190519,78000.0,0.9476525594047658,0.12144801546068142,75000.0,-2.934949462110792,0.10058495698308866,37
2026-09-13 03:29:59.967929,77241.4,146024647.9872683,117737062.64533922,0.10724674659594821,78000.0,0.9821158083618498,0.12120284344149347,75000.0,-2.9018117227289975,0.10072728162535606,37
2026-09-13 03:40:00.012206,77196.57,143795001.99440458,120559173.92290765,0.0878965803769444,78000.0,1.0407586761950638,0.12065244409145395,75000.0,-2.845424349812442,0.10066729910796358,37
2026-09-13 03:50:00.008098,77181.61,142357548.67810416,121812329.05753739,0.07777275666958008,78000.0,1.0603432605253982,0.12042983513777356,75000.0,-2.826593018725576,0.10069985683342364,37
2026-09-13 03:59:59.981311,77178.36,142284922.84918746,121627366.48729947,0.07827432520790914,78000.0,1.0645989368004205,0.12051577006723116,75000.0,-2.822501022307289,0.10076106995793914,37
2026-09-13 04:10:00.031092,77214.46,144591773.00303918,119739349.3641235,0.09402004355883238,78000.0,1.0173483049677357,0.12079840959657198,75000.0,-2.8679343221464038,0.10055402191954982,37
2026-09-13 04:20:00.005134,77235.97,146077432.61497718,117760537.4117271,0.10732683851525993,78000.0,0.9892152581238989,0.12098780243008161,75000.0,-2.8949853287270177,0.10071167474954762,37
2026-09-13 04:29:59.989956,77207.77,143971389.66508722,120196676.78466415,0.08999843622259077,78000.0,1.0261013885001447,0.12083164124946956,75000.0,-2.859517895672936,0.10089358219023532,37
2026-09-13 04:40:00.015312,77192.97,141806621.1480211,121894310.43053186,0.07551096083844373,78000.0,1.045470850519159,0.12039486034395418,75000.0,-2.840893412962353,0.10101417469302014,37
2026-09-13 04:49:59.992788,77200.04,142721747.54286903,120718412.65030342,0.0835230850012817,78000.0,1.0362170796802683,0.12073343314443152,75000.0,-2.8497912695381933,0.10107827542584011,37
2026-09-13 05:00:00.026039,77194.47,141837219.65531024,121609143.05491745,0.07678252374523097,78000.0,1.0435073911382542,0.12047124433765011,75000.0,-2.8427813546747616,0.1010782626952896,37
2026-09-13 05:10:00.007485,77218.13,143765620.79717502,119011126.23092176,0.09420352008393819,78000.0,1.0125471828960286,0.12115656811902548,75000.0,-2.8725507856768973,0.10110973213362291,37
2026-09-13 05:19:59.996760,77236.94,145187642.12644672,117657248.9648358,0.1047400733082919,78000.0,0.9879469590587053,0.1210557128937564,75000.0,-2.8962048470589363,0.10112382130570381,37
2026-09-13 05:29:59.999881,77267.78,147670359.676639,115244114.43347912,0.12333381550373902,78000.0,0.9476394947544708,0.12155361663368079,75000.0,-2.9349620242745456,0.1011751754986797,37
2026-09-13 05:40:00.011391,77279.52,148255236.37162244,114789781.41920894,0.1272232990134967,78000.0,0.9323039273535727,0.12129018505781126,75000.0,-2.9497077621600143,0.10116249281766257,37
2026-09-13 05:50:00.031681,77295.59,150098588.99685824,113135958.20764354,0.1404170963946429,78000.0,0.9113197790456162,0.12145428748780708,75000.0,-2.969884827840752,0.10114244332121426,37
2026-09-13 06:00:00.012040,77295.53,149261314.65760154,113908357.95744736,0.13433522316177618,78000.0,0.9113981106022573,0.12149474264065051,75000.0,-2.969809509036292,0.10117613281121214,37
2026-09-13 06:10:00.054176,77289.89,148258408.30190134,113834507.2236243,0.1313423562374941,78000.0,0.918761819948255,0.12161826458028552,75000.0,-2.96272901928053,0.10143746266643545,37
2026-09-13 06:20:00.035583,77282.93,148142297.4011122,113297252.63039373,0.13328145939097322,78000.0,0.9278504321717618,0.12180120261673869,75000.0,-2.953989969065607,0.10159004476672302,37
2026-09-13 06:30:00.017164,77277.75,147278019.48255718,112784132.40862459,0.13263709010746755,78000.0,0.9346157205663896,0.12207594249688077,75000.0,-2.9474848840707724,0.1019301307819287,37
2026-09-13 06:40:00.005479,77258.12,142652759.1221872,114826372.52700529,0.10807239568096152,78000.0,0.9602615233194944,0.12282746940957343,75000.0,-2.922825458346634,0.10272532823331793,37
2026-09-13 06:50:00.031132,77224.17,139694537.3379494,116479482.93820012,0.09062220429192626,78000.0,1.0046466022231249,0.12305989661597644,75000.0,-2.8801474978623953,0.10300595059205386,37
2026-09-13 07:00:00.017077,77102.87,114122145.66674931,135049394.0019125,-0.0839873139725002,78000.0,1.1635494242951072,0.1200575109953978,77000.0,-0.13341915806764915,0.12672208792142656,37
2026-09-13 07:09:59.961059,77155.78,132756804.66028562,125834222.81960002,0.026770386846558608,78000.0,1.0941759645226812,0.12202696550955466,77000.0,-0.20190321450965776,0.10867431887566271,37
2026-09-13 07:20:00.001508,77152.98,132143815.54437438,126428086.47212139,0.022104989086897578,78000.0,1.0978448272510155,0.12202705654575755,77000.0,-0.19828138848297927,0.10996832043391695,37
2026-09-13 07:29:59.974861,77129.0,114435859.39007573,129040842.18434203,-0.05998513492184113,78000.0,1.1292769256699753,0.12206989583095487,77000.0,-0.1672522656847586,0.11596281188518946,37
2026-09-13 07:40:00.006548,77099.46,113691014.7520072,137390391.55771324,-0.09438921485277874,78000.0,1.1680237449133823,0.11965132492227579,77000.0,-0.12900220053422284,0.1322728863014715,37
2026-09-13 07:50:00.008713,77140.16,114648507.57444942,114241783.77158159,0.001776937765582002,78000.0,1.1146463787474525,0.12642140901894008,75000.0,-2.774378481973594,0.10587609118443533,37
2026-09-13 08:00:00.010510,77102.43,113719035.15881829,107794224.9235454,0.026746977734289606,78000.0,1.1641267337488603,0.12973115989460535,75000.0,-2.7268012175491685,0.1108226107421586,34
2026-09-13 08:10:00.013611,77101.85,113716848.69568457,107704978.3656724,0.027151209118811293,78000.0,1.164887742641696,0.12921580303668412,75000.0,-2.7260694782291317,0.11040719094480633,34
2026-09-13 08:20:00.006897,76991.55,136357581.58000654,85471844.24677895,0.22939128631636763,78000.0,1.3098190645596697,0.12704644102401352,75000.0,-2.5867124379233886,0.11069609142704692,34
2026-09-13 08:30:00.032153,77002.17,112267792.25353374,109755355.47944702,0.01131610284666503,78000.0,1.2958465975699163,0.1272021245619055,75000.0,-2.600147502336625,0.1106585317184143,34
2026-09-13 08:40:00.010538,76767.02,132792865.12754717,92249350.87853952,0.1801595939133086,78000.0,1.6061324250960851,0.1259895585331105,75000.0,-2.3017957450999216,0.11181892857346114,34
2026-09-13 08:50:00.027149,76848.63,134285259.07214153,86812429.92818789,0.21471427113778155,78000.0,1.498231002946948,0.1251374377441838,75000.0,-2.4055471125509986,0.11050620594206785,34
2026-09-13 08:59:59.999279,76784.48,133754223.00408553,91308007.3719858,0.18859768500993504,78000.0,1.5830282369562187,0.12512405601372112,75000.0,-2.324011310619012,0.1111057264632336,34
2026-09-13 09:10:00.014552,76825.89,134132611.60468741,91203010.59929504,0.1905140456067388,78000.0,1.5282738670518548,0.1250471073064566,75000.0,-2.376659743219378,0.11079888675075145,34
2026-09-13 09:19:59.997807,76746.45,133085771.99434075,92446829.94639093,0.18019098657243993,78000.0,1.6333654520828134,0.1255444951016738,75000.0,-2.2756101422280683,0.11201943554875449,34
2026-09-13 09:30:00.028435,76623.08,131127297.76154979,94972499.09038006,0.15990637397541357,78000.0,1.7970042446740608,0.12438230727468262,75000.0,-2.1182651493518723,0.11229613664420929,33
2026-09-13 09:40:00.013716,76698.43,132158125.46657732,93274991.01929721,0.17248190972738692,78000.0,1.6969969267949914,0.12528363662791936,75000.0,-2.2144260319278963,0.11243322035426731,34
2026-09-13 09:49:59.963222,76745.94,133330202.68451086,93187085.74359962,0.17721877751353804,78000.0,1.6340408365576042,0.12521818962078107,75000.0,-2.2749607340792233,0.11189068935964569,34
2026-09-13 10:00:00.012989,76778.49,133692208.67842227,92912275.72351994,0.17996083820904657,78000.0,1.590953403746287,0.12539689183613675,75000.0,-2.3163909579362763,0.11172577964521196,34
2026-09-13 10:10:00.018637,76774.06,133727236.29043022,92858879.8283898,0.1803656691860563,78000.0,1.596815382695671,0.12548547363438756,75000.0,-2.310754439715701,0.1117235293543771,34
2026-09-13 10:20:00.001512,76748.55,133554033.30316584,93072436.54055683,0.17862695734758763,78000.0,1.6305845517602613,0.12542155045009154,75000.0,-2.278284084845905,0.11186399413812305,34
2026-09-13 10:30:00.016387,76733.58,133210362.42144549,93162489.43806657,0.176911112151526,78000.0,1.6504117232637894,0.12524384184289836,75000.0,-2.259219496861742,0.11191361130752724,34
2026-09-13 10:40:00.040132,76760.41,133598966.00353917,92957140.51799792,0.1793896713248721,78000.0,1.6148819423971172,0.12536181817724185,75000.0,-2.293382747695072,0.11169452981255928,34
2026-09-13 10:49:59.980477,76722.42,132977074.26920451,93367726.05842839,0.174995617983898,78000.0,1.665197734899393,0.12502707362752635,75000.0,-2.245002177981348,0.11217502406151443,34
2026-09-13 11:00:00.013199,76647.66,131733656.83009492,93760769.78194636,0.16839833967816933,78000.0,1.7643591467763065,0.1244737108759465,75000.0,-2.1496546665612515,0.11206158519962518,33
2026-09-13 11:10:00.012745,76578.76,130058237.32463667,95418306.71632637,0.15362986316668553,78000.0,1.8559193175758049,0.12430448893858202,75000.0,-2.061616040792502,0.11268920681186934,33
2026-09-13 11:20:00.008596,76579.02,130173475.22582224,95424232.55705675,0.15403189602533127,78000.0,1.855573497806584,0.12398041622185971,75000.0,-2.0619485598013743,0.11237723914468609,33
2026-09-13 11:30:00.033821,76637.19,131970600.2356177,94706828.21222481,0.16439118918259266,78000.0,1.7782619639368225,0.12465731046261233,75000.0,-2.136286573137669,0.11168446846677843,33
2026-09-13 11:40:00.031306,76730.43,133736547.77205464,93023960.31046133,0.17954002575606506,78000.0,1.6545847586153295,0.12617805918207237,75000.0,-2.255206962869871,0.11208079574943172,34
2026-09-13 11:50:00.010392,76747.49,133804034.14234707,93087595.08238801,0.1794532447013707,78000.0,1.6319882252826767,0.12616041996278232,75000.0,-2.2769343987666613,0.1117618710838453,34
2026-09-13 12:00:00.021826,76761.77,134505939.70826223,93022952.51587059,0.18231964647165702,78000.0,1.613081616017964,0.1267063782088195,75000.0,-2.295113830751949,0.11160210089162682,34
2026-09-13 12:09:59.995096,76746.51,134080452.21047185,93328888.20775,0.1791991653807045,78000.0,1.6332859956758927,0.12642027067419073,75000.0,-2.2756865426193262,0.11161627057691055,34
2026-09-13 12:20:00.015680,76816.98,135090837.18509442,92149655.15772091,0.18896800294989846,78000.0,1.5400501295416813,0.12597783820678224,75000.0,-2.3653364139022304,0.11040503499025932,34
2026-09-13 12:29:59.962408,76809.56,134701200.68744949,92211912.9967963,0.1872491501296743,78000.0,1.5498591581568855,0.12577795790474308,75000.0,-2.3559046556183905,0.11047760699425055,34
2026-09-13 12:40:00.011161,76761.87,134096062.3369924,93327831.17220895,0.17926098500786597,78000.0,1.6129492415961177,0.12670124697827653,75000.0,-2.2952411138498774,0.11163676392935072,34
2026-09-13 12:49:59.979223,76678.72,132393716.37423557,93915326.50495277,0.17002586100734782,78000.0,1.7231377884242116,0.12582994627942806,75000.0,-2.1892905880536384,0.11195055321402073,34
2026-09-13 13:00:00.035297,76735.07,132931780.007421,93610495.31084888,0.17357150951772485,78000.0,1.648437930661939,0.12662427947565302,75000.0,-2.2611173743635193,0.11219956636102131,34
2026-09-13 13:10:00.012502,76717.21,132808992.5296097,93682281.30402131,0.17275151736896,78000.0,1.6721019964099249,0.12624054788938777,75000.0,-2.238363464990456,0.11185954849275564,34
2026-09-13 13:20:00.014055,76676.77,132417907.96805449,94005148.25719821,0.1696503896345347,78000.0,1.725724753403135,0.1257845935607378,75000.0,-2.186803121727743,0.11201756475430283,34
2026-09-13 13:30:00.012907,76557.03,125283111.53982067,96295882.38097537,0.1308211967475891,78000.0,1.8848301717033777,0.12641635564977483,75000.0,-2.0338171425929086,0.11378825460280463,33
2026-09-13 13:40:00.009280,76688.02,132671484.69882634,93938697.08498062,0.17092253891220996,78000.0,1.7108017653865604,0.1262540227223529,75000.0,-2.201152148666774,0.11243813341284259,34
2026-09-13 13:50:00.001979,76816.07,135028098.39041984,92476377.3964469,0.18703685211818302,78000.0,1.5412530216659004,0.1255184892853037,75000.0,-2.3641797868597103,0.11019692753747144,34
2026-09-13 14:00:00.009160,76827.69,135160500.67863187,92637753.75873888,0.18666844934750762,78000.0,1.5258951557699962,0.1254557856733054,75000.0,-2.378946965605766,0.11012937058334836,34
2026-09-13 14:10:00.037564,76941.68,136592374.40185833,87681033.23587647,0.21808800999264058,78000.0,1.3754833531058885,0.12749434910527827,75000.0,-2.523573698936643,0.11072985869440288,34
2026-09-13 14:20:00.023451,77034.19,113179397.50100797,109413690.05318528,0.01691745008436472,78000.0,1.2537420072827432,0.12819027583370604,75000.0,-2.6406326853050555,0.10855771282503915,34
2026-09-13 14:30:00.016497,77077.51,113609119.61698514,109356414.71299338,0.01907337345554921,78000.0,1.1968341997555587,0.1282939125952068,75000.0,-2.6953517310042807,0.10818534241622653,34
2026-09-13 14:39:59.965682,77175.24,131793984.69860962,106181143.23583114,0.10762822856779597,78000.0,1.0686847232350694,0.12958606166686742,75000.0,-2.818572381504747,0.10840056911280174,34
2026-09-13 14:50:00.014012,77177.98,131779219.60607451,106206254.49827,0.10745599160641235,78000.0,1.065096546968447,0.12959112850291918,75000.0,-2.822022550991876,0.1084048075926548,34
2026-09-13 15:00:00.001975,77181.6,131780978.5324795,106728579.36597027,0.10503729656475984,78000.0,1.0603563543642558,0.12941560762232793,75000.0,-2.8265804284959173,0.10801287836388139,34
2026-09-13 15:10:00.012282,77104.09,114218856.54583582,107308103.44065611,0.03119599124910625,78000.0,1.1619487370903459,0.12910157460850594,75000.0,-2.7288954451054392,0.10858481422915595,34
2026-09-13 15:20:00.014899,76992.04,138096332.91680127,85686628.45385648,0.2341988154144461,78000.0,1.309174299057414,0.1274405595626807,75000.0,-2.587332404752485,0.10834611769009345,34
2026-09-13 15:30:00.014691,77020.79,113500526.02041906,110535492.77068362,0.01323462747523702,78000.0,1.2713580320326656,0.12773524856936616,75000.0,-2.623694199968596,0.10788391254440198,34
2026-09-13 15:39:59.981448,77059.73,113967338.33387543,110545033.7643398,0.015243278299329116,78000.0,1.2201833564690734,0.12792338127632197,75000.0,-2.672900618779739,0.10766963832579642,34
2026-09-13 15:50:00.010759,77139.0,114900451.78688802,108142970.27960077,0.030296708347995385,78000.0,1.1161669194570845,0.12876220926832124,75000.0,-2.772916423598959,0.10770342931784062,34
2026-09-13 16:00:00.012012,77109.46,114509644.41377209,110055118.410087,0.019836264370555162,78000.0,1.1549036914536792,0.1282575376829655,75000.0,-2.735669527448392,0.10751610357856609,34
2026-09-13 16:10:00.019902,77141.65,114844493.9532214,110479319.06003083,0.019372896432095388,78000.0,1.112693337516113,0.128016805195506,75000.0,-2.7762564062345008,0.10707993446383117,34
2026-09-13 16:20:00.011156,77201.68,132929169.62061504,107802880.59689249,0.10437450684701227,78000.0,1.0340707611544264,0.12954687018005484,75000.0,-2.851855037351514,0.10722006538204455,34
2026-09-13 16:30:00.048969,77221.25,135348008.77805436,108320757.11099248,0.11091799791594374,78000.0,1.0084659339236302,0.12861567841103422,75000.0,-2.876475063534978,0.10642750979952932,34
2026-09-13 16:40:00.013851,77240.51,135835963.17312065,108464049.90713955,0.11204220958018762,78000.0,0.9832793698539843,0.12893049463374165,75000.0,-2.900692913601932,0.10633228698538877,34
2026-09-13 16:49:59.979428,77224.92,135688757.7036854,111021034.64282888,0.09998680160295245,78000.0,1.0036656561120516,0.12810825962664152,75000.0,-2.8810907152768794,0.10564617284079629,34
2026-09-13 17:00:00.013005,77262.44,136734507.86011937,108627189.45738204,0.11455462979768222,78000.0,0.9546164992977113,0.13037366982412252,75000.0,-2.9282533660598853,0.10565703381850938,34
2026-09-13 17:10:00.008657,77323.08,138357546.4442151,108566149.0990219,0.12065021657662921,78000.0,0.8754436579608615,0.1309590271811159,75000.0,-3.0043810981145613,0.10533522760925096,34
2026-09-13 17:19:59.972651,77336.14,138576716.77066574,108760841.02270919,0.12054730391113767,78000.0,0.8584085008638942,0.13106512672687998,75000.0,-3.0207610568616428,0.10523760377417939,34
2026-09-13 17:29:59.999386,77277.98,137427194.9495932,109861028.00211921,0.11147383655572136,78000.0,0.9343153120720871,0.1300367802323528,75000.0,-2.947773738392223,0.10534657114556217,34
2026-09-13 17:40:00.021085,77255.2,137458450.28786585,112236016.51287626,0.10101318662826944,78000.0,0.9640774989903678,0.12999229985144373,75000.0,-2.9191562509708002,0.10446600987822106,34
2026-09-13 17:50:00.061743,77310.82,138956318.27103308,109323731.65958992,0.11935146065792805,78000.0,0.8914405512708168,0.131136480917445,75000.0,-2.9889994699318967,0.1049413699787378,34
2026-09-13 18:00:00.014563,77302.92,138621843.7647103,109609021.49681059,0.11687838350534524,78000.0,0.9017511887002394,0.13097163361004321,75000.0,-2.9790853954805296,0.10495046257611766,34
2026-09-13 18:09:59.987169,77293.47,138612508.09964606,109473731.59472564,0.11745422293803057,78000.0,0.9140875678113503,0.1309110369197266,75000.0,-2.9672234924890795,0.10497290587118403,34
2026-09-13 18:19:59.994648,77332.1,139299663.87921655,108992934.22695675,0.1220605442265348,78000.0,0.863677567271548,0.13148353611898572,75000.0,-3.0156946468542944,0.10498237471930859,34
2026-09-13 18:30:00.009859,77306.46,138746177.19126022,109396981.67936577,0.11827525548345338,78000.0,0.8971307184418853,0.13147823484791346,75000.0,-2.9835281553443393,0.10497890846476067,34
2026-09-13 18:40:00.022942,77347.71,139826204.23754007,108851537.68014543,0.1245574546339878,78000.0,0.8433216704153201,0.13166470837370972,75000.0,-3.035267624600657,0.10462264399582472,34
2026-09-13 18:50:00.024420,77351.5,139555224.1530447,108672775.44669732,0.12441162461988221,78000.0,0.8383806390309223,0.13166974549069907,75000.0,-3.040018616316431,0.10475831742778058,34
2026-09-13 19:00:00.011684,77319.59,139430600.27243602,109104321.70926781,0.12202019064910612,78000.0,0.8799969063467694,0.13122140467981439,75000.0,-3.0000029746665713,0.10462169480274812,34
2026-09-13 19:10:00.020692,77298.9,138202492.69940728,109428525.85691814,0.11619694095771889,78000.0,0.9069986765659177,0.13120698909213285,75000.0,-2.9740397340712432,0.10502061575837372,34
2026-09-13 19:20:00.018049,77220.65,136934038.96680042,113035710.34801567,0.09560488292800103,78000.0,1.0092507638824744,0.1292650778622287,75000.0,-2.8757204193437857,0.10456013617278628,34
2026-09-13 19:30:00.014978,77248.94,137405144.1608901,112520972.10413003,0.09956611349240929,78000.0,0.9722592957262632,0.12977145449485536,75000.0,-2.9112891387247597,0.10431098962681698,34
2026-09-13 19:40:00.039347,77207.58,136714343.09838426,113264741.51935239,0.09380625429079623,78000.0,1.0263500034582096,0.12886034027552615,75000.0,-2.8592788428286497,0.10452706260650368,34
2026-09-13 19:50:00.016889,77223.2,137055791.54512918,110905229.21652785,0.1054623918238244,78000.0,1.005915320784423,0.12983744161734806,75000.0,-2.8789275761688216,0.10506855174256359,34
2026-09-13 20:00:00.023798,77260.2,137727126.53141573,112466806.82724917,0.10096295847411572,78000.0,0.9575434699884422,0.12997920179139544,75000.0,-2.925438971164973,0.10406450584364732,34
2026-09-13 20:10:00.032337,77257.07,137714773.69979662,112680384.9130418,0.09997952406684926,78000.0,0.9616336731382624,0.12990469778313624,75000.0,-2.9215060835209083,0.10400485612510768,34
2026-09-13 20:20:00.017894,77288.84,138042033.4568383,112142627.81008479,0.10352115719485029,78000.0,0.9201328419471633,0.1303166454837743,75000.0,-2.9614107288969516,0.10411491979600378,34
2026-09-13 20:29:59.954634,77294.74,138617959.36053386,109934316.85739276,0.11540285584828743,78000.0,0.9124294874398808,0.13078438564076808,75000.0,-2.96881780053857,0.1045597904445855,34
2026-09-13 20:40:00.024865,77285.83,138587138.2629978,110200819.0338862,0.11409844567049364,78000.0,0.9240633114763641,0.13077683963367087,75000.0,-2.9576314312727225,0.10448258638862669,34
2026-09-13 20:50:00.023837,77304.65,138862427.47625294,109942488.5098817,0.11623540013969372,78000.0,0.899493109405447,0.13108205156148311,75000.0,-2.981256625571671,0.10450555330728054,34
2026-09-13 20:59:59.967058,77323.11,139271702.4322729,109404410.1942095,0.12010519194067028,78000.0,0.8754045200716876,0.13160281110185212,75000.0,-3.004418730700309,0.10456968690983252,34
2026-09-13 21:09:59.999399,77312.64,139033930.21760494,109424514.8824645,0.11917250517773671,78000.0,0.8890654878684678,0.13121469318240492,75000.0,-2.991283184741844,0.10460983644433468,34
2026-09-13 21:20:00.029599,77360.48,139701636.38543206,109091499.63336003,0.12303449058883988,78000.0,0.8266753256960246,0.13051828362116932,75000.0,-3.0512737252922917,0.10348742232308591,34
2026-09-13 21:29:59.967925,77388.79,140054483.2757903,108737872.50422472,0.12587448948494254,78000.0,0.789791389683181,0.13085084330995234,75000.0,-3.0867390483815482,0.10353468839755262,34
2026-09-13 21:40:00.003172,77333.31,139662251.50768363,109236459.7347502,0.12224166055764717,78000.0,0.8620993980472447,0.13187576218263222,75000.0,-3.017212117262269,0.10456376161660896,34
2026-09-13 21:50:00.028095,77321.38,139303195.40959015,111801176.41844551,0.1095242539623281,78000.0,0.8776615213023753,0.13083703190541804,75000.0,-3.002248537209251,0.10395745944258773,34
2026-09-13 22:00:00.013292,77281.41,138506127.9733697,112817869.46875954,0.10221172178564135,78000.0,0.9298355193053442,0.1298741627157337,75000.0,-2.9520812314371647,0.10402390678773753,34
2026-09-13 22:10:00.028400,76925.32,141774125.8935479,88826186.03374985,0.22960914240433095,78000.0,1.3970432622184559,0.12552984743631312,75000.0,-2.5028430170976335,0.10869544103425295,34
2026-09-13 22:20:00.019899,76772.87,137988454.9900034,94378970.88966222,0.1876746877719638,78000.0,1.598390160482488,0.12431573098054795,75000.0,-2.3092402303053094,0.10948412511332029,34
2026-09-13 22:30:00.009440,76807.64,138448853.34094477,94001904.63828906,0.19121016893662443,78000.0,1.5523976521085725,0.12404246295959553,75000.0,-2.3534637960494598,0.10857192095553003,34
2026-09-13 22:40:00.019466,76788.95,138014186.93510902,95086529.52860491,0.18415926839584176,78000.0,1.5771149364589565,0.12440626062866776,75000.0,-2.329697176481771,0.10930467911376894,34
2026-09-13 22:49:59.996214,76728.05,137129459.89691556,95642406.19742833,0.17823053273402148,78000.0,1.6577379459011388,0.12437184316229127,75000.0,-2.252175052018135,0.11007422993004379,34
2026-09-13 23:00:00.015812,76681.27,136076944.92530373,96292101.95922707,0.1712140386143883,78000.0,1.7197550327478828,0.12367915529089349,75000.0,-2.192543237742417,0.11009942679878584,34
2026-09-13 23:09:59.954942,76665.21,135744529.227541,96389659.08856201,0.1695350022521821,78000.0,1.7410635149893938,0.12298140976537231,75000.0,-2.1720543125102076,0.10972353894095603,33
2026-09-13 23:19:59.998770,76611.47,134194017.29919697,98618382.82633504,0.15280815993340394,78000.0,1.8124309584452547,0.12238543644599363,75000.0,-2.1034317707257166,0.10998375037423985,33
2026-09-13 23:30:00.031006,76704.43,136704739.22905454,96156589.72919531,0.174130027004738,78000.0,1.6890419497283427,0.12373959722161658,75000.0,-2.2220750483381346,0.10984814394547394,34
2026-09-13 23:39:59.973527,76756.1,137983027.9876793,95564353.82974501,0.1816277015303691,78000.0,1.620587809959062,0.12397956653582277,75000.0,-2.2878963365778215,0.10927163725240445,34
2026-09-13 23:50:00.007432,76782.02,138834040.35512102,95256490.17717282,0.1861568260743314,78000.0,1.586282830277197,0.12384818210690351,75000.0,-2.320881893964244,0.10915784538641665,34
2026-09-14 00:00:00.016462,76803.59,139664033.18959722,94515450.37454247,0.19279478341956863,78000.0,1.557752704007731,0.12399840187539554,75000.0,-2.3483147076848843,0.10886146549749937,34
2026-09-14 00:10:00.037309,76939.47,144153966.0470519,89059662.85511367,0.23623963767165,78000.0,1.3783952501882357,0.12453900952597473,75000.0,-2.5207737978959366,0.10786529832688398,34
2026-09-14 00:20:00.008275,76863.32,141040376.09204084,90181262.20093842,0.2199582801444353,78000.0,1.4788328164851539,0.12410528590128203,75000.0,-2.4241992149181213,0.10839375441997753,34
2026-09-14 00:30:00.025335,76452.27,131511599.5314238,96472997.13431536,0.15368846364862307,78000.0,2.0244395620954148,0.12280753153659137,75000.0,-1.8995773441390362,0.11402698276476017,33
2026-09-14 00:40:00.012701,76708.67,137964659.68762726,96554578.74785219,0.1765743450986335,78000.0,1.6834211830292434,0.12306460565385116,75000.0,-2.2274796317026446,0.1094541610949573,34
2026-09-14 00:49:59.955244,76721.79,138395699.0296914,96538401.42266041,0.1781661220165026,78000.0,1.6660325573738755,0.12294935194275648,75000.0,-2.24419946406359,0.10935917911621035,34
2026-09-14 01:00:00.037536,76774.43,139702647.3477584,95819132.64588593,0.1863246562719452,78000.0,1.596325755853889,0.12313981375424458,75000.0,-2.311225234755887,0.10880297663619141,34
2026-09-14 01:10:00.011702,76794.06,140643126.1709551,95365213.66269499,0.1918487818700565,78000.0,1.5703558322089028,0.12339156363290107,75000.0,-2.3361963151837473,0.10849649412590429,34
2026-09-14 01:20:00.024690,76663.48,137217187.69762403,98179586.5571673,0.16583745152855314,78000.0,1.7433594196350155,0.12186806126242392,75000.0,-2.1698467118894116,0.10914138240450501,33
2026-09-14 01:29:59.974369,76817.25,141127689.0926699,94833496.58822182,0.19619410019008485,78000.0,1.5396932329652557,0.12347564137249543,75000.0,-2.3656795836872524,0.10853259823362829,34
2026-09-14 01:40:00.000003,76805.01,141096227.05841568,94798853.34974693,0.19626256566504785,78000.0,1.5558750659625087,0.1234742945282926,75000.0,-2.350120128882216,0.10825626198318665,34
2026-09-14 01:50:00.033119,76823.95,144291716.40820318,94681953.40196866,0.20759510052150065,78000.0,1.5308377140201834,0.1232564529057328,75000.0,-2.374194505749827,0.10660960067828015,34
2026-09-14 02:00:00.013519,77080.04,117554552.61223975,117809673.432641,-0.001083940515040732,78000.0,1.193512613641623,0.12659237437086177,75000.0,-2.6985455638061318,0.10576961985033027,34
2026-09-14 02:09:59.998282,77202.89,138258852.25470388,115507247.67910704,0.08965580738140781,78000.0,1.0324872553346243,0.12753946337206193,75000.0,-2.853377639101329,0.102697622353991,34
2026-09-14 02:19:59.993845,77294.64,140163970.52415022,114061608.53130834,0.10267401923056584,78000.0,0.9125600429732206,0.12944790521447863,75000.0,-2.9686922663718973,0.102348006333617,34
2026-09-14 02:30:00.011079,77503.5,136748776.2282047,114851734.93989879,0.08703098887456431,78000.0,0.6406162302347695,0.136255701136436,75000.0,-3.2301767016973404,0.10531522712760813,33
2026-09-14 02:40:00.024351,77430.56,144457413.6055377,111981634.13711834,0.12664131985472724,78000.0,0.7354202268458288,0.1312595275670495,75000.0,-3.1390190126482365,0.10125924388630675,34
2026-09-14 02:49:59.996239,77526.8,139140087.87464267,115536928.02587825,0.09267879853745428,78000.0,0.6103695754242411,0.133759018347102,75000.0,-3.259260023630539,0.1013564289330947,33
2026-09-14 03:00:00.011693,77569.53,139671678.68540668,113445722.73747008,0.10361182518669104,78000.0,0.5549472840688852,0.13852813449445622,75000.0,-3.3125506883952993,0.10323042127043937,33
2026-09-14 03:09:59.975307,77777.91,144599128.67282087,107222527.51862691,0.14842488815091556,78000.0,0.2855438002898225,0.1440544800243592,75000.0,-3.571592499721321,0.10432675393273137,33
2026-09-14 03:20:00.006865,77735.93,143889128.03518802,108667023.6128595,0.13946246881134253,78000.0,0.33970134531098317,0.1431594831621739,75000.0,-3.5195179372009777,0.10405236039548808,33
2026-09-14 03:29:59.978437,77778.12,144512253.1809162,107661690.62650108,0.14613152333675486,78000.0,0.2852730305129558,0.14408625674767447,75000.0,-3.571852855276003,0.10422911010767276,33
2026-09-14 03:39:59.986132,77556.42,139357826.074888,113914202.88693415,0.10045966501807896,78000.0,0.5719449144248712,0.13405726359950743,75000.0,-3.296206813052993,0.09971551722971768,33
2026-09-14 03:50:00.006998,77509.44,138542674.61759093,117654696.59120342,0.08153080544048338,78000.0,0.6329035534252236,0.1325054286670023,75000.0,-3.2375927370911217,0.10091800198794994,33
2026-09-14 04:00:00.051775,77563.86,139913083.58165506,114862005.56381963,0.09832624571679159,78000.0,0.5622979568061792,0.1350355660026031,75000.0,-3.305482733840215,0.10116899864449805,33
2026-09-14 04:10:00.020210,77568.96,139957596.9277642,114001946.4958699,0.10220387894065966,78000.0,0.5556861920025691,0.13984889415913815,75000.0,-3.311840199997529,0.1027823063602988,33
2026-09-14 04:20:00.013105,77517.8,138955876.7581051,118550302.64970031,0.07924304634293472,78000.0,0.6220506773928047,0.1328272290792087,75000.0,-3.2480281948146117,0.10041486011653449,33
2026-09-14 04:30:00.036528,77599.99,140752883.05147678,112594538.3727835,0.11114517969195667,78000.0,0.5154768705511348,0.1411464500612708,75000.0,-3.350503009085448,0.10299898324551944,33
2026-09-14 04:40:00.011320,77572.42,140172210.12008476,114068139.68575151,0.10267477390693086,78000.0,0.5512010583142768,0.13992370138787347,75000.0,-3.316152828543961,0.1026552876361743,33
2026-09-14 04:49:59.974929,77654.32,142424545.27774295,111021468.84381044,0.12390440048061482,78000.0,0.4451523109081368,0.14350344904145135,75000.0,-3.418122777972954,0.10313384663190105,33
2026-09-14 05:00:00.014872,77651.81,142993596.48978168,111055475.4833501,0.12571634589481734,78000.0,0.4483990778836988,0.143531822656663,75000.0,-3.415000886650288,0.10297366600516705,33
2026-09-14 05:10:00.008992,77559.34,139448866.811415,115789736.23122212,0.09269417046699888,78000.0,0.5681585222360175,0.1345670949109429,75000.0,-3.2998475747730627,0.10099323631143663,33
2026-09-14 05:20:00.032765,77544.12,139125717.8087684,118227582.39958186,0.08120407001685091,78000.0,0.5878975736651748,0.13334944049435496,75000.0,-3.280867717629643,0.10043980285787059,33
2026-09-14 05:29:59.978052,77491.08,150547732.33683527,108300367.08699624,0.16321296290711498,78000.0,0.6567465571521325,0.13106802155307232,75000.0,-3.21466677196911,0.09998166590842313,34
2026-09-14 05:40:00.009601,77586.18,139885085.08786806,113593752.98954277,0.10372200021800673,78000.0,0.533368184900973,0.13617759367158339,75000.0,-3.3332998222106003,0.09972246291802471,33
2026-09-14 05:50:00.010805,77480.66,148556430.63915825,108584733.22952002,0.1554465135346892,78000.0,0.6702833971729216,0.13050870074405285,75000.0,-3.201650579641424,0.1006604111859148,34
2026-09-14 06:00:00.014872,77579.55,139710473.39953294,114320343.68899629,0.0999490140666211,78000.0,0.5419598334870379,0.13595517017396203,75000.0,-3.3250386216470695,0.09930671534897458,33
2026-09-14 06:10:00.039659,77731.99,145440092.68676424,107184898.8486327,0.15143075752571125,78000.0,0.3447872619753989,0.149496828371691,75000.0,-3.514627632715961,0.103441976110414,33
2026-09-14 06:20:00.013596,77695.52,144866118.32009518,108942469.18112478,0.1415383517659651,78000.0,0.3918887472533772,0.14775530628804198,75000.0,-3.4693377430256023,0.10312098827787951,33
2026-09-14 06:30:00.012601,77533.84,137517848.20724517,121344819.01508269,0.06247725624441646,78000.0,0.601234248168292,0.13029625671140693,75000.0,-3.268043992145875,0.09996891325168868,33
2026-09-14 06:40:00.023053,77486.26,151991788.4430528,106701686.89564484,0.17507245394616672,78000.0,0.663007867459342,0.12962829489367791,75000.0,-3.208646281289085,0.09994951738113161,34
2026-09-14 06:50:00.025163,77634.12,141882577.51881826,112904368.90174398,0.11373505991645902,78000.0,0.47128762456507545,0.14238569920243196,75000.0,-3.3929926686874223,0.10227220561770675,33
2026-09-14 07:00:00.013412,77558.84,138238881.0536117,117439343.08080097,0.08135044759179882,78000.0,0.5688068568328264,0.13287005725632473,75000.0,-3.299224176122284,0.10055584171276287,33
2026-09-14 07:10:00.014910,77609.81,139375506.9819749,114315760.15606076,0.09878048664670398,78000.0,0.5027586074492385,0.1398142169671021,75000.0,-3.3627321082218775,0.10245698811792933,33
2026-09-14 07:20:00.015519,77688.55,143074197.74445522,109553574.30621204,0.13268780057768254,78000.0,0.4008956274766273,0.14643480432712572,75000.0,-3.460677281272473,0.1032890526217199,33
2026-09-14 07:29:59.990628,77676.04,141137867.4027797,110738885.49331966,0.12068990710706755,78000.0,0.4170655455659311,0.14206777295215028,75000.0,-3.4451292831096825,0.10347168391533548,33
2026-09-14 07:39:59.990040,77728.78,137853522.24811515,121160613.75625752,0.06444786662754122,78000.0,0.348931245286499,0.1301543723812349,75000.0,-3.510643033378369,0.10119026623722574,33
2026-09-14 07:50:00.009295,77808.95,147028070.34154826,96616835.79854774,0.20690452897880007,78000.0,0.24553730644096827,0.1419485254441276,75000.0,-3.6100602822682903,0.10408258446927791,33
2026-09-14 07:59:59.992268,77853.06,142937138.85131186,90999642.5480667,0.22201509310576129,78000.0,0.18874017283327937,0.13341174571289133,75000.0,-3.664672910737221,0.09389054759847665,33
2026-09-14 08:09:59.971106,77785.02,142453554.84677118,96175629.13637911,0.1939323805157871,78000.0,0.27637712248449464,0.13395372418834148,75000.0,-3.580406612995668,0.1071409257728212,33
2026-09-14 08:20:00.010623,77698.57,136761318.66202518,96549557.22202429,0.172352708752357,78000.0,0.3879479377805639,0.13530984418973585,75000.0,-3.4731269829032962,0.10805311661457707,33
2026-09-14 08:30:00.013236,77715.52,136970416.56297958,97179953.50971404,0.16993551212800695,78000.0,0.3660530097463033,0.13517104787693887,75000.0,-3.494179798320851,0.10782733616447361,33
2026-09-14 08:39:59.997155,77739.82,142426623.61967868,97375988.31822503,0.18786549044394646,78000.0,0.3346804764919664,0.1340877430737005,75000.0,-3.5243456956808084,0.10672429707544111,33
2026-09-14 08:50:00.039721,77638.3,136685277.50531423,98438701.70096567,0.16266556874998242,78000.0,0.4658783100608854,0.13439326876384594,75000.0,-3.398193932633764,0.1072776174598245,33
2026-09-14 08:59:59.952938,77700.72,143908900.01715896,98786626.156769,0.185921325257776,78000.0,0.3851701760292592,0.13389404391779933,75000.0,-3.47579790766418,0.105110143257021,33
2026-09-14 09:10:00.003066,77770.83,139569346.78294048,98349503.34729275,0.17325169238622581,78000.0,0.29467346561686814,0.136391123995824,75000.0,-3.5628139753684063,0.10703359549023513,33
2026-09-14 09:20:00.046849,77649.24,138557342.71904087,99187019.74636143,0.16559939661412074,78000.0,0.45172367430768023,0.13547807772760848,75000.0,-3.4118041593195314,0.10671538945634143,33
2026-09-14 09:29:59.966356,77753.5,139618995.79336256,98874205.82670532,0.1708425636029903,78000.0,0.31702752930735656,0.1365177425907581,75000.0,-3.5413196833583016,0.10695434753474159,33
2026-09-14 09:40:00.011556,77784.85,144722105.28277767,98662985.80077429,0.18924379992606732,78000.0,0.2765962780669984,0.13456711623305923,75000.0,-3.580195886474047,0.10562572289466104,33
2026-09-14 09:50:00.047187,77970.34,146899863.61513585,78887111.06327435,0.3012253149178888,78000.0,0.03804010601979879,0.13662249714581187,75000.0,-3.809576821134797,0.09265904099279669,33
2026-09-14 10:00:00.013639,78116.42,134783744.63452578,129639183.89521202,0.01945580425993648,80000.0,2.411247212813894,0.12879056021558183,78000.0,-0.14903396750644005,0.13705177192327608,33
2026-09-14 10:09:59.985221,78038.42,95771261.30861197,131176665.21741763,-0.1560067300493484,80000.0,2.5136080407573536,0.12642640661164647,78000.0,-0.049232160261569735,0.13802119534683788,33
2026-09-14 10:20:00.039800,77975.12,147935201.23397917,78929859.6149295,0.3041691010543355,78000.0,0.03190761360802874,0.1380588434439895,75000.0,-3.81547344845381,0.09257558239806836,33
2026-09-14 10:30:00.013549,77943.95,147658631.52430803,79028188.56743364,0.30275444743147917,78000.0,0.0719106486135157,0.1380570576646475,75000.0,-3.7770089917177674,0.09257438494082117,33
2026-09-14 10:39:59.980934,77898.96,147538587.2043545,79310544.57638395,0.300763957491874,78000.0,0.12970648131886975,0.13750555910163964,75000.0,-3.721436075654938,0.09226609370832657,33
2026-09-14 10:50:00.040770,77982.79,148248850.62536728,78967280.93992385,0.3049148368479075,78000.0,0.02206897188470336,0.13823435305346615,75000.0,-3.824933680880094,0.09246784989803011,33
2026-09-14 11:00:00.016342,77865.16,147373052.48801774,93607609.32327382,0.223111027916617,78000.0,0.1731711589624929,0.13742928614186778,75000.0,-3.679643116382225,0.0919293238030676,33
2026-09-14 11:09:59.968830,77757.3,146553181.51027602,99042280.88177726,0.1934518666010829,78000.0,0.31212503520570145,0.13800560180562066,75000.0,-3.5460336199945264,0.10526869688601764,33
2026-09-14 11:20:00.012124,77753.02,146464139.3647909,99217943.12193781,0.19230623480817013,78000.0,0.31764682580817105,0.13796795120958924,75000.0,-3.5407242059536825,0.1052409325773341,33
2026-09-14 11:29:59.990308,77872.89,147614743.08915788,93716309.70211756,0.2233381604382942,78000.0,0.16322753656632383,0.13797649649895666,75000.0,-3.6892042917631485,0.09204196330235317,33
2026-09-14 11:39:59.974752,77755.94,146559300.5655905,99304114.22454208,0.1922009680919186,78000.0,0.31387955698303216,0.13828993798011704,75000.0,-3.544346579823998,0.10524030218282934,33
2026-09-14 11:49:59.998255,77768.93,146608273.39880013,99404369.1151847,0.19187592881911378,78000.0,0.2971237999545684,0.13826265628194348,75000.0,-3.560457884659074,0.10517547090413434,33
2026-09-14 12:00:00.011779,77747.81,146544491.46568158,99482704.17549306,0.19128693137984276,78000.0,0.32436926519217035,0.13820454257033618,75000.0,-3.5342603219306046,0.10517531525130251,33
2026-09-14 12:10:00.083201,77786.68,146760823.2153376,99188478.3052296,0.19342337878576907,78000.0,0.2742371830241508,0.13834749900556173,75000.0,-3.5824642470921653,0.10522693328914667,33
2026-09-14 12:20:00.008339,77896.33,149660377.9965535,79548631.02152999,0.3058856511590783,78000.0,0.13308714287310064,0.13736493420103335,75000.0,-3.7181854395450964,0.0916132888515134,33
2026-09-14 12:30:00.048565,77966.87,151080393.00880086,79297644.64561343,0.3115867688345682,78000.0,0.04249240735199056,0.13754738497600721,75000.0,-3.8052957621615424,0.09173497140205723,33
2026-09-14 12:40:00.016070,77872.21,150426929.62342724,93973609.27667105,0.23098688980318563,78000.0,0.16410218741704785,0.13658725583768816,75000.0,-3.688363281329765,0.09158138113732939,33
2026-09-14 12:50:00.008793,77764.88,149731652.76401147,99132406.44193855,0.20332082697485454,78000.0,0.3023472806747751,0.1370945473921023,75000.0,-3.5554353070434974,0.10412456337694628,33
2026-09-14 12:59:59.971496,77662.15,143585303.7381523,100620497.5471855,0.1759368776860684,78000.0,0.43502529868153506,0.13850502287139846,75000.0,-3.42786028972929,0.1070313500608729,33
2026-09-14 13:10:00.005960,77547.87,141975342.3082307,102881602.3138062,0.1596595108003569,78000.0,0.5830334218077216,0.13626742522845087,75000.0,-3.285544786723338,0.10596357224009856,33
2026-09-14 13:20:00.033537,77739.74,149920350.65153515,99439208.90185311,0.20244317819655896,78000.0,0.33478372837367765,0.13683445516526882,75000.0,-3.5242464150253228,0.10365701876497865,33
2026-09-14 13:29:59.995418,77828.4,150709773.65328237,94513121.41863272,0.22916560143443862,78000.0,0.22048506714773541,0.13669989537704683,75000.0,-3.6341489738964117,0.0904849623145454,33
2026-09-14 13:40:00.012029,78046.35,101349524.2939113,132915693.3792506,-0.13474543681247317,80000.0,2.503192013463784,0.13193552330885053,78000.0,-0.05938778687281099,0.137226135505127,33
2026-09-14 13:49:59.980713,78407.85,142746787.43172115,129319089.84657641,0.049354581763333315,80000.0,2.0306002523981848,0.12890411294906565,78000.0,-0.5201647539117671,0.13123657520194998,34
2026-09-14 14:00:00.007438,78145.51,140753806.1786071,132551747.42748514,0.03001058208624392,80000.0,2.3731241884530574,0.13147761534455707,78000.0,-0.18620391625826516,0.1376243743644579,33
2026-09-14 14:09:59.975881,78285.07,141956144.54312703,130739178.05013928,0.04113369597364973,80000.0,2.190622043258039,0.13010795846706705,78000.0,-0.3641435078234001,0.1344761186867252,33
2026-09-14 14:20:00.026326,78619.8,148692694.47375804,132241583.37971501,0.05855857540681967,80000.0,1.7555374091513753,0.12682376710056617,78000.0,-0.7883510260774051,0.13207099847312698,34
2026-09-14 14:30:00.011369,78374.18,145568629.90640438,132542818.76692449,0.04683665919406315,80000.0,2.0744331870521826,0.1259654344558242,78000.0,-0.4774276426241286,0.13449762586089278,34
2026-09-14 14:39:59.994839,78425.79,146788421.19559723,131904204.23993841,0.05340728672815811,80000.0,2.0072606217929057,0.12789818753320145,78000.0,-0.5429208937519081,0.1362088292493489,34
2026-09-14 14:50:00.054718,78576.28,149015763.14293343,134776626.33040202,0.050174484379079134,80000.0,1.811895396422436,0.12562324047622017,78000.0,-0.7334019884881249,0.13240603942521384,34
2026-09-14 15:00:00.015320,78495.79,148172722.71775007,132165099.21943429,0.05710119094063102,80000.0,1.9162938547405028,0.12763309744742296,78000.0,-0.6316134916280136,0.13718016981602354,34
2026-09-14 15:10:00.012752,78464.91,152814402.40425393,132443712.94849786,0.07141142831489845,80000.0,1.9564031871061704,0.12613862263678066,78000.0,-0.592506892571476,0.1359347971701404,34
2026-09-14 15:20:00.010106,78544.17,148742976.50182623,135674788.4402194,0.04594715827356868,80000.0,1.8535175812539606,0.12508555978791389,78000.0,-0.6928203582773795,0.1324873420373468,34
2026-09-14 15:30:00.010362,78383.95,147723636.87502778,133607696.66358605,0.050175499592917755,80000.0,2.061710337384115,0.12675584144869675,78000.0,-0.4898324210504845,0.13826266854434788,34
2026-09-14 15:40:00.014788,78411.19,152904529.12945107,133437304.68977125,0.06798595992777695,80000.0,2.0262541609175955,0.12513781320608344,78000.0,-0.5244021931053444,0.13648558693323992,34
2026-09-14 15:50:00.010476,78523.0,152057667.6562054,137369598.95628273,0.05074873860999554,80000.0,1.8809775479795787,0.12476337650669143,78000.0,-0.666046890719918,0.13303998101465905,34
2026-09-14 15:59:59.968338,78548.65,152138515.2739009,137843804.66168568,0.04929511087224382,80000.0,1.8477083947337158,0.1265201149191415,78000.0,-0.6984843151346287,0.13488674930210226,34
2026-09-14 16:09:59.991234,78458.52,156800593.48519245,133558799.28316651,0.08004491943736645,80000.0,1.9647069559813213,0.1251508518214833,78000.0,-0.5844107179182156,0.1356755173271663,34
2026-09-14 16:20:00.009397,78732.02,159149752.2846558,136155373.77734292,0.077866506463844,80000.0,1.6105010388403507,0.12377217780428562,78000.0,-0.9297614871306537,0.13004013476698706,34
2026-09-14 16:30:00.055893,78641.7,157577101.61506218,137670316.51824126,0.06742407849891192,80000.0,1.727200709038601,0.12460329494172016,78000.0,-0.8159793086873757,0.13289104535562565,34
2026-09-14 16:40:00.012881,78657.91,157803304.34939638,137726643.7893362,0.06793443671784985,80000.0,1.7062365374315158,0.12481413385867017,78000.0,-0.8364193760042715,0.13302291144287035,34
2026-09-14 16:49:59.983988,78834.09,160661014.59528136,134389567.48323625,0.0890404856244407,80000.0,1.4789414072008844,0.12466633829544096,78000.0,-1.0580321279791471,0.12918322622704642,34
2026-09-14 17:00:00.047386,78754.7,159530049.8312041,136395398.46828067,0.07817729599081491,80000.0,1.5812389609763056,0.1254328506923857,78000.0,-0.958292013048101,0.13162666488906974,34
2026-09-14 17:10:00.013790,78794.59,159893849.32158613,136032136.97267634,0.08063405531808288,80000.0,1.5298131508775015,0.1228274010321074,78000.0,-1.0084321778944472,0.12910990640181624,34
2026-09-14 17:20:00.001577,78820.78,160662620.8920996,135006032.39785242,0.08677480080746551,80000.0,1.496077557212705,0.12291485389818596,78000.0,-1.041324381717612,0.12738064117459036,34
2026-09-14 17:30:00.012617,78875.45,161270545.30169836,132845631.5984574,0.09664518967581448,80000.0,1.425728791404679,0.1232749126791403,78000.0,-1.1099144283804319,0.1265694135024049,34
2026-09-14 17:40:00.013465,78803.97,160562055.6655975,135506303.63518858,0.08462826655837923,80000.0,1.5177281043074364,0.12262620104080128,78000.0,-1.0202150983002478,0.12769246446750043,34
2026-09-14 17:49:59.975529,78947.66,162698951.10374013,97682695.22972193,0.2496960011949308,80000.0,1.3329590769378008,0.12369223594759808,78000.0,-1.2003648999856398,0.1254126235348676,34
2026-09-14 18:00:00.009765,78937.08,163368117.779936,132155229.7668899,0.1056190256104905,80000.0,1.346540814532271,0.1234263421053502,78000.0,-1.187122705831023,0.12570426641332752,34
2026-09-14 18:09:59.988471,78939.84,165217273.34247312,124658320.10195547,0.1399184828173301,80000.0,1.34299740156556,0.12549828144529654,78000.0,-1.1905775334735913,0.12727963075892004,34
2026-09-14 18:20:00.049306,79062.03,149916671.8939712,123802685.56784962,0.09540423654459308,80000.0,1.186372269975866,0.12829398589884042,78000.0,-1.3432870367735328,0.1253277126261477,34
2026-09-14 18:30:00.006599,79135.29,154320984.56155145,123173464.41431099,0.11224556117138687,80000.0,1.0926983397672618,0.12799114995029234,78000.0,-1.4346191187269208,0.12350210765127237,34
2026-09-14 18:39:59.958367,79094.98,150832479.853383,123994484.60962637,0.09765415593843205,80000.0,1.1442192665071849,0.12815424748968912,78000.0,-1.3843862151554975,0.12473454100295844,34
2026-09-14 18:49:59.997801,79249.54,156306249.9204543,121330768.63662902,0.12597556862408885,80000.0,0.9469581779276037,0.12789449627047567,78000.0,-1.5767157765205875,0.12076650528143772,35
2026-09-14 19:00:00.000373,79216.21,155494757.76303154,122603757.43153167,0.11827103898231417,80000.0,0.9894313297745372,0.12708938313997512,78000.0,-1.5353044534698213,0.12083149670520696,35
2026-09-14 19:10:00.053980,79006.19,135678943.32392967,125362451.66826713,0.03952051993888143,80000.0,1.2578887806132588,0.1288561150552051,78000.0,-1.273558438902067,0.12658710098101705,34
2026-09-14 19:20:00.006978,79205.67,155969506.2331603,122244909.88102946,0.12121800452744684,80000.0,1.0028701228081305,0.1270277132405548,78000.0,-1.5222016302620767,0.1203108785661999,35
2026-09-14 19:30:00.013625,79131.15,153675220.38738078,123865398.32633846,0.10740706062845128,80000.0,1.0979873286310227,0.12839949380915852,78000.0,-1.429462354584754,0.12353374521099855,34
2026-09-14 19:40:00.019333,78969.91,168641892.4786098,95164001.89492424,0.2785301320054854,80000.0,1.3044082233346854,0.12746016392459913,78000.0,-1.228201982248689,0.12617075488773616,34
2026-09-14 19:50:00.006556,79075.76,151128860.41071117,124957217.7071437,0.0947952279303102,80000.0,1.1688031831752266,0.1279107502072262,78000.0,-1.3604168964041485,0.12416017063347069,34
2026-09-14 19:59:59.985164,78982.11,169394051.06590575,95013374.09854554,0.2813108479124528,80000.0,1.2887602015190458,0.12768592705649903,78000.0,-1.2434588035189265,0.12600199851179603,34
2026-09-14 20:10:00.039819,79027.69,139142350.95039815,125749579.75204764,0.050559377791672556,80000.0,1.2303409096229512,0.12749445291061853,78000.0,-1.3004176131176326,0.12460646285498694,34
2026-09-14 20:20:00.011469,79382.95,159835372.43492824,119331247.31367788,0.14508942780381465,80000.0,0.7773079735635902,0.12941154082731599,78000.0,-1.7421247257754957,0.11722725284561653,35
2026-09-14 20:30:00.031714,79439.16,163799122.00955757,117744571.24265113,0.1635786979808156,80000.0,0.7059994088557842,0.12826114951637668,78000.0,-1.8116505763656199,0.1146919598949968,35
2026-09-14 20:40:00.014602,79366.79,163045010.17647573,118605767.76898348,0.15778135864441944,80000.0,0.7978274036281485,0.12840188654743304,78000.0,-1.722118281462548,0.11539478518327188,35
2026-09-14 20:50:00.025817,79236.23,161546739.28418246,121890983.47957268,0.13990994359513248,80000.0,0.9639151181221051,0.12650029872696356,78000.0,-1.5601827598309415,0.11793160743388235,35
2026-09-14 20:59:59.985986,79086.41,157135391.5513279,125157878.12071277,0.1132776331074616,80000.0,1.1551795055560143,0.12673492445942028,78000.0,-1.3736999820828877,0.12106266587723771,34
2026-09-14 21:10:00.010634,78966.93,171161077.1571843,95877737.90067728,0.28191908820519124,80000.0,1.308231179811603,0.1263490859605561,78000.0,-1.224474599683678,0.12339374721749227,34
2026-09-14 21:20:00.027857,78906.47,170110904.41592276,130975804.89139292,0.12997949864530586,80000.0,1.3858559380491853,0.1243317647449037,78000.0,-1.1487904604020494,0.1231697458937772,34
2026-09-14 21:29:59.969985,78893.16,170392548.796134,131034445.07157809,0.13057259145751587,80000.0,1.4029606622424584,0.1241531803251216,78000.0,-1.132113354313613,0.12299283054434673,34
2026-09-14 21:40:00.009694,78796.97,168219606.77150857,135326199.9660821,0.10836389788728716,80000.0,1.5267465233751887,0.12247597447116798,78000.0,-1.0114221397091838,0.12404349974170341,34
2026-09-14 21:50:00.022027,78798.62,167829199.51277226,135468097.7992556,0.10669762638941031,80000.0,1.5246206088380898,0.1224306654164021,78000.0,-1.0134949063828724,0.12413582788738263,34
2026-09-14 22:00:00.007468,78745.24,167102108.28636253,136306205.45953116,0.1014998648079997,80000.0,1.5934423464834202,0.12201938917183612,78000.0,-0.9463937121786725,0.12493215647812737,34
2026-09-14 22:09:59.988781,78799.39,167908233.49213612,135366925.10212123,0.10729961708980892,80000.0,1.5236285458555043,0.12218306827017626,78000.0,-1.0144621677908972,0.12404174957891453,34
2026-09-14 22:19:59.969033,78635.62,163269748.21872202,140182991.37362018,0.076080238643146,80000.0,1.7350661188911598,0.12120148837797037,78000.0,-0.8083105340811136,0.12885379552177847,34
2026-09-14 22:30:00.003872,78575.58,160821424.72441596,141400724.6895318,0.06425968471385597,80000.0,1.8128023999313791,0.12104385800813737,78000.0,-0.7325176600669114,0.1305593971636216,34
2026-09-14 22:40:00.034635,78577.72,160974667.08155152,141265673.39975822,0.06520967270751234,80000.0,1.810029611447117,0.12108590967036148,78000.0,-0.7352211288390698,0.13053527272480697,34
2026-09-14 22:50:00.011271,78577.94,160643689.48858547,141481275.02475217,0.06342545871606502,80000.0,1.8097445669866152,0.12086586114016526,78000.0,-0.7354990471880596,0.13059484283838493,34
2026-09-14 23:00:00.010178,78541.41,159771136.70872772,142060338.16464683,0.058677772261858975,80000.0,1.8570967849953268,0.12083962389987656,78000.0,-0.6893306346295591,0.13167610711847166,34
2026-09-14 23:10:00.029323,78408.92,159961033.23885852,136036436.25816393,0.08082703214101382,80000.0,2.0292079013459308,0.12017681262455633,78000.0,-0.5215222961877264,0.13595350592946334,34
2026-09-14 23:20:00.015559,78372.82,159216127.16701484,136886905.07623714,0.07541031215254151,80000.0,2.0762044800735735,0.12007246515477675,78000.0,-0.4757006319282664,0.13710386148564993,34
2026-09-14 23:29:59.996849,78385.5,158962955.56580663,136547061.93996206,0.07585493654341849,80000.0,2.059692162453519,0.12029930217845564,78000.0,-0.49180014160782326,0.13704289985494889,34
2026-09-14 23:40:00.026321,78281.53,156611956.45105675,138357692.3500057,0.06188522844722359,80000.0,2.195243245756706,0.12186374562252547,78000.0,-0.3596378353872165,0.141388375834669,33
2026-09-14 23:50:00.012604,78271.38,156440118.72491392,138766102.87519968,0.05987006558979462,80000.0,2.208495621260287,0.12191082780319684,78000.0,-0.34671676927122697,0.14186919437454323,33
2026-09-14 23:59:59.953536,78173.48,154305280.95937684,140478383.10436928,0.04690523777470088,80000.0,2.336495701611341,0.12375196425306587,78000.0,-0.22191669092893607,0.14531850006544433,33
2026-09-15 00:10:00.008222,78238.32,155728985.7488647,139289124.4586219,0.055724922374021865,80000.0,2.251684340870286,0.12414891804245025,78000.0,-0.3046077676514658,0.14418830813102032,33
2026-09-15 00:20:00.011289,78041.26,113248897.88749671,143116955.2656891,-0.11650559936445744,80000.0,2.5098774673807167,0.12287298120684148,78000.0,-0.05286946930379566,0.1456564487222742,33
2026-09-15 00:30:00.005878,78011.04,112758089.63765085,143116046.2104374,-0.11864410004616478,80000.0,2.5495878532064253,0.12281809670840765,78000.0,-0.014151843123733077,0.14486719952428623,33
2026-09-15 00:40:00.008315,77984.77,170684740.49338692,83844557.39317274,0.3411795177265515,78000.0,0.019529454276767666,0.14416806362115095,75000.0,-3.827375524733878,0.08441249634991693,33
2026-09-15 00:50:00.038448,77983.88,171649321.2138365,83848603.51045334,0.3436455219670755,78000.0,0.020670938660649618,0.14434389646383705,75000.0,-3.826277943595524,0.08419480523685438,33
2026-09-15 01:00:00.031531,77943.13,170024584.18519837,84639825.77946378,0.33528343602305005,78000.0,0.07296345425182871,0.1444825965153241,75000.0,-3.77599667860401,0.08440030593703533,33
2026-09-15 01:10:00.009834,77749.0,164707696.77369738,107848938.8278713,0.20861263502292376,78000.0,0.32283373419594863,0.14307038044677733,75000.0,-3.5357367940423656,0.09658774935601128,33
2026-09-15 01:19:59.989194,77859.35,167981889.3588746,105517869.98169017,0.22838784036882306,78000.0,0.1806462550740351,0.14269749490849543,75000.0,-3.6724555239672663,0.09506308347653909,33
2026-09-15 01:29:59.982132,77847.41,167916857.81562626,106051533.88157915,0.22581190315714134,78000.0,0.19601165921896424,0.1437444159081692,75000.0,-3.65768109690483,0.09493722075910688,33
2026-09-15 01:40:00.000086,77969.86,171970117.77362135,84354712.46264191,0.34181396016227283,78000.0,0.03865596270149485,0.14715284925057515,75000.0,-3.8089846512485703,0.08403194143277715,33
2026-09-15 01:50:00.033533,78051.98,113210379.6591008,144505069.48649937,-0.12143117508534837,80000.0,2.495798312867925,0.12216428413667356,78000.0,-0.06659664495377582,0.1479973472619702,33
2026-09-15 02:00:00.011600,77900.19,169742994.22197664,85545336.64439842,0.32981396874598856,78000.0,0.1281254898094497,0.14782194680628863,75000.0,-3.7229562597986043,0.08410965189167877,33
2026-09-15 02:10:00.006995,77956.96,171536608.5556348,84584418.2644757,0.33949649261804243,78000.0,0.05520995174772558,0.1485928351798483,75000.0,-3.7930673540887305,0.0842290473494241,33
2026-09-15 02:20:00.015328,77920.34,170584180.0629603,85083956.29013784,0.3344187703341327,78000.0,0.10223261346138379,0.14903390714320797,75000.0,-3.747853256287126,0.08432449379275377,33
2026-09-15 02:30:00.007603,77943.58,171410296.12723494,84771723.7040726,0.3381914643354467,78000.0,0.07238569231744485,0.14976506124572278,75000.0,-3.776552218925533,0.08418456230120215,33
2026-09-15 02:40:00.011782,77871.17,169961222.91336274,106494244.33976436,0.22957396793128707,78000.0,0.16543991826500903,0.14729355962950286,75000.0,-3.687077001668271,0.0959911434253799,33
2026-09-15 02:50:00.036445,77805.12,168247756.17160112,108757033.85633966,0.21476423678182885,78000.0,0.25047194837564124,0.1495971457910951,75000.0,-3.605315434254197,0.097219077209335,33
2026-09-15 03:00:00.011473,77886.93,171229165.38985434,107017447.32302387,0.23077268557116393,78000.0,0.14517198200008075,0.14930432968629737,75000.0,-3.706565401923012,0.09554831423494968,33
2026-09-15 03:10:00.025965,77761.8,167145197.3929517,109629829.10359345,0.20780548381620761,78000.0,0.30632006975146453,0.14901364431514175,75000.0,-3.5516153175466636,0.09723042797689462,33
2026-09-15 03:20:00.013189,77737.24,166276452.63963804,110366555.2552427,0.2021012488616378,78000.0,0.33801045676433716,0.1486477053874771,75000.0,-3.521143791572745,0.09755767060241764,33
2026-09-15 03:30:00.014711,77821.17,168920731.54596102,108537255.214542,0.2176310620445069,78000.0,0.2297960824798828,0.15146000686160907,75000.0,-3.6251960745385836,0.09717172777333477,33
2026-09-15 03:39:59.984250,77796.39,168052158.92689902,109346088.33299816,0.21163100767143117,78000.0,0.2617216557220692,0.15163202209610313,75000.0,-3.5944984079595454,0.09719653498245047,33
2026-09-15 03:50:00.012790,77721.22,165527938.58976248,113281322.09371617,0.18739196957793974,78000.0,0.35869225933407023,0.14891896679486707,75000.0,-3.5012574429480137,0.0970396491647372,33
2026-09-15 03:59:59.953344,77638.55,157589652.18612608,115680251.98848695,0.1533626629109513,78000.0,0.4655548049261604,0.14756957870153994,75000.0,-3.3985049952633073,0.09956513540819088,33
2026-09-15 04:10:00.014390,77646.38,156981888.12833455,116137490.6003004,0.14954778279799835,78000.0,0.4554236784767074,0.14715287652517658,75000.0,-3.408246463003173,0.09952652109792175,33
2026-09-15 04:20:00.007920,77641.23,156239855.61786717,115175603.66726679,0.15129665811504336,78000.0,0.4620869607552702,0.14774605597911902,75000.0,-3.4018394608122504,0.09992771670368722,33
2026-09-15 04:30:00.035959,77608.12,154681279.71960247,115870563.18674348,0.14345020206088072,78000.0,0.5049471627453395,0.14634429176088595,75000.0,-3.3606277281294727,0.09978576500600243,33
2026-09-15 04:40:00.004978,77561.4,151891474.27822763,116485655.41162805,0.13192561865280977,78000.0,0.5654874718610037,0.14402115992303013,75000.0,-3.302415892441335,0.09997498980819901,33
2026-09-15 04:50:00.031744,77593.43,152565380.58582717,116390905.95828691,0.134499457485657,78000.0,0.5239747746684342,0.145920808315575,75000.0,-3.342331947434196,0.10035616642426658,33
2026-09-15 04:59:59.972102,77548.8,151102368.60393187,116918212.5614039,0.12754302633737127,78000.0,0.5818271849467704,0.14284843726611648,75000.0,-3.286704629858883,0.10004002458864601,33
2026-09-15 05:10:00.011230,77567.72,150547116.95275733,117336335.09637827,0.12397474200940001,78000.0,0.5572936783497129,0.142468198745706,75000.0,-3.310294540048364,0.1000788076867532,33
2026-09-15 05:19:59.981331,77310.45,153568163.99010056,108630738.87195976,0.17138677785307835,78000.0,0.8919234075082993,0.1296025536569305,75000.0,-2.9885351850881703,0.09974399988721425,34
2026-09-15 05:30:00.035467,77442.4,162017563.53952685,105677669.95918539,0.2104628193935044,78000.0,0.7200190076753987,0.13259827130781413,75000.0,-3.1538278772352046,0.09732042815900206,34
2026-09-15 05:40:00.011527,77397.19,158303144.4285337,106333720.29892388,0.19638013843283603,78000.0,0.7788525655776368,0.13064135831164475,75000.0,-3.097257148483046,0.09806183173930252,34
2026-09-15 05:49:59.981915,77482.04,165113579.90867254,104084620.55758992,0.22670641648190043,78000.0,0.6684904011303949,0.13425247049271727,75000.0,-3.203374614297705,0.09671373599527444,34
2026-09-15 06:00:00.010185,77608.56,159390499.0042416,118023384.52260983,0.14911695822760707,78000.0,0.5043773521889783,0.14403634478037802,75000.0,-3.361175622895207,0.09813108112460706,33
2026-09-15 06:10:00.015148,77623.5,158700623.8611793,117457852.62450096,0.14934457837949766,78000.0,0.48503352721791515,0.14465239791582915,75000.0,-3.379775454598155,0.09819540560799275,33
2026-09-15 06:20:00.042759,77543.08,149113610.41875336,120393274.73305985,0.10656624104247037,78000.0,0.5892466484436865,0.13433324460891913,75000.0,-3.2795705303426237,0.09673802617308239,33
2026-09-15 06:30:00.000679,77387.65,161397607.09648585,105658916.18554917,0.20871495751508662,78000.0,0.7912761273924263,0.1250026959200593,75000.0,-3.0853114159688166,0.09757318308647335,34
2026-09-15 06:40:00.012629,77393.07,162182283.41455954,105162916.24242893,0.21327993637173248,78000.0,0.7842175016445241,0.12384980078794489,75000.0,-3.092098556111045,0.09744783114112715,34
2026-09-15 06:50:00.013360,77311.95,153958811.77368614,107737546.84250829,0.17662173511159268,78000.0,0.8899659108326796,0.12288703648731365,75000.0,-2.9904173934301226,0.09995683376791462,34
2026-09-15 07:00:00.006025,77262.82,151303926.46854883,109389553.84659955,0.16078028714519305,78000.0,0.954119976464729,0.12158897498076328,75000.0,-2.928730791860834,0.10161706326428126,34
2026-09-15 07:10:00.039345,77239.7,150041134.44532287,110017282.73930445,0.1539033119531896,78000.0,0.9843383648564075,0.12146156370649253,75000.0,-2.89967464917652,0.10190029831593464,34
2026-09-15 07:20:00.015070,77258.24,150175188.64082593,109033317.66371027,0.1587211452419672,78000.0,0.9601047085721737,0.12140388121455814,75000.0,-2.9229762417575245,0.10222167115526483,34
2026-09-15 07:29:59.975031,77261.15,149637446.9548865,108560347.40327564,0.15909159740780074,78000.0,0.9563021000852379,0.1217382106335843,75000.0,-2.9266325960718875,0.10249493107944455,34
2026-09-15 07:39:59.985877,77056.3,117438272.7424137,126026701.63453439,-0.03527582936354341,78000.0,1.224688961188125,0.11918623036507084,77000.0,-0.07306346139122066,0.10487159752329703,34
2026-09-15 07:49:59.999975,76996.4,171313700.0331438,84767523.89017177,0.3379637710919743,77000.0,0.004675543272170124,0.13189356870830968,75000.0,-2.5928484968128274,0.0987830588056875,34
2026-09-15 07:59:59.978257,76891.25,133419526.78387552,85653692.94050115,0.2180359329336108,78000.0,1.4419716157560103,0.12398542368533404,75000.0,-2.4596426771576696,0.10744222979692675,34
2026-09-15 08:10:00.025117,76735.02,141986754.71478996,102335189.69029763,0.1622922784158501,78000.0,1.6485041640700526,0.11734683804357508,75000.0,-2.2610536883941657,0.10833139465449292,38
2026-09-15 08:19:59.997375,76770.94,143913250.4229837,103048392.38265897,0.1654704656807176,78000.0,1.6009443156486114,0.11602996980368989,75000.0,-2.306784311876342,0.10731861405349648,38
2026-09-15 08:30:00.043653,76821.89,146851824.66272897,103465365.57784963,0.17332592716936793,78000.0,1.5335602912138757,0.11594163628978746,75000.0,-2.3715766430635887,0.1065414903507063,38
2026-09-15 08:40:00.010544,76837.34,148066838.3015929,104085517.23245789,0.17442359789177436,78000.0,1.5131445206197913,0.1161467104131752,75000.0,-2.3912071917117306,0.1059808401083097,38
2026-09-15 08:49:59.985680,76847.0,148509657.69432068,97425822.03189023,0.20771234682893183,78000.0,1.5003838796569857,0.11589768117382235,75000.0,-2.4034770387913684,0.10583085672027623,38
2026-09-15 09:00:00.026960,76962.47,136648075.10631904,88675842.60903236,0.2129034191474042,78000.0,1.3480986252130345,0.12401842420936152,75000.0,-2.5499051680643814,0.10756868008393801,33
2026-09-15 09:40:00.005665,76940.17,147563191.31724554,102693316.06357196,0.17929553849880397,78000.0,1.3774729117442819,0.11412848016241815,75000.0,-2.521660661784342,0.115430859635892,38
2026-09-15 09:50:00.033270,77010.06,127889390.57387845,117785810.18873693,0.041125764235781154,78000.0,1.285468418022262,0.11699297550837866,75000.0,-2.6101265211324276,0.10538661725916948,38
2026-09-15 10:00:00.021093,76948.02,150676781.8245987,95503266.61328548,0.22411854884834229,78000.0,1.3671306942010908,0.11794913222132293,75000.0,-2.531605101729717,0.1051960190386695,38
2026-09-15 14:02:58.110031,76450.64,184181412.21637535,106668996.08967124,0.26650268974400704,78000.0,2.0266148197058964,0.10813761363990411,75000.0,-1.8974857502828013,0.09933189651974933,37
2026-09-15 14:10:00.007471,76448.14,183992108.4719912,106789309.12102193,0.26550114512140094,78000.0,2.0299512846224887,0.10764289717431927,75000.0,-1.8942776109399095,0.09955440469983673,37
2026-09-15 14:19:59.892560,76345.35,182945049.22099173,111723601.47984076,0.2417001183253111,78000.0,2.167322567779162,0.10707845129891254,75000.0,-1.7621898386738777,0.10899803798267774,37
2026-09-15 14:30:00.010765,76300.62,182842751.6965425,114100166.91473775,0.2315010073427404,78000.0,2.227216502303664,0.10599655370476738,75000.0,-1.7045995170157147,0.11203160326053747,37
2026-09-15 14:40:00.021778,75813.08,155184386.769558,89166670.56737272,0.2701756927990485,78000.0,2.8846209651421706,0.09426293963196813,75000.0,-1.0724798412094616,0.11456901728137792,37
2026-09-15 14:50:00.041681,75688.49,153197421.40201747,120945604.04752782,0.11764595251548886,78000.0,3.0539782204665356,0.0950890984868759,75000.0,-0.9096363264744833,0.11492912245618755,37
2026-09-15 15:00:00.000736,75894.87,156476088.48207414,88942371.19405295,0.27517782230865534,78000.0,2.7737447867029807,0.09492244788553994,75000.0,-1.1790915512471356,0.11289672719600491,38
2026-09-15 15:09:59.967547,75991.09,158791671.06331474,89245302.32470009,0.2803871043444007,78000.0,2.64361256036727,0.09504168325908291,75000.0,-1.3042186919545395,0.11268660486514077,38
2026-09-15 15:20:00.000010,75975.94,159730729.6614931,89402517.27866592,0.2822915578173305,78000.0,2.6640802338213865,0.09489954420646068,75000.0,-1.2845382367102087,0.11269172783626395,38
2026-09-15 15:29:59.998093,76301.69,199627083.07040873,111232855.68879536,0.2843538724688633,79000.0,3.536369902160752,0.12963150580630986,75000.0,-1.705977940986636,0.0987016918886766,37
2026-09-15 15:40:00.008434,76380.24,201520600.99284977,110663794.65611573,0.29103570711105503,79000.0,3.429892338646745,0.12975373398304238,75000.0,-1.8070642354619526,0.09813123747115746,37
2026-09-15 15:50:00.009911,76431.07,202188890.39980832,110710948.83480091,0.29235534856385187,79000.0,3.3611069425038664,0.12963410517700755,75000.0,-1.8723668267368376,0.09780336067999915,37
2026-09-15 16:00:00.027044,76469.4,203125020.91623092,111215969.96687537,0.292386464428795,79000.0,3.309297575239256,0.12890594182154247,75000.0,-1.9215529348994398,0.09726464323148533,37
2026-09-15 16:09:59.955790,76282.78,201110525.04771718,111575519.51406096,0.2863415463876469,79000.0,3.562035888047088,0.12911240516014358,75000.0,-1.6816114986894837,0.09831787409853619,37
2026-09-15 16:20:00.000240,76344.71,202305590.2479425,111717298.66756591,0.2884767154815599,79000.0,3.4780274887415086,0.1292502503365843,75000.0,-1.7613663081567865,0.09818196705857257,37
2026-09-15 16:30:00.011920,76428.58,203062079.73030052,111614047.9175755,0.2906100074901639,79000.0,3.3644743890309137,0.1289747614180662,75000.0,-1.869169883831412,0.0975367048902453,37
2026-09-15 16:40:00.009547,76321.29,201616236.0172163,111907161.23754492,0.2861319938644835,79000.0,3.509780822624986,0.12933478632004353,75000.0,-1.7312207380142497,0.0982477972020954,37
2026-09-15 16:50:00.025352,76344.93,202580697.9759676,112368350.24140027,0.2864347368095731,79000.0,3.47772930042638,0.1289277994013403,75000.0,-1.7616493983293902,0.09857417873191623,37
2026-09-15 17:00:00.029770,76335.53,202486645.8707529,112598530.9053396,0.28528195418501096,79000.0,3.490471606079115,0.1288607494574361,75000.0,-1.749552272709709,0.09852552270404238,37
2026-09-15 17:10:00.010090,76171.04,156431650.08538467,113261781.74223292,0.16007015095104365,79000.0,3.7139574305405487,0.12900509097348267,75000.0,-1.5373821861956904,0.0993052075493972,38
2026-09-15 17:20:00.011792,76218.81,201063484.59247395,113384601.6566252,0.27883420752127397,79000.0,3.648954897091672,0.12874465348325673,75000.0,-1.599093452128153,0.09891693815393372,38
2026-09-15 17:30:00.010242,76467.96,204662825.1846063,112755306.06756334,0.28954716214376536,79000.0,3.3112430356452505,0.12819674116158977,75000.0,-1.9197059788177984,0.09726984414357591,37
2026-09-15 17:40:00.009375,76923.94,220028842.68957776,108147278.85510057,0.3409192701402728,79000.0,2.6988477189285875,0.1350584431080807,75000.0,-2.5010939377260177,0.09146140599295959,38
2026-09-15 17:50:00.016442,76951.57,220184565.00540173,105944240.84281269,0.35029203834192535,79000.0,2.661972978588989,0.13658400634436926,75000.0,-2.5361016026053895,0.0926433493859786,38
2026-09-15 18:00:00.011091,76916.8,219631015.7358011,105854497.57917844,0.3495593920535523,79000.0,2.7083810038899037,0.13605885124820727,75000.0,-2.4920433507374273,0.09274199938683314,38
2026-09-15 18:10:00.014385,76856.14,219159328.04610676,106269958.25699104,0.34689370176712675,79000.0,2.789445319528139,0.13563098590265815,75000.0,-2.4150835574099916,0.09267920118100546,38
2026-09-15 18:19:59.992963,76602.59,199693141.83552673,116847626.10036728,0.2617214720093728,79000.0,3.1296722473744154,0.12776961391285127,75000.0,-2.092083309454673,0.0954508096274549,37
2026-09-15 18:30:00.001760,76860.96,209434953.48819026,106260071.12887952,0.3268182084417051,79000.0,2.7829993276170306,0.13719957778967226,75000.0,-2.421203169983832,0.09415516114337799,38
2026-09-15 18:40:00.017024,76309.17,211284336.19637275,116870336.47591239,0.28771188583606677,79000.0,3.526221029530263,0.12621713448884048,75000.0,-1.7156129466484815,0.09668885315890724,37
2026-09-15 18:50:00.012606,75000.32,120334739.34987062,129691162.94084096,-0.037421817120737284,78000.0,3.9995562685599007,0.09579320543005844,75000.0,-0.00042666484624254153,0.12204552607616292,37
2026-09-15 19:00:00.013352,75943.62,174385558.70630088,100393886.54239002,0.26927659052861186,78000.0,2.7077718970994535,0.10657049784294226,75000.0,-1.242527022019746,0.11521017761146042,38
2026-09-15 19:10:00.038183,75975.57,176333331.30520865,101007234.05666603,0.2716014411748852,78000.0,2.66458020650584,0.10609917814967326,75000.0,-1.2840574937443838,0.1146356249573352,38
2026-09-15 19:20:00.018651,76116.23,144463742.33747452,135837473.54976094,0.030774995964284062,78000.0,2.474859829500242,0.11014450030443093,75000.0,-1.4664809331728534,0.11602385621916281,38
2026-09-15 19:30:00.016739,75869.04,174311855.90498716,105086559.80224217,0.2477655284032944,78000.0,2.8087346300941896,0.10394047579250022,75000.0,-1.1454474710632878,0.11583821772935522,38
2026-09-15 19:40:00.010484,75987.86,177491746.46838152,102081572.60814732,0.2697330850788084,78000.0,2.6479756108410024,0.10573905999495274,75000.0,-1.3000234511144293,0.11420395836644001,38
2026-09-15 19:50:00.007080,75877.06,174316411.7199461,105309651.23712574,0.24678229115364778,78000.0,2.797868024934025,0.10395317932666623,75000.0,-1.1558961298711368,0.11536107208507687,38
2026-09-15 20:00:00.034056,76117.73,144729177.13435808,136235017.1082797,0.030232179758616876,78000.0,2.4728404275850213,0.10998500258183254,75000.0,-1.468422665783642,0.11613735656010402,38
2026-09-15 20:10:00.008756,75920.03,173211271.8485384,103713581.31769396,0.25096227274742433,78000.0,2.739685429523675,0.10572144008990347,75000.0,-1.21184093315031,0.1166971090432309,38
2026-09-15 20:20:00.011350,75881.8,172043724.5129929,103293730.54142581,0.24969357677101753,78000.0,2.791446697363531,0.10481373142704287,75000.0,-1.1620704833043005,0.1146321878776413,38
2026-09-15 20:30:00.016539,75690.38,164946153.9233365,140561324.3651707,0.07981745551622113,78000.0,3.051404947365821,0.10259725067701998,75000.0,-0.9121106275328583,0.11693222679810818,37
2026-09-15 20:40:00.012630,75693.08,166513637.41690648,139096422.3032949,0.08971306487330022,78000.0,3.0477290658538436,0.1038168298393749,75000.0,-0.9156451289866974,0.11675515391425795,37
2026-09-15 20:50:00.011347,75945.07,174126848.1509127,101861781.44668642,0.2618407389086689,78000.0,2.7058109236056893,0.10562941767609021,75000.0,-1.2444125734560663,0.11461986072822275,38
2026-09-15 20:59:59.966766,75878.54,172733839.492517,103414457.9281013,0.25102230291440514,78000.0,2.795862967315932,0.10470342811438899,75000.0,-1.1578240698885245,0.11427499250169408,38
2026-09-15 21:10:00.005569,75702.58,166435547.22134495,139814632.4979808,0.0869253848202207,78000.0,3.0347974930312827,0.10279101233273946,75000.0,-0.9280793336237658,0.11668160551656437,37
2026-09-15 21:19:59.997505,75853.44,174473091.7209782,106366134.80851507,0.24251226494996292,78000.0,2.829878249424156,0.1035425666717334,75000.0,-1.125117067861392,0.11521612387233565,38
2026-09-15 21:29:59.998688,75631.66,165551036.01416126,142051524.0237496,0.0763956970563426,78000.0,3.13141348477608,0.10229508000337727,75000.0,-0.835179341561465,0.11745328120912679,37
2026-09-15 21:40:00.008690,75620.15,165592545.8996932,142464105.33585003,0.07507853010503227,78000.0,3.1471109221550053,0.10181295644783096,75000.0,-0.8200856517740274,0.1172943137759584,37
2026-09-15 21:50:00.023321,75599.4,164707373.79491714,143564592.3826174,0.06858483330308258,78000.0,3.1754220271589473,0.10195170482531207,75000.0,-0.7928634354240849,0.11773839816068858,37
2026-09-15 22:00:00.012418,75414.47,170948143.8441792,136130063.75280878,0.11338505706359331,78000.0,3.4284269318606952,0.10063887807586148,75000.0,-0.5495894885954922,0.12829229803834466,37
2026-09-15 22:09:59.982543,75350.81,167430896.00071937,134512014.32679743,0.10902352911090016,78000.0,3.5158082574029415,0.1009852285492998,75000.0,-0.4655689832663956,0.12090970831559876,37
2026-09-15 22:20:00.037445,75144.19,128694026.24846627,136083231.5103497,-0.02790725051097178,78000.0,3.800440193712906,0.09431604943721514,75000.0,-0.19188442912220216,0.12860074431603125,37
2026-09-15 22:30:00.008324,75439.74,171112637.6113676,131843900.09579605,0.12961838623046495,78000.0,3.393781579841071,0.10139818581733978,75000.0,-0.582902327075896,0.12051465680840817,37
2026-09-15 22:39:59.984917,75581.44,164399822.75995526,143909005.55307394,0.06646198657041626,78000.0,3.199939032651389,0.10191973176812408,75000.0,-0.7692893916813492,0.11900145872554767,37
2026-09-15 22:50:00.039190,75648.27,167863151.256519,143200715.24450368,0.07928415566047184,78000.0,3.108769043892212,0.10128425115185878,75000.0,-0.8569528424113404,0.11767531071543155,38
2026-09-15 23:00:00.009253,75618.02,165714962.18612367,143639208.8054483,0.07136077496519938,78000.0,3.1500163585346463,0.10198891953221746,75000.0,-0.817291962947464,0.11878054920098367,38
2026-09-15 23:10:00.013555,75792.54,174965914.09580123,108533710.71686392,0.23432906982799473,78000.0,2.912502998316202,0.10186882141089662,75000.0,-1.0456701939267288,0.11592783236412173,38
2026-09-15 23:20:00.010568,75886.21,179305942.24257943,108532521.26338497,0.24587895626300807,78000.0,2.7854731445937198,0.10166392819523175,75000.0,-1.1678142840444994,0.1154194736140256,39
2026-09-15 23:29:59.999006,75687.84,169218509.1833747,145674334.1491995,0.07476884766577253,78000.0,3.054863238269201,0.10151072005308012,75000.0,-0.9087853478180863,0.11855062533880474,38
2026-09-15 23:40:00.021310,75541.42,163021355.87501913,146902359.18892756,0.05200956203937389,78000.0,3.2546118407623226,0.10058258180922616,75000.0,-0.7167193838823804,0.12060099894119854,38
2026-09-15 23:50:00.013846,75603.18,165851923.42023435,147247204.48168805,0.05942117776953434,78000.0,3.170263473044388,0.10063108353834635,75000.0,-0.7978235836111569,0.12139512190099544,38
2026-09-15 23:59:59.958097,75588.36,165340390.19082075,147867172.4306074,0.05578798166292397,78000.0,3.1904912343646563,0.10043660015463614,75000.0,-0.7783738131109108,0.12191193257249844,38
2026-09-16 00:10:00.036424,75643.79,169508595.57016742,147774844.891895,0.06849947998112159,78000.0,3.114875656018823,0.10134588812681965,75000.0,-0.8510810999818985,0.12077334219589758,38
2026-09-16 00:20:00.013653,75730.15,176446097.5881948,145947817.36346358,0.09459942886733547,78000.0,2.9972870778679273,0.10023665896040039,75000.0,-0.9641470405115982,0.11824246246895982,38
2026-09-16 00:30:00.022019,75794.75,179644205.73938444,112892391.5382609,0.2281827806240928,78000.0,2.9095023072178483,0.10112661134151084,75000.0,-1.0485554738289937,0.11745799668354792,38
2026-09-16 00:40:00.011189,75857.31,183250886.65646833,111099683.49918705,0.2451199707856079,78000.0,2.824632194313237,0.10118074815848674,75000.0,-1.1301613516218723,0.11656709369203225,39
2026-09-16 00:49:59.996588,75781.52,179642945.6703213,144548974.78088886,0.10825060303967064,78000.0,2.927468332648897,0.10025036114423791,75000.0,-1.0312804493760486,0.11642528803660507,38
2026-09-16 00:59:59.974961,75717.82,174522436.03084892,150425272.43190563,0.07415705041571422,78000.0,3.0140593059863496,0.0992195733943342,75000.0,-0.9480198980900467,0.12620895726162543,38
2026-09-16 01:10:00.025012,75700.76,173013671.70752326,152877987.38606632,0.061786436564411656,78000.0,3.0372746588013255,0.09900445450457632,75000.0,-0.9256974434602716,0.126460948514777,38
2026-09-16 01:20:00.016353,75749.62,177661944.80870855,149996039.27791876,0.0844353163189681,78000.0,2.970813582959231,0.09884549748034588,75000.0,-0.9896023240776541,0.1254748587517348,38
2026-09-16 01:30:00.038446,75813.45,181765929.01555687,113222383.04273817,0.23236020944203803,78000.0,2.884118846985606,0.10068373778147499,75000.0,-1.0729626471292275,0.11616171234216373,38
2026-09-16 01:40:00.016635,75502.81,161563152.88395247,157708071.87647521,0.012074627177472695,78000.0,3.3074133267357864,0.09938747028839662,75000.0,-0.6659487242925088,0.13327518483012007,38
2026-09-16 01:49:59.977925,75523.75,162631730.88995174,157936161.309511,0.014647660276341921,78000.0,3.2787699233684853,0.09918879248772351,75000.0,-0.6934904582995394,0.13263493934862064,38
2026-09-16 02:00:00.018860,75436.88,176113645.83779937,140245588.69744664,0.11337762020143154,78000.0,3.3977014956079854,0.09932259625037748,75000.0,-0.5791331773000175,0.13538585204218181,38
2026-09-16 02:10:00.020791,75560.75,163421326.9796063,156823284.83001465,0.020603132437756858,78000.0,3.228197179090997,0.09843770214348638,75000.0,-0.7421180970278884,0.13164993001131067,38
2026-09-16 02:20:00.015052,75768.4,178718702.04533327,149086154.33661816,0.09039691490777635,78000.0,2.9452911767966716,0.09964120237368729,75000.0,-1.0141430992339773,0.12475424705492527,38
2026-09-16 02:30:00.015871,75885.92,187045725.37692103,109577293.97862843,0.26116796857709307,78000.0,2.7858659419296883,0.1015312759289959,75000.0,-1.1674365942983878,0.11424530291781107,39
2026-09-16 02:40:00.030216,76003.48,143205178.79882252,157272124.38641608,-0.04681533493037758,78000.0,2.6268797165603486,0.10464553457112145,75000.0,-1.3203079648458127,0.11576485419120047,39
2026-09-16 02:49:59.980305,75929.06,189874997.24207875,113494855.12045045,0.251772354855991,78000.0,2.7274669276822427,0.10029638027478034,75000.0,-1.2235894926132307,0.12154906852466238,39
2026-09-16 03:00:00.009447,75827.76,183282710.1590494,116874309.49178265,0.2212455359015711,78000.0,2.864702847611489,0.09905660272768577,75000.0,-1.0916318772966505,0.12305994021699003,38
2026-09-16 03:10:00.036530,75784.55,180939789.86319315,149644156.92842188,0.09466773338058851,78000.0,2.9233531108913358,0.0992828410782941,75000.0,-1.0352373933737224,0.12390948285441251,38
2026-09-16 03:20:00.018486,75964.36,192838490.49282935,112468278.02830581,0.26324412280089965,78000.0,2.6797303366999925,0.10239995287904413,75000.0,-1.2694900608653858,0.12328764804708124,39
2026-09-16 03:30:00.021216,75797.14,180745113.58939937,117845501.980675,0.21065501837234685,78000.0,2.9062574128786434,0.09895427000025456,75000.0,-1.0516755645397668,0.12400430682971739,38
2026-09-16 07:39:48.779813,75801.08,169803669.11871213,105758814.80604364,0.2324149985894175,76000.0,0.2624237016148001,0.10472200153216962,75000.0,-1.0568187155117093,0.12612279378165395,38
2026-09-16 07:49:59.858513,75798.38,155795676.98302585,100194565.1202641,0.21720012218406026,78000.0,2.9045739499973466,0.10922073209040056,75000.0,-1.0532942788487043,0.1314770189366442,38
2026-09-16 08:00:00.015186,75693.91,145026882.7923421,133510622.97709535,0.041345454657655545,78000.0,3.0465991253457503,0.1111833275622428,75000.0,-0.91673161024447,0.13698041352883072,38
2026-09-16 08:09:59.998104,75467.09,142341776.1852739,132719597.79862532,0.03498193238579475,78000.0,3.3563106779392227,0.11076580706056618,75000.0,-0.6189320404430543,0.1386887060536043,38
2026-09-16 08:19:59.946386,75451.56,142526514.7559625,133036273.40717953,0.03443948804569515,78000.0,3.3775842408029666,0.11060531289255672,75000.0,-0.5984766915355988,0.13851138353325948,38
2026-09-16 08:30:00.005036,75372.14,142341496.03028435,132849010.3927004,0.034494233689128094,78000.0,3.486513717137396,0.11026125742434766,75000.0,-0.49373681044481144,0.13732477279128266,38
2026-09-16 08:42:33.706624,75463.87,143284874.7055853,130883830.69492781,0.04523143512145818,78000.0,3.360720832366537,0.11058613074558525,75000.0,-0.6146915073398596,0.13567153403723925,38
2026-09-16 08:50:00.074611,75496.45,143972380.81547487,131050844.27655685,0.0469834376154743,78000.0,3.316116188244611,0.1103550755616023,75000.0,-0.6575805882263253,0.13538929125307755,38
2026-09-16 09:00:00.009317,75672.09,146774427.2180493,133477352.26028877,0.04744688858893866,78000.0,3.0763125479949194,0.11073692067243229,75000.0,-0.8881610115433536,0.13368688085319186,38
2026-09-16 09:09:59.998307,75798.13,149197888.39385146,100521332.06080094,0.19492514931140395,78000.0,2.9049133534033045,0.11091016755182878,75000.0,-1.0529679294199012,0.13309229924308671,38
2026-09-16 09:20:00.004076,75741.61,148539758.79968524,132364645.73496282,0.05758226928309807,78000.0,2.9817031879834532,0.11114003849979912,75000.0,-0.9791315500158992,0.13336652126042142,38
2026-09-16 09:30:00.007246,75769.55,148715504.01537356,132734672.81991056,0.05678032032225591,78000.0,2.943728714239424,0.11090490763855627,75000.0,-1.015645467077475,0.1331275143703286,38
2026-09-16 09:40:00.025708,75844.23,152291091.8242648,100662049.78206874,0.20410516238041196,78000.0,2.8423652003586986,0.11138187573986552,75000.0,-1.1131103842704881,0.13162949361343323,39
2026-09-16 09:49:59.999141,75868.57,152844905.34545213,100547656.4230255,0.20638825606179445,78000.0,2.809371522357673,0.11159105851653645,75000.0,-1.144835074656092,0.13154093184864515,39
2026-09-16 10:00:00.000682,75921.82,153712610.7665392,99736788.90348344,0.2129648834573266,78000.0,2.73726314780125,0.11212216491069345,75000.0,-1.2141700501911101,0.13060754826954363,39
2026-09-16 10:10:00.065289,75947.09,152726018.68191937,98656811.06975661,0.21508711500134697,78000.0,2.703079209486514,0.11458203239947548,75000.0,-1.2470392216475945,0.13446960650938466,39
2026-09-16 10:20:00.008082,75938.05,152615389.1716646,98636036.47675231,0.21484197574443653,78000.0,2.715305436470916,0.11173947214314114,75000.0,-1.2352832341625875,0.1311336737183178,39
2026-09-16 10:30:00.017060,75911.29,151854607.36867288,99919399.27221175,0.2062770847132699,78000.0,2.751514300442004,0.11129321561332588,75000.0,-1.200467018805762,0.13092638793633754,39
2026-09-16 10:40:00.011992,75909.28,152078898.44069666,99909671.0471654,0.2070301343412491,78000.0,2.7542350553186656,0.11123881904814237,75000.0,-1.197850908347431,0.13086239530429455,39
2026-09-16 10:50:00.011313,75890.24,151330734.14337417,99869175.58062825,0.2048629659910611,78000.0,2.7800149268206287,0.11139083834165024,75000.0,-1.1730625703647912,0.13103061287650802,39
2026-09-16 11:00:00.031643,75883.35,151962810.76744395,98941751.9179287,0.21131962799736803,78000.0,2.789347070207082,0.11145227380608178,75000.0,-1.1640893555701082,0.1310994112567879,39
2026-09-16 11:10:00.012010,75869.3,150946647.66830385,99887173.53133088,0.20355896941160706,78000.0,2.8083823101043404,0.11096419503891558,75000.0,-1.1457862402842856,0.13052529251665562,39
2026-09-16 11:19:59.997506,75893.93,151047606.92522717,99816450.47272556,0.2042187987545469,78000.0,2.775017712220218,0.11127770382593441,75000.0,-1.1778675844036468,0.13089406756267674,39
2026-09-16 11:30:00.010570,75909.62,151155013.01637542,98719792.8662235,0.2098459665228837,78000.0,2.753774818000676,0.11142101692949764,75000.0,-1.198293444230114,0.13057876539254631,39
2026-09-16 11:40:00.008785,75954.31,155159716.6469124,98834218.88760807,0.22175922287581193,78000.0,2.693316547803537,0.11761856486734006,75000.0,-1.2564263963427469,0.12888083136391595,39
2026-09-16 11:50:00.029004,76164.45,138289611.70282236,119285690.94186312,0.07378005797075336,78000.0,2.4099826099971855,0.1318101821134183,75000.0,-1.5288628750027011,0.11855388528657507,39
2026-09-16 12:00:00.015468,76184.42,133636526.74949935,119259739.55590826,0.056848554562008075,78000.0,2.383138179696065,0.12299074027654766,75000.0,-1.55467482721533,0.11965907184904191,39
2026-09-16 12:10:00.018203,76119.9,132249105.57065447,121521940.87214836,0.042271034654553806,78000.0,2.469919166998391,0.12293882178646579,75000.0,-1.4712315701938539,0.12091870265072154,39
2026-09-16 12:20:00.016079,76045.97,127290423.99450503,123383551.91212654,0.015585471400643848,78000.0,2.569537872947114,0.12254745973663402,75000.0,-1.3754443529354732,0.12388398260364383,39
2026-09-16 12:30:00.011294,75877.06,155723811.06684452,99619626.16994044,0.21972048901682784,78000.0,2.797868024934025,0.11701477306036484,75000.0,-1.1558961298711368,0.12823744977436913,39
2026-09-16 12:40:00.016358,75899.15,155908337.1414473,98769525.15628378,0.22435719959972575,78000.0,2.7679493116853138,0.11736686638956638,75000.0,-1.1846641233795085,0.12862054722025748,39
2026-09-16 12:50:00.010293,75962.83,156358465.57727596,94264866.70833091,0.2477566565836897,78000.0,2.6817984532698347,0.1184024674512549,75000.0,-1.267501487240541,0.12007589527594892,39
2026-09-16 13:00:00.012690,75903.59,155974743.46605605,99616708.19330268,0.22050047021081493,78000.0,2.761937874084741,0.11694558494441938,75000.0,-1.1904443518415908,0.12821488523130192,39
2026-09-16 13:09:59.939437,75686.84,150521434.0078259,133888969.93297549,0.05848050508838766,78000.0,3.056224833802035,0.11537767219977989,75000.0,-0.9074761213442084,0.1313679298072834,38
2026-09-16 13:20:00.010925,75760.22,152230725.08051607,131669372.4533855,0.07242460571777458,78000.0,2.956406409590673,0.1162758197555348,75000.0,-1.0034553753935804,0.1293283721295542,38
2026-09-16 13:30:00.008203,75709.68,151236617.95984158,132502638.0447666,0.06602533670832886,78000.0,3.025134962926801,0.11616043955085917,75000.0,-0.9373702279549923,0.13073201646959562,38
2026-09-16 13:40:00.006617,75526.04,147509936.92228144,134899586.1037641,0.044652711011286796,78000.0,3.2756384420525864,0.11449773899343227,75000.0,-0.6965014980263695,0.13257076904756818,38
2026-09-16 13:50:00.018109,75808.3,154857302.1647937,100931511.38391833,0.21082153684803667,78000.0,2.8911082295738133,0.1152003282995825,75000.0,-1.0662420869482658,0.12984942450322237,38
2026-09-16 13:59:59.947390,75586.93,148124907.57322297,135338868.4152677,0.04510643066602769,78000.0,3.192443455502181,0.1141800891249689,75000.0,-0.7764966774017612,0.13215532499225963,38
2026-09-16 14:10:00.025661,75502.37,147618039.0242022,136375414.18406808,0.0395876197606893,78000.0,3.3080153642859322,0.11399344194032757,75000.0,-0.6653698420327703,0.1343457306029448,38
2026-09-16 14:20:00.005923,75495.11,150551003.94653064,133317504.60930328,0.060709444048238664,78000.0,3.3179499970263038,0.11345057729792385,75000.0,-0.6558173105516429,0.13406368923202142,38
2026-09-16 14:30:00.000422,75761.75,153306837.92089945,133523264.4710243,0.06897314223610648,78000.0,2.9543272165703627,0.11501104134636429,75000.0,-1.0054545994515718,0.1304928325552374,38
2026-09-16 14:40:00.002896,75580.96,149724140.49561116,136529222.1941086,0.04609524296070889,78000.0,3.2005944354239313,0.11322669751511892,75000.0,-0.768659196707755,0.13322239606348188,38
2026-09-16 14:50:00.011576,75529.68,147904319.21349216,136694690.87329578,0.039387446698349426,78000.0,3.270661281763676,0.11341878699100809,75000.0,-0.7012872290733774,0.13356405238465505,38
2026-09-16 15:00:00.033874,75636.81,150557808.19674084,134806379.81336755,0.05519763532071282,78000.0,3.1243914173535448,0.11412552403287525,75000.0,-0.8419313294677488,0.13159989907022193,38
2026-09-16 15:10:00.008346,75690.91,151917479.85774317,134851824.6661737,0.05951004839901261,78000.0,3.050683364752782,0.11472270840416199,75000.0,-0.9128044569684857,0.1305029449733984,38
2026-09-16 15:20:00.037854,75637.71,150615798.493999,135802707.30250055,0.05171834532934532,78000.0,3.1231643580959645,0.1138997606889763,75000.0,-0.8431111941384906,0.13288677551930783,38
2026-09-16 15:30:00.010229,75583.12,150060842.1315526,136020473.83884054,0.04907824282437625,78000.0,3.197645188502407,0.11281204263541433,75000.0,-0.7714950110553676,0.13289605322078188,38
2026-09-16 15:40:00.010225,75693.8,153446323.4791424,135817754.45052138,0.06094282136514547,78000.0,3.046748875072991,0.1141304931339181,75000.0,-0.9165876201221224,0.1313864224438742,38
2026-09-16 15:50:00.030252,75771.88,155225669.99370086,135964782.82339665,0.066145325109276,78000.0,2.9405631746236116,0.11398619012091091,75000.0,-1.0186892551696025,0.13118205597392724,38
2026-09-16 16:00:00.014756,75734.25,154497390.01090235,135926244.17045188,0.06394502256263954,78000.0,2.9917111478624303,0.11411759598151827,75000.0,-0.9695085116707469,0.1313254839957052,38
2026-09-16 16:10:00.019411,75674.66,153036872.54014853,135747588.21377057,0.059869164293817785,78000.0,3.0728119558118827,0.11454556497719705,75000.0,-0.8915269655654923,0.13220780181055242,38
2026-09-16 16:19:59.972085,75824.82,158234388.46570837,103155392.05332439,0.21071595187468883,78000.0,2.8686912807705855,0.11460617007400484,75000.0,-1.0877968454128917,0.13071137422993992,38
2026-09-16 16:30:00.017029,75733.48,155212168.48094565,135893483.24602503,0.06636314039357678,78000.0,2.992758288672337,0.11392569100924792,75000.0,-0.9685016455073692,0.13116731880395824,38
2026-09-16 16:39:59.967560,75690.29,153197489.50979698,136064740.61854738,0.059229125363680815,78000.0,3.051527481266092,0.11431967390135186,75000.0,-0.9119928064749039,0.1319975005147304,38
2026-09-16 16:50:00.014617,75699.2,153208689.5923888,136059529.25067508,0.0592846335152277,78000.0,3.0393980385525987,0.11433324694510061,75000.0,-0.9236557321609662,0.1320131724265551,38
2026-09-16 17:00:00.011067,75709.74,153352525.85245332,136313859.4524182,0.0588216902769096,78000.0,3.025053315465076,0.11425732046576001,75000.0,-0.9374487351297311,0.13240178296205068,38
2026-09-16 17:09:59.985094,75622.67,151829423.71908447,136379316.71799907,0.053607350622519326,78000.0,3.1436737158315076,0.11397705865321382,75000.0,-0.8233906578543171,0.1328888320588475,38
2026-09-16 17:20:00.007913,75689.42,153627931.05088246,136314084.8308147,0.059714857701521275,78000.0,3.052711990658663,0.11459268993533578,75000.0,-0.9108538551358958,0.13202734091725016,38
2026-09-16 17:30:00.023359,75659.29,152927773.85721597,136444857.12738997,0.056960869705410616,78000.0,3.093750945852136,0.11476012135300893,75000.0,-0.8713933212960323,0.13287601218320214,38
2026-09-16 17:40:00.002192,75393.72,149870585.62848058,137766736.11766636,0.04208024687942415,78000.0,3.4568926961025426,0.11280046490278406,75000.0,-0.5222185614398689,0.1359088892868192,38
2026-09-16 17:50:00.013504,75306.04,148163315.91957587,138617378.90108383,0.03328653982256951,78000.0,3.5773491741167174,0.11150380542233602,75000.0,-0.40639502488777346,0.13595746589085966,38
2026-09-16 18:00:00.030423,75666.5,154281497.6813574,136285588.99875012,0.061933747859128425,78000.0,3.083927497637662,0.11503293678104415,75000.0,-0.8808389445791764,0.13149759142783846,38
2026-09-16 18:09:59.974440,76154.66,144318576.00984767,135028131.32908008,0.03325775617428567,78000.0,2.423147841510942,0.12737751621685522,75000.0,-1.516203998547172,0.12797398748533986,39
2026-09-16 18:20:00.009257,75890.61,170792594.67764032,106671579.55723363,0.2310965561490044,78000.0,2.779513829181246,0.12201932107644517,75000.0,-1.1735443950180446,0.13085603629790368,39
2026-09-16 18:30:00.015009,75942.4,175411428.22648215,107414188.77854352,0.24042107701556029,78000.0,2.7094218776335888,0.12532911194086785,75000.0,-1.2409405022754005,0.13244758641536333,39
2026-09-16 18:40:00.012871,75712.59,165827906.19750717,141680760.08864528,0.07852509134292737,78000.0,3.0211752100938627,0.12094856926660216,75000.0,-0.9411776826020568,0.132602893761704,38
2026-09-16 18:49:59.993729,75853.92,176074515.80363217,107687406.64192925,0.24100171218293995,78000.0,2.829227546842672,0.12225052693747078,75000.0,-1.1257427434205103,0.13091399803892312,39
2026-09-16 19:00:00.011732,75562.96,161572016.84341267,148860832.87927085,0.04094664587042574,78000.0,3.2251780501981298,0.11866101000847486,75000.0,-0.7450211055787248,0.1446877265670236,38
2026-09-16 19:10:00.017142,75862.79,176118862.19936687,114522792.40092392,0.21193132100473983,78000.0,2.817204587387323,0.12277830686832326,75000.0,-1.1373032813583484,0.14134272877751067,39
2026-09-16 19:20:00.014582,75627.37,164958303.94923082,163057943.1805518,0.005793495856707145,78000.0,3.1372636652577057,0.11570839698774649,75000.0,-0.8295541680214402,0.13900964619329706,38
2026-09-16 19:30:00.020461,75477.33,160281091.84554124,158778382.72875965,0.004709808786548507,78000.0,3.3422883400883396,0.10682793695832017,75000.0,-0.6324150576073606,0.14223606544229236,38
2026-09-16 19:40:00.014407,75754.82,170658554.6457267,158138919.15112996,0.03807704283741501,78000.0,2.963745409202989,0.11675451173893192,75000.0,-0.9963986449971207,0.1360258025986833,38
2026-09-16 19:49:59.996579,75984.64,182602160.38261616,117965859.45847397,0.21504716622319073,78000.0,2.6523255226319487,0.12169508759413174,75000.0,-1.2958408436231306,0.12522581786824788,39
2026-09-16 20:00:00.014559,76005.12,145013887.13895345,154624713.14045435,-0.03207472599504529,78000.0,2.624665285707084,0.122219576788235,75000.0,-1.3224372252816585,0.12528584791863898,39
2026-09-16 20:10:00.006740,76110.17,148280006.4720767,154508263.99424872,-0.020569678979241304,78000.0,2.4830190236075023,0.12390263688743512,75000.0,-1.458635554223564,0.12475022483445142,39
2026-09-16 20:19:59.990908,76274.62,206667209.27186593,152929772.92735696,0.14943795138619242,78000.0,2.262063055836938,0.12399224171132987,75000.0,-1.6710932155414193,0.11956321290788967,38
2026-09-16 20:29:59.997212,76141.4,150463429.29292327,155909786.7369531,-0.017776871994902875,78000.0,2.4409847993338785,0.12461818406056341,75000.0,-1.4990530775635835,0.12277554695996444,39
2026-09-16 20:39:59.997847,76034.61,144576526.1640234,164209922.88752586,-0.06358244276524204,78000.0,2.5848623409786775,0.12041044380296444,75000.0,-1.3607092875205118,0.13264688566753774,39
2026-09-16 20:50:00.049692,76092.37,149661006.96279925,163118354.12016118,-0.043025048426365155,78000.0,2.506992488208737,0.12153878904965552,75000.0,-1.4355841459531282,0.13015302537696652,39
2026-09-16 21:00:00.001136,76108.69,149115663.07068464,163466836.5948516,-0.04591163465492389,78000.0,2.4850118954878875,0.12162649622343602,75000.0,-1.4567193312616467,0.13023844894170863,39
2026-09-16 21:09:59.994762,76092.81,148296559.97373918,164351740.28707573,-0.051352207256342444,78000.0,2.506399750515187,0.12145628923943082,75000.0,-1.4361540860430844,0.13157372704178474,39
2026-09-16 21:20:00.013054,76046.47,146693820.30248514,165087438.7481305,-0.05899526643023555,78000.0,2.5688634857081505,0.12057946493444237,75000.0,-1.37609280220371,0.13167035408503014,39
2026-09-16 21:30:00.022342,76003.69,143299665.97841504,166829100.40394574,-0.07586988688602021,78000.0,2.62659615605505,0.11875598192253306,75000.0,-1.3205806191778358,0.1325131560706463,39
2026-09-16 21:40:00.041220,75928.43,185048799.22267947,125613285.40503429,0.1913188533736602,78000.0,2.7283192869917094,0.11923344928296267,75000.0,-1.2227699163541161,0.1350385646421508,39
2026-09-16 21:50:00.014159,75909.6,184020486.30489963,126126236.92204975,0.1866672934038573,78000.0,2.753801890669938,0.11916875579901509,75000.0,-1.1982674128173554,0.1353961842480908,39
2026-09-16 21:59:59.994601,75914.17,184151621.8085428,125872869.79032111,0.1879811227740926,78000.0,2.7476161565093804,0.11934754819588969,75000.0,-1.204215234125594,0.13560389152385627,39
2026-09-16 22:09:59.976025,75703.17,173118733.18328297,162642405.49885064,0.0312017278877241,78000.0,3.0339944813407405,0.11613714054885382,75000.0,-0.9288514602492803,0.140321715859857,38
2026-09-16 22:20:00.005456,75738.46,173436488.38765842,160495936.9060156,0.03875200639848723,78000.0,2.985986247937955,0.11769079562664646,75000.0,-0.9750132231365782,0.14186661409483006,38
2026-09-16 22:30:00.006442,75701.11,171351317.68446457,163595101.23303014,0.023156588676187563,78000.0,3.036798271518082,0.11628447826393291,75000.0,-0.9261555081556905,0.14250957514267595,38
2026-09-16 22:40:00.009719,75716.27,174745526.31054223,163575783.60513294,0.033015191115786616,78000.0,3.0161681234429416,0.11575356308404004,75000.0,-0.945992188997169,0.1414261044194283,38
2026-09-16 22:49:59.997220,75665.67,170798963.02165255,164454707.91221854,0.01892374538886232,78000.0,3.0850582569347473,0.1136172733466933,75000.0,-0.8797516760242763,0.1396656807138689,38
2026-09-16 23:00:00.040070,75626.17,167298618.4507986,165022787.5958359,0.0068482824565425085,78000.0,3.1389001981721343,0.11407509578951758,75000.0,-0.8279805786806316,0.14140570064013377,38
2026-09-16 23:10:00.006151,75740.52,176261574.0214085,161328734.01678994,0.04423361586236326,78000.0,2.9831852223882294,0.11692636511739556,75000.0,-0.9777065169344068,0.14170034932524125,38
2026-09-16 23:20:00.013730,75992.87,190392984.19595012,123631602.42242686,0.21259921871867954,78000.0,2.641208313358878,0.11930605940162362,75000.0,-1.3065304679241607,0.1332479915207636,39
2026-09-16 23:30:00.009441,76021.19,144604959.86061624,170150909.69347936,-0.08116115473574245,78000.0,2.60297161883416,0.11892124487339895,75000.0,-1.3432965203517666,0.1323922128774897,39
2026-09-16 23:40:00.007509,76060.6,146907895.19995072,168279809.5378692,-0.06780694175775699,78000.0,2.549808968112255,0.12061076816002113,75000.0,-1.394414453738213,0.13215040448307017,39
2026-09-16 23:50:00.014443,76165.45,157103845.57443142,162405598.12577584,-0.01659341423510164,78000.0,2.408638037325317,0.13004098265961775,75000.0,-1.530155733341032,0.1289584593854226,39
2026-09-17 00:00:00.015227,76148.36,155361043.20191184,165035439.9315217,-0.030195077782988147,78000.0,2.4316216396518486,0.12978600298522477,75000.0,-1.5080561157193695,0.12913017151361136,39
2026-09-17 00:10:00.007397,76269.37,212900546.25065446,160080463.11033055,0.14161601211498318,78000.0,2.269102262153222,0.13140843222921345,75000.0,-1.664324747929602,0.1251648143010089,38
2026-09-17 00:20:00.035469,76389.23,221759922.24826694,151026866.25574005,0.18974131641407835,78000.0,2.108634947622856,0.13139511326923786,75000.0,-1.8186202426703324,0.11299606034294926,38
2026-09-17 00:30:00.013544,76345.5,218841710.46599168,153233366.72502995,0.17633092825316735,78000.0,2.1671218342927956,0.1299209492108254,75000.0,-1.762382851641553,0.11550224855309854,38
2026-09-17 00:39:59.987545,76416.05,222411959.5851729,150356468.20897987,0.19329826778136622,78000.0,2.072797534025894,0.1313868293621928,75000.0,-1.8530792942058727,0.11348050156453017,38
2026-09-17 00:50:00.000904,76350.08,217457677.12594426,153491104.8335685,0.1724404430026067,78000.0,2.1609931515461422,0.12837885663933318,75000.0,-1.7682758158210188,0.11572038191059171,38
2026-09-17 01:00:00.014645,76275.0,211699636.48861876,155484820.51335,0.15309693780139322,78000.0,2.2615535889872085,0.12974818239330058,75000.0,-1.6715830875122961,0.11885369060601755,38
2026-09-17 01:10:00.026715,76202.24,205249514.21976626,163869809.42049676,0.11210387034518249,78000.0,2.359195740177711,0.12691330138347257,75000.0,-1.5776964036752772,0.1288491420914372,39
2026-09-17 01:20:00.014089,76299.38,212898945.23068112,154438600.77243274,0.15914611804411852,78000.0,2.228877875547597,0.12942451840890676,75000.0,-1.703002042742685,0.11688247452248648,38
2026-09-17 01:30:00.007834,76574.16,222144026.9016416,156014206.50248224,0.17487341159775532,78000.0,1.8620380556574112,0.1296812577087908,75000.0,-2.0557326387909525,0.10909740080719149,38
2026-09-17 01:40:00.012444,76543.79,219070132.83471936,156319353.04147884,0.16716179369481715,78000.0,1.9024534844694907,0.13143241401300532,75000.0,-2.0168716495485683,0.11117396993605258,38
2026-09-17 01:50:00.013595,76490.0,228900764.846752,147235302.05413303,0.2171168095245131,78000.0,1.9741142633023845,0.1314308452001664,75000.0,-1.9479670545169303,0.11288163525667118,38
2026-09-17 02:00:00.029856,76307.23,211081499.46140787,158976815.44582585,0.140801278924495,78000.0,2.2183612221279736,0.12917108219247922,75000.0,-1.713114209492328,0.12569745500217755,38
2026-09-17 02:10:00.019866,76092.1,147282567.7203057,170839735.07688218,-0.07405066274650615,78000.0,2.507356217005441,0.12532526968509833,75000.0,-1.4352344067255385,0.13200884471707888,39
2026-09-17 02:20:00.011591,76061.76,140787613.82795876,171466155.5798187,-0.09824874751726795,78000.0,2.548245005111638,0.11782445717170154,75000.0,-1.395918264315732,0.1333482465117004,39
2026-09-17 02:29:59.956186,76116.05,147917988.21508217,168816621.81441522,-0.06598152818660002,78000.0,2.475102163078602,0.12580674801017286,75000.0,-1.4662479201167256,0.1316830376459202,39
2026-09-17 02:40:00.014460,76333.5,215717403.36875394,158929845.30896324,0.15157607125160302,78000.0,2.183183006150635,0.127881001322078,75000.0,-1.7469394171628405,0.12278028510393153,38
2026-09-17 02:50:00.022667,76377.26,220108621.22873235,157680814.10415348,0.1652449785144763,78000.0,2.1246376211977225,0.1283929843167534,75000.0,-1.803233056540643,0.12170625077728232,38
2026-09-17 03:00:00.024524,76307.26,213587098.92655063,162471085.0295981,0.1359258116901215,78000.0,2.2183210352461957,0.12730327515260134,75000.0,-1.7131528507248084,0.12373038738687171,38
2026-09-17 03:10:00.014394,76374.23,218211407.5049326,158476293.83250445,0.15857994158114924,78000.0,2.1286892188634887,0.12840913936141796,75000.0,-1.799337289554337,0.12153663139911877,38
2026-09-17 03:19:59.990475,76358.04,217989173.5688632,159210230.16030878,0.15582989481806694,78000.0,2.150343303730695,0.1283902460356071,75000.0,-1.7785160541050948,0.12122115873423674,38
2026-09-17 03:30:00.004328,76427.88,224738518.55604875,155234299.06315398,0.18291892543363403,78000.0,2.0569980483561734,0.12915278348273942,75000.0,-1.8682711073498393,0.11825904791771596,38
2026-09-17 03:40:00.011359,76428.27,226116784.19978094,155077292.57749328,0.18636042884736356,78000.0,2.056477269471091,0.1289673082841867,75000.0,-1.8687718562777955,0.11799079540851833,38
2026-09-17 03:50:00.022062,76398.69,221905203.94372562,157577339.93476707,0.1695146853172667,78000.0,2.095991436502387,0.12892473766084583,75000.0,-1.8307774649015562,0.11941275423510463,38
2026-09-17 04:00:00.003912,76370.49,217027978.9808122,157688731.59819183,0.15835762245812485,78000.0,2.133690644121833,0.12949092978775506,75000.0,-1.794528226805936,0.1192862516186959,38
2026-09-17 04:09:59.982993,76273.88,206969443.18856877,165574961.14496848,0.11111288094006644,78000.0,2.263055190059804,0.12756627435728382,75000.0,-1.6701392403271065,0.12181992712667919,38
2026-09-17 04:20:00.024093,76223.32,201289467.66000158,168137987.57521367,0.08973745620416947,78000.0,2.3308877125792993,0.12821008255948074,75000.0,-1.604915660981454,0.12418483650455225,39
2026-09-17 04:30:00.013083,76135.66,146808396.7349953,171410490.80584955,-0.07731185996210377,78000.0,2.448708003582012,0.12663524151026395,75000.0,-1.4916269196326715,0.12687256691018023,39
2026-09-17 04:40:00.026675,76271.87,206409896.22824085,163546259.5030817,0.11586139617119517,78000.0,2.265750138288203,0.12807419685282512,75000.0,-1.66754794395364,0.12144625549481106,38
2026-09-17 04:49:59.976891,76404.39,226741928.52186847,153124500.3818458,0.19379819467722076,78000.0,2.0883747648531736,0.1370918780906058,75000.0,-1.8381011876411835,0.11502199901617956,38
2026-09-17 04:59:59.999145,76468.99,231784804.86303684,150478794.9102826,0.2126961866130291,78000.0,2.0021318445555547,0.13997879062153068,75000.0,-1.921027072542747,0.1169421118912347,38
2026-09-17 05:09:59.975949,76436.87,229204596.6107637,151289150.64137352,0.2047745765392536,78000.0,2.0449947780436295,0.1372615526211869,75000.0,-1.879812713419582,0.11466932964486044,38
2026-09-17 05:20:00.001045,76377.76,217795928.9101836,156972467.40292788,0.16229613304009485,78000.0,2.1239690716250426,0.12935038065934185,75000.0,-1.8038758926682275,0.11753801684744926,38
2026-09-17 05:30:00.009774,76420.77,230050765.88342434,152558552.2898758,0.20253613781159663,78000.0,2.066493179799145,0.13647682154801594,75000.0,-1.8591411732700514,0.11381474187128125,38
2026-09-17 05:39:59.990209,76324.93,213165112.70757782,161122238.09621924,0.1390452402401375,78000.0,2.1946564510442412,0.12743291955644906,75000.0,-1.7359072586113022,0.11888029683677133,38
2026-09-17 05:50:00.002750,76299.21,209149895.469419,162461141.3702716,0.12563877137827983,78000.0,2.2291056486692273,0.1270857275667994,75000.0,-1.702783030125743,0.11943552790380693,38
2026-09-17 05:59:59.996050,76257.46,202519290.08199182,167430430.1930921,0.09484764541194586,78000.0,2.285074797927966,0.1263228719842477,75000.0,-1.648966540453889,0.12106045662965499,38
2026-09-17 06:10:00.053158,76390.7,223962853.32992527,152015500.38411218,0.19136035953956804,78000.0,2.1066700527682114,0.13976941907234636,75000.0,-1.8205095646459557,0.11895270426022606,38
2026-09-17 06:20:00.008689,76334.1,214472906.77004504,159056107.01981407,0.14836009440864342,78000.0,2.1823798276261686,0.13666533578995,75000.0,-1.7477117042056012,0.11845586081970626,38
2026-09-17 06:30:00.019541,76373.16,219882240.40696293,150989052.81565556,0.18576036714158323,78000.0,2.1301200578841994,0.14015278715309165,75000.0,-1.797961482803645,0.11944925603336923,38
2026-09-17 06:40:00.011251,76476.69,231369790.95864683,142911719.0072393,0.23634101497418356,78000.0,1.9918618339784366,0.14193795737537912,75000.0,-1.9309020827130485,0.11697978620618396,38
2026-09-17 06:50:00.011033,76470.12,229357851.08426398,142325144.93764395,0.23415842822546046,78000.0,2.000624557670383,0.14156395424163445,75000.0,-1.9224763868554096,0.11673298854548535,38
2026-09-17 06:59:59.992305,76404.42,218838006.63204706,146075559.13698503,0.1993963895031411,78000.0,2.088334680114068,0.14277871479906754,75000.0,-1.8381397306595604,0.12001484370438917,38
2026-09-17 07:10:00.006482,76555.93,215146423.7078533,164332962.94994685,0.13390308550205404,78000.0,1.8862941120302512,0.14057117348581022,75000.0,-2.032409507663213,0.11372080274451249,38
2026-09-17 07:19:59.932678,76489.08,231100458.94515088,139073127.35015512,0.24860588383953727,78000.0,1.9753407937446843,0.14244092962856925,75000.0,-1.9467876983224275,0.11742229444623224,38
2026-09-17 07:30:00.066956,76452.04,228973061.1812256,138426861.6870132,0.24645132962285654,78000.0,2.0247464946651528,0.14141100731455447,75000.0,-1.899282216668119,0.11733132756470276,38
2026-09-17 07:40:00.003612,76417.91,229895730.3422204,139326176.54147497,0.2452984292431889,78000.0,2.070313098068244,0.1396141711951884,75000.0,-1.8554681749343938,0.11710773661381976,38
2026-09-17 07:50:00.047213,76428.23,235863998.83412185,139058077.9131695,0.25820277578960077,78000.0,2.05653068244549,0.13762526133660155,75000.0,-1.8687204976485683,0.11611099870424058,38
2026-09-17 08:00:00.015301,76391.01,191485547.7789056,141516413.4098686,0.15005657681610526,78000.0,2.106255696841819,0.13561059581708312,75000.0,-1.8209079838059417,0.1250051873565554,38
2026-09-17 08:10:20.790845,76394.51,197396701.6844853,140050858.46217752,0.16994001437551923,78000.0,2.101577718084724,0.1469732699827755,75000.0,-1.8254060403031458,0.1265456973604581,38
2026-09-17 08:19:59.158542,76403.98,197767994.5274714,141470136.93988097,0.1659538016675122,78000.0,2.0889225927759325,0.14644691919924632,75000.0,-1.8375744300231478,0.12471843728298064,38
2026-09-17 08:30:00.005435,76383.82,197974503.45158148,143035389.52925962,0.16110709704661996,78000.0,2.1158669466910585,0.14598398377178196,75000.0,-1.811666397412448,0.12634483295409235,38
2026-09-17 08:40:00.008782,76467.83,202374654.1931311,137536020.0408165,0.19075198005605626,78000.0,2.0036791942441567,0.14840886958595323,75000.0,-1.9195392363036912,0.12360794624067863,38
2026-09-17 08:50:00.031279,76414.63,200196415.0777977,138976185.47881472,0.18049874753595999,78000.0,2.074694335364824,0.14747532914360703,75000.0,-1.851255446764588,0.12389167535068052,38
2026-09-17 09:00:00.014044,76502.38,194226667.34840396,147251362.22192615,0.1375646485531886,78000.0,1.9576122991206146,0.14815202781489895,75000.0,-1.963834327768632,0.12212527445730272,38
2026-09-17 09:10:00.029262,76578.17,201872297.3467072,146603409.18024153,0.15860183975892608,78000.0,1.856704071147175,0.14866805496912205,75000.0,-2.060861470050801,0.11951824868157118,38
2026-09-17 09:20:00.017237,76583.36,202871083.389953,147195120.1938069,0.15904409687701995,78000.0,1.8498013145414438,0.14977213413477203,75000.0,-2.0674987360178476,0.11923870485791647,38
2026-09-17 09:30:00.016982,76610.61,206303105.12367788,144986784.4609028,0.17454621519362526,78000.0,1.8135738639856847,0.15046179530964582,75000.0,-2.1023328230906912,0.11758084990342549,38
2026-09-17 09:40:00.010668,76626.15,207147587.21094775,145070563.97452164,0.17624595162825066,78000.0,1.7929257831693413,0.15117970357251895,75000.0,-2.12218674695257,0.11742464953437695,38
2026-09-17 09:50:00.021363,76500.74,195860045.00031906,151400460.94466984,0.12802948591767663,78000.0,1.959798035940552,0.14871970614644012,75000.0,-1.9617326577494598,0.12107543560880477,38
2026-09-17 10:00:00.013187,76398.51,202743391.77408943,144618818.1695023,0.16733130991429956,78000.0,2.0962319814876063,0.14561165729591205,75000.0,-1.8305461716465299,0.12376043312684774,38
2026-09-17 10:09:59.923828,76318.12,199861587.11527705,152239616.29946053,0.13525080389947697,78000.0,2.203775459877688,0.14185886639032325,75000.0,-1.7271389808868443,0.13360258838320443,38
2026-09-17 10:20:00.007897,76266.31,196841534.3645517,153488983.77834597,0.12374757076836361,78000.0,2.273205560882663,0.14160204724306616,75000.0,-1.6603792683820617,0.1356822095598558,38
2026-09-17 10:30:00.035848,76274.05,197508699.451321,153520546.71635953,0.12531193117153866,78000.0,2.262827265629652,0.1414234174906059,75000.0,-1.670358398433025,0.13550945703660744,38
2026-09-17 10:40:00.005420,76320.51,200029627.85673228,152525131.59048843,0.13474359654292375,78000.0,2.200574917541842,0.14180999664605487,75000.0,-1.730216425440545,0.13352752360752226,38
2026-09-17 10:49:59.986497,76235.67,195631047.27387697,153802442.6985417,0.11970405177430721,78000.0,2.3143103484235095,0.14159274887176643,75000.0,-1.6208554342081571,0.13582241754521196,39
2026-09-17 11:00:00.026616,76334.79,200772087.62255484,150061103.67230758,0.14454443082503715,78000.0,2.1814561879321515,0.14404130756455497,75000.0,-1.748599819296015,0.13334770933161139,38
2026-09-17 11:10:00.014598,76300.03,199917050.02549672,151261364.3356675,0.13854976188767118,78000.0,2.2280069876774666,0.14238188921050038,75000.0,-1.7038394349255137,0.1340964961767342,38
2026-09-17 11:19:59.963802,76310.34,200015512.5754923,151568776.29239005,0.13779550968873772,78000.0,2.214195350197623,0.14228609299904524,75000.0,-1.7171198555791967,0.13409939707916665,38
2026-09-17 11:30:00.006576,76323.38,201094733.26348582,150548675.43103316,0.14374237247928404,78000.0,2.1967318533324898,0.14340523638351468,75000.0,-1.7339116794879983,0.13270565288142613,38
2026-09-17 11:39:59.998905,76149.06,148074437.74300432,158330561.88968778,-0.033472443853651696,78000.0,2.4306800372847714,0.1394535416926012,75000.0,-1.508961502610795,0.1384052026288461,39
2026-09-17 11:49:59.984843,76143.85,148117141.4324633,156356922.9267658,-0.02706234277012485,78000.0,2.437688664284754,0.13667303408632026,75000.0,-1.502222438187728,0.13567151465188854,39
2026-09-17 12:00:00.002810,76406.45,205075061.19581255,140296049.2113109,0.18756349339161624,78000.0,2.0856223525631767,0.14847152288481816,75000.0,-1.8407477379200232,0.1240190359100899,38
2026-09-17 12:09:59.990255,76489.88,208151469.01619077,136724932.0044473,0.2071076385637333,78000.0,1.9742742438607408,0.14967997057577348,75000.0,-1.9478132270569715,0.12272988972059153,38
2026-09-17 12:20:00.019807,76889.33,219445433.91443247,126881556.8600502,0.2672730671305286,78000.0,1.4445047186651294,0.155666376346529,75000.0,-2.4572070012835345,0.10448094683053347,39
2026-09-17 12:30:00.009949,76909.39,218711024.45697987,128362178.66320583,0.26031639717943805,78000.0,1.4180453128025183,0.15577782874684246,75000.0,-2.4826487376898965,0.1045193950941243,39
2026-09-17 12:40:00.023777,76867.28,217367276.0914745,128553420.2149562,0.25674629134604704,78000.0,1.4736048940459545,0.15481121912055018,75000.0,-2.4292260634173557,0.10454273593696783,39
2026-09-17 12:50:00.020452,76718.98,209806530.26919866,142554651.5522328,0.19086063444709286,78000.0,1.6697562975941604,0.15008439452161806,75000.0,-2.240618944620998,0.11437259979085118,39
2026-09-17 13:00:00.007925,76662.78,208629787.7005796,144714906.27326792,0.18088535788807483,78000.0,1.7442884278394244,0.15197426675129488,75000.0,-2.1689534347697825,0.11717257200225771,38
2026-09-17 13:10:00.039328,76607.53,203262193.11565736,146206324.2355531,0.16326468922739615,78000.0,1.817667271089407,0.14917587792291337,75000.0,-2.098396854721718,0.11867633659391086,38
2026-09-17 13:20:00.007275,76605.15,203850482.57729387,146425929.42443818,0.16394067994670375,78000.0,1.8208305838445682,0.14872479486799078,75000.0,-2.0953552078417648,0.11832079702749962,38
2026-09-17 13:30:00.008805,76405.69,199609575.31261733,139539536.06837478,0.1771198485516929,78000.0,2.0866377883636655,0.1392849208726701,75000.0,-1.8397713573426344,0.1252712792295142,38
2026-09-17 13:40:00.001653,75950.77,175175284.06987888,117316399.31290108,0.19781377743058304,78000.0,2.6981029948741853,0.12688541179635313,75000.0,-1.251824043390215,0.14224434960602203,39
2026-09-17 13:50:00.012528,76279.76,193210338.01188558,144841988.76223177,0.14307947444471514,78000.0,2.255172276367956,0.1343935963176165,75000.0,-1.6777189650308166,0.12537344854087906,38
2026-09-17 14:00:00.009886,76621.68,206995786.9623316,144005862.7511696,0.17945763007830987,78000.0,1.7988642379023867,0.1478971793631255,75000.0,-2.1164766943246316,0.1155320758002712,38
2026-09-17 14:10:00.033921,76589.89,204893437.67775846,148074548.78685403,0.16097462395956105,78000.0,1.8411176723194256,0.146303770394056,75000.0,-2.0758483920005677,0.11659525034559864,38
2026-09-17 14:20:00.011721,76685.77,209034387.46570337,144902392.58914125,0.18119618669363632,78000.0,1.7137860127113491,0.14852183611019815,75000.0,-2.1982826800852395,0.11472089045165426,39
2026-09-17 14:30:00.022203,76874.69,220026777.86670235,127992435.24518785,0.26445190137225244,78000.0,1.4638237890780337,0.15186920900715886,75000.0,-2.4386309720403454,0.10271173552780957,39
2026-09-17 14:40:00.016110,76683.51,209712127.10572734,146643670.8373437,0.17698170377028366,78000.0,1.7167836996506924,0.14784308414985844,75000.0,-2.195400288797411,0.11404836886072053,39
2026-09-17 14:49:59.987845,76626.03,207461359.82732356,147457716.0721,0.16906288737274658,78000.0,1.7930851957226546,0.14634177370958654,75000.0,-2.1220334656512962,0.1143431652752552,38
2026-09-17 14:59:59.987211,76431.25,206863582.0215672,142655309.3823758,0.18370472732183493,78000.0,2.0524981601112158,0.14482306157951094,75000.0,-1.8725979229699874,0.12076877914591747,38
2026-09-17 15:10:00.015435,76312.15,195745685.9857999,144268408.46189347,0.15139748135301354,78000.0,2.211770995837492,0.13556472168053824,75000.0,-1.7194509655408696,0.12488983950358716,38
2026-09-17 15:20:00.022500,76324.71,197707187.23197526,144536628.55586588,0.15535871277531016,78000.0,2.1949510191391353,0.1368174846635,75000.0,-1.7356240200585238,0.12470552342755499,38
2026-09-17 15:30:00.016730,76394.43,209252752.08788812,141178509.9148985,0.19425847392704443,78000.0,2.1016846385266685,0.14536323488762884,75000.0,-1.825303232185893,0.11944409293960707,38
2026-09-17 15:40:00.010026,76631.77,210388019.4333756,146757558.85835388,0.1781639321404283,78000.0,1.7854605211389485,0.14931742749018842,75000.0,-2.129364883520246,0.11303159930182016,38
2026-09-17 15:50:00.014205,76571.44,207360054.12708122,150511722.2643725,0.15885111822991554,78000.0,1.8656564379617269,0.14659044221186698,75000.0,-2.0522534250368096,0.11452115661714185,38
2026-09-17 16:00:00.012641,76708.54,216835716.1141839,146084035.16238925,0.19495131004285393,78000.0,1.683593508623682,0.14837243199025582,75000.0,-2.2273139340156844,0.1124597171541918,39
2026-09-17 16:09:59.982750,76678.31,214022568.88974893,148589850.49489293,0.18044808974247545,78000.0,1.7236817034699925,0.14657876749122892,75000.0,-2.188767592817309,0.11270033639472289,39
2026-09-17 16:20:00.006485,76647.01,211460255.36460847,149800728.35061342,0.17067862236294132,78000.0,1.7652221528276169,0.1459547282685443,75000.0,-2.1488248530503573,0.11295955731975997,38
2026-09-17 16:30:00.017133,76641.02,212627584.37627375,152221716.26099694,0.16556388626692664,78000.0,1.773175774539526,0.14629661437426467,75000.0,-2.1411771398658352,0.11214544690460154,38
2026-09-17 16:39:59.984613,76560.71,201258517.2574729,154811714.56325677,0.13044281308413522,78000.0,1.8799329316564473,0.14444009038121342,75000.0,-2.038526027253418,0.11490738179463798,38
2026-09-17 16:50:00.020937,76557.54,204281395.48904026,155419815.22645628,0.1358393544614192,78000.0,1.8841514500074208,0.1434764774849204,75000.0,-2.0344697596082595,0.11492782369530131,38
2026-09-17 17:00:00.011431,76692.21,216404795.1641969,149316475.45077842,0.18344112061244544,78000.0,1.7052449003621017,0.14803132363506555,75000.0,-2.2064952881133637,0.1109133952694264,39
2026-09-17 17:09:59.967137,76817.47,228757981.47982782,144661852.54772374,0.22520530852653994,78000.0,1.5394024302024079,0.1563973661863519,75000.0,-2.3659592017284625,0.10672002441452687,39
2026-09-17 17:20:00.008700,76783.79,226041537.70022982,147538618.75659668,0.2101367473266891,78000.0,1.5839410896492767,0.15586879748441668,75000.0,-2.3231335676449305,0.10706868291044022,39
2026-09-17 17:29:59.989786,76861.35,231690315.70900267,134781889.4365582,0.2644359515176682,78000.0,1.4814337765339802,0.15687056632008523,75000.0,-2.421698291794261,0.10627479805114619,39
2026-09-17 17:39:59.988844,76728.68,222928724.5368159,149827300.1650632,0.19611064483858412,78000.0,1.656903259641651,0.15383229452051672,75000.0,-2.2529776349599517,0.10955265145544647,39
2026-09-17 17:49:59.993619,76572.3,208157080.69302744,156482259.6541101,0.14171488186031372,78000.0,1.864512362825721,0.1424748457130294,75000.0,-2.0533534972829615,0.11285098606050688,38
2026-09-17 18:00:00.016427,76607.46,211726193.2003845,153739241.49610808,0.1586660356879789,78000.0,1.8177603068943782,0.14463837783970698,75000.0,-2.0983073972169364,0.11267309271897422,38
2026-09-17 18:10:00.040557,76591.33,210415048.27974093,154899083.41069937,0.15196774516263348,78000.0,1.8392029489499695,0.1444152883509739,75000.0,-2.077689472163502,0.11271184810219331,38
2026-09-17 18:20:00.006999,76711.33,223057300.80998522,151301027.8386094,0.19167804608598016,78000.0,1.679895264493525,0.15539350961783852,75000.0,-2.230869937987001,0.10905854183609466,39
2026-09-17 18:30:00.039640,76681.25,221284158.287909,152756004.34237698,0.18321068375020355,78000.0,1.7197815632896019,0.15421590464828172,75000.0,-2.192517727606158,0.10959869714687279,39
2026-09-17 18:40:00.011362,76409.21,207825327.41938567,152870468.4655305,0.1523579137345673,78000.0,2.0819348871687016,0.13808461421949977,75000.0,-1.8442933777224058,0.12584695737538068,38
2026-09-17 18:49:59.981249,76596.34,216572417.43195468,155787312.49985257,0.16324296116348053,78000.0,1.8325418681884864,0.1516404469971498,75000.0,-2.084094357511068,0.10978786860970834,38
2026-09-17 19:00:00.034471,76509.17,200219638.23389745,165918635.97927904,0.09368319203538757,78000.0,1.9485638126776283,0.1397049416055794,75000.0,-1.9725347955022898,0.12223546691196642,38
2026-09-17 19:10:00.008106,76502.93,199685579.53518382,165552350.42292175,0.09345477649645344,78000.0,1.9568792986098815,0.1389407655783232,75000.0,-1.964539135952037,0.12117599196528941,38
2026-09-17 19:20:00.008437,76493.07,219054092.10174996,147073808.9126841,0.19659873773517228,78000.0,1.9700215980349434,0.13967340665597083,75000.0,-1.9519023095817767,0.12094261754922507,38
2026-09-17 19:30:00.027530,76526.08,206255106.89839375,164814120.77574664,0.11167993202346352,78000.0,1.926036195764902,0.14873988663428145,75000.0,-1.994195965610679,0.11899293324410674,38
2026-09-17 19:40:00.009717,76481.55,215696351.8345443,146790446.96325228,0.19009217742500276,78000.0,1.9853807879155028,0.13918517051108723,75000.0,-1.937133857773543,0.12117437578125091,38
2026-09-17 19:50:00.006412,76497.65,226492036.34177926,146363212.19349623,0.2149059841937618,78000.0,1.9639165386126312,0.14687937781113541,75000.0,-1.9577725590263162,0.11902670726664275,38
2026-09-17 20:00:00.003930,76534.6,207985666.0531093,165623080.57734856,0.11338756348138233,78000.0,1.914689565242389,0.14674844839196988,75000.0,-2.0051061872669473,0.1176689933203502,38
2026-09-17 20:09:59.974241,76553.14,214447480.34291098,162166180.97078535,0.13881944481185052,78000.0,1.89000738571925,0.1453107611348744,75000.0,-2.028839052193021,0.11668607795251064,38
2026-09-17 20:19:59.960912,76560.05,214484789.16027153,162504531.6570278,0.1378825728817792,78000.0,1.8808112063667615,0.14522540575151213,75000.0,-2.0376815323396524,0.11661753667697887,38
2026-09-17 20:29:59.996635,76646.85,222248566.81484842,159184411.99657837,0.16533482504523497,78000.0,1.7654345873313604,0.14631726369782375,75000.0,-2.148620589104455,0.11455549535290445,38
2026-09-17 20:40:00.018672,76550.55,213808060.92833763,164167761.94851777,0.13133194235016638,78000.0,1.8934547171770788,0.14422039185740845,75000.0,-2.0255243104066567,0.11783021312733682,38
2026-09-17 20:49:59.876298,76463.57,218216364.25371435,148719363.9742385,0.18939829221618332,78000.0,2.0093621053790534,0.13588206518128154,75000.0,-1.9140748986739786,0.12154414322177856,38
2026-09-17 20:59:59.982334,76505.79,205145565.24951258,166615776.34923026,0.10364119285396031,78000.0,1.9530678658438827,0.14728294953513293,75000.0,-1.9682039751501068,0.12035433040562439,38
2026-09-17 21:10:00.040173,76447.22,222701030.95210034,150289919.1462918,0.1941363772678856,78000.0,2.0311791586404393,0.14326641294944173,75000.0,-1.8930969628457417,0.12013346966600047,38
2026-09-17 21:19:59.996511,76459.69,225581564.68993294,146490008.5388675,0.2125708112144035,78000.0,2.014538641210817,0.1443954387958508,75000.0,-1.9090974603742206,0.11901491833678735,38
2026-09-17 21:30:00.036659,76496.44,227995840.1661753,145020297.0263568,0.22244491555868195,78000.0,1.9655293762690151,0.14484978723854436,75000.0,-1.9562217535874948,0.1179704171312132,38
2026-09-17 21:40:00.008846,76516.8,206256199.11505094,168540205.40674955,0.10063061772543658,78000.0,1.9383978420425274,0.146456307019528,75000.0,-1.9823097672667989,0.11841817861949054,38
2026-09-17 21:49:59.994230,76423.6,220311196.43343902,149910232.71051693,0.1901590728708131,78000.0,2.0627136120255907,0.14299140713504366,75000.0,-1.8627753730523056,0.12073089768373532,38
2026-09-17 22:00:00.004101,76353.31,207692575.99969178,157347522.70157096,0.1379165014398093,78000.0,2.1566714003623533,0.13403783693317245,75000.0,-1.7724313458054364,0.12325521676279315,38
2026-09-17 22:10:00.109738,76306.67,204175289.98749357,158704483.1061667,0.12530543241270917,78000.0,2.219111383054728,0.13258012820697676,75000.0,-1.7123929009089212,0.12489354631414458,38
2026-09-17 22:20:00.018446,76216.62,196588838.24643648,161355208.5956131,0.09843334443377674,78000.0,2.339883348277594,0.1336520894932185,75000.0,-1.596266011271552,0.12739965441552023,39
2026-09-17 22:30:00.035259,76206.72,195217037.06109366,161353306.94491494,0.09497068582800615,78000.0,2.3531783023859276,0.1339881446861163,75000.0,-1.5834824015519944,0.12778046486600358,39
2026-09-17 22:40:00.016820,76376.39,210641850.0022277,149858603.9367927,0.16860795985493165,78000.0,2.125800918320442,0.1362350658633718,75000.0,-1.8021145016149598,0.1215786090249993,38
2026-09-17 22:50:00.058722,76357.02,208377599.89990112,151534984.9453993,0.15793450228736572,78000.0,2.1517078586880345,0.13441051583819918,75000.0,-1.7772039820307395,0.12295347072806559,38
2026-09-17 22:59:59.970650,76365.84,209291580.74001577,150641523.01472142,0.16294710631912093,78000.0,2.1399096768921932,0.13442637688050757,75000.0,-1.7885483876036723,0.1216924629171519,38
2026-09-17 23:10:00.011870,76407.45,217415805.75795043,149092540.00132468,0.18641667112677668,78000.0,2.0842862836019327,0.14298661244471378,75000.0,-1.8420324196135263,0.11889697549766338,38
2026-09-17 23:19:59.993196,76430.41,213281298.43921575,147286613.12700403,0.18302983486674332,78000.0,2.0536197568480796,0.14477847357016754,75000.0,-1.871519464569149,0.11906098339819149,38
2026-09-17 23:30:00.017566,76423.97,219654741.01293337,145808938.51554045,0.2020605784757319,78000.0,2.0622194842796038,0.1433655028505422,75000.0,-1.8632504958849938,0.1178990034488041,38
2026-09-17 23:40:00.010503,76364.26,209253063.1135351,150248136.27076447,0.1641299860579757,78000.0,2.1420229830027893,0.13357173063514985,75000.0,-1.7865163624973146,0.12051470661741408,38
2026-09-17 23:50:00.034586,76385.61,211401574.7340433,147502943.61586514,0.17803796790287596,78000.0,2.113473990716308,0.13377111082964374,75000.0,-1.8139673166189252,0.12069459681970837,38
2026-09-18 00:00:00.018815,76355.27,208615828.9502055,150818337.67873424,0.16080132785801146,78000.0,2.1540490918308564,0.13254747046563667,75000.0,-1.7749527963164868,0.12021965449060401,38
2026-09-18 00:09:59.978758,76381.92,211194514.66784292,147355148.1694802,0.17804888168958383,78000.0,2.1184070785337683,0.13497491568574255,75000.0,-1.809223962948292,0.11924091367033099,38
2026-09-18 00:19:59.988712,76293.9,199993543.71922988,153601511.0009485,0.1312010224662058,78000.0,2.2362207201362283,0.13203071409325534,75000.0,-1.6959416152536377,0.1230333343922777,38
2026-09-18 00:30:00.007213,76321.79,202968184.32364464,150255928.644064,0.1492317589439301,78000.0,2.198860901978339,0.13310756576181265,75000.0,-1.7318645173285296,0.1217049117089633,38
2026-09-18 00:39:59.993049,76310.06,200846707.75286418,150988427.7974447,0.14170921240550818,78000.0,2.214570398712823,0.13176401771321242,75000.0,-1.7167592320068925,0.12225395655044298,38
2026-09-18 00:50:00.022611,76371.35,207614061.72031337,148094359.27718103,0.16732722344954434,78000.0,2.132540540398975,0.13359420051171542,75000.0,-1.7956340957702155,0.11988696015903168,38
2026-09-18 01:00:00.009390,76529.69,205144088.61958393,165733608.34859765,0.10626273996294633,78000.0,1.9212282187475171,0.14425359123099582,75000.0,-1.998819020435083,0.11289849919402703,38
2026-09-18 01:09:59.990522,76590.18,214846224.80120853,160068586.3081377,0.14610689380605604,78000.0,1.8407320625176915,0.14445138413138853,75000.0,-2.0762191706560684,0.11091928768897773,38
2026-09-18 01:20:00.006862,76523.05,203300579.39160115,163816362.1290583,0.10755215245309205,78000.0,1.9300720501861823,0.14336052592123244,75000.0,-1.9903153363594384,0.11247908280881184,38
2026-09-18 01:29:59.982719,76532.86,202101827.21571267,163919223.3699816,0.10431805434313844,78000.0,1.9170066295706167,0.14369785243557118,75000.0,-2.002878240797479,0.11274220946926586,38
2026-09-18 01:40:00.010688,76566.38,211142688.70349592,160846489.16611013,0.13520877092563216,78000.0,1.8723883772485905,0.14420664092326363,75000.0,-2.0457804064917373,0.11148972481043244,38
2026-09-18 01:50:00.003179,76687.92,225074581.305135,154527836.55003127,0.18584377084241907,78000.0,1.710934394882524,0.14641811841593808,75000.0,-2.2010246203052586,0.10880387560661828,39
2026-09-18 01:59:59.999411,76669.69,223648391.11914688,155463318.93245894,0.17985483006422143,78000.0,1.7351185324996132,0.1454322832885576,75000.0,-2.1777706418273035,0.10879623197500132,39
2026-09-18 02:10:00.058475,76605.6,214895068.80323628,158955196.26041025,0.149631758408149,78000.0,1.8202324634230216,0.14371341219243997,75000.0,-2.0959303236317006,0.10983867540672793,38
2026-09-18 02:20:00.010711,76675.94,222674926.64170736,156099573.89489844,0.17576513902729016,78000.0,1.7268259117527496,0.14574212774044615,75000.0,-2.185744315622351,0.1089383770317052,39
2026-09-18 02:30:00.015890,76860.97,244214104.75065964,129494310.30005577,0.30697674933285996,78000.0,1.4819354999032752,0.15148340127213017,75000.0,-2.421215865477633,0.09539334799565942,39
2026-09-18 02:40:00.011625,76927.88,248449958.4363586,125688653.10891703,0.32811717780319466,78000.0,1.3936689793089263,0.15372576464930562,75000.0,-2.5060875198952615,0.09298598000636413,39
2026-09-18 02:50:00.045176,76878.55,242780759.48847103,127815390.66697016,0.3102173856184969,78000.0,1.4587293855047978,0.15092105555644297,75000.0,-2.4435294370146243,0.09399099648659452,39
2026-09-18 03:00:00.030826,76914.68,245174748.70681763,125343695.57173698,0.3234145424754942,78000.0,1.4110700324047487,0.15235324690131366,75000.0,-2.489355738072363,0.09367071244288845,39
2026-09-18 03:10:00.014881,76980.02,248693408.42930758,122120068.09696165,0.3413396447132072,78000.0,1.3249931605629595,0.154905545994451,75000.0,-2.5721219609971535,0.09334001321693344,39
2026-09-18 03:20:00.025541,77365.55,232033688.25100628,161539827.29782367,0.17911230854769386,78000.0,0.8200678467354061,0.1807357064740126,77000.0,-0.4724971256586441,0.10528459464565605,39
2026-09-18 03:30:00.026078,77359.28,231854427.85470468,161536924.2906494,0.17874694799613608,78000.0,0.828239352796456,0.17990128480683557,77000.0,-0.46443038249580626,0.10683755324623441,39
2026-09-18 03:40:00.016598,77259.98,223417851.4540137,171228836.59672064,0.13224237384347146,78000.0,0.9578309494773452,0.16992418162607134,77000.0,-0.336500216541602,0.11679133681043642,39
2026-09-18 03:50:00.012780,77345.99,230816929.04885837,163672840.06397092,0.17020489311012613,78000.0,0.8455641979629336,0.17825729520791686,77000.0,-0.44732765072889036,0.11034098261975074,39
2026-09-18 04:00:00.016363,77312.79,227893604.24548966,166393498.96284682,0.15597797843807978,78000.0,0.8888697458725892,0.17491436878395383,77000.0,-0.40457730215142096,0.11342370511546011,39
2026-09-18 04:09:59.938789,77172.6,216542413.16991922,180286325.89942572,0.0913645704076837,78000.0,1.072142185179703,0.16228253847928004,77000.0,-0.22365450950208032,0.13027635834406026,39
2026-09-18 04:19:59.977607,77271.28,222989361.10239816,171262567.78992224,0.13120238487559496,78000.0,0.9430670748562742,0.17010971158251764,77000.0,-0.35107481071880997,0.12245977110408364,39
2026-09-18 04:30:00.005034,77204.12,217452236.49236822,178079238.43103376,0.09954453831761272,78000.0,1.0308776267380582,0.1629566260647124,77000.0,-0.2643900351431916,0.1317103050581431,39
2026-09-18 04:40:00.014198,77249.04,221095559.7619521,174390816.91112566,0.11809444169409189,78000.0,0.9721285856756356,0.1649729200815821,77000.0,-0.3223858833714899,0.1284392554695328,39
2026-09-18 04:50:00.006297,77275.34,222051326.70313364,172006458.15999305,0.1269988069402647,78000.0,0.9377635866758993,0.16875277462359933,77000.0,-0.35631030546096065,0.12766536756651847,39
2026-09-18 05:00:00.012570,77496.21,245412212.02901554,142379845.81091836,0.2656897276133105,78000.0,0.6500834040787273,0.19238750058466106,77000.0,-0.6403022805889558,0.08589056801303196,39
2026-09-18 05:10:00.015274,77420.73,234656350.92915654,154546709.68853897,0.20582993646935188,78000.0,0.7482104599117134,0.18077277012417514,77000.0,-0.5434332639333128,0.10315938918175825,39
2026-09-18 05:20:00.009576,77470.76,240090232.35188878,145316853.00239134,0.24590461086717783,78000.0,0.6831480677355062,0.18811802530352906,77000.0,-0.6076615228764903,0.09148347647548484,39
2026-09-18 05:30:00.030514,77539.94,224919934.8166551,157479872.7019301,0.1763600838409086,78000.0,0.593320036100109,0.20245376710024487,75000.0,-3.275653811442214,0.0889908784772992,38
2026-09-18 05:39:59.970345,77579.37,230896044.21872196,148840700.78653967,0.21608481273268754,78000.0,0.5421931113903211,0.2084369796654619,75000.0,-3.3248143159708476,0.08114141056876938,38
2026-09-18 05:50:00.009492,77448.21,235621803.7134229,146466343.22302473,0.2333374149531713,78000.0,0.7124632060573122,0.18204118055707028,77000.0,-0.5787222196613762,0.09364993599407079,39
2026-09-18 06:00:00.005900,77430.38,233412936.45590317,148719156.972805,0.2216348245528844,78000.0,0.735654403349173,0.17916579918780254,77000.0,-0.555828345411713,0.09805122544121678,39
2026-09-18 06:10:00.010578,77444.95,233586074.47759706,145903182.5404272,0.2310550043660531,78000.0,0.7167026384548025,0.1810701541943897,77000.0,-0.5745371389612841,0.0941958864613081,39
2026-09-18 06:20:00.010379,77470.08,236532702.41629297,139618530.8930341,0.2576468264389864,78000.0,0.6840318223499953,0.18515653289753736,75000.0,-3.1884309400480815,0.08772501314602615,39
2026-09-18 06:29:59.984536,77468.5,238971252.6224092,137996007.2339608,0.26786210936971405,78000.0,0.6860853120945976,0.18318052620420883,75000.0,-3.186456430678275,0.08759171253316048,39
2026-09-18 06:40:00.009219,77502.5,215781004.1815235,157509412.405891,0.15610256568691436,78000.0,0.641914776942687,0.18837024724942922,75000.0,-3.2289280990935754,0.08823750668591444,38
2026-09-18 06:50:00.054729,77440.37,234277968.6712275,136277215.2540374,0.2644700645638661,78000.0,0.7226592538233101,0.17613004610877028,75000.0,-3.151289179016059,0.08950608971769411,39
2026-09-18 07:00:00.029849,77535.92,213713849.13842478,153698161.74803945,0.16334710246838138,78000.0,0.5985354916792085,0.18615335073517528,75000.0,-3.2706389503084465,0.08927601114310645,38
2026-09-18 07:10:00.015131,77558.53,222936327.14024922,145021258.6355565,0.21175013511520838,78000.0,0.5692088284808827,0.1939885176912052,75000.0,-3.298837664922216,0.0830357353962863,38
2026-09-18 07:20:00.012417,77673.89,239105779.41794533,131920806.5806619,0.28888758078830984,78000.0,0.4198450727779912,0.21934622849620924,75000.0,-3.442456660790394,0.0818138982856528,38
2026-09-18 07:29:59.971480,77726.29,249892281.4355725,123742970.44920623,0.3376268977566069,78000.0,0.3521459727461762,0.23404582738104857,75000.0,-3.507551949282528,0.08140055357126545,38
2026-09-18 07:40:00.010756,77707.07,231285867.32473993,124337186.90458447,0.300736071939783,78000.0,0.37696698640161674,0.21274861938289585,75000.0,-3.483685589998453,0.0853250149202004,38
2026-09-18 07:50:00.042250,77684.44,212996590.52776685,115244816.61576201,0.2978045176039027,78000.0,0.40620747217847697,0.18931840514282933,75000.0,-3.455569738289932,0.09044664764128887,38
2026-09-18 08:00:00.010464,77736.13,206060492.99201217,108726863.68036073,0.3092043795550377,78000.0,0.3394431907016715,0.1777147392733912,75000.0,-3.5197661627868637,0.09312491460159208,37
2026-09-18 08:09:59.964578,77618.21,205359116.89624923,112105987.99814701,0.2937429262631009,78000.0,0.491881995217347,0.1725689837737885,75000.0,-3.373190389214087,0.09002376183458567,38
2026-09-18 08:20:00.064316,77799.64,218893122.11342224,109759126.82165155,0.3320652624328472,78000.0,0.2575333253470147,0.18640179091843972,75000.0,-3.598525648704798,0.08914061748895302,38
2026-09-18 08:30:00.010889,77882.59,223058637.3670037,109566034.26844913,0.3412032022174808,78000.0,0.15075256228638256,0.19085074011129008,75000.0,-3.70119945934001,0.08891585484774293,38
2026-09-18 08:39:59.996547,77857.85,223685952.94504657,110724141.77656496,0.33779426204977353,78000.0,0.1825763233893385,0.1901748547939359,75000.0,-3.6705996890487036,0.08853345767182005,38
2026-09-18 08:50:00.008371,77919.15,224919706.21497372,97501668.79467459,0.3951910366255531,78000.0,0.10376139883456759,0.18956219454282203,75000.0,-3.746383270351372,0.08822436807768053,38
2026-09-18 09:00:00.009483,78197.72,193595802.43867633,174426376.72430897,0.052087691448285865,80000.0,2.30477308034045,0.15658368453847143,78000.0,-0.2528462466680592,0.17915357975434046,38
2026-09-18 09:09:59.978921,78359.09,187499273.8428009,170446980.43725425,0.04763925645721387,80000.0,2.0940901687347413,0.14512495227129282,78000.0,-0.45826208548362946,0.17056796877358413,39
2026-09-18 09:20:00.009187,78268.93,186355224.2761027,170341365.04998088,0.044894904255679116,80000.0,2.2116949854814827,0.14436825615445228,78000.0,-0.3435973891555588,0.17007592621103862,38
2026-09-18 09:30:00.016415,78097.15,180985458.56512782,173976420.3164542,0.019745890096023202,80000.0,2.436516569426672,0.14516025139757646,78000.0,-0.12439634480898576,0.17539291499524756,38
2026-09-18 09:39:59.967300,77956.8,217080551.7096128,98976001.4159312,0.3736817007137584,78000.0,0.05541530693922159,0.17409613074247415,75000.0,-3.792869897173823,0.08915305746169383,38
2026-09-18 09:49:59.999488,78036.26,135841267.45394203,174937723.56218088,-0.12580147705740688,80000.0,2.516445560051195,0.14485398736790578,78000.0,-0.04646557895008341,0.17620809891763842,38
2026-09-18 10:00:00.045105,78148.32,181918919.30149713,174373889.65138716,0.02117648591416764,80000.0,2.3694431307032415,0.14598688652176056,78000.0,-0.18979294756433784,0.17653298013122232,38
2026-09-18 10:10:00.042240,78084.57,136371805.97227255,174795629.16254294,-0.1234827904585292,80000.0,2.4530198475831932,0.14535879148848802,78000.0,-0.10830564860638825,0.17628838910886466,38
2026-09-18 10:20:00.013320,78147.33,181852812.611198,173870468.27251264,0.022439758001936535,80000.0,2.370739985614345,0.1466603219844529,78000.0,-0.18852851402600956,0.17564364384610545,38
2026-09-18 10:30:00.012555,78211.59,185875274.68628186,173288643.31216645,0.03504425345468524,80000.0,2.286630408613366,0.14692123951971017,78000.0,-0.27053535160197484,0.17438048061046185,38
2026-09-18 10:40:00.014599,78189.17,185115614.43469965,174520166.1975404,0.029461607570115643,80000.0,2.315960125935601,0.14581791237291633,78000.0,-0.2419388772127884,0.17569137554881542,38
2026-09-18 10:50:00.037682,78284.58,186840547.49825555,172036357.02410746,0.04125144384493427,80000.0,2.191261676309697,0.1456546529835514,78000.0,-0.36351986559804983,0.17277492825706814,38
2026-09-18 10:59:59.999629,78225.33,186301805.06011456,173707018.2136466,0.03498466157561514,80000.0,2.2686641270800667,0.14623563154876154,78000.0,-0.28805247609693385,0.17508145247252538,38
2026-09-18 11:10:00.010266,78128.76,181711031.99495128,175061283.07620618,0.018638634887964394,80000.0,2.3950719299781653,0.14577345915491435,78000.0,-0.16480486827129548,0.1782083223301835,38
2026-09-18 11:19:59.967194,78062.65,138836174.11586538,178195699.04486594,-0.1241500563857999,80000.0,2.481788665898499,0.14289076614796192,78000.0,-0.08025605074897246,0.17633606945508565,38
2026-09-18 11:30:00.012437,77985.24,222616285.577517,98670131.7878241,0.38578087055809557,78000.0,0.01892665842919694,0.17774806662598744,75000.0,-3.82795513612576,0.08955523854061498,38
2026-09-18 11:40:00.005990,78065.23,139239644.8979998,179250253.27241683,-0.12562598878099512,80000.0,2.478401716103318,0.14211210880961359,78000.0,-0.08355832679926012,0.17826009726293426,38
2026-09-18 11:50:00.010377,77979.97,223672243.56536058,101567833.42234603,0.375428548885843,78000.0,0.0256860832339445,0.17693928928568783,75000.0,-3.821455689198139,0.08850430468994391,38
2026-09-18 12:00:00.010023,77995.34,224663121.5914067,101261494.22528109,0.378620151340552,78000.0,0.005974715925338714,0.1777819215255595,75000.0,-3.840408926994865,0.08837409375734079,38
2026-09-18 12:10:00.011496,77947.4,223011648.94215244,101788133.7245886,0.3732253581645544,78000.0,0.06748140412637937,0.17705787571704268,75000.0,-3.7812678806477096,0.08855701530352662,38
2026-09-18 12:20:00.037500,77941.71,227688240.2025151,102384774.07433628,0.3796234793768373,78000.0,0.07478665787548078,0.1843561986636929,75000.0,-3.7742435981966582,0.08776612669783877,38
2026-09-18 12:30:00.005419,77954.48,228098664.92030516,102034509.28078566,0.3818584907275367,78000.0,0.05839305194519362,0.18414519345276553,75000.0,-3.7900066808219335,0.08759165173929555,38
2026-09-18 12:39:59.999601,78104.1,191524682.76417416,182181112.1776254,0.025002477117069943,80000.0,2.427401378416749,0.1482242706682592,78000.0,-0.1332836560436701,0.17384151154072755,38
2026-09-18 12:50:00.007597,78026.15,138272413.98297578,188263222.4520641,-0.15309449533552932,80000.0,2.5297288152754005,0.1389135014273601,78000.0,-0.03351440510648285,0.1867241722540054,38
2026-09-18 13:00:00.013099,77983.01,227658007.37852418,102154636.38478932,0.3805292894829132,78000.0,0.021786796893330518,0.18428737627304223,75000.0,-3.8252050029871865,0.08755582099952096,38
2026-09-18 13:09:59.932264,77973.78,227433091.88885248,102301301.43260391,0.3794926856000072,78000.0,0.03362668835600324,0.18429438264742062,75000.0,-3.8138204919653695,0.0875644783282514,38
2026-09-18 13:20:00.000424,78036.7,144751338.48520404,187252270.82313496,-0.12801346475260567,80000.0,2.515867534121763,0.14893071924950868,78000.0,-0.04702915423127063,0.1818167645249953,38
2026-09-18 13:30:00.030804,78117.02,194681048.09897465,188615820.0569933,0.01582383928979385,80000.0,2.4104606140889606,0.14998675055476746,78000.0,-0.14980090126326395,0.18186712200472227,38
2026-09-18 13:39:59.993071,78902.98,215516054.2476291,168431545.77910727,0.1226326417074702,80000.0,1.3903403901855294,0.16817104705376054,78000.0,-1.1444181195691128,0.15296155910703838,38
2026-09-18 13:49:59.999042,79941.21,202064416.13395572,140136590.9841107,0.18096914930609373,80000.0,0.07354154384202616,0.17666165514765278,78000.0,-2.428296994754031,0.1223796623446565,39
2026-09-18 14:00:00.048686,80033.87,141123004.0591355,203180189.62926513,-0.18023993592778662,82000.0,2.456622427479771,0.1315681837090199,80000.0,-0.042319582946559464,0.18084175889803483,39
2026-09-18 14:09:59.994389,80192.96,142319529.43856835,203810869.88335103,-0.17765368359799139,82000.0,2.253364883900022,0.13078256950902584,80000.0,-0.24061962546338966,0.18180294748852838,39
2026-09-18 14:20:00.011622,80602.9,146924584.22144422,191052595.76132217,-0.1305650622391963,82000.0,1.7333123249907878,0.13533072721772993,80000.0,-0.7479879756187358,0.18602457033205955,39
2026-09-18 14:29:59.997665,80667.09,150057183.96796265,189551338.09900784,-0.11629317748173877,82000.0,1.6523590971237567,0.1334047314875155,80000.0,-0.8269667345134124,0.17939444622882453,39
2026-09-18 14:40:00.011355,80599.35,150164252.51022854,190741031.94292712,-0.11902654867256626,82000.0,1.737793170788593,0.13234248590498476,80000.0,-0.7436164187428429,0.18128231380826457,39
2026-09-18 14:50:00.046243,80824.26,155218352.91197422,178226294.0724311,-0.0690007812946924,82000.0,1.4546869962063447,0.1365349010839196,80000.0,-1.0198175646767393,0.16896790821681765,39
2026-09-18 14:59:59.987487,80904.36,156013604.80411255,176913959.33151156,-0.06277748308903874,82000.0,1.354240982809829,0.1370279035102358,80000.0,-1.1178136753074885,0.16752532949900964,39
2026-09-18 15:10:00.013047,80561.06,151096822.85975164,191375000.4829706,-0.1176101941178131,82000.0,1.7861482954668162,0.13139201202508952,80000.0,-0.6964406873494422,0.17968612975468545,39
2026-09-18 15:19:59.989080,80860.04,156515778.17996162,177950372.7138532,-0.06408599039577123,82000.0,1.4097940095008754,0.1359872915045195,80000.0,-1.0636156004869557,0.16673091447325006,39
2026-09-18 15:29:59.994949,80922.64,158608550.60270426,181760024.39642367,-0.06801883456420361,82000.0,1.3313455912955963,0.1358196171120389,80000.0,-1.140150642638449,0.17462233418079756,39
2026-09-18 15:40:00.006789,80737.08,162817974.22116065,189363685.868038,-0.07537505399955806,82000.0,1.5642378941621349,0.1412220086869429,80000.0,-0.9129386398418204,0.17617513562711826,39
2026-09-18 15:50:00.029077,80649.98,162333653.76570854,191130539.12910503,-0.08147044578279555,82000.0,1.6739247796465628,0.14033543442227417,80000.0,-0.8059270442472455,0.17902497957576852,39
2026-09-18 16:00:00.005619,80695.24,163981107.6013071,191541904.8276078,-0.07752183758234599,82000.0,1.6168983449333485,0.14247865492105505,80000.0,-0.8615625903089286,0.18046166385371007,39
2026-09-18 16:10:00.017321,80785.63,166137932.43102196,189087990.78172088,-0.06460693561757389,82000.0,1.5032005073179366,0.14206909155799977,80000.0,-0.9724873099337117,0.17847794875850553,39
2026-09-18 16:19:59.993685,80943.63,172831287.22634205,184972101.18570918,-0.03393152315647051,82000.0,1.30506872498799,0.14178257456583404,80000.0,-1.165786609767816,0.17159202004059407,39
2026-09-18 16:30:00.006454,81026.26,171854867.30278504,228738926.7275239,-0.14199935264208063,82000.0,1.201758540996467,0.14420018619530323,80000.0,-1.2665770331741766,0.17039836996066013,39
2026-09-18 16:40:00.024327,80983.71,219407025.5392776,181470184.68408895,0.09463456611577013,82000.0,1.2549313929924866,0.14217964413337672,80000.0,-1.21470108000733,0.17047898070881348,39
2026-09-18 16:50:00.004473,80827.22,168356166.41118515,187864018.32825416,-0.054763465835991926,82000.0,1.4509715910060894,0.13962319368203538,80000.0,-1.0234423502379575,0.1741316387944112,39
2026-09-18 17:00:00.008691,80825.59,168234203.33841592,187553189.83324945,-0.05429924405869049,82000.0,1.4530175406081147,0.14173316855513823,80000.0,-1.021446301845741,0.1766382453916509,39
2026-09-18 17:09:59.993235,80774.17,168279106.2234255,190190091.7126528,-0.061123760745363756,82000.0,1.517601480770403,0.14036812192465214,80000.0,-0.9584375797361933,0.17931982405642197,39
2026-09-18 17:20:00.011503,80794.34,171583089.27220103,189570758.7638972,-0.049806113348952234,82000.0,1.4922579972804995,0.13984833296182214,80000.0,-0.9831629294824284,0.17771872690358442,39
2026-09-18 17:30:00.006682,80726.63,171575057.97978547,191808774.8258969,-0.05568138981276939,82000.0,1.5773853064348087,0.13909784931039199,80000.0,-0.9001118961611598,0.18113731582109313,39
2026-09-18 17:40:00.005252,80658.31,166592747.13729194,194071268.31762475,-0.07618869641229192,82000.0,1.6634243886339828,0.139798611729087,80000.0,-0.8161713281619631,0.18303993291710632,40
2026-09-18 17:50:00.005831,80826.05,172768087.2261197,188046856.33080488,-0.0423451671764662,82000.0,1.452440147699896,0.1402943704518064,80000.0,-1.0220096120000965,0.1745360782364289,41
2026-09-18 18:00:00.055783,80994.21,226208126.96809125,183707912.1462684,0.1036802924658579,82000.0,1.241804815430636,0.14092910889440757,80000.0,-1.2275074971408562,0.16874477948377467,41
2026-09-18 18:09:59.984399,80901.39,174635079.45915955,186012706.334759,-0.03154775191688228,82000.0,1.357961834771948,0.13916243196223685,80000.0,-1.1141835758322616,0.17084885082639656,42
2026-09-18 18:20:00.000678,80889.81,174951768.24052343,186698116.94890523,-0.032479890605327244,82000.0,1.372472008526171,0.1406283443455017,80000.0,-1.1000273087549584,0.17095180836298102,42
2026-09-18 18:30:00.050669,80970.46,229893430.4933101,183482178.41547436,0.11227380396330267,82000.0,1.2715007423695024,0.1417901522845148,80000.0,-1.198535861102934,0.16733332839143766,42
2026-09-18 18:40:00.008335,81095.78,183808035.5622197,217490631.79719415,-0.08393398477151534,82000.0,1.1150025315743939,0.14405212309668414,80000.0,-1.3512170423664482,0.16368186446171293,42
2026-09-18 18:49:59.985045,81013.95,175551390.0737889,235229538.93158668,-0.14527974558676945,82000.0,1.21713606113516,0.1428001502828492,80000.0,-1.25157457450229,0.16717189725634374,42
2026-09-18 19:00:00.017499,80918.12,175648290.26064283,185292132.2779258,-0.026718653315291836,82000.0,1.337005852335671,0.14089921781064904,80000.0,-1.1346284367456771,0.16971464356079397,42
2026-09-18 19:10:00.004938,81069.02,183718558.93981805,219614918.78631687,-0.08899920742724113,82000.0,1.1483794919440182,0.14317949748070774,80000.0,-1.31865415420096,0.16385821533547476,42
2026-09-18 19:19:59.984641,81197.48,186443064.13954684,217111733.45755026,-0.07599629468071036,82000.0,0.9883557962636402,0.14573321157028632,80000.0,-1.474774832913528,0.16319582050089165,42
2026-09-18 19:29:59.993176,81239.05,187147875.54722938,211135513.72698444,-0.06022756365377777,82000.0,0.936680081807939,0.14792666370870983,80000.0,-1.525190164089807,0.15323344022791835,42
2026-09-18 19:40:00.007479,81058.71,184464762.56685692,221891661.36786354,-0.09210362282108059,82000.0,1.161244732367428,0.1421147721731462,80000.0,-1.3061027001293302,0.16508273773999085,42
2026-09-18 19:50:00.006983,81292.08,187993911.36096615,210574888.00406092,-0.05665515383810591,82000.0,0.8708351416275795,0.14876485337871384,80000.0,-1.5894291301194463,0.1524273069649642,41
2026-09-18 20:00:00.012058,81188.13,185207460.00487825,213187112.064935,-0.07023100720145778,82000.0,0.9999860817092365,0.14466328038614493,80000.0,-1.463428212966611,0.15513057298024455,42
2026-09-18 20:10:00.010308,80970.72,231183211.49139288,184611295.29721645,0.11200705019860611,82000.0,1.271175555805848,0.13776251141139814,80000.0,-1.1988531162869798,0.16967280717070468,42
2026-09-18 20:20:00.058623,81191.36,186598482.40942568,219946410.71540505,-0.08202766501297508,82000.0,0.995968043890394,0.14411676168190946,80000.0,-1.467348249863043,0.16191640106880512,42
2026-09-18 20:30:00.004452,81004.91,156768379.89882216,235891231.1613765,-0.20150493973372785,82000.0,1.228431708645794,0.14678120179183657,80000.0,-1.2405544305894578,0.17476898725372295,42
2026-09-18 20:39:59.994061,80991.94,237801777.00584668,182844723.38068503,0.13064902138651258,82000.0,1.2446423681171215,0.14528942566669975,80000.0,-1.2247391530564644,0.16617635877527862,42
2026-09-18 20:49:59.991054,81075.1,188938462.58862668,223697658.20547318,-0.08423691932241407,82000.0,1.140794152581992,0.14667804689042088,80000.0,-1.3260544852858769,0.16284247284707853,42
2026-09-18 21:00:00.009780,81103.02,189432098.94799387,223405655.5813666,-0.08229275607823937,82000.0,1.1059760783260542,0.14730071035864448,80000.0,-1.3600233382184856,0.1625837923048954,42
2026-09-18 21:10:00.001011,81159.02,190100587.2874958,222930316.9614349,-0.0794849231285436,82000.0,1.0362126107486214,0.1480805025991032,80000.0,-1.428085257806222,0.16173025104069136,42
2026-09-18 21:20:00.000695,81105.05,189754301.50251728,223751529.4835348,-0.0822170461295485,82000.0,1.103445469795039,0.14744145262985509,80000.0,-1.362492224590206,0.16236927735037565,42
2026-09-18 21:30:00.007444,81174.21,192173502.67726997,216890513.1316151,-0.060423331065847005,82000.0,1.0173058659887158,0.14967268814155385,80000.0,-1.446530862450035,0.1515036949959535,42
2026-09-18 21:40:00.016855,81233.05,193505503.51296633,213789646.67962712,-0.049802073894249003,82000.0,0.9441354227127885,0.15228367289390723,80000.0,-1.517916660768004,0.1498891526870584,42
2026-09-18 21:50:00.006143,81207.38,193383357.553729,214408845.85603046,-0.051559319002414936,82000.0,0.9760442954815041,0.15182470796796824,80000.0,-1.486786053188771,0.14990086043139952,42
2026-09-18 22:00:00.005135,81221.24,193853895.54882604,220862156.22121185,-0.06512470534263773,82000.0,0.9588132365376367,0.15014424025132642,80000.0,-1.5035968424023105,0.15797673105725604,42
2026-09-18 22:09:59.998993,81329.62,198976411.6503822,211564744.67239705,-0.030662779670541845,82000.0,0.8242753378166601,0.1545111252663472,80000.0,-1.6348533289593625,0.14549243138079168,41
2026-09-18 22:20:00.006861,81318.08,198786308.18920237,217165915.27021503,-0.04418682253493443,82000.0,0.8385834982822971,0.1526607674433072,80000.0,-1.6208941480172712,0.15297657465766876,41
2026-09-18 22:30:00.007774,81247.79,196123468.72923538,222816358.7642699,-0.06371533161393762,82000.0,0.9258221054381899,0.15160686220417777,80000.0,-1.5357833117676134,0.15533091420278672,42
2026-09-18 22:40:00.011114,81172.63,196231695.70690104,224427985.6953786,-0.06702874374478798,82000.0,1.0192721364331803,0.14694098783426085,80000.0,-1.4446125498212892,0.1532390869352604,42
2026-09-18 22:50:00.058799,81111.28,194667733.28586048,227155821.02274087,-0.07701819257137185,82000.0,1.0956799103651216,0.14500613437713591,80000.0,-1.370068380131595,0.1552905656173054,42
2026-09-18 22:59:59.988915,81127.57,195244890.76233438,223315701.2946656,-0.0670651061400174,82000.0,1.0753804162999092,0.14628613322440098,80000.0,-1.3898727645854647,0.1551898057884685,42
2026-09-18 23:10:00.004906,81118.94,194929877.82003406,224120405.48192555,-0.06965877085652118,82000.0,1.0861335219616963,0.14579675584784152,80000.0,-1.3793819297934662,0.15507429672561426,42
2026-09-18 23:20:00.041917,81114.64,194849798.8039155,224327588.92906833,-0.07032294915662338,82000.0,1.0914922386390469,0.14575089586274295,80000.0,-1.3741539135228797,0.1550255185144967,42
2026-09-18 23:30:00.030179,80980.94,251633666.03543508,183568238.18215096,0.15639965540971928,82000.0,1.2583948766215824,0.14295343084836246,80000.0,-1.2113220715887052,0.16215999335864167,42
2026-09-18 23:40:00.013097,80884.91,194460655.7140683,188135231.99331504,0.016532910896290286,82000.0,1.3786131430448378,0.13868896558634933,80000.0,-1.094035958005024,0.16550963869233737,42
2026-09-18 23:49:59.991368,80895.17,197379941.45705357,185851326.39693487,0.030082657724346026,82000.0,1.365755211343278,0.1396942737491693,80000.0,-1.1065802816163206,0.16331223411839213,42
2026-09-19 00:00:00.014490,80878.15,197820719.70633942,186297216.9301311,0.029999908041561104,82000.0,1.3870866235194512,0.13943375231640012,80000.0,-1.0857691477858866,0.1639501834799274,42
2026-09-19 00:10:00.002903,80849.08,196466332.42431173,187644964.70348805,0.02296565549304495,82000.0,1.4235412449962404,0.13816932597403805,80000.0,-1.0502036634183143,0.16548744914856606,42
2026-09-19 00:19:59.990382,81060.82,193947504.2813535,231249731.18514436,-0.08772923197128824,82000.0,1.1586115215710846,0.14306741638154868,80000.0,-1.3086716862721226,0.1544704707235006,42
2026-09-19 00:30:00.006037,81087.51,194493227.67297238,228212416.4466264,-0.07976990428855886,82000.0,1.1253151070985012,0.14436015943357666,80000.0,-1.3411559930746386,0.15532409326586274,42
2026-09-19 00:40:00.029823,81263.26,197553838.83821684,217623856.8387921,-0.048340790484537224,82000.0,0.9066089644939268,0.15046511969128964,80000.0,-1.5545278395181272,0.1534809391407268,41
2026-09-19 00:50:00.007727,81273.87,200380242.82323244,217381329.30069923,-0.04069566856288857,82000.0,0.8934359837915906,0.15011398900919812,80000.0,-1.5673795280081948,0.1536822083062576,41
2026-09-19 01:00:00.012857,81655.8,206972667.9034842,193656064.70798713,0.03323926146957481,82000.0,0.4215254764511567,0.1666519987027474,80000.0,-2.0277800229744902,0.14288121133453394,41
2026-09-19 01:10:00.019426,81391.8,204309996.6861378,209603138.39307362,-0.012788049613170318,82000.0,0.7472497229450648,0.1537248004650988,80000.0,-1.710000270297507,0.14405903757218036,41
2026-09-19 01:20:00.008027,81154.46,196580378.1477723,225978447.50430322,-0.06957154263945382,82000.0,1.0418897494974377,0.1458512105268575,80000.0,-1.422546585856166,0.1556125471509109,42
2026-09-19 01:30:00.018120,81237.93,198800251.0489302,222503114.98867124,-0.05626079886963342,82000.0,0.9380716618456519,0.148674564740719,80000.0,-1.5238325250286344,0.1521782349705616,42
2026-09-19 01:39:59.956104,81122.46,196053102.68415686,227185870.3083213,-0.07355836681117202,82000.0,1.08174727442929,0.14518543709334966,80000.0,-1.3836611956787426,0.15475671171836922,42
2026-09-19 01:50:00.009198,81307.79,203400957.97986436,218239580.87380853,-0.03519259067044738,82000.0,0.8513452401055277,0.15286420068714,80000.0,-1.6084436681897185,0.15044206464577284,41
2026-09-19 01:59:59.996411,81264.42,199555971.72914758,221636461.49480584,-0.052423756990709704,82000.0,0.9051685842340396,0.15120418633295474,80000.0,-1.5559330885521638,0.15368249895993927,41
2026-09-19 02:10:00.028067,81338.52,204196814.83828565,217174605.68462378,-0.030798934655399908,82000.0,0.8132432210470553,0.1537372275921065,80000.0,-1.645616369710201,0.15036785663541913,41
2026-09-19 02:20:00.008437,81331.98,203748696.5324638,218110087.87226573,-0.034043125023618524,82000.0,0.8213497322947294,0.1534639214413918,80000.0,-1.637707578249048,0.15192637039377635,41
2026-09-19 02:29:59.997750,81327.79,203377018.54409662,218241660.52453893,-0.03525612767745162,82000.0,0.826544038636734,0.15293808226434158,80000.0,-1.6326399623056154,0.15165333032519746,41
2026-09-19 02:40:00.000868,81311.54,202688084.58778948,219039215.90653396,-0.03877181130929552,82000.0,0.846694085488986,0.15250039458888742,80000.0,-1.6129813800107473,0.15253813787376883,41
2026-09-19 02:50:00.013609,81291.62,199559594.97370887,220713974.65998113,-0.050334784803884765,82000.0,0.8714059333545077,0.15132843148339528,80000.0,-1.588872260141938,0.1518979033193522,41
2026-09-19 02:59:59.966749,81272.01,198962128.96022967,221259627.15098536,-0.05306126554964585,82000.0,0.8957450418662027,0.1505292712471304,80000.0,-1.5651267884232212,0.1518543586688077,41
2026-09-19 03:10:00.007029,81299.5,199661010.6384549,218769058.91044265,-0.045666049508793195,82000.0,0.8616289153069889,0.15265347309915542,80000.0,-1.5984108143346498,0.15224273554171747,41
2026-09-19 03:20:00.053526,81169.08,195964962.77415994,226821562.19065332,-0.07298387624596468,82000.0,1.0236903017750043,0.1449846116647671,80000.0,-1.4403021446097508,0.15453280352188448,42
2026-09-19 03:30:00.029622,81117.23,194669053.2096945,230997984.63110614,-0.08534588819865034,82000.0,1.0882644784591333,0.1431345418722871,80000.0,-1.3773029478447385,0.1539263549402107,42
2026-09-19 03:40:00.012536,81108.46,194485917.34036902,230304916.37213683,-0.08432149705002757,82000.0,1.0991948312173427,0.14330893735026676,80000.0,-1.3666391890562402,0.15322837315054344,42
2026-09-19 03:50:00.017860,81159.72,195414423.06126225,228094076.64683223,-0.07716410321893093,82000.0,1.0353411766329312,0.14429884383026878,80000.0,-1.428935437431278,0.1524517863451026,42
2026-09-19 04:00:00.014778,81107.3,193826922.48097587,231694066.73136595,-0.08899007383979776,82000.0,1.1006407561341636,0.14208520343259393,80000.0,-1.365228530600826,0.15394495211887177,42
2026-09-19 04:09:59.969024,81159.58,195278125.07837713,227248127.48335117,-0.07566394327250338,82000.0,1.035515462253489,0.14431467958476846,80000.0,-1.4287654026795105,0.1527495954095631,42
2026-09-19 04:19:59.969403,81118.57,194021871.36560518,231822551.15578562,-0.08876640808482507,82000.0,1.0865945984994463,0.14208736602391145,80000.0,-1.378932099024932,0.15208297235080076,42
2026-09-19 04:30:00.010975,81113.11,193880220.3044137,232311901.8869264,-0.09017454706790357,82000.0,1.0933990818500217,0.14198336644608545,80000.0,-1.3722935786829038,0.1510555113378325,42
2026-09-19 04:40:00.011701,80909.5,202104787.63334113,186953397.98845133,0.038943762667979505,82000.0,1.3478021740339408,0.13689101310631033,80000.0,-1.1240954399668768,0.16781170879011323,42
2026-09-19 04:50:00.045467,80959.9,256960732.57389346,184075550.0675794,0.16525892624930336,82000.0,1.2847100848691895,0.1381183134009663,80000.0,-1.1856486976886016,0.16423809057444272,42
2026-09-19 05:00:00.014723,81005.66,184749196.92449388,255961810.07393456,-0.1615857376344009,82000.0,1.2274944738429383,0.1390888557790392,80000.0,-1.2414688060068957,0.16128870457634817,42
2026-09-19 05:10:00.035343,81104.76,194277609.51412773,231596409.55192772,-0.08762873142541158,82000.0,1.10380697754362,0.14294847623108015,80000.0,-1.36213953410379,0.14748009385460345,42
2026-09-19 05:20:00.012920,81053.74,185425168.39196175,246362633.46360612,-0.14112826904736836,82000.0,1.167447671137678,0.13947293711041162,80000.0,-1.3000510525486009,0.15730678916014967,42
2026-09-19 05:30:00.000886,81046.68,184920325.21274707,256129277.29872483,-0.1614533868310778,82000.0,1.1762603970946195,0.13854509117973515,80000.0,-1.2914532711271964,0.15634615515677763,42
2026-09-19 05:39:59.965971,81091.47,193079483.6497786,241873497.2535109,-0.11218227198351238,82000.0,1.1203767794565778,0.13893828530846575,80000.0,-1.3459738737009008,0.15344171650327812,42
2026-09-19 05:50:00.011188,81001.46,183221086.4084901,258030992.98653024,-0.16954006580684775,82000.0,1.2327432122828386,0.1369525543483427,80000.0,-1.236348085577721,0.15663041976872227,42
2026-09-19 06:00:00.034473,81024.77,183890816.49276486,259656585.2039823,-0.1708177489517082,82000.0,1.2036195844801423,0.1367430464578276,80000.0,-1.264761380994972,0.15377539647448563,42
2026-09-19 06:10:00.030602,81016.02,182948672.5407771,259857734.04457092,-0.17368552116684455,82000.0,1.2145499124740944,0.13607588271717902,80000.0,-1.2540976463667364,0.15351118803452005,42
2026-09-19 06:20:00.016821,80967.36,263597171.6982476,175895100.25730854,0.19955315949175093,81000.0,0.040312540757159177,0.1465941361781089,80000.0,-1.194753046165764,0.15476004849476893,42
2026-09-19 06:30:00.018672,80943.57,212841087.2166435,175845673.52635378,0.09518053462786039,81000.0,0.06971523494700982,0.1494967791142693,80000.0,-1.1657133482004922,0.15438592088530848,42
2026-09-19 06:40:00.015347,81056.38,183481120.73753062,251864746.4481507,-0.1570788443512511,82000.0,1.1641526552258918,0.13537776442271182,81000.0,-0.06955652349637242,0.15650744411220344,42
2026-09-19 06:49:59.989689,81048.68,182593752.23911706,264441117.9864279,-0.18308944379666836,82000.0,1.1737637182986926,0.13359691007318003,81000.0,-0.06006266850983044,0.16180492919111422,42
2026-09-19 07:00:00.027947,81022.21,182414043.77182254,269979617.21642995,-0.19356056681546044,82000.0,1.206817241840219,0.13193983181409974,81000.0,-0.02741223671880455,0.16983447926030976,42
2026-09-19 07:10:00.012854,81087.12,190120084.83786863,252870212.64513797,-0.14165124645800278,82000.0,1.125801483638833,0.1323616511759422,81000.0,-0.1074399978689522,0.16623974210095338,42
2026-09-19 07:19:59.950675,81193.21,197278727.67704627,227042933.04264578,-0.07014538290389521,82000.0,0.9936668349483924,0.1485538235771314,80000.0,-1.4695933317576793,0.14167504134873143,42
2026-09-19 07:30:00.020180,81081.06,189573495.2858784,261469586.46088982,-0.15939960967049369,82000.0,1.133359628006847,0.13020062240947078,81000.0,-0.09997402599324356,0.17873320563626355,42
2026-09-19 07:40:00.005294,81022.71,181432906.19221616,293064034.4084328,-0.23526206106810027,82000.0,1.2061926835081005,0.12642895923590872,81000.0,-0.028029178485888817,0.2027985285481601,42
2026-09-19 07:50:00.026970,81020.54,186605659.06248993,311858943.3256933,-0.2512781923994302,82000.0,1.2089033225402002,0.12990044340065576,81000.0,-0.025351596027367584,0.22554326142122377,42
2026-09-19 08:00:00.007188,81078.23,187199127.85990578,214092050.20321128,-0.06701598194385337,82000.0,1.136889643496164,0.15213477561781838,80000.0,-1.3298637624427623,0.15745460998723598,42
2026-09-19 11:19:20.673126,81331.32,204946039.12330282,201308503.46670964,0.008953833804300705,82000.0,0.8221678930084853,0.1573808234532325,80000.0,-1.6369093726746442,0.14487642142811163,41
2026-09-19 11:29:59.904100,81246.48,200847084.13230532,203441537.44329524,-0.006417329532745117,82000.0,0.9274494107313958,0.15686400737403286,80000.0,-1.534195696847418,0.14766189634465304,42
2026-09-19 11:39:59.999662,81247.74,200859386.89969522,203754737.15053794,-0.007155830898486531,82000.0,0.9258842153640146,0.1567753552429582,80000.0,-1.5357227167180354,0.1476192733406774,42
2026-09-19 11:50:00.026995,81278.55,203972585.76338962,202458311.9827643,0.003725784109974555,82000.0,0.8876265632199454,0.1567164480129564,80000.0,-1.573047255395188,0.1453989188578678,41
2026-09-19 12:00:00.037951,81282.47,204602799.18776697,202330839.07287896,0.0055831219178611976,82000.0,0.8827610676693354,0.15725901418011864,80000.0,-1.5777940803226143,0.14527260109899384,41
2026-09-19 12:10:00.009557,81327.11,206221979.2532887,201661359.6932776,0.0111811861984599,82000.0,0.8273870791670745,0.15724257382826423,80000.0,-1.6318174837394284,0.14468023427354704,41
2026-09-19 12:20:00.034254,81280.05,205590237.6306877,202635702.61443448,0.007237499445721556,82000.0,0.8857647110207312,0.1567895505291344,80000.0,-1.5748636965651541,0.14519907205820315,41
2026-09-19 12:30:00.034749,81217.14,201681918.23609,205000874.21828192,-0.008161043554760909,82000.0,0.9639098347959507,0.1561237149623416,80000.0,-1.4986245514185814,0.14810854562548287,42
2026-09-19 12:40:00.016115,81255.83,205250706.96345887,203204919.26815864,0.005008592277634937,82000.0,0.9158358237187469,0.15676340220063248,80000.0,-1.5455260256402537,0.14514333983285332,41
2026-09-19 12:50:00.028344,81251.99,210266434.2076458,203669565.7619537,0.015936928525609233,82000.0,0.9206051445632246,0.164384315374724,80000.0,-1.5408730296944229,0.1439109070081216,41
2026-09-19 13:00:00.018568,81313.39,212593157.50071707,203390562.10671133,0.02212248931927049,82000.0,0.8443996739036397,0.16513098941075857,80000.0,-1.6152198303379106,0.14390803008492778,41
2026-09-19 13:10:00.022627,81229.33,211473627.55130664,205237005.081121,0.014966314708093472,82000.0,0.9487582871851918,0.16370635152432755,80000.0,-1.5134065490876258,0.14489821247408927,42
2026-09-19 13:19:59.987781,81268.52,212339576.61035517,204417193.94776785,0.01900960757512737,82000.0,0.9000779145479587,0.16435215139981424,80000.0,-1.560899595562959,0.14360067705735893,41
2026-09-19 13:30:00.024053,81215.04,211958823.19560283,205570183.10853282,0.015301068885298995,82000.0,0.966520486845801,0.16356016268533138,80000.0,-1.4960775738089849,0.1446963583220255,42
2026-09-19 13:39:59.959284,81242.53,212018512.43626437,204797004.94111326,0.017325428622689383,82000.0,0.9323564886519531,0.1638017205233575,80000.0,-1.5294083037541983,0.14419013467177055,42
2026-09-19 13:49:59.997294,81242.92,212444492.4719959,204681681.85572174,0.018610221784296974,82000.0,0.9318719711206791,0.16400390175523458,80000.0,-1.5298810037846944,0.14417207703066803,42
2026-09-19 14:00:00.013063,81326.49,215677645.7697102,202955356.10349354,0.030390078205229553,82000.0,0.8281557460551925,0.16510959945493606,80000.0,-1.6310675648242068,0.1414464505276609,41
2026-09-19 14:10:00.008914,81383.67,217350402.45345744,201789948.5043183,0.03712468607134108,82000.0,0.7573140901608433,0.16549974912933124,80000.0,-1.700181375452836,0.14089536233595026,41
2026-09-19 14:20:00.012399,81451.33,218467665.49591878,195778559.3456955,0.05477202878287761,82000.0,0.673616993117232,0.16825119487738635,80000.0,-1.7818370798856176,0.14170109955203988,41
2026-09-19 14:30:00.015232,81549.33,216956239.99277863,198600499.65500835,0.04417144179475477,82000.0,0.5526348285142202,0.17023003870747214,80000.0,-1.8998684599861204,0.14133789357257648,41
2026-09-19 14:39:59.996756,81484.2,220685130.46693352,195979431.52541107,0.059293976966479735,82000.0,0.6330061533401654,0.16951161447457574,80000.0,-1.821457411375449,0.14124975933614886,41
2026-09-19 14:50:00.012148,81498.82,221626135.77286977,195944951.92797914,0.06150134576196716,82000.0,0.6149536889000329,0.1699606384153941,80000.0,-1.8390695718048522,0.14106038285053796,41
2026-09-19 15:00:00.012265,81555.52,218473748.15394306,199372669.6769934,0.04571315598708349,82000.0,0.5450029623990993,0.17622244549742305,80000.0,-1.907314183025266,0.14408441989293044,41
2026-09-19 15:09:59.948667,81715.91,228209429.00875366,194484298.60648692,0.07978620972811132,82000.0,0.3476556768443162,0.17596625884270486,80000.0,-2.0998481201518815,0.14232097146158548,42
2026-09-19 15:19:59.996698,81622.59,219448093.57743043,195845750.42798433,0.056832875059757364,82000.0,0.46238424926237087,0.17316948812323493,80000.0,-1.9879178055976832,0.1415081781840987,41
2026-09-19 15:30:00.011340,81546.4,220143201.23019725,195988212.44764477,0.05804654007989081,82000.0,0.5562477313529657,0.17577337039166221,80000.0,-1.8963436767288289,0.1418500988440458,41
2026-09-19 15:39:59.999857,81643.86,230195303.33138517,187615951.2521925,0.10191049573719711,82000.0,0.43621161468847536,0.18189665649627282,80000.0,-2.013452083230749,0.13259033250506666,41
2026-09-19 15:50:00.013972,81661.45,231376283.27790707,187272413.6733025,0.10534815927002529,82000.0,0.41457750260374127,0.1822135247621592,80000.0,-2.0345585340451278,0.13314013079478973,41
2026-09-19 16:00:00.036090,81624.02,223422757.17986733,195253256.0314355,0.06728233827481034,82000.0,0.4606242133136762,0.18115035587482373,80000.0,-1.9896349138403213,0.1442012456063308,41
2026-09-19 16:10:00.014494,81601.04,233405456.76511925,187610708.92633343,0.10877194647282765,82000.0,0.4889153373535571,0.18102673675452863,80000.0,-1.9620338172160467,0.13151873841848505,41
2026-09-19 16:20:00.024731,81795.09,237339162.4727185,182934002.73318803,0.12945189996338569,82000.0,0.2505162595945576,0.18324621360023452,80000.0,-2.1946182833223804,0.13160057908193545,42
2026-09-19 16:30:00.014482,81799.31,238405996.6516533,182575499.63686132,0.13261983604269675,82000.0,0.24534436781924462,0.18472662406809043,80000.0,-2.199664031395865,0.13143291418572992,42
2026-09-19 16:40:00.012304,81818.58,239499114.57877254,183146196.65955454,0.13333382962207035,82000.0,0.22173447644777688,0.18027520146243392,80000.0,-2.222698071758278,0.12838865065778202,42
2026-09-19 16:50:00.017677,81826.95,238064697.1642524,183618418.64371648,0.12911657232520146,82000.0,0.21148289163901435,0.17842031177172923,80000.0,-2.2326996179131697,0.1286959000406524,42
2026-09-19 17:00:00.015328,81815.08,237959956.32123446,183759401.69863313,0.12852280454256002,82000.0,0.2260219020747689,0.1785176651787631,80000.0,-2.2185152174880263,0.1286553636197311,42
2026-09-19 17:10:00.011086,81778.14,232687511.21809933,184054951.04089993,0.11669691615675819,82000.0,0.2712949939922771,0.1709190070949619,80000.0,-2.174346347324607,0.12975254308417722,42
2026-09-19 17:20:00.025346,81689.5,230548499.77124268,186054842.46392438,0.10680100900919375,82000.0,0.3800978093879914,0.1706165727077995,80000.0,-2.068197259133675,0.1305893131105428,42
2026-09-19 17:30:00.014740,81519.4,218642779.25271899,189007495.41431582,0.07269781398432519,82000.0,0.589552916238345,0.1702659377552824,80000.0,-1.8638508134260046,0.13336244356072519,41
2026-09-19 17:39:59.963892,81460.37,221828550.3536561,192983559.34398782,0.06953748537064978,82000.0,0.6624448182594778,0.16686152816623698,80000.0,-1.7927367626736745,0.13248218260086608,41
2026-09-19 18:50:00.044387,81452.54,226226456.00972635,202589996.61167666,0.055120225106936455,82000.0,0.6721214587046775,0.17170447919949333,80000.0,-1.7832961378490997,0.13829374883816886,42
2026-09-19 19:00:00.013366,81416.46,226986639.27848166,203456293.15226626,0.054665425665924,82000.0,0.7167346750276193,0.172742457266801,80000.0,-1.7397710487535356,0.13838223703616517,42
2026-09-19 19:09:59.945732,81388.44,226051105.5346176,204336847.3814174,0.05045275548741132,82000.0,0.7514089224464726,0.17173982127465282,80000.0,-1.705942514686365,0.13857420984627658,42
2026-09-19 19:19:59.967406,81386.21,225126632.7639861,204259942.83821577,0.04859651212082127,82000.0,0.7541695331432674,0.17040311189741122,80000.0,-1.7032492359577933,0.13883380008018592,42
2026-09-19 19:29:59.995221,81382.64,226258513.42757827,204542647.59357896,0.05040809496085088,82000.0,0.7585893011089251,0.17206567121556265,80000.0,-1.6989372672107983,0.13846841521642614,42
2026-09-19 19:39:59.982875,81341.82,224856639.7368809,205952198.2009284,0.04388127603519944,82000.0,0.8091532744165297,0.1715674563230036,80000.0,-1.6496065615448585,0.139380734881707,42
2026-09-19 19:50:00.016516,81343.68,224978747.0313444,206434188.5538745,0.0429856338274,82000.0,0.8068481780022729,0.17138513156119559,80000.0,-1.6518554360953397,0.1392326149536474,42
2026-09-19 19:59:59.995671,81344.41,225046969.14516118,206712826.49878332,0.04246375607769028,82000.0,0.8059435184298414,0.1707173653864712,80000.0,-1.6527380308001494,0.1386894425686307,42
2026-09-19 20:10:00.010768,81402.28,188300254.61351526,178743428.45589387,0.02603729909666953,82000.0,0.734279187266007,0.1825252889233958,80000.0,-1.7226544514477915,0.14573686146164963,42
2026-09-19 20:30:00.006093,81240.6,222260075.62122515,209996682.42424524,0.028370622248755882,82000.0,0.9347542977279799,0.16841865434210812,80000.0,-1.5270689778263624,0.13965935357431614,43
2026-09-19 20:39:59.924133,81251.95,222735064.726358,209950657.34689453,0.029546635646320443,82000.0,0.9206548273610782,0.16878285443499833,80000.0,-1.540824558672127,0.1390070515901175,42
2026-09-19 20:49:59.991238,81199.16,220686442.27475655,212312023.65967858,0.019340527216431366,82000.0,0.9862663603909194,0.16716816498258108,80000.0,-1.476813306935687,0.13953556791096453,43
2026-09-19 20:59:59.975673,81134.69,216015497.24871695,217158014.59835446,-0.0026375512776987743,82000.0,1.0665105147995346,0.16390944894498907,80000.0,-1.3985263270248516,0.13974949955989371,43
2026-09-19 21:09:59.991934,81064.25,213077265.8954112,226274502.44809654,-0.030037972994721336,82000.0,1.1543312866029165,0.15744513171055086,80000.0,-1.3128475252654481,0.14905260425177813,43
2026-09-19 21:19:59.995590,80977.25,264305368.5471408,180606619.3462699,0.18812428407958057,82000.0,1.263009055012354,0.15652006862310394,80000.0,-1.2068204341342814,0.15092516069414372,43
2026-09-19 21:30:00.025174,81041.72,213146483.122433,234942252.72135413,-0.04864163692461033,82000.0,1.1824526922676437,0.1574348067480884,80000.0,-1.2854120075437736,0.14833190775212945,43
2026-09-19 21:39:59.991092,81037.69,213179989.18021876,234787019.62035063,-0.048233530629821705,82000.0,1.1874844902415083,0.15745548032845252,80000.0,-1.2805029363497478,0.14753011556663254,43
2026-09-19 21:50:00.096625,81100.87,215627340.573921,224828857.46293247,-0.020890878434730465,82000.0,1.1086564176191915,0.15918595859819612,80000.0,-1.3574083730544362,0.1467980747702282,43
2026-09-19 21:59:59.990029,81079.73,214575463.7837782,226571229.078917,-0.027192236707694033,82000.0,1.1350185798596035,0.1580622450638342,80000.0,-1.3316891903808692,0.14767325824834737,43
2026-09-19 22:09:59.996871,81029.74,204967068.4578268,242342006.90174395,-0.08355506405469909,82000.0,1.1974122093937334,0.15625176855228745,80000.0,-1.2708173566890468,0.14900499508748358,43
2026-09-19 22:20:00.061294,81028.33,212371436.16043472,237592494.59514374,-0.05605128924969134,82000.0,1.1991731780724102,0.1560197550366221,80000.0,-1.26909933846594,0.14836496702682542,43
2026-09-19 22:30:00.043587,81052.91,212914119.22764802,228325617.69335604,-0.03492772109160052,82000.0,1.1684836485204464,0.1560381875742215,80000.0,-1.2990403429068764,0.1470075171089844,43
2026-09-19 22:40:00.018258,81197.03,221279570.5005455,214277519.79562968,0.016076080176204884,82000.0,0.9889154812682266,0.16554815568891929,80000.0,-1.4742287987627112,0.13790265442903205,43
2026-09-19 22:49:59.981074,81191.64,220901999.8378417,214844864.91919,0.013900581756403688,82000.0,0.9956197460723848,0.16503307926733138,80000.0,-1.4676880526123148,0.13837298526302966,43
2026-09-19 23:00:00.016972,81237.22,222380237.0270618,212670215.41820428,0.022319300104805973,82000.0,0.9389538440631062,0.16672274859477212,80000.0,-1.522971859450628,0.1379397224600372,43
2026-09-19 23:10:00.025949,81216.22,221363069.27153632,214042943.79453814,0.01681218278418062,82000.0,0.9650535324101428,0.1656581906559841,80000.0,-1.4975087488681482,0.13853838694580722,43
2026-09-19 23:20:00.017366,81250.18,223055836.3525272,211965624.32389528,0.02549348257758953,82000.0,0.9228533401403061,0.16725866203996215,80000.0,-1.5386796681558068,0.1379367310237741,42
2026-09-19 23:30:00.011762,81283.29,224506470.06879854,210377259.6003518,0.032489627697030454,82000.0,0.8817433447883438,0.16874898001406585,80000.0,-1.5787869806943022,0.13674001571808025,42
2026-09-20 00:00:00.013818,81241.25,222693433.37061685,212359791.07840148,0.023752593272472856,82000.0,0.9339467327250661,0.16646946700520932,80000.0,-1.5278568461218889,0.13732883458935327,43
2026-09-20 00:10:00.008253,81212.49,221685701.11325163,213011934.492133,0.019953562915149183,82000.0,0.9696907458446313,0.16603339613564247,80000.0,-1.4929846382003675,0.13735625891915626,43
2026-09-20 00:20:00.016887,81237.48,221913027.99234468,212925064.60038477,0.02066967808263766,82000.0,0.9386307896306123,0.16606401132516502,80000.0,-1.5232870345067262,0.13679254398008267,43
2026-09-20 00:30:00.051207,81288.22,224013474.3571149,210638281.09856594,0.030772205773163554,82000.0,0.8756250290632428,0.1680184051746996,80000.0,-1.5847560692065832,0.13622929931436853,42
2026-09-20 00:39:59.998010,81269.96,223553938.93572274,210006754.4838972,0.031246339111082523,82000.0,0.898290093904297,0.16816286176458944,80000.0,-1.5626438108250706,0.1364539021686165,42
2026-09-20 00:50:00.018497,81266.95,223101230.5778002,211259425.73310536,0.027262609245665096,82000.0,0.9020272078624769,0.1674555396611607,80000.0,-1.5589978459878195,0.13641563809358845,42
2026-09-20 01:00:00.024632,81265.76,223189796.2207701,211005914.35862574,0.0280608066023638,82000.0,0.9035047478790581,0.16766800992959072,80000.0,-1.5575563435326178,0.13587623261052048,42
2026-09-20 01:09:59.968406,81207.28,220128163.47733033,214290669.741465,0.01343747851034181,82000.0,0.9761686390678204,0.1639281154651397,80000.0,-1.4866647423728452,0.13635040219774372,43
2026-09-20 01:20:00.011275,81171.06,216750932.15514868,217679351.64685524,-0.0021370966213066465,82000.0,1.021226037949985,0.16244861972789484,80000.0,-1.4427063044390454,0.1364304615593574,43
2026-09-20 01:30:00.027380,81094.37,212971597.74774575,225456960.36117518,-0.02847753044939109,82000.0,1.1167606333214009,0.156379592013797,80000.0,-1.3495018211498455,0.13565847702223868,43
2026-09-20 01:40:00.010458,81077.79,212079254.23513478,232339640.0761949,-0.045588488924296455,82000.0,1.1374385019621291,0.1538247996803583,80000.0,-1.32932829076865,0.1445865521552402,43
2026-09-20 01:49:59.971457,81048.43,210766743.33374566,242445341.28250045,-0.0698979551164846,82000.0,1.174075796409646,0.15247310865871802,80000.0,-1.293584588868646,0.14525182711384155,43
2026-09-20 02:00:00.027417,81078.04,212087858.8622186,231284621.83595234,-0.043297145874964874,82000.0,1.1371266498302113,0.1540930192945733,80000.0,-1.329632536751002,0.14428467657926844,43
2026-09-20 02:10:00.015900,81090.37,212275137.93816167,231231416.3002628,-0.0427418223720555,82000.0,1.1217484887539708,0.15408954452592466,80000.0,-1.3446356207278298,0.14372846844639525,43
2026-09-20 02:20:00.016527,81048.05,210023676.47291416,242686244.32417965,-0.07214899950448617,82000.0,1.174550158825527,0.1521468357973544,80000.0,-1.293121796267771,0.14481381613506025,43
2026-09-20 02:30:00.015592,80958.9,266653895.51701456,178561552.71898544,0.19786452412435854,82000.0,1.2859611481875532,0.1426575972544547,80000.0,-1.1844281481097174,0.1485710042398078,43
2026-09-20 02:40:00.015396,80887.06,209064980.8488535,182402560.658279,0.06810889119421082,82000.0,1.375918472002824,0.140285060872119,80000.0,-1.0966649053631095,0.15079530788551496,43
2026-09-20 02:49:59.964852,80549.17,182334347.29121822,203453725.98527282,-0.05474347227660022,82000.0,1.8011731219576887,0.13673826385736318,80000.0,-0.6817823200412798,0.16703268692575637,43
2026-09-20 03:00:00.010790,80314.24,182633333.87923083,201379032.9205671,-0.048815352478242466,82000.0,2.0989553035675845,0.1348393004476606,80000.0,-0.39126311847065276,0.18640856350120016,43
2026-09-20 03:10:00.030712,80409.36,188435863.13118026,195829739.19940037,-0.019241576720310283,82000.0,1.9781776648887694,0.1370669143908545,80000.0,-0.5090949610841333,0.17638378513664335,43
2026-09-20 03:19:59.968993,80409.9,188162888.37955746,195568760.74098614,-0.019299613097855876,82000.0,1.9774928211576004,0.13704684759197566,80000.0,-0.5097631013096571,0.17631224143735846,43
2026-09-20 03:30:00.009958,80360.79,185834961.61999243,197943248.95196557,-0.03155022093080202,82000.0,2.0398131974561418,0.13861208252019053,80000.0,-0.44896273418914,0.18134816365380899,43
2026-09-20 03:40:00.010253,80277.72,181241662.46160287,201549351.93035877,-0.05305163576269765,82000.0,2.1454022361372393,0.13581497185949132,80000.0,-0.3459490379148833,0.18623820812755895,43
2026-09-20 03:50:00.033418,80454.59,189964054.96087384,192990672.7379999,-0.007903330493692049,82000.0,1.9208475240505285,0.13820247011204254,80000.0,-0.5650268058043584,0.17422564850870734,43
2026-09-20 04:00:00.010279,80466.11,190259839.7315596,192734506.32649058,-0.006461365867150147,82000.0,1.9062559380588873,0.1383740454844815,80000.0,-0.5792624994547357,0.17383948119448678,43
2026-09-20 04:09:59.974527,80434.07,188638775.9114073,195686024.95315695,-0.018336701211830203,82000.0,1.9468491399229126,0.1373553437933951,80000.0,-0.5396593756849644,0.17546343340913298,43
2026-09-20 04:20:00.012231,80350.24,184821878.6891092,198849696.33456343,-0.0365620456625923,82000.0,2.0532110420578675,0.1383650117341966,80000.0,-0.4358916662850154,0.18250945791686324,43
2026-09-20 04:30:00.009772,80404.3,187963099.51204252,196792987.579592,-0.022949313510006973,82000.0,1.9845953512436454,0.13717492339805665,80000.0,-0.5028338036647373,0.1774317333087543,43
2026-09-20 04:40:00.038077,80452.22,189770984.4236657,194505920.74874592,-0.012321678095528055,82000.0,1.9238499571546885,0.13736544058999736,80000.0,-0.5620976027759128,0.1744908201135081,43
2026-09-20 04:50:00.013240,80362.85,186027772.64044568,198848566.78332084,-0.03331146352636368,82000.0,2.037197535926105,0.13791828914938756,80000.0,-0.45151459909648084,0.18326230161845414,43
2026-09-20 05:00:00.023090,80406.86,188781481.12270254,196012554.67610997,-0.018792062455947625,82000.0,1.9813483575903845,0.13712723104525842,80000.0,-0.5060016023508473,0.17722587790704805,43
2026-09-20 05:09:59.975888,80488.32,191714198.89141846,191264276.1187799,0.0011747991127349345,82000.0,1.878135858718366,0.13778335020352697,80000.0,-0.606696723201583,0.17215990122312955,43
2026-09-20 05:20:00.011357,80496.07,192481113.62303063,190579151.561234,0.004965177113532589,82000.0,1.8683272363483105,0.13779985002609016,80000.0,-0.6162661108797041,0.1710110342012111,43
2026-09-20 05:29:59.969309,80524.66,179256091.37242973,203787001.23405862,-0.06404216740916466,82000.0,1.8321592416534305,0.13921987824512816,80000.0,-0.6515519593625174,0.1690655954312452,43
2026-09-20 05:40:00.006386,80481.36,192392764.59177938,190582762.04530564,0.00472615721001132,82000.0,1.886946244447163,0.13794107550557416,80000.0,-0.5981012249296036,0.17175977636064416,43
2026-09-20 05:50:00.013990,80506.61,178339972.63087693,204390383.8238841,-0.06806465897900718,82000.0,1.8549905405282896,0.13861212103073087,80000.0,-0.6292775214358226,0.16889676396575126,43
2026-09-20 05:59:59.991848,80468.09,192082558.69266775,191595112.14776683,0.001270458465391501,82000.0,1.9037484299676999,0.13760521120704908,80000.0,-0.5817088488119904,0.1713066444617729,43
2026-09-20 06:09:59.995090,80481.24,193518257.30012214,189034135.74900365,0.011721588029754294,82000.0,1.8870981610124238,0.13792457991282372,80000.0,-0.5979530136464128,0.16883816587693354,43
2026-09-20 06:20:00.048242,80509.98,177836938.3529733,203317571.47666407,-0.0668511914894558,82000.0,1.8507270775623086,0.13836261125718147,80000.0,-0.6334369975001808,0.16514452873929192,43
2026-09-20 09:09:59.967004,80242.21,172905739.77463317,197414949.88771442,-0.06618374505466694,82000.0,2.190605169025117,0.14026107270026836,80000.0,-0.3018486155852429,0.1716872672104209,43
2026-09-20 09:20:00.004950,80277.9,174001259.813412,197304656.44993025,-0.06276063918138787,82000.0,2.145173204580586,0.14061884562991409,80000.0,-0.3461724833360047,0.17146385170717746,43
2026-09-20 09:30:00.080580,80352.62,180406544.3940291,192554208.23898846,-0.03257089052721934,82000.0,2.0501882825973983,0.14969834032321688,80000.0,-0.4388406999049854,0.17047623854056496,43
2026-09-20 09:40:00.008474,80527.35,178390888.8403696,192363956.6442475,-0.03768815963986543,82000.0,1.8287575587673022,0.15174212032215553,80000.0,-0.6548706743733756,0.15974498726852684,43
2026-09-20 09:50:00.046601,80476.63,184964351.64673635,185577156.9390403,-0.001653810107922339,82000.0,1.892934632078891,0.15277511606506206,80000.0,-0.5922588955327823,0.1620631574481792,43
2026-09-20 09:59:59.965290,80439.57,186976414.82752642,190913340.70671725,-0.010418186313690833,82000.0,1.9398785945772712,0.15056736762860237,80000.0,-0.5464599077295018,0.1697503757453833,43
2026-09-20 10:10:00.026493,80344.69,183141603.60584712,192729550.41254455,-0.02550859970017354,82000.0,2.0602606096308262,0.14888654717799255,80000.0,-0.4290140393845565,0.1698243599647927,43
2026-09-20 10:19:59.984122,80325.45,182872852.80763757,193120911.51610366,-0.027255927307459855,82000.0,2.0847066527482916,0.14914734335655905,80000.0,-0.40516424122117867,0.17027110683330718,43
2026-09-20 10:30:00.016559,80356.9,184658414.29021978,192756363.58856672,-0.021456365179605495,82000.0,2.0447528463641618,0.14849052703099705,80000.0,-0.4441435645227698,0.16972288951245432,43
2026-09-20 10:40:00.007243,80318.79,182630610.2018636,193172494.85104957,-0.028051616677572912,82000.0,2.0931714733252393,0.1483164346022318,80000.0,-0.3969058796826963,0.17052673215780842,43
2026-09-20 10:50:00.040671,80333.59,183400964.25637728,192954510.8558661,-0.025384369914213674,82000.0,2.07436266697405,0.1487245613988352,80000.0,-0.4152559346594531,0.17019030530559498,43
2026-09-20 11:00:00.007550,80290.85,182316877.01106608,198032577.62685463,-0.04131910910914633,82000.0,2.128698351057423,0.14697413261606654,80000.0,-0.3622455111634837,0.16911551901331137,43
2026-09-20 11:09:59.979475,80327.34,183491282.67340812,193213107.57738537,-0.025807569955595355,82000.0,2.082304729622564,0.14861036497127564,80000.0,-0.4075075808560258,0.17019272186972154,43
2026-09-20 11:20:00.034101,80347.7,183760359.3057428,192895055.97999126,-0.02425213153332416,82000.0,2.056437209777018,0.14903230304877618,80000.0,-0.4327441855834002,0.17018058689105395,43
2026-09-20 11:30:00.014332,80344.7,183577767.2912952,193006206.74278107,-0.025036751698394668,82000.0,2.060247906831436,0.14904348904051581,80000.0,-0.4290264323595694,0.16999324724641884,43
2026-09-20 11:40:00.014422,80415.82,187547675.82531747,191440049.69392392,-0.010270448372103889,82000.0,1.969985507826677,0.15005678305961143,80000.0,-0.5170873094373807,0.16990963454408284,43
2026-09-20 11:49:59.985060,80453.7,188047658.22690344,191429306.73236084,-0.00891134065494703,82000.0,1.921974999285303,0.15002326287877338,80000.0,-0.5639268299655553,0.16986811075118366,43
2026-09-20 12:00:00.006406,80453.84,188015754.3962326,191482596.98680395,-0.009135329779264782,82000.0,1.9217976419770633,0.1500176071170331,80000.0,-0.5640998614857895,0.16976109475659448,43
2026-09-20 12:10:00.039645,80463.28,188444907.36775374,191274905.87528348,-0.007452859737183145,82000.0,1.9098401158888834,0.1505040688714158,80000.0,-0.5757657405962013,0.16971900191854838,43
2026-09-20 12:20:00.006390,80391.13,185650429.46131146,193195348.0158976,-0.01991554084310742,82000.0,2.0013028800565325,0.14877890231990706,80000.0,-0.4865337755545984,0.16946669452820062,43
2026-09-20 12:30:00.007146,80343.25,183733485.40860638,193463357.56667483,-0.025795211013221745,82000.0,2.0620898457555548,0.1488597065355351,80000.0,-0.4272294187750658,0.17024254413737908,43
2026-09-20 12:39:59.977067,80350.38,184334951.76364943,193482524.57301244,-0.024211619054942495,82000.0,2.0530332277208796,0.14870941805782067,80000.0,-0.4360651436869478,0.17005202039654638,43
2026-09-20 12:50:00.001586,80375.46,185904302.6440652,193145234.14508688,-0.01910286334171009,82000.0,2.021189054470107,0.14842734106468114,80000.0,-0.4671326297852718,0.16936747944979597,43
2026-09-20 13:00:00.008872,80462.51,188459040.05733,191534162.94288224,-0.008092573396768126,82000.0,1.9108153598489608,0.14947417628294282,80000.0,-0.5748142830741876,0.16967737390507356,43
2026-09-20 13:10:00.038870,80558.33,179414464.9464473,191153193.56241363,-0.03167769325364811,82000.0,1.7895976741325148,0.15374209114705814,80000.0,-0.6930754398707162,0.16211295845554471,43
2026-09-20 13:30:00.010950,80481.35,185531109.20505577,185970396.14392212,-0.001182463415467707,82000.0,1.8869589041436319,0.1525044281925284,80000.0,-0.5980888740062196,0.16185706612788017,43
2026-09-20 13:40:00.011239,80455.5,184023274.51427764,185900275.69092572,-0.005074024553470233,82000.0,1.9196947380850204,0.15287760666095396,80000.0,-0.5661514750390007,0.16227052274268855,43
2026-09-20 13:50:00.010984,80521.76,178517842.67307276,193279080.83810508,-0.039702421487596146,82000.0,1.8358267380146787,0.1525138865286121,80000.0,-0.6479739141320273,0.16166246287870856,43
2026-09-20 14:00:00.012364,80538.42,179342137.1181792,191046847.99371415,-0.0316011310973489,82000.0,1.814761203410753,0.1536691357415551,80000.0,-0.6685256552090291,0.1619313058548529,43
2026-09-20 14:09:59.941481,80627.29,183228988.16970876,190397181.0806409,-0.019185467991480753,82000.0,1.702537689162087,0.15185285240345092,80000.0,-0.778012010573581,0.1588526735998414,43
2026-09-20 14:20:00.009917,80421.49,182260266.14771414,187907465.10510713,-0.01525578401520905,82000.0,1.9627962625412554,0.15142625827764633,80000.0,-0.524101207276817,0.1617124932762994,43
2026-09-20 14:30:00.014056,80507.22,178474377.51276815,191218973.2990884,-0.03447342441602687,82000.0,1.854218789321016,0.15311772827090753,80000.0,-0.6300304494429199,0.16250300366617143,43
2026-09-20 14:39:59.952850,80578.65,182315836.7164504,191021087.78720272,-0.023317412501658783,82000.0,1.7639287826241912,0.15127625558189536,80000.0,-0.7181182608544501,0.15932011075510139,43
2026-09-20 14:50:00.014978,80621.73,183019317.23904026,190526854.40210348,-0.02009801661218878,82000.0,1.7095515067711897,0.15186454777789035,80000.0,-0.7711692616866439,0.1590748241406379,43
2026-09-20 15:00:00.012657,80652.79,183506942.5683084,185521176.34870434,-0.005458212198861971,82000.0,1.6703823885075852,0.15326705745120195,80000.0,-0.8093830356023513,0.16007792026575632,43
2026-09-20 15:10:00.028250,80809.32,187076999.63571182,184101016.10850424,0.00801767184740374,82000.0,1.4734439047377146,0.15538263180673248,80000.0,-1.0015181417193042,0.15886355417778553,43
2026-09-20 15:20:00.008438,80804.47,187003811.25297666,184286094.75288704,0.007319661687885196,82000.0,1.4795344861491033,0.1553552907592406,80000.0,-0.9955761110740591,0.1589695693175248,43
2026-09-20 15:30:00.012460,80641.1,183139071.0494748,185772390.6089843,-0.007138080090196364,82000.0,1.6851208626866399,0.15264876961376597,80000.0,-0.7950040364032795,0.16005585837772401,43
2026-09-20 15:40:00.067961,80820.73,187313577.52212387,184140467.22671318,0.00854240340162732,82000.0,1.4591182237527534,0.15532967136405057,80000.0,-1.0154944158509815,0.15894677675556562,43
2026-09-20 15:50:00.009718,80875.77,188394447.07282037,183893987.5892238,0.012088636295355209,82000.0,1.3900702274612042,0.15576672229065774,80000.0,-1.0828583146719972,0.15853045153901796,43
2026-09-20 16:00:00.047695,80886.2,188863795.2658694,181125627.33041,0.02091456528989221,82000.0,1.376996323229429,0.15646199316602843,80000.0,-1.0956133431908044,0.1590306534732197,43
2026-09-20 16:10:00.020626,80990.37,244794759.92412344,172989684.99055815,0.17187110675752676,82000.0,1.2466049976065152,0.1588935480159562,80000.0,-1.2228243925790139,0.14938747878584005,43
2026-09-20 16:20:00.011500,81113.9,210163961.36643082,204645698.46649185,0.013303120525596296,82000.0,1.0924144936934388,0.15850561330428967,80000.0,-1.3732541524941966,0.14748457631499395,43
2026-09-20 16:29:59.997196,81160.23,216496410.0450793,204597618.20389938,0.02825685249125536,82000.0,1.0347062840999843,0.16674625226915876,80000.0,-1.4295548447805007,0.14559973989923033,43
2026-09-20 16:40:00.008432,81335.57,219928223.0377677,200620562.475795,0.04591063207659658,82000.0,0.8168996664067008,0.17214165503361264,80000.0,-1.6420491059446762,0.14791566803830528,42
2026-09-20 16:50:00.026857,81253.34,218450458.88111645,201568083.47571027,0.04019435739830685,82000.0,0.9189283788211045,0.16900122745828824,80000.0,-1.5425088987111146,0.14635178081443434,42
2026-09-20 16:59:59.989378,81316.25,219671538.49260217,200786055.5991883,0.04491649849780324,82000.0,0.8408528430664308,0.17194522678621696,80000.0,-1.6186801531059336,0.14790946954836687,42
2026-09-20 17:10:00.014825,81234.12,217839069.11635163,204161952.51067245,0.03241015046112232,82000.0,0.9428058062301847,0.16837405645207518,80000.0,-1.5192138475802919,0.1457660700700623,43
2026-09-20 17:20:00.012463,81218.8,217846360.46816242,204156855.4575366,0.0324393381235182,82000.0,0.9618462720453858,0.16832168217631582,80000.0,-1.500637783370351,0.1457207282132996,43
2026-09-20 17:30:00.011870,81140.07,210611991.87822646,205025713.1290017,0.01344025982707128,82000.0,1.059809290280378,0.158345385139771,80000.0,-1.405064107043541,0.1473678133038488,43
2026-09-20 17:40:00.010795,81340.54,219795384.1505465,201162077.40304485,0.04426410848909366,82000.0,0.8107396385615528,0.17207508744569594,80000.0,-1.6480588892082482,0.14819779379189627,42
2026-09-20 17:49:59.991080,81307.09,219270882.7972715,201301884.64511353,0.04272506339730987,82000.0,0.8522135031520772,0.1716478547155409,80000.0,-1.6075965822906713,0.14826864687725405,42
2026-09-20 18:00:00.013431,81133.09,210334374.8844463,205951430.9538697,0.010528689350217514,82000.0,1.0685036154792105,0.158184629847112,80000.0,-1.3965818385568651,0.1479353567066444,43
2026-09-20 18:09:59.969945,81152.04,210933479.58832294,206018408.73989964,0.011788100704209263,82000.0,1.0449028761322587,0.158675307293106,80000.0,-1.41960695011486,0.14715223522220455,43
2026-09-20 18:19:59.995450,81216.44,217470452.80817747,205196674.92961258,0.029038874975342716,82000.0,0.9647800371451964,0.16756897413897215,80000.0,-1.4977755735168907,0.14576020576684576,43
2026-09-20 18:30:00.008736,81256.95,218447355.17877465,202641699.19893467,0.03753518600287005,82000.0,0.9144448567168784,0.17001174140248917,80000.0,-1.546883066617688,0.1468930042838203,42
2026-09-20 18:39:59.971245,81169.22,216623238.33698994,206240907.46171033,0.024552402889749837,82000.0,1.0235160569486812,0.16720961920802055,80000.0,-1.4404721395622655,0.14557666206337774,43
2026-09-20 18:49:59.992965,81175.15,216275077.98645157,206423060.92240834,0.023307453137775627,82000.0,1.0161360958372168,0.16706680317007733,80000.0,-1.4476721016222216,0.1454541124151045,43
2026-09-20 18:59:59.994004,81022.11,199242950.5724319,216587889.9488809,-0.04171152710728301,82000.0,1.2069421544316672,0.15982563881082637,80000.0,-1.2615198493349578,0.14988426592707868,43
2026-09-20 19:10:00.006401,81111.44,15217444.752151625,16582666.675324885,-0.04293135658618026,82000.0,1.0954804895585646,0.22967442781472253,80500.0,-0.7538270803723934,0.17795704691341727,33
2026-09-20 21:20:00.012498,80886.71,188525958.59181094,178279629.8466812,0.027933949394688382,82000.0,1.3763571296199206,0.1566951301009815,80000.0,-1.0962369467122701,0.14965933171215032,43
2026-09-20 21:30:00.024264,80864.01,188158075.1620122,178903249.11564347,0.025213296618981584,82000.0,1.4048153189534007,0.1561470869011714,80000.0,-1.0684728595576676,0.1498163885274935,43
2026-09-20 21:39:59.999677,80895.47,188861475.17285717,178668486.1748149,0.02773376342071878,82000.0,1.3653792975057755,0.15661241320721772,80000.0,-1.1069470268236348,0.14949878946263523,43
2026-09-20 21:50:00.107135,80898.94,189255172.64236608,178373467.66623443,0.029599720432546165,82000.0,1.3610314300780635,0.15641019287301644,80000.0,-1.1111888487043253,0.14924805186329748,43
2026-09-20 22:00:00.005909,80922.08,189942922.08309728,177914721.16312897,0.032697977439922886,82000.0,1.3320468282574938,0.1568551566041807,80000.0,-1.139466509017073,0.1490170049055608,43
2026-09-20 22:10:00.053120,81169.97,211554706.08720845,207039958.47142768,0.010785487723645727,82000.0,1.022582612756917,0.15894314301966336,80000.0,-1.441382816822523,0.1461509219404406,43
2026-09-20 22:19:59.994072,81131.27,211623491.21678153,207918587.4232669,0.008830827662207656,82000.0,1.0707708630716573,0.158004286978957,80000.0,-1.3943698896861867,0.1466645283570449,43
2026-09-20 22:30:00.018824,81151.07,212087023.4362241,207721893.160108,0.010397897956782564,82000.0,1.0461106674255705,0.15851498795565722,80000.0,-1.4184286171457838,0.14642147466074487,43
2026-09-20 22:39:59.998849,81255.84,214549272.55191487,204142525.92208827,0.024855386868708314,82000.0,0.9158234042008662,0.16068959934773847,80000.0,-1.5455381422430636,0.14684395830240804,42
2026-09-20 22:50:00.028840,81180.01,213683284.8046398,199523593.9255326,0.03426780048439991,82000.0,1.0100885673702154,0.16159370092259961,80000.0,-1.4535721293948978,0.138530067254695,43
2026-09-20 23:00:00.012330,81203.52,214747441.5044006,204824377.1171455,0.023650454932498,82000.0,0.9808441801537615,0.15974545533914963,80000.0,-1.4821032388743771,0.14648962802937254,43
2026-09-20 23:10:00.024552,81196.56,215698244.45779097,204832912.26812297,0.025837163348992012,82000.0,0.9895000477852856,0.16152309998880415,80000.0,-1.4736584899655791,0.14619863897231702,43
2026-09-20 23:20:00.016678,81236.56,217800086.52239233,194479598.1034902,0.056564728480531325,82000.0,0.9397739146020045,0.16762617971750346,80000.0,-1.5221717906321985,0.13721823991602325,43
2026-09-20 23:30:00.013572,81140.2,215140430.9598116,207962648.7603551,0.016964618182887675,82000.0,1.059647375776751,0.16220620695478064,80000.0,-1.405222072412926,0.14552112608103052,43
2026-09-21 07:59:59.472905,81706.62,213738178.64528006,175997441.61843133,0.09683676591149604,82000.0,0.35906515286032725,0.16019937315674684,80000.0,-2.0887169240387027,0.134993809439442,43
2026-09-21 08:10:00.109978,81910.77,234789787.9428298,175453155.64652327,0.14463778895780735,82000.0,0.10893561371720928,0.16413714371637916,80000.0,-2.3327457427149145,0.13736766627413224,41
2026-09-21 08:20:00.007489,81947.3,235677774.47178507,171067751.59748322,0.15884630249946213,82000.0,0.06430962337991009,0.16590559260814963,80000.0,-2.376283294263515,0.1385982688212529,41
2026-09-21 08:29:59.991690,82225.16,163429038.91255763,212393183.2565763,-0.1302853888240355,85000.0,3.3746848288285447,0.1520642972832564,82000.0,-0.27383345924776314,0.16855089910547844,41
2026-09-21 08:40:00.009376,83496.34,155853704.16548803,179080415.96956486,-0.06934710561799823,85000.0,1.8008693554711463,0.180483066266927,82000.0,-1.792102504133708,0.15194750182223649,41
2026-09-21 08:50:00.011130,83756.44,154602208.13044217,171930308.5110061,-0.053066997917365695,85000.0,1.4847335918288795,0.18150070823271164,82000.0,-2.0970805349415533,0.14055315917986577,40
2026-09-21 09:00:00.013163,83737.21,154759392.60085583,172623521.8090598,-0.05456646764967192,85000.0,1.508039257577365,0.18216388207134226,82000.0,-2.0745974221018426,0.14084718127497933,41
2026-09-21 09:10:00.011658,83923.97,167616895.29736307,168465886.57191026,-0.0025261373695645707,85000.0,1.282148592350918,0.18177038710179919,82000.0,-2.2925154756144206,0.13805501768775008,40
2026-09-21 09:20:00.041546,83994.28,170961869.28316516,169165585.78486034,0.005281207005019802,85000.0,1.197367249293646,0.1812659810683935,82000.0,-2.3743045359755466,0.13693742338996462,40
2026-09-21 09:30:00.015472,84437.7,134025786.01117024,158739481.10982397,-0.0844147099199443,85000.0,0.665934766105658,0.1900188369276351,82000.0,-2.8869805785804226,0.12990301265721418,41
2026-09-21 09:40:00.006113,84879.4,138461941.59729505,146445261.94770038,-0.028020773961036506,85000.0,0.1420839449854716,0.19968697133255844,82000.0,-3.3923425471904745,0.12291093643906872,41
2026-09-21 09:49:59.970489,84774.22,137192852.50930047,152485867.21467185,-0.05279302090241118,85000.0,0.2663309671265601,0.19384401665536755,82000.0,-3.2724807140661394,0.1321712188169876,41
2026-09-21 10:00:00.021279,84630.83,142216165.3861236,155120047.73316973,-0.043398287116372905,85000.0,0.4362121935942209,0.19950082116905957,82000.0,-3.108595295591454,0.1293816976771315,41
2026-09-21 10:30:00.004481,84347.75,152606020.95925972,167255149.43397564,-0.04579839577497441,85000.0,0.7732867800267273,0.20572000835736218,82000.0,-2.7834174592683225,0.12643526168881644,41
2026-09-21 10:50:00.038292,84193.9,152104334.4129014,214165352.11085886,-0.16944076996099294,85000.0,0.957432783135137,0.20202945374443948,82000.0,-2.605770726857881,0.13394639452092452,41
2026-09-21 11:00:00.010781,84418.55,153945901.0804555,168299439.0449122,-0.04454226695372077,85000.0,0.6887704183499821,0.20662437727423497,82000.0,-2.864950890532947,0.124764831878916,41
2026-09-21 11:10:00.006219,84535.2,154129957.06201863,165366856.3894063,-0.03517061471129844,85000.0,0.5498301299340369,0.21113945329490505,82000.0,-2.9989874040636244,0.1252724360364211,41
2026-09-21 11:20:00.017392,84570.46,155202145.25495288,165754446.10933685,-0.03287765741008566,85000.0,0.5079078439445661,0.21184968086339598,82000.0,-3.039430079959371,0.12475673957258765,41
2026-09-21 11:29:59.996821,84647.85,155779168.73185185,165702765.15733865,-0.030868286455273418,85000.0,0.4160176543172689,0.21362542565802836,82000.0,-3.128077086423353,0.12580393872413584,41
2026-09-21 11:40:00.012838,84784.37,161781891.753058,163300654.66470763,-0.004671930032496646,85000.0,0.25432753702128164,0.2150230284917249,82000.0,-3.2840604936971274,0.12565123932004701,41
2026-09-21 11:50:00.005857,84855.47,161919345.06627196,164765035.22256142,-0.008710824049112728,85000.0,0.17032490657349353,0.21363786595540163,82000.0,-3.3650983254232214,0.12541020531126607,41
2026-09-21 12:00:00.014693,84866.04,161719851.7125801,163005236.3322705,-0.003958377923398555,85000.0,0.15784876966098427,0.2137854934182255,82000.0,-3.377134128091752,0.12581330976278562,41
2026-09-21 12:10:00.012229,84933.34,160245236.58556843,159716330.13667095,0.0016530311884509177,85000.0,0.07848508018171163,0.2162304626904784,82000.0,-3.453696746177648,0.12720674833505524,41
2026-09-21 12:20:00.012696,85213.14,59669634.67430256,253493581.48185983,-0.6189230944380926,90000.0,5.6175139186280365,0.1021597346650909,85000.0,-0.25012574351795935,0.21892874842743323,41
2026-09-21 12:30:00.011075,85059.01,59177450.91525387,257701245.3371855,-0.6264977632443265,90000.0,5.808896670676056,0.10192032701936737,85000.0,-0.06937536658373489,0.21817388859763093,41
2026-09-21 12:40:00.007444,85260.41,59564806.19778795,254770361.8587653,-0.6210108683284754,90000.0,5.558957551341814,0.10220779388357526,85000.0,-0.3054289792882803,0.21760830805127107,43
2026-09-21 12:50:00.008983,85264.85,59751599.274513245,235816933.8761158,-0.5956836227619511,90000.0,5.553460775454355,0.10167002822252069,85000.0,-0.3106203787375472,0.21779184197449442,43
2026-09-21 13:00:00.014436,85298.13,59792722.47220042,236006657.08894867,-0.5957211096188944,90000.0,5.512277936222043,0.1016144556532293,85000.0,-0.34951528245695807,0.21759623270969605,43
2026-09-21 13:10:00.008813,85324.36,59982168.57451798,236715974.36006358,-0.5956687292933724,90000.0,5.479841864621071,0.11723459879721367,85000.0,-0.38014935008009454,0.20468066851897915,43
2026-09-21 13:19:59.981957,85152.05,57621299.09219463,258967635.2110326,-0.6359866511505721,90000.0,5.69328630373549,0.11712225241526263,85000.0,-0.17856293536092638,0.20456045569787712,43
2026-09-21 13:30:00.017958,84923.46,161368439.17600518,158194152.11115348,0.00993322482480213,85000.0,0.09012821663176851,0.20262764962713423,82000.0,-3.442464543955237,0.10766425782465691,43
2026-09-21 13:40:00.058110,85047.83,57338133.33437661,261937437.59246564,-0.6408235483352098,90000.0,5.822805825851174,0.11651373893393871,85000.0,-0.05623894225167403,0.20337720575593085,44
2026-09-21 13:50:00.018282,85414.11,60672223.30261591,216755329.86640736,-0.5626085252919977,90000.0,5.369007532830339,0.13450434474633005,85000.0,-0.4848262189935615,0.19322150529185322,44
2026-09-21 14:00:00.012181,85418.17,59971931.87641154,222287971.8994924,-0.5750587945780259,90000.0,5.363999252149743,0.13341407608643488,85000.0,-0.48955626185857026,0.19162507397718087,44
2026-09-21 14:09:59.990101,85221.26,59802293.58566465,246963519.79430658,-0.6101110946701784,90000.0,5.607450535230307,0.13142990202783814,85000.0,-0.25963005006027773,0.19027563432732048,44
2026-09-21 14:20:00.011727,85383.73,60928633.08373319,203960374.45565525,-0.53996858042761,90000.0,5.406498404321303,0.15686111835072314,85000.0,-0.44941817369655856,0.14226081487600384,44
2026-09-21 14:30:00.008581,85695.43,61799568.62216053,197551071.7515115,-0.5234284478101169,90000.0,5.023103332348078,0.15965024204721961,85000.0,-0.8115135194490475,0.1465276092623179,44
2026-09-21 14:40:00.014835,85801.69,145657920.14534995,197800261.80490965,-0.15181569227286912,90000.0,4.893038820097839,0.15680830462796055,85000.0,-0.9343522254631642,0.14653641975584072,44
2026-09-21 14:50:00.012052,85971.89,147301205.44637305,193271670.250789,-0.1349798180795025,90000.0,4.685380302794329,0.16470960492444398,85000.0,-1.130474158472028,0.1509556436966934,44
2026-09-21 15:00:00.015757,85827.32,146801726.23648828,194387179.37559843,-0.13946952071534305,90000.0,4.861715360563501,0.16007397681278457,85000.0,-0.9639354928011379,0.14771395159380357,44
2026-09-21 15:10:00.014364,86297.91,129530578.79329261,214786785.07424688,-0.2476093721307437,90000.0,4.289895317279413,0.18280065018685232,85000.0,-1.5039877559027803,0.15114178908577056,43
2026-09-21 15:20:00.011425,86128.7,120015552.08294393,225364525.5783171,-0.3050233071019703,90000.0,4.4947851296954555,0.1674817343938334,85000.0,-1.310480710843187,0.1509530834428988,44
2026-09-21 15:30:00.010076,85844.08,158450384.48575768,189696334.07141936,-0.08974937266435867,90000.0,4.841242401339718,0.17776095439509543,85000.0,-0.9832710654013699,0.15046458610726873,44
2026-09-21 15:39:59.995168,85971.79,160220073.27852145,189520064.85914406,-0.08377646253770703,90000.0,4.685502069923175,0.1790187804939202,85000.0,-1.130359156183669,0.15121783029971814,44
2026-09-21 15:50:00.010957,86067.56,137004096.31236866,217216969.76260087,-0.22644862525837314,90000.0,4.569015317734126,0.1917743884700926,85000.0,-1.2403744221400004,0.14956771713750228,44
2026-09-21 16:00:00.032430,85928.77,162137702.1191026,190674875.72411108,-0.08088479662335087,90000.0,4.7379125757298635,0.17785379443373137,85000.0,-1.080860345144008,0.15153384399570327,44
2026-09-21 16:40:00.024096,85634.81,69965452.64656202,204966533.1100445,-0.49103446473120477,90000.0,5.097448105507563,0.16668668728387137,85000.0,-0.7412990114650797,0.15668551560748195,44
2026-09-21 16:50:00.003843,86007.93,129919238.57116543,233328099.85167688,-0.28467892353869684,90000.0,4.641513869709457,0.17202785825613914,85000.0,-1.1719035674966127,0.15970339385189283,44
2026-09-21 17:00:00.019100,85958.88,166719731.19250074,198665027.05096465,-0.08742919658728054,90000.0,4.701224585522756,0.1705599456273366,85000.0,-1.1155101136729573,0.15914399957149583,44
2026-09-21 17:09:59.980484,86051.85,128254858.87007318,233725220.46172363,-0.29137062400324687,90000.0,4.588105891970939,0.18075985206233589,85000.0,-1.2223444353607782,0.16886116703615972,44
2026-09-21 17:20:00.006578,85790.87,165437006.10412353,203179830.37662247,-0.10239039712031807,90000.0,4.906267997981617,0.1675847639582514,85000.0,-0.9218580019062617,0.1581659961329609,44
2026-09-21 17:29:59.987930,85885.01,166064053.996635,203124692.5062914,-0.10038398748798981,90000.0,4.791278478048744,0.16771760536153849,85000.0,-1.0304592151761938,0.15849103091927913,44
2026-09-21 17:40:00.005159,85902.24,166593809.51973492,203236382.15411973,-0.09907945175741388,90000.0,4.7702597743667585,0.16771854710464074,85000.0,-1.0503102130980602,0.15850754117325233,44
2026-09-21 17:50:00.008617,85824.56,165883623.66400138,204537863.41934556,-0.10435204517886608,90000.0,4.865087569339122,0.16641052614499277,85000.0,-0.9607506289574852,0.1578161845834325,44
2026-09-21 17:59:59.969100,85896.23,167495204.53067857,203813101.86695734,-0.09781062451478192,90000.0,4.777590355246097,0.16728710265932412,85000.0,-1.0433868867120166,0.15849489212817047,45
2026-09-21 18:10:00.000225,85950.17,168218764.51918775,203596657.9205525,-0.09514907469202251,90000.0,4.711834775893986,0.1673400950933714,85000.0,-1.105489378322344,0.1580764076708,45
2026-09-21 18:19:59.982377,86050.89,130866468.37893674,235818883.57808554,-0.28621927393339086,90000.0,4.589272696656588,0.16902830284510995,85000.0,-1.221242453157656,0.1591345243095879,45
2026-09-21 18:30:00.017016,85926.25,168383784.4336462,203925686.19640967,-0.0954633297472026,90000.0,4.740984274305005,0.16710715042459212,85000.0,-1.0779592964897278,0.15820416279562535,45
2026-09-21 18:40:00.017157,85963.61,168730797.5341984,203739997.00593776,-0.09399179743733406,90000.0,4.695463580461556,0.16797983692380997,85000.0,-1.120951062897424,0.15831618853063326,45
2026-09-21 18:49:59.993710,85990.13,169050095.58498126,204006290.73729682,-0.09370217595502413,90000.0,4.66317471551676,0.1678498951365127,85000.0,-1.1514461020119438,0.15784311248846583,45
2026-09-21 18:59:59.951480,86062.97,131390138.8832058,236026049.76647314,-0.28478851535590544,90000.0,4.574592301427671,0.16952027713328094,85000.0,-1.2351072708738697,0.1592553449043291,45
2026-09-21 19:10:00.009284,86008.35,130914722.87052271,249728275.64485717,-0.3121390731938914,90000.0,4.641002879371592,0.16558659149014734,85000.0,-1.1723861694823867,0.16742804284965135,45
2026-09-21 19:19:59.996148,86313.11,140639317.9443546,233668892.01660213,-0.2485373593113313,90000.0,4.271529550956976,0.1820630716697068,85000.0,-1.5213332018739645,0.16086358626336972,44
2026-09-21 19:29:59.996034,86367.1,140909303.3823869,203583557.28098857,-0.18193193838012345,90000.0,4.206347092816576,0.1799687758982476,85000.0,-1.5828944123398858,0.16099490906620648,44
2026-09-21 19:40:00.014084,86589.13,148762542.62272218,193057846.20565474,-0.12958648761344835,90000.0,3.9391434005630943,0.198041429309195,85000.0,-1.8352534550237443,0.15326443944380377,44
2026-09-21 19:49:59.994352,86528.58,141543927.0005827,193141258.57621878,-0.15416676267493726,90000.0,4.011876769502054,0.18770620000844487,85000.0,-1.7665608288036205,0.15476612311460014,44
2026-09-21 20:00:00.012997,86489.89,145636454.07969368,189954981.90205714,-0.1320609618440128,90000.0,4.058404976581653,0.18736776585531972,85000.0,-1.72261752211732,0.15427564838776314,44
2026-09-21 20:10:00.013908,86699.94,151008774.09919918,190515614.03589508,-0.11567794660997525,90000.0,3.8063002119724576,0.1989525336503315,85000.0,-1.9607164664704468,0.1528341539025197,45
2026-09-21 20:19:59.999300,86986.67,154045059.53648826,188903017.45058674,-0.10164208594005966,90000.0,3.464128469339034,0.1917856886846875,85000.0,-2.2838786678464618,0.14556539014258063,45
2026-09-21 20:30:00.013390,87272.47,144260396.40313402,188739749.10127288,-0.1335715713600198,90000.0,3.1253040048024205,0.19737583850035403,85000.0,-2.6038795510199275,0.1375773649401715,45
2026-09-21 20:40:00.007962,86935.7,156656292.50164706,190580078.37072086,-0.09769652235405668,90000.0,3.524789010728613,0.19817044131150124,85000.0,-2.2265881565340817,0.1510851354247938,45
2026-09-21 20:50:00.008670,86856.27,158517337.5081877,190493158.91799164,-0.09161850929193262,90000.0,3.6194623600575904,0.19704141214289683,85000.0,-2.137174437723388,0.15032519699676458,45
2026-09-21 20:59:59.998948,86987.31,157656534.7985595,190806877.99696165,-0.09513292351830015,90000.0,3.4633672428771467,0.18880847993724625,85000.0,-2.2845976039493565,0.1439390474919742,45
2026-09-21 21:09:59.988242,86627.35,144529773.29300615,196192060.67526954,-0.15162599584702172,90000.0,3.8932854346808377,0.18025587225831807,85000.0,-1.8785637561347657,0.14955487628535039,44
2026-09-21 21:20:00.008191,86589.84,144387616.40796047,196495379.6988767,-0.15286113970491208,90000.0,3.9382911436260937,0.1790475749419751,85000.0,-1.8360583643531325,0.14867904893702805,44
2026-09-21 22:10:00.009200,86549.7,138673846.8192512,172777966.56923985,-0.10950046936297235,90000.0,3.9864956204354263,0.19482449704669755,85000.0,-1.7905319140332,0.15550837181372293,43
2026-09-21 22:20:00.010458,86664.98,82402544.5457873,64115728.79014709,0.12480911315213593,95000.0,9.61751794092609,0.17411292063097802,80000.0,-7.690511207641193,0.09261459477512692,44
2026-09-21 23:00:00.014281,86430.26,94124317.32831332,205522626.94922513,-0.3717652115208379,90000.0,4.130196993506674,0.11501330733190009,85000.0,-1.6548139505770276,0.2022222378435041,44
2026-09-21 23:10:00.009219,86532.7,146506988.537776,207961448.9484461,-0.17337075437939037,90000.0,4.006924549910029,0.17756428790647097,85000.0,-1.7712379250849675,0.1608079076466057,44
2026-09-21 23:20:00.012015,86564.88,146941267.47982588,207560810.4833466,-0.17099911896656977,90000.0,3.9682605694133732,0.17764535210932425,85000.0,-1.807753906665155,0.16066522722022666,44
2026-09-21 23:30:00.013625,86476.31,150427443.43610466,205785586.75441054,-0.1554074068786827,90000.0,4.074746020037168,0.1766379605877072,85000.0,-1.707184314409338,0.16016448155743118,44
2026-09-21 23:40:00.011266,86423.61,140256104.76540458,192528557.21489942,-0.15707590649892575,90000.0,4.138209454569175,0.18392380907918462,85000.0,-1.6472466262402174,0.1615046089944673,43
2026-09-22 00:00:00.011332,86593.07,81003205.9616329,137476127.79786807,-0.2584817559833818,95000.0,9.708548270664142,0.16194226651887825,85000.0,-1.8397199683531373,0.2629455800957515,44
2026-09-22 00:19:59.954708,86438.44,50014692.42297004,197631693.87787473,-0.5960797718872312,88000.0,1.806557360359573,0.060009636756075256,85000.0,-1.664120731470864,0.23880539991623217,44
2026-09-22 00:40:00.001956,86246.99,99580225.25630963,253815593.6048479,-0.43643801119541376,90000.0,4.351467801948794,0.11055329916452322,85000.0,-1.4458359648261365,0.18828539188383117,43
2026-09-22 01:09:59.978975,85882.16,183857344.70815045,215548119.93561932,-0.07934487139712502,90000.0,4.794755977260001,0.15577822988488596,85000.0,-1.027174910365558,0.1670188264844424,45
2026-09-22 01:20:00.012222,85555.25,91322197.54694632,212419327.62454036,-0.39868480284091845,90000.0,5.195180891879803,0.15760923877319286,85000.0,-0.6489958243357408,0.1722723449829936,45
2026-09-22 01:29:59.996353,85748.16,182984136.80656576,216240978.868846,-0.08330348156081334,90000.0,4.958520392740784,0.15527252337685846,85000.0,-0.8725085179670411,0.1677563873057306,45
2026-09-22 01:39:59.999973,85646.99,92328932.74898447,220992116.41401654,-0.4106432810969454,90000.0,5.082502023713853,0.154433116799705,85000.0,-0.7554147553813673,0.16822369642490953,45
2026-09-22 01:50:00.006702,85571.07,91300469.54627445,231307766.64586914,-0.43398550127594127,90000.0,5.175732873271288,0.14077870950416468,85000.0,-0.667363397465992,0.17661545687250793,45
2026-09-22 02:00:00.034798,85597.4,92554614.61763646,224589797.21853712,-0.4163251114419942,90000.0,5.143380523240193,0.1428924942860798,85000.0,-0.6979183947175893,0.16852700833713627,45
2026-09-22 02:10:00.008998,85549.54,91241138.98491512,231633802.35042414,-0.43482056174714606,90000.0,5.20220213925171,0.14116612525185032,85000.0,-0.6423646462622612,0.1775513140745127,45
2026-09-22 02:19:59.991693,85579.87,91602904.11249098,229762172.73215795,-0.4299137603133352,90000.0,5.164917871457386,0.1405826526441629,85000.0,-0.6775775658457994,0.1657081215358818,45
2026-09-22 02:30:00.006928,85724.83,183469098.53281167,220460924.60657132,-0.09157978846498119,90000.0,4.987084838780076,0.15394631391116878,85000.0,-0.8455309855965876,0.16666239901102495,45
2026-09-22 02:39:59.993670,85762.51,184201478.52824962,220286423.78065398,-0.08921143264464466,90000.0,4.940958467750067,0.1538038888065845,85000.0,-0.8890947804582661,0.16608998433501188,45
2026-09-22 02:50:00.017169,85792.6,185803124.79774135,220350568.0784625,-0.08506002502666216,90000.0,4.904152572599485,0.15339656950637068,85000.0,-0.9238559036560345,0.16546695650794155,45
2026-09-22 03:00:00.003108,85698.37,95432215.08904608,225736284.4892015,-0.40571871018256234,90000.0,5.01950037089387,0.15314927202914952,85000.0,-0.8149163163780115,0.1650516199339609,45
2026-09-22 03:09:59.987888,85578.87,93454329.48026083,236559681.61474022,-0.4336341710451915,90000.0,5.166146736922328,0.1405739467575952,85000.0,-0.676416970684468,0.1747958195940495,45
2026-09-22 03:19:59.983837,85481.2,96351301.51121518,236914698.4827855,-0.42177538955099136,90000.0,5.286308568433773,0.13752969124039593,85000.0,-0.5629307964792218,0.17350169935393667,45
2026-09-22 03:29:59.996722,85588.6,93464520.14261717,235912654.76251137,-0.4324772494054087,90000.0,5.1541910955430925,0.140742954282402,85000.0,-0.6877084097648534,0.17532069685327525,45
2026-09-22 03:39:59.965002,85455.52,96587569.65861094,236213501.99923414,-0.4195477245463125,90000.0,5.317947863403094,0.13866015700933118,85000.0,-0.5330492401193099,0.1745983325654079,45
2026-09-22 03:50:00.008597,85534.37,93010087.3239065,236170918.27833202,-0.4349000352936888,90000.0,5.220860339533684,0.14070852536135534,85000.0,-0.6247430126626208,0.17585756790907897,45
2026-09-22 03:59:59.996779,85667.83,96645007.86537713,231810471.7681549,-0.4115183709329071,90000.0,5.056939110048653,0.14225344581928012,85000.0,-0.779557507176265,0.17527753316792463,45
2026-09-22 04:09:59.960255,85603.45,93870608.17383191,235820413.5313417,-0.4305540521647826,90000.0,5.135949544089646,0.14086553187003772,85000.0,-0.704936541693113,0.175263205261818,45
2026-09-22 04:19:59.997683,85509.08,91633705.75980702,241387981.1439414,-0.44968325269284076,90000.0,5.251980257535216,0.1402734789782771,85000.0,-0.5953519789945183,0.17625840884395227,45
2026-09-22 04:30:00.002539,85543.75,90682739.73836367,236749816.10626605,-0.4460982078923539,90000.0,5.209322714985021,0.14129208784813382,85000.0,-0.6356396580696977,0.17692384352236695,45
2026-09-22 04:40:00.131349,85559.35,92042273.98539335,236955056.04525235,-0.44046795773801733,90000.0,5.190139943793404,0.1412379527460882,85000.0,-0.6537567197506866,0.1770602830247491,45
2026-09-22 04:49:59.999143,85476.94,98920897.84620728,239743467.8959788,-0.415817500436332,90000.0,5.291555827805716,0.13886373394793947,85000.0,-0.5579750515168236,0.1747932043160729,45
2026-09-22 05:00:00.079665,85437.61,97686625.97676614,241516046.89832002,-0.4240220741848933,90000.0,5.340025312037633,0.13704672584242347,85000.0,-0.5121983164088961,0.17486335140794193,45
2026-09-22 05:10:00.006391,85454.45,96436253.68091157,240507642.06669378,-0.4275827228331859,90000.0,5.319266580031812,0.13908797200857695,85000.0,-0.5318037855254976,0.17599327187834057,45
2026-09-22 05:20:00.012551,85211.65,89069472.48731579,269985469.1965494,-0.5038671682411312,90000.0,5.6193607329514395,0.1259314726637286,85000.0,-0.24838152999031582,0.181802401420051,45
2026-09-22 05:30:00.005965,85184.48,87694049.1709331,271485053.65566313,-0.511697376151252,90000.0,5.653048536540939,0.12583354591165619,85000.0,-0.2165652710446775,0.18345575788496235,45
2026-09-22 05:40:00.013151,85331.85,94106933.95276012,245011434.72667935,-0.44499064253451176,90000.0,5.470583375375071,0.13719884662747697,85000.0,-0.3888934788124354,0.18007203948795095,45
2026-09-22 05:50:00.005139,85519.04,94088403.56556441,237044631.6855098,-0.4317184119414484,90000.0,5.239722054878082,0.14087418915473074,85000.0,-0.6069291703929225,0.17579349333598693,45
2026-09-22 06:00:00.006625,85388.04,96909376.21214916,242943384.8503786,-0.4296978732250505,90000.0,5.401177963564918,0.13826212018084935,85000.0,-0.4544430344109007,0.17778023625295172,45
2026-09-22 06:10:00.026754,85308.3,93540477.92362127,245594651.60743523,-0.448358664270696,90000.0,5.499699325856922,0.1276164883563769,85000.0,-0.36139508113512964,0.18285081420120952,45
2026-09-22 09:20:00.024140,85902.65,184494176.6765334,226575617.60119852,-0.10237054999043194,90000.0,4.7697597221971755,0.1587163869870699,85000.0,-1.0507824845915614,0.17557209769757665,43
2026-09-22 09:29:59.505722,85880.34,184432358.9438486,226797951.253442,-0.10302157029540987,90000.0,4.796976816812792,0.1560110741656723,85000.0,-1.0250774507879146,0.1728922294732646,43
2026-09-22 09:39:59.982752,85947.59,186552182.59792805,222775313.5464333,-0.08849425286526587,90000.0,4.714978046504847,0.15941769897174318,85000.0,-1.1025207338565268,0.1763650554610962,43
2026-09-22 09:50:00.034458,86012.82,144923663.6942153,268274382.95869517,-0.29852686929107247,90000.0,4.635564791388069,0.15947341589217537,85000.0,-1.1775221414668247,0.17642669552882728,43
2026-09-22 10:40:00.007853,85902.03,188837985.6146197,228615857.44138345,-0.09528687419803532,90000.0,4.770515900497352,0.15830673162938314,85000.0,-1.0500683161969504,0.17572900335485145,43
2026-09-22 10:50:00.009304,85789.8,186634072.31392804,235893741.0396099,-0.11658325717002035,90000.0,4.907576425169413,0.15490374127695083,85000.0,-0.9206222651177653,0.1739920920931261,43
2026-09-22 11:00:00.009430,85870.22,188609081.76249343,229627839.2289766,-0.09807540991178958,90000.0,4.809327377989714,0.1575726174712008,85000.0,-1.0134130318986023,0.1766758043087927,43
2026-09-22 11:09:59.990980,85789.15,187779369.60766143,233701883.6112422,-0.10895505708229002,90000.0,4.908371280051149,0.15522984130317785,85000.0,-0.9198715688405801,0.17706617870532387,43
2026-09-22 11:19:59.999954,86019.96,148540298.13682887,273343361.5352957,-0.295823411353405,90000.0,4.62687962189241,0.15775238897342042,85000.0,-1.185724801546062,0.17915037408293707,43
2026-09-22 11:30:00.010119,85905.28,190518762.523824,231190302.36406013,-0.09644454726399844,90000.0,4.7665521839868275,0.15646273670820796,85000.0,-1.053811826234663,0.1785324422365212,43
2026-09-22 11:40:00.022638,86052.19,150386912.1639606,270580613.2072949,-0.2855177508938112,90000.0,4.587692654887698,0.15929786970498572,85000.0,-1.2227347148282997,0.1794104123689277,43
2026-09-22 11:50:00.008765,86055.55,150576982.25869167,267512737.61808836,-0.27969057788328344,90000.0,4.583609075765582,0.15870891299937853,85000.0,-1.226591428443613,0.1771023998077363,43
2026-09-22 12:00:00.005917,85964.77,194949026.3301515,230320243.19282174,-0.08317369581476301,90000.0,4.694050830357588,0.15648847619211423,85000.0,-1.122285326884498,0.17666432884433225,43
2026-09-22 12:10:00.019190,85933.2,194733423.01984853,229511829.59564853,-0.08197712611134496,90000.0,4.732513161385832,0.15640908784721178,85000.0,-1.0859597920245045,0.17443187584527978,43
2026-09-22 12:20:00.016823,85835.1,193882004.0684851,231041040.4595193,-0.0874488613163112,90000.0,4.852210808864887,0.1548633326402857,85000.0,-0.9729120138498137,0.17500463609758363,43
2026-09-22 12:30:00.010918,86088.8,151829217.10546553,266786123.01582932,-0.27461226307916653,90000.0,4.543215842246617,0.15888976233419544,85000.0,-1.2647405934337552,0.17704782356675022,43
2026-09-22 12:39:59.979104,85998.25,195056236.30249125,229193895.41674736,-0.08046587746694638,90000.0,4.6532923635074,0.15687890029859428,85000.0,-1.1607794344652311,0.17562983663846674,43
2026-09-22 12:50:00.019856,85991.03,194958266.59508225,223439719.3818827,-0.06807263357230525,90000.0,4.662079288967691,0.15846130962248475,85000.0,-1.1524806715305091,0.17735597273353895,43
2026-09-22 13:00:00.024529,86005.53,151309000.8045348,273237459.419106,-0.2871969738019774,90000.0,4.644433910238099,0.1568290455094356,85000.0,-1.1691457514417913,0.17552908016135485,43
2026-09-22 13:09:59.961551,86117.28,152165895.89060315,267409420.26306838,-0.2746670739092209,90000.0,4.508642167983012,0.1587182459375265,85000.0,-1.2973935080160426,0.17720247458951496,43
2026-09-22 13:20:00.007374,85977.14,195328020.75456336,229987508.49422246,-0.08149123499176357,90000.0,4.6789879263255285,0.15697628066617744,85000.0,-1.136511402914775,0.1758163933856523,43
2026-09-22 13:29:59.999323,85721.42,191498314.92294663,237715460.63791996,-0.10767861691899332,90000.0,4.99126122735718,0.1508750889508086,85000.0,-0.8415866186071042,0.17050971889083874,43
2026-09-22 13:40:00.008732,85806.9,192268591.41411754,236742478.6352309,-0.10366605974992112,90000.0,4.886669953115663,0.15109207698226373,85000.0,-0.9403672665018736,0.17034639061703966,43
2026-09-22 13:49:59.984576,86101.17,152515891.88042012,267644837.67883354,-0.2740116762439533,90000.0,4.528196306740084,0.1594089964947043,85000.0,-1.2789257103010265,0.17741442171411492,43
2026-09-22 13:59:59.982828,86332.95,91452578.52855688,215138632.93198526,-0.4034233525945234,95000.0,10.039098629202403,0.11968632046581386,85000.0,-1.5439643843978446,0.1928964677343162,42
2026-09-22 14:10:00.000698,86113.72,152667066.26826996,270422431.63784647,-0.27832259120671066,90000.0,4.512962626629058,0.15836515274989363,85000.0,-1.2933130748503219,0.17714102702726306,43
2026-09-22 14:20:00.009386,86114.94,152734945.32242697,271693372.6259467,-0.2802791950323859,90000.0,4.511481979781906,0.15772095604967837,85000.0,-1.2947114635393109,0.17818608055303847,43
2026-09-22 14:29:59.974881,85920.11,197601981.22150096,233372304.80842066,-0.08299874202804813,90000.0,4.748469246605946,0.15339903977145244,85000.0,-1.0708901559832729,0.17659988841074464,43
2026-09-22 14:39:59.999498,85868.82,197547079.24312645,235668058.9099086,-0.08799549302295098,90000.0,4.811036182865913,0.1497282048762531,85000.0,-1.0117991606266474,0.17413525788577391,43
2026-09-22 14:50:00.026969,86011.95,152436268.63444665,277791141.16835505,-0.29136886604078954,90000.0,4.636623166897169,0.15513048501561433,85000.0,-1.1765225645971267,0.1782672597577641,43
2026-09-22 15:00:00.003719,86245.72,162701366.57372352,272375291.7112661,-0.2520795428784013,90000.0,4.353004415755346,0.1649269883740844,85000.0,-1.4443847184532732,0.17594878874324776,43
2026-09-22 15:10:00.016763,86236.92,162613728.6866212,272933396.70110077,-0.2532898544934111,90000.0,4.363653061820849,0.16389341557478831,85000.0,-1.4343276638358549,0.17495997923111326,43
2026-09-22 15:19:59.963051,86193.56,155709762.81448624,274598801.3992932,-0.27628787449775755,90000.0,4.416153596626016,0.15442939260343985,85000.0,-1.384743825408763,0.17766559598949264,43
2026-09-22 15:29:59.994045,86280.79,162820907.29832453,274346573.8988931,-0.25510970371159986,90000.0,4.310588718531672,0.16437418057944284,85000.0,-1.4844439880534188,0.17636607713322092,42
2026-09-22 15:40:00.035865,86329.29,163967871.6082021,232939088.76932922,-0.17377175017420418,90000.0,4.251986782238104,0.1677999719393973,85000.0,-1.5397902612195646,0.16837552152780766,42
2026-09-22 15:50:00.042850,86485.98,165349454.41588837,226707803.09834594,-0.15650353999690939,90000.0,4.063109419584543,0.16873308136104154,85000.0,-1.718174437059039,0.16849980068849327,42
2026-09-22 16:00:00.021196,86411.76,164823624.4991147,230161972.2569759,-0.16541957047160022,90000.0,4.152490355479399,0.1674705036353925,85000.0,-1.6337591087139058,0.16783174754715383,42
2026-09-22 16:09:59.974181,86263.82,162736475.69059795,276104161.93086,-0.25833452174056065,90000.0,4.331108916808923,0.16288853524224553,85000.0,-1.4650638007915773,0.17463978659107457,42
2026-09-22 16:20:00.006698,86111.61,153853952.68971452,277082052.52396494,-0.28595452304605606,90000.0,4.515523516515363,0.15392922662980615,85000.0,-1.2908944566243696,0.17727836464645116,43
2026-09-22 16:29:59.987150,86082.49,153641651.04898328,211878151.9130029,-0.15932515938151834,90000.0,4.550879046365863,0.17311696522536246,84000.0,-2.419179556725193,0.10337301486318437,43
2026-09-22 16:40:00.189600,86199.36,162462449.13649312,276227409.29200536,-0.25932890393921576,90000.0,4.409127863594353,0.16280569097057904,85000.0,-1.3913792399386726,0.17452688603361655,43
2026-09-22 16:50:00.009591,86388.46,164767662.33406746,238801031.56069186,-0.18344675973783653,90000.0,4.180581526745586,0.16611679416197747,85000.0,-1.6072285580736256,0.17338099162587664,42
2026-09-22 16:59:59.915521,86428.96,164893578.8990463,227424059.37728783,-0.1593873799632668,90000.0,4.13176324232063,0.16850751064342517,85000.0,-1.6533347155860745,0.1651298837719434,42
2026-09-22 17:10:00.021259,86451.35,166904732.0958109,226080696.42623228,-0.1505805560093486,90000.0,4.10479419928087,0.17060957593159432,85000.0,-1.6788054784569684,0.166432039768184,43
2026-09-22 17:20:00.004636,86373.14,165169455.3137809,226879650.0076629,-0.15740424823386695,90000.0,4.199060031857127,0.17002399947317276,85000.0,-1.5897766365793764,0.16638154005776656,43
2026-09-22 17:30:00.010476,86589.6,165249179.99846905,228400403.32523572,-0.16042497185837573,90000.0,3.9385792289143184,0.17094602956996924,85000.0,-1.8357862838031425,0.16605795603381235,43
2026-09-22 17:40:00.011453,86460.41,167306310.50737068,226570404.4582053,-0.15046356308728276,90000.0,4.093885282292775,0.1701382290820471,85000.0,-1.6891083445012667,0.16636139723801788,43
2026-09-22 17:50:00.014914,86476.02,165894888.5745194,227094778.2570458,-0.15572900472407736,90000.0,4.075095037907617,0.16917455802695833,85000.0,-1.7068546864205891,0.16541601659227645,43
2026-09-22 17:59:59.973001,86584.94,166285990.23282456,228550274.36738223,-0.1576964674144196,90000.0,3.944173201482837,0.17060159278183934,85000.0,-1.830503087488422,0.16581249665670436,43
2026-09-22 18:10:00.008922,86507.04,165499513.3606441,229693749.28905922,-0.16243757673904594,90000.0,4.0377754226708085,0.17004855694496296,85000.0,-1.7421009896997908,0.16587825610703155,43
2026-09-22 18:19:59.999367,86564.11,166737644.85059956,227700278.77197865,-0.15455571148303626,90000.0,3.969185381793916,0.17062115696566935,85000.0,-1.8068804727501941,0.1656874161558241,43
2026-09-22 18:30:00.063469,86295.68,166047423.2977223,272921128.6212497,-0.24346551673536487,90000.0,4.292590312748001,0.1635190474869889,85000.0,-1.501442482404669,0.17140727071673575,43
2026-09-22 18:40:00.012275,86422.01,167818417.5443272,234721064.39646935,-0.1662014531582814,90000.0,4.140137448781855,0.1675154505541954,85000.0,-1.6454257428171304,0.17426464217792378,43
2026-09-22 18:49:59.979257,86506.5,166132561.1803493,231873333.03030673,-0.1651753725414987,90000.0,4.038424858247636,0.16901625431693956,85000.0,-1.7414876338772256,0.16447862527363433,43
2026-09-22 19:00:00.016288,86464.98,170070077.81248492,229682098.93079978,-0.14912244281935924,90000.0,4.088383528221495,0.16828644619753283,85000.0,-1.6943044455685952,0.16470074740446675,43
2026-09-22 19:09:59.999917,86517.59,167144654.98590422,232323071.64590162,-0.16316316016205515,90000.0,4.025089002132409,0.1690482568428634,85000.0,-1.754082609097174,0.16491351699450021,43
2026-09-22 21:10:00.006237,86238.1,161812750.70937532,282080207.4313486,-0.27093796942785886,90000.0,4.36222504902124,0.15115064354000599,85000.0,-1.4356763425910413,0.17147773460253207,44
2026-09-22 21:20:00.008717,86233.53,161733583.24730772,283280262.8414653,-0.27313010743919863,90000.0,4.367755790584016,0.15085579274834654,85000.0,-1.4304528644484282,0.17114323158874806,44
2026-09-22 21:30:00.178819,86245.51,161799648.80848116,282835173.5342065,-0.2722133279800591,90000.0,4.3532585058631,0.15117171233008983,85000.0,-1.4441447444626387,0.17150163677264388,44
2026-09-22 21:40:00.018710,86248.8,162003767.0531354,293401107.0311461,-0.28852862025735165,90000.0,4.349277902996906,0.14851825199330074,85000.0,-1.4479042027251476,0.1784660155280375,44
2026-09-22 21:49:59.993243,86304.95,163971436.96069464,282655649.5173701,-0.2657344709936315,90000.0,4.281388263361485,0.15053673835523693,85000.0,-1.5120221957141466,0.17027010744149776,43
2026-09-22 22:00:00.030195,86186.01,160849125.04513097,296702117.7112886,-0.2969131759925737,90000.0,4.425300579525615,0.14690255968636556,85000.0,-1.376105008225803,0.17703600070272094,44
2026-09-22 22:10:00.012144,86091.64,159838462.12322342,303712563.5787108,-0.31037381750504245,90000.0,4.539767159738162,0.1451618615832108,85000.0,-1.2679976824695127,0.17610433402591535,44
2026-09-22 22:20:00.019824,86211.98,162817803.23585907,296929709.4218643,-0.2917077362979666,90000.0,4.393844103800881,0.14630937193733726,85000.0,-1.4058139019658245,0.17592547854161905,44
2026-09-22 22:30:00.000004,86168.17,162165736.87214553,298156730.59339607,-0.29542549697822523,90000.0,4.446920481193928,0.14613511563842344,85000.0,-1.3556862122057312,0.17608246066243155,44
2026-09-22 22:40:00.011568,86226.85,162971225.01587212,296887164.35591507,-0.29121125641088247,90000.0,4.375841167803296,0.1446620597864515,85000.0,-1.4228166748524451,0.17361077605927544,44
2026-09-22 22:49:59.995122,86193.55,162200656.3183754,299428740.75688314,-0.2972689462758276,90000.0,4.416165710775344,0.14407149262561875,85000.0,-1.3847323842677395,0.17399224718583828,44
2026-09-22 23:00:00.011723,86118.73,160130413.0325878,304463224.80131155,-0.3106646325198395,90000.0,4.506882532986722,0.14147422323360753,85000.0,-1.2990553855125264,0.17121402654034162,44
2026-09-22 23:10:00.001212,86478.37,175484921.48986205,247119235.86162513,-0.16950688516815415,90000.0,4.072266857018714,0.15985025737014505,85000.0,-1.7095257461489988,0.16723154983131905,43
2026-09-22 23:19:59.982077,86349.94,165064109.9550547,257681125.3517174,-0.21908470554246137,90000.0,4.227055629685439,0.14773335022621534,85000.0,-1.5633363497415287,0.1671579801210098,43
2026-09-22 23:30:00.011757,86224.46,162534846.69044852,299655952.33396363,-0.2966764070876119,90000.0,4.378734294189823,0.14376246040788002,85000.0,-1.420084277709599,0.17387973267831072,44
2026-09-22 23:39:59.986002,86122.9,159424009.33523235,303080410.3858528,-0.31060546651046694,90000.0,4.5018223956694525,0.14165187116698472,85000.0,-1.3038344040899652,0.17204795548239546,44
2026-09-22 23:49:59.975515,86139.48,159867232.17027992,303768902.9920937,-0.3103763057023518,90000.0,4.48170803910124,0.14001145223241748,85000.0,-1.322831296404381,0.17174009249271496,44
2026-09-22 23:59:59.997225,86199.02,162891083.00607076,302068381.6566739,-0.2993321122123076,90000.0,4.409539690822473,0.13971565963949906,85000.0,-1.3909902920010042,0.17031886362301313,44
2026-09-23 00:10:00.085980,86226.52,161544760.00498933,304297004.83014905,-0.3064393440027427,90000.0,4.376240627593453,0.13943857640448282,85000.0,-1.4224394072728463,0.16959345319726676,44
2026-09-23 00:20:00.006329,86509.97,168586713.04013208,258755738.26156873,-0.21099945710232737,90000.0,4.034251774679842,0.1570073535280304,85000.0,-1.7454288794690354,0.1653694056644263,43
2026-09-23 00:29:59.996894,86447.24,174121577.63669902,255655915.56177023,-0.18971290776136346,90000.0,4.1097437003194015,0.15622401595917956,85000.0,-1.674130949698338,0.16539046334103982,43
2026-09-23 00:40:00.000604,86463.12,173628900.97419026,255462103.77522865,-0.1907129301133391,90000.0,4.090622683983658,0.15634769461584433,85000.0,-1.6921896873487774,0.16560304726715894,43
2026-09-23 00:50:00.006275,86472.98,174140039.45051336,255521567.8040691,-0.18940842509425254,90000.0,4.078753848890138,0.15593876651280392,85000.0,-1.7033991427148676,0.1651807939859761,43
2026-09-23 01:00:00.000371,86453.56,174221481.20072913,254723443.47088653,-0.1876743554706626,90000.0,4.102132983303419,0.15620603158790491,85000.0,-1.6813188491023312,0.16509237455394452,43
2026-09-23 01:10:00.007275,86611.2,170259219.2506024,250833280.46939135,-0.19134527751590644,90000.0,3.9126579472400724,0.1590368951695713,85000.0,-1.86026749427326,0.1573553366548029,43
2026-09-23 01:20:00.010359,86711.13,176381593.90298516,246380981.64609188,-0.16557612189818996,90000.0,3.792904094318672,0.1603574498099183,85000.0,-1.97336835536569,0.1573050444716,44
2026-09-23 01:30:00.040165,86629.45,171488121.82907656,250237162.70606422,-0.18673066037240604,90000.0,3.890766938956669,0.15941689315313787,85000.0,-1.8809423354298027,0.15674857770745515,43
2026-09-23 01:40:00.010367,86417.06,172118407.89828953,257275488.52974182,-0.19831926196399735,90000.0,4.146102632975479,0.15503484174817403,85000.0,-1.6397919577453735,0.1648900035385024,43
2026-09-23 01:50:00.020172,86221.07,162424085.42391938,306167014.6866833,-0.30675556840246415,90000.0,4.382838208804407,0.13894699484039202,85000.0,-1.4162083583513896,0.16941300913432117,44
2026-09-23 02:00:00.010889,86355.74,171430072.66231304,262010707.97560963,-0.20898041753243257,90000.0,4.220055320005356,0.1535827450599915,85000.0,-1.5699477533282713,0.1632019865061062,43
2026-09-23 02:10:00.009718,86356.71,171560104.48150066,263259830.8526121,-0.21089126537091724,90000.0,4.218884670340017,0.15223472437461769,85000.0,-1.5710533669010873,0.16255718199997987,43
2026-09-23 02:19:59.986954,86454.02,175688148.03108767,253293107.05681345,-0.18090524493855567,90000.0,4.101579082152562,0.15665274048222644,85000.0,-1.6818419779670246,0.16528821824449658,43
2026-09-23 02:29:59.988677,86570.58,170124212.90956986,257679278.30891064,-0.204661876764877,90000.0,3.961415067335805,0.15726531744721334,85000.0,-1.8142191030717347,0.16555035523458228,43
2026-09-23 02:40:00.010675,86524.76,169399753.4224785,259435432.7125218,-0.20995403875674382,90000.0,4.016468811933138,0.15625752015764668,85000.0,-1.76222389984092,0.1648703657708035,43
2026-09-23 02:49:59.997251,86461.55,175618281.5903572,253945446.57286638,-0.18234119840012836,90000.0,4.092512799041881,0.15577542612216483,85000.0,-1.6904045786826694,0.16483355553227183,43
2026-09-23 03:00:00.002439,86532.98,169169788.1217125,259101869.45017844,-0.20998840277766845,90000.0,4.006588008410206,0.15705261573038348,85000.0,-1.7715557698347983,0.16534441821088183,43
2026-09-23 03:09:59.988609,86461.76,175922645.50290096,253988992.25204802,-0.18158695855924964,90000.0,4.092259977127477,0.15675998903919533,85000.0,-1.690643354935173,0.16553178384915004,43
2026-09-23 03:20:00.036593,86564.63,170602963.51357746,258542396.71939403,-0.20491759052941086,90000.0,3.968560831369583,0.15681033197269342,85000.0,-1.8074703259287395,0.1658316532441381,43
2026-09-23 03:30:00.001616,86676.48,177378096.71732014,249947805.5076794,-0.16982286449874315,90000.0,3.8343965975544902,0.15957521856371137,85000.0,-1.9341809911985308,0.15765418650156604,44
2026-09-23 03:40:00.004619,86818.14,188259793.0177487,236520566.94921434,-0.11361347764576278,90000.0,3.6649713988343935,0.1707434351379859,85000.0,-2.094193678878631,0.1560923435988704,44
2026-09-23 03:49:59.959890,86733.35,184159648.4055482,243725384.7829863,-0.1392096749296494,90000.0,3.7663136498244265,0.16969484023955816,85000.0,-1.9984815529435984,0.1576509295042566,44
2026-09-23 04:00:00.006656,86693.01,183197732.2601879,247042815.47034577,-0.1483939241592474,90000.0,3.81459820116985,0.1681300999365492,85000.0,-1.9528794766729085,0.15517662918470781,44
2026-09-23 04:10:00.013252,86817.02,188098991.18319225,236727917.86865962,-0.11446762351753947,90000.0,3.6663087491369817,0.17072164196177117,85000.0,-2.0929306258150815,0.15564355332391944,44
2026-09-23 04:20:00.065784,86832.12,188164428.62326378,237402676.1705256,-0.1157003137522118,90000.0,3.64828130419943,0.17002066843361707,85000.0,-2.1099565460338865,0.1553818885009389,44
2026-09-23 04:30:00.013304,87009.21,172659478.70523462,245439315.62692863,-0.17407330015851052,90000.0,3.437325772754396,0.17687856999084117,85000.0,-2.309192325731957,0.1423342286701023,44
2026-09-23 04:40:00.000524,87116.19,174293282.44365352,235693269.25952247,-0.14976097767304716,90000.0,3.3103031709720065,0.18000986476258288,85000.0,-2.4291581163042197,0.1335103485671959,44
2026-09-23 04:50:00.004958,87200.38,175223199.51029205,234699661.70693925,-0.14509184001115935,90000.0,3.210559403525526,0.1768634477608333,85000.0,-2.523360563336996,0.13177522538888017,44
2026-09-23 05:00:00.000211,87155.19,173209396.43313166,235886799.04697737,-0.15320944879550508,90000.0,3.264074118821836,0.17761053568784574,85000.0,-2.472818887779371,0.13344823004640977,44
2026-09-23 05:10:00.029875,86906.71,185936133.7448281,225527031.53313613,-0.09621978619049014,90000.0,3.5593224044495386,0.1707662222827678,85000.0,-2.1939732846865456,0.14802686687439695,44
2026-09-23 05:20:00.010437,86868.12,185358048.05589145,228824167.43156487,-0.10494443689359666,90000.0,3.6053272477866605,0.16951510701895228,85000.0,-2.15052426597927,0.14774863525309576,44
2026-09-23 05:29:59.993137,86765.99,182517604.99633002,242878907.82770056,-0.1418942116630363,90000.0,3.727278395601763,0.16595728918865837,85000.0,-2.035348181931662,0.1555075570267848,44
2026-09-23 05:40:00.020126,86721.96,181563571.3702128,242972555.19772974,-0.14464960691087167,90000.0,3.7799422430027985,0.1660718389911157,85000.0,-1.9856101038306817,0.15534189636452203,44
2026-09-23 05:50:00.013696,86582.75,166528638.78507543,252311094.3959974,-0.20480973703093375,90000.0,3.946802336493116,0.15574487551479416,85000.0,-1.8280200155342707,0.15569067066469972,43
2026-09-23 05:59:59.983519,86487.46,174190659.75017712,243945479.45815057,-0.16682322613884268,90000.0,4.061328659669261,0.15471288345242004,85000.0,-1.719856265867914,0.15555990298195807,43
2026-09-23 06:10:00.005975,86540.9,164308503.01862603,252060427.5929247,-0.21075521760331917,90000.0,3.9970695936834666,0.1561144070140164,85000.0,-1.7805453837434038,0.15593123029657252,43
2026-09-23 06:20:00.008325,86503.94,163407322.32168496,252594962.72848,-0.21439218872569435,90000.0,4.041503774278943,0.15687865384290972,85000.0,-1.7385797687365478,0.15692113591393653,43
2026-09-23 09:56:08.195588,85866.65,199781092.2827167,245013325.71170363,-0.10169244846403255,90000.0,4.813684940544438,0.13104011253146533,85000.0,-1.0092975561524664,0.19441164189855237,44
2026-09-23 10:10:00.005496,85837.42,213786548.85432112,245037597.23368287,-0.06811116774435776,90000.0,4.849376880153211,0.12761993029047503,85000.0,-0.975588502077529,0.1895950940594106,44
2026-09-23 10:20:00.015397,85824.86,213741594.11421663,245321077.15942717,-0.06879122399038681,90000.0,4.864721014400719,0.127427845280664,85000.0,-0.9610968197326542,0.18957270806742918,44
2026-09-23 10:59:59.996034,85910.86,214565768.49473125,245598558.2406609,-0.06743849521341626,90000.0,4.75974748710466,0.12782524196859343,85000.0,-1.0602384844011548,0.19003677056935758,44
2026-09-23 12:00:00.017991,85635.67,129694214.52872437,263153138.17778727,-0.339722089838715,90000.0,5.096392659740978,0.11603470105146867,85000.0,-0.7422958213557429,0.19558176139480124,44
2026-09-23 12:10:00.010663,85550.08,128078039.09136003,265153245.2989601,-0.34858672656252765,90000.0,5.201538093243152,0.11541350125817569,85000.0,-0.6429918008259095,0.1958897284550543,44
2026-09-23 13:30:00.013181,85527.01,133348314.31415053,279418869.0036324,-0.3538812206808226,90000.0,5.229915087643078,0.11287848303744673,85000.0,-0.616191306114866,0.20329616533650843,44
2026-09-23 13:40:00.011457,85719.44,215636029.44661486,257765797.8372536,-0.08899367506111514,86000.0,0.3273003183408507,0.11906663694743556,85000.0,-0.8392961969886925,0.19756105644804997,44
2026-09-23 13:50:00.011714,85660.26,138079364.2839882,276515633.33014494,-0.33390723439215364,86000.0,0.39661331870812777,0.11566197903655052,85000.0,-0.7707891617419693,0.2128533175901305,44
2026-09-23 14:00:00.012848,85777.75,218986453.25080818,265482298.8425829,-0.09597284735262292,90000.0,4.922313770179332,0.12317757874688107,85000.0,-0.906703661497299,0.20624852242931285,44
2026-09-23 14:10:00.012908,85307.85,127114129.34450309,297999448.6575704,-0.4019756793377082,90000.0,5.500255838120394,0.10824165544060213,85000.0,-0.3608694862196171,0.21073718471589276,44
2026-09-23 14:19:59.997921,84337.79,231996334.5933649,215560144.56997764,0.036724281266384294,85000.0,0.7851877550976827,0.19263812498535116,84000.0,-0.4005203361387544,0.12247551312652122,44
2026-09-23 14:29:59.968056,84018.71,213013400.3833082,274066733.58531547,-0.125345562145099,85000.0,1.1679422357234293,0.1798644033425196,84000.0,-0.022268849402717894,0.12174411660872407,44
2026-09-23 14:40:00.012741,84406.01,235315953.21932966,205693801.36047167,0.06716892665352103,85000.0,0.7037295093086371,0.19076170670211293,84000.0,-0.4810202496243976,0.11710405278320354,44
2026-09-23 14:50:00.008505,84310.54,239282896.10032958,219873275.05465108,0.04227237324689489,85000.0,0.8177625241162056,0.19486497187290855,84000.0,-0.36832879969692645,0.12054001201857856,44
2026-09-23 15:00:00.017619,84521.32,244729276.56595013,214005348.47726685,0.06697538492061463,85000.0,0.5663423145781277,0.20141454310039164,84000.0,-0.6167911244169044,0.12123570325091385,44
2026-09-23 15:09:59.985101,84595.19,252479972.0349992,214691029.20523843,0.0808888880719037,85000.0,0.47852602494302676,0.20871517170226786,84000.0,-0.7035742812327772,0.1199706068624683,44
2026-09-23 15:19:59.998613,84605.36,256710685.244088,215026756.12479022,0.0883625624422352,85000.0,0.46644798863806347,0.20788573371916208,84000.0,-0.7155102229929655,0.11910213085590668,44
2026-09-23 15:30:00.000763,84502.22,251188342.75529295,220629608.83888072,0.06476806109890626,85000.0,0.5890732811516752,0.20903722471839165,84000.0,-0.5943275809795256,0.1252706336550903,44
2026-09-23 15:39:59.977173,84338.21,249584520.20769465,227010131.5025608,0.04736601349621922,85000.0,0.7846858499842346,0.20377507488784027,84000.0,-0.40101633648615964,0.1255743695751799,44
2026-09-23 15:49:59.972729,84259.51,247023756.9889557,232348110.4115187,0.03061432590322777,85000.0,0.8788206814874799,0.20153152665367663,84000.0,-0.30798897358884636,0.12998668718728182,44
2026-09-23 16:00:00.010964,83999.25,327548488.44151247,197262198.3735659,0.24825388152557584,85000.0,1.1913796849376546,0.19102596591604076,82000.0,-2.380080774530724,0.088222097238211,44
2026-09-23 16:10:00.010802,84307.51,245700775.63216177,226547575.96332866,0.04055747278762127,85000.0,0.8213859002596635,0.19633417476160223,84000.0,-0.3647480515081014,0.1264447636542546,44
2026-09-23 16:19:59.992729,84285.11,252551240.4086095,232336084.54181027,0.04169041925124822,85000.0,0.8481806572952166,0.20102081339847386,84000.0,-0.3382685269082475,0.12891061617637167,44
2026-09-23 16:30:00.011111,84225.31,252427239.7122258,232521464.5741754,0.0410471766644714,85000.0,0.919782901363031,0.20082060852165767,84000.0,-0.2675086621824252,0.12912864971453644,44
2026-09-23 16:39:59.924179,84025.28,236018219.90601727,291997017.48655653,-0.1060173904392831,85000.0,1.1600318380373231,0.19192735103112624,84000.0,-0.030086183586652826,0.13063251177768792,44
2026-09-23 16:49:59.998552,83891.19,318529498.8731646,212136025.97862744,0.20049064412890108,85000.0,1.3217240093983618,0.1796451981237656,82000.0,-2.2543368379921658,0.09215722163187484,44
2026-09-23 17:00:00.014446,84028.33,237832670.99849665,297783467.9902462,-0.11192866052344537,85000.0,1.1563600038225097,0.188499896025092,84000.0,-0.03371481975186219,0.12851059058706055,44
2026-09-23 17:10:00.064386,83848.79,319384806.99096394,215728796.84122163,0.1937084189364944,85000.0,1.3729595859403698,0.17668250612157163,82000.0,-2.2049095759163584,0.0914530025605638,44
2026-09-23 17:20:00.010135,84000.22,238090867.29773876,298107894.7914097,-0.11193055959292289,85000.0,1.1902111684945593,0.18882262600092944,84000.0,-0.00026190407597104226,0.128795665312316,44
2026-09-23 17:29:59.995522,84054.36,239616399.77304414,297999287.7429547,-0.10859595306763277,85000.0,1.125033847143686,0.18881712897456157,84000.0,-0.06467243341095053,0.1278890719524806,44
2026-09-23 17:39:59.997427,84014.2,239395530.28974903,298890664.21177256,-0.11052695486110105,85000.0,1.1733730726472436,0.19003629520096788,84000.0,-0.01690190467801278,0.12975832005069807,44
2026-09-23 17:50:00.014903,84309.33,259570614.346017,233785759.95674586,0.05226415575497864,85000.0,0.8192094516704218,0.20469604741839376,84000.0,-0.36689889481982263,0.13032332703250216,44
2026-09-23 18:00:00.033388,84319.55,260911106.1400908,237129794.52901998,0.04774971609584868,85000.0,0.8069896008695565,0.20151504263380518,84000.0,-0.37897498267009944,0.12794582886739306,44
2026-09-23 18:10:00.017788,84248.44,255225376.7064915,238081848.2961324,0.03475223459430972,85000.0,0.8920758651436156,0.20074209018882172,84000.0,-0.294889733269843,0.12891388024232686,44
2026-09-23 18:19:59.978080,84249.03,255188990.2834792,238427159.70489365,0.03395721671379753,85000.0,0.8913693130947697,0.2006629997137842,84000.0,-0.2955879729416466,0.1292062682983581,44
2026-09-23 18:30:00.035030,84139.39,250222486.5995174,300696040.27518666,-0.09161709257083761,85000.0,1.0228384113552424,0.19735121969793554,84000.0,-0.1656655699548093,0.13344994427718235,44
2026-09-23 18:40:00.010729,84139.83,250092079.63052195,302154520.28840446,-0.09427389985837056,85000.0,1.0223101235170118,0.19685656939241125,84000.0,-0.1661876426420128,0.13341443851808432,44
2026-09-23 18:49:59.990254,84270.14,259912810.6377227,237912711.45798802,0.0441923891067702,85000.0,0.8660956300772682,0.2010956279173591,84000.0,-0.3205643185118734,0.12881875232502213,44
2026-09-23 19:00:00.015080,84310.41,267733336.23661673,238118183.03421652,0.058545150254939206,85000.0,0.817917977151339,0.20707178794533926,84000.0,-0.36817517552103496,0.12721266289393707,44
2026-09-23 19:10:00.012414,84304.26,268979901.0910479,238288417.254667,0.06050345098718332,85000.0,0.8252726493299445,0.20864638194606944,84000.0,-0.3609070288974614,0.12852697441920163,44
2026-09-23 19:20:00.012570,84343.39,268748334.00440323,238483351.64574033,0.05966697904503107,85000.0,0.778496097915915,0.20795504714978413,84000.0,-0.40713326794191707,0.1278182692656482,44
2026-09-23 19:30:00.000978,84400.77,272743471.8747913,233403072.42536008,0.07772531471854104,85000.0,0.7099816743378007,0.21247635688456815,84000.0,-0.4748416394779409,0.12895768923979148,44
2026-09-23 19:39:59.953593,84437.0,275328951.75068164,227270552.6468827,0.09561967069864827,85000.0,0.6667693072941905,0.21507936850226547,84000.0,-0.5175456257327959,0.12962763293774873,44
2026-09-23 19:50:00.025918,84521.97,269622823.5451843,236646931.38895643,0.06513502304817247,85000.0,0.5655689284099763,0.2169487341644988,84000.0,-0.6175554119242643,0.1286948227084029,44
2026-09-23 20:00:00.005728,84510.47,269897489.763837,242534341.72188282,0.05339861101645225,85000.0,0.5792536711723306,0.21513473019521065,84000.0,-0.6040316661355738,0.13307347500052658,44
2026-09-23 20:10:00.079805,84375.55,273925605.9089768,239459189.87420914,0.06713563844871559,85000.0,0.7400840646372142,0.21060368033471527,84000.0,-0.4450933949467606,0.13396399151307764,44
2026-09-23 20:20:00.008646,84350.86,274522929.36646855,240029508.62940186,0.06703577359659409,85000.0,0.7695712883069694,0.20971786754289926,84000.0,-0.4159530797907651,0.1340896962048901,44
2026-09-23 20:30:00.005011,84299.64,272684209.9148228,244528110.62610313,0.054438183644335184,85000.0,0.8307983284388865,0.20737706460119265,84000.0,-0.35544635777804423,0.13457348633820246,44
2026-09-23 20:39:59.996958,84397.36,284421247.53314865,239567116.04766506,0.08560138850977712,85000.0,0.7140507712563471,0.21746701770066254,84000.0,-0.4708204142878425,0.133609512293912,44
2026-09-23 20:50:00.011372,84298.35,272469855.3671944,248770781.0960011,0.04546666666666674,85000.0,0.8323413210341579,0.2045097513438472,84000.0,-0.35392151803683713,0.13782428520067364,44
2026-09-23 21:00:00.014797,84229.05,267051129.04710242,253646860.54470232,0.02574288507030385,85000.0,0.9153017872099989,0.20233247577472271,84000.0,-0.2719370573454172,0.1387838031577322,44
2026-09-23 21:10:00.039326,84330.4,280944120.0014862,244811277.34613478,0.06872557626158034,85000.0,0.7940197129386428,0.2143386992463508,84000.0,-0.39179228368416696,0.1386908148194818,44
2026-09-23 21:20:00.007979,84321.15,279931094.5651747,245324032.95227146,0.06588619472687351,85000.0,0.8050767808551074,0.21365486275535672,84000.0,-0.3808652989196637,0.13905413586326845,44
2026-09-23 21:30:00.008408,84408.81,285193668.94028944,242719533.5602576,0.08045666442673938,85000.0,0.7003889759848558,0.2179062494044899,84000.0,-0.48432148255613816,0.1381057179655099,44
2026-09-23 21:40:00.011591,84487.77,297462801.9173587,231793157.52744234,0.1240791779818691,85000.0,0.6062770978568777,0.22851605765791635,84000.0,-0.5773261621179082,0.13247114416543646,44
2026-09-23 21:50:00.012851,84451.77,289082330.1967942,234560124.7632115,0.10412105610830767,85000.0,0.6491634219152553,0.2206205719133934,84000.0,-0.5349443830484635,0.13388647959815764,44
2026-09-23 22:00:00.012767,84412.36,293000712.33139783,239855569.45623776,0.0997363542320789,85000.0,0.696153975555247,0.22407828088996973,84000.0,-0.48850665945129323,0.1379170774700901,44
2026-09-23 22:10:00.011281,84593.3,290918378.1743642,244442491.2838454,0.08681225980814186,85000.0,0.480770935759689,0.23217772990649385,84000.0,-0.7013557811316073,0.1300414368854282,44
2026-09-23 22:19:59.955262,84577.72,288533373.85150635,245647651.94020268,0.08028312470991045,85000.0,0.49928042515214877,0.23025605855136905,84000.0,-0.683064050437876,0.13095171526567564,44
2026-09-23 22:29:59.980308,84468.32,289848059.1250764,239468550.81761867,0.09517840052839441,85000.0,0.6294430858811761,0.22044994758193592,84000.0,-0.5544327151291828,0.13783629905767933,44
2026-09-23 22:40:00.015269,84442.51,295510936.71480846,239329289.18016478,0.10504379591238167,85000.0,0.6602006501227997,0.2267910441219149,84000.0,-0.5240370045845322,0.13834162060108487,44
2026-09-23 22:49:59.941043,84601.93,291251083.1658793,245927301.5745397,0.08437379998683575,85000.0,0.4705211807815912,0.2335524522095448,84000.0,-0.7114849507570242,0.13059416746498495,44
2026-09-23 22:59:59.994672,84547.38,285198325.3427793,248564138.9287011,0.0686338753027141,85000.0,0.5353447972012759,0.23517687596308184,84000.0,-0.6474239651187319,0.1342057115083593,44
2026-09-23 23:09:59.992154,84522.74,287619207.06815046,248273183.13316607,0.07342150150742656,85000.0,0.5646527786486777,0.2333020949909021,84000.0,-0.6184607834530786,0.1326719671678343,44
2026-09-23 23:20:00.033818,84450.63,297413082.27903867,240910248.6838305,0.10496077421378834,85000.0,0.6505220860993033,0.22759083425302415,84000.0,-0.5336017031489337,0.13791518936926925,44
2026-09-23 23:29:59.998211,84476.84,300225605.0395772,236692656.65974528,0.11832890201713935,85000.0,0.6192939982130108,0.2307958314995302,84000.0,-0.564462401765975,0.138214579932248,44
2026-09-23 23:40:00.079566,84503.4,284576356.6446275,249582317.186201,0.06551244259961103,85000.0,0.5876686618526694,0.23216003225914103,84000.0,-0.5957156753455983,0.13371174118769302,44
2026-09-23 23:49:59.965300,84420.62,292227495.0562581,243111871.98752442,0.09174670516004993,85000.0,0.6863015220688995,0.22136756400698065,84000.0,-0.4982432017201388,0.13901420981300253,44
2026-09-24 00:00:00.003860,84378.68,287265009.8967877,248430198.84174186,0.07249422884795846,85000.0,0.7363471436149682,0.21846141366169686,84000.0,-0.44878635219227636,0.1398242463685019,44
2026-09-24 00:10:00.149747,84376.62,286486785.73668635,248940918.52862602,0.07012313130038521,85000.0,0.7388065556548806,0.21868072076105283,84000.0,-0.4463558744116525,0.13996331219246327,44
2026-09-24 00:20:00.009863,84420.86,296977298.9404592,242514239.87979466,0.10095257319468429,85000.0,0.6860152810573172,0.22655316598703232,84000.0,-0.4985260751904197,0.13851917380406667,44
2026-09-24 00:30:00.016864,84332.53,292279155.0248605,249691222.63992628,0.07857981568740867,85000.0,0.7914739424988104,0.222717753213558,84000.0,-0.3943081038835228,0.1392940298705342,44
2026-09-24 00:40:00.020081,84288.54,280946405.99223965,261178968.0639961,0.0364628531963771,85000.0,0.8440767867138321,0.21294147559591373,84000.0,-0.342324116659265,0.14461902383654937,44
2026-09-24 00:50:00.020190,84313.47,292544220.3866107,254268304.06840116,0.06999824365098027,85000.0,0.8142589790219645,0.22117709643538266,84000.0,-0.3717911266135743,0.14397394000692942,44
2026-09-24 01:00:00.023198,84303.41,291999306.47310185,256965527.35760978,0.06381789316270794,85000.0,0.8262892331401428,0.22053221607184134,84000.0,-0.3599024048967947,0.14447596122144196,44
2026-09-24 01:10:00.016731,84245.2,280674028.3970044,264412658.72170076,0.029832630404643106,85000.0,0.895956090079908,0.2088282542283139,84000.0,-0.29105515803867776,0.14680455668664483,44
2026-09-24 01:20:00.021295,84315.12,292530149.12640035,256389072.13573965,0.06584042895703462,85000.0,0.8122861000494419,0.22080141692415242,84000.0,-0.3737407952452587,0.14450803745913512,44
2026-09-24 01:30:00.008964,84214.33,276826814.458343,265525840.16313887,0.02083694842996818,85000.0,0.9329409852218751,0.20864335652701932,84000.0,-0.2545053793101548,0.14862569318404362,44
2026-09-24 01:40:00.013354,84276.24,286487666.6226961,261077107.36717713,0.04640649008584494,85000.0,0.8587948394470413,0.21876379221632894,84000.0,-0.3277792174876448,0.14578002548101276,44
2026-09-24 01:50:00.010514,84101.95,266688141.24800724,329152508.23025584,-0.10483401398837823,85000.0,1.0678111506332577,0.20359521113486367,84000.0,-0.12122192172714374,0.1542909592883536,44
2026-09-24 02:00:00.008521,84095.17,266216156.70744392,329627223.34322345,-0.10642237332633851,85000.0,1.0759595348936335,0.2035880873222692,84000.0,-0.11316940081100846,0.15427663503242148,44
2026-09-24 02:10:00.016515,83796.6,327407687.20880246,231867349.24883825,0.1708288976477505,85000.0,1.4360964526006992,0.18074571918392995,82000.0,-2.1440010692557965,0.09019864443670356,44
2026-09-24 02:20:00.006189,84220.74,276444788.2246772,260542125.79787523,0.02961461818068456,85000.0,0.9252590276456862,0.2102284349929647,84000.0,-0.26209696091485934,0.1493180500424531,44
2026-09-24 02:30:00.020113,84150.09,270191916.09637046,314540362.0444293,-0.0758440188885554,85000.0,1.0099929780229555,0.20738574275837623,84000.0,-0.17835988054201168,0.15166116611661162,44
2026-09-24 02:39:59.998130,84237.4,279277589.6711496,260052276.78701884,0.03564666835601979,85000.0,0.9052985965853688,0.21187604862573536,84000.0,-0.28182256337445644,0.15072124009044635,44
2026-09-24 02:50:00.015183,84343.49,292277304.9224719,255970693.22983265,0.06622297174818534,85000.0,0.7783766121131519,0.22139431061475348,84000.0,-0.40725134802935825,0.14694262483581325,44
2026-09-24 03:00:00.000651,84347.47,290532455.21942097,255370625.433955,0.06441038900784687,85000.0,0.7736213071950937,0.21885054284390854,84000.0,-0.41195070818366153,0.14698595152513988,44
2026-09-24 03:09:59.975511,84327.91,288804601.7881918,256583984.2131735,0.05907827630066616,85000.0,0.7969959174844998,0.21740234743236236,84000.0,-0.3888510933094391,0.14814134600655168,44
2026-09-24 03:20:00.007025,84214.36,271268114.44980794,253270455.93029642,0.034311411087405076,85000.0,0.9329050294985208,0.20897961799467232,84000.0,-0.25454091202498086,0.15680483215581423,44
2026-09-24 03:29:59.988626,84045.02,250591566.3439786,335947407.93545914,-0.1455245863181386,85000.0,1.1362719647160402,0.1898234788789314,84000.0,-0.053566528986492834,0.16173479405258973,44
2026-09-24 03:40:00.007045,83929.5,366074127.17438865,219556565.17572445,0.25018764199447086,85000.0,1.2754752500610644,0.1873426793663142,82000.0,-2.2989532881763863,0.085639270812751,44
2026-09-24 03:50:00.012470,83931.61,358520807.04922354,219691447.2597696,0.2401010334092027,85000.0,1.2729292336939535,0.1793520666606914,82000.0,-2.3014094451422995,0.08599896376892731,44
2026-09-24 04:00:00.009347,83922.33,353494557.5297864,219996566.36845067,0.23278126826776177,85000.0,1.2841278358215247,0.1794035824826459,82000.0,-2.29060608779571,0.08658299888991271,44
2026-09-24 04:10:00.008323,83918.18,350380580.11312056,221102556.69824654,0.22621493984265298,85000.0,1.2891366328488196,0.17656429873944385,82000.0,-2.2857740718399633,0.08691848976188771,44
2026-09-24 04:20:00.007335,83825.95,334833003.0673311,228754545.0674578,0.188220017193324,85000.0,1.4005806077950878,0.16819804168354527,82000.0,-2.1782634136565115,0.08768262522926248,44
2026-09-24 04:29:59.991719,83904.03,350820622.67640483,224173350.6300211,0.22025843387212485,85000.0,1.3062185451640396,0.17613650730989452,82000.0,-2.269295050547626,0.08593135565409382,44
2026-09-24 04:40:00.000998,83871.55,345539841.1341921,226379645.55491853,0.20835134726585702,85000.0,1.3454502748548203,0.17364558400614563,82000.0,-2.2314479701400547,0.0858459252479018,44
2026-09-24 04:50:00.007834,83789.18,308249249.97892636,235033731.9121797,0.134764976093843,85000.0,1.4450791856418732,0.16577426426377945,82000.0,-2.135335373851366,0.09241597781823918,44
2026-09-24 05:00:00.040577,84026.1,242749820.59568822,330617165.1556044,-0.1532480012688245,85000.0,1.1590446301803725,0.18586173540350742,84000.0,-0.03106177723350978,0.1613635342566931,44
2026-09-24 05:10:00.015147,84305.15,275863371.00509155,249560885.788804,0.05005951833435251,85000.0,0.8242082482505575,0.20679065419591028,84000.0,-0.3619589076112151,0.14921441497698168,44
2026-09-24 05:20:00.008575,84161.49,252930023.57943314,314662777.3541449,-0.1087623973968196,85000.0,0.9963107829958684,0.188826719811724,84000.0,-0.19188110856878104,0.15850510204802942,44
2026-09-24 05:30:00.010480,84171.78,253707875.1482789,311298666.9936301,-0.10192942479396375,85000.0,0.9839639841286552,0.18951534939439013,84000.0,-0.204082650978743,0.1610494526222032,44
2026-09-24 05:39:59.999034,84156.36,252852376.24615407,315359135.528206,-0.11000614733563106,85000.0,1.0024673120367922,0.1879156806250701,84000.0,-0.1857970092812966,0.1662473900560677,44
2026-09-24 05:50:00.019083,84136.27,248638216.04070595,322448402.5799931,-0.12924516900353078,85000.0,1.0265846108937327,0.18431756131056845,84000.0,-0.16196344335208668,0.16915141226338093,44
2026-09-24 06:00:00.008357,83962.34,355549277.8867491,214587651.65015015,0.247241704464043,84000.0,0.04485344262679103,0.174939073897078,82000.0,-2.337166877435759,0.08544676323976742,44
2026-09-24 06:09:59.980110,84120.29,243367378.51987678,324246911.28440046,-0.1424903040978977,85000.0,1.0457762330586373,0.18194945453863742,84000.0,-0.14299760497734626,0.17276336159188177,44
2026-09-24 06:19:59.996912,84148.9,246898141.3510384,321914297.20976853,-0.1318820594861355,85000.0,1.011421420838543,0.18189546426033784,84000.0,-0.17694824293602585,0.17231271539313084,44
2026-09-24 06:29:59.998105,84177.12,247927170.8229689,311457208.10434264,-0.1135713467780427,85000.0,0.9775577971781413,0.18429720034304414,84000.0,-0.21041347102395136,0.17375368835424687,44
2026-09-24 06:39:59.996281,84176.25,245505133.85431415,320672802.800368,-0.13276333124209927,85000.0,0.9786014463699644,0.18035188952177297,84000.0,-0.2093821000579088,0.17409344727642267,44
2026-09-24 06:50:00.006633,84141.6,240297845.3414237,322483877.18123794,-0.14603536069262596,85000.0,1.0201850214400343,0.17762419944621058,84000.0,-0.16828774351808073,0.17549150924850768,44
2026-09-24 06:59:59.977403,84095.14,233663797.12088895,335184513.52411115,-0.17846711417339167,85000.0,1.0759955926109344,0.17446582417277565,84000.0,-0.11313376730213154,0.18193119084663625,44
2026-09-24 07:10:00.072869,84062.86,229483075.96119252,339020477.89912146,-0.19267672329246896,85000.0,1.1148086087006792,0.17363060141010656,84000.0,-0.07477737493108982,0.18893523533169237,44
2026-09-24 07:20:00.002702,84173.52,239030074.85711825,317996122.7747979,-0.14176361588267805,85000.0,0.9818764856216022,0.1747628462051376,84000.0,-0.2061455906798293,0.17687520490462777,44
2026-09-24 07:29:59.995610,84399.15,283755538.3001022,220695554.47844127,0.12500713096749014,85000.0,0.7119147526959857,0.18455416655290124,84000.0,-0.47293130321809373,0.12704833353569045,44
2026-09-24 07:40:00.001763,84448.79,299674888.2767969,220410312.93763667,0.15240690401125073,85000.0,0.652715095148193,0.17882065968002814,84000.0,-0.5314344942064841,0.12110582347803062,44
2026-09-24 07:50:00.013146,84427.23,308629069.2539401,219847582.85468063,0.16799509693573317,85000.0,0.6784185623524674,0.1765893547600852,84000.0,-0.5060334207340422,0.11935933646768941,44
2026-09-24 08:00:00.027633,84505.66,233996487.04241627,221610421.30354917,0.027185860249207935,85000.0,0.5849785682994435,0.19535664879546555,84000.0,-0.5983741207393756,0.13191957409593383,40
2026-09-24 08:10:00.011259,84509.3,240243028.8935585,220742641.5966369,0.042301504244558426,85000.0,0.580646153736919,0.20157416530867475,84000.0,-0.6026555657188015,0.13106338595586434,40
2026-09-24 08:20:00.015116,84337.27,233195177.12591377,223114383.21652073,0.02209200679869161,85000.0,0.7858091683546231,0.19482957283350735,84000.0,-0.39990623362601285,0.13114901517487917,40
2026-09-24 08:30:00.004230,83767.71,271112608.1353642,214608681.89410642,0.11632993529649369,85000.0,1.471079966254285,0.16843619985441746,82000.0,-2.1102522678488,0.10219655375366059,40
2026-09-24 08:40:00.010514,83807.55,269094590.7622884,211652128.92747024,0.1194859153108473,85000.0,1.4228431686643894,0.16975619570596345,82000.0,-2.1567865902296424,0.09793976073788573,40
2026-09-24 08:49:59.985428,83306.28,231677975.06444237,229512159.74785858,0.004696144069658481,85000.0,2.033124033386202,0.13978677682335197,82000.0,-1.5680450501450727,0.1134281010590285,40
2026-09-24 09:00:00.018054,83630.47,247298962.1331588,226884642.96294954,0.043051507793213664,85000.0,1.637596918922024,0.15316008718609894,82000.0,-1.9496123840987645,0.11265057127151144,41
2026-09-24 09:09:59.982126,83606.61,241283211.60692465,235817260.19522288,0.011456604498954439,85000.0,1.6666026765108644,0.14565163300161607,82000.0,-1.9216303591306994,0.11214045930531831,41
2026-09-24 09:19:59.926177,83467.99,240955716.53829744,237502709.23737717,0.007216943238740709,85000.0,1.8354461392924293,0.145077467556367,82000.0,-1.7587460773884733,0.11763673527950079,41
2026-09-24 09:29:59.999916,83332.7,232227372.88146925,243930458.88142297,-0.02457816551420578,85000.0,2.0007752058915695,0.13718263591500593,82000.0,-1.5992521543163662,0.1181157684087008,40
2026-09-24 09:40:00.021850,83191.9,221755491.41119373,261561210.67355645,-0.08235949449018366,85000.0,2.1734087092613708,0.12876268742588592,82000.0,-1.4327115981243255,0.12676869263178286,40
2026-09-24 09:50:00.018399,83107.55,216602666.59298328,294752115.8468998,-0.15282823577210622,84000.0,1.0738494878022475,0.12107899191033329,82000.0,-1.3326707380978076,0.13349733202431735,40
2026-09-24 09:59:59.990552,83238.88,228592038.05144602,256229488.92258897,-0.057005411957755533,85000.0,2.1157420666880533,0.12975555807017056,82000.0,-1.4883429474303433,0.13065522767619173,40
2026-09-24 10:09:59.983838,83281.15,230727362.62357694,253044109.07764444,-0.046130761649894034,85000.0,2.063912421958647,0.13000166557273368,82000.0,-1.5383433105810806,0.13069902876862285,40
2026-09-24 10:19:59.992619,83282.39,239372481.70750967,253015577.47132298,-0.0277080150695901,85000.0,2.0623927819554577,0.13522009382617112,82000.0,-1.5398093162311999,0.12926169624700345,40
2026-09-24 10:29:59.959197,83235.38,235916284.72204018,262299498.64484173,-0.052955395641035276,84000.0,0.918623787144357,0.13717802551497715,82000.0,-1.4842005887400367,0.13536333476301066,40
2026-09-24 10:40:00.177730,83345.96,247292005.6739532,257182502.20895356,-0.019605542758755274,84000.0,0.7847290978470811,0.14155792842961917,82000.0,-1.6149073092445065,0.12820070149106041,41
2026-09-24 10:50:00.008317,83503.31,262589825.8484429,244428463.72516465,0.03581993489534985,84000.0,0.5948147444694074,0.14860172363366736,82000.0,-1.8002998923036695,0.12270347310327805,41
2026-09-24 11:00:00.009843,83489.86,263966827.5418126,241249574.06544182,0.04496539186792028,84000.0,0.6110203083344423,0.14899521466602403,82000.0,-1.7844801751973227,0.1230263100315766,41
2026-09-24 11:10:00.021864,83535.43,262948188.8604362,240871916.80573958,0.043817767108571985,84000.0,0.5561352829571931,0.1497505333371195,82000.0,-1.8380584142560719,0.12362052610469325,41
2026-09-24 11:20:00.009552,83521.49,264442138.867711,247040489.20390826,0.03402197593574207,84000.0,0.5729184189601888,0.1525634776686162,82000.0,-1.82167487672934,0.12193059539237686,41
2026-09-24 12:20:00.007805,83504.74,262916371.9781441,245737795.87755305,0.033772604622527236,84000.0,0.5930920807609263,0.1495404283818864,82000.0,-1.8019815402095851,0.1228335398092041,41
2026-09-24 12:30:00.031314,83529.22,263005658.81453925,245863965.286447,0.033685825830882095,84000.0,0.5636111530791243,0.14945273236050413,82000.0,-1.8307605410418093,0.12292991294348406,42
2026-09-24 12:40:00.011889,83363.56,256395273.237391,260002193.97457212,-0.006984776197015335,84000.0,0.7634510810238915,0.14753018851344826,82000.0,-1.6356787066195366,0.1278679716492626,42
2026-09-24 12:49:59.988271,83430.51,258401671.64418325,250114321.75554037,0.016297127319904233,84000.0,0.6825920157985443,0.14842880946444112,82000.0,-1.7146125560061787,0.12252546631564229,42
2026-09-24 13:00:00.011738,83578.22,269787334.2138473,241828106.51090768,0.05464891298693513,85000.0,1.7011369708519686,0.15220104554409705,82000.0,-1.8883149222369222,0.11535020427148707,42
2026-09-24 13:10:00.016540,83678.99,282352978.0419686,231748341.13735718,0.09843319792564041,85000.0,1.5786638916172269,0.16142995591442705,82000.0,-2.006465422204551,0.10771966818920298,42
2026-09-24 13:20:00.008094,83879.0,320224352.4844663,219879841.7594633,0.18578731991791195,85000.0,1.3364489323907103,0.17011925845899806,82000.0,-2.240131618164265,0.09909799636890378,41
2026-09-24 13:29:59.991160,83756.5,289881835.48617756,223935835.6118685,0.12834513794237593,85000.0,1.4846608919904636,0.16403237101595505,82000.0,-2.0971506689033137,0.10537396702016383,41
2026-09-24 13:40:00.012431,84232.84,243177631.86264694,257588066.74637324,-0.02877680105437383,85000.0,0.9107611710587049,0.19582304842276052,84000.0,-0.2764242544831652,0.1493699276828813,41
2026-09-24 13:49:59.992833,83870.62,324219502.9226229,215444548.52403995,0.2015604969554538,85000.0,1.3465740446416241,0.16999408068944724,82000.0,-2.2303638628163203,0.09891308293471963,41
2026-09-24 14:00:00.007320,84232.49,248972459.69810766,263343609.80678368,-0.028051335814167366,85000.0,0.9111804720482564,0.20206543835856677,84000.0,-0.27600988644643776,0.15431302847723066,41
2026-09-24 14:10:00.016344,84238.66,248023066.94767055,262143273.72218162,-0.027677652657310033,85000.0,0.90378930529047,0.20273596124629278,84000.0,-0.2833140983011906,0.15321441226294658,41
2026-09-24 14:20:00.040747,84281.55,255576901.25680724,254533556.8508185,0.002045330358172333,85000.0,0.8524404214208081,0.2120279427318559,84000.0,-0.3340588776547193,0.15521816798780172,41
2026-09-24 14:30:00.010955,84849.0,281540122.4352743,222645672.8596378,0.11681100523902607,85000.0,0.17796320522338593,0.22422974192493353,84000.0,-1.0006010677792276,0.14003242341834893,41
2026-09-24 14:40:00.017944,84489.42,265453349.8124792,248274926.3267179,0.033438734606671155,85000.0,0.604312350587799,0.21165284991471056,84000.0,-0.5792677947132341,0.14857200745078816,41
2026-09-24 14:49:59.980409,83794.12,303864750.0448271,235627797.2521258,0.12648358746491012,85000.0,1.4390985906887144,0.16682206288383733,82000.0,-2.141104888982659,0.10254807558648518,41
2026-09-24 15:00:00.000014,83649.69,277407564.107445,250060411.16730782,0.05184609155824544,84000.0,0.41878218556459235,0.15471439955790958,82000.0,-1.972141199805999,0.1157282917166169,42
2026-09-24 15:10:00.018929,83823.67,326877196.72903806,225162076.38587517,0.18425341329291575,85000.0,1.4033386989617647,0.1675034806209603,82000.0,-2.1756026668839468,0.09738071619935597,41
2026-09-24 15:20:00.015731,83992.26,343226521.5919377,214581179.40782928,0.23062668721413396,85000.0,1.199801029285319,0.18223684096720255,82000.0,-2.371956654101215,0.09240610314877284,41
2026-09-24 15:30:00.028380,84099.28,240486699.48964208,327215051.9949762,-0.1527709792660099,85000.0,1.071019870800316,0.19370596525086753,84000.0,-0.11805095120909215,0.1586341886157495,41
2026-09-24 15:40:00.012445,84298.48,263673960.06967518,263421404.52290004,0.00047914583155241427,85000.0,0.8321858235166291,0.2135688205988212,84000.0,-0.35407518617179834,0.1587745674522546,41
2026-09-24 15:50:00.013672,84322.41,264997515.0439791,264948169.7783114,9.31138172853581e-05,85000.0,0.8035704861851123,0.21112759086902075,84000.0,-0.3823538724758935,0.15845485240689744,41
2026-09-24 16:00:00.014005,84404.15,276963668.7989173,259009326.47058764,0.03349859505384523,85000.0,0.7059487003897358,0.22277110523907503,84000.0,-0.47882716667366765,0.15787404810894512,41
2026-09-24 16:10:00.014888,84186.61,253387065.38165063,317244123.4689003,-0.11190600747898123,85000.0,0.9661750247456302,0.2018195383908658,84000.0,-0.22166232848668255,0.16055715061033066,41
2026-09-24 16:20:00.009913,84521.62,265569925.4211988,251685176.00398964,0.026843136740367802,85000.0,0.5659853656378111,0.20809192398834628,84000.0,-0.617143873957926,0.15260347913988426,41
2026-09-24 16:30:00.013983,84687.32,280641826.4743831,237517727.1271331,0.08322552203758851,85000.0,0.3692170209188328,0.22108204969381537,84000.0,-0.8115972969743424,0.14937759702917983,41
2026-09-24 16:40:00.018428,84664.64,285744457.93412745,234501350.64442837,0.09849787628219113,85000.0,0.39610396973281947,0.22407491750644498,84000.0,-0.7850266652052129,0.14905097731944347,41
2026-09-24 18:40:00.013547,84422.99,268709895.0750072,255914216.33104074,0.024390184259112095,85000.0,0.683474963395625,0.21725553385722288,84000.0,-0.5010365067619649,0.17082185173362377,41
2026-09-24 18:50:00.003679,84385.03,266949073.88763905,259698997.47535914,0.013766453931021246,85000.0,0.7287667018664346,0.2154655022327715,84000.0,-0.45627761227317043,0.1689906757664197,41
2026-09-24 19:00:00.010653,84452.01,272833958.30163497,253982137.94279155,0.035784442603850795,85000.0,0.6488773920241941,0.22186900606247448,84000.0,-0.5352270478819809,0.1703865583603416,41
2026-09-24 20:00:00.012737,84390.57,271763331.2848309,273457386.3115234,-0.003107099514047846,85000.0,0.7221541458956704,0.22195073572011384,84000.0,-0.46281237346780246,0.178558362195401,41
2026-09-24 20:10:00.013106,84383.46,272736066.57677877,268693933.5576722,0.007465661337758901,85000.0,0.7306408151549926,0.2232774005955182,84000.0,-0.45442554737623597,0.18232812805648627,41
2026-09-24 20:20:00.006314,84275.56,259224289.40952346,281679426.5384163,-0.04151411141544848,85000.0,0.859608645733112,0.2112197571543574,84000.0,-0.32697498539315806,0.18768749613153923,41
2026-09-24 20:30:00.002093,84252.45,256335740.09845704,281575220.9548761,-0.04692129866064697,85000.0,0.8872739012337316,0.21151661654461282,84000.0,-0.29963520348665895,0.18818702414443345,41
2026-09-24 20:40:00.005049,84355.03,272106232.44761604,269986373.0832962,0.003910511493223049,85000.0,0.7645898531480677,0.22541968085949718,84000.0,-0.420875909830154,0.1859032585232173,41
2026-09-24 20:50:00.011593,84453.64,284422044.03535074,261267507.13094902,0.04243170288841638,85000.0,0.6469348153614218,0.23559701637651764,84000.0,-0.5371467707016575,0.17685169654814623,41
2026-09-24 21:00:00.011595,84353.76,274126186.3268367,276272665.19900936,-0.003899860739574704,85000.0,0.7661069287249411,0.22804091528953324,84000.0,-0.4193766822012335,0.1839232696279348,41
2026-09-24 21:10:00.011103,84325.33,268498292.78410274,279756618.9028819,-0.020534838592028707,85000.0,0.8000798810986032,0.22318173073443165,84000.0,-0.38580341162021137,0.1885539942589492,41
2026-09-24 21:20:00.012805,84413.06,281270479.33922136,269383897.3316655,0.021586284448366733,85000.0,0.6953189470918497,0.23387413176301533,84000.0,-0.48933186405041296,0.18396915453976476,41
2026-09-24 21:29:59.997515,84403.65,281489312.75716525,269378268.3714717,0.021985400485684807,85000.0,0.7065452738122202,0.2337394192076455,84000.0,-0.4782376117620446,0.18392144366631197,41
2026-09-24 21:40:00.013165,84404.77,282423209.7325093,266342330.32092828,0.029303733995423836,85000.0,0.7052089591619071,0.23537536124867672,84000.0,-0.47955820506353497,0.18037826419939365,41
2026-09-24 21:50:00.010906,84395.01,280099846.6768008,269560372.316314,0.019174526364293478,85000.0,0.7168551789969557,0.23392480865162057,84000.0,-0.46804899957947343,0.1834627679893145,41
2026-09-24 22:00:00.011569,84314.55,270917494.2968439,283292245.24004567,-0.022328642137437727,85000.0,0.8129676313281653,0.22488328350658532,84000.0,-0.37306728198158723,0.18913598573548962,41
2026-09-24 22:10:00.012934,84318.18,271124248.9886113,286508047.32412595,-0.027587710463037745,85000.0,0.8086275106981677,0.2241050774830916,84000.0,-0.37735634236886195,0.19243411315936712,41
2026-09-24 22:20:00.009982,84003.46,219790137.88221985,358479974.8971909,-0.2398357341145802,85000.0,1.1863082782542556,0.17780860582050437,84000.0,-0.004118877960512801,0.21120266465210155,41
2026-09-24 22:30:00.010989,84114.25,235224597.75237286,337433604.857478,-0.17848169578169762,85000.0,1.053032036783308,0.19568015015047927,84000.0,-0.13582716364943792,0.2089741254229691,41
2026-09-24 22:40:00.009905,84090.42,228888056.1502704,348580186.5031242,-0.2072704982058985,85000.0,1.081668993923457,0.18920740266397534,84000.0,-0.1075271118874177,0.21188990409955588,41
2026-09-24 22:50:00.009647,84221.75,251559528.25166255,294250786.1978344,-0.07821629019457084,85000.0,0.9240487166319866,0.2118798957215846,84000.0,-0.2632930329754535,0.20881268357554533,41
2026-09-24 23:00:00.010908,84259.23,257421493.45863426,292604430.6236726,-0.06396596164760683,85000.0,0.8791559096849033,0.21845972846696612,84000.0,-0.30765768925256065,0.20973709675645064,41
2026-09-24 23:10:00.017547,84328.57,272131328.09024215,281526645.6214329,-0.016969533497739334,85000.0,0.7962070268711985,0.22894810710635308,84000.0,-0.38963070285670254,0.2092395155464445,41
2026-09-24 23:20:00.012377,84324.86,268656001.17414904,284859112.2794954,-0.02927311415987804,85000.0,0.8006417087440099,0.2289933120725483,84000.0,-0.38524819371179575,0.21343940085248023,41
2026-09-24 23:30:00.011836,84410.31,288899666.0342954,273593311.52832747,0.02721163661863467,85000.0,0.6985994957251052,0.2441732192671513,84000.0,-0.486089910106946,0.20430613905216746,41
2026-09-24 23:40:00.014829,84412.44,288579492.22771466,274236154.95766044,0.02548496535550289,85000.0,0.6960585430299204,0.24408368080739673,84000.0,-0.4886009692410265,0.2042783993774189,41
2026-09-24 23:50:00.017703,84387.23,284905794.0280254,274995569.6644254,0.017699946823211563,85000.0,0.7261406731800646,0.24491459536359714,84000.0,-0.4588727465044129,0.2091284425862078,41
2026-09-25 00:00:00.014474,84384.37,284765786.4158393,278222483.8544375,0.011622449182219313,85000.0,0.7295545371731826,0.24390282690217396,84000.0,-0.45549904561709154,0.212402769453802,41
2026-09-25 00:10:00.011797,84686.86,328850129.1064039,236668866.87999183,0.1630029457553882,85000.0,0.3697622039593895,0.2900108656779625,84000.0,-0.8110585278519045,0.1729832468219579,41
2026-09-25 00:20:00.001056,84542.14,307102623.8898292,259297702.55955482,0.08440129551116433,85000.0,0.5415760708210149,0.2705581001788623,84000.0,-0.6412660006004045,0.1835317951582675,41
2026-09-25 00:30:00.013914,84649.47,321769180.61362904,243313404.02423593,0.13883948775323124,85000.0,0.41409591814336455,0.28184823292320726,84000.0,-0.767246386775966,0.17149676099556768,41
2026-09-25 00:40:00.009502,84587.96,313769028.6299919,258973737.3990543,0.09567172993007947,85000.0,0.4871142417904206,0.2735234308460499,84000.0,-0.6950871022306293,0.18193694844982872,41
2026-09-25 00:50:00.012567,84630.33,319145677.25445807,249725512.83244884,0.1220314293142598,85000.0,0.4368055754952138,0.28036037166723404,84000.0,-0.7448039018635555,0.17882933531770653,41
2026-09-25 01:00:00.013027,84573.53,312689434.8376788,259968017.36318806,0.09206449208312761,85000.0,0.5042594296347902,0.27384966998075405,84000.0,-0.6781436224785664,0.18401904485870693,41
2026-09-25 01:10:00.012303,84703.94,333942771.7946086,233645043.69039738,0.1767087406880051,85000.0,0.3495232925410541,0.2962714251209916,84000.0,-0.8310593344300177,0.17125195261045978,41
2026-09-25 01:20:00.003337,84663.99,324650435.476326,246207021.98997438,0.13741331125727194,85000.0,0.3968747515915583,0.2882856077162757,84000.0,-0.784264951368352,0.17824490940145732,41
2026-09-25 01:30:00.011821,84512.01,300708622.3718755,270835751.273973,0.052266932324685864,85000.0,0.5774208896463406,0.2626445224482717,84000.0,-0.6058428855259645,0.19670755262810685,41
2026-09-25 01:40:00.011898,84438.5,294702151.2749832,275483042.4953558,0.033706783321645804,85000.0,0.6649810216903473,0.24690616325061987,84000.0,-0.5193128726824869,0.20560873559173756,41
2026-09-25 01:50:00.000264,84534.02,303331572.84973466,268595007.15763646,0.060736057575170754,85000.0,0.5512336926600581,0.26573122537846955,84000.0,-0.6317219978418165,0.19530843640393455,41
2026-09-25 02:00:00.015919,84592.45,314450233.37182117,257194585.53668478,0.10015948004997205,85000.0,0.4817805844375078,0.2766972312277376,84000.0,-0.7003580106735297,0.18658482491146,41
2026-09-25 02:10:00.019699,84778.27,349176946.2112272,223183402.54498273,0.22012975556402478,85000.0,0.2615410765046233,0.3069303000342669,84000.0,-0.9180064655718967,0.16361586995108449,41
2026-09-25 02:20:00.011995,84830.82,355803784.47719324,217413001.81268698,0.24142834957823608,85000.0,0.1994322346524413,0.31228272370192345,84000.0,-0.9793846151670005,0.1553448132752371,41
2026-09-25 02:30:00.012836,84674.69,326910328.2705249,251563942.6835955,0.1302501932586475,85000.0,0.3841880023416566,0.29132427661780064,84000.0,-0.7968024447447042,0.17778875345269052,41
2026-09-25 02:40:00.015029,84426.56,297292039.26066697,278650945.1522297,0.032366214387418143,85000.0,0.679217535334864,0.25316590358339636,84000.0,-0.5052438474337895,0.21503075042499387,41
2026-09-25 02:50:00.010259,84323.59,279262628.57692385,295742915.39103764,-0.02866109203119623,85000.0,0.8021598700909349,0.23669761701177786,84000.0,-0.3837478930866167,0.2309912220444039,41
2026-09-25 03:00:00.017379,84195.58,250862124.2879178,336741685.3663461,-0.14615215161548797,85000.0,0.9554183248099202,0.21194567622006602,84000.0,-0.23229247901137562,0.2502940091342955,41
2026-09-25 03:10:00.011264,84301.59,275396043.1833826,302273162.6205849,-0.04652683433210928,85000.0,0.8284659874149503,0.2304844198532379,84000.0,-0.35775125949580877,0.24709297295668078,41
2026-09-25 03:20:00.013809,84215.58,257591167.22850433,322819498.6013657,-0.1123830680809389,85000.0,0.9314428517858575,0.2128392384563914,84000.0,-0.25598588764691455,0.261745451153495,41
2026-09-25 03:30:00.012607,84132.82,233625990.56015593,362169621.3381077,-0.21575122107462166,85000.0,1.030727366561579,0.1937508905000153,84000.0,-0.15786942598620124,0.28079759335610527,41
2026-09-25 03:40:00.011804,84322.66,282437337.39236754,294493580.7061223,-0.020897204388856443,85000.0,0.8032716235469861,0.24190247119134042,84000.0,-0.38264921908298666,0.2533088744599251,41
2026-09-25 03:50:00.001861,84168.73,238791048.2014327,369246131.97358006,-0.21455116237233743,85000.0,0.9876233133136347,0.19591593408287658,84000.0,-0.20046637272534973,0.2884477091553029,41
2026-09-25 04:00:00.010035,84214.95,248238927.30083615,329872004.031225,-0.1412065960114144,85000.0,0.9321979054787821,0.20845000121909696,84000.0,-0.2552397169386156,0.2871969883577633,41
2026-09-25 04:10:00.017775,84193.7,241980060.8630008,358991732.592262,-0.19470409926646867,85000.0,0.9576726049573825,0.20308088314326056,84000.0,-0.23006471980682175,0.2912335207498637,41
2026-09-25 04:20:00.010481,84115.39,222079293.19088537,375035052.940753,-0.25615823960817613,85000.0,1.051662484118543,0.18280496058814544,84000.0,-0.1371806039299095,0.30883263979312336,41
2026-09-25 04:30:00.014967,84109.12,218256319.03509185,379898784.803807,-0.27023503558075523,85000.0,1.059195483200881,0.1773376089662256,84000.0,-0.12973622836619514,0.31672412733841293,41
2026-09-25 04:40:00.009772,84223.36,249245574.84865323,336041699.60725087,-0.14829662038916738,85000.0,0.9221194689929213,0.20834623744013123,84000.0,-0.2651995835834642,0.3072156988478584,41
2026-09-25 04:50:00.012926,84188.05,238114808.29867077,370358885.65325546,-0.2173373782121679,85000.0,0.964448042210253,0.1948927760059016,84000.0,-0.2233689935804417,0.324892005270363,41
2026-09-25 05:00:00.010611,84192.55,238272604.45013356,373759579.12575984,-0.22137230412299974,85000.0,0.9590516025467677,0.19401449595849182,84000.0,-0.22870194571847913,0.33298852203097595,41
2026-09-25 05:10:00.011666,84213.67,240052882.60958865,352393218.7807523,-0.1896211923878401,85000.0,0.9337320176166175,0.19563613186268625,84000.0,-0.25372365317887224,0.3320386009643745,41
2026-09-25 05:20:00.002806,84167.45,217280385.551073,391638060.3711896,-0.28633994582975053,85000.0,0.9891591107964004,0.17000519651088528,84000.0,-0.19894864344826013,0.35684657496400063,41
2026-09-25 05:30:00.010482,84170.4,212515882.63984644,390919074.65602016,-0.2956461004772415,85000.0,0.9856196477621593,0.16474054345792988,84000.0,-0.20244646574092418,0.3650171969021757,41
2026-09-25 05:40:00.013957,84329.47,261140402.4865349,306096702.73015666,-0.0792548650822973,85000.0,0.7951312868443194,0.224753244596069,84000.0,-0.39069378711854563,0.3105714501333562,41
2026-09-25 05:50:00.013685,84248.92,220748271.95778257,339810462.1203998,-0.21239913487105055,85000.0,0.8915010423872438,0.17760977286714544,84000.0,-0.29545779340554024,0.35456070440220855,41
2026-09-25 06:00:00.011171,84176.88,188644129.17961043,385494758.10875916,-0.34286238624048754,85000.0,0.9778456982487249,0.13978998637111353,84000.0,-0.21012895702477996,0.389854853891898,41
2026-09-25 06:10:00.009645,84062.72,146878193.80841765,431343776.1197225,-0.4919660564724952,85000.0,1.1149770076438248,0.09399085873018649,84000.0,-0.07461095715199928,0.4379957891438103,41
2026-09-25 06:20:00.010695,84189.32,184618640.41248786,386642964.3255763,-0.35364589924737017,85000.0,0.9629249885852342,0.1355029779435827,84000.0,-0.22487412892752134,0.4022397138710186,41
2026-09-25 06:30:00.006929,84089.62,141458901.89638805,439542582.7463337,-0.5130514959583069,85000.0,1.0826306504893246,0.08451202380438756,84000.0,-0.10657676892819046,0.45615432646924814,41
2026-09-25 06:40:00.013883,83950.47,491829213.1957773,106556714.35905209,0.6438528733639431,84000.0,0.05899907409689931,0.4936323104798472,83000.0,-1.132179486309015,0.05791812764851049,41
2026-09-25 06:50:00.020630,84005.42,117358328.46718869,500712928.9179537,-0.6202433714077129,90000.0,7.135944323592458,0.07725494036537,84000.0,-0.006451964647036235,0.5192138195145942,41
2026-09-25 07:00:00.015596,84022.92,119099405.41541296,525850466.5441462,-0.630670814605942,90000.0,7.11363042369868,0.07471548207468393,84000.0,-0.02727827121457027,0.5385845072418582,41
2026-09-25 07:10:00.014443,83837.53,533141087.7274066,102408546.74250376,0.6777323400463627,84000.0,0.1937914917102157,0.5369934729679833,83000.0,-0.9989917403339543,0.051157934908630256,41
2026-09-25 07:20:00.016006,83923.62,653826504.9581579,89648547.15923259,0.7588391247186661,84000.0,0.09101132672781898,0.6035339435473198,83000.0,-1.100548331923712,0.03408387305865275,41
2026-09-25 07:30:00.011867,84036.3,113137591.69628371,698905359.5470046,-0.7213507203699927,90000.0,7.096576122461351,0.061950655249817854,84000.0,-0.04319561903606273,0.6328189070790058,41
2026-09-25 07:40:00.011568,83804.48,578261373.0815357,89261103.87392339,0.7325600052269717,84000.0,0.23330494980697836,0.5948385697906401,83000.0,-0.9599486805478619,0.03462689066943056,41
2026-09-25 07:50:00.014451,83972.86,1048400876.0677775,81718658.65805584,0.8553805041908583,84000.0,0.032319966236715736,0.7284737312097582,83000.0,-1.1585409857422957,0.02075480411228548,41
2026-09-25 08:00:00.012372,84022.23,109591233.57652226,118207287.32102358,-0.03782313296220417,90000.0,7.114510052875289,0.15398409503159324,84000.0,-0.02645728398305014,0.09522351379258416,41
2026-09-25 08:10:00.006601,84107.53,115403868.28811948,118334516.74308641,-0.012538156514496615,90000.0,7.00587688165375,0.15188616270442098,84000.0,-0.12784824378981874,0.09491735242745669,41
2026-09-25 08:20:00.008456,84235.35,119030295.47352298,98039966.8298979,0.09669831519475842,90000.0,6.843504538177858,0.15391294309867162,84000.0,-0.2793957643673406,0.09626198763941181,41
2026-09-25 08:30:00.000204,84402.95,123751315.0789389,95430061.5314637,0.12921377712585755,90000.0,6.631344046623977,0.15420358846228305,84000.0,-0.47741222315096365,0.09586255270665986,41
2026-09-25 08:40:00.005388,84326.39,122144403.91807067,97092135.46399537,0.11427049763094659,90000.0,6.72815473305568,0.15388573631350724,84000.0,-0.38705558248135485,0.0961364419908521,41
2026-09-25 08:50:00.010589,84270.94,121448006.13588887,100235765.88544822,0.09568693304442229,90000.0,6.798381506127726,0.1524034716637563,84000.0,-0.32151059428078277,0.09689185298141594,41
2026-09-25 09:00:00.011053,84406.9,126040751.36151293,97011875.19588599,0.1301436195289852,90000.0,6.626354006603741,0.15277443057221837,84000.0,-0.4820695938365205,0.09635258599095595,41
2026-09-25 09:10:00.011009,84630.65,133116944.64643395,99352781.78664596,0.14524111753324379,90000.0,6.34445085793387,0.15035871084924346,84000.0,-0.7451791992617252,0.09287112218941976,41
2026-09-25 09:20:00.009973,84593.46,132853206.16715598,100392775.12131402,0.13916823289528021,90000.0,6.391203291601966,0.1497970970057114,84000.0,-0.7015435945048276,0.09428664628126897,41
2026-09-25 09:29:59.999572,84797.26,145499781.2456625,96893936.98955436,0.200524356035256,90000.0,6.135504850038798,0.14960774806786584,84000.0,-0.9401954732971229,0.09120307154079026,41
2026-09-25 09:40:00.005441,84691.57,139824519.1341738,100053040.6290727,0.16579907909833094,90000.0,6.26795559463591,0.14849606860342301,84000.0,-0.816574778339807,0.0933105879831757,41
2026-09-25 09:50:00.015579,84599.87,136341474.9778808,102621191.84299551,0.14111109314059353,90000.0,6.383142196317793,0.14788476556644972,84000.0,-0.7090672834367151,0.09390840462361763,41
2026-09-25 10:00:00.010714,84560.37,135485341.99932855,104325012.57736987,0.12993738104829286,90000.0,6.432836090949001,0.14780178609904265,84000.0,-0.6626863151142692,0.09549145651040261,41
2026-09-25 10:10:00.009487,84422.78,137499194.31717995,100935131.93754287,0.1533506645371823,90000.0,6.6062974945861885,0.1477423884814185,84000.0,-0.500789005052904,0.09820978098114358,41
2026-09-25 10:20:00.014253,84444.76,137876646.24320725,100334005.76170602,0.15760269394135606,90000.0,6.578549101211251,0.14780681145741792,84000.0,-0.5266875055361608,0.09827133979967258,41
2026-09-25 10:30:00.015124,84692.71,142345166.54107216,101707929.64664742,0.1665098190893984,90000.0,6.266525182627869,0.147125000526256,84000.0,-0.8179098295473253,0.09279147212737923,41
2026-09-25 10:40:00.005419,84689.19,143221260.13417482,101848658.43376166,0.16881958398718838,90000.0,6.270942017511327,0.1467874185956918,84000.0,-0.8137874503227671,0.09257707629814682,41
2026-09-25 10:50:00.017511,84767.71,147977362.91071904,99945743.37259889,0.19373595409550606,90000.0,6.172503657347828,0.14828799475536578,84000.0,-0.9056632531420306,0.09259684046077857,41
2026-09-25 11:00:00.017996,84707.58,142961436.21939838,101692774.30504754,0.16868159279125614,90000.0,6.247870615593087,0.1476007550156068,84000.0,-0.8353207587797895,0.09275640647832707,41
2026-09-25 11:10:00.015807,85070.76,114272408.27646595,135532137.07390955,-0.08510545221514978,90000.0,5.794282312747656,0.14987992855825633,85000.0,-0.08317781573832228,0.09956046822258607,41
2026-09-25 11:20:00.011215,85086.97,115112989.76581487,132983983.0751102,-0.07203229086053323,90000.0,5.774127342882229,0.1504584331656469,85000.0,-0.10221306505567851,0.0994483256126647,41
2026-09-25 11:30:00.017470,84927.94,152948272.8077557,94751077.23636192,0.23495094178094658,90000.0,5.972192425719958,0.14943004525202494,84000.0,-1.0926204026613595,0.08799875801992213,41
2026-09-25 11:40:00.014512,84818.58,150951835.6584026,98315533.4519548,0.2111640299904007,90000.0,6.108826627373376,0.14898792669083302,84000.0,-0.9650951477848335,0.0893310095413324,41
2026-09-25 11:50:00.015452,84579.09,146525002.11495507,102327275.68446371,0.17760627638745521,90000.0,6.409279172901949,0.14420544246685513,84000.0,-0.6846727719581724,0.09064948239315831,41
2026-09-25 12:00:00.012003,84580.39,144886841.10972142,103025774.77461416,0.16885411896358546,90000.0,6.40764366302875,0.14486258187343318,84000.0,-0.686199247839836,0.09113704034477559,41
2026-09-25 12:10:00.010705,84650.41,147280407.0218962,102112542.90102807,0.18111123083001113,90000.0,6.319626803933964,0.14418514369213375,84000.0,-0.7683483163283045,0.0906316080346781,41
2026-09-25 12:20:00.010617,83979.8,171049764.48418546,86064582.97807798,0.3305345747715643,90000.0,7.168628646412589,0.14337371396700724,83000.0,-1.166709137197286,0.0670438587463523,41
2026-09-25 12:30:00.015710,84384.99,145140531.72958082,100157415.9942716,0.18338154131623466,90000.0,6.654038828469377,0.1445874164830952,84000.0,-0.4562304267619166,0.09262143424953133,41
2026-09-25 12:40:00.011121,84486.95,147589924.42022905,99071278.2278361,0.19670157151394047,90000.0,6.525327284272908,0.14431343544771072,84000.0,-0.5763612013452879,0.0924414669338942,41
2026-09-25 12:50:00.011366,84388.47,145593104.91631404,101611822.57484454,0.1779142624211749,90000.0,6.649640644035859,0.14398120603092907,84000.0,-0.4603353988998693,0.094639457943337,41
2026-09-25 13:00:00.005523,84447.42,146880624.64697596,101307197.58324456,0.18362475102205947,90000.0,6.575191995208374,0.1437696411052539,84000.0,-0.5298208044721808,0.0955155143857497,41
2026-09-25 13:10:00.017711,84440.09,146902970.56682837,101319700.64705104,0.1836386245336181,90000.0,6.584443479394686,0.14392970096633018,84000.0,-0.5211860858982953,0.09557894605124442,41
2026-09-25 13:20:00.007722,84291.93,141056998.41070452,106240940.37456232,0.1407858804127502,90000.0,6.771787050077038,0.14346944786581473,84000.0,-0.34633208659475834,0.09690201717277956,41
2026-09-25 13:30:00.005064,84086.53,131152873.84296148,131626529.62085474,-0.0018024844095457459,90000.0,7.032600822034163,0.14041658394987108,84000.0,-0.10290589943477979,0.09778036560248943,41
2026-09-25 13:40:00.009162,84110.48,137304653.9607171,127532192.76012929,0.036899930359345245,90000.0,7.0021238732676405,0.14108757554649481,84000.0,-0.1313510516168681,0.0966098497685323,41
2026-09-25 13:50:00.008048,83737.42,142565326.40499207,94198960.8956919,0.20428066268235906,90000.0,7.478830850054852,0.1406835007192492,83000.0,-0.8806337716160795,0.07701513221347711,42
2026-09-25 13:59:59.993216,83911.93,173541301.87954158,89570976.15676919,0.3191425590225937,90000.0,7.25530922718618,0.14106311288273904,83000.0,-1.086770379372748,0.06845352403746013,41
2026-09-25 14:10:00.013181,83441.28,137847264.28884572,96960084.18622395,0.1741307517339599,90000.0,7.860282104972494,0.1457961352723001,83000.0,-0.5288509476364722,0.08524002568288468,42
2026-09-25 14:20:00.009373,83629.52,141666341.61213973,99221711.89344956,0.17620064216968456,90000.0,7.617501571215524,0.14594427047056197,83000.0,-0.7527485509901344,0.08526505755467724,42
2026-09-25 14:30:00.005332,83631.48,142660916.2762853,100191565.78069276,0.17487715231845305,90000.0,7.614979431190272,0.14418481402236902,83000.0,-0.7550745245689772,0.0858983545801898,42
2026-09-25 14:40:00.001292,83852.27,170741800.65018594,97267485.17658415,0.2741483946981318,90000.0,7.331620241169379,0.13790951205527469,83000.0,-1.0163946664771273,0.07672359083782035,41
2026-09-25 14:50:00.007219,83800.5,146275940.3982594,102428004.04187842,0.17630575363445847,90000.0,7.397927220004652,0.14247421595383483,83000.0,-0.9552448971068217,0.08413962253342117,41
2026-09-25 15:00:00.008724,83998.79,180224663.38107878,94558824.22643885,0.31175759468123243,90000.0,7.144400532436257,0.1374705449008417,83000.0,-1.189052842308791,0.07248153632770377,41
2026-09-25 15:10:00.003945,83896.45,176687801.43913442,98160163.41229834,0.2857130052583205,90000.0,7.275099244366134,0.13581461623965244,83000.0,-1.0685195857512375,0.0772211676113715,41
2026-09-25 15:20:00.010777,83771.38,148235661.41471624,102898382.19009146,0.18053020042144874,90000.0,7.435260109120789,0.14191495785049116,83000.0,-0.92081567714416,0.08510120194939404,41
2026-09-25 15:30:00.019940,83759.27,151337906.92901394,100988449.43397003,0.19954101593181853,90000.0,7.450793207724948,0.14127918814585144,83000.0,-0.90649070843144,0.08570052293148783,41
2026-09-25 15:40:00.005130,83469.48,145875903.53481612,104017868.7971302,0.16750331289602452,90000.0,7.823841720350955,0.14115113004148339,83000.0,-0.5624570801207818,0.09915008222027104,42
2026-09-25 15:50:00.026577,83426.46,142326183.38487786,106161739.69705239,0.14553803355626865,90000.0,7.879442565344363,0.14175408855784358,83000.0,-0.5111807452935269,0.1000311011550554,42
2026-09-25 16:00:00.012639,83786.26,153911878.43230736,104026922.72087398,0.19339841655621387,90000.0,7.416180170829922,0.13571213240198865,83000.0,-0.9384116202346249,0.08091941575296091,41
2026-09-25 16:10:00.016350,83967.89,186075871.273895,99039940.72869438,0.30526518306326056,90000.0,7.183829437657652,0.1344645169207636,83000.0,-1.1526906297157136,0.07274262311252574,41
2026-09-25 16:20:00.010448,84034.47,136815796.6401501,150391456.48373455,-0.047267816867176016,90000.0,7.09890834082727,0.13523829265236606,84000.0,-0.04101888189453895,0.1154422672645962,41
2026-09-25 16:30:00.004863,83966.16,187727425.2415071,100086427.29928744,0.30450583656253133,90000.0,7.18603780380096,0.13348227475745106,83000.0,-1.1506540253835684,0.07252089322910725,41
2026-09-25 16:40:00.014603,83909.66,189340901.83009252,105113200.29059431,0.28604696260939205,90000.0,7.258210794800024,0.13146102038656055,83000.0,-1.084094489239984,0.0751075656575367,41
2026-09-25 16:50:00.004976,83787.32,162650799.7386284,110275458.9223756,0.19190290107375524,90000.0,7.414821240254477,0.13615598002495308,83000.0,-0.9396648562097543,0.08505910784247724,41
2026-09-25 17:00:00.010416,83733.31,160218603.51611054,112633343.34359139,0.17439956254732927,90000.0,7.484106384902267,0.1360731700454035,83000.0,-0.8757685561456952,0.0880928587900684,42
2026-09-25 17:10:00.006060,83941.93,194578252.37264246,105979298.59759292,0.2947819926301689,90000.0,7.216977260351309,0.1299675484840476,83000.0,-1.122120971009355,0.07158318464286748,41
2026-09-25 17:20:00.008657,83899.65,192957566.5741615,108002472.24412923,0.2822803142357555,90000.0,7.271007685967712,0.1296678391728052,83000.0,-1.0722929118297753,0.07295900980029861,41
2026-09-25 17:30:00.010925,83671.05,160539098.0377956,120411726.92151979,0.14282702719270063,90000.0,7.564085785943875,0.133489283565047,83000.0,-0.8020097751850863,0.0935911244155724,42
2026-09-25 17:40:00.007029,83743.1,165645770.23743188,114704085.38866083,0.18170754800285263,90000.0,7.47154093889526,0.1338012669843382,83000.0,-0.8873566896854812,0.08497833685376538,42
2026-09-25 17:50:00.002397,83780.1,169067009.97021455,115869352.37491786,0.1867001359793469,84000.0,0.2624728306602542,0.13294803533415245,83000.0,-0.9311280363714092,0.08334961342257732,41
2026-09-25 18:00:00.010637,83773.15,170272294.02978587,113349215.8937906,0.20070085005658964,84000.0,0.2707908202091103,0.13292455429038597,83000.0,-0.9229090705076715,0.07740682302000494,41
2026-09-25 18:10:00.011098,83941.4,207292772.85371405,106096124.39912589,0.32291076468144125,84000.0,0.06981060597035516,0.14347319967111355,83000.0,-1.1214966631483358,0.06476295691576053,41
2026-09-25 18:20:00.001258,84032.82,142869415.56704783,172082549.37260547,-0.09275425162422801,90000.0,7.101011247748201,0.12639217238794437,84000.0,-0.03905616876835882,0.15128802257857255,41
2026-09-25 18:30:00.008775,83945.89,213669220.9251629,107911554.85743058,0.32886812282345634,84000.0,0.06445818848308527,0.15058149625552905,83000.0,-1.1267853613798118,0.06549851194648788,41
2026-09-25 18:40:00.008433,83909.63,208662412.39347523,109912292.95162779,0.30997476505510446,84000.0,0.10769919972235531,0.14818446622854628,83000.0,-1.0840591240838582,0.06705976932830651,41
2026-09-25 18:50:00.008511,83940.28,210755127.03744227,107734863.44482455,0.32346468231739856,84000.0,0.07114581938492126,0.14751974945312268,83000.0,-1.1201773451315566,0.06414836566355775,41
2026-09-25 19:00:00.009955,83952.59,212453148.71687222,106050620.10555127,0.33406992012908937,84000.0,0.05647234945342916,0.14781995592998998,83000.0,-1.1346761308972053,0.06253306589672251,41
2026-09-25 19:10:00.011975,83918.76,210193619.6992115,109849591.81736144,0.3135327489258553,84000.0,0.09680791279567114,0.1488832723107507,83000.0,-1.094820752832848,0.06531623546926801,41
2026-09-25 19:20:00.011385,83966.59,215866742.40424347,107413087.80222927,0.33547918697169227,84000.0,0.03978963537760727,0.15315457655219794,83000.0,-1.1511602412340394,0.06250714177877138,41
2026-09-25 19:30:00.006294,84002.6,143133046.44579214,180993511.3600461,-0.11680766047234406,90000.0,7.139540918971554,0.12414954563908757,84000.0,-0.0030951422932190553,0.1544838558847811,41
2026-09-25 19:40:00.005548,83987.05,218388383.6869484,107052439.08998267,0.3421081093851567,84000.0,0.015419043769249186,0.1574690444589346,83000.0,-1.1752407067518233,0.06210372866000557,41
2026-09-25 19:50:00.003623,84002.12,142887825.2800526,181741321.90230677,-0.11968579210919819,90000.0,7.1401531294686515,0.1240225594404174,84000.0,-0.002523745829263735,0.1591986171234124,41
2026-09-25 20:00:00.003843,84007.82,142566490.25641674,183218382.19470984,-0.1247813983271786,90000.0,7.132883581552285,0.12373858299949374,84000.0,-0.009308657217876881,0.16028112037651712,41
2026-09-25 20:10:00.007197,83962.78,218145441.3438029,108616249.46136144,0.3351959393175915,84000.0,0.044329165851819674,0.15924381075017804,83000.0,-1.1466747527892673,0.06354326390333775,41
2026-09-25 20:19:59.998272,83987.63,221439540.77358374,106537429.49791223,0.35033591285557864,84000.0,0.014728359402438329,0.16244536008116167,83000.0,-1.1759231686856775,0.0605094850118044,41
2026-09-25 20:30:00.010160,84047.09,146748561.23789728,185950595.973777,-0.11783027965693968,90000.0,7.082827019947979,0.12334274961925086,84000.0,-0.05602811471521196,0.16768602978366923,41
2026-09-25 20:40:00.008197,84145.46,155671454.86340535,176287838.11286393,-0.06210515471525716,90000.0,6.957642159184818,0.12442260125741622,84000.0,-0.172867318094172,0.16331201508649737,41
2026-09-25 20:50:00.005705,84023.82,143952459.05520523,190449351.9833185,-0.13904497940280816,90000.0,7.1124831030057845,0.1228840842273237,84000.0,-0.02834910386126932,0.167421500524981,41
2026-09-25 21:00:00.014275,83867.42,212177393.50262028,114541498.76849836,0.2988376155888208,84000.0,0.15808284075031764,0.1523339463443428,83000.0,-1.03427528830623,0.07021391725402898,41
2026-09-25 21:10:00.014394,83714.57,173796418.89543518,125287760.23312604,0.16219065416180942,84000.0,0.34095618002933925,0.1445935110253174,83000.0,-0.8535790125900555,0.08843937931546512,42
2026-09-25 21:20:00.004864,83627.59,167715760.8838812,129579313.35210279,0.12827810090626274,84000.0,0.4453195410748956,0.13889806415388287,83000.0,-0.7504580725093191,0.09585317882369017,42
2026-09-25 21:30:00.002318,83761.63,178130406.7346483,120180614.28465737,0.194259643012789,84000.0,0.28458137693834207,0.14538118073110165,83000.0,-0.9092826870728321,0.08157516117177421,41
2026-09-25 21:40:00.014088,83784.37,178219066.42565256,118404718.97389105,0.20165054319967404,84000.0,0.2573630379986147,0.14931930960199094,83000.0,-0.9361769981680257,0.08061828176628633,41
2026-09-25 21:50:00.010781,83849.57,209472278.7927699,113677320.43507111,0.29644151992327633,84000.0,0.1794046171017749,0.14870298023646805,83000.0,-1.0132073426256216,0.06997828517977461,41
2026-09-25 22:00:00.003858,83784.53,181750309.18860805,119981197.15568331,0.20471548623246183,84000.0,0.2571715804815078,0.15104212996606473,83000.0,-0.9363661764289932,0.08098727137698516,41
2026-09-25 22:10:00.004685,83908.61,213282556.82977775,109517667.5400081,0.32145234561826425,84000.0,0.10891611718988337,0.15595673786531275,83000.0,-1.0828566937290507,0.06544374173312993,41
2026-09-25 22:20:00.005746,83950.73,217433101.3527433,106841820.56978256,0.3410417312794316,84000.0,0.05868918590703487,0.16033532826677674,83000.0,-1.132485685353779,0.06215111345803561,41
2026-09-25 22:30:00.012005,83899.53,212767945.27197132,111835603.7211614,0.31094035128046377,84000.0,0.11975037285667511,0.15799728788094097,83000.0,-1.0721514172963742,0.06865545876443625,41
2026-09-25 22:40:00.001604,84078.89,148640093.3771419,179361187.5228362,-0.09366150663009916,90000.0,7.042326557831591,0.12475001672962224,84000.0,-0.09382854602385526,0.16363136740101403,41
2026-09-25 22:50:00.003974,84043.73,148668583.36074117,184655991.06734776,-0.10796506008701283,90000.0,7.087108104316653,0.12319822293138984,84000.0,-0.05203243597112772,0.16624584835326858,41
2026-09-25 23:00:00.000912,84059.97,149332737.69133753,184642426.86317176,-0.10572549374721907,90000.0,7.066419367030474,0.1232010229879755,84000.0,-0.07134192410489515,0.16787714242958524,41
2026-09-25 23:10:00.009982,84079.15,150657036.63022566,184684634.00642487,-0.10147142558095264,90000.0,7.041995548242341,0.12330051102025993,84000.0,-0.09413748830714441,0.16904502341149835,41
2026-09-25 23:20:00.006887,84062.75,148675038.61323997,186460778.39235854,-0.11274754252389367,90000.0,7.062878623409308,0.12276627391217029,84000.0,-0.07464661815131945,0.17129576749838235,41
2026-09-25 23:30:00.014187,84083.21,149925561.84109408,183624014.7832446,-0.10102981776560169,90000.0,7.036826971758092,0.12359003647408523,84000.0,-0.09896149302578428,0.16944196286223656,41
2026-09-25 23:40:00.008705,84072.18,150632836.80223307,186168433.11738473,-0.10550909242008713,90000.0,7.050869859684861,0.12277171106157451,84000.0,-0.0858547976274604,0.17148667522072483,41
2026-09-25 23:50:00.010541,84065.05,149541312.00476128,188297359.9264894,-0.1147176186200936,90000.0,7.059949408226118,0.12211615322226059,84000.0,-0.07738055232228147,0.1742182627342047,41
2026-09-26 00:00:00.025742,84087.4,151802641.41077328,185356887.6137424,-0.09952038520177588,90000.0,7.031493422320123,0.12271596871840963,84000.0,-0.10393947250122437,0.17286925545959686,41
2026-09-26 00:10:00.008549,84068.81,149112683.94900858,190775978.53234947,-0.12257924191756764,90000.0,7.055161123370257,0.12201812460397088,84000.0,-0.08184961818776815,0.18002290265286042,41
2026-09-26 00:19:59.998924,84024.98,144533110.69787472,194271070.79119533,-0.1468044457855228,90000.0,7.111004370367002,0.1218954375245353,84000.0,-0.029729254324128984,0.18057849922843855,41
2026-09-26 00:30:00.006845,83936.55,225544301.98907897,108830139.88135853,0.3490522823898859,84000.0,0.07559281385760563,0.17558562959126503,83000.0,-1.1157832910692722,0.06360624884793144,41
2026-09-26 00:40:00.016031,83813.45,210086832.97835094,114940157.19588697,0.29273469176039346,84000.0,0.2225776411781233,0.1590042443558279,83000.0,-0.9705482831216194,0.07037858194150055,41
2026-09-26 00:50:00.013039,83907.43,215068213.57005048,110406401.94947657,0.3215667417058356,84000.0,0.11032396058370253,0.1577517570014071,83000.0,-1.0814656103756204,0.0667860202046248,41
2026-09-26 01:00:00.016921,83898.96,211680198.1093733,111577652.07701452,0.3096677960787046,84000.0,0.12043057506314625,0.15719230347364357,83000.0,-1.0714793127352351,0.06886058200777877,41
2026-09-26 01:10:00.011426,83895.95,212003633.3966309,111267341.31030717,0.3116156412670405,84000.0,0.12402267332332073,0.15869111331483615,83000.0,-1.0679299775495643,0.06829808820964775,41
2026-09-26 01:20:00.012817,83936.34,214835430.72362667,108769921.5513096,0.32776191254773634,84000.0,0.07584319259095196,0.15864280431313016,83000.0,-1.1155358930351245,0.0654202531181806,41
2026-09-26 01:30:00.008177,83933.36,214254478.1919075,108785939.3563772,0.3264871301120268,84000.0,0.07939632108138195,0.158175409298782,83000.0,-1.1120250636933893,0.06552422100829564,41
2026-09-26 01:40:00.012888,84027.15,144267756.00503033,181239329.50448173,-0.11358147071232035,90000.0,7.108238230143482,0.12503865090842128,84000.0,-0.0323109851994241,0.16048485298379303,41
2026-09-26 01:50:00.006886,84021.88,143236031.92722428,185136905.20122945,-0.12760148153626402,90000.0,7.114956247110871,0.12431969190071253,84000.0,-0.026040836029861403,0.16178988040770867,41
2026-09-26 02:00:00.011859,84067.13,147145553.53198838,180715003.33191675,-0.1023894125021664,90000.0,7.057300516860754,0.12449697874546868,84000.0,-0.0798528509299734,0.16457024729485714,41
2026-09-26 02:10:00.003746,84029.61,143258999.25708628,184619227.28729028,-0.12614508888288778,90000.0,7.10510259419268,0.12445853814214694,84000.0,-0.03523757875348865,0.16276402060286793,41
2026-09-26 02:20:00.013780,84125.06,149985812.27278107,177830794.58967844,-0.08494073129303101,90000.0,6.9835789715930074,0.12486738468776061,84000.0,-0.1486596265131923,0.1647395094552116,41
2026-09-26 02:30:00.010877,84016.69,141856058.57956892,188066096.73716456,-0.14006345864597317,90000.0,7.121573106486334,0.12402154266372051,84000.0,-0.019865100612748154,0.16690962460343814,41
2026-09-26 02:40:00.002682,84013.13,140710136.43722066,187205009.8129834,-0.14178934369895332,90000.0,7.126112311254196,0.12449892931031668,84000.0,-0.015628509496079523,0.16680840660195861,41
2026-09-26 02:50:00.011228,84047.65,143775721.96963617,183560706.52414182,-0.1215415734129386,90000.0,7.082113539164991,0.12471977595746066,84000.0,-0.05669403011266949,0.16710522868446204,41
2026-09-26 03:00:00.013103,84000.1,140042952.7950065,188010390.04298648,-0.14621840714382955,90000.0,7.142729591988584,0.12443878989882201,84000.0,-0.00011904747733160193,0.16668407073296693,41
2026-09-26 03:09:59.995318,83996.48,221313353.0673168,105514130.27510408,0.3543129898622649,84000.0,0.004190651798752221,0.16864235287315119,83000.0,-1.186335427389329,0.06089499973723979,41
2026-09-26 03:20:00.007390,83918.06,214119401.7689522,110588180.4231878,0.3188444835405833,84000.0,0.09764286733988659,0.16786535184145532,83000.0,-1.0939957382236853,0.0670715139775177,41
2026-09-26 03:30:00.015866,84010.74,138930621.81239823,187890117.13409406,-0.14980535041783738,90000.0,7.129159914553784,0.12469829290191302,84000.0,-0.012784079749805777,0.17081301726173875,41
2026-09-26 03:40:00.019375,83989.79,224075618.67115697,103685500.83224936,0.36731055233552934,84000.0,0.012156239466731833,0.17533218002571843,83000.0,-1.178464668145962,0.058390995160628005,41
2026-09-26 03:50:00.014534,83934.95,220082885.1692645,108109506.66473846,0.3411821275892381,84000.0,0.0775004929412626,0.17846085303847334,83000.0,-1.1138983224508903,0.06303341508385873,41
2026-09-26 03:59:59.999872,83932.28,222704349.20663276,107314053.1555416,0.34964806575985297,84000.0,0.08068409436750024,0.18186165959626915,83000.0,-1.110752621041633,0.061450537942078914,41
2026-09-26 04:10:00.005970,83996.66,228240061.5182159,102300336.20231064,0.3810115985350387,84000.0,0.003976348583378808,0.18392479099857031,82000.0,-2.3770707073352715,0.05627970884011855,41
2026-09-26 04:20:00.005326,84024.79,137522418.8920641,192311137.53111327,-0.1661102018642248,90000.0,7.111246573779018,0.12400374710151053,84000.0,-0.029503197806257653,0.18897068389982266,41
2026-09-26 04:30:00.000665,83881.27,215038685.87805122,110411588.8278231,0.3214841257847604,84000.0,0.14154530564451928,0.18719360739158622,83000.0,-1.0506159479941157,0.06538022323637893,41
2026-09-26 04:40:00.014381,83915.23,219923571.45774105,106238768.9278601,0.34855281696678586,84000.0,0.10101861128188894,0.18537944559567196,83000.0,-1.0906601817095574,0.0584933533225413,41
2026-09-26 04:50:00.013644,83979.58,232838548.58281735,101532180.89456362,0.3926969561405229,84000.0,0.02431543477592335,0.1961628343070266,82000.0,-2.357215885099684,0.055857320820017355,41
2026-09-26 05:00:00.010398,83971.38,233455046.76129737,101184121.074662,0.3952643276697209,84000.0,0.03408304115044558,0.20118736809882765,82000.0,-2.3476808407817074,0.05582048503609801,41
2026-09-26 05:10:00.013556,83985.08,238131518.30958557,98991057.71392687,0.41272958410816857,84000.0,0.017765060174967928,0.2085674032886349,82000.0,-2.36361029840062,0.055558368882391726,41
2026-09-26 05:20:00.009838,83917.03,229491627.6935022,103272348.62984194,0.3793057182999099,84000.0,0.09887146863991614,0.20304149722444642,82000.0,-2.2844349948991316,0.05619638390808734,41
2026-09-26 05:30:00.011828,83920.5,234180025.22735375,102176320.22925746,0.3924519539504995,84000.0,0.0947325147014233,0.21147786605368896,82000.0,-2.288475402315282,0.05570259935785858,41
2026-09-26 05:40:00.005318,83943.61,231364204.61440203,99622145.16358787,0.3980286786424291,84000.0,0.06717604830195345,0.20910553472766288,82000.0,-2.3153757623719073,0.05620877654450746,41
2026-09-26 05:50:00.008388,83970.57,239298618.75629437,97149951.76871271,0.42249746154595785,84000.0,0.03504799360061206,0.2160036403271825,82000.0,-2.3467388633898856,0.05562407085341538,41
2026-09-26 06:00:00.017146,83917.04,231565712.72768092,99952741.63225573,0.3970004365202855,84000.0,0.09885954032697875,0.2113002830981274,82000.0,-2.284446639204618,0.05622540432676735,41
2026-09-26 06:10:00.012214,83922.19,230020392.44094327,98248013.36140892,0.40141657482223086,84000.0,0.09271683686995491,0.2120136519933465,82000.0,-2.2904430878174176,0.05661780604476396,41
2026-09-26 06:20:00.021228,83905.67,230444900.99344215,97952371.22696516,0.4034519801904847,84000.0,0.11242386837504448,0.21528926082584954,82000.0,-2.2712052713481645,0.05663095555860169,41
2026-09-26 06:30:00.001534,83926.54,236546174.59720764,95173073.86407794,0.42618298874395616,84000.0,0.08752892708314697,0.2242586712339287,82000.0,-2.2955074759426486,0.05617351838165618,41
2026-09-26 06:40:00.009943,83921.33,240067781.3663518,95164075.0198276,0.4322492137489417,84000.0,0.09374255627263572,0.22999021870724357,82000.0,-2.28944179030528,0.05599233950306108,41
2026-09-26 06:50:00.011605,83929.65,250505488.71881732,94243391.62863353,0.45326353760075155,84000.0,0.08382019941701735,0.24382299952580475,82000.0,-2.299127900569098,0.05486300042667957,41
2026-09-26 07:00:00.016137,83886.59,240655587.02654284,95633693.54504022,0.43124149908974885,84000.0,0.13519443334149006,0.234467406926349,82000.0,-2.248976862690444,0.055820060211655795,41
2026-09-26 07:10:00.010232,83983.13,286653367.0026424,90641789.56374219,0.5195178735468666,84000.0,0.020087367546306467,0.2928756515021821,82000.0,-2.361343284061934,0.051523972604952804,41
2026-09-26 07:20:00.017717,84008.28,127484642.41108786,264626195.3716605,-0.3497520082231363,90000.0,7.132296959299733,0.11030248016583889,84000.0,-0.009856171320254958,0.31380294404070963,41
2026-09-26 07:30:00.009411,83999.17,321683174.3535228,90148567.42619127,0.5622068030180583,84000.0,0.000988105001509254,0.3361536892466642,82000.0,-2.3799878022604304,0.04849003596823469,41
2026-09-26 07:40:00.007315,84028.24,127557020.63937172,314875623.0936338,-0.4233833219759052,90000.0,7.10684884034225,0.10124704525953225,84000.0,-0.03360774901390862,0.3704336262614108,41
2026-09-26 07:50:00.014047,84067.97,129284732.91867203,350060232.3973237,-0.46057748689007544,90000.0,7.056230809427189,0.09553320429538015,84000.0,-0.08085124453462988,0.4049455071691105,41
2026-09-26 08:00:00.015248,84101.63,130789813.9794685,134584099.25090277,-0.014297883410041347,90000.0,7.013383688282859,0.14272457164381344,84000.0,-0.12084189093600761,0.10970747356483224,41
2026-09-26 08:10:00.013165,84060.9,129672194.16217594,136646285.36777508,-0.02618703447807427,90000.0,7.06523484759265,0.14233029577523368,84000.0,-0.07244747558019515,0.11311232076197604,41
2026-09-26 08:20:00.012252,84036.62,128543411.24420084,139526684.233599,-0.04097164575489825,90000.0,7.096168313290097,0.14176470588235296,84000.0,-0.04357624092924395,0.11651185370984707,41
2026-09-26 08:30:00.009483,84090.96,130612799.36625418,138192726.77757496,-0.028198554992745956,90000.0,7.026962232325551,0.14216745423640464,84000.0,-0.10816858316281541,0.11715152595085292,41
2026-09-26 08:40:00.003801,84273.97,143033422.81212848,114019276.45263654,0.11287236602642048,90000.0,6.794541659779396,0.14349520715056804,84000.0,-0.32509445087255395,0.11551931291522997,41
2026-09-26 08:50:00.010399,84205.31,138450409.56594193,137128379.458349,0.004797285423430792,90000.0,6.881620648389042,0.14248595891856494,84000.0,-0.24382072817022982,0.12032752717081963,41
2026-09-26 09:00:00.012461,84192.15,139531557.49506485,138190447.7064539,0.004828964804707635,90000.0,6.898327219342892,0.13968853571283354,84000.0,-0.22822792861328933,0.12192169303395044,41
2026-09-26 09:09:59.999682,84160.0,136994585.29484802,142407625.070592,-0.01937364693237056,90000.0,6.939163498098866,0.13909697911215216,84000.0,-0.1901140684410607,0.12441664168525454,41
2026-09-26 09:20:00.010612,83998.48,192359355.03437996,91759253.49878252,0.35407783409531707,84000.0,0.0018095565538889247,0.13698548281735284,82000.0,-2.379185909078352,0.062116423595504046,41
2026-09-26 09:30:00.016529,84013.73,130785625.88370065,154434412.3295648,-0.08291418300765188,90000.0,7.125347249788816,0.13635130952877636,84000.0,-0.01634256686376956,0.13872087817107473,41
2026-09-26 09:40:00.014128,84004.31,131432121.44114873,155878871.8703279,-0.08508811357133211,90000.0,7.137359975934565,0.13570843771343435,84000.0,-0.005130689127730292,0.14010107877686562,41
2026-09-26 09:50:00.018357,84006.06,131668644.32874909,156240263.9988255,-0.08534511770688077,90000.0,7.13512810861503,0.13569001884394286,84000.0,-0.007213765292646279,0.1405091179219434,41
2026-09-26 10:00:00.014661,84009.69,132869445.735693,155138944.01818046,-0.07732239432857689,90000.0,7.130498874594116,0.13615120299481673,84000.0,-0.011534383712163976,0.139701696388288,41
2026-09-26 10:10:00.005520,84102.78,137392688.09756517,151701787.22435564,-0.049496273184939224,90000.0,7.0119204145213665,0.13607853547658635,84000.0,-0.12220761311337869,0.13699702365095398,41
2026-09-26 10:20:00.007732,84142.09,139274559.85812724,150663060.62195918,-0.03927914130278975,90000.0,6.961925951684833,0.13590169605639354,84000.0,-0.16886911176082764,0.13633792678708,41
2026-09-26 10:30:00.012251,84131.89,138244825.20880818,152079188.8618703,-0.04765146175505197,90000.0,6.97489382444636,0.13576612222701445,84000.0,-0.15676576385006413,0.13786327209000696,41
2026-09-26 10:40:00.012503,84113.06,137191953.3224511,152776990.6895121,-0.05374726393602343,90000.0,6.998841796981359,0.13585621485888968,84000.0,-0.13441432281739996,0.1385806589283853,41
2026-09-26 10:50:00.016582,84134.45,137883806.04815206,152468777.5428062,-0.050231932894391276,90000.0,6.971638847107231,0.1358081178661315,84000.0,-0.1598037426999266,0.13903605725787277,41
2026-09-26 11:00:00.001736,84167.33,139907857.65005416,151773578.6867469,-0.04068041211574237,90000.0,6.929850335040921,0.13543293650198693,84000.0,-0.19880635396181123,0.13822597051749339,41
2026-09-26 11:10:00.008268,84148.39,138670664.18978664,151959627.56316993,-0.04572463280833525,90000.0,6.953917953748134,0.1357279814264103,84000.0,-0.17634324316840866,0.13759798054965455,41
2026-09-26 11:20:00.019520,84177.23,141995797.77427015,150162047.53131917,-0.027951499123726575,90000.0,6.917274422073527,0.13534883936445763,84000.0,-0.21054387273137243,0.1349999304962414,41
2026-09-26 11:30:00.006337,84154.61,140230295.90665662,150782261.03924072,-0.03625948393197971,90000.0,6.946012820925684,0.13577279973375697,84000.0,-0.18372136713603604,0.13586033891141236,41
2026-09-26 11:40:00.010792,84184.37,141964892.0744473,149732607.35977232,-0.026629351641311243,90000.0,6.908206357070812,0.13601601313235798,84000.0,-0.2190074000672504,0.13524723749874276,41
2026-09-26 11:50:00.013650,84161.81,141608814.54526946,150727526.9408733,-0.031192537846123653,90000.0,6.936863643973434,0.13539541083361673,84000.0,-0.1922605989581272,0.135460921352922,41
2026-09-26 12:00:00.006102,84160.02,141219393.11753953,150641928.5737213,-0.03228428968107391,90000.0,6.939138084805574,0.13553213148617463,84000.0,-0.19013778751478805,0.13459271474117165,41
2026-09-26 12:10:00.015204,84130.17,139165455.5630037,150826130.37351072,-0.04021039014925009,90000.0,6.977080873603381,0.13602249470500538,84000.0,-0.15472451797018394,0.13415455874009782,41
2026-09-26 12:20:00.017591,84145.76,140605808.32840204,150004475.87674475,-0.032341138834949226,90000.0,6.957260829303835,0.13587155220773134,84000.0,-0.17322322598309903,0.13314361502377992,41
2026-09-26 12:30:00.014030,84082.52,137483381.86774153,151461717.07087147,-0.048377132038151215,90000.0,7.037705339944611,0.13596538387600235,84000.0,-0.09814168271836676,0.13323679471299774,41
2026-09-26 12:39:59.997864,84075.46,137206812.24459377,151125473.14179486,-0.048272987808316216,90000.0,7.046693529836157,0.13609235238099382,84000.0,-0.0897527054862457,0.1323104432996287,41
2026-09-26 12:50:00.008059,84054.34,135095145.76619792,150972334.46819842,-0.055501550504766003,90000.0,7.07359072714151,0.13674427444823012,84000.0,-0.06464865466792036,0.13199299417106794,41
2026-09-26 13:00:00.004443,84037.41,133997771.80436563,151440418.32608315,-0.0611083139006242,90000.0,7.095161547696427,0.13646590723279012,84000.0,-0.04451588881666524,0.1308271496313138,41
2026-09-26 13:10:00.011059,84054.87,135078974.4319725,151269635.26678735,-0.056541782590973644,90000.0,7.07291558478409,0.1362908491191966,84000.0,-0.06527878753485039,0.13071609273094942,41
2026-09-26 13:20:00.014241,83983.47,191564273.43464085,93139858.22968373,0.34570771639170556,90000.0,7.163945476413391,0.13663924242480946,82000.0,-2.361738565934468,0.06202434813631164,41
2026-09-26 13:30:00.009618,83918.15,186327175.60207522,96380102.97181934,0.31816327150821955,90000.0,7.247359480636795,0.1423115292916278,82000.0,-2.2857391398642513,0.06476220512235044,41
2026-09-26 13:40:00.012509,83916.27,186289462.31014287,96334378.04598585,0.3182855492686194,90000.0,7.249762173652385,0.13711013665811442,82000.0,-2.2835500195611647,0.06239518919377315,41
2026-09-26 13:50:00.009182,83932.89,188226662.1113274,95935978.83105895,0.3247811991548188,90000.0,7.228525075211878,0.13672961656653507,82000.0,-2.302899375918066,0.062225769281478646,41
2026-09-26 14:00:00.013300,83932.48,186423926.00700426,96510379.0467687,0.3177894845347477,90000.0,7.229048873570765,0.13705337488318992,82000.0,-2.302422137413307,0.062373111977384786,41
2026-09-26 14:10:00.017324,83923.87,188400180.94778875,96045025.67743036,0.3246852227397321,90000.0,7.24004982134403,0.13656228737845802,82000.0,-2.292399051664318,0.06214961762017216,41
2026-09-26 14:20:00.012928,83948.06,189167513.5258683,95636197.07692537,0.32840624249937517,90000.0,7.209148132785925,0.13650212952350452,82000.0,-2.320553923461721,0.06212223972724155,41
2026-09-26 14:30:00.012268,83973.81,190979067.671367,94372701.30637771,0.33855183975580627,90000.0,7.176273173743097,0.13639182199112276,82000.0,-2.3505066639229466,0.06207203867181288,41
2026-09-26 14:40:00.012186,83995.91,190808467.93249762,93365848.24069062,0.3428973490778851,90000.0,7.1480742336144765,0.13679187555454544,82000.0,-2.376199031595705,0.06224957650057413,41
2026-09-26 14:50:00.004736,84012.86,133442008.65118545,151787791.54547548,-0.06431930633349298,90000.0,7.126456592478814,0.13657111981401707,84000.0,-0.015307180353107963,0.13125810118065867,41
2026-09-26 15:00:00.008325,84009.19,133128781.5455769,152529687.71206653,-0.06791643957523068,90000.0,7.131136486377265,0.13643340007286336,84000.0,-0.010939279381227962,0.13123581266016707,41
2026-09-26 15:10:00.007430,84012.98,133112631.64860675,152658498.85249108,-0.06839692718299005,90000.0,7.126303578328019,0.13640487877088373,84000.0,-0.015449993560512354,0.13164686769329625,41
2026-09-26 15:20:00.016367,84029.11,133522514.13468374,152918217.73972362,-0.06771279865862131,90000.0,7.105739903707176,0.13623923257817702,84000.0,-0.034642756539970954,0.1331946753596862,41
2026-09-26 15:30:00.008815,84047.16,135431055.51941755,152356785.18276706,-0.05881322025993791,90000.0,7.082737834330155,0.1362739783288811,84000.0,-0.056111354625187904,0.13450724003474696,41
2026-09-26 15:40:00.008294,84130.74,139303521.68357497,150381553.5122358,-0.0382416381692177,90000.0,6.976356085777913,0.1359566341113283,84000.0,-0.1554009866072792,0.13417050901772892,41
2026-09-26 15:50:00.000182,84067.1,135408326.3864454,152960333.60361877,-0.06086655608753784,90000.0,7.0573387210930205,0.13623646767756092,84000.0,-0.07981719364651418,0.13616698346493364,41
2026-09-26 16:00:00.012102,84141.5,139404857.2078743,150799357.68016434,-0.039263731840304454,90000.0,6.962675968457899,0.13593002316048763,84000.0,-0.16816909610596342,0.13500859774747856,41
2026-09-26 16:10:00.012186,84131.46,139081105.50571948,151576363.08204675,-0.042989631875068185,90000.0,6.975440578352021,0.13577457230448148,84000.0,-0.15625546020479053,0.13619502150348234,41
2026-09-26 16:20:00.011814,84112.7,138314846.44290444,152339017.24971053,-0.04825041934291142,90000.0,6.999299749027199,0.13558368394989612,84000.0,-0.1339869009079453,0.13727843165525722,41
2026-09-26 16:30:00.011436,84095.54,137162883.63225147,153659806.91882974,-0.05672502119871794,90000.0,7.021133344289132,0.1357009091113191,84000.0,-0.11360887866347369,0.13920713849412517,41
2026-09-26 16:40:00.013291,84136.31,139372865.31048274,152088302.16506857,-0.04362652138093984,90000.0,6.969274026873773,0.1355461073286069,84000.0,-0.16201090825114228,0.1376652307705632,41
2026-09-26 16:50:00.014647,84136.04,139556021.49896365,152032535.56134248,-0.04278807847661333,90000.0,6.969617300742947,0.13550794393433713,84000.0,-0.16169051930657874,0.13720174491650977,41
2026-09-26 17:00:00.012495,84101.42,137574053.65748814,154253575.9851871,-0.057155391174310705,90000.0,7.013650899116808,0.1352131915188387,84000.0,-0.12059249415764528,0.1395544232228049,41
2026-09-26 17:10:00.018308,84072.29,135423420.47289082,156338358.88864133,-0.07168498376147507,90000.0,7.050729794561339,0.13523687225973383,84000.0,-0.08598552507609325,0.1430781959755371,41
2026-09-26 17:20:00.018594,84062.73,135195043.24856532,157629054.63073426,-0.07661258600177134,90000.0,7.062904095548661,0.13441282793056925,84000.0,-0.07462284415459264,0.1447341319861352,41
2026-09-26 17:30:00.018689,84046.57,134351072.99647763,159088308.84597516,-0.08430100859052013,90000.0,7.0834895463312675,0.13464460078108234,84000.0,-0.05540975675748516,0.1472620254523885,41
2026-09-26 17:40:00.013047,84077.27,136515788.50045568,157945494.28320324,-0.07277597102126325,90000.0,7.0443890483123495,0.13432968044886046,84000.0,-0.09190355490847901,0.14726199196160034,41
2026-09-26 17:50:00.011990,84089.52,137024594.4824027,156444872.5422592,-0.06617478219028652,90000.0,7.0287950270140565,0.13464418707511056,84000.0,-0.10645797478687768,0.14465372281940328,41
2026-09-26 18:00:00.014239,84120.51,138943996.61907765,153977511.41962904,-0.05132267309836755,90000.0,6.989365613689236,0.13506851248870355,84000.0,-0.14325876055671927,0.14205337735623413,41
2026-09-26 18:10:00.022845,84092.19,136464677.16932392,155576951.97087303,-0.06544366588358574,90000.0,7.02539676990217,0.1350866454999967,84000.0,-0.10962968142463891,0.14334266407495955,41
2026-09-26 18:20:00.011908,84064.56,135054787.09491313,158305501.76433936,-0.07925651682386158,90000.0,7.0605734449808555,0.13475063464293252,84000.0,-0.0767981180178623,0.14731757177180801,41
2026-09-26 18:30:00.008379,84052.23,135206698.33709687,159373959.40523225,-0.08203953801092596,90000.0,7.076278642458389,0.13437198298350955,84000.0,-0.0621399337055073,0.14900943352111248,41
2026-09-26 18:40:00.011115,84025.61,132607743.1464515,161858861.45049506,-0.09933594454312146,90000.0,7.110201282680362,0.13388066415991287,84000.0,-0.03047880283165716,0.15153716251051164,41
2026-09-26 18:50:00.017060,83992.72,199816823.30090177,94246177.07204823,0.3590069002049286,84000.0,0.008667417842889158,0.1488369463145452,82000.0,-2.3724913302009987,0.060719478771013316,41
2026-09-26 19:00:00.006903,83991.97,199913783.62710655,92016070.80063221,0.3696015025184147,84000.0,0.009560437741851224,0.14738999396486913,82000.0,-2.3716195726805833,0.060757540190578725,41
2026-09-26 19:10:00.013272,83997.77,199628195.15135345,92939378.44506174,0.36466384635456733,84000.0,0.002654832384241246,0.1485747395267546,82000.0,-2.3783607588630074,0.06081273877576616,41
2026-09-26 19:20:00.015117,84015.62,132766019.34576276,161288932.3548472,-0.09699858085751552,90000.0,7.122937377597172,0.1339816469947248,84000.0,-0.018591780909305022,0.15026490583563318,41
2026-09-26 19:30:00.010605,84020.62,133009843.06206411,160064605.73297063,-0.092313617861063,90000.0,7.116562577138819,0.13427693229779827,84000.0,-0.024541594670446365,0.14846263120124478,41
2026-09-26 19:40:00.000693,83964.72,196194541.02121788,95485147.51703355,0.34527393391321837,84000.0,0.04201764741191827,0.14879002873491737,82000.0,-2.3399351537169433,0.060902700811990965,41
2026-09-26 19:50:00.017871,84014.03,132287025.49714845,161610900.0540316,-0.09977571125038999,90000.0,7.124964723153981,0.13396307224628448,84000.0,-0.01669959172295732,0.14981838158148952,41
2026-09-26 20:00:00.002986,84003.94,132025628.55000784,161562557.28029028,-0.10060666660257092,90000.0,7.137831868362365,0.13403250302535638,84000.0,-0.004690256195127862,0.1507478552582017,41
2026-09-26 20:10:00.015106,83974.77,198439403.28779724,93204689.69607893,0.3608326591327064,84000.0,0.03004473843750688,0.1497608962197025,82000.0,-2.351622993430058,0.060888835739364204,41
2026-09-26 20:20:00.004640,84034.67,133729088.27258635,158777949.19649285,-0.08563507100766563,90000.0,7.098653448630188,0.134410266862417,84000.0,-0.041256781278486976,0.1469555256910037,41
2026-09-26 20:30:00.006763,84066.71,135224665.2951637,158709363.23528486,-0.07989785346574257,90000.0,7.0578353785939685,0.13446582212527827,84000.0,-0.07935364664563016,0.14924920875066758,41
2026-09-26 20:40:00.014244,83977.88,197091530.0848132,95243991.30369589,0.34839262193445053,84000.0,0.026340269604330224,0.15527838754422385,82000.0,-2.3552392606243533,0.06304260096564118,41
2026-09-26 20:50:00.014147,83819.86,187982878.6560929,99622944.4142243,0.3072258179566321,84000.0,0.21491326757165918,0.1514462697331517,82000.0,-2.1711560959419396,0.06395320137831557,41
2026-09-26 21:00:00.020037,84013.38,132979933.64770657,160827404.21700504,-0.09478139917023208,90000.0,7.125793534315594,0.13396660591048976,84000.0,-0.01592603463876907,0.15040348541943466,41
2026-09-26 21:10:00.014666,84076.88,138542171.5367211,159361559.87639502,-0.06988629595512771,90000.0,7.0448855856687365,0.13333855670604988,84000.0,-0.09144012004251856,0.1518148431010403,41
2026-09-26 21:20:00.011360,84133.62,142096099.72687253,157939476.28338936,-0.05280499321845403,90000.0,6.972694150091252,0.1330406178750224,84000.0,-0.15881879324816106,0.15109703783087977,41
2026-09-26 21:30:00.017464,84192.69,148639117.64852142,150941645.56004974,-0.007685833652560915,90000.0,6.897641588598713,0.13583657767636223,84000.0,-0.22886785064119008,0.14660898404410477,41
2026-09-26 21:40:00.009774,84182.98,145232096.7852451,154813628.00098065,-0.03193357020021575,90000.0,6.90997158808111,0.13305511959729302,84000.0,-0.21735985112429912,0.14619353024781157,41
2026-09-26 21:50:00.012297,84137.27,140268788.63740185,156949154.52905336,-0.05612166517924447,90000.0,6.968053515404038,0.13385734653217352,84000.0,-0.16315005228955126,0.14920172369949347,41
2026-09-26 21:59:59.999722,84138.0,142390311.31468117,156323386.36979064,-0.046643575983003074,90000.0,6.96712543678244,0.13334379063170096,84000.0,-0.1640162590030636,0.1479452625851963,41
2026-09-26 22:10:00.008774,84327.74,156433245.5936336,124298803.0577181,0.11446659791887202,90000.0,6.726446125557262,0.1365461755201705,84000.0,-0.3886502828132299,0.13427105121241,41
2026-09-26 22:20:00.013980,84272.87,152589152.74599215,128492917.8143224,0.08572668788029007,90000.0,6.795935631479044,0.13569113251461998,84000.0,-0.3237934106195661,0.13881487553159216,41
2026-09-26 22:30:00.000893,84332.46,156090679.14798567,125708227.51387784,0.10781607350437444,90000.0,6.7204727574649015,0.13622600858083414,84000.0,-0.3942254263660794,0.13550646066395053,41
2026-09-26 22:40:00.000351,84256.59,150810215.86642358,130158082.80478998,0.07350342782194276,90000.0,6.816570668240907,0.1357091492909694,84000.0,-0.3045340429751464,0.1416579922529526,41
2026-09-26 22:50:00.014215,84286.54,153559367.10687393,128360837.92440674,0.08938177800938842,90000.0,6.778614948484063,0.13613366554838294,84000.0,-0.33995938141486715,0.13997292501253739,41
2026-09-26 23:00:00.010235,84261.42,151681493.1453428,129511713.04892361,0.07884180559150092,90000.0,6.810447770759143,0.1356362036644621,84000.0,-0.3102487472914639,0.1411682243843058,41
2026-09-26 23:10:00.008543,84303.86,154306545.57303047,127332032.26793401,0.09577705409494154,90000.0,6.756677570872793,0.13623179068007724,84000.0,-0.3604342671853944,0.13878810345806838,41
2026-09-26 23:20:00.009673,84375.01,158521158.76678532,122687454.27677797,0.12742747849069685,90000.0,6.666654024692864,0.13789910193645716,84000.0,-0.44445624361999503,0.1317333336598722,41
2026-09-26 23:30:00.008157,84361.08,157675298.29357892,123664790.70295799,0.12088752694977493,90000.0,6.684267199993177,0.13669078193997097,84000.0,-0.4280172800063764,0.1332187953597567,41
2026-09-26 23:40:00.008116,84368.59,158447992.86337107,123935941.54450712,0.1222167663016353,90000.0,6.674770788512641,0.13639945597548744,84000.0,-0.4368805973881895,0.13364386817510104,41
2026-09-26 23:50:00.007204,84407.24,160070053.61679792,121076431.7269023,0.13869503594265495,90000.0,6.625924506002079,0.1379820726839544,84000.0,-0.48247046106472125,0.1289441335870836,41
2026-09-27 00:00:00.009992,84420.01,160086349.797352,118552147.82244149,0.14906124720635178,90000.0,6.609795473845592,0.13875461831313923,84000.0,-0.4975242244107725,0.12508291748172348,41
2026-09-27 00:10:00.003147,84336.96,156137139.97212106,126119884.86408465,0.10634723839187167,90000.0,6.714778431662705,0.13725014941180574,84000.0,-0.3995401304481505,0.13707769551008953,41
2026-09-27 00:20:00.001599,84241.63,147950792.68841952,132118516.40692881,0.05652985088809101,90000.0,6.835539625717102,0.13584946714316143,84000.0,-0.28682968266402487,0.14552868644260195,41
2026-09-27 00:30:00.008261,84242.66,147835538.7889607,131319025.22043538,0.059166195713602536,90000.0,6.8342333919655385,0.13611880414171734,84000.0,-0.28804883416549965,0.14581721359279629,41
2026-09-27 00:40:00.011764,84335.34,155696570.99031925,126013047.19573891,0.10536922376209228,90000.0,6.716828318946733,0.13768299442632365,84000.0,-0.39762690231639475,0.13837040075422136,41
2026-09-27 00:50:00.007299,84309.73,153129603.95142356,127686974.62351534,0.09060230509545426,90000.0,6.74924471944105,0.1364977877263714,84000.0,-0.3673715951883594,0.1409648639974152,41
2026-09-27 00:59:59.999946,84288.7,151540939.02592665,128881362.65621573,0.0808051864412534,90000.0,6.775878617181186,0.13677676520585177,84000.0,-0.34251329063088587,0.14378516220257398,41
2026-09-27 01:10:00.002367,84324.15,154408419.56544495,125032838.06857175,0.10512256402505282,90000.0,6.730989876565618,0.13833542115363767,84000.0,-0.38440944853875836,0.13718530293254041,41
2026-09-27 01:20:00.011421,84346.6,157535020.40923393,129876281.49405086,0.09623399891382962,90000.0,6.702581965366705,0.13603501154624215,84000.0,-0.41092349899107816,0.1457609443924584,41
2026-09-27 01:30:00.007437,84310.57,155665759.19369292,131926688.97784868,0.08254413621349506,90000.0,6.748181159254396,0.1356462307659646,84000.0,-0.3683642513625629,0.14894898457904424,41
2026-09-27 01:40:00.005327,84310.56,154338110.5805232,131753571.29509644,0.07894161458090046,90000.0,6.748193820560555,0.13635557320704986,84000.0,-0.36835243414348184,0.14972789185661364,41
2026-09-27 01:50:00.000801,84452.32,166290106.8707391,121925219.08078982,0.15392966228801594,90000.0,6.569008406163368,0.1359974289523932,84000.0,-0.5355921542475217,0.13466812850467888,41
2026-09-27 02:00:00.003296,84470.98,167859168.22925264,122922040.57292965,0.15453931098722956,90000.0,6.5454668573751595,0.13529858589159477,84000.0,-0.5575642664498504,0.13593774450895768,41
2026-09-27 02:10:00.010247,84511.26,135543352.37231106,154255364.87811056,-0.06456899700363418,90000.0,6.494684850279131,0.13568084549473994,84000.0,-0.6049608064061407,0.1287814416699774,41
2026-09-27 02:20:00.006671,84490.23,170965019.29123837,118697982.31593359,0.1804408456907003,90000.0,6.521191858514297,0.13567800524477447,84000.0,-0.5802209320533214,0.12847528807028413,41
2026-09-27 02:30:00.010512,84484.31,170651346.89662078,122064927.84432007,0.16598468634960784,90000.0,6.528656030924562,0.13479723259599735,84000.0,-0.5732543711370774,0.13473349372785598,41
2026-09-27 02:40:00.010868,84456.51,168503898.33242035,124720362.13138893,0.1493175773784084,90000.0,6.563721375652398,0.1345900159585228,84000.0,-0.5405267160577654,0.1391779792105954,41
2026-09-27 02:50:00.027980,84444.09,168734654.22411275,124476247.49252458,0.15094393309550286,90000.0,6.579394721406806,0.13456946947281878,84000.0,-0.5258982600203188,0.1387692572428265,41
2026-09-27 03:00:00.002090,84435.11,168759938.07426438,126009377.6559283,0.14503056504519754,90000.0,6.590729851598454,0.13411403709613215,84000.0,-0.5153188051747692,0.1411998586348978,41
2026-09-27 03:10:00.010013,84479.46,170187061.5484648,123411825.87571946,0.15931680151486974,90000.0,6.534771884195267,0.13452939976567277,84000.0,-0.567546241417749,0.13700975626801468,41
2026-09-27 03:20:00.003030,84439.22,170093132.79039055,125914481.70105796,0.1492483602667893,90000.0,6.585541647589821,0.13266926856424383,84000.0,-0.5201611289161634,0.14105039620254595,41
2026-09-27 03:30:00.007981,84367.95,163863061.4714875,131589417.54139285,0.10923463576248303,90000.0,6.675580004018111,0.1326843612458944,84000.0,-0.43612532958309247,0.1513903538702697,41
2026-09-27 03:40:00.013383,84372.04,164828291.3860376,131605166.09630418,0.11207616566599092,90000.0,6.670408822638407,0.13242127456406208,84000.0,-0.4409517655374895,0.1510964102842663,41
2026-09-27 03:50:00.011603,84376.2,165793981.24677196,130397034.38269988,0.11950715921901174,90000.0,6.665149651204971,0.13249629350674658,84000.0,-0.4458603255420357,0.14912205411004958,41
2026-09-27 04:00:00.013838,84372.28,165338997.9017995,131186553.27583759,0.11517538535997018,90000.0,6.670105394805015,0.13239622163877177,84000.0,-0.4412349648486469,0.1506081269369829,41
2026-09-27 04:10:00.010453,84416.64,169564414.74007556,125458915.1062628,0.14949834528945527,90000.0,6.614051447676661,0.13289091320976612,84000.0,-0.49355198216843865,0.14143557818576968,41
2026-09-27 04:20:00.004465,84433.0,170333698.7461237,123663507.1495512,0.15874365694867676,90000.0,6.593393578340212,0.13320837336307292,84000.0,-0.5128326602157895,0.13823483964590194,41
2026-09-27 04:30:00.009550,84394.27,166782152.22338843,128204352.58969781,0.13077818477877443,90000.0,6.642311142687762,0.1328629332475624,84000.0,-0.46717626682475366,0.1460444102948972,41
2026-09-27 04:40:00.011258,84294.18,156202744.36979896,140556911.4177307,0.052722237160398186,90000.0,6.768937072523884,0.13133180832732178,84000.0,-0.34899206564438234,0.16607836525164735,41
2026-09-27 04:50:00.012203,84319.61,159521085.04037136,136753312.1923881,0.07684691306652604,90000.0,6.736736566974155,0.132117666813456,84000.0,-0.379045870824124,0.16021237762906673,41
2026-09-27 05:00:00.006088,84313.51,159858277.51673636,135909478.01990932,0.08097163753829068,90000.0,6.744458865489067,0.132245419315901,84000.0,-0.37183839221021087,0.15910983355659578,41
2026-09-27 05:10:00.020396,84361.79,166331191.68116692,118451741.79671262,0.16812612083080927,90000.0,6.683369331068012,0.13568859702015496,84000.0,-0.42885529100318287,0.14987124586223452,41
2026-09-27 05:20:00.011503,84379.3,169322737.2333367,125635309.00854477,0.14811404123882035,90000.0,6.661230894307013,0.13283510250980837,84000.0,-0.4495178319801174,0.14177976458720135,41
2026-09-27 05:30:00.001837,84369.29,168499139.19686285,126957742.39691913,0.14060053898848832,90000.0,6.673885723110873,0.13267724011402898,84000.0,-0.43770665842985945,0.14412296045224962,41
2026-09-27 05:40:00.007274,84536.66,132850160.70973176,160082697.06360832,-0.09296511344230296,90000.0,6.462687312226434,0.13448923086247597,84000.0,-0.6348251752553269,0.10943158104048989,41
2026-09-27 05:50:00.004542,84514.03,132724331.23286295,164823842.6157473,-0.10788004835551868,90000.0,6.491194420618696,0.1334975798679152,84500.0,-0.016600793974674843,0.11484795192691827,41
2026-09-27 05:59:59.994347,84456.75,184559897.2472203,114096053.62860055,0.23593651294066512,90000.0,6.563418554467226,0.13196493906903128,84000.0,-0.5408093491639177,0.11878366422343296,41
2026-09-27 06:10:00.009886,84532.86,133074815.09062734,165726996.72245663,-0.10927705368886759,90000.0,6.467473122286416,0.1332572844176689,84500.0,-0.038872457408867245,0.12293950161828285,41
2026-09-27 06:20:00.003594,84563.03,134629321.4677713,166050688.6559923,-0.10450101812650461,90000.0,6.429488158123009,0.1327969728751274,84500.0,-0.07453611820673611,0.12708603116600173,41
2026-09-27 06:30:00.012519,84568.22,134533993.64673805,166469640.69677892,-0.106097214140593,90000.0,6.422956519600387,0.13267562074754793,84500.0,-0.08066860104185558,0.12844687932608762,41
2026-09-27 06:40:00.010230,84500.49,131222822.8834214,173073741.55080068,-0.13753332623124612,90000.0,6.508258117793164,0.13160698028555504,84500.0,-0.0005798782942045833,0.1357495088626767,41
2026-09-27 06:49:59.997124,84540.48,131918965.4818999,172413606.8720963,-0.13306049062370323,90000.0,6.457876747328628,0.13167442044014543,84500.0,-0.04788238723034688,0.1416043660833432,41
2026-09-27 07:00:00.005876,84494.02,205140761.57470745,104943606.7539408,0.3231286870758056,84500.0,0.007077423940771155,0.15053879871974396,84000.0,-0.5846804306387621,0.09839820732969537,41
2026-09-27 07:10:00.009750,84513.1,131100642.28080872,184889396.4098522,-0.17022294231781177,90000.0,6.4923662722110365,0.12855561969030294,84500.0,-0.015500555535186145,0.1630638080485858,41
2026-09-27 07:20:00.007278,84471.25,215664656.772954,104629108.17546657,0.3466678429265345,84500.0,0.0340352486792872,0.17018776999715007,84000.0,-0.5578821196560946,0.09516811550006095,41
2026-09-27 07:30:00.009324,84503.23,131062881.66905348,206772241.68787885,-0.22410150628073178,90000.0,6.5048046092439415,0.1231741282499345,84500.0,-0.003822339098746852,0.19688686619245074,41
2026-09-27 07:40:00.011634,84550.47,132714706.82123376,212333837.16561294,-0.23074762010128716,90000.0,6.445298293433499,0.12131302770942852,84500.0,-0.059692157831880976,0.20765124892998776,41
2026-09-27 07:50:00.014707,84652.04,137105173.50038216,114656560.91376701,0.08916610238189367,90000.0,6.317579588158773,0.14805486616671298,84000.0,-0.7702590510518026,0.10055932119545147,41
2026-09-27 08:00:00.000987,84770.93,143331574.4905462,102840428.41113178,0.16448314837648995,90000.0,6.168470724575048,0.15249307010448152,84000.0,-0.9094273237299499,0.09793795416622948,41
2026-09-27 08:10:00.017665,84815.34,146225806.31515914,100329867.44259265,0.18614837846992968,90000.0,6.112880052122649,0.15276031207375254,84000.0,-0.961311951352195,0.0946219796292912,39
2026-09-27 08:20:00.013271,84790.59,145651883.71421176,100469318.67643258,0.18357851578372056,90000.0,6.143853934734977,0.1528798757106183,84000.0,-0.93240299424735,0.09471551260632233,39
2026-09-27 08:30:00.010149,84788.82,145375994.24958152,101905397.2429676,0.1757940488131058,90000.0,6.146069729476111,0.15247037706592342,84000.0,-0.9303349191556287,0.0976705717207664,39
2026-09-27 08:40:00.001050,84728.98,139429174.9968344,103987026.06090249,0.14560308139689207,90000.0,6.221035589003909,0.1517718608328443,84000.0,-0.8603667835963558,0.09961196857481065,39
2026-09-27 11:05:41.512496,84863.9,157156289.7716184,101445559.09830558,0.21543051960674559,90000.0,6.05216116629097,0.14879251507777339,84000.0,-1.0179829114617567,0.09341161277071595,39
2026-09-27 11:19:59.997912,84839.36,158984540.77730066,105670115.21650246,0.2014490368990393,90000.0,6.0828370228158235,0.14663215435610835,84000.0,-0.9893521120385662,0.10144706411670723,39
2026-09-27 11:29:59.999032,84875.42,160096558.90824705,103311738.07800299,0.2155771913031587,90000.0,6.037766882331774,0.1472215666948929,84000.0,-1.0314175764903455,0.09777883750915581,39
2026-09-27 11:40:00.019245,84843.55,158924373.4176382,105522835.47321256,0.201936477864158,90000.0,6.07759812030495,0.14680965584069247,84000.0,-0.9942417543820414,0.10172572298697544,39
2026-09-27 11:49:59.998987,84837.14,163138586.41328692,105386407.92445669,0.21507189165486426,90000.0,6.085612975637789,0.1454543958349906,84000.0,-0.986761222738064,0.10030129711206243,39
2026-09-27 12:00:00.054241,84876.93,164200808.17416272,101598390.51938774,0.23552523093552127,90000.0,6.035880421216944,0.1464302688949121,84000.0,-1.0331782735308548,0.09611346807155154,39
2026-09-27 12:10:00.033176,84958.83,165257040.1511484,98624624.78961657,0.25250869694371986,90000.0,5.933662222043301,0.14709242227572403,84000.0,-1.1285819260929086,0.09112768017909603,39
2026-09-27 12:44:09.613296,84976.34,166662996.72564274,98280115.02902764,0.2581040180426946,90000.0,5.911833811623324,0.14690765372996561,84000.0,-1.1489551091515504,0.0906758722694904,39
2026-09-27 12:50:00.012021,84938.31,165638084.45335838,99157974.19253373,0.25106155507294586,90000.0,5.959254428302141,0.14665491428275806,84000.0,-1.104695866918004,0.09198046214980773,39
2026-09-27 13:00:00.009556,84774.41,160961251.803284,107318568.72109924,0.19995049563300757,90000.0,6.164112495740159,0.14471816793500863,84000.0,-0.9134950039758505,0.10149439001556051,39
2026-09-27 13:10:00.007471,84747.84,155775950.18236142,108618726.05010481,0.17835920452041978,90000.0,6.197396889407458,0.14489864922985057,84000.0,-0.8824295698863782,0.10387085291312018,39
2026-09-27 13:20:00.010040,84753.83,157101652.62359762,108838946.19162823,0.1814792726156944,90000.0,6.189891359481914,0.1444058761167224,84000.0,-0.8894347311502071,0.10352220240926169,39
2026-09-27 13:30:00.013719,84922.08,168949677.47205883,99482113.96569394,0.2587903732798873,90000.0,5.979504976797556,0.1456622258085313,84000.0,-1.0857953549889499,0.09089979284110165,39
2026-09-27 13:40:00.012908,84876.96,167210940.61663315,102184515.73976381,0.24137907059146002,90000.0,6.035842942537051,0.14521643321059516,84000.0,-1.0332132536320926,0.09343920012426353,39
2026-09-27 13:50:00.013120,84902.9,168058088.51063502,101231810.91810872,0.24815738627511752,90000.0,6.003446289820502,0.1453101588301239,84000.0,-1.0634501295008647,0.09238102654864974,39
2026-09-27 14:00:00.020042,85014.06,106905896.46274436,161558844.4587959,-0.20357588787431888,90000.0,5.864841650898689,0.147031879232306,85000.0,-0.016538440817903677,0.1423187225368078,39
2026-09-27 14:10:00.010798,85026.76,107674096.92589036,160353802.89051706,-0.19654560588920414,90000.0,5.849029176226406,0.14720211567784303,85000.0,-0.031472444675062494,0.1415616450585557,39
2026-09-27 14:19:59.997856,84917.55,167801907.5316076,100706022.43549266,0.24988418444228466,90000.0,5.985158544965086,0.14562316688659585,84000.0,-1.080518691365917,0.09190713899993037,39
2026-09-27 14:30:00.009711,84690.76,155658922.82488388,110163884.73313497,0.17114798579433066,90000.0,6.268971963411363,0.14321078645200427,84000.0,-0.8156261674827303,0.10406100122726451,39
2026-09-27 14:40:00.009582,84721.43,155844466.29560456,108068193.54118527,0.1810306212061419,90000.0,6.2305015389849006,0.14435221103368873,84000.0,-0.8515318969474328,0.10041264769510265,39
2026-09-27 14:50:00.006842,84512.11,148035598.9648608,115631141.51660495,0.12289929852010932,90000.0,6.493613755472438,0.14414376805585813,84000.0,-0.605960494892388,0.10971995765920262,39
2026-09-27 15:00:00.005270,84517.05,149486103.7206164,115734449.08921005,0.12725882015489054,90000.0,6.487389230930329,0.1432182848258238,84000.0,-0.6117700511316992,0.10963512379430446,39
2026-09-27 15:10:00.012833,84491.46,155280470.27216303,107103661.39054906,0.18361174731231075,90000.0,6.5196411566328605,0.14380860347993094,84000.0,-0.581668253809331,0.1111926682800093,39
2026-09-27 15:20:00.002455,84545.43,148798453.27028197,113902832.14383459,0.13283384232946818,90000.0,6.451643808541752,0.1440914103941959,84000.0,-0.6451324453610296,0.10657841597056633,39
2026-09-27 15:30:00.016329,84602.55,150288878.50904363,113385911.57787938,0.13995637170697595,90000.0,6.379772240907622,0.14433600090454737,84000.0,-0.7122125751528818,0.10627774760662503,39
2026-09-27 15:39:59.992519,84467.84,154780771.77927947,108158245.31659096,0.17731307805752322,90000.0,6.549427569119803,0.14384936944644408,84000.0,-0.5538676021548561,0.11342142940369954,39
2026-09-27 15:50:00.017657,84484.04,156162379.65803355,107681550.06295916,0.1837481333997013,90000.0,6.528996482649285,0.1435093782225464,84000.0,-0.5729366161940086,0.11210505355831268,39
2026-09-27 16:00:00.019979,84449.78,155460930.99680102,108306768.31997828,0.1787715584545157,90000.0,6.572213687235173,0.1434674139367571,84000.0,-0.5326005585804983,0.11317302499414533,39
2026-09-27 16:10:00.014372,84577.77,150471179.44093272,115690494.2287547,0.1306750319557339,90000.0,6.410939895908818,0.1434564668471724,84000.0,-0.6831227638184445,0.1097896647242419,39
2026-09-27 16:20:00.009651,84568.84,152382431.75295433,116051552.35118057,0.13534381469255305,90000.0,6.422176300396232,0.14255924197624908,84000.0,-0.6726354529635215,0.11019876657773287,39
2026-09-27 16:30:00.014735,84554.87,148660881.41249096,117925640.92553227,0.11529180176628505,90000.0,6.439759176496884,0.14279009574644522,84000.0,-0.6562247686029199,0.1115408191643837,39
2026-09-27 16:40:00.010034,84455.5,154490042.27749366,108495193.94561993,0.17489517279537412,90000.0,6.564995767001558,0.14373185911131076,84000.0,-0.53933728413188,0.11335507766127814,39
2026-09-27 16:50:00.012524,84408.18,153579488.8340975,109431103.39882733,0.16785782298901453,90000.0,6.624737081169152,0.14336935936411466,84000.0,-0.48357872424211745,0.1141705394862024,39
2026-09-27 17:00:00.003333,84410.75,153637221.0700408,109277878.33986905,0.16872116827725925,90000.0,6.6214907461431105,0.1436716437721516,84000.0,-0.48660863693309464,0.11441126019596157,39
2026-09-27 17:10:00.012256,84367.26,152905606.72931746,111396744.4613411,0.15705067352213337,90000.0,6.6764524532383795,0.14310040114686043,84000.0,-0.43531104364417095,0.11617762986414408,39
2026-09-27 17:30:00.030173,84416.97,153478715.4922967,107504802.44961107,0.17615638491362104,90000.0,6.6136346755871545,0.1442776933580039,84000.0,-0.4939409694520003,0.11152319498051401,39
2026-09-27 17:40:00.010370,84462.42,155754661.28114575,107474420.91846427,0.18341529727353587,90000.0,6.556264904557563,0.14364509816496873,84000.0,-0.5474860890796185,0.1110342140756035,39
2026-09-27 17:50:00.008140,84554.8,150000954.698017,115337250.03599784,0.13063970451133258,90000.0,6.4398472942990725,0.1436633651517992,84000.0,-0.6561425253208575,0.10877383891851786,39
2026-09-27 18:00:00.004935,84550.84,150378876.0241456,114190424.10060962,0.13678250615801477,90000.0,6.444832481853524,0.14345808903440296,84000.0,-0.651489683603379,0.10559943584533098,39
2026-09-27 18:10:00.007559,84559.55,150681143.20859894,114031475.85006344,0.13845077536864098,90000.0,6.433868202941007,0.1438734595544099,84000.0,-0.6617230105883998,0.10590870530424776,39
2026-09-27 18:20:00.015108,84624.57,153467757.60767218,114080151.37951285,0.14721702134493572,90000.0,6.3520913607005625,0.1426613729183515,84000.0,-0.7380480633461528,0.10584639341477821,39
2026-09-27 18:30:00.013712,84725.98,157757620.06406713,109298350.51223853,0.18145735310561936,90000.0,6.224796691640511,0.1438362029165816,84000.0,-0.8568564211355212,0.10307479766906069,39
2026-09-27 18:40:00.011106,84715.61,157237805.02135754,107563318.96854235,0.18759167372231353,90000.0,6.237799621580953,0.1445411528552972,84000.0,-0.8447203531911085,0.09859575705893986,39
2026-09-27 18:50:00.011059,84738.48,158018657.68258286,108214305.80364318,0.18707056867327543,90000.0,6.209127187553998,0.1441048083857464,84000.0,-0.8714812916162717,0.10023469437076014,39
2026-09-27 19:00:00.009779,84797.33,164667250.63945013,105180098.18658274,0.22044742226175434,90000.0,6.135417235424745,0.14472632444048034,84000.0,-0.9402772469369047,0.0953657582751561,39
2026-09-27 19:10:00.014096,84772.49,163781799.46067083,106038341.61838406,0.21400721833203862,90000.0,6.166516991538162,0.14468392877860312,84000.0,-0.9112508078977122,0.09645107827405446,39
2026-09-27 19:20:00.010431,84820.55,165283508.16710353,104739200.18874623,0.22421931972687614,90000.0,6.1063621964252635,0.1446636350972894,84000.0,-0.9673952833364141,0.09421118919341863,39
2026-09-27 19:30:00.006218,84687.52,155970756.0174509,110413216.67138137,0.17102207346117657,90000.0,6.273037632935763,0.14315557409775828,84000.0,-0.8118315425932887,0.10374770492543513,39
2026-09-27 19:40:00.017653,84751.93,159240784.53012612,106145007.97846444,0.20007015465962807,90000.0,6.192271963600127,0.1444929567316295,84000.0,-0.8872128339732166,0.09639117047487318,39
2026-09-27 19:50:00.013244,84781.22,164843325.61970526,105434120.52889739,0.219808222762856,90000.0,6.155584927888502,0.1445626698066889,84000.0,-0.9214540673040617,0.09532535290730886,39
2026-09-27 20:00:00.011432,84716.75,158207477.19974667,107865563.5572118,0.18920336122485681,90000.0,6.236370021276794,0.14410358602082304,84000.0,-0.8460546468083363,0.09835009528376187,39
2026-09-27 20:10:00.001009,84762.68,164495703.75717402,106349614.64092444,0.21468375181875696,90000.0,6.178804162397888,0.14433292937842243,84000.0,-0.8997827817619708,0.09628441631721363,39
2026-09-27 21:14:23.123234,84669.23,160717080.00264555,115211906.78023174,0.16491624802805102,85000.0,0.39066140084185186,0.14752320826686532,84000.0,-0.7904052038739451,0.10551923376435698,39
2026-09-27 21:20:00.012903,84667.1,160445550.845646,117456092.83500965,0.1546930685305219,85000.0,0.3931869640037222,0.1479530982444473,84000.0,-0.7879093532198511,0.10614101603895842,39
2026-09-27 21:30:00.009161,84593.82,154699163.2467836,123753834.70158134,0.11113304138654176,85000.0,0.48015327833639265,0.1444757597443136,84000.0,-0.7019661719969705,0.11047396936982873,39
2026-09-27 21:40:00.000296,84510.71,151261048.17211872,126740284.63523918,0.08820376251171176,85000.0,0.5789680384888474,0.14085571797513696,84000.0,-0.604313938434553,0.11608691696088563,39
2026-09-27 21:50:00.007887,84662.09,161475193.38757142,119971304.98215036,0.14746635202723163,85000.0,0.3991278741169779,0.14757614089534857,84000.0,-0.782038336166746,0.10545071487515124,39
2026-09-27 22:00:00.000223,84665.95,162744302.8627082,116170919.23532031,0.16698042966984086,85000.0,0.3945505837943175,0.15075974373707157,84000.0,-0.7865617760150267,0.10200826736629097,39
2026-09-27 22:10:00.009253,84389.16,163173416.67390892,115520123.79260774,0.17098814992816969,90000.0,6.648768633317359,0.13871499359003392,84000.0,-0.4611492755704716,0.12397345802650685,39
2026-09-27 22:20:00.011103,84435.48,166160487.540798,112476693.7915936,0.19266557855810346,90000.0,6.59026276631578,0.1388329703811938,84000.0,-0.5157547514386129,0.12069487014967112,39
2026-09-27 22:30:00.010129,84534.48,153159966.95287588,126567623.0459919,0.09506514501122904,85000.0,0.5506865364286906,0.1416627083954585,84000.0,-0.6322627169410566,0.11436074164246836,39
2026-09-27 22:40:00.002127,84202.84,151472577.58167106,143226699.13938013,0.027980653817810695,90000.0,6.884755906095341,0.13714276840112527,84000.0,-0.24089448764436083,0.13430050691737405,39
2026-09-27 22:50:00.011840,84158.8,148925246.70950007,143779166.7421767,0.01758114921001333,90000.0,6.940688317799215,0.13764738454073866,84000.0,-0.1886909033874118,0.13574331871666764,39
2026-09-27 23:00:00.012369,84183.6,149958420.1183787,143585332.01284117,0.021710862722394572,90000.0,6.9091842116516755,0.13490907427760448,84000.0,-0.21809473579177396,0.13545298548271426,39
2026-09-27 23:10:00.009963,84129.61,146488762.98468104,145122607.71205634,0.00468484911737355,90000.0,6.97779295541725,0.1353613064994317,84000.0,-0.1540599082772376,0.1380454795201245,39
2026-09-27 23:20:00.011632,84286.74,156306316.4918335,119570642.52165738,0.13315963066121692,90000.0,6.7783615785828255,0.1393730886850153,84000.0,-0.3401958599893673,0.13184390050638237,39
2026-09-27 23:30:00.010109,84383.86,163101083.11247304,115958272.75266686,0.1689347064306589,90000.0,6.65546705258564,0.1385839302858555,84000.0,-0.4548974175867304,0.12570603667997604,39
2026-09-27 23:40:00.004418,84399.94,164196277.59012794,114782454.33002362,0.177123979738525,90000.0,6.635146897023847,0.1386375000153943,84000.0,-0.4738628961110658,0.12485868035158111,39
2026-09-27 23:50:00.010079,84441.14,167208815.9542104,113043160.26720421,0.19327483936888393,90000.0,6.5831181341227785,0.13834100838823235,84000.0,-0.5224230748187453,0.12245949743111727,39
2026-09-28 00:00:00.013457,84452.82,169241843.78644454,112415055.78607848,0.20175890626721146,90000.0,6.568377468034803,0.1379472392309136,84000.0,-0.5361810298341818,0.12104587177042286,39
2026-09-28 00:10:00.001579,84377.69,163273804.65964937,117498086.58974835,0.16303525921417963,90000.0,6.663266083724251,0.1380689280675345,84000.0,-0.44761832185735706,0.12866494929838868,39
2026-09-28 00:20:00.007577,84685.74,165491267.19564623,117922769.0281687,0.1678410102804937,85000.0,0.3710896309107037,0.1536444629998343,84000.0,-0.8097467176882533,0.09966368441151222,39
2026-09-28 00:30:00.003836,84769.57,173896930.634035,115444180.23722659,0.20202020452882052,85000.0,0.2718310355944942,0.1604294493626803,84000.0,-0.9078375648242765,0.09659149641530748,39
2026-09-28 00:40:00.009883,84218.26,150076181.94451404,129276155.93177906,0.0744580345053205,90000.0,6.865185768501991,0.13580435031046434,84000.0,-0.2591599493981356,0.14385615786065292,39
2026-09-28 00:50:00.010300,84498.3,170472178.702407,109973632.5293984,0.21572276621740272,85000.0,0.5937397557110646,0.14096007287024626,84000.0,-0.5897160061208329,0.11907917724722443,39
2026-09-28 01:00:00.001801,84127.23,142917716.31802362,152684161.79039487,-0.03303918613395681,90000.0,6.980819408888195,0.1341847917061988,84000.0,-0.15123521837102638,0.15314274302347358,39
2026-09-28 01:10:00.003259,84082.91,145626748.76036736,149326658.23854384,-0.012544047264353628,90000.0,7.037208869198275,0.13388667700137116,84000.0,-0.09860505541494646,0.14430526309034555,39
2026-09-28 01:20:00.001328,83976.22,204559498.83938918,85063899.89048553,0.4125895886621872,84000.0,0.028317540370359495,0.1439022262992364,82000.0,-2.3533090677337,0.06051644402024803,39
2026-09-28 01:30:00.010580,84064.45,145977070.1471844,158566418.91163096,-0.04133842691352112,90000.0,7.06071353586446,0.13131502493663752,84000.0,-0.07666736652651718,0.15396487366540923,39
2026-09-28 01:40:00.000374,83933.45,210722381.11236176,90495132.44215052,0.3991376439287065,84000.0,0.07928900813680695,0.15605305010983606,82000.0,-2.3035512063426355,0.05935672933569722,39
2026-09-28 01:50:00.014248,83660.67,167386040.4580811,101897699.36935255,0.2431945617314129,84000.0,0.40560277607148976,0.14855982771949128,82000.0,-1.9850068138349775,0.06848903717902272,40
2026-09-28 02:00:00.003923,83682.96,169023434.19658524,101097658.3007263,0.2514641684137828,84000.0,0.37885849162122565,0.1500222918924379,82000.0,-2.011114329607855,0.06825718697124258,40
2026-09-28 02:10:00.004946,83596.81,162231013.2938701,102701848.04915355,0.2246952867339501,84000.0,0.4823030926658589,0.1425801612083177,82000.0,-1.9101326952547515,0.06918101013265406,40
2026-09-28 02:20:00.000299,83657.32,168130368.24912366,101460318.11342053,0.24730101412348343,84000.0,0.4096234495678308,0.14790154920807266,82000.0,-1.9810818706599842,0.06760092547533278,40
2026-09-28 02:30:00.007395,83621.23,164729133.5433361,102868774.08268334,0.23116907007772833,84000.0,0.4529591348991113,0.1458034885212958,82000.0,-1.938777987360385,0.06877730775333661,40
2026-09-28 02:40:00.008785,83458.2,166857458.45295697,95198400.62659448,0.2734495541449015,90000.0,7.838414919085257,0.13959810800515438,82000.0,-1.7472219626112229,0.0744481721933535,40
2026-09-28 02:50:00.001444,83425.05,163821885.2839473,95998185.08479029,0.2610410354477287,90000.0,7.881265878773824,0.14048359138812874,82000.0,-1.7081799771171857,0.07512300810757892,40
2026-09-28 03:00:00.008731,83406.39,161048393.80438453,96632125.02452715,0.2499850166113136,90000.0,7.905401492619446,0.1411498396862198,82000.0,-1.6861897511689428,0.07563565748176539,40
2026-09-28 03:10:00.018893,83463.12,167543856.7870485,94253668.30615848,0.27994989049188573,90000.0,7.832058039526935,0.13994605309796193,82000.0,-1.7530137862088013,0.07468688677910472,40
2026-09-28 03:20:00.009666,83449.56,168131624.841102,96092902.3207385,0.2726420718551953,90000.0,7.849580033735348,0.13913617293479597,82000.0,-1.7370493025966827,0.07425466717224895,40
2026-09-28 03:29:59.999601,83309.99,152685951.0446118,99109590.39269002,0.21277724119377445,90000.0,8.030261436833674,0.14259092080658353,83000.0,-0.3720922304756069,0.07694110793459592,39
2026-09-28 03:40:00.009790,83433.37,164428090.17664057,96144583.28883725,0.262051680169179,90000.0,7.870507927463555,0.14033693028920277,82000.0,-1.7179816660887526,0.07489268504650613,40
2026-09-28 03:50:00.008828,83392.22,159475005.27466217,97247987.53795177,0.24238973320995388,90000.0,7.923736770648393,0.14136910800440342,82000.0,-1.669484275631472,0.07562907572050061,40
2026-09-28 04:00:00.011534,83325.58,154858332.71716046,98788628.73506159,0.22105411261810204,90000.0,8.010049254982675,0.1422852853867535,83000.0,-0.39073235373819903,0.07716978142508521,39
2026-09-28 04:10:00.010576,83307.36,153494481.26149875,99642926.97814694,0.21273645273467617,90000.0,8.033671934868657,0.14252202285082818,83000.0,-0.3689469933988998,0.07852353701680713,39
2026-09-28 04:20:00.005218,83482.62,171612733.4086448,93645175.53642355,0.2939311335986116,90000.0,7.806870459983184,0.13932180871994174,82000.0,-1.7759624697931131,0.07388659058327494,40
2026-09-28 04:30:00.009617,83463.86,170899528.15294954,95955235.66598856,0.28084300019395925,90000.0,7.831101988333633,0.13837889902168726,82000.0,-1.7538848550738062,0.07338653690559141,40
2026-09-28 04:40:00.009209,83450.24,169626737.8284932,96260419.13019185,0.2759302838749049,90000.0,7.848701214040843,0.13864749078094712,82000.0,-1.7378500049850087,0.07352897928078601,40
2026-09-28 04:50:00.006237,83422.46,167220521.14140177,96855039.35155196,0.2664596513910546,90000.0,7.884615246301774,0.13916995020150424,83000.0,-0.5064103839661493,0.07407189336961265,40
2026-09-28 05:00:00.004064,83471.84,171893382.46295637,93771561.25710429,0.2940614599424584,90000.0,7.820793216011546,0.1386335977472478,82000.0,-1.7632772920783801,0.07321316843621825,40
2026-09-28 05:10:00.011302,83343.56,156425955.56471667,100259394.80348918,0.21881482788425047,90000.0,7.9867478663018465,0.1413025046713261,83000.0,-0.4122214121882961,0.08150708684683898,40
2026-09-28 05:20:00.004714,83224.16,144257112.54813686,105002598.68307346,0.15748439116440838,90000.0,8.141674244594356,0.14283387917138,83000.0,-0.26934486331854357,0.09184947713160872,39
2026-09-28 05:30:00.010676,83057.37,132066637.09625876,122046871.97440654,0.039430273339249616,90000.0,8.358836789558843,0.1436338821799053,83000.0,-0.06907273851796125,0.09836306689347099,39
2026-09-28 05:40:00.010550,82754.52,141745510.5964788,86885817.51293078,0.2399482762803852,90000.0,8.755388829516498,0.14600260560130598,82000.0,-0.9117568442183033,0.09034716047546482,39
2026-09-28 05:50:00.005943,83120.98,137492832.95689416,114128891.29061984,0.09285343599065317,90000.0,8.275913012575176,0.14496139666838734,83000.0,-0.1455468884029032,0.09224241899617133,39
2026-09-28 06:00:00.010934,83167.49,139413509.33756262,105464594.16818608,0.13863597717947682,90000.0,8.215361555338507,0.14458652466571018,83000.0,-0.2013887878544951,0.09165968840506275,39
2026-09-28 06:10:00.010826,83216.29,144193405.56991968,104733373.23176591,0.15852064019834,90000.0,8.151901508707017,0.14304467979886978,83000.0,-0.2599130530813065,0.08974579050707836,39
2026-09-28 06:20:00.017455,83161.53,137129005.90646213,107296838.17213789,0.12204997326195637,90000.0,8.223117107152799,0.14476901825854957,83000.0,-0.1942364456257617,0.09582221382597776,39
2026-09-28 06:30:00.009247,83037.9,128050621.53590426,121425348.36696807,0.026556758839400802,90000.0,8.384243821194914,0.14520913566190016,83000.0,-0.04564180934247819,0.10376109306453231,39
2026-09-28 06:40:00.014439,83089.84,130427642.484202,119762809.72973627,0.04262685750032624,90000.0,8.316492124668917,0.1453420369149715,83000.0,-0.10812392947200378,0.10546967112186405,39
2026-09-28 06:50:00.004478,83156.19,134643103.61812037,117207121.46274018,0.06923155280001075,90000.0,8.230066817635585,0.14483234431697914,83000.0,-0.1878272681805182,0.10262527600796244,39
2026-09-28 07:00:00.009865,83139.13,132124524.05455917,119020951.28359336,0.05217522933002328,90000.0,8.252275432759504,0.14504910329227974,83000.0,-0.16734598978844772,0.10773755892988826,39
2026-09-28 07:10:00.009043,83098.82,128663052.59540829,122311383.84948552,0.025308030713787073,90000.0,8.304786999382173,0.1450967171465786,83000.0,-0.11891865612533303,0.11604802771975407,39
2026-09-28 07:20:00.004420,83122.06,128583231.47303487,122535472.34589556,0.024083268331537986,90000.0,8.274506190053522,0.14502865494826728,83000.0,-0.14684429139508737,0.11882279753234656,39
2026-09-28 07:30:00.006597,82913.51,171021977.7292452,84510899.13543044,0.3385516558780381,90000.0,8.546845984448147,0.14252671437070444,82000.0,-1.1017625475028048,0.08897241295437439,39
2026-09-28 07:40:00.006357,82896.13,175292763.93643606,81828399.27862374,0.36350319627185795,83000.0,0.12530138620463482,0.14353165731183376,82000.0,-1.0810275461592744,0.0852444789594065,39
2026-09-28 07:50:00.003861,82945.75,190497497.20198032,81548953.69249198,0.4004777241212746,83000.0,0.0654041949105233,0.17593656465636473,82000.0,-1.1402030845462208,0.08233051792285478,39
2026-09-28 08:00:00.007534,82926.64,135551762.44561997,81390143.17029752,0.24965955342538715,90000.0,8.529659467693374,0.15363081261516354,82000.0,-1.1174213738793681,0.09460885948489657,39
2026-09-28 08:09:59.995598,82961.21,138668490.01077938,81217057.7536059,0.26127880090934674,90000.0,8.484435075139318,0.15252442514362127,82000.0,-1.158625820428616,0.09392752443856575,39
2026-09-28 08:20:00.002869,82910.13,138111184.78129786,81369974.08330558,0.25852428969994445,90000.0,8.551271117292902,0.15235897083399566,82000.0,-1.0977307597998087,0.09401944400290416,39
2026-09-28 08:30:00.006661,82817.39,128158957.11065762,81991060.35459444,0.21969018757610603,90000.0,8.67282825503195,0.1521211702024418,82000.0,-0.9869787009708975,0.09396617158486763,39
2026-09-28 08:40:00.010006,82842.66,128876870.60831212,84305451.02360538,0.20907652775104005,90000.0,8.639679121843734,0.15097796865476895,82000.0,-1.0171812445423645,0.09859206145021891,39
2026-09-28 08:50:00.010849,82877.41,142122571.5548218,82483051.57945666,0.26552995042207905,90000.0,8.594127157207243,0.1502682889410015,82000.0,-1.0586841456556195,0.09386785032879144,39
2026-09-28 09:00:00.004268,82921.5,42692861.022658624,19268682.71667642,0.37804381382950974,85000.0,2.5065875557002792,0.15937057163870544,80000.0,-3.5232117122820927,0.07440871124464679,33
2026-09-28 09:20:00.009886,82888.23,146468628.96084657,76181432.08029966,0.31568460638130114,90000.0,8.57995158058027,0.15367776259057256,82000.0,-1.0715996710268683,0.09070037457502189,39
2026-09-28 09:30:00.011689,82792.25,130790081.99148756,86732830.33233544,0.20254074013851364,90000.0,8.7058269342843,0.14913097498471434,82000.0,-0.9569132376520795,0.10173731463706229,39
2026-09-28 09:40:00.002058,82594.26,125630144.74100575,89755532.70820546,0.1665598774145958,90000.0,8.966410014448956,0.16273801823217984,82000.0,-0.7194930979465108,0.11173912752684616,39
2026-09-28 09:50:00.008695,82721.64,130121547.2439903,87844313.65510911,0.1939626389861674,90000.0,8.798616661855352,0.1483250455146416,82000.0,-0.8723714858651199,0.10124915549940355,39
2026-09-28 10:00:00.011516,82639.07,128675676.05518624,88354483.01038557,0.18578612861182273,90000.0,8.907324344284117,0.14872332931029272,82000.0,-0.7733267085411333,0.10211636617271923,39
2026-09-28 10:10:00.003722,82723.98,129337623.21963224,89337144.450133,0.18292224199321672,90000.0,8.795539092775773,0.14807331362237905,82000.0,-0.8751754932487477,0.10165497252434384,39
2026-09-28 10:20:00.010138,82715.49,130586876.81855002,89463376.30572417,0.18688231405760392,90000.0,8.806705974902629,0.14753194423271476,82000.0,-0.8650012228664905,0.10128331277630723,39
2026-09-28 10:30:00.010550,82782.61,131815941.74599972,89462521.32445224,0.19140326552278497,90000.0,8.718485681956633,0.14711449054153275,82000.0,-0.9453797119950647,0.10097844544626204,39
2026-09-28 10:40:00.001844,82903.26,148328581.61776152,88251296.38037544,0.253940807416678,90000.0,8.56026650821693,0.14562159564105218,82000.0,-1.0895349591801273,0.09721972541912795,39
2026-09-28 10:50:00.004324,82864.46,145844583.1876364,90761987.91350535,0.23280247466409126,90000.0,8.611098171640762,0.14558444230082918,82000.0,-1.043221665838412,0.09985982899376643,39
2026-09-28 11:00:00.022237,82914.5,149005412.84178954,85348825.96560378,0.27162549822067716,90000.0,8.545549933968122,0.14911587024399595,82000.0,-1.1029433934957145,0.09256932425043829,39
2026-09-28 11:10:00.012620,82985.64,149918403.32425326,87199577.03286627,0.2645047254405895,90000.0,8.452498528661101,0.14560361424415266,82000.0,-1.1877235627754335,0.09191961740948955,39
2026-09-28 11:20:00.014470,82974.79,149882508.2817528,87095673.48694307,0.2649477446666092,90000.0,8.46668006029303,0.14539607916271946,82000.0,-1.174802611733028,0.0917886004331362,39
2026-09-28 11:30:00.011286,82999.0,150198212.16056314,89253799.9671563,0.25451618322964925,90000.0,8.435041386040787,0.14479165887171772,82000.0,-1.2036289593850502,0.0966016970425907,39
2026-09-28 11:40:00.001909,83034.35,127055178.36021505,113465097.6721926,0.05650284837604014,90000.0,8.388877615107472,0.14710837476143573,82000.0,-1.245689284013185,0.09065483538579365,39
2026-09-28 11:50:00.012284,82965.17,150462220.8902059,89211617.43573105,0.2555581530395445,90000.0,8.479257018336739,0.1446601826269876,82000.0,-1.1633436055154212,0.09655068119798409,39
2026-09-28 12:00:00.012707,83055.76,129578764.6422347,113610743.06853509,0.06566081622522424,90000.0,8.360937278763103,0.1435825365539227,82000.0,-1.2711460349047354,0.0900878353274392,39
2026-09-28 12:10:00.011245,83446.18,143988969.18045154,98431390.40604837,0.18792802243223886,90000.0,7.853948497103169,0.14511553565480365,82000.0,-1.7330691470837767,0.08291483753565246,40
2026-09-28 12:20:00.010180,83392.91,140980947.56670487,98958774.17709798,0.17513637627068823,90000.0,7.922843800510138,0.14586835500145615,82000.0,-1.67029787064632,0.08526825770111963,40
2026-09-28 12:30:00.013117,83344.85,139526195.93638572,102687196.30284436,0.15209315757881836,90000.0,7.985076462432894,0.14498068428931418,82000.0,-1.6135970008944844,0.09063467866517891,40
2026-09-28 12:40:00.001781,83306.4,136708949.58650047,103078754.24372202,0.14024987439134792,90000.0,8.034916885137289,0.14535177868795257,82000.0,-1.5681868379860298,0.09086754988217234,39
2026-09-28 13:00:00.009072,83550.82,138366773.84158465,105755481.28007306,0.1335859057391545,90000.0,7.7188709817569645,0.14499753517108388,82000.0,-1.85613977217699,0.084686367672154,40
2026-09-28 14:00:00.016468,83621.25,149157374.3604142,103681283.42763942,0.17986209597306083,90000.0,7.628144759854694,0.143153419808468,82000.0,-1.9388014410212762,0.08177575440172558,40
2026-09-28 14:10:00.000221,83448.79,148872358.06876534,102890486.22480072,0.1826396264825632,90000.0,7.8505751850925565,0.14164984536160785,82000.0,-1.7361426091378807,0.08845172281364282,40
2026-09-28 14:20:00.008894,83366.79,147913002.2935455,104021599.91024038,0.17421744373090153,90000.0,7.95665756112236,0.14122127023869765,82000.0,-1.6394897776440653,0.08838914322948518,40
2026-09-28 14:30:00.006417,83224.03,143590773.24213046,105565096.84037466,0.1526180233649082,90000.0,8.141843167171793,0.14160522435222242,82000.0,-1.4707651143545886,0.08931205837060698,39
2026-09-28 14:40:00.007967,83389.57,151392388.51739445,104187421.90833983,0.18469755701916574,90000.0,7.927166431005683,0.13994232802661666,82000.0,-1.6663594739725895,0.08759261793576426,40
2026-09-28 14:50:00.004468,82931.71,163119796.4496634,93222739.01194032,0.27267053948677444,90000.0,8.523024546340597,0.1385309305607666,82000.0,-1.123466524445238,0.09755191973084817,39
2026-09-28 15:00:00.002149,82994.4,165818448.15385005,89186322.66102338,0.3005125168754569,90000.0,8.44105144443481,0.1417434990449928,82000.0,-1.1981531284038338,0.09276948815374267,39
2026-09-28 15:10:00.018753,83189.08,144517533.25999108,106848079.00361973,0.14985921867811752,90000.0,8.187276503117946,0.14059231031633723,82000.0,-1.4293702971591937,0.09124479072765734,39
2026-09-28 15:20:00.011250,82878.44,163460433.46751592,94020968.10260916,0.26968730534113905,90000.0,8.592777566759224,0.13811153731420034,82000.0,-1.0599137725082697,0.09794459518447644,39
2026-09-28 15:30:00.009544,83045.08,138439149.6141407,120508839.52122903,0.06924290145206831,90000.0,8.374873020773776,0.1405065561208027,82000.0,-1.2584490255172276,0.0970629525746958,39
2026-09-28 15:40:00.008904,83235.85,147820565.09968352,107306559.91466717,0.15879928558257952,90000.0,8.12648636374831,0.1394327855694913,82000.0,-1.48475686858488,0.08803933627280514,39
2026-09-28 15:50:00.015097,83263.01,150836074.5198804,107311848.28008878,0.1686018844068608,90000.0,8.09121601537106,0.13834662140134116,82000.0,-1.5168920748841463,0.08735352072335115,39
2026-09-28 16:00:00.034556,83354.04,153192768.9791101,106961121.70463493,0.17770884438040738,90000.0,7.973170826513032,0.1382813168238843,82000.0,-1.6244443580659018,0.08714504748445379,40
2026-09-28 16:10:00.005403,83383.83,156713571.2652989,106213953.12944353,0.19206668549481531,90000.0,7.934595952236778,0.13795703433833206,82000.0,-1.659590354628715,0.08444880454409842,40
2026-09-28 16:20:00.010033,83625.8,158744182.48853648,114527596.47930968,0.16180443577538037,90000.0,7.622288815174261,0.13662552134668318,82000.0,-1.944136857285672,0.08209504464244564,40
2026-09-28 16:30:00.013648,83987.52,201727814.89957058,101970594.37237138,0.328474623118204,85000.0,1.2055124380384141,0.13248515229525304,82000.0,-2.3664468244805947,0.06904984709978647,39
2026-09-28 16:40:00.012292,83804.96,169025629.46997163,109728500.87369835,0.21272197302751034,90000.0,7.392211630433332,0.1362300919063795,82000.0,-2.1537627367163026,0.07635676399633508,39
2026-09-28 16:50:00.010977,83572.89,157651878.92979994,116885658.82233313,0.1484905140522995,90000.0,7.690424490525571,0.13685273212260116,82000.0,-1.8820576864100325,0.08268018448399182,40
2026-09-28 17:00:00.015383,83688.03,163770700.12254593,115246779.73051566,0.17390996584724486,90000.0,7.542261420181595,0.13554132385576675,82000.0,-2.0170507060567666,0.08124097558678917,40
2026-09-28 17:10:00.016185,83543.41,156490470.8482284,117451746.74245152,0.1425071478544717,90000.0,7.728425258198102,0.13698203457850597,82000.0,-1.8474347647528422,0.0827738247659236,40
2026-09-28 17:20:00.011938,84003.7,151964840.41432709,155637882.53046888,-0.011940863464986231,90000.0,7.138137962970692,0.12965710062147764,84000.0,-0.004404567894034095,0.1073907821486038,39
2026-09-28 17:30:00.022744,83875.48,199258967.77520192,106972224.78726229,0.3013629742147029,90000.0,7.301919464425133,0.1299016471891627,82000.0,-2.236028932412659,0.07173363787249666,39
2026-09-28 17:40:00.004643,83908.79,199571174.5256574,107452118.79523298,0.3000393055980436,90000.0,7.259322890962916,0.1308660745300818,82000.0,-2.2748391437893423,0.07155893533869677,39
2026-09-28 17:50:00.010648,83886.61,198829750.94335517,108130752.70679751,0.29547448990352393,90000.0,7.28768274221594,0.1344163187496151,82000.0,-2.2490001682032412,0.07438367498396148,39
2026-09-28 18:00:00.006200,83843.61,198032653.25683984,109469320.23169345,0.2880089907079862,90000.0,7.342706259904608,0.1339031552624505,82000.0,-2.198867629864698,0.07533657096720348,39
2026-09-28 18:10:00.014810,83893.68,201784451.239783,107550174.32547013,0.3046353984527815,90000.0,7.278641251641371,0.13486990186368958,82000.0,-2.2572379707267554,0.07390422591952242,39
2026-09-28 18:20:00.007285,83890.13,202950176.08160552,110024836.34893537,0.2969097724799779,90000.0,7.2831809892295984,0.13380446943443988,82000.0,-2.2531017653685925,0.07341124035056643,39
2026-09-28 18:30:00.013161,83904.84,205228192.0500239,109769292.96322753,0.3030465436344058,90000.0,7.264372353251614,0.13326672660869793,82000.0,-2.270238522592971,0.07386666662645737,39
2026-09-28 18:40:00.013456,83792.58,176951914.49607283,112398121.45919208,0.223099308848405,90000.0,7.408078376390836,0.1330461109054576,82000.0,-2.1393063681772295,0.07490728487392338,39
2026-09-28 18:50:00.010880,83845.58,203313957.92404544,111136305.41703358,0.293139053304046,90000.0,7.3401841814440205,0.13328877404550177,82000.0,-2.201165523573223,0.07381449119918877,39
2026-09-28 19:00:00.014167,84018.82,153025692.64661717,166642745.7732732,-0.04259742749069827,85000.0,1.1678097835699175,0.12860058552833997,84000.0,-0.022399743295620222,0.12124604697356976,39
2026-09-28 19:10:00.013805,83642.93,168158585.1136645,119600827.83427899,0.16874428809100245,90000.0,7.600247863148746,0.13321809289144773,82000.0,-1.9642186135755857,0.08059118468463052,40
2026-09-28 19:20:00.007645,83687.13,170960018.9855524,118809801.00292158,0.1799711853522398,90000.0,7.543417966418486,0.13286075466645372,82000.0,-2.0159969639298225,0.08026115198716524,40
2026-09-28 19:30:00.012779,83609.21,167066588.56909892,120214859.49038443,0.16308651113807238,90000.0,7.643643565104852,0.13453119723275528,82000.0,-1.924680307348925,0.08114828226980972,40
2026-09-28 19:39:59.995131,83203.82,158850781.92119947,116935400.47695427,0.1519850671261397,90000.0,8.168110550693463,0.1358221586382203,82000.0,-1.4468326093681871,0.09210376264795221,39
2026-09-28 19:50:00.010053,83253.37,162245405.0813502,117337615.50243141,0.16062416624997242,90000.0,8.103732017094334,0.1346009954334028,82000.0,-1.5054886066473872,0.09561898272038155,39
2026-09-28 20:00:00.023973,83353.21,169012888.7379439,112533733.33596477,0.20060320733364295,90000.0,7.9742459828481715,0.13498275824623238,82000.0,-1.623464771182781,0.08784484654640312,40
2026-09-28 20:10:00.009143,83539.33,163013712.13155648,126652107.64986981,0.1255294964007977,90000.0,7.733686635983306,0.13321533483382425,82000.0,-1.842641064992978,0.08459997316203323,40
2026-09-28 20:20:00.010254,83484.38,179072607.3180631,113424088.4834762,0.22444191601784727,90000.0,7.804597698395788,0.13200569398552214,82000.0,-1.7780332081282824,0.08470259665064778,40
2026-09-28 20:29:59.996363,83454.16,175519540.4195609,115768383.84843844,0.20512747557687436,90000.0,7.843635356224299,0.13234863857156376,82000.0,-1.7424655643289766,0.08492265001401401,40
2026-09-28 20:40:00.015220,83513.09,161864947.18047115,131616119.93160428,0.10306909248532668,90000.0,7.7675368017157576,0.1315031784931426,82000.0,-1.8117998028811977,0.08351264803800335,40
2026-09-28 20:49:59.999710,83441.03,175039190.64616925,116067059.17493643,0.2025794070291281,90000.0,7.860605268175624,0.13314604599703223,82000.0,-1.727004088995543,0.08466683362051887,40
2026-09-28 21:00:00.013421,83501.84,162456401.16851443,133120551.7334077,0.09924944806113115,90000.0,7.782056060082043,0.13208135394125822,82000.0,-1.7985711452585873,0.08312630981002285,40
2026-09-28 21:10:00.014752,83576.74,164015834.50780487,133074761.92860022,0.10414692672990027,90000.0,7.685463682838067,0.13192921950796757,82000.0,-1.886577533414202,0.08280108708453793,40
2026-09-28 21:20:00.013872,83491.6,180918512.01273334,113792319.97003959,0.22776968050708618,90000.0,7.795275213314867,0.13238024267867887,82000.0,-1.7865270278686785,0.08395138696571677,40
2026-09-28 21:30:00.010830,83421.71,176942762.05067477,115551714.36373426,0.20988788725008628,90000.0,7.885585179205745,0.13302923600625488,82000.0,-1.7042446145014378,0.0848257365765867,40
2026-09-28 21:40:00.013573,83382.38,173025923.16119772,120153254.47697133,0.18034250969037063,90000.0,7.936472909504366,0.1324647368179928,82000.0,-1.6578802380071256,0.08968349260048826,40
2026-09-28 21:50:00.012116,83361.79,170583386.4267323,121796125.40488526,0.1668627897906328,90000.0,7.963132749428725,0.13265068402961697,82000.0,-1.633590161631604,0.09032313033592851,40
2026-09-28 22:00:00.009027,83178.86,160205308.47558805,126353727.73612402,0.11813126253835603,90000.0,8.20056923117245,0.13354990728971022,82000.0,-1.4172591449317817,0.09525344911671778,39
2026-09-28 22:10:00.011056,83140.3,157130066.20757514,135217699.52753565,0.07495308412889928,90000.0,8.250752042030163,0.1341798319960824,82000.0,-1.371537028372527,0.0959495234866463,39
2026-09-28 22:19:59.992024,83191.17,160200963.5750332,126337909.047978,0.11817961806392525,90000.0,8.184558529468934,0.13351180524851958,82000.0,-1.4318466731505275,0.09497437539702278,39
2026-09-28 22:30:00.002822,83201.47,160613549.62926236,126335344.13543643,0.11945752793852701,90000.0,8.17116572579788,0.13341753225253086,82000.0,-1.4440490053841626,0.09490731376981931,39
2026-09-28 22:40:00.000045,83407.54,177540284.19014332,117289651.15858744,0.20435724398301083,90000.0,7.90391372290804,0.132560769721524,82000.0,-1.6875452746837882,0.08453325704153547,40
2026-09-28 22:50:00.002079,83470.83,180391794.55772308,114474253.56378844,0.22355080014763393,90000.0,7.822097851429044,0.1324518006964431,82000.0,-1.7620886242535327,0.08428439972496848,40
2026-09-28 23:00:00.011992,83510.57,161931962.71580008,136846987.5967197,0.08395830794921039,90000.0,7.77078877560049,0.13127693378574673,82000.0,-1.8088368933417698,0.0835367847298978,40
2026-09-28 23:10:00.008691,83468.36,181241260.4658597,115717770.72806653,0.22064824724931062,90000.0,7.825288528491514,0.13174738761886529,82000.0,-1.7591815629299568,0.08443722962295375,40
2026-09-28 23:20:00.005563,83476.77,181984935.16582337,115188707.81448038,0.2247717081550538,90000.0,7.814425498255373,0.13171675555241344,82000.0,-1.7690789904784343,0.08443889572043897,40
2026-09-28 23:30:00.009115,83549.94,163580202.38103655,138045962.97630352,0.08465525321545733,90000.0,7.7200055439896165,0.13084667178856296,82000.0,-1.8551060599205749,0.08298676784689203,40
2026-09-28 23:40:00.012648,83565.95,164107635.97811866,138430508.70771563,0.08487236311000391,90000.0,7.699367984208894,0.1306354998294723,82000.0,-1.8739091699430221,0.08285283644378269,40
2026-09-28 23:50:00.009049,83515.35,160849526.3147096,140354803.5290133,0.06804259021219845,90000.0,7.764620515869236,0.13062005629021686,82000.0,-1.8144568633191471,0.08373584109197564,40
2026-09-29 00:00:00.015283,83460.07,182457254.76586327,116323917.38873781,0.22134372423877324,90000.0,7.835998699737479,0.13122311961839805,82000.0,-1.7494234069058479,0.08436689757443695,40
2026-09-29 00:10:00.001807,83479.63,184001646.22609025,115672433.90101516,0.22801175295538928,90000.0,7.8107317916957575,0.13085943842611075,82000.0,-1.772444367566084,0.08388930040795489,40
2026-09-29 00:20:00.004008,83402.43,177924898.18230492,122217006.44296208,0.18560517835353654,90000.0,7.910524909166328,0.13095677690195617,82000.0,-1.6815217494262402,0.08940777410184658,40
2026-09-29 00:30:00.010105,83507.34,160718883.03422272,140103754.30460298,0.06852918022389483,90000.0,7.774957267229454,0.13092328975359044,82000.0,-1.8050389343020612,0.08368633758153743,40
2026-09-29 00:40:00.012471,83488.04,182460099.04117528,115389747.38432446,0.22518175671991464,90000.0,7.799871694197158,0.1313969073290553,82000.0,-1.7823391230648022,0.08422618011287816,40
2026-09-29 00:50:00.009392,83307.09,165771305.14842469,125505705.79630563,0.13823816449338477,90000.0,8.034022074231629,0.13260886625359455,83000.0,-0.36862408709750216,0.09257907192943712,39
2026-09-29 01:00:00.001670,83147.4,152569872.9180942,138321446.30644688,0.04898195879351369,90000.0,8.241508453661828,0.13265230980706608,83000.0,-0.17727553717854505,0.10033649647290845,39
2026-09-29 01:10:00.009560,83001.41,141770585.39100647,144760099.6198656,-0.010433487180424299,90000.0,8.431892903988004,0.13352639162342378,82000.0,-1.2064975763664831,0.1025928347585452,39
2026-09-29 01:20:00.010907,82798.01,161760019.71924374,103603079.16489181,0.21915986359408912,90000.0,8.698264608050366,0.13448809578850915,82000.0,-0.9638033571096605,0.109125843280273,39
2026-09-29 01:30:00.014378,82787.73,160451146.30672503,104052666.1494857,0.21322369471168295,90000.0,8.711761996614719,0.13589531648369563,82000.0,-0.9515057364177015,0.10957945756739661,39
2026-09-29 01:40:00.010187,82815.08,162166486.9399804,103509115.43069734,0.2207856912184308,90000.0,8.675859517372931,0.134418589937625,82000.0,-0.9842168841713406,0.10920837820000694,39
2026-09-29 01:50:00.007054,82943.63,183498933.78749412,100383525.51419243,0.2927810632532727,90000.0,8.507428478835566,0.13331520918382353,82000.0,-1.137676274838717,0.10533930434658045,39
2026-09-29 02:00:00.011247,83026.41,147417376.7897006,144006254.27630517,0.0117050305801139,90000.0,8.399243084218622,0.13260627027757818,83000.0,-0.03180915566505238,0.10503434683376302,39
2026-09-29 02:10:00.012021,82943.59,185176081.6152492,100652560.17570993,0.295713966626744,90000.0,8.507480807136524,0.13367839724768227,82000.0,-1.1376285979422862,0.1056246645049976,39
2026-09-29 02:20:00.010940,83072.55,149411082.91362524,142195967.62999776,0.02474259545568887,90000.0,8.339036179821125,0.13265222642744304,83000.0,-0.08733330083162683,0.10624054164934617,39
2026-09-29 02:30:00.013003,82943.2,185666161.0025979,100386543.64046128,0.2981255411255411,90000.0,8.507991010715777,0.13398587683716526,82000.0,-1.1371637457923023,0.10567704310647379,39
2026-09-29 02:50:00.002049,83014.57,140990848.74783358,149472944.87498647,-0.029201905068303502,90000.0,8.414703587575033,0.13246963098957978,83000.0,-0.017551135903015602,0.10925714061767529,39
2026-09-29 03:00:00.007316,82932.7,187531468.6451122,100618497.35154784,0.30162409005653595,90000.0,8.521729064651229,0.13299034813129157,82000.0,-1.1246468522066677,0.10563062497295049,39
2026-09-29 03:10:00.000206,82899.85,182248025.3007024,101505609.43739145,0.2845511245621105,90000.0,8.564732023037426,0.1338094744344416,82000.0,-1.085466379010347,0.1067281118901136,39
2026-09-29 03:20:00.011415,82973.97,191998019.69526306,99512399.59089081,0.3172635143911823,90000.0,8.467751994993122,0.13244814933930704,82000.0,-1.1738259601173695,0.10393507096733745,39
2026-09-29 03:30:00.010659,83168.2,154672051.82795995,136631610.0123823,0.06193002072684298,90000.0,8.21443772980539,0.13069055568253654,83000.0,-0.20224076029058402,0.11220527914098521,39
2026-09-29 03:40:00.010104,83092.59,150255363.6428153,149304423.59023246,0.0031744582988471343,90000.0,8.312907324227115,0.13052294427123928,83000.0,-0.1114299121016682,0.11458412543010853,39
2026-09-29 03:50:00.015154,83108.4,150787265.6932444,148070671.10416764,0.00908991950552836,90000.0,8.292302583132404,0.13075232259128047,83000.0,-0.13043206222234094,0.11587515168034145,39
2026-09-29 04:00:00.009155,83037.11,144601744.37030253,154144579.1245047,-0.03194293620944938,90000.0,8.385274969227607,0.1306423488523167,83000.0,-0.0446908617123154,0.11972713069512103,39
2026-09-29 04:10:00.011982,83038.41,144153866.35448968,154874109.80866426,-0.03585030267644743,90000.0,8.383578153772442,0.13056570225519945,83000.0,-0.046255702632069795,0.12277456221450105,39
2026-09-29 04:20:00.012686,83191.99,160513347.8669291,135814913.9689338,0.08334822249143371,90000.0,8.183492184764418,0.13228091079029883,83000.0,-0.23077942960615383,0.11470555691120358,39
2026-09-29 04:30:00.011490,83184.35,158662688.46745688,140936449.11962837,0.059166523277043734,90000.0,8.193428210955545,0.12837014820552603,83000.0,-0.22161620545211314,0.11799373103026088,39
2026-09-29 04:40:00.011399,83124.85,152525270.44933733,153098226.14714667,-0.0018747108916361047,90000.0,8.270872067739067,0.12884561552257315,83000.0,-0.15019575975175892,0.12490369659596944,39
2026-09-29 04:50:00.010858,83058.15,144762162.26156068,158754085.9181046,-0.04609942215766138,90000.0,8.357819190530979,0.12927487181392472,83000.0,-0.07001119095476627,0.1305189158682404,39
2026-09-29 05:00:00.020310,83165.15,156970730.08344048,143977363.48553902,0.04317477623403947,90000.0,8.218406387771804,0.12788717324476098,83000.0,-0.1985807757215574,0.12463192702437767,39
2026-09-29 05:10:00.006245,83169.18,156778291.64643842,144907696.53972518,0.03934751884926177,90000.0,8.213162616248004,0.1277063326005465,83000.0,-0.20341669834906817,0.1268278040310363,39
2026-09-29 05:20:00.008146,83267.26,170552486.5794745,136313582.01797155,0.11157605243875413,90000.0,8.08569898901441,0.1267496037787452,83000.0,-0.3209664879089247,0.11561088615367891,39
2026-09-29 05:30:00.012009,83280.49,172579877.26629037,134629997.08538383,0.1235307955546505,90000.0,8.068528415238664,0.12488272179249965,83000.0,-0.3368015726132323,0.11101893602885943,39
2026-09-29 07:49:59.979597,83980.35,321575929.9953195,98756407.73156637,0.5301032118269515,84000.0,0.023398330680923785,0.3268533754515638,82000.0,-2.3581111533829135,0.06017763034216596,39
2026-09-29 07:59:59.999850,83949.33,188500272.35273683,98371473.09527451,0.31417802794313887,90000.0,7.207526254229779,0.13925026095633947,82000.0,-2.3220316350350934,0.07703573389457566,39
2026-09-29 08:10:00.008909,83976.47,188907992.1407438,99418637.51998919,0.3103749200205842,90000.0,7.1728783074592295,0.13886374327949216,82000.0,-2.3535997643149287,0.07686816201965012,39
2026-09-29 08:20:00.008285,84051.33,134538809.61415967,157776766.74694002,-0.07949613025093918,90000.0,7.077425187679953,0.1383208514065551,84000.0,-0.06106982483203849,0.12914839378321105,39
2026-09-29 08:30:00.013472,84125.63,138259214.1946437,154761434.08126602,-0.05631760076881591,90000.0,6.982854095713753,0.13815994667268056,84000.0,-0.14933617733383642,0.12727985413229198,39
2026-09-29 08:39:59.987610,83919.25,188560429.42079327,104462914.67128056,0.28699936863421904,90000.0,7.245953699538554,0.14206926057676184,82000.0,-2.2870199626426557,0.08427996585512915,39
2026-09-29 08:50:00.015601,83829.02,184620643.5673226,104838881.50631425,0.27562320514659977,90000.0,7.361388693318838,0.14301081808738855,82000.0,-2.1818458571983834,0.08491173531344949,39
2026-09-29 08:59:59.999640,83841.74,186954142.954079,104933121.2887148,0.2810023996015755,90000.0,7.345100423726891,0.14225883060634464,82000.0,-2.1966862806043874,0.08446524767843427,39
2026-09-29 09:10:00.010489,83752.5,162136647.86646602,107506394.8017272,0.2026021236229839,90000.0,7.45947882152771,0.14268039688693512,82000.0,-2.0924748514969727,0.08569674012892205,39
2026-09-29 09:20:00.009315,83757.17,164684363.57197788,105709358.14242196,0.2181078948713446,90000.0,7.453487265627534,0.14245803339484756,82000.0,-2.0979338246504775,0.08556128584431662,39
2026-09-29 09:30:00.017521,83812.3,188222223.66057873,105717695.87566982,0.28068500500060345,90000.0,7.382806580895651,0.1415415116177457,82000.0,-2.162331781850635,0.08501081648934666,39
2026-09-29 09:39:59.996975,83964.78,197300204.1313315,104200950.67345539,0.30878572759747847,90000.0,7.187799455914723,0.14009956140275823,82000.0,-2.3400049401665735,0.0826584596467358,39
2026-09-29 09:50:00.011835,84163.79,146597687.98664102,158667337.83665395,-0.03953826619168466,85000.0,0.9935507894784701,0.13618014059964575,84000.0,-0.19460863157421127,0.13461094812481875,39
2026-09-29 09:59:59.999240,84218.15,148209488.6005478,139231127.44268942,0.03123553407813402,85000.0,0.9283628291526291,0.1379169886008748,84000.0,-0.25902967471975735,0.13626673154447821,39
2026-09-29 10:10:00.036841,84240.12,151784781.9569762,140818221.66156945,0.03747931552234989,85000.0,0.9020405004171561,0.1450033339942857,84000.0,-0.28504232899952964,0.14007978398452003,39
2026-09-29 10:20:00.010861,84073.75,144507619.35132718,165859545.55782962,-0.06879569948306889,85000.0,1.1017112951426489,0.13651639252897466,84000.0,-0.08772060244726099,0.14170343169278865,39
2026-09-29 10:29:59.998817,84120.15,147797114.45978034,165022141.137779,-0.05506383117335522,85000.0,1.0459444021438502,0.13763372040402044,84000.0,-0.14283141435196267,0.1393107720373459,39
2026-09-29 10:40:00.019210,83999.24,206801408.54848734,102047176.28698727,0.3391766626267795,84000.0,0.0009047700907816036,0.13994349012464616,82000.0,-2.3800691530066254,0.07317841407188294,39
2026-09-29 10:50:00.003821,83977.78,204613855.51951778,102938352.53339125,0.3305959129015098,84000.0,0.026459380088406093,0.13613735236382823,82000.0,-2.3551229861041745,0.07404158259496448,39
2026-09-29 11:00:00.016066,83994.52,205697118.63699347,102596587.1580818,0.33442308273216326,84000.0,0.0065242351524830156,0.13826941750447025,82000.0,-2.374583484732107,0.07408433692138264,39
2026-09-29 11:10:00.014621,84002.2,139844826.35742426,167255788.0332976,-0.08925726746022909,90000.0,7.140051093899924,0.13428163816349578,84000.0,-0.0026189790267361346,0.13661143546504517,39
2026-09-29 11:20:00.010017,83992.24,204700551.65463376,102956873.89556989,0.33070444367500335,84000.0,0.00923894874096387,0.13641459339241743,82000.0,-2.371933407181437,0.07417812793361651,39
2026-09-29 11:30:00.007925,84039.38,142555612.6028095,166183952.21454826,-0.07653162180790361,90000.0,7.092651088097024,0.1338276464147258,84000.0,-0.04685898444277692,0.1361929211920334,39
2026-09-29 11:40:00.024894,84217.72,151242909.11652303,142288754.56447452,0.03050490171915369,85000.0,0.9288781505839783,0.14017184863698248,84000.0,-0.25852041589347063,0.13347392380841466,39
2026-09-29 11:50:00.021758,84401.9,161143926.80709496,130683068.0329386,0.10437985283319536,85000.0,0.7086333364533237,0.1462842170033168,84000.0,-0.47617411456376546,0.12876820730530536,39
2026-09-29 12:00:00.012463,84320.22,153836753.3018668,135019408.88694143,0.0651443412954631,85000.0,0.8061885986540451,0.13845565732177584,84000.0,-0.3797665613301304,0.12620027740901468,39
2026-09-29 12:10:00.026484,84300.32,153122002.04924864,135393377.91737828,0.061447761065358326,85000.0,0.8299849870083476,0.13856532775674185,84000.0,-0.35625013048586895,0.12630024038332716,39
2026-09-29 12:20:00.001891,84242.58,149467950.64301264,137022058.0343407,0.04344267594577291,85000.0,0.8990940210995335,0.13702395731672312,84000.0,-0.2879541438545741,0.12886207230610255,39
2026-09-29 12:30:00.012434,84182.9,150168954.29781356,157991675.04397634,-0.025385204991538245,85000.0,0.9706246755576409,0.13583980521114755,84000.0,-0.21726502650775137,0.13408729282439835,39
2026-09-29 12:40:00.004818,84333.56,158689405.47051919,135846461.97001797,0.0775557275893161,85000.0,0.7902429353154439,0.14445057649215365,84000.0,-0.39552462862945115,0.1316651338190053,39
2026-09-29 12:50:00.002434,84267.22,153560271.68655562,139598213.52980015,0.04762631430044144,85000.0,0.869590808857823,0.13949446505104662,84000.0,-0.3171102594816788,0.13419543437871279,39
2026-09-29 13:00:00.020150,84304.19,159194306.53429866,139817388.27270514,0.06480321204192463,85000.0,0.8253563672220743,0.14260537691017355,84000.0,-0.3608242959217134,0.13438861022362353,39
2026-09-29 13:10:00.013411,84418.23,166241188.1872245,135534152.66511723,0.10175462128674119,85000.0,0.6891520942810647,0.1471273539971086,84000.0,-0.49542616565165787,0.13039273038135152,39
2026-09-29 13:20:00.004078,84423.37,168542170.49391106,134998647.98752394,0.11050745225699747,85000.0,0.6830217746579104,0.1516389530554972,84000.0,-0.5014843638674882,0.12831177787062525,39
2026-09-29 13:30:00.015257,84331.93,162639535.84828418,137338829.25170684,0.08434177107453708,85000.0,0.7921910479221861,0.1476585993470208,84000.0,-0.3935994349945404,0.12897289169036757,39
2026-09-29 13:40:00.010294,84192.64,153860186.12240463,162467701.89162588,-0.02721073953757585,85000.0,0.9589436796375583,0.13800036231133628,84000.0,-0.22880859894641725,0.13340189632936608,39
2026-09-29 13:50:00.020429,84156.51,155319345.3306273,162938928.16279176,-0.023941507469787817,85000.0,1.002287285915271,0.13887790268175731,84000.0,-0.1859749174484504,0.13404460070993163,39
2026-09-29 14:00:00.014339,84182.73,157600558.0090288,161035000.95285025,-0.010778592806813349,85000.0,0.9708285773103453,0.1424264948434765,84000.0,-0.21706352359919245,0.13472166494187796,39
2026-09-29 14:10:00.007397,83873.38,210504510.00966987,108832341.6827716,0.3183853281826064,84000.0,0.1509656579954166,0.14084431667278882,82000.0,-2.2335811433854325,0.07921948359511939,39
2026-09-29 14:20:00.002695,84027.55,149868985.13527867,174181767.40026265,-0.07502769882417538,85000.0,1.1572990049097065,0.13921137893096053,84000.0,-0.03278686573630063,0.14169912768189233,39
2026-09-29 14:30:00.011846,83911.74,212494436.7102663,108569998.05566362,0.323687171175992,84000.0,0.10518194474335996,0.13875568639096547,82000.0,-2.278274768226718,0.07580420021834593,39
2026-09-29 14:40:00.009425,83885.55,214828557.73572114,109202959.37380117,0.3259732241608418,84000.0,0.13643589390543998,0.1471574954845412,82000.0,-2.2477649607113515,0.07789406024328462,39
2026-09-29 14:50:00.009464,83768.66,185782027.65498,113963069.21219954,0.23960011087221977,84000.0,0.27616533438639124,0.14593231551027408,82000.0,-2.1113624116704255,0.08182547969862775,39
2026-09-29 15:00:00.009159,83721.18,185715875.43345854,117502131.05505294,0.2249660076865855,84000.0,0.3330340064485515,0.1473598155188306,82000.0,-2.055847755609741,0.08577278090794599,40
2026-09-29 15:10:00.011955,83602.77,179947451.847562,119910473.69586878,0.20021808008872385,84000.0,0.47513975912520934,0.1438468981969304,82000.0,-1.9171254732349263,0.08676874789319718,40
2026-09-29 15:20:00.013467,83262.6,163453903.0782913,122486524.05859405,0.1432724271621982,90000.0,8.091748275936617,0.13468926244170784,82000.0,-1.5164071263688683,0.09749590114960449,39
2026-09-29 15:30:00.029965,82967.43,185361224.59416112,98689129.79459813,0.30512933168511785,90000.0,8.476302086252407,0.13483944088805186,82000.0,-1.1660358769700285,0.10936776303076219,39
2026-09-29 15:40:00.008914,83186.09,158984805.5641992,129294657.31054343,0.10299085462968322,90000.0,8.191165133497691,0.1351363558660549,82000.0,-1.4258273228132223,0.10308375749724323,39
2026-09-29 15:50:00.010321,83249.01,164557718.51623788,126463817.48950505,0.1308971890863125,90000.0,8.109393733330883,0.1345898875375199,82000.0,-1.5003301540763014,0.09662827054807528,39
2026-09-29 16:00:00.018491,83048.6,151937002.57670888,140825615.95589244,0.03795357029018751,90000.0,8.370279571238992,0.13243991278835673,82000.0,-1.2626341684266906,0.10610454459680842,39
2026-09-29 16:09:59.993470,82985.92,191966004.31263512,98566464.88346851,0.3214771129973903,90000.0,8.452132602735496,0.13358319540474353,82000.0,-1.1880569619520998,0.10787530588940686,39
2026-09-29 16:20:00.020494,83077.8,152293092.23258752,141203499.92149538,0.03778439889097659,90000.0,8.33218982688515,0.13302024348661393,82000.0,-1.2973381577268572,0.10583383138281967,39
2026-09-29 16:30:00.016164,83228.64,160049940.22931543,132066219.30497028,0.09579655219676643,90000.0,8.13585323513637,0.131627467888236,82000.0,-1.4762226079868657,0.10251988204940718,39
2026-09-29 16:40:00.019880,83164.57,156699633.1188181,133747117.43135387,0.07902486649958029,90000.0,8.219161116326323,0.13208929151110924,82000.0,-1.4003198717915666,0.10392276826767352,39
2026-09-29 16:50:00.010799,82986.83,191526772.47448367,99811765.385707,0.31480561329922446,90000.0,8.450943360530827,0.13423521048708367,82000.0,-1.189140493738583,0.10866607941050917,39
2026-09-29 17:00:00.019905,83033.56,148024670.10355178,148851053.5138125,-0.0027836004917863944,90000.0,8.389908851312654,0.1327902249485074,82000.0,-1.244749713248472,0.11155308311072336,39
2026-09-29 17:10:00.010178,83137.93,156965797.28692147,145751698.37689853,0.03704476639327332,90000.0,8.25383792933021,0.13138468849447896,82000.0,-1.3687254421657968,0.10438840358908275,39
2026-09-29 17:20:00.011643,83118.21,156193570.42069662,147307267.20710504,0.029279336699852197,90000.0,8.279521418952584,0.13110671338303054,83000.0,-0.14221913585483748,0.10420454674959102,39
2026-09-29 17:30:00.010157,83156.55,164822556.4969058,146383124.31018916,0.05925159251236991,90000.0,8.229598269769479,0.12890511596840182,83000.0,-0.18825937343480703,0.10249137249223834,39
2026-09-29 17:40:00.016366,83111.77,159971292.09700257,152166156.61781916,0.025005443952078994,90000.0,8.287911567759899,0.12855939318428045,82000.0,-1.3376805715965445,0.10678052564475622,39
2026-09-29 17:50:00.009254,83039.97,151508376.37637848,153558311.23005888,-0.006719628648294097,90000.0,8.381542045354774,0.13042285671882548,82000.0,-1.2523728031211934,0.10958008205601164,39
2026-09-29 18:00:00.014970,83064.49,160970567.59621412,150879259.47432005,0.03235951168127988,90000.0,8.349548645877425,0.12854734139587912,82000.0,-1.2815223448672253,0.10664223300949742,39
2026-09-29 18:10:00.021737,83261.29,173212896.92704198,134760579.94897914,0.12485593684271173,90000.0,8.09344894848496,0.12957446661857083,83000.0,-0.31381930306387806,0.10037160361362188,39
2026-09-29 18:20:00.014941,83394.4,183787187.71246967,128471205.63550442,0.1771481031586629,84000.0,0.7261878495438578,0.13729366532849815,83000.0,-0.4729334343792746,0.09705429320944275,40
2026-09-29 18:30:00.013906,83395.72,183823954.9383165,130546356.27958041,0.16947401442691645,84000.0,0.7245935402919956,0.13675666014438434,83000.0,-0.4745087637590961,0.09669250384602487,40
2026-09-29 18:39:59.999148,83533.04,178591386.38277745,137895852.68587244,0.128585069706642,84000.0,0.5590123381119749,0.14592351193383457,83000.0,-0.638118761151274,0.0898626698400231,40
2026-09-29 18:50:00.006168,83607.74,185465983.3338995,136862396.45266855,0.15078903977804917,84000.0,0.46916708907571714,0.15123847593553577,82000.0,-1.9229559368546534,0.08685998772865083,40
2026-09-29 19:00:00.014043,83611.96,184500309.09356377,137298606.52509677,0.14668073842859725,84000.0,0.4640962847898722,0.1516821974402624,83000.0,-0.7319048614576218,0.08721292593347435,40
2026-09-29 19:10:00.009189,83637.65,187503233.54680225,134745778.52070227,0.16371642130914704,84000.0,0.4332379018300969,0.1536325352357109,83000.0,-0.7623958827154942,0.08636772416916072,40
2026-09-29 19:20:00.017910,83620.97,184437495.14776424,138840459.39034468,0.14104591766106478,84000.0,0.4532714700630658,0.15141161780482232,83000.0,-0.7426008093424419,0.0890238300416806,40
2026-09-29 19:30:00.016190,83519.5,178142587.35988855,141178748.6058246,0.115757497513517,84000.0,0.5753147468555264,0.1478065392407988,83000.0,-0.6220104287022798,0.09262355828704917,40
2026-09-29 19:40:00.004388,83514.59,173873779.231512,142730826.46846193,0.09836544447670567,84000.0,0.5812277830735901,0.14463564627577755,83000.0,-0.6161677857725145,0.09490500076731702,40
2026-09-29 19:50:00.009400,83536.08,178760210.4131715,141091752.12402293,0.11776841383228417,84000.0,0.5553528487331372,0.1484241839012157,83000.0,-0.6417346851803507,0.09301570121358108,40
2026-09-29 20:00:00.019938,83563.88,180937425.82265326,140056188.05252367,0.12735841463197103,84000.0,0.5219001319708871,0.15201826857351355,83000.0,-0.6747891553144814,0.09165038554165471,40
2026-09-29 20:10:00.000457,83502.32,175770707.21116462,142498466.67016554,0.10454119742493495,84000.0,0.5960073923694464,0.14812309348442565,83000.0,-0.6015641242063774,0.0946436549071967,40
2026-09-29 20:20:00.015339,83588.07,186576012.57801026,138348902.8026794,0.14842539766095458,84000.0,0.4928095600245319,0.15463600510116624,83000.0,-0.7035334109281477,0.08807262504451747,40
2026-09-29 20:30:00.008557,83598.28,185385438.24184513,140502506.68591374,0.13772504400517424,84000.0,0.48053620241947925,0.15626004287103587,83000.0,-0.7156606571331325,0.0905563538940911,40
2026-09-29 20:40:00.012367,83592.99,185517245.6917376,140795752.02743977,0.13705091117082874,84000.0,0.48689489393787255,0.15611429216807687,83000.0,-0.7093776643232963,0.09047188794876714,40
2026-09-29 20:50:00.005086,83622.99,189648493.1196849,137649020.18822885,0.15887524596783656,84000.0,0.45084491716931296,0.15982950440244129,83000.0,-0.7449984747017635,0.08881335125506806,40
2026-09-29 21:00:00.026519,83583.1,185016946.52094218,141542440.45426932,0.1331289431590369,84000.0,0.49878504147369274,0.1581144944480834,83000.0,-0.6976290661629081,0.09065862363437607,40
2026-09-29 21:10:00.004494,83515.79,177488768.32143986,142804049.35609698,0.10829065483529707,84000.0,0.5797825776419074,0.15135386691235592,83000.0,-0.6175957863776338,0.0949008464718339,40
2026-09-29 21:20:00.007366,83447.25,188854577.16453302,129675334.49643862,0.18578865124315866,84000.0,0.6623945067093295,0.14431988715275082,83000.0,-0.535967332656262,0.09969096371810672,40
2026-09-29 21:30:00.005272,83378.76,185813944.04536688,134272519.65919504,0.16102344282120065,84000.0,0.7450818409868498,0.1357770271980756,83000.0,-0.45426437140585474,0.1019091027228454,40
2026-09-29 21:40:00.013271,83444.19,192796229.762481,127068093.32917993,0.2054875510904225,84000.0,0.6660859192233692,0.14392908229750412,83000.0,-0.5323198655292849,0.09854353862873359,40
2026-09-29 21:50:00.008954,83400.76,187489632.6077293,130822695.85714287,0.17802306628799014,84000.0,0.7185066419059138,0.1382274507544807,83000.0,-0.4805231990691605,0.1005492330941637,40
2026-09-29 22:00:00.003389,83472.46,194235341.78656912,125644943.53010213,0.21442521282161758,84000.0,0.6319928752549053,0.1462627016557354,83000.0,-0.5660070399267081,0.0969323354321953,40
2026-09-29 22:10:00.007194,83562.79,182079830.09554118,143736139.07980865,0.11768511872754911,84000.0,0.5232113480174716,0.1543003386811463,83000.0,-0.6734935489827398,0.0916155157810645,40
2026-09-29 22:20:00.014664,83626.07,189988352.32723108,138751027.1325025,0.15586001676749076,84000.0,0.44714525027900187,0.1603577000835437,83000.0,-0.7486540979386058,0.08667975513331712,40
2026-09-29 22:30:00.019756,83560.27,180553266.20968664,144351759.0365325,0.11142181363837005,84000.0,0.5262429142462111,0.15257806510926522,83000.0,-0.6704980728281518,0.09092144928308053,40
2026-09-29 22:40:00.008255,83532.56,178943102.74558228,144770849.80068123,0.10556311421274722,84000.0,0.5595901765730771,0.1509487790180815,83000.0,-0.6375478017194736,0.09196086051384403,40
2026-09-29 22:50:00.013736,83553.19,180267580.52260122,144202824.78983068,0.11114959990894654,84000.0,0.5347611503522476,0.15248136563411466,83000.0,-0.6620812442948099,0.09091380168513881,40
2026-09-29 23:00:00.013169,83576.8,182444391.4147553,142770036.5653469,0.12199444869597188,84000.0,0.5063606168218993,0.15610485246204356,83000.0,-0.6901436762355107,0.08892930236852523,40
2026-09-29 23:10:00.006454,83751.43,200852364.1108023,133161894.54410957,0.20265742498324718,84000.0,0.2967949323372743,0.1665551546252213,83000.0,-0.8972145311429203,0.07898529126629171,39
2026-09-29 23:20:00.004278,83769.12,201353906.47777438,132864483.28925774,0.20492416122361606,84000.0,0.27561468951804446,0.16854519417298303,83000.0,-0.9181426282143024,0.07865618274819772,39
2026-09-29 23:30:00.016095,83723.76,197381525.76519632,134926084.9541252,0.18794465969611257,84000.0,0.32994218128761243,0.1669820977963731,83000.0,-0.8644618922991398,0.0805982916700139,40
2026-09-29 23:40:00.009457,83683.96,194798322.7382219,136738087.66727486,0.17512476231474705,84000.0,0.3776589922369844,0.16357352843409517,83000.0,-0.8173131386229882,0.0833955620682321,40
2026-09-29 23:50:00.010462,83678.82,195350390.27729058,136986322.03285712,0.17561727634221214,84000.0,0.3838247241058079,0.16516971131966482,83000.0,-0.8112208083240313,0.08325717397725341,40
2026-09-30 00:00:00.012155,83632.26,191328410.38709342,138927123.04238287,0.15866891555323626,84000.0,0.43971070493611375,0.16375619973963929,83000.0,-0.7560001367893143,0.08616411351152756,40
2026-09-30 00:10:00.001671,83553.59,177753141.57210618,146336823.2072975,0.09693702915544648,84000.0,0.5342798555992623,0.15365874257448447,83000.0,-0.6625568093483469,0.09343690975506214,40
2026-09-30 00:20:00.009323,83404.5,188671421.7880314,131780139.70069739,0.17753473199828687,84000.0,0.7139902523245256,0.13773880718860115,83000.0,-0.4849858221079195,0.10192521105296183,40
2026-09-30 00:30:00.010703,83539.55,180067545.94791907,145056856.55191767,0.10768397919937424,84000.0,0.5511760597226134,0.1518175036428158,83000.0,-0.6458617505121889,0.09140950827215495,40
2026-09-30 00:40:00.020239,83468.17,195865983.49673706,129800555.47994298,0.20286219218095605,84000.0,0.6371650414762842,0.14399606367712128,83000.0,-0.5608964471127131,0.09735745792602551,40
2026-09-30 00:50:00.009372,83386.21,187525667.929476,136598600.9044385,0.15712204213604625,84000.0,0.7360809419207248,0.13480767833274124,83000.0,-0.4631581169116661,0.10204994238725833,40
2026-09-30 01:00:00.015714,83418.8,191549316.22530746,134914784.27664313,0.1734785903307183,84000.0,0.6967254383903887,0.13806448422674988,83000.0,-0.5020451025428363,0.09975603536070485,40
2026-09-30 01:10:00.007063,83430.65,193593170.95506948,134069738.39603752,0.18166057512249476,84000.0,0.6824230663431408,0.14226915305686688,83000.0,-0.5161772082561966,0.09909686198374117,40
2026-09-30 01:20:00.010379,83362.38,187616834.20734033,137212061.61760375,0.15517330273751442,84000.0,0.764877394335417,0.1350557593328692,83000.0,-0.4347044794066668,0.10382090601765492,40
2026-09-30 01:30:00.010179,83390.92,186000064.63819203,136868063.93813896,0.15217358528603575,84000.0,0.7303912704164972,0.13759303755228794,83000.0,-0.4687800542313214,0.10343710999993971,40
2026-09-30 01:39:59.999239,83324.05,179910950.80776858,139005343.8779074,0.12826439919031973,84000.0,0.8112303710633428,0.13076871302826118,83000.0,-0.3889033238302808,0.1076445452738048,39
2026-09-30 01:50:00.009992,83416.31,191051775.64196655,135266473.26579434,0.17095367042111345,84000.0,0.699731263586223,0.14029039156428982,83000.0,-0.49907506098028076,0.10166038864108998,40
2026-09-30 02:00:00.016765,83408.52,190123165.2608419,136108745.7384735,0.1655706192472439,84000.0,0.7091361889648651,0.1384138405642956,83000.0,-0.48978209899900316,0.102533325015308,40
2026-09-30 02:10:00.013660,83486.51,197250855.3610633,128885148.43435185,0.20962330479034508,84000.0,0.6150574505989104,0.14787493495634849,83000.0,-0.5827408523844113,0.09876280859599108,40
2026-09-30 02:20:00.019423,83346.47,180195062.35723028,139721818.85859996,0.126511746878794,84000.0,0.7841123925224514,0.13079461545559498,83000.0,-0.4156984692933019,0.10849613261458639,40
2026-09-30 02:29:59.950497,83382.42,185997329.05770567,136662106.7541823,0.15290184271036175,84000.0,0.7406597217974653,0.13557446878750198,83000.0,-0.4586338463191675,0.1051116783868368,40
2026-09-30 02:40:00.025489,83296.04,176897119.21076205,140273462.53255433,0.1154699041661025,84000.0,0.8451302126727844,0.12886105379760318,83000.0,-0.35540705176380083,0.11187860963634101,39
2026-09-30 02:50:00.007735,83388.27,187322778.9888405,136906997.46318412,0.1554939897172469,84000.0,0.733592386555082,0.13705190872716982,83000.0,-0.46561704661819414,0.10566524621443227,40
2026-09-30 03:00:00.010951,83344.22,180433940.0987384,138695050.58725256,0.1307900276366778,84000.0,0.7868332081096829,0.13074144745808913,83000.0,-0.41301004436780087,0.11020166100270677,40
2026-09-30 03:10:00.016855,83341.48,179665817.55455595,141796678.3549551,0.11780266650533529,84000.0,0.7901467552532182,0.12848718224524924,83000.0,-0.40973594421408466,0.11310893778574511,40
2026-09-30 03:20:00.015799,83134.19,152199884.47464803,166841252.5150681,-0.04589178743082284,90000.0,8.258707999681004,0.12680320501043144,83000.0,-0.16141373362752454,0.13099083212817747,39
2026-09-30 03:30:00.016972,83278.28,166959389.43266773,150235119.90360874,0.05272559592552283,90000.0,8.071396287243203,0.12519188980174095,83000.0,-0.3341567573201587,0.12124325080905461,39
2026-09-30 03:40:00.005699,83336.57,176593091.9522281,143999032.4154067,0.101668310165488,90000.0,7.9958054429165815,0.12645628495648883,83000.0,-0.4038683137547072,0.1159928327134833,40
2026-09-30 03:50:00.012639,83274.13,165382677.07273528,149183635.18547773,0.05149642938866415,90000.0,8.076782069053134,0.12601797371854573,83000.0,-0.32918986965100316,0.12470953664762315,39
2026-09-30 04:00:00.015700,83269.55,167361078.66573974,149000120.7005288,0.058037957884820975,90000.0,8.082726518877536,0.12729544082637564,83000.0,-0.3237077659240417,0.12378862331766582,39
2026-09-30 04:10:00.006030,83285.41,168787158.50425872,148067607.09842372,0.06539132010978216,90000.0,8.06214437798889,0.12719878008316332,83000.0,-0.3426890736324739,0.12281413917500299,39
2026-09-30 04:20:00.011691,83344.6,175949581.00876442,143390570.5041112,0.10195714616657109,90000.0,7.985400373869456,0.1270579165739344,83000.0,-0.41346409965373754,0.11739344812110968,40
2026-09-30 04:30:00.008257,83328.54,173159383.58121687,144760636.96603626,0.08932670099321299,90000.0,8.006212517344014,0.12742732522777436,83000.0,-0.39427067844941543,0.12038531675105478,39
2026-09-30 04:40:00.011087,83317.7,174231484.9466624,146502655.62069213,0.08645424923246416,90000.0,8.020264601639271,0.12667682002969516,83000.0,-0.38131153404378226,0.1214325719342241,39
2026-09-30 04:50:00.011971,83221.61,158161654.51106995,158371161.06129247,-0.0006618794005407659,90000.0,8.144987822273574,0.12550736975070656,83000.0,-0.26628900834770874,0.13673530624460423,39
2026-09-30 05:00:00.010753,83170.08,150432122.2618901,162997121.54341435,-0.04008879046822239,90000.0,8.211991620063364,0.12620858430515133,83000.0,-0.20449661705267408,0.14564157091016897,39
2026-09-30 05:10:00.014363,83269.08,164839815.0778518,151745100.997546,0.04136240678373691,90000.0,8.083336575833421,0.12700046437022858,83000.0,-0.3231451578425082,0.1306091313739184,39
2026-09-30 05:20:00.011423,83241.25,156623080.09112322,154348393.27141428,0.007314776481304646,90000.0,8.119472016578321,0.12660499747501178,83000.0,-0.28982025137777034,0.13837793383329813,39
2026-09-30 05:30:00.013105,83343.46,175448952.78656673,142674808.25462717,0.10302325241180471,90000.0,7.986877434654138,0.12687683352604576,83000.0,-0.4121019213745192,0.11905923477442788,40
2026-09-30 05:40:00.007561,83429.48,190770139.68950295,133493896.4376559,0.17663458438353122,90000.0,7.875537519831122,0.12571383198924602,83000.0,-0.5147820650446278,0.10555454539492108,40
2026-09-30 05:50:00.011583,83395.65,183100760.8536453,137721648.4615306,0.1414462053600946,90000.0,7.919297948993753,0.12629632921567932,83000.0,-0.47442522481687677,0.11062387828111099,40
2026-09-30 06:00:00.013298,83351.48,169549234.6365589,142607365.8565696,0.08630882299918682,90000.0,7.976487040182145,0.12876644072477125,83000.0,-0.42168417405424874,0.12082112074079136,40
2026-09-30 06:10:00.015108,83230.39,149942261.85292175,156838802.47015506,-0.022480333434042824,90000.0,8.133579573518768,0.12798174379745547,83000.0,-0.2768099488660303,0.1486883521461791,39
2026-09-30 06:20:00.012542,83117.01,130921519.90775219,182221986.73821297,-0.1638241436967117,90000.0,8.28108470215665,0.1281826273872465,83000.0,-0.1407774413444307,0.17410337070974552,39
2026-09-30 06:30:00.010270,83129.61,131251458.97059628,182843625.47758362,-0.1642565231405241,90000.0,8.264672479517232,0.1279493258322572,83000.0,-0.1559131577785533,0.1765200653642087,39
2026-09-30 06:40:00.010561,83020.26,119623931.05267137,193856065.1793215,-0.23680022655006722,90000.0,8.40727311622489,0.12790336228281748,83000.0,-0.024403681703710767,0.19540280689529854,39
2026-09-30 06:50:00.011774,82960.1,209240264.15450948,101760366.29091077,0.34559382632010816,83000.0,0.048095409721060634,0.20490642759444966,82000.0,-1.1573033301551017,0.0991826095113898,39
2026-09-30 07:00:00.015771,83004.11,113048318.1880425,204453801.8523928,-0.28788936481025507,90000.0,8.428365776104329,0.12401458747912808,83000.0,-0.004951562037114332,0.21655430133351633,39
2026-09-30 07:10:00.000917,83007.98,112315738.48436235,210495080.0148477,-0.30413894424893817,90000.0,8.423310626279545,0.12275976000708692,83000.0,-0.009613533542196517,0.2285120501654133,39
2026-09-30 07:20:00.012342,83211.22,138381258.43682724,162577135.36977223,-0.08039608607325845,90000.0,8.158491126557221,0.12708992812975176,83000.0,-0.2538359610639085,0.16659036273254327,39
2026-09-30 07:30:00.011361,83265.63,145909500.33127418,144293379.53730407,0.005568934376881398,90000.0,8.087814864308363,0.13015963136439496,83000.0,-0.31901518069340495,0.13122823169451775,39
2026-09-30 07:39:59.995507,83349.84,169552219.2994186,117054344.58577754,0.18317052478487458,90000.0,7.9786115966149485,0.13372410129754977,82000.0,-1.6194872119730475,0.09637753280604548,40
2026-09-30 07:50:00.013906,83390.99,180405072.92834774,113240771.68686247,0.2287255293174556,83500.0,0.13072155636957294,0.1345438567838785,82000.0,-1.668033920690959,0.09456820290576795,40
2026-09-30 08:00:00.011597,83259.1,115309151.49844417,120302396.41016454,-0.021192700256174174,90000.0,8.09629217707133,0.1471865151717213,82000.0,-1.512267127557232,0.11353959775316205,39
2026-09-30 08:10:00.007397,83177.44,114827227.8124989,120559055.52869245,-0.024350729510798634,90000.0,8.20241642445354,0.14715406195451447,82000.0,-1.4155761466089878,0.1136742844663708,39
2026-09-30 08:20:00.003058,83150.44,118072170.87288162,129126336.29354148,-0.04471776770568354,90000.0,8.237551118190112,0.14619631356805812,82000.0,-1.383564536760118,0.11324705169565118,39
2026-09-30 08:30:00.015381,83075.13,112559849.83757514,132652603.58471692,-0.08194018479371065,90000.0,8.335671578244884,0.14600701511951195,82000.0,-1.2941658953768753,0.11880364500680334,39
2026-09-30 08:40:00.012824,83104.36,115060156.85593852,133820869.61867356,-0.07538024504511108,90000.0,8.29756705905682,0.14538334059188915,82000.0,-1.3288833461926663,0.1183484891307737,39
2026-09-30 08:50:00.013475,83108.75,113913169.78103693,136114546.64590678,-0.0887956630654463,90000.0,8.291846526388614,0.1448819518505748,82000.0,-1.334095387068146,0.11825011961178958,39
2026-09-30 09:20:00.007905,83256.11,124856052.5113113,121396847.58600496,0.01404736725512389,90000.0,8.100174269492054,0.14441447383429193,82000.0,-1.5087301100183526,0.11235210047834382,39
2026-09-30 09:30:00.008757,83389.62,130186521.6813042,114861604.40162906,0.06253839816954417,90000.0,7.92710171841533,0.14738582651141463,82000.0,-1.666418434332706,0.10570300329117967,40
2026-09-30 09:40:00.008454,83532.87,123024052.02934705,122818697.13024509,0.0008353099686850995,90000.0,7.742018201936562,0.14827939868881881,82000.0,-1.8350500826800231,0.10675626388111037,40
2026-09-30 09:49:59.992521,83576.86,123444309.42269088,119619063.7495082,0.015737647442556773,90000.0,7.685309067605561,0.14935926752254883,82000.0,-1.8867184050704977,0.10195289700357023,40
2026-09-30 10:00:00.008821,83592.07,127416853.73216277,115266196.43204994,0.050068009660711885,90000.0,7.665715180877797,0.14953263622704824,82000.0,-1.9045706129780071,0.09543361890144392,40
2026-09-30 10:10:00.010054,83694.99,127625729.77353042,119994784.80866897,0.030817095173785797,90000.0,7.533318302565051,0.14801531880608904,82000.0,-2.0251988798851706,0.09986377683765679,40
2026-09-30 10:20:00.013800,83703.2,131449054.84386033,116460986.53601441,0.060457689508750356,90000.0,7.522770933488809,0.14793329696287796,82000.0,-2.0348087050435337,0.09428509622464998,40
2026-09-30 10:39:59.971827,83821.25,151344508.41788575,114646224.76446497,0.13796827887331758,90000.0,7.371340799618231,0.1489980785712822,82000.0,-2.172778382570051,0.09502924811628422,39
2026-09-30 10:50:00.000642,83872.12,153410421.6111018,114047006.64515978,0.14717637577905063,90000.0,7.306218085342309,0.14864783786791375,82000.0,-2.2321124111325585,0.09467766111916295,39
2026-09-30 11:00:00.004887,83876.75,150331190.3148586,114701992.56872526,0.13443296933042342,90000.0,7.300294777754268,0.14909029479693,82000.0,-2.237509202490562,0.09495947340641901,39
2026-09-30 11:20:00.008863,83703.31,125867035.22065423,120528137.08779559,0.021668030598323368,90000.0,7.522629630775657,0.14895021222464327,82000.0,-2.034937447515517,0.10055980284729482,40
2026-09-30 11:30:00.015713,83809.57,149216613.78339034,115865399.15280569,0.12581470263171773,90000.0,7.386304451866277,0.14884353074814197,82000.0,-2.159144832744053,0.09492967243230163,39
2026-09-30 11:39:59.998989,83858.97,152500719.38954878,114217364.93050006,0.14353490336677185,90000.0,7.323044869260853,0.1486915761181417,82000.0,-2.2167813413401127,0.09464492530364477,39
2026-09-30 11:50:00.010403,83863.56,149927405.83558285,114313703.10378683,0.1347772981832574,90000.0,7.317170890432023,0.14929971051101223,82000.0,-2.222133188717479,0.09522873902809148,39
2026-09-30 12:00:00.014098,83877.16,151852583.05017808,113167642.68483573,0.1459697661114451,90000.0,7.299770283114015,0.14930895344993353,82000.0,-2.237987075385006,0.09249383226969951,39
2026-09-30 12:10:00.013863,83763.26,127154636.54359117,115977626.40551054,0.04597090489969431,90000.0,7.445674869865382,0.14968514021708443,82000.0,-2.105051785233758,0.09561557457145911,39
2026-09-30 12:20:00.013692,83757.35,126849558.1629698,115979711.37200838,0.04476333026812353,90000.0,7.45325634108529,0.15027113953781324,82000.0,-2.0981442225667446,0.0959898980458448,39
2026-09-30 12:30:00.010898,83901.07,153061318.58782253,111953677.02494232,0.1551143982167181,90000.0,7.269192156905735,0.14464957483378474,82000.0,-2.265847145930333,0.08682977281550423,39
2026-09-30 12:40:00.008248,84798.56,149918743.93832308,104162847.50694738,0.18008347700872923,90000.0,6.1338777450937965,0.15011322135578392,84000.0,-0.9417141045791277,0.07771237775339714,39
2026-09-30 12:49:59.999623,85103.08,117652650.88207443,141646152.81631932,-0.09253225079338658,90000.0,5.754104316788533,0.15187028760931479,85000.0,-0.12112370081083235,0.1025423440657695,39
2026-09-30 13:00:00.011339,85260.58,123872549.47127195,136062404.77103907,-0.04689579104626212,90000.0,5.558747078661663,0.15387333469611073,85000.0,-0.3056277590417489,0.10257474913139308,39
2026-09-30 13:10:00.008921,85560.27,122564692.10969663,132079662.91855879,-0.03736572447406651,90000.0,5.189008870589107,0.15502300709971423,85000.0,-0.6548249555547225,0.1038086325012757,39
2026-09-30 13:20:00.027351,85282.5,127034085.01530828,131787495.392481,-0.0183655874818608,90000.0,5.53161551314747,0.15187124190704213,85000.0,-0.3312520153607168,0.10538745363640617,39
2026-09-30 13:30:00.010279,85158.13,244329151.1318643,291973528.1407115,-0.08883859590906859,90000.0,5.685740163622666,0.14847447114908968,85000.0,-0.185689845467496,0.10535376212239794,39
2026-09-30 13:40:00.014533,84219.55,139279945.46719328,124295345.12245426,0.05685130920738733,90000.0,6.863548902837868,0.1422082697871755,84000.0,-0.2606876906846467,0.09202730388350763,39
2026-09-30 13:50:00.012025,84576.64,148596165.63872617,118649331.73776501,0.1120573936509491,90000.0,6.41236161663552,0.14281180963034334,84000.0,-0.6817958244735189,0.08928754941388452,39
2026-09-30 14:00:00.013916,84600.18,149741521.99873233,118323531.48198234,0.11720285844350199,90000.0,6.3827523771226025,0.14264744581537755,84000.0,-0.7094311146855659,0.09366338998930586,39
2026-09-30 14:10:00.005066,84348.04,146081993.55406356,123933415.36825843,0.08202708976574306,90000.0,6.700760325906807,0.13796569723809682,84000.0,-0.41262369582031333,0.09769812530122568,39
2026-09-30 14:20:00.012324,84081.67,135836395.74883303,153734965.57154053,-0.06181056628353877,90000.0,7.038787407528901,0.13719184050220842,84000.0,-0.09713175297303422,0.09961681447414829,39
2026-09-30 14:30:00.004751,83718.14,145578758.4021405,122290791.22806732,0.08693771728149788,90000.0,7.50358285551973,0.1416150871438607,82000.0,-2.052291176082033,0.09644737422825896,40
2026-09-30 14:40:00.015175,83565.36,134192284.11509693,131618567.20400734,0.00968251257733588,90000.0,7.700128378553028,0.14118283006447907,82000.0,-1.873216366207242,0.10276161423876826,40
2026-09-30 14:50:00.013775,83684.93,144948129.55137372,124639293.93334498,0.07533302316374538,90000.0,7.546245184168776,0.14093120621265032,82000.0,-2.0134210544240028,0.09603406961831827,40
2026-09-30 15:00:00.013305,83756.16,146655036.7951291,124737988.00791577,0.08075759796376104,90000.0,7.454783027302114,0.12949228969164528,82000.0,-2.096753241791416,0.09683178982004903,39
2026-09-30 15:10:00.011675,83877.4,177079577.30530688,118203398.42446262,0.19938900553049582,90000.0,7.2994632642404245,0.12839257315988672,82000.0,-2.238266803692046,0.08545260184188327,39
2026-09-30 15:20:00.013067,83758.52,157546290.33818883,123577359.49840283,0.12083270425498198,90000.0,7.451755355753664,0.1266441208118763,82000.0,-2.0995117869800017,0.09019740723713797,39
2026-09-30 15:30:00.011487,83849.95,191345645.07588637,117384152.29542379,0.23956706936036007,90000.0,7.334589943106717,0.12060802745237745,82000.0,-2.2062624962805533,0.08016566624609883,39
2026-09-30 15:40:00.018059,84177.02,146575685.75746349,164929603.30298576,-0.05892008318985749,90000.0,6.917541153155571,0.12099424254910449,84000.0,-0.21029492372146574,0.1217277270400503,39
2026-09-30 15:50:00.013366,84222.62,142190540.46908036,143879419.91283527,-0.005903728729504437,90000.0,6.859653617994788,0.12295369326091797,84000.0,-0.2643232898715264,0.12440935668437342,39
2026-09-30 16:20:00.011712,84337.91,154935023.87567714,138216547.8798537,0.057030142788269116,90000.0,6.713576373898755,0.12184249959862285,84000.0,-0.4006620510278225,0.1226607143918987,39
2026-09-30 16:30:00.017401,84241.93,150437750.46382785,146119477.79523456,0.014561346873733895,90000.0,6.835159165987781,0.11940287520561739,84000.0,-0.287184778411409,0.12784767096037028,39
2026-09-30 16:40:00.013130,84240.85,150208791.55865717,144950411.56980997,0.017815402444214156,90000.0,6.836528833695277,0.1199555572252492,84000.0,-0.2859064218843965,0.1271773602163213,39
2026-09-30 16:50:00.009297,84325.28,154102671.33625674,141743471.81274977,0.04177576693059037,90000.0,6.729559629093429,0.1199239373370231,84000.0,-0.38574434617946185,0.12627318828096756,39
2026-09-30 17:20:00.017005,84100.25,141814007.84421667,176688968.18970585,-0.10949649758303914,90000.0,7.015139669620485,0.12337952567505567,84000.0,-0.11920297502088228,0.13866754171063184,39
2026-09-30 17:30:00.001606,84170.83,144483971.81118184,174932647.63934755,-0.09532589719515687,90000.0,6.925403967146337,0.12285835168702382,84000.0,-0.20295629733008136,0.1386244784748547,39
2026-09-30 17:40:00.013848,83958.23,200862713.2687479,118917987.83685252,0.2562528793907265,84000.0,0.049750929718261894,0.1390807493441448,82000.0,-2.3323859971797867,0.08139994767968786,39
2026-09-30 17:50:00.012218,84059.49,141299677.7673465,178381115.95197225,-0.11599520181742111,90000.0,7.067030742156533,0.12250174451711814,84000.0,-0.0707713073205718,0.14104377277564015,39
2026-09-30 18:00:00.013652,83995.58,205005321.52749515,118606215.3625648,0.26698401112406134,84000.0,0.005262181652887499,0.14325680973557253,82000.0,-2.3758154893388506,0.08076523497572101,39
2026-09-30 18:10:00.014344,84023.97,140154678.21224815,183411537.5167781,-0.13368781164951984,90000.0,7.112291885279887,0.1213682144095723,84000.0,-0.02852757373877912,0.1433746083816143,39
2026-09-30 18:20:00.010562,83952.59,205228487.53272933,120029697.4206635,0.26194203267866784,84000.0,0.05647234945342916,0.1438347121459773,82000.0,-2.32582461124784,0.08031897289211327,39
2026-09-30 18:30:00.010009,83886.84,200551106.73684624,120999137.00298882,0.2474013666064038,84000.0,0.1348960099105012,0.1427364730806286,82000.0,-2.2492681808016557,0.0815530886906386,39
2026-09-30 18:40:00.001114,83780.83,172142623.068979,125725103.50404371,0.15583265800216176,84000.0,0.26159922263839785,0.14186145414016046,82000.0,-2.125581711233948,0.08676873793575084,39
2026-09-30 18:50:00.010912,83841.55,199401037.17846778,125148512.99162236,0.22878640302515013,84000.0,0.1889874411911574,0.1443116064647431,82000.0,-2.1964646407419797,0.08574260884117593,39
2026-09-30 19:00:00.013970,83916.1,203577868.63916796,121139333.44343075,0.2538779426128685,84000.0,0.09998081417033067,0.14713423092724698,82000.0,-2.2833520623575243,0.08087524720192972,39
2026-09-30 19:10:00.015686,83779.74,175546662.26227644,126172524.99273264,0.16364268284937886,84000.0,0.2629036566597076,0.14575331647003165,82000.0,-2.1243083351655256,0.08593757101399603,39
2026-09-30 19:20:00.015485,83704.37,169088844.07025787,130953241.85605732,0.12710084352488457,84000.0,0.353183471782903,0.14203826193126148,82000.0,-2.0361780394500206,0.0911718364182897,40
2026-09-30 19:30:00.001508,83702.96,169932507.38524806,130536656.18513444,0.1311144569112679,84000.0,0.35487394949951234,0.14205461678847364,82000.0,-2.0345278112028575,0.09106368934866395,40
2026-09-30 19:39:59.986690,83869.09,199897051.4219036,125469759.39308661,0.22874887528444865,84000.0,0.1560884945812635,0.14604551779692285,82000.0,-2.228580279099246,0.08527704864107316,39
2026-09-30 19:49:59.999252,83652.63,168303885.80605796,132391928.4466929,0.1194295219858935,84000.0,0.41525293347022263,0.1427032118430682,82000.0,-1.9755864220885933,0.09151762836553647,40
2026-09-30 20:00:00.011024,83554.91,162164004.39848202,138120262.89468914,0.0800699341345069,84000.0,0.5326916156094263,0.13642622368634716,82000.0,-1.860943899047951,0.09590833703325372,40
2026-09-30 20:10:00.011993,83543.66,160897034.6435243,138090749.31979877,0.0762783182022018,84000.0,0.5462293607917168,0.13688062168201845,82000.0,-1.847728481131905,0.09617432763657119,40
2026-09-30 20:20:00.009282,83593.12,164887572.34111372,135533460.81812862,0.09770990803904714,84000.0,0.48673862155164116,0.13934334338328336,82000.0,-1.9058027741995942,0.09101291496241579,40
2026-09-30 20:30:00.015044,83678.49,170258191.4907508,134111934.07894951,0.11875757301786781,84000.0,0.3842206043631835,0.144042524571214,82000.0,-2.005879886216877,0.09023921549497932,40
2026-09-30 20:40:00.017463,83674.59,170087029.554375,133969276.55724372,0.11878639670072322,84000.0,0.38889942573965275,0.14324944314783425,82000.0,-2.001312465349392,0.09029006599400699,40
2026-09-30 20:50:00.008523,83620.62,166740054.2816396,135817947.53332478,0.10220224407492577,84000.0,0.4536919243124604,0.14224264072543572,82000.0,-1.9380626453140315,0.09062816794750951,40
2026-09-30 21:00:00.018950,83621.18,168245465.67635858,135187994.12869334,0.10894471416864772,84000.0,0.45301919920288647,0.14338996540724727,82000.0,-1.9387193531590796,0.09048123395721488,40
2026-09-30 21:10:00.013348,83696.77,170315284.466519,132550944.85371576,0.12468983318993025,84000.0,0.36229594045265046,0.14641572071997208,82000.0,-2.0272825343200296,0.09055401690001734,40
2026-09-30 21:20:00.008265,83736.91,173094534.36754248,129805912.90332592,0.1429136927800762,84000.0,0.31418642030138777,0.14784483577778096,82000.0,-2.074246589705786,0.0856811254911463,40
2026-09-30 21:29:59.964069,83680.16,168918641.83770478,133833131.02582818,0.115888704730035,84000.0,0.382217242414451,0.14427530316549908,82000.0,-2.0078355490716127,0.09057295122240407,40
2026-09-30 21:39:59.998277,83705.29,170845325.9685315,133288189.11657172,0.12348897766643856,84000.0,0.35208049574884104,0.1473924560564221,82000.0,-2.037254754149942,0.09034336618937774,40
2026-09-30 21:50:00.006821,83677.92,168909598.53058404,134548291.80448958,0.1132325367719166,84000.0,0.38490440488960775,0.14405638006641527,82000.0,-2.0052123666553845,0.09043551598061475,40
2026-09-30 22:00:00.068992,83708.65,172037152.11713654,132517313.74702276,0.12976279385028242,84000.0,0.3480524414143593,0.1486124421727659,82000.0,-2.0411869024288376,0.09013136099575245,40
2026-09-30 22:10:00.007445,83560.54,162413274.2187531,139066763.17175108,0.07743965819123708,84000.0,0.5259180948328002,0.14245102467785647,82000.0,-1.8675561455203549,0.09561822428795587,40
2026-09-30 22:19:59.992089,83683.25,171149351.4282713,135306618.38027987,0.11695883447916859,84000.0,0.3785106338484612,0.14784170145972558,82000.0,-2.0114539050526847,0.08974937954116598,40
2026-09-30 22:30:00.001479,83775.12,179983552.8968643,129678202.49922119,0.1624525777595557,84000.0,0.26843291898597244,0.15241329498822836,82000.0,-2.1189107219422576,0.08437222099321245,39
2026-09-30 22:40:00.002196,83763.27,176994429.27361178,130083545.08190462,0.15276538244125762,84000.0,0.28261790639261264,0.15455042029244406,82000.0,-2.1050634723310147,0.08481428916255641,39
2026-09-30 22:50:00.004428,83711.8,174890937.55614406,134196092.77790007,0.13166144413844624,84000.0,0.3442764341466731,0.15241185565696336,82000.0,-2.0448730047615826,0.08917438945101205,40
2026-09-30 23:00:00.044177,83633.48,169543493.19138333,136815951.7384196,0.10682726449143001,84000.0,0.438245544726823,0.14781342897635555,82000.0,-1.9531412539571469,0.08973187478018871,40
2026-09-30 23:10:00.005599,83617.46,166698366.179887,139834725.6663891,0.08763699981524276,84000.0,0.45748818488386966,0.1467389425300073,82000.0,-1.9343567718990817,0.09455619684265858,40
2026-09-30 23:20:00.008135,83673.64,172680011.4423367,136203282.88882998,0.11809226728331415,84000.0,0.3900392047005541,0.14997280378088923,82000.0,-2.0001998239827956,0.08924912088002164,40
2026-09-30 23:30:00.007908,83612.21,168221676.57000226,140052693.7569629,0.09137633719975645,84000.0,0.4637958977522505,0.14748644903391098,82000.0,-1.9281992426704253,0.09416374350720255,40
2026-09-30 23:40:00.004412,83589.43,165311112.58881265,141393113.1448334,0.07798392534946874,84000.0,0.4911745420443703,0.14533360402106427,82000.0,-1.9014724708614428,0.09480793706569014,40
2026-09-30 23:50:00.004279,83524.69,161942496.1748059,135504341.52610373,0.08888362993889487,84000.0,0.5690652668091323,0.1426510477559188,82000.0,-1.8254362871625185,0.09638000229382804,40
2026-10-01 00:00:00.006902,83563.44,163865947.23035634,142319460.39900374,0.07037071752757985,84000.0,0.5224294260743667,0.14422401707357457,82000.0,-1.8709617507369325,0.09504608761245928,40
2026-10-01 00:10:00.006600,83430.13,166920017.30584723,131274087.7046278,0.11953935038376179,84000.0,0.683050595750001,0.13557784232049494,82000.0,-1.7141648946250032,0.10233266346752751,40
2026-10-01 00:20:00.011596,83397.64,163664940.72984046,131581940.70065266,0.10866499206949545,84000.0,0.7222746351095877,0.1336728857967143,82000.0,-1.6758747609644575,0.10293245455571008,40
2026-10-01 00:30:00.012156,83431.03,167193904.02318907,131210444.91426933,0.12058624224830382,84000.0,0.6819644921080226,0.1351915370880154,82000.0,-1.7152251386564399,0.10185536712261532,40
2026-10-01 00:40:00.012053,83463.98,169701478.67774388,130392193.43002045,0.13099005044534018,84000.0,0.6422171576289548,0.13945246556373353,82000.0,-1.7540261080288722,0.10127210680691032,40
2026-10-01 00:50:00.002791,83483.2,170319916.39460254,129969480.07341218,0.13437183195873612,84000.0,0.6190467064032035,0.13980773480531347,82000.0,-1.7766448818444913,0.10109796899859247,40
2026-10-01 01:00:00.007548,83453.78,168136233.05584738,131481475.91917774,0.12233842005555494,84000.0,0.6545179858839179,0.13744051066777335,82000.0,-1.7420181566371262,0.1014717825004329,40
2026-10-01 01:09:59.989659,83541.32,161719378.1447457,142944132.82948667,0.06162616998412718,84000.0,0.5490456698553414,0.14376310257083127,82000.0,-1.844979227045973,0.09513387841993683,40
2026-10-01 01:20:00.009919,83589.0,166230733.57392943,141623002.01588714,0.07993319136081414,84000.0,0.4916914905071179,0.14744464629714532,82000.0,-1.9009678306954214,0.09491465043176717,40
2026-10-01 01:30:00.006444,83576.45,162852667.8588097,142977134.17881805,0.0649888714166132,84000.0,0.5067815156063693,0.14672252545616674,82000.0,-1.8862370919080607,0.09543605054350948,40
2026-10-01 01:40:00.006969,83511.54,160478679.38877693,144777016.58590236,0.05143773895107597,84000.0,0.584901200480803,0.14170327496687543,82000.0,-1.809977399530649,0.0948276355225852,40
2026-10-01 01:50:00.006982,83454.89,170440943.40366217,131580529.49373195,0.1286677186795003,84000.0,0.6531792205345832,0.1378757043820126,82000.0,-1.7433250466209915,0.10065148062362927,40
2026-10-01 02:00:00.010151,83457.71,171494106.30786732,131440297.33887942,0.13221941280626162,84000.0,0.649778193051298,0.1389603976731863,82000.0,-1.7466450972594472,0.10033884731539082,40
2026-10-01 02:10:00.013421,83564.98,163806276.0674662,143957007.0899195,0.06449524704152594,84000.0,0.5205769210978151,0.1474808515419807,82000.0,-1.8727701484521297,0.09466481704872395,40
2026-10-01 02:20:00.012673,83466.99,172933815.1087704,131367815.33863133,0.1365947323680992,84000.0,0.6385877818284813,0.14002358857483255,82000.0,-1.7575690701198243,0.10018141307175811,40
2026-10-01 02:30:00.011142,83496.98,170482955.26272547,127746572.61575758,0.1433003061466848,84000.0,0.6024409505589245,0.14636494160082855,82000.0,-1.7928552625496086,0.09629748894326559,40
2026-10-01 02:40:00.011924,83379.18,165716913.49116957,135189323.29493624,0.10145216836410527,84000.0,0.7445743649673764,0.13074691165637004,82000.0,-1.6541059770556532,0.10622056271389843,40
2026-10-01 02:50:00.011564,83360.18,160816900.82823193,136401802.29059237,0.08214522935953565,84000.0,0.7675367303669578,0.12824897153775122,82000.0,-1.6316903346417888,0.10716609740563852,40
2026-10-01 03:00:00.002743,83430.6,169600918.73592156,131909892.16543445,0.12500721436094153,84000.0,0.6824834053692497,0.13624427756407775,82000.0,-1.7147185804728737,0.10129624647638959,40
2026-10-01 03:10:00.009583,83418.87,168784920.76587832,132018935.65915364,0.12222577710165664,84000.0,0.6966409398736717,0.1343417500731777,82000.0,-1.7008981301233073,0.10210637326526704,40
2026-10-01 03:20:00.013572,83420.95,168868982.90115997,132919827.51386043,0.1191202395405655,84000.0,0.6941301915166509,0.13474643643685022,82000.0,-1.7033490987575672,0.1010791910715754,40
2026-10-01 03:30:00.005475,83463.38,173178414.65889865,131424232.6038545,0.13707754161120797,84000.0,0.6429406525352732,0.13895544511394847,82000.0,-1.7533198391917582,0.10041125166506013,40
2026-10-01 03:40:00.009357,83565.76,165149556.7348709,146646075.65814358,0.05934490144943379,84000.0,0.5196386654055418,0.15218798200153733,82000.0,-1.8736860647231568,0.09357149692808116,40
2026-10-01 03:50:00.009243,83598.64,168941987.96954712,144746786.0122695,0.0771312331332588,84000.0,0.4801035040761459,0.15743987598788334,82000.0,-1.9122799126875756,0.09327675629643561,40
2026-10-01 04:00:00.009466,83699.94,183225923.0581221,137424048.52816266,0.14284072536596018,84000.0,0.35849488064148005,0.17299325795376985,82000.0,-2.030993092707123,0.08710080536770272,40
2026-10-01 04:09:59.999943,83765.41,193866643.6452939,130221052.37422599,0.19638385552049628,84000.0,0.2800559323949958,0.1826795017956655,82000.0,-2.1075644469477406,0.08220050980099788,39
2026-10-01 04:20:00.006182,83692.76,179268899.51445153,139179399.6471023,0.12589013655560835,84000.0,0.3671046336624739,0.17012206573311708,82000.0,-2.022588333805686,0.08758641142091922,40
2026-10-01 04:30:00.009137,83809.66,214529234.76026365,130908162.26681685,0.24207301587237046,84000.0,0.22710985821920993,0.184316926219605,82000.0,-2.159249900309823,0.08154711957680215,39
2026-10-01 04:40:00.009250,83842.66,218258416.49831635,129954865.54185414,0.2535904157334106,84000.0,0.18766103079266294,0.18716772348590927,82000.0,-2.1977594699404857,0.08108403518156118,39
2026-10-01 04:50:00.009157,84060.68,139720496.80877358,210345943.7861405,-0.20174869335473514,90000.0,7.065515054125204,0.11504523893026558,84000.0,-0.07218594948315005,0.19478546954273931,39
2026-10-01 05:00:00.009362,84055.97,136981055.19950196,206949489.1186811,-0.2034376855300433,90000.0,7.071514373101628,0.11614282982366927,84000.0,-0.06658658510514393,0.19016752760566846,39
2026-10-01 05:10:00.009146,84125.81,142650258.579153,208902733.08128,-0.18845658001431723,90000.0,6.982625189582126,0.11170169627905095,84000.0,-0.14954982305668274,0.19229432804749474,39
2026-10-01 05:20:00.009278,84251.95,152733454.43789423,172593900.8694542,-0.06104757594945283,90000.0,6.822453367548165,0.11296017356069213,84000.0,-0.2990435236217004,0.1789111128777412,39
2026-10-01 05:30:00.011493,84238.48,151477641.71593305,173251168.0818883,-0.06705141554736581,90000.0,6.839534616484055,0.11302297479633473,84000.0,-0.2831010246148735,0.18216516220809004,39
2026-10-01 05:40:00.010759,84238.08,152840703.4064182,176435438.1650616,-0.07165637524187705,90000.0,6.8400419382777855,0.11197249731737219,84000.0,-0.28262752427405946,0.18469622459951698,39
2026-10-01 05:50:00.003027,84243.87,154181478.3915103,174863145.35469162,-0.06285368448728541,90000.0,6.832698925156233,0.11173872988117979,84000.0,-0.28948100318753056,0.1818062208197812,39
2026-10-01 06:00:00.010344,84250.89,153658341.40686053,176543972.14631945,-0.06930790548738273,90000.0,6.823797350983485,0.11177308282461972,84000.0,-0.29778913908209415,0.18573677451713505,39
2026-10-01 06:09:59.999816,84248.14,153763365.08099884,176132986.0114008,-0.06780802775274261,90000.0,6.82728425814505,0.11148571534966344,84000.0,-0.29453469239795194,0.18531255624522885,39
2026-10-01 06:20:00.009877,84277.96,156302378.06658828,172704744.28813297,-0.049854137211839324,90000.0,6.789485649628912,0.11172839966904709,84000.0,-0.32981339367967877,0.18066416157534915,39
2026-10-01 06:30:00.001345,84304.51,160337081.62939042,164002930.31647658,-0.011302486748683978,90000.0,6.755854461404276,0.11441459649665367,84000.0,-0.3612025026893506,0.17405339295546227,39
2026-10-01 06:40:00.009256,84094.47,141654280.0912816,231197503.84545994,-0.24015769164019973,90000.0,7.022495058236289,0.10640936261273595,84000.0,-0.11233794564613486,0.22982824222485265,39
2026-10-01 06:50:00.010827,84078.74,139279189.59031892,243876078.39447188,-0.27298825709556707,90000.0,7.042517525833514,0.10438166961085114,84000.0,-0.09365030922204864,0.2480855053150277,39
2026-10-01 07:00:00.013935,84076.15,137110666.6605605,253041585.69687906,-0.29714276499961867,90000.0,7.045815014127088,0.10271299707908015,84000.0,-0.0905726534813911,0.2591742613091083,39
2026-10-01 07:10:00.011528,84154.79,142628941.521455,234039943.42668623,-0.242682646637554,90000.0,6.94578407242179,0.10601226208585558,84000.0,-0.18393486573966555,0.24515961839572548,39
2026-10-01 07:20:00.009195,83825.33,241053764.04372966,127062226.95644732,0.3096620083728651,84000.0,0.20837376959923493,0.2340900329272299,82000.0,-2.1775398915817035,0.07779692225218238,39
2026-10-01 07:30:00.009491,83325.27,150618278.67523068,134082034.78922462,0.05808298447156645,90000.0,8.010451091247583,0.12106070227254835,82000.0,-1.5904778946410958,0.1078190011373616,39
2026-10-01 07:40:00.013047,83471.55,176076868.3677027,126638138.43445311,0.16331773721928838,90000.0,7.821167811068563,0.11707541926913922,82000.0,-1.76293599435976,0.0994181540900737,40
2026-10-01 07:50:00.011621,83517.39,127747302.87094331,203178924.70401043,-0.2279408990512307,90000.0,7.761988251788043,0.11251151004047147,83500.0,-0.02082201084109281,0.16537198648594462,40
2026-10-01 08:00:00.013470,83377.39,125555916.4873156,127564357.89445919,-0.0079347314712306,90000.0,7.942932730324137,0.1312016462271196,82000.0,-1.6519946234824556,0.11684594832307207,40
2026-10-01 08:10:00.002438,83350.27,124469328.87280281,129317687.92203462,-0.01910404681241534,90000.0,7.978054540195245,0.1309094438956805,82000.0,-1.6199947522665514,0.11686706812666779,40
2026-10-01 08:20:00.008073,83343.36,123953781.18870173,133508024.35133988,-0.0371093612996209,90000.0,7.987007003317359,0.1297547186788028,82000.0,-1.6118380636441776,0.1237604417126018,40
2026-10-01 08:30:00.017352,83374.94,125892005.5252884,130494167.06476179,-0.017950116002675508,90000.0,7.9461046688609205,0.13014529499861502,82000.0,-1.6491046350378236,0.11773166817024085,40
2026-10-01 08:40:00.005814,83433.53,130366541.64537022,123574474.14602679,0.026746634363795933,90000.0,7.870301064811724,0.13079567881568765,82000.0,-1.7181701409493266,0.11279697798446789,40
2026-10-01 08:50:00.010002,83436.98,130375373.97052038,125286836.9309532,0.01990336006883778,90000.0,7.865840781869138,0.13048003431434543,82000.0,-1.7222339542970033,0.1125247690996546,40
2026-10-01 09:00:00.010497,83513.86,132012400.64832948,125406232.349605,0.025663131770175686,90000.0,7.766543182173602,0.13189384832980736,82000.0,-1.8127051006862849,0.10623407845364746,40
2026-10-01 09:10:00.013057,83591.12,133268134.35331656,126618363.6937823,0.025587210992119844,90000.0,7.666938784885291,0.129165579140549,82000.0,-1.9034557737711788,0.10583223981458585,40
2026-10-01 09:20:00.008101,83668.62,135169846.71421552,122375706.26654151,0.0496771941879732,90000.0,7.567209785460793,0.13040870412212202,82000.0,-1.9943199732468386,0.10134727631515333,40
2026-10-01 09:30:00.018638,83723.38,139688236.81119013,118969318.3440117,0.08010173317669572,90000.0,7.4968545225957195,0.13227135072043156,82000.0,-2.0584214349683494,0.09549332670867539,40
2026-10-01 09:40:00.006435,83803.84,142128741.32874626,116550389.93877083,0.09888061423680589,90000.0,7.3936468782337395,0.13261282096898533,82000.0,-2.152455066498138,0.09028939097432247,39
2026-10-01 09:50:00.007005,83816.77,160525016.75411046,116159222.3130674,0.16034810869827393,90000.0,7.377079789641128,0.13242580955258815,82000.0,-2.1675495249936283,0.09016206431941558,39
2026-10-01 10:00:00.005284,83744.74,140060036.89505532,119298915.76671593,0.08004782913899977,90000.0,7.4694362893717114,0.12920462374145344,82000.0,-2.0834024919057614,0.09501832500705436,40
2026-10-01 10:27:03.969149,83602.55,134780880.40640593,127439298.8608954,0.027997774870051815,90000.0,7.652218742131667,0.13072166769576574,82000.0,-1.9168673682800397,0.10530597851085277,40
2026-10-01 10:40:00.004777,83692.18,137485912.58695143,121819493.79480723,0.060416861378815793,90000.0,7.536928778770013,0.13177674017266697,82000.0,-2.0219093348984307,0.10069206893323443,40
2026-10-01 10:50:00.006905,83921.25,168678222.69880873,113326016.13696234,0.1962814700600351,90000.0,7.243397828321196,0.13195062061694254,82000.0,-2.289348645307354,0.08975368136284922,39
2026-10-01 11:00:00.006239,83933.16,170656583.09410822,109928013.03104177,0.21643586605153303,90000.0,7.228180137623785,0.12661460625780208,82000.0,-2.303213652387215,0.0851674148882448,39
2026-10-01 11:10:00.011247,83849.77,169518739.15851948,113104994.45290622,0.19960724453232048,90000.0,7.3348203578852855,0.11967454701071044,82000.0,-2.206052562815619,0.09055495612219289,39
2026-10-01 11:20:00.011450,83821.18,167091045.43246794,114340472.96550953,0.1874366196339205,90000.0,7.371430466619544,0.11984809228813222,82000.0,-2.1726966859688557,0.0907467137861272,39
2026-10-01 11:30:00.013759,83834.43,169832658.24225372,115437603.3042221,0.1906790236148385,90000.0,7.354460452584943,0.11890809731042751,82000.0,-2.188158254311501,0.08982609459803312,39
2026-10-01 11:40:00.026213,83913.65,172066814.18796223,111778682.62364057,0.2123977031220502,90000.0,7.253110787100803,0.12008232108368452,82000.0,-2.2804990606414943,0.0852506678653888,39
2026-10-01 11:50:00.007443,83923.62,173514930.19642937,111308842.7331264,0.21840202039135312,90000.0,7.240369278636938,0.11987348699326165,82000.0,-2.2921079905752317,0.08510240919149786,39
2026-10-01 12:00:00.006112,83885.99,171185324.7928341,114660556.05266508,0.1977456123312859,90000.0,7.288475703749819,0.11944527881137669,82000.0,-2.248277692139067,0.09027408994916743,39
2026-10-01 12:10:00.006419,83957.59,173790694.82720536,108994246.19674635,0.22913684298687884,90000.0,7.196978855634151,0.1205156658202069,82000.0,-2.331641487088898,0.08555890439457856,39
2026-10-01 12:20:00.010391,83931.83,172433375.94079158,110416943.42365971,0.21925530314577438,90000.0,7.229879296090647,0.12037594390730921,82000.0,-2.301665530228525,0.08565061626405741,39
2026-10-01 12:30:00.004762,83882.15,169691484.58434728,114815198.7623698,0.19288223804254861,90000.0,7.293387210509028,0.11927869891484644,82000.0,-2.243802763758429,0.09029838062002711,39
2026-10-01 12:40:00.005592,83951.42,174917615.1359282,110576606.7657329,0.22536711230659395,90000.0,7.204857285320498,0.11972687325610304,82000.0,-2.3244633622635513,0.0850869839542495,39
2026-10-01 12:50:00.017418,83765.72,144287333.88350993,119006459.41417623,0.0960177380282966,90000.0,7.442519445902218,0.11920641482174249,82000.0,-2.107926727066878,0.09579103341778934,39
2026-10-01 13:00:00.002584,83711.82,142442361.09359923,120266242.76815292,0.08441336903117294,90000.0,7.51169906471989,0.11905159385004499,82000.0,-2.044896407699659,0.09566662349491876,40
2026-10-01 13:10:00.007461,83534.11,134068352.65311374,127990630.13091746,0.023192193061380643,90000.0,7.740418854046571,0.11625376247953594,82000.0,-1.8365072663131254,0.10757158258666397,40
2026-10-01 13:20:00.016428,83538.67,134374072.19596422,127413577.24209113,0.026588324425595517,90000.0,7.734537789505147,0.11638180430988951,82000.0,-1.8418655695619734,0.1076404696308002,40
2026-10-01 13:30:00.013871,83446.94,136381788.5437656,127620518.6207571,0.03318633847221871,90000.0,7.852966208227641,0.11531282914798567,82000.0,-1.733964121392595,0.11219294380673014,40
2026-10-01 13:40:00.012482,83786.42,145635341.6873694,117027891.8619055,0.1089130345305721,90000.0,7.415975047030288,0.11939321193797144,82000.0,-2.132111623816846,0.09050694502970798,39
2026-10-01 13:50:00.014376,83658.93,146127451.28083652,121819021.59794034,0.09072121540444271,90000.0,7.579669020390312,0.11767665700906517,82000.0,-1.9829682258666104,0.09460067035116337,40
2026-10-01 14:00:00.018921,83923.21,176426333.55490115,109567263.0092774,0.2337782081446715,84000.0,0.09150031320297458,0.12121119346085982,83000.0,-1.100065166716102,0.08665742517263131,39
2026-10-01 14:10:00.001060,84023.85,132373726.16394815,158663993.40419045,-0.09033285197277376,90000.0,7.112444859405986,0.11775135748692513,84000.0,-0.02838479788774828,0.12484090681814937,39
2026-10-01 14:40:00.012226,84158.26,131727176.83290747,150439510.48172808,-0.06631659402073588,85000.0,1.0001870285816228,0.12644505914843304,84000.0,-0.18805046587226926,0.12248265416234404,39
2026-10-01 15:00:00.005654,83991.16,194032881.93050396,102941528.07859847,0.3067313235814274,84000.0,0.010524917146037538,0.13174004042345422,83000.0,-1.1800765699628402,0.08042748019175419,39
2026-10-01 15:10:00.016333,83843.96,172877500.17219725,116769144.92056763,0.1937131197692963,84000.0,0.18610762182511564,0.1290548636307316,83000.0,-1.0065841355775706,0.09297180756827868,39
2026-10-01 15:20:00.014831,84193.9,150022337.94823286,148980099.20865905,0.0034857198806942337,85000.0,0.957432783135137,0.1289268036285986,84000.0,-0.23030172019586903,0.12356178477546786,39
2026-10-01 15:30:00.012972,84054.94,131398566.31746572,166540399.08212078,-0.11794977107987174,85000.0,1.124336059248865,0.1177401529213833,84000.0,-0.06536201203641845,0.13147663963304737,39
2026-10-01 15:40:00.017519,83914.68,184245458.05451545,113014071.65002024,0.23962692289561383,84000.0,0.1016747010177621,0.13182659697587643,83000.0,-1.0900119025657906,0.08946237802886856,39
2026-10-01 15:50:00.007604,84213.92,150517367.53159815,132824072.28612567,0.06244513777036899,85000.0,0.9334323826749813,0.1270504893620439,84000.0,-0.25401976300354345,0.12236244299219468,39
2026-10-01 16:00:00.008172,84128.33,144104399.80200604,158319003.256816,-0.04700232624538383,85000.0,1.0361194617793945,0.12517069662079963,84000.0,-0.15254076718270726,0.12638216152187948,39
2026-10-01 16:10:00.006111,84135.81,146037913.58106172,157815253.73261392,-0.038759971652341345,85000.0,1.0271369586861923,0.1287760605908834,84000.0,-0.16141759376893106,0.1283194596499659,39
2026-10-01 16:19:59.974046,84323.5,162852403.6031183,128641669.4437683,0.11736339542604436,85000.0,0.8022674580632883,0.1406654256169791,84000.0,-0.38364157085509776,0.1230387799315832,39
2026-10-01 16:30:00.000365,84272.73,158155038.4942575,130793859.32545626,0.09469210429683982,85000.0,0.8629956570767261,0.13834631978386064,84000.0,-0.323627821241812,0.12582170030150983,39
2026-10-01 16:39:59.993719,84185.37,150679042.59972212,150538362.1457597,0.00046703959248731164,85000.0,0.9676621959373799,0.13325239845859185,84000.0,-0.22019265342659855,0.12832969503342628,39
2026-10-01 16:50:00.001102,84226.79,150805358.23779562,137063630.8084631,0.04773604643855653,85000.0,0.9180095786625708,0.13220545224919183,84000.0,-0.269261122262876,0.13628003017093648,39
2026-10-01 17:00:00.001477,84161.82,146310684.28639644,159644122.4530055,-0.04357976365432902,85000.0,0.9959147746567254,0.1268758449190603,84000.0,-0.19227245798629777,0.14114831545280762,39
2026-10-01 17:09:59.999542,84359.01,166928685.37558424,126430647.50186196,0.13804925678175287,85000.0,0.7598358491879065,0.14982474660344713,84000.0,-0.4255739843319617,0.1303163168566654,39
2026-10-01 17:20:00.005238,84709.6,185410751.04880267,116897944.35246217,0.22663194191421146,85000.0,0.3428182874195995,0.17255343650952026,84000.0,-0.8376854571382819,0.10150552162881463,39
2026-10-01 17:29:59.993341,84882.43,206867058.4409725,105318832.59021583,0.32528127877698254,85000.0,0.13850922976641478,0.16951548421226076,84000.0,-1.0395908788190855,0.08967312958533041,39
2026-10-01 17:40:00.003429,84928.06,209910300.25579545,101728118.36108318,0.34714006820740884,85000.0,0.08470698612450533,0.1727381577520593,84000.0,-1.092760154888739,0.08442905372888108,39
2026-10-01 18:32:22.646644,84810.92,200999401.0660951,112849716.53443384,0.2808664405545957,85000.0,0.22294298894529607,0.1765776752041072,84000.0,-0.9561504579834734,0.09368249084112251,39
2026-10-01 18:40:00.003842,85135.98,135698787.87061182,184383424.05364245,-0.1521004116109757,86000.0,1.0148705635384836,0.13487524796602712,85000.0,-0.15972095464220626,0.18100389287568108,39
2026-10-01 18:50:00.010565,84701.74,180680351.46597946,120990546.42858364,0.19786398175623154,85000.0,0.3521297201214413,0.17141727874775145,84000.0,-0.8284835707035088,0.10252177356520366,39
2026-10-01 19:00:00.002540,84764.6,192472422.97185946,117214760.3981907,0.24301187331909102,85000.0,0.277710270561049,0.17501482530438384,84000.0,-0.9020274973278952,0.09959521793766918,39
2026-10-01 19:10:00.005936,84841.48,203794971.53207743,108696861.02463248,0.3043219073259679,85000.0,0.18684256804573085,0.1818381906944716,84000.0,-0.991826168048926,0.09154669150409488,39
2026-10-01 19:20:00.004003,84749.27,183596781.48067546,120903715.52551906,0.20588822209338142,85000.0,0.29584915598681594,0.17709276904935453,84000.0,-0.8841020105541997,0.10256231144632769,39
2026-10-01 19:30:00.007288,84574.46,163582072.59728533,132230319.6735211,0.1059852587076972,85000.0,0.5031542619367446,0.1585083545928077,84000.0,-0.6792357882036804,0.11786501719083978,39
2026-10-01 19:40:00.039977,84606.87,174618041.96098632,130073447.7613518,0.14619572814530366,85000.0,0.46465493877743125,0.17257419579000052,84000.0,-0.7172821781493588,0.11317016371384259,39
2026-10-01 19:50:00.008667,84552.63,172844646.8535813,129884062.75094508,0.1419111658050482,85000.0,0.529102406394677,0.1731559169923911,84000.0,-0.6535929160334852,0.11354807871014476,39
2026-10-01 20:00:00.009029,84623.32,180184605.52742058,127302341.97905293,0.1719821409565826,85000.0,0.44512552804591987,0.17987549967366878,84000.0,-0.7365818311075523,0.10902091821194096,39
2026-10-01 20:10:00.002019,84752.93,192061569.17886165,118324162.86275667,0.2375669971396038,85000.0,0.2915179451613126,0.1909859820227832,84000.0,-0.8883822659582319,0.10035746618224206,39
2026-10-01 20:20:00.013140,84765.48,201960362.7200193,116349511.05221708,0.2689544331542171,85000.0,0.2766692290304906,0.194976459714954,84000.0,-0.9030562913110329,0.09728386610523007,39
2026-10-01 20:30:00.005993,84729.71,191981040.47803086,119560121.96649109,0.23246019223683229,85000.0,0.31900262611543884,0.19611869453171635,84000.0,-0.8612209341918087,0.10129361956129346,39
2026-10-01 20:40:00.000760,84650.76,178622327.5019026,128317894.40834762,0.16389000040621615,85000.0,0.4125656993510862,0.1889127810800223,84000.0,-0.7687586029942239,0.11080879529704167,39
2026-10-01 20:50:00.005652,84564.17,169925841.0409294,135515468.49525398,0.11265788703541126,85000.0,0.5153837612312584,0.17798222026037516,84000.0,-0.6671501653714551,0.12178400964508086,39
2026-10-01 21:00:00.015881,84600.92,176296351.24970052,132712951.10596809,0.14104235636753773,85000.0,0.4717206384989625,0.18516330465597838,84000.0,-0.7102996043068965,0.11666808072762161,39
2026-10-01 21:10:00.011761,84601.41,176298393.4370025,130985189.36102682,0.14746379765351492,85000.0,0.47113871979200805,0.18583090405186192,84000.0,-0.7108746769114216,0.11708872314571497,39
2026-10-01 21:20:00.004893,84597.84,177674652.63590148,130916665.94002005,0.15152074566341936,85000.0,0.47537856758517183,0.18788718759623124,84000.0,-0.7066847096805273,0.1165656364308937,39
2026-10-01 21:30:00.009071,84559.76,170695229.18358454,138921992.04629043,0.10262102673450489,85000.0,0.520625886355397,0.17975472442378054,84000.0,-0.6619697123075974,0.12415520732443083,39
2026-10-01 21:39:59.997793,84510.79,164285405.75034782,143362415.37879336,0.06800955161899758,85000.0,0.5788728279548794,0.1751479414235986,84000.0,-0.6044080288445941,0.1315647881406794,39
2026-10-01 21:50:00.000351,84537.44,172034659.39234883,136250596.07964668,0.11607452084568722,85000.0,0.5471658474635488,0.17967176705817556,84000.0,-0.6357419860360092,0.1257189636387582,39
2026-10-01 22:00:00.006059,84519.63,168423184.96849257,139746474.78409946,0.0930549432004943,85000.0,0.5683531742862513,0.1763589803856099,84000.0,-0.6148039218818235,0.12781346581118916,39
2026-10-01 22:10:00.008322,84667.36,188080983.75696224,126537088.13966191,0.19561462329958643,85000.0,0.39287867248960495,0.20002241913350785,84000.0,-0.7882140177749686,0.10900898591866302,39
2026-10-01 22:20:00.007446,84702.28,193870777.47968394,119951072.63639323,0.2355467116644335,85000.0,0.3514899480864031,0.20620982627354328,84000.0,-0.8291158160087297,0.10279322170405683,39
2026-10-01 22:30:00.021272,84667.42,187803324.7895402,123522452.83786426,0.20647462102739036,85000.0,0.392807528562944,0.20138172510240213,84000.0,-0.7882843247142723,0.10964552974779847,39
2026-10-01 22:40:00.010060,84735.44,199091966.022732,117611963.11939694,0.25727499852636443,85000.0,0.31221883075134294,0.21159483930480477,84000.0,-0.8679249201986816,0.10050049401035469,39
2026-10-01 22:50:00.008760,84615.92,182248997.97231668,127772605.05457322,0.17571805443834962,85000.0,0.4539098552612808,0.19601798912389218,84000.0,-0.7279008489182615,0.11412378074789217,39
2026-10-01 23:00:00.019155,84719.76,196847833.11021534,118598186.76474375,0.24806033810947836,85000.0,0.3307846953296334,0.2121395760502973,84000.0,-0.8495774775565845,0.10168936642148045,39
2026-10-01 23:10:00.016213,84663.33,187649564.64714146,124069972.20344964,0.20396409248537373,85000.0,0.3976574037425573,0.20413765609392462,84000.0,-0.7834915068896997,0.10955014716474448,39
2026-10-01 23:20:00.006819,84739.8,200126244.91474283,116210806.82432026,0.26527223930645305,85000.0,0.30705760457305775,0.21465765118424812,84000.0,-0.8730254260689851,0.09845338048143928,39
2026-10-01 23:30:00.013162,84711.34,195088473.63548088,119950326.91273277,0.23850442101733735,85000.0,0.340757211490228,0.21231340729200285,84000.0,-0.8397222851155406,0.10293676470175107,39
2026-10-01 23:40:00.014439,84798.82,214824399.69083214,110441377.09628198,0.32091609398817467,85000.0,0.2372438673085231,0.2229962205902713,84000.0,-0.9420178252480427,0.09382362558215575,39
2026-10-01 23:50:00.012990,84811.06,215801646.9940277,108731857.03532667,0.32991906422400213,85000.0,0.22277754811694805,0.2251414655765867,84000.0,-0.9563139524491282,0.09186889769715846,39
2026-10-02 00:00:00.014729,84848.76,222309933.29175183,105991296.05769145,0.35430460453820295,85000.0,0.1782465648290099,0.23037663155735902,84000.0,-1.0003210418160435,0.08702210567950426,39
2026-10-02 00:10:00.014654,84759.35,203687102.68122643,113567864.39326438,0.28405934545006584,85000.0,0.28392147886928676,0.22315975616748027,84000.0,-0.8958893620585884,0.09599958495588903,39
2026-10-02 00:20:00.016479,84902.19,224544050.58726394,101888387.2564215,0.37574594038836606,85000.0,0.11520315318132024,0.2292478956073003,84000.0,-1.0626227662678733,0.08319664259699162,39
2026-10-02 00:30:00.002377,84773.54,205221293.97085637,112951629.74754308,0.28999847989886474,85000.0,0.26713524054793325,0.21708870379173392,84000.0,-0.9124781152232142,0.09729940887606205,39
2026-10-02 00:40:00.002826,84724.37,194096023.44416595,116188445.21524121,0.25108436321523486,85000.0,0.32532552322313,0.21135089538468288,84000.0,-0.8549724241089018,0.10161615260269552,39
2026-10-02 00:50:00.007919,84762.55,208411544.24536425,112296415.47591878,0.29969673609902303,85000.0,0.2801355079572243,0.21874147210205708,84000.0,-0.8996307921363855,0.09669316296916786,39
2026-10-02 01:00:00.010781,84765.17,211220379.60588795,112700551.93001762,0.30414776596476206,85000.0,0.27703595710359963,0.2230400487484131,84000.0,-0.9026938776858451,0.09605314354925515,39
2026-10-02 01:10:00.001286,84675.0,190718948.30911878,122828015.58733125,0.2165255624806775,85000.0,0.38382049010923236,0.21186523331591736,84000.0,-0.7971656333038091,0.10702796226174001,39
2026-10-02 01:20:00.009841,84612.81,175709587.84994256,128068701.347945,0.15682781882731353,85000.0,0.4576021054022439,0.20182786602183905,84000.0,-0.7242520370142502,0.11802863118908556,39
2026-10-02 01:30:00.010699,84589.61,175713993.44130334,127110065.8932743,0.16050219937884322,85000.0,0.4851541459997222,0.19863863620125635,84000.0,-0.6970241380708564,0.11935066726100269,39
2026-10-02 01:40:00.006960,84580.14,172342698.55157635,127305807.05670212,0.1502990692493211,85000.0,0.49640494801734825,0.19867447157300022,84000.0,-0.6859056984299117,0.12134833066653367,39
2026-10-02 01:50:00.002261,84628.11,179540593.3248819,122265740.39013134,0.18977352870544298,85000.0,0.4394402758137961,0.20469415777131691,84000.0,-0.742200198019316,0.11404945715235079,39
2026-10-02 02:00:00.015543,84879.82,228057787.44895375,97163899.54336946,0.40247588995709876,85000.0,0.1415884246691368,0.2412319643116593,84000.0,-1.0365479097387387,0.08349563525219848,39
2026-10-02 02:09:59.998732,85076.51,133429431.9431614,198528333.9922362,-0.1961059771131961,86000.0,1.0854817622396595,0.12746772510875878,85000.0,-0.08993081639102618,0.2364764168633621,39
2026-10-02 02:20:00.008970,84961.11,236951093.66500252,91370022.3894549,0.4434106250156649,85000.0,0.04577388407471794,0.23707947149187558,84000.0,-1.1312352204438048,0.07676707552485558,39
2026-10-02 02:30:00.000638,84901.73,232087990.63806507,93925135.03310588,0.4237953773196096,85000.0,0.11574558021374415,0.24090291045463458,84000.0,-1.062086720729949,0.07917433207616681,39
2026-10-02 02:40:00.016283,84877.26,230776853.06054503,95951199.5640563,0.412654047956508,85000.0,0.14460881512905477,0.24626073947323918,84000.0,-1.0335630532842255,0.08113240788697607,39
2026-10-02 02:50:00.011578,85101.72,133689794.51867086,204068102.6537061,-0.20836909728602795,86000.0,1.0555368328630799,0.12698886325236633,85000.0,-0.11952754891441097,0.24870010718892502,39
2026-10-02 03:00:00.002479,85158.28,142336727.9834778,200101562.41147256,-0.1686868438730138,86000.0,0.988418272421665,0.13678606953415332,85000.0,-0.18586566097859025,0.24382422566649073,39
2026-10-02 03:10:00.005049,85170.64,141151681.26228127,193447273.79965857,-0.15629335282202694,86000.0,0.9737627896185819,0.13898458590858515,85000.0,-0.20035073119093472,0.22815087288716582,39
2026-10-02 03:20:00.008470,85196.64,145228215.51695174,190867281.41102856,-0.13579195886654952,86000.0,0.9429479848031663,0.1458062814848473,85000.0,-0.23080722432246015,0.22785681026163823,39
2026-10-02 03:30:00.000846,85242.96,142000195.31718266,186782495.0834816,-0.13620637908804117,86000.0,0.8880968000172684,0.15507258038035665,85000.0,-0.28502060463410084,0.22666892277054682,39
2026-10-02 03:40:00.004860,85381.96,166899581.07078856,160190302.57872146,0.020512033014314684,86000.0,0.7238531418112037,0.18104884172433386,85000.0,-0.44735445286101516,0.19655973887923311,39
2026-10-02 03:50:00.008842,85360.72,163478338.66277692,162335167.12708378,0.0035086683497719947,86000.0,0.7489158948050134,0.17565510975115758,85000.0,-0.4225831272276048,0.19986241033674257,39
2026-10-02 04:00:00.014061,85476.32,181785155.69407487,147775592.41435984,0.10319664424516034,86000.0,0.6126609100625791,0.20305727650459962,85000.0,-0.5572537516823406,0.1769788545746611,39
2026-10-02 04:10:00.000537,85475.94,179306320.8016831,151449191.9995909,0.08422271957362489,86000.0,0.6131082033142832,0.19895834981200167,85000.0,-0.5568116595149442,0.18039058543985742,39
2026-10-02 04:20:00.001783,85922.17,249342355.98269698,125505930.75531782,0.3303641222560253,86000.0,0.09058197668889711,0.26521845163008145,85000.0,-1.0732619997842252,0.11533328477724995,39
2026-10-02 04:30:00.001262,86746.28,193282537.2496922,141612016.78231236,0.1542889242159545,90000.0,3.7508467221879727,0.14046943067669695,86000.0,-0.860302021020376,0.16833750715195225,39
2026-10-02 04:40:00.014459,86487.64,172766647.9029849,177213724.0135839,-0.012706644336211924,90000.0,4.061112084917573,0.13343835029265197,86000.0,-0.5638262299676566,0.21898921670596352,38
2026-10-02 04:50:00.012501,86603.37,180988292.55720294,159636733.48238698,0.06268347139101378,90000.0,3.9220529178021657,0.1390971098396469,86000.0,-0.6967049896557054,0.18868278103544733,38
2026-10-02 05:00:00.005731,86624.24,180895893.5329228,159597974.4893069,0.06255008105527891,90000.0,3.8970154312464977,0.1392017155440297,86000.0,-0.7206296990311278,0.18859237078265007,38
2026-10-02 05:10:00.007066,86537.42,175721136.24490196,171939404.97672307,0.010877654550299166,90000.0,4.001251712842846,0.1369074290301965,86000.0,-0.6210261410612872,0.2053778955532656,38
2026-10-02 05:20:00.010743,86463.82,174356061.24422276,181077800.56328553,-0.01891136450781679,90000.0,4.089779979649277,0.1345442192026321,86000.0,-0.5364324638906903,0.2213946522523942,38
2026-10-02 06:27:46.246914,85987.08,314697303.3259086,109614088.64671072,0.4833318608905788,86000.0,0.015025513135236146,0.33172367049079843,85000.0,-1.1479398998082035,0.08361029400336394,39
2026-10-02 06:40:00.001936,85986.1,320312896.1254733,109741569.75716168,0.48963873898190863,86000.0,0.016165403477996776,0.3500271984960816,85000.0,-1.1468132640043094,0.08292513308145925,39
2026-10-02 06:50:00.008885,85972.96,332626930.3584461,105375592.201569,0.5188356834765468,86000.0,0.0314517494802935,0.36791970419665665,85000.0,-1.1317046662113417,0.07614553897637003,39
2026-10-02 07:00:00.000650,85957.95,348228257.63588285,101620623.99026456,0.5482010597740347,86000.0,0.04891926808399116,0.3951935554887596,85000.0,-1.1144402582890733,0.06943139031116642,39
2026-10-02 07:10:00.003823,85959.86,364079234.2160424,96593238.56711511,0.5806424552196658,86000.0,0.04669621379094213,0.4226902864924549,85000.0,-1.1166374631136011,0.060723364866752026,39
2026-10-02 07:19:59.999541,85915.16,379425753.5281816,97196106.9516178,0.5921458287550064,86000.0,0.09874857941252202,0.4439838614814067,85000.0,-1.0651903575573884,0.0567147852750168,39
2026-10-02 07:30:00.000558,85924.07,418786378.7316998,86748136.62387653,0.6568062753821636,86000.0,0.08836871903297183,0.4892534511131686,85000.0,-1.0754495218860183,0.04490471680998726,39
2026-10-02 07:40:00.000194,85777.85,360132399.9410386,97595119.58341193,0.5735667381991496,86000.0,0.25898294256616605,0.4307287393442422,85500.0,-0.32391812105340145,0.04959092738425287,39
2026-10-02 07:50:00.011909,85855.99,427779348.57915795,73997114.19063997,0.7050594450677216,86000.0,0.16773436541817066,0.5068652695554559,85000.0,-0.997006731854122,0.03652737897915813,39
2026-10-02 08:00:00.014648,86082.25,112874352.10940036,83366230.59846969,0.1503670703773714,90000.0,4.5511705374801315,0.20232312921354617,85000.0,-1.257227825713203,0.07254964646407994,40
2026-10-02 08:10:00.019090,86281.62,115373352.50207059,82065983.63312024,0.16869672234991764,90000.0,4.309585285950823,0.2016370990072747,85000.0,-1.4853916743797768,0.07177864975662196,40
2026-10-02 08:20:00.009856,86479.45,118059132.2902836,71119026.62672424,0.24812645356249557,90000.0,4.0709671488428745,0.2023285931045795,85000.0,-1.7107532483150556,0.07146994624136953,40
2026-10-02 08:30:00.006486,86385.32,118632907.65905294,72181634.65123904,0.24343675510998228,90000.0,4.184368362587532,0.2010020660726611,85000.0,-1.6036521020006744,0.07140148981291462,40
2026-10-02 08:40:00.009890,86419.42,120074914.96167326,73184195.79626799,0.24263135115082007,90000.0,4.143258540730788,0.19945750464551013,85000.0,-1.6424780448653808,0.07127291921030808,40
2026-10-02 09:14:45.451574,86199.02,119005227.29333301,87947363.03307292,0.15007236300485816,90000.0,4.409539690822473,0.19556711224121445,85000.0,-1.3909902920010042,0.07139194904027019,41
2026-10-02 09:20:00.016959,86188.41,118948299.24057963,88121973.40618224,0.148868910251466,90000.0,4.422392755592086,0.1952922882646877,85000.0,-1.378851286385263,0.07163785274142367,41
2026-10-02 09:29:59.999802,86191.07,118919239.85310867,88516687.2284791,0.14656358255950414,90000.0,4.419170106601533,0.19460394715404372,85000.0,-1.3818948993207791,0.07143876038658033,41
2026-10-02 09:40:00.006010,86358.4,120516347.90759699,76536591.2275921,0.22318751942000914,90000.0,4.216845147663695,0.19601813064440682,85000.0,-1.5729795827620685,0.07139276004358582,40
2026-10-02 09:50:00.012328,86321.87,120334755.37068826,77068642.11408076,0.219176132771199,90000.0,4.26094800772967,0.1948979343129016,85000.0,-1.531326881588635,0.07098920621394211,40
2026-10-02 10:00:00.013341,86345.42,120512106.71842512,76310347.67780545,0.22457681048746334,90000.0,4.232511695466878,0.1960152797543255,85000.0,-1.558183398725721,0.07139585503752982,40
2026-10-02 10:10:00.014128,86357.99,120658391.45670912,76714625.61787249,0.22264322899939018,90000.0,4.217339935772002,0.19494415172059468,85000.0,-1.5725122828819993,0.0710057114634231,40
2026-10-06 23:10:00.006186,85502.71,101799344.90822306,97940896.5808172,0.01931733084250618,90000.0,5.259821589280622,0.1616529980060329,85000.0,-0.5879462767905297,0.09430858691339948,40
2026-10-06 23:20:00.006088,85472.3,108152072.1895526,92182291.49359734,0.0797156334158086,90000.0,5.297271747689014,0.16077594093023564,85000.0,-0.5525766827381484,0.09450155661379005,40
2026-10-06 23:30:00.006784,85486.86,109854416.15356542,90227896.51187012,0.09809222704514356,90000.0,5.279337666630868,0.16090549013371674,85000.0,-0.5695144259597384,0.09387248976695405,40
2026-10-06 23:40:00.009931,85499.59,109061451.00300469,89840721.91598682,0.09663408300142626,90000.0,5.263662667856073,0.16198781412515426,85000.0,-0.5843185914692683,0.09459257124698395,40
2026-10-06 23:50:00.112666,85590.45,104121703.40580213,95062345.42230056,0.045482346788320686,90000.0,5.15191823386838,0.16204965711480984,85000.0,-0.6898550013465288,0.08994887873330495,40
2026-10-07 00:00:00.016504,85543.73,101715272.58139053,97187354.126037,0.022764498037594012,90000.0,5.209347312772072,0.16211668619559244,85000.0,-0.6356164268263687,0.09344035480922634,40
2026-10-07 00:10:00.001986,85536.41,101826489.3929943,96223530.97274435,0.028290622792681266,90000.0,5.218350875375766,0.16245106152424565,85000.0,-0.6271130621451237,0.0912166800880243,40
2026-10-07 00:30:00.014630,85401.35,106700480.86441773,93906560.97359635,0.06377602587426717,90000.0,5.384750943632621,0.15736390027833477,85000.0,-0.46995744212474655,0.09561265140730833,40
2026-10-07 00:40:00.001810,85474.85,109317030.04148874,91998567.84591843,0.08602643002980953,90000.0,5.294130378702033,0.16039960068511558,85000.0,-0.555543531225855,0.09398904320702102,40
2026-10-07 00:50:00.012958,85533.45,102526311.19844238,97390060.5498087,0.025691996126768552,90000.0,5.221992097828387,0.16165260965576322,85000.0,-0.6236741298287329,0.09365532750865947,40
2026-10-07 01:00:00.015431,85522.99,102380552.57228781,97769765.49569832,0.023036621280928087,90000.0,5.234861409779978,0.1615371543923876,85000.0,-0.6115197796522365,0.09358843715330381,40
2026-10-07 01:10:00.016411,85463.36,109193420.60447513,91764722.48381346,0.0867280014276633,90000.0,5.308286498447989,0.16051896763831774,85000.0,-0.5421738625769001,0.09441247165075564,40
2026-10-07 01:20:00.015481,85355.72,103459293.41284838,94902721.74161945,0.04313614007483128,90000.0,5.441088189520271,0.158615773150429,85000.0,-0.4167500432308513,0.09758715637419417,40
2026-10-07 01:30:00.012275,85257.01,101327573.40637612,108302600.6596714,-0.03327301179026676,90000.0,5.563167181208928,0.1572567883172305,85000.0,-0.3014532177471274,0.10375754800255327,40
2026-10-07 01:40:00.018348,85238.53,100157918.22506128,109218566.08619252,-0.04327442927001251,90000.0,5.586053630910803,0.1558118285926642,85000.0,-0.27983823747311787,0.103860270963502,40
2026-10-07 01:50:00.015017,85301.55,102476901.46646224,96332602.25665292,0.030905460225717236,90000.0,5.508047626332702,0.15834047819491698,85000.0,-0.35351057513023365,0.09765192229568143,40
2026-10-07 02:00:00.013504,84374.18,105796702.67762513,84388154.34931308,0.11256705009526442,95000.0,12.59368683642319,0.13937513002043617,84000.0,-0.4434769025310703,0.09142858218656484,40
2026-10-07 02:10:00.012137,83924.42,124118939.20218013,80379783.53172293,0.21388473769281813,90000.0,7.239347021999087,0.13466060186862971,80000.0,-4.676135980445261,0.06582748654544433,40
2026-10-07 02:20:00.012468,84062.32,97759151.01228738,108761226.48723795,-0.053273558804025796,90000.0,7.063426277076323,0.1342907363072702,84000.0,-0.0741354747287537,0.08494953165463495,40
2026-10-07 02:30:00.008277,83837.26,122356071.61688313,83826641.52255157,0.18687032248079574,90000.0,7.350836608925437,0.13323464365337753,80000.0,-4.577034125399604,0.06807859655646915,40
2026-10-07 02:40:00.011445,83856.07,122795623.86158434,83773620.55376396,0.18890519456690721,90000.0,7.326756429200643,0.13330736213817138,80000.0,-4.59843872959943,0.06806367845540291,40
2026-10-07 02:50:00.017517,83862.48,123119415.24458632,83520232.58467808,0.19163400187667268,90000.0,7.318552945250367,0.13479557343928922,80000.0,-4.605730715333001,0.06780846750918933,40
2026-10-07 03:00:00.010099,83836.7,123938330.30859147,84253422.36535448,0.1906170990615006,90000.0,7.351553675180433,0.13456165631862868,80000.0,-4.576396733172938,0.06769079627510166,40
2026-10-07 03:10:00.004853,84068.58,97296512.15581721,112219664.28248009,-0.0712267299850127,90000.0,7.055454011474915,0.1348789822446002,84000.0,-0.08157625595675011,0.0919549089087677,40
2026-10-07 03:20:00.016125,84072.98,97516553.89177197,113373431.07741708,-0.07519028079006117,90000.0,7.049851212601244,0.13453187221470145,84000.0,-0.08680553490549858,0.09481171134672582,40
2026-10-07 03:29:59.997755,83955.9,129455800.93027796,82425261.43236788,0.22196669666218108,90000.0,7.199136689619201,0.13384764242121922,80000.0,-4.711878498116262,0.06487797579079642,40
2026-10-07 03:40:00.019029,84111.05,100188204.23641886,114969592.6051499,-0.06870022181727069,90000.0,7.001398746062493,0.1333920637937281,84000.0,-0.13202783700834164,0.09855110871196118,40
2026-10-07 03:49:59.995266,84210.85,104133516.31126484,91433833.08744507,0.06493764558790688,90000.0,6.874589200797754,0.13198625929480695,84000.0,-0.2503834125887616,0.09839248932341473,40
2026-10-07 04:00:00.017987,84130.43,102314369.28843503,115454191.04828238,-0.06033847006900511,90000.0,6.9767502674121795,0.13257036483018,84000.0,-0.15503308374864577,0.10196726828162855,40
2026-10-07 04:10:00.015674,84122.6,101575421.70294324,115221323.06231605,-0.06294329453215805,90000.0,6.986707495964217,0.1327744251686738,84000.0,-0.14573967043339797,0.1035436697250566,40
2026-10-07 04:20:00.019309,84071.25,99857977.5159426,118368438.80345368,-0.0848222758715845,90000.0,7.052054061287305,0.1320927677064921,84000.0,-0.08474954279852343,0.10711926436770905,40
2026-10-07 04:30:00.002732,84129.37,101603732.88848023,117897564.78255388,-0.07423114153289957,90000.0,6.978098136239463,0.13187798979424237,84000.0,-0.15377507284316527,0.10609004413389482,40
2026-10-07 04:40:00.006179,84084.39,99920586.37982005,118434289.07511696,-0.08478721923073194,90000.0,7.0353248682662795,0.13206850332759823,84000.0,-0.10036345628481325,0.10730830182896671,40
2026-10-07 04:50:00.010594,84114.43,101225349.7883823,116930324.85153463,-0.07198976184816012,90000.0,6.99709907087287,0.13239532315174377,84000.0,-0.13604086718532749,0.10702504804748136,40
2026-10-07 05:00:00.011039,84083.38,98371054.61664355,119928802.32079837,-0.09875291723316434,90000.0,7.036610564418311,0.13201096660524744,84000.0,-0.09916347320957364,0.10870644541250202,40
2026-10-07 05:10:00.015151,84181.78,102745870.07667013,116147640.87326697,-0.061225071215847714,90000.0,6.911495575408355,0.13248953862598342,84000.0,-0.21593746295219818,0.10740655167129153,40
2026-10-07 05:20:00.006339,84174.64,102562856.6379067,119115839.78399765,-0.07467105957077133,90000.0,6.920564198433166,0.13166703131800972,84000.0,-0.20747341479571135,0.10929489830866203,40
2026-10-07 05:30:00.022115,84177.74,102583732.6634396,119318341.87300889,-0.07541438828153249,90000.0,6.916626652129176,0.1310567712405425,84000.0,-0.2111484580127776,0.1094503176616165,40
2026-10-07 05:40:00.016996,84173.33,102378355.34017447,117487932.57375187,-0.06872166432123748,90000.0,6.92222821646713,0.13229337134927263,84000.0,-0.2059203312973379,0.11090571577104137,40
2026-10-07 05:50:00.017712,84265.27,106857112.0414876,92658538.82671848,0.07116521011250525,90000.0,6.805567703040638,0.13318919527327897,84000.0,-0.31480347716206225,0.10650405971309099,40
2026-10-07 06:00:00.012158,84308.93,109097427.05965146,91562783.60217935,0.08738475555087973,90000.0,6.750257653607994,0.13288846036544913,84000.0,-0.36642618996587384,0.10453059697101275,40
2026-10-07 06:10:00.013200,84304.81,108470916.96609625,91856108.3707829,0.08293842813955396,90000.0,6.7554745690074025,0.13164628879187898,84000.0,-0.36155706892643247,0.1059583785047722,40
2026-10-07 06:30:00.002965,84172.74,101349021.05747537,120187460.92552656,-0.08503538423751182,90000.0,6.922977676620712,0.13161820921159334,84000.0,-0.20522083515399636,0.11699922464979756,40
2026-10-07 06:39:59.989661,84271.37,107332416.19940415,93419688.67881498,0.06930302189871909,90000.0,6.797836560625514,0.13130681952923115,84000.0,-0.32201921008284673,0.11179771674012044,40
2026-10-07 06:50:00.014303,84271.25,107388497.57309057,94307270.10506244,0.06485623183180478,90000.0,6.797988637880659,0.1309947077022503,84000.0,-0.3218772713113882,0.11196455516520759,40
2026-10-07 07:00:00.001043,84200.87,101612663.58799616,120415486.38787033,-0.08468666158736159,90000.0,6.8872566281084735,0.13149467968336245,84000.0,-0.23856048043208178,0.12270468366652847,40
2026-10-07 07:10:00.016753,84121.04,97532544.97767371,125940195.70880646,-0.1271190868464226,90000.0,6.988691533057612,0.13081131248470618,84000.0,-0.14388790247956695,0.13228720136971092,40
2026-10-07 07:20:00.014476,84142.12,97602106.01238136,126925833.14522749,-0.13060168477412581,90000.0,6.961887815519741,0.13076658405328834,84000.0,-0.1689047055149051,0.13410017595343957,40
2026-10-07 07:30:00.020763,84208.16,100950869.2582914,120542986.97142887,-0.08845445217594522,90000.0,6.8780032718919415,0.13155035013364452,84000.0,-0.24719694623419608,0.12316390859400682,40
2026-10-07 07:40:00.014161,84207.33,98161811.02513546,119490452.21028541,-0.09799411624808188,90000.0,6.879056728196931,0.13294192006440012,84000.0,-0.2462137203495196,0.12249134975114064,40
2026-10-07 07:50:00.009880,84210.08,93541904.84681776,112413230.57094766,-0.09162833296606443,90000.0,6.875566440502134,0.13751505015439341,84000.0,-0.24947132219801382,0.10638518259171381,40
2026-10-07 08:00:00.007231,84105.79,90667376.43189077,105669386.61361197,-0.07640958294827521,90000.0,7.0080906439378365,0.14053486437465057,84000.0,-0.12578206565801997,0.07919795552591113,40
2026-10-07 08:10:00.006188,84048.63,91987743.12541169,109174379.60782284,-0.0854367425084429,90000.0,7.080864970672329,0.13860618179535694,84000.0,-0.05785936070582531,0.07871693142180314,40
2026-10-07 08:20:00.009794,83969.28,118162065.93434352,82661580.17512023,0.17677443093465642,90000.0,7.18205515159831,0.1350718693539674,80000.0,-4.727062087468181,0.06788275510886897,40
2026-10-07 08:30:00.008934,84021.3,91888678.48803416,110370232.35226339,-0.09137572128439947,90000.0,7.1156956628854795,0.1348079700929068,84000.0,-0.025350714640215433,0.08026625898830789,40
2026-10-07 08:40:00.007889,84023.45,98897124.20726569,113840264.12795082,-0.070242189384871,90000.0,7.112954776315417,0.1310537955505451,84000.0,-0.02790887543893117,0.08005919359122696,40
2026-10-07 08:50:00.010627,83985.13,126878536.14541203,86110987.072651,0.19140635866404743,90000.0,7.161827337768001,0.13088983916078248,80000.0,-4.745042366428443,0.07324334939808097,40
2026-10-07 09:00:00.008322,83927.92,126549363.24255131,86342383.63626128,0.1888611474881533,90000.0,7.234874878347997,0.1306529431065885,80000.0,-4.68011121924623,0.07325363876843899,40
2026-10-07 09:10:00.014051,83897.72,126631320.83832769,86989207.908332,0.18557258126164786,90000.0,7.273475369771676,0.13028282265998412,80000.0,-4.645799671314077,0.07308938906195439,40
2026-10-07 09:20:00.000102,83768.85,107349084.22246212,88550793.29185577,0.09595866607539061,90000.0,7.438504885766006,0.13028835781785658,80000.0,-4.499106768207994,0.07309039615638391,40
2026-10-07 09:30:00.014931,83828.77,124747053.54611506,88377033.91150016,0.1706518492042714,90000.0,7.361708873934325,0.13033940625566134,80000.0,-4.56736988983616,0.07311826051340217,40
2026-10-07 09:40:00.004913,83650.63,101181128.04258333,92247931.68909729,0.046183320985367586,90000.0,7.590343312417369,0.13069600570247236,80000.0,-4.364139277851232,0.07625437607489037,41
2026-10-07 09:50:00.007152,83806.06,106298948.39101776,88862166.11547753,0.08934557644658207,90000.0,7.390802049398348,0.13044934344406262,80000.0,-4.541509289423695,0.07306882985585167,40
2026-10-07 10:00:00.000106,83783.25,106076552.01880196,89762012.41968724,0.08330606204090583,90000.0,7.420039208314311,0.13013397738162488,80000.0,-4.51552070372061,0.07289218328523515,40
