open_time_ms,Open,High,Low,Close,Volume,close_time_ms,quote_vol,n_trades,taker_base,taker_quote,ignore,open_time_utc
1781481600000,65746.45,65923.0,65480.69,65625.99,1043.52596,1781485199999,68550488.36559450,175233,509.73192000,33499508.89379230,0,2026-06-15 00:00:00+00:00
1781485200000,65626.0,65734.87,65354.0,65525.0,855.38843,1781488799999,56077183.17316820,137154,337.66998000,22135349.88638910,0,2026-06-15 01:00:00+00:00
1781488800000,65525.01,65775.15,65415.02,65472.01,587.73145,1781492399999,38539321.10234910,96638,281.99495000,18494388.86269650,0,2026-06-15 02:00:00+00:00
1781492400000,65472.01,65995.0,65422.83,65927.1,767.65798,1781495999999,50472455.65225540,123001,386.01793000,25391175.15301850,0,2026-06-15 03:00:00+00:00
1781496000000,65927.11,65927.11,65633.28,65644.01,564.25779,1781499599999,37082692.54148800,79503,241.66342000,15879307.66357660,0,2026-06-15 04:00:00+00:00
1781499600000,65644.0,65872.0,65611.01,65858.01,477.26671,1781503199999,31355279.19931100,66485,311.16380000,20440728.97570990,0,2026-06-15 05:00:00+00:00
1781503200000,65858.0,65967.27,65775.45,65812.01,365.24859,1781506799999,24056668.54510080,71717,149.93234000,9876685.99840850,0,2026-06-15 06:00:00+00:00
1781506800000,65812.01,66000.0,65628.45,65674.76,574.31747,1781510399999,37789088.55829180,95605,263.14480000,17320995.34368090,0,2026-06-15 07:00:00+00:00
1781510400000,65674.76,65800.0,65620.0,65662.01,363.0048,1781513999999,23845600.68898500,68659,185.51209000,12185815.54895170,0,2026-06-15 08:00:00+00:00
1781514000000,65662.0,65779.5,65512.0,65596.86,344.30264,1781517599999,22599468.01200890,69955,168.84239000,11082419.60965640,0,2026-06-15 09:00:00+00:00
1781517600000,65596.86,65973.15,65584.37,65917.37,544.78922,1781521199999,35847453.90652950,79895,274.76722000,18082457.01526110,0,2026-06-15 10:00:00+00:00
1781521200000,65917.37,66385.12,65832.78,66233.9,1293.72734,1781524799999,85604358.29009050,225903,600.34130000,39713186.05841720,0,2026-06-15 11:00:00+00:00
1781524800000,66233.89,66600.91,66106.0,66563.49,987.26981,1781528399999,65495575.30769450,144746,516.40415000,34261634.59352620,0,2026-06-15 12:00:00+00:00
1781528400000,66563.48,66949.22,66412.0,66447.05,1919.26303,1781531999999,127974451.38020450,253336,1025.72954000,68395504.12646210,0,2026-06-15 13:00:00+00:00
1781532000000,66447.06,66675.83,66251.58,66591.55,940.8464,1781535599999,62508954.49105490,154448,423.93249000,28177293.33364430,0,2026-06-15 14:00:00+00:00
1781535600000,66591.54,67292.15,66580.42,67292.14,1466.9579,1781539199999,98208951.29217670,199612,829.81277000,55557772.26500850,0,2026-06-15 15:00:00+00:00
1781539200000,67292.15,67292.15,67088.83,67157.99,1096.95936,1781542799999,73692256.89787540,179367,463.77003000,31154887.40829150,0,2026-06-15 16:00:00+00:00
1781542800000,67158.0,67158.0,66585.26,66851.79,1340.24388,1781546399999,89600781.33074970,167012,445.26166000,29773688.94405640,0,2026-06-15 17:00:00+00:00
1781546400000,66851.8,66933.86,66715.61,66766.12,590.69175,1781549999999,39476785.83699650,126652,305.62539000,20424697.72115210,0,2026-06-15 18:00:00+00:00
1781550000000,66766.13,66889.85,66348.0,66614.35,780.39583,1781553599999,52002002.99808010,169428,367.26213000,24470107.31264310,0,2026-06-15 19:00:00+00:00
1781553600000,66615.98,66681.3,66489.86,66519.98,339.47285,1781557199999,22597846.17507270,97772,190.45698000,12678085.45649010,0,2026-06-15 20:00:00+00:00
1781557200000,66519.99,66567.38,66314.34,66368.15,347.81382,1781560799999,23113606.07380440,92447,131.14621000,8715295.72026270,0,2026-06-15 21:00:00+00:00
1781560800000,66368.15,66476.64,66076.56,66206.34,520.15584,1781564399999,34466942.58598210,160615,258.69663000,17148305.44060360,0,2026-06-15 22:00:00+00:00
1781564400000,66206.34,66368.0,66116.59,66328.74,448.51217,1781567999999,29717028.13310990,105311,158.44391000,10493530.61762760,0,2026-06-15 23:00:00+00:00
1781568000000,66328.74,66463.26,66242.0,66250.0,457.62239,1781571599999,30368144.32797230,100700,189.00547000,12539787.85736420,0,2026-06-16 00:00:00+00:00
1781571600000,66250.0,66418.01,66248.93,66346.52,456.63949,1781575199999,30292274.66356340,82161,197.53136000,13103109.84356070,0,2026-06-16 01:00:00+00:00
1781575200000,66346.51,66367.69,65678.14,65741.99,964.73227,1781578799999,63645550.14816130,155977,396.59651000,26171077.82705220,0,2026-06-16 02:00:00+00:00
1781578800000,65742.0,66166.61,65650.0,66165.21,802.10485,1781582399999,52878277.78227530,94943,441.98391000,29139772.03694210,0,2026-06-16 03:00:00+00:00
1781582400000,66165.21,66301.83,65802.0,65840.09,694.50218,1781585999999,45830171.19915770,104123,324.02991000,21393938.51470620,0,2026-06-16 04:00:00+00:00
1781586000000,65840.1,66150.22,65840.09,66045.0,739.41945,1781589599999,48831353.49291890,81120,426.88754000,28188432.18908830,0,2026-06-16 05:00:00+00:00
1781589600000,66044.99,66572.99,66044.99,66446.0,556.56171,1781593199999,36941542.65512700,89508,360.02682000,23891162.15156350,0,2026-06-16 06:00:00+00:00
1781593200000,66446.01,66527.23,66300.1,66372.0,385.79165,1781596799999,25609125.49548000,83861,201.93741000,13404291.69301740,0,2026-06-16 07:00:00+00:00
1781596800000,66372.0,66992.0,66345.06,66899.61,688.96018,1781600399999,45900589.05571730,148871,391.38929000,26078972.19382450,0,2026-06-16 08:00:00+00:00
1781600400000,66899.61,66923.99,66474.74,66510.0,600.75927,1781603999999,40055348.39118870,129159,243.56464000,16243277.24682010,0,2026-06-16 09:00:00+00:00
1781604000000,66510.01,66778.0,66486.38,66514.0,387.22813,1781607599999,25793879.25008350,103524,228.06983000,15192175.73370500,0,2026-06-16 10:00:00+00:00
1781607600000,66514.01,66643.23,66368.36,66481.73,467.239,1781611199999,31048324.69886440,96607,218.30851000,14506871.71868600,0,2026-06-16 11:00:00+00:00
1781611200000,66481.73,66818.0,66368.0,66429.83,562.31913,1781614799999,37422119.93476350,182445,284.52457000,18938530.21031710,0,2026-06-16 12:00:00+00:00
1781614800000,66429.84,66463.13,65928.16,66052.0,1347.85119,1781618399999,89122781.67774110,244169,454.00939000,30014581.99695010,0,2026-06-16 13:00:00+00:00
1781618400000,66052.01,66265.8,65360.92,65654.9,1491.76291,1781621999999,98019160.93623890,314094,556.98215000,36597776.10087940,0,2026-06-16 14:00:00+00:00
1781622000000,65654.9,65999.78,65614.3,65859.76,788.81576,1781625599999,51903803.20845950,205643,367.46078000,24177312.47911190,0,2026-06-16 15:00:00+00:00
1781625600000,65859.76,65953.97,65706.0,65758.07,338.72091,1781629199999,22286813.66166960,122815,139.74708000,9194815.50705000,0,2026-06-16 16:00:00+00:00
1781629200000,65758.07,66011.47,65710.34,65978.79,383.38742,1781632799999,25241707.30963040,105857,217.18310000,14303510.56624290,0,2026-06-16 17:00:00+00:00
1781632800000,65978.78,66248.69,65802.0,65847.99,522.72648,1781636399999,34499667.16524040,130649,300.64595000,19841518.17027940,0,2026-06-16 18:00:00+00:00
1781636400000,65848.0,65848.0,65560.0,65675.88,617.37667,1781639999999,40546401.41417040,128248,258.08382000,16950966.01637170,0,2026-06-16 19:00:00+00:00
1781640000000,65675.89,65865.92,65592.0,65854.0,261.11445,1781643599999,17167553.68120140,70933,128.34586000,8439829.18705440,0,2026-06-16 20:00:00+00:00
1781643600000,65854.0,65938.0,65654.9,65776.97,351.42219,1781647199999,23121806.21020230,64306,160.34932000,10550823.67047570,0,2026-06-16 21:00:00+00:00
1781647200000,65776.97,65882.0,65680.0,65780.0,228.62751,1781650799999,15035759.62462780,63107,136.71127000,8990318.73622140,0,2026-06-16 22:00:00+00:00
1781650800000,65780.01,65834.19,65626.9,65675.01,206.37282,1781654399999,13563028.26738550,61809,86.22670000,5666402.84607640,0,2026-06-16 23:00:00+00:00
1781654400000,65675.02,65848.0,65675.02,65700.0,332.30374,1781657999999,21852975.91819030,74923,146.34180000,9625200.76915820,0,2026-06-17 00:00:00+00:00
1781658000000,65700.0,65956.56,65477.5,65940.0,549.42502,1781661599999,36101553.11843780,119047,345.29732000,22692076.92515850,0,2026-06-17 01:00:00+00:00
1781661600000,65940.0,66200.0,65788.0,65904.0,974.93815,1781665199999,64292532.85597270,119631,555.69161000,36651619.01683440,0,2026-06-17 02:00:00+00:00
1781665200000,65903.99,65904.0,65703.45,65851.99,563.57309,1781668799999,37087365.32311970,70220,210.96364000,13882427.70252710,0,2026-06-17 03:00:00+00:00
1781668800000,65852.0,66048.19,65788.31,65892.0,473.33682,1781672399999,31190416.53231190,56980,237.24159000,15633573.38332260,0,2026-06-17 04:00:00+00:00
1781672400000,65892.01,65978.0,65746.51,65836.3,536.04504,1781675999999,35291320.98244830,61396,253.33313000,16678273.95829370,0,2026-06-17 05:00:00+00:00
1781676000000,65836.3,65896.45,65582.63,65624.0,378.80773,1781679599999,24893605.00377270,67028,155.93228000,10248228.17631590,0,2026-06-17 06:00:00+00:00
1781679600000,65624.01,65710.0,65251.0,65539.5,697.28548,1781683199999,45655904.40765310,118679,291.59187000,19099850.26292160,0,2026-06-17 07:00:00+00:00
1781683200000,65539.51,65574.0,64833.07,64926.02,992.25057,1781686799999,64620596.40632610,143396,318.32557000,20735773.05408200,0,2026-06-17 08:00:00+00:00
1781686800000,64926.02,65076.76,64842.01,64909.44,859.97592,1781690399999,55856735.84597380,91669,549.57880000,35697759.41586940,0,2026-06-17 09:00:00+00:00
1781690400000,64909.44,64993.97,64768.0,64798.0,597.7384,1781693999999,38779654.58835200,106385,282.78684000,18347837.67983800,0,2026-06-17 10:00:00+00:00
1781694000000,64798.0,64868.21,64565.0,64810.01,641.24645,1781697599999,41489679.68949260,142704,309.39115000,20019064.13351940,0,2026-06-17 11:00:00+00:00
1781697600000,64810.01,65108.0,64590.53,65040.88,557.73466,1781701199999,36151085.84896380,141626,280.35871000,18177976.14572490,0,2026-06-17 12:00:00+00:00
1781701200000,65040.88,65369.53,64850.0,65278.0,961.56723,1781704799999,62634372.94803190,188583,560.93101000,36541966.89529520,0,2026-06-17 13:00:00+00:00
1781704800000,65278.0,65461.38,64772.72,65101.45,799.61288,1781708399999,52118607.30298430,241637,417.02998000,27185915.85940670,0,2026-06-17 14:00:00+00:00
1781708400000,65101.45,65855.66,64987.74,65752.0,1172.17515,1781711999999,76797923.09460180,214464,618.52470000,40526220.12314760,0,2026-06-17 15:00:00+00:00
1781712000000,65751.99,66445.93,65722.0,65864.12,1421.90632,1781715599999,93837172.46392170,248191,679.32460000,44867950.25921420,0,2026-06-17 16:00:00+00:00
1781715600000,65864.13,66191.98,65800.0,66104.08,377.59846,1781719199999,24907311.60877530,137823,187.03905000,12340605.85048100,0,2026-06-17 17:00:00+00:00
1781719200000,66107.99,66107.99,64800.0,65516.0,2242.57142,1781722799999,146945357.05637410,526846,1090.52008000,71442651.63137300,0,2026-06-17 18:00:00+00:00
1781722800000,65516.0,65666.0,63998.35,64301.85,2173.5643,1781726399999,140184616.67445060,514012,984.83734000,63495639.51873310,0,2026-06-17 19:00:00+00:00
1781726400000,64301.85,64488.96,64181.33,64434.36,504.85432,1781729999999,32483238.85472170,180344,259.60817000,16706020.51552360,0,2026-06-17 20:00:00+00:00
1781730000000,64434.36,64452.0,64142.0,64257.77,458.08471,1781733599999,29453765.50292720,119924,193.92494000,12467645.37722070,0,2026-06-17 21:00:00+00:00
1781733600000,64257.77,64434.84,63915.77,64300.01,492.23769,1781737199999,31601049.54818560,145409,246.73121000,15842125.92551000,0,2026-06-17 22:00:00+00:00
1781737200000,64300.01,64529.2,64248.0,64509.4,289.82054,1781740799999,18671706.50624630,102206,169.00269000,10889190.15704660,0,2026-06-17 23:00:00+00:00
1781740800000,64509.4,64702.0,64457.67,64468.01,396.7915,1781744399999,25629422.37747070,108439,197.49273000,12756094.01788760,0,2026-06-18 00:00:00+00:00
1781744400000,64468.01,64806.0,64466.3,64548.74,382.95414,1781747999999,24762548.06043640,106630,222.31694000,14377301.85188350,0,2026-06-18 01:00:00+00:00
1781748000000,64548.75,64776.66,64488.0,64689.5,323.93999,1781751599999,20950236.06420020,82799,186.10622000,12034406.82667270,0,2026-06-18 02:00:00+00:00
1781751600000,64689.5,64689.5,64267.86,64282.82,548.57792,1781755199999,35330803.28037920,93807,267.69151000,17234673.24004870,0,2026-06-18 03:00:00+00:00
1781755200000,64282.82,64347.09,63826.93,63883.41,831.20199,1781758799999,53201655.97615000,175593,338.16865000,21643310.68409820,0,2026-06-18 04:00:00+00:00
1781758800000,63883.26,64020.0,63696.29,63994.0,597.91477,1781762399999,38185018.68431030,143720,226.53487000,14474338.10307840,0,2026-06-18 05:00:00+00:00
1781762400000,63994.0,64134.33,63850.0,64083.41,767.55142,1781765999999,49132177.18923510,97665,458.61133000,29359600.87381310,0,2026-06-18 06:00:00+00:00
1781766000000,64084.0,64510.5,64015.42,64510.44,524.85633,1781769599999,33739505.29945400,97302,261.80481000,16829279.41709410,0,2026-06-18 07:00:00+00:00
1781769600000,64510.45,64646.75,64378.25,64399.92,714.20438,1781773199999,46073567.01854960,106080,226.19462000,14592635.30440260,0,2026-06-18 08:00:00+00:00
1781773200000,64399.93,64478.0,64196.14,64199.53,300.31875,1781776799999,19317405.36662450,84227,132.34651000,8514948.67851020,0,2026-06-18 09:00:00+00:00
1781776800000,64199.53,64223.79,63910.0,64078.61,445.57306,1781780399999,28529224.12335910,105015,181.44155000,11618954.11524090,0,2026-06-18 10:00:00+00:00
1781780400000,64078.61,64196.0,63878.14,63974.4,378.00473,1781783999999,24184804.40318890,94902,165.85271000,10612303.35097260,0,2026-06-18 11:00:00+00:00
1781784000000,63974.4,64402.01,63922.0,64378.07,417.60478,1781787599999,26791351.23006840,121658,217.65583000,13964079.29565980,0,2026-06-18 12:00:00+00:00
1781787600000,64378.06,64445.19,63800.0,63984.0,984.80789,1781791199999,63192454.44332360,226901,519.64113000,33357053.07607970,0,2026-06-18 13:00:00+00:00
1781791200000,63983.99,64203.66,63587.3,63816.61,998.41474,1781794799999,63762248.31572620,297660,502.05098000,32071572.96518400,0,2026-06-18 14:00:00+00:00
1781794800000,63816.61,63825.99,62293.76,62369.44,2793.66043,1781798399999,176099274.85994380,475039,1166.82239000,73570746.81656900,0,2026-06-18 15:00:00+00:00
1781798400000,62369.43,62814.0,62349.42,62688.0,1271.71361,1781801999999,79655196.57267310,263533,692.76492000,43387029.82480570,0,2026-06-18 16:00:00+00:00
1781802000000,62688.0,62750.0,62272.07,62606.0,1003.68212,1781805599999,62761769.55821430,198226,496.04043000,31022876.25362470,0,2026-06-18 17:00:00+00:00
1781805600000,62606.0,62959.75,62580.01,62708.92,727.06223,1781809199999,45630435.93191680,179488,370.99795000,23282653.07114700,0,2026-06-18 18:00:00+00:00
1781809200000,62708.93,63008.33,62636.0,62950.79,577.63764,1781812799999,36313040.85357520,139167,314.76772000,19789201.38923420,0,2026-06-18 19:00:00+00:00
1781812800000,62950.79,63274.19,62950.79,63086.0,684.93429,1781816399999,43236575.64316310,136414,362.93592000,22910353.62680780,0,2026-06-18 20:00:00+00:00
1781816400000,63086.0,63121.81,62870.39,62971.32,466.34172,1781819999999,29374643.28600560,90438,215.93748000,13601825.75154660,0,2026-06-18 21:00:00+00:00
1781820000000,62971.32,62990.0,62742.0,62885.85,290.36064,1781823599999,18250197.99891770,66089,157.26762000,9886495.06536150,0,2026-06-18 22:00:00+00:00
1781823600000,62885.84,62985.12,62756.6,62958.01,507.48754,1781827199999,31911824.65552310,83139,267.21770000,16801847.46308820,0,2026-06-18 23:00:00+00:00
1781827200000,62958.01,63086.0,62840.0,63020.0,786.22825,1781830799999,49519737.29162320,88062,360.75437000,22720438.43479510,0,2026-06-19 00:00:00+00:00
1781830800000,63020.0,63100.0,62852.01,63021.86,542.43308,1781834399999,34164445.19475680,94953,295.06201000,18583559.00608920,0,2026-06-19 01:00:00+00:00
1781834400000,63021.86,63110.29,62893.71,63006.0,304.818,1781837999999,19202686.35147400,70828,155.16692000,9775188.66179260,0,2026-06-19 02:00:00+00:00
1781838000000,63006.01,63029.64,62386.9,62773.51,835.4402,1781841599999,52360713.91958570,142753,299.52384000,18775257.29329390,0,2026-06-19 03:00:00+00:00
1781841600000,62773.52,62916.66,62409.55,62452.01,390.96231,1781845199999,24492367.83904170,118665,185.26454000,11608870.04047260,0,2026-06-19 04:00:00+00:00
1781845200000,62452.01,62744.92,62452.0,62739.2,361.83315,1781848799999,22661555.41013110,92897,188.19809000,11785622.70039590,0,2026-06-19 05:00:00+00:00
1781848800000,62739.2,62914.73,62728.0,62894.08,252.94439,1781852399999,15886968.35519390,75455,154.32046000,9692271.02687440,0,2026-06-19 06:00:00+00:00
1781852400000,62894.09,62917.32,62504.27,62629.99,636.21109,1781855999999,39848657.95345720,116470,367.30516000,23000655.59785880,0,2026-06-19 07:00:00+00:00
1781856000000,62630.0,62782.0,62533.33,62603.99,431.84041,1781859599999,27052055.75285880,83540,251.00592000,15724656.95147300,0,2026-06-19 08:00:00+00:00
1781859600000,62604.0,62654.0,62316.44,62390.0,921.6732,1781863199999,57538548.86810380,130175,454.25338000,28355966.30263700,0,2026-06-19 09:00:00+00:00
1781863200000,62390.01,62587.27,62383.76,62533.25,761.99981,1781866799999,47613535.83178210,119390,311.74386000,19478408.99509890,0,2026-06-19 10:00:00+00:00
1781866800000,62533.24,62684.0,62452.52,62626.0,1001.15104,1781870399999,62664706.56262010,90447,377.83978000,23646297.93393250,0,2026-06-19 11:00:00+00:00
1781870400000,62626.0,62872.99,62353.0,62830.01,630.52118,1781873999999,39470878.62628920,131646,339.30624000,21242265.87126720,0,2026-06-19 12:00:00+00:00
1781874000000,62830.01,63415.0,62666.0,63210.0,1078.35943,1781877599999,68006863.16176620,192948,638.52047000,40259263.33348730,0,2026-06-19 13:00:00+00:00
1781877600000,63210.0,63419.27,63010.0,63203.53,665.42698,1781881199999,42063454.53415050,197338,251.87631000,15925848.43987550,0,2026-06-19 14:00:00+00:00
1781881200000,63203.54,63283.86,63019.26,63214.01,527.206,1781884799999,33303084.76715760,156194,214.00391000,13518846.33859450,0,2026-06-19 15:00:00+00:00
1781884800000,63214.01,63387.8,62918.98,62971.99,1021.4111,1781888399999,64580449.15375650,164858,381.22434000,24119176.52908970,0,2026-06-19 16:00:00+00:00
1781888400000,62972.0,63263.49,62866.99,63198.01,840.75861,1781891999999,53035002.04118690,155816,504.38824000,31829524.77853250,0,2026-06-19 17:00:00+00:00
1781892000000,63198.0,63201.95,62991.37,63110.01,341.96414,1781895599999,21580970.26781260,90956,141.80430000,8949744.50701770,0,2026-06-19 18:00:00+00:00
1781895600000,63110.01,63140.0,62942.0,63021.6,283.46164,1781899199999,17868914.86551930,73876,91.02112000,5737579.79066250,0,2026-06-19 19:00:00+00:00
1781899200000,63021.6,63274.0,62958.59,63250.01,217.92541,1781902799999,13751344.79033290,69458,91.96372000,5803766.51924690,0,2026-06-19 20:00:00+00:00
1781902800000,63250.01,63275.64,63060.0,63075.98,181.69443,1781906399999,11476268.31801560,63376,75.15176000,4746615.06299140,0,2026-06-19 21:00:00+00:00
1781906400000,63075.99,63369.48,63048.0,63315.28,541.93138,1781909999999,34264142.03736090,65858,234.68426000,14836207.64625540,0,2026-06-19 22:00:00+00:00
1781910000000,63315.29,63666.0,63276.0,63543.91,689.22877,1781913599999,43695600.88134080,85959,344.82664000,21865496.51216220,0,2026-06-19 23:00:00+00:00
1781913600000,63543.9,63777.0,63470.0,63530.01,640.14667,1781917199999,40707663.09226200,121182,317.59835000,20195737.21542660,0,2026-06-20 00:00:00+00:00
1781917200000,63530.01,63616.23,63404.0,63586.28,348.64849,1781920799999,22138186.57897600,71942,199.39951000,12660588.89063660,0,2026-06-20 01:00:00+00:00
1781920800000,63586.27,63586.27,63336.01,63340.57,358.87789,1781924399999,22758448.11305130,68463,110.26002000,6991323.28000490,0,2026-06-20 02:00:00+00:00
1781924400000,63340.58,63510.0,63320.14,63476.79,268.88477,1781927999999,17054693.95156500,51020,151.48828000,9610024.84299860,0,2026-06-20 03:00:00+00:00
1781928000000,63476.79,63613.59,63402.0,63583.53,228.62975,1781931599999,14521572.99295720,49082,107.18415000,6809908.71587670,0,2026-06-20 04:00:00+00:00
1781931600000,63583.53,63907.07,63543.46,63678.07,477.24749,1781935199999,30413530.51342480,100201,282.38244000,17996058.27424750,0,2026-06-20 05:00:00+00:00
1781935200000,63678.07,63761.99,63640.36,63744.61,191.88822,1781938799999,12224549.87662100,48178,103.16725000,6572874.28984940,0,2026-06-20 06:00:00+00:00
1781938800000,63744.61,63800.0,63594.37,63655.21,448.4829,1781942399999,28584017.42184220,70422,211.54052000,13482310.75724320,0,2026-06-20 07:00:00+00:00
1781942400000,63655.21,63664.39,63392.41,63417.97,547.04803,1781945999999,34736903.25217500,70209,204.53999000,12987933.11243510,0,2026-06-20 08:00:00+00:00
1781946000000,63417.98,63787.74,63417.98,63741.16,349.02093,1781949599999,22194344.73630520,69048,211.91805000,13475790.51534620,0,2026-06-20 09:00:00+00:00
1781949600000,63741.16,63777.5,63592.44,63674.7,270.1692,1781953199999,17206848.83845430,47278,98.42687000,6269133.22060190,0,2026-06-20 10:00:00+00:00
1781953200000,63674.71,63798.76,63620.74,63688.0,315.13807,1781956799999,20069649.98674600,43646,167.47349000,10665382.06889000,0,2026-06-20 11:00:00+00:00
1781956800000,63688.0,63785.76,63537.99,63655.09,292.10361,1781960399999,18602225.55736760,54586,158.75926000,10110181.33159750,0,2026-06-20 12:00:00+00:00
1781960400000,63655.1,63655.1,63278.0,63397.78,412.69589,1781963999999,26175619.31350370,91173,187.36932000,11883007.64406410,0,2026-06-20 13:00:00+00:00
1781964000000,63397.77,64150.0,63184.21,63949.9,1101.98952,1781967599999,70157672.52163330,196432,587.86079000,37470903.45635070,0,2026-06-20 14:00:00+00:00
1781967600000,63949.9,64388.0,63836.0,64160.04,916.57166,1781971199999,58777200.86059390,198394,510.97972000,32763542.05492720,0,2026-06-20 15:00:00+00:00
1781971200000,64160.04,64167.26,63902.58,64034.31,403.42996,1781974799999,25825331.24582410,124149,192.94529000,12351527.52364170,0,2026-06-20 16:00:00+00:00
1781974800000,64034.31,64041.07,63730.21,63834.7,482.18112,1781978399999,30803826.48043450,127375,168.91037000,10793139.45311510,0,2026-06-20 17:00:00+00:00
1781978400000,63834.7,63928.4,63788.0,63805.89,119.99479,1781981999999,7661305.13420180,48309,66.93977000,4274123.45217140,0,2026-06-20 18:00:00+00:00
1781982000000,63805.9,63968.0,63798.0,63936.0,173.41555,1781985599999,11080948.50453580,54582,111.02592000,7094222.42073250,0,2026-06-20 19:00:00+00:00
1781985600000,63935.99,63981.09,63853.31,63925.99,210.00109,1781989199999,13424167.57698160,43754,56.89124000,3636589.16847300,0,2026-06-20 20:00:00+00:00
1781989200000,63926.0,64092.91,63918.29,64012.4,272.00511,1781992799999,17405324.27446470,70462,117.31717000,7507181.14523050,0,2026-06-20 21:00:00+00:00
1781992800000,64012.39,64350.0,63978.12,64272.01,446.43904,1781996399999,28667859.22118200,99128,200.56736000,12879376.03750760,0,2026-06-20 22:00:00+00:00
1781996400000,64272.0,64336.91,64250.02,64298.01,247.09349,1781999999999,15885321.71063930,51066,144.91366000,9315840.74086490,0,2026-06-20 23:00:00+00:00
1782000000000,64298.01,64322.91,64237.31,64294.0,425.19081,1782003599999,27328722.28372010,42158,215.71316000,13864702.32926110,0,2026-06-21 00:00:00+00:00
1782003600000,64294.0,64323.68,64206.17,64248.0,486.06931,1782007199999,31227606.55024600,50456,117.93843000,7577892.29866890,0,2026-06-21 01:00:00+00:00
1782007200000,64248.0,64275.12,64216.05,64241.25,230.0633,1782010799999,14780488.89377360,40822,104.10731000,6688837.60340580,0,2026-06-21 02:00:00+00:00
1782010800000,64241.26,64472.99,64234.0,64426.0,409.22163,1782014399999,26345662.75881720,73844,282.54079000,18189667.87981230,0,2026-06-21 03:00:00+00:00
1782014400000,64426.0,64588.0,64269.45,64276.12,379.39058,1782017999999,24451616.55273650,76698,210.92645000,13596194.43860880,0,2026-06-21 04:00:00+00:00
1782018000000,64276.12,64365.43,64225.6,64256.55,166.55047,1782021599999,10705100.22525790,44167,79.38338000,5102849.87607380,0,2026-06-21 05:00:00+00:00
1782021600000,64256.56,64323.99,64200.0,64303.46,142.55901,1782025199999,9162049.21668080,33110,80.09574000,5148029.90696080,0,2026-06-21 06:00:00+00:00
1782025200000,64303.47,64303.47,64173.08,64191.07,302.97907,1782028799999,19458367.93452150,38924,102.70537000,6595289.80335060,0,2026-06-21 07:00:00+00:00
1782028800000,64191.06,64228.0,63900.17,64014.0,328.07237,1782032399999,21010754.76760720,62260,131.75639000,8439736.71757560,0,2026-06-21 08:00:00+00:00
1782032400000,64014.0,64246.0,63961.28,64209.16,221.03822,1782035999999,14166363.32615650,50891,109.10319000,6995084.49374020,0,2026-06-21 09:00:00+00:00
1782036000000,64209.16,64408.0,64204.0,64365.99,286.23088,1782039599999,18411262.73873760,56345,163.21432000,10497574.16936240,0,2026-06-21 10:00:00+00:00
1782039600000,64366.0,64483.95,64112.01,64176.0,438.27788,1782043199999,28177934.57805440,109353,222.30328000,14296671.11746900,0,2026-06-21 11:00:00+00:00
1782043200000,64176.0,64235.13,63952.0,64200.0,359.32606,1782046799999,23020290.63176620,83105,186.63152000,11956731.64957090,0,2026-06-21 12:00:00+00:00
1782046800000,64200.0,64200.0,64020.01,64146.0,161.65202,1782050399999,10364927.24418360,53393,83.22186000,5336766.39768670,0,2026-06-21 13:00:00+00:00
1782050400000,64146.0,64154.0,64004.0,64145.97,189.32902,1782053999999,12129348.33900610,54464,81.81992000,5242252.63832080,0,2026-06-21 14:00:00+00:00
1782054000000,64145.97,64355.88,64120.0,64224.0,390.79222,1782057599999,25113334.39244540,70360,223.48845000,14361402.35044540,0,2026-06-21 15:00:00+00:00
1782057600000,64224.0,64254.38,64046.0,64145.31,236.79134,1782061199999,15191891.15170060,74742,111.33051000,7142286.36815280,0,2026-06-21 16:00:00+00:00
1782061200000,64145.32,64221.44,64080.0,64151.46,205.04149,1782064799999,13154792.19214500,44315,102.88340000,6599857.43294490,0,2026-06-21 17:00:00+00:00
1782064800000,64151.47,64240.0,63933.47,64213.81,270.92869,1782068399999,17371302.88758560,83745,151.49493000,9715930.93651330,0,2026-06-21 18:00:00+00:00
1782068400000,64213.82,64298.84,64168.73,64207.12,189.28721,1782071999999,12155827.20571240,47493,99.03400000,6359693.00867260,0,2026-06-21 19:00:00+00:00
1782072000000,64207.13,64271.21,63700.0,63848.0,420.72845,1782075599999,26883641.10212370,86417,153.09069000,9783809.55195380,0,2026-06-21 20:00:00+00:00
1782075600000,63848.0,63969.59,63510.0,63808.01,752.88497,1782079199999,47984945.36352610,157591,357.87894000,22812015.20822040,0,2026-06-21 21:00:00+00:00
1782079200000,63808.0,63864.0,63575.04,63801.59,437.50041,1782082799999,27867595.41753950,144112,204.15164000,13003529.93042720,0,2026-06-21 22:00:00+00:00
1782082800000,63801.6,63801.6,63270.0,63311.99,604.75792,1782086399999,38398349.98216880,189529,258.32015000,16396103.31303750,0,2026-06-21 23:00:00+00:00
1782086400000,63312.0,64094.0,63312.0,63896.01,709.82748,1782089999999,45235372.69870090,193115,458.90520000,29244707.66169480,0,2026-06-22 00:00:00+00:00
1782090000000,63896.0,64823.52,63850.8,64606.0,1331.90666,1782093599999,85861106.49432870,281614,759.23218000,48941027.66662690,0,2026-06-22 01:00:00+00:00
1782093600000,64606.0,64663.99,64250.0,64257.99,370.38632,1782097199999,23886311.46883970,118103,138.59470000,8940186.37207150,0,2026-06-22 02:00:00+00:00
1782097200000,64258.0,64459.44,63894.98,63974.01,796.48727,1782100799999,51102437.16955500,177126,346.48362000,22241729.42238940,0,2026-06-22 03:00:00+00:00
1782100800000,63974.01,64116.44,63868.41,64100.02,327.45142,1782104399999,20950323.10706710,108093,151.85693000,9717009.49364710,0,2026-06-22 04:00:00+00:00
1782104400000,64100.01,64344.17,64088.64,64247.74,1091.63692,1782107999999,70134349.37610170,90148,624.88716000,40140915.78981870,0,2026-06-22 05:00:00+00:00
1782108000000,64247.74,64326.0,63946.0,63989.95,416.9007,1782111599999,26715790.22398460,83718,168.71524000,10813070.59910400,0,2026-06-22 06:00:00+00:00
1782111600000,63989.96,64397.57,63968.23,64211.19,352.4108,1782115199999,22634570.09804600,102279,180.83173000,11614438.25168380,0,2026-06-22 07:00:00+00:00
1782115200000,64211.2,64350.58,64044.0,64165.99,368.11506,1782118799999,23635362.32247330,98857,167.63190000,10763786.36290260,0,2026-06-22 08:00:00+00:00
1782118800000,64166.0,64256.2,64052.17,64145.39,200.06309,1782122399999,12832924.24322380,81031,105.20417000,6748140.33482130,0,2026-06-22 09:00:00+00:00
1782122400000,64145.4,64272.0,64065.18,64139.21,240.0862,1782125999999,15405322.41429750,68334,118.75899000,7620846.71294820,0,2026-06-22 10:00:00+00:00
1782126000000,64139.21,64768.46,64097.08,64657.22,1063.60877,1782129599999,68587022.49686540,197181,599.16660000,38637128.86843910,0,2026-06-22 11:00:00+00:00
1782129600000,64657.22,65222.45,64579.08,65149.57,1156.05989,1782133199999,75065076.64336210,216079,652.52071000,42369987.73773070,0,2026-06-22 12:00:00+00:00
1782133200000,65149.58,65589.76,64945.53,65578.0,1368.64481,1782136799999,89332310.33782390,291784,756.43973000,49377344.14797390,0,2026-06-22 13:00:00+00:00
1782136800000,65577.99,65622.83,64835.0,64980.39,1096.28772,1782140399999,71390228.48672960,264085,530.10706000,34522172.11657830,0,2026-06-22 14:00:00+00:00
1782140400000,64980.39,65146.0,64757.11,64836.95,593.12998,1782143999999,38550944.19075430,171125,292.31369000,19001912.91436950,0,2026-06-22 15:00:00+00:00
1782144000000,64836.95,64862.0,64519.0,64719.77,680.43904,1782147599999,44014493.64532550,172437,293.68195000,18999411.76002430,0,2026-06-22 16:00:00+00:00
1782147600000,64719.77,64769.98,64388.16,64602.0,523.74444,1782151199999,33804825.46376520,128027,190.52768000,12299599.04355270,0,2026-06-22 17:00:00+00:00
1782151200000,64602.0,64730.15,64311.0,64334.01,548.78709,1782154799999,35423274.21216220,119770,168.48441000,10879859.47359980,0,2026-06-22 18:00:00+00:00
1782154800000,64334.01,64499.28,64276.0,64472.0,579.92511,1782158399999,37335087.80423520,132093,201.84954000,12996108.60812420,0,2026-06-22 19:00:00+00:00
1782158400000,64472.51,64659.43,64356.95,64433.8,399.51938,1782161999999,25773074.62027850,76929,169.33483000,10924722.10236140,0,2026-06-22 20:00:00+00:00
1782162000000,64433.8,64480.0,64134.39,64320.57,263.4342,1782165599999,16935381.79625300,74523,108.37076000,6967646.86801940,0,2026-06-22 21:00:00+00:00
1782165600000,64320.57,64396.45,63804.59,63971.12,510.07647,1782169199999,32658462.76550410,172831,252.99529000,16198046.05999920,0,2026-06-22 22:00:00+00:00
1782169200000,63971.13,64053.33,63877.61,64020.01,434.17969,1782172799999,27770505.07666860,102055,240.63878000,15394896.37405920,0,2026-06-22 23:00:00+00:00
1782172800000,64020.01,64162.02,63828.93,64154.99,679.20038,1782176399999,43474284.57251610,118491,431.17171000,27600283.49234220,0,2026-06-23 00:00:00+00:00
1782176400000,64154.99,64273.09,63893.33,64156.0,540.18098,1782179999999,34648395.56394600,124343,256.11001000,16428913.58539180,0,2026-06-23 01:00:00+00:00
1782180000000,64156.0,64275.38,64042.01,64204.01,319.7542,1782183599999,20526056.60832640,87249,168.41038000,10811988.69687500,0,2026-06-23 02:00:00+00:00
1782183600000,64204.01,64204.01,63968.42,64065.35,236.76285,1782187199999,15161726.51294350,81917,108.21329000,6928484.77072200,0,2026-06-23 03:00:00+00:00
1782187200000,64065.34,64095.55,63612.62,63623.02,408.1299,1782190799999,26064118.47981810,96720,135.37325000,8644640.15852170,0,2026-06-23 04:00:00+00:00
1782190800000,63623.03,63728.0,63342.34,63400.0,850.99416,1782194399999,54017478.43326280,149121,257.70609000,16364150.40042090,0,2026-06-23 05:00:00+00:00
1782194400000,63400.0,63400.0,62568.9,62936.01,1620.65692,1782197999999,101990732.53812530,256650,707.73887000,44524213.63934660,0,2026-06-23 06:00:00+00:00
1782198000000,62936.01,63095.0,62872.0,62886.03,1074.96381,1782201599999,67697249.46509290,151861,555.93503000,35010834.38157410,0,2026-06-23 07:00:00+00:00
1782201600000,62886.04,62945.08,61938.0,62385.99,4988.90507,1782205199999,311004983.93102110,339405,1748.29413000,108957632.64346230,0,2026-06-23 08:00:00+00:00
1782205200000,62386.0,62528.13,62350.44,62386.0,613.23414,1782208799999,38292861.83412630,108836,276.77945000,17281906.28325470,0,2026-06-23 09:00:00+00:00
1782208800000,62386.0,62586.0,62247.2,62328.01,387.47153,1782212399999,24169554.74052140,102104,206.78886000,12897738.81857420,0,2026-06-23 10:00:00+00:00
1782212400000,62328.01,62643.99,62328.0,62507.06,456.80185,1782215999999,28550962.10371490,113839,210.46386000,13152154.54242850,0,2026-06-23 11:00:00+00:00
1782216000000,62507.05,62558.0,62189.42,62256.6,873.94501,1782219599999,54508795.41342390,154190,289.51607000,18055454.03948100,0,2026-06-23 12:00:00+00:00
1782219600000,62256.61,62538.72,61960.0,62475.99,1294.09387,1782223199999,80567387.00399320,315624,643.48561000,40076145.52198330,0,2026-06-23 13:00:00+00:00
1782223200000,62476.0,62855.98,62406.25,62493.63,1302.27666,1782226799999,81529043.42921780,289302,620.23142000,38833934.76021630,0,2026-06-23 14:00:00+00:00
1782226800000,62493.63,62507.99,62198.0,62487.79,630.16435,1782230399999,39285509.83473620,187282,341.06670000,21258993.40650840,0,2026-06-23 15:00:00+00:00
1782230400000,62487.79,62846.0,62428.01,62558.0,728.22737,1782233999999,45625781.92449510,177635,435.16598000,27270407.55649780,0,2026-06-23 16:00:00+00:00
1782234000000,62558.0,62693.48,62327.95,62358.02,533.28034,1782237599999,33336320.30091300,140095,284.55243000,17790783.14343840,0,2026-06-23 17:00:00+00:00
1782237600000,62358.03,62445.21,62104.7,62241.99,492.79838,1782241199999,30696538.56138790,123415,243.33767000,15159624.62648320,0,2026-06-23 18:00:00+00:00
1782241200000,62242.0,62480.0,62230.0,62388.49,707.45732,1782244799999,44110196.62128650,138899,251.77964000,15699421.31035550,0,2026-06-23 19:00:00+00:00
1782244800000,62388.49,62531.27,62380.25,62470.7,373.02429,1782248399999,23301565.38864330,86863,248.55508000,15526171.84151570,0,2026-06-23 20:00:00+00:00
1782248400000,62470.7,62658.93,62470.7,62599.77,367.76027,1782251999999,23008841.57454330,83258,239.90823000,15009086.06832220,0,2026-06-23 21:00:00+00:00
1782252000000,62599.77,62779.82,62526.0,62590.0,430.92568,1782255599999,26991513.54861520,107234,265.69318000,16641983.86905180,0,2026-06-23 22:00:00+00:00
1782255600000,62590.0,62799.99,62480.39,62734.57,311.98359,1782259199999,19533322.86556320,91857,186.99046000,11708681.20216930,0,2026-06-23 23:00:00+00:00
1782259200000,62734.57,63024.4,62733.29,63014.0,799.18478,1782262799999,50257377.10810870,126385,421.15799000,26484334.68754750,0,2026-06-24 00:00:00+00:00
1782262800000,63014.0,63119.45,62772.15,62932.19,599.06927,1782266399999,37717343.26442330,136982,327.55016000,20625556.17841840,0,2026-06-24 01:00:00+00:00
1782266400000,62932.19,63013.12,62606.09,62630.0,593.50541,1782269999999,37243072.43919130,124507,283.81592000,17806767.31838970,0,2026-06-24 02:00:00+00:00
1782270000000,62630.01,62830.0,62461.87,62729.78,770.64134,1782273599999,48285451.80563090,136887,352.43356000,22082866.97198640,0,2026-06-24 03:00:00+00:00
1782273600000,62729.78,62799.62,62525.49,62744.42,650.06924,1782277199999,40743892.48480360,100974,268.48756000,16827856.97394640,0,2026-06-24 04:00:00+00:00
1782277200000,62744.41,63073.44,62706.0,62890.0,366.0273,1782280799999,23016675.46259970,80735,213.42012000,13419246.26021440,0,2026-06-24 05:00:00+00:00
1782280800000,62889.99,62909.98,62728.73,62780.0,219.5109,1782284399999,13789231.80862250,61306,97.74234000,6139909.37355340,0,2026-06-24 06:00:00+00:00
1782284400000,62780.01,62844.0,62610.11,62657.99,589.75592,1782287999999,36988954.42243360,100614,289.45986000,18152378.67807160,0,2026-06-24 07:00:00+00:00
1782288000000,62658.0,62807.46,62605.28,62800.0,475.30761,1782291599999,29798205.10111080,78571,287.05733000,17996090.50384550,0,2026-06-24 08:00:00+00:00
1782291600000,62800.0,62800.01,62637.08,62681.7,493.71643,1782295199999,30970089.84115310,98629,167.08346000,10478419.03145430,0,2026-06-24 09:00:00+00:00
1782295200000,62681.7,62681.7,62412.05,62445.99,530.71886,1782298799999,33202742.42447350,107683,312.44922000,19549597.46328920,0,2026-06-24 10:00:00+00:00
1782298800000,62445.99,63239.06,62318.88,62921.19,815.18681,1782302399999,51105232.42222160,185767,510.66412000,32021019.24948120,0,2026-06-24 11:00:00+00:00
1782302400000,62921.19,62973.2,62585.2,62618.31,517.25346,1782305999999,32462007.75098960,138429,267.56981000,16791790.68873660,0,2026-06-24 12:00:00+00:00
1782306000000,62618.31,62628.75,61255.74,61338.01,2775.24015,1782309599999,171460989.13044880,555656,1139.53839000,70383359.94111180,0,2026-06-24 13:00:00+00:00
1782309600000,61338.0,61456.0,60888.0,61113.1,2839.40106,1782313199999,173673001.99626490,428336,1297.63861000,79378015.03183650,0,2026-06-24 14:00:00+00:00
1782313200000,61113.1,61150.13,60249.82,60250.0,3237.99155,1782316799999,196096750.88682120,385003,1538.79403000,93131623.96025630,0,2026-06-24 15:00:00+00:00
1782316800000,60250.0,60678.1,59622.0,59850.0,4274.39737,1782320399999,256961396.52961640,480937,1880.65761000,113124198.29414760,0,2026-06-24 16:00:00+00:00
1782320400000,59850.0,60057.18,59102.7,59404.0,3790.1806,1782323999999,225687231.79445020,583539,1616.83550000,96314396.41421480,0,2026-06-24 17:00:00+00:00
1782324000000,59404.0,59930.0,59310.85,59599.99,1583.51728,1782327599999,94396964.98445060,393229,835.69309000,49820379.91107480,0,2026-06-24 18:00:00+00:00
1782327600000,59600.0,60000.0,59530.0,59958.3,1195.52715,1782331199999,71419019.67313630,259015,541.44432000,32350288.59485480,0,2026-06-24 19:00:00+00:00
1782331200000,59958.3,61208.48,59854.0,60956.0,1821.39287,1782334799999,110554024.54506430,393703,981.85844000,59554293.55378000,0,2026-06-24 20:00:00+00:00
1782334800000,60956.0,61144.63,60665.75,61110.0,801.00882,1782338399999,48752774.91890590,167542,341.88455000,20816959.43571160,0,2026-06-24 21:00:00+00:00
1782338400000,61109.99,61276.0,60802.66,60873.99,523.65642,1782341999999,31939802.77072300,134255,256.14668000,15627823.07228230,0,2026-06-24 22:00:00+00:00
1782342000000,60874.0,61112.0,60830.01,61077.99,416.02483,1782345599999,25363580.74225100,108847,222.07173000,13536918.97417940,0,2026-06-24 23:00:00+00:00
1782345600000,61078.0,61163.16,60726.77,60832.0,766.62145,1782349199999,46691482.84901030,159399,386.45642000,23534668.25204610,0,2026-06-25 00:00:00+00:00
1782349200000,60832.0,60988.0,60720.23,60928.0,615.84376,1782352799999,37488948.11078600,123199,383.13373000,23322846.34143740,0,2026-06-25 01:00:00+00:00
1782352800000,60928.0,60966.0,60700.01,60799.08,580.03112,1782356399999,35286732.78430680,107838,304.86891000,18552952.49541100,0,2026-06-25 02:00:00+00:00
1782356400000,60799.08,60910.63,60684.94,60883.65,479.47033,1782359999999,29149873.97351930,97929,212.43252000,12914978.04895920,0,2026-06-25 03:00:00+00:00
1782360000000,60883.66,61410.0,60792.0,61357.63,536.03927,1782363599999,32726085.52683930,112120,337.81661000,20628193.36738240,0,2026-06-25 04:00:00+00:00
1782363600000,61357.63,61807.04,61280.0,61600.01,1223.4059,1782367199999,75352163.74319180,211271,716.18376000,44110890.81800970,0,2026-06-25 05:00:00+00:00
1782367200000,61600.02,61869.02,61600.01,61732.06,539.2877,1782370799999,33287442.66983370,123079,278.67206000,17201841.85443420,0,2026-06-25 06:00:00+00:00
1782370800000,61732.06,61962.4,61670.0,61911.04,937.71339,1782374399999,57971056.70771480,139142,459.90510000,28434566.24449520,0,2026-06-25 07:00:00+00:00
1782374400000,61911.03,61920.0,61684.87,61712.35,337.43778,1782377999999,20843781.77865060,69156,171.53089000,10594962.25490080,0,2026-06-25 08:00:00+00:00
1782378000000,61712.36,61792.0,61614.32,61739.29,327.48572,1782381599999,20215186.99658670,85587,169.77317000,10479556.25541330,0,2026-06-25 09:00:00+00:00
1782381600000,61739.29,61751.07,61257.79,61269.94,686.26895,1782385199999,42197734.76644030,100210,275.20478000,16926978.34499780,0,2026-06-25 10:00:00+00:00
1782385200000,61269.95,61422.52,61066.0,61282.01,605.95603,1782388799999,37119324.37557800,142115,310.83945000,19041179.15066930,0,2026-06-25 11:00:00+00:00
1782388800000,61282.0,61761.35,61080.0,61244.01,1124.99959,1782392399999,69045797.51517600,203749,546.91155000,33562751.31879260,0,2026-06-25 12:00:00+00:00
1782392400000,61244.01,61369.18,58115.01,58290.17,6396.00513,1782395999999,380024167.93669990,711570,2298.25949000,136663528.58510660,0,2026-06-25 13:00:00+00:00
1782396000000,58291.7,60485.51,58291.7,59471.5,6002.27451,1782399599999,356352667.74290130,918698,2965.10827000,176066515.65207780,0,2026-06-25 14:00:00+00:00
1782399600000,59471.49,59655.86,58874.85,59557.99,2456.01373,1782403199999,145520577.58126800,571282,1319.44978000,78192715.59071050,0,2026-06-25 15:00:00+00:00
1782403200000,59557.99,60067.0,59157.63,59312.64,1765.10919,1782406799999,105192081.35016500,402710,870.79628000,51916404.23357450,0,2026-06-25 16:00:00+00:00
1782406800000,59312.64,59740.9,59139.96,59676.01,1062.87634,1782410399999,63220574.21374070,306502,503.00637000,29919020.24162530,0,2026-06-25 17:00:00+00:00
1782410400000,59676.0,59793.34,59364.0,59512.71,978.75101,1782413999999,58292434.47089830,271117,458.08442000,27284351.28544370,0,2026-06-25 18:00:00+00:00
1782414000000,59512.71,59516.0,59168.82,59320.0,917.28893,1782417599999,54413311.66923340,220627,362.89374000,21526139.97365050,0,2026-06-25 19:00:00+00:00
1782417600000,59319.99,59741.95,59319.99,59456.62,539.40098,1782421199999,32127053.59700070,174692,283.16712000,16863507.51237780,0,2026-06-25 20:00:00+00:00
1782421200000,59456.62,60273.81,59452.01,60211.87,617.22274,1782424799999,36938367.20622790,158340,362.05614000,21666377.09861550,0,2026-06-25 21:00:00+00:00
1782424800000,60211.86,60211.86,59740.0,59851.27,431.60976,1782428399999,25857609.02411200,145058,196.11012000,11748656.72042280,0,2026-06-25 22:00:00+00:00
1782428400000,59851.27,60191.55,59739.99,59794.0,458.89363,1782431999999,27539643.48020580,127885,233.49284000,14016416.13410170,0,2026-06-25 23:00:00+00:00
1782432000000,59794.64,59906.71,59642.77,59667.09,875.61527,1782435599999,52339859.67494660,162674,402.27417000,24045628.91451250,0,2026-06-26 00:00:00+00:00
1782435600000,59667.09,59789.07,59228.0,59431.5,833.71293,1782439199999,49561281.28304790,202581,447.29874000,26586696.60383390,0,2026-06-26 01:00:00+00:00
1782439200000,59431.49,59456.0,58358.77,58561.99,2633.6835,1782442799999,154710939.97012770,452610,1122.02177000,65899172.14615070,0,2026-06-26 02:00:00+00:00
1782442800000,58562.0,60131.37,58337.0,60036.01,1886.07235,1782446399999,111839134.51756910,405660,1041.04862000,61760408.66554350,0,2026-06-26 03:00:00+00:00
1782446400000,60036.0,60238.77,59836.17,59920.47,843.9784,1782449999999,50615473.78122770,213990,430.93902000,25845360.15637230,0,2026-06-26 04:00:00+00:00
1782450000000,59920.47,60047.68,59736.0,59953.3,883.13649,1782453599999,52912089.88995280,188170,523.39050000,31360566.29070960,0,2026-06-26 05:00:00+00:00
1782453600000,59953.3,60459.55,59702.0,60324.0,1504.97927,1782457199999,90291075.05367970,234388,838.97148000,50329500.27623870,0,2026-06-26 06:00:00+00:00
1782457200000,60324.0,60759.99,60283.08,60532.0,2153.07079,1782460799999,130446544.64599510,229646,1348.28161000,81696058.49701910,0,2026-06-26 07:00:00+00:00
1782460800000,60532.0,60580.0,60150.56,60245.67,803.85464,1782464399999,48471863.71170570,177708,399.32213000,24075236.50244150,0,2026-06-26 08:00:00+00:00
1782464400000,60245.9,60259.37,59583.33,59736.01,832.22202,1782467999999,49907821.12244850,193497,392.74698000,23553094.87247300,0,2026-06-26 09:00:00+00:00
1782468000000,59736.01,59858.93,59239.78,59313.26,1050.97441,1782471599999,62640915.54832860,210687,354.72724000,21145961.54539870,0,2026-06-26 10:00:00+00:00
1782471600000,59313.26,59588.0,59259.78,59413.24,1048.3329,1782475199999,62289028.21653830,225697,322.03281000,19141812.74437050,0,2026-06-26 11:00:00+00:00
1782475200000,59413.24,60007.91,58969.9,59185.02,1710.35381,1782478799999,101670395.31500190,391882,719.69305000,42801279.41441500,0,2026-06-26 12:00:00+00:00
1782478800000,59185.02,60216.14,58500.1,60175.43,2730.33879,1782482399999,161544165.53505080,614901,1286.43381000,76192709.60169420,0,2026-06-26 13:00:00+00:00
1782482400000,60175.42,60294.0,59390.0,59590.73,1745.27867,1782485999999,104509262.71572580,495443,937.57446000,56172265.02083560,0,2026-06-26 14:00:00+00:00
1782486000000,59590.73,60500.0,59584.01,60328.32,1582.87088,1782489599999,95236567.32301260,372943,921.34482000,55436539.88286930,0,2026-06-26 15:00:00+00:00
1782489600000,60328.18,60583.0,59970.0,60041.75,1128.46917,1782493199999,67961986.73433160,298153,661.35131000,39846323.70829520,0,2026-06-26 16:00:00+00:00
1782493200000,60041.76,60287.9,59952.0,60023.97,546.63522,1782496799999,32855604.52634900,201851,315.50374000,18964096.25137900,0,2026-06-26 17:00:00+00:00
1782496800000,60023.96,60158.0,59556.0,59668.01,504.21141,1782500399999,30176033.71512510,159873,214.81078000,12861504.43780110,0,2026-06-26 18:00:00+00:00
1782500400000,59668.01,60098.0,59617.37,59751.97,708.47753,1782503999999,42438174.07813640,194888,408.78042000,24484647.08460780,0,2026-06-26 19:00:00+00:00
1782504000000,59751.96,59994.0,59571.31,59718.0,454.05927,1782507599999,27129153.68863900,156305,243.15483000,14528392.66291850,0,2026-06-26 20:00:00+00:00
1782507600000,59717.99,60050.0,59678.0,59918.7,287.90036,1782511199999,17238848.55999030,93981,151.39467000,9065333.03859620,0,2026-06-26 21:00:00+00:00
1782511200000,59918.7,60080.0,59754.0,60048.0,335.92054,1782514799999,20134254.53474960,79936,234.62324000,14063629.24286790,0,2026-06-26 22:00:00+00:00
1782514800000,60048.0,60117.64,59923.27,60097.27,319.40861,1782518399999,19181584.23613250,61670,189.77017000,11396743.43943890,0,2026-06-26 23:00:00+00:00
1782518400000,60097.27,60197.0,59876.22,60059.07,360.77885,1782521999999,21659175.89678190,73424,218.60438000,13122049.00706220,0,2026-06-27 00:00:00+00:00
1782522000000,60059.09,60068.0,59936.07,59945.53,245.35114,1782525599999,14715922.99860680,50580,122.44930000,7344564.65298180,0,2026-06-27 01:00:00+00:00
1782525600000,59945.53,60378.23,59921.68,60290.01,695.38686,1782529199999,41891050.36140030,101215,472.47929000,28472726.48549830,0,2026-06-27 02:00:00+00:00
1782529200000,60290.01,60412.0,60159.91,60305.73,438.61125,1782532799999,26450683.77349320,81504,278.08170000,16770876.23313750,0,2026-06-27 03:00:00+00:00
1782532800000,60305.73,60482.0,60217.26,60239.99,303.30454,1782536399999,18317679.71234170,58443,166.47542000,10054309.46567030,0,2026-06-27 04:00:00+00:00
1782536400000,60240.0,60311.0,60136.0,60236.76,444.9193,1782539999999,26798807.10585100,53952,307.88905000,18545072.94703320,0,2026-06-27 05:00:00+00:00
1782540000000,60236.75,60500.0,60093.33,60370.62,581.81791,1782543599999,35069964.08526130,77151,311.15433000,18767952.85735860,0,2026-06-27 06:00:00+00:00
1782543600000,60370.63,60574.0,60300.0,60548.07,825.68653,1782547199999,49908215.64968980,77214,312.69149000,18900111.84789520,0,2026-06-27 07:00:00+00:00
1782547200000,60548.06,60548.74,60371.62,60456.0,470.55782,1782550799999,28451213.51426820,61408,274.75326000,16614595.62271370,0,2026-06-27 08:00:00+00:00
1782550800000,60456.0,60511.99,60289.55,60414.62,307.96541,1782554399999,18601643.63329180,58356,117.14622000,7076379.66639720,0,2026-06-27 09:00:00+00:00
1782554400000,60414.62,60487.31,60380.0,60420.28,137.8511,1782557999999,8330482.52649860,36219,64.41634000,3892515.04610170,0,2026-06-27 10:00:00+00:00
1782558000000,60420.28,60447.8,60198.94,60363.65,275.39332,1782561599999,16614326.57793190,63360,154.90530000,9347155.21783520,0,2026-06-27 11:00:00+00:00
1782561600000,60363.65,60430.01,60257.03,60430.0,349.0457,1782565199999,21062550.11414920,63530,177.02135000,10684178.99717400,0,2026-06-27 12:00:00+00:00
1782565200000,60430.0,60665.74,60394.0,60588.35,434.13389,1782568799999,26261981.14187860,81761,241.54445000,14611822.68654340,0,2026-06-27 13:00:00+00:00
1782568800000,60588.35,60728.0,60510.0,60611.5,306.64293,1782572399999,18588946.09772140,76540,167.77806000,10171765.63011820,0,2026-06-27 14:00:00+00:00
1782572400000,60611.49,60941.17,60570.0,60840.06,606.25294,1782575999999,36861810.81344970,112401,331.39925000,20146936.18115420,0,2026-06-27 15:00:00+00:00
1782576000000,60840.06,60855.03,60673.64,60807.99,239.6938,1782579599999,14567100.88282270,65163,126.40823000,7682534.46039980,0,2026-06-27 16:00:00+00:00
1782579600000,60808.0,60818.76,60413.15,60524.88,548.67896,1782583199999,33227976.74694380,106011,256.97477000,15560922.73705590,0,2026-06-27 17:00:00+00:00
1782583200000,60524.89,60576.03,60446.25,60570.86,229.00634,1782586799999,13860076.14348740,60414,133.21352000,8062884.14315860,0,2026-06-27 18:00:00+00:00
1782586800000,60570.86,60605.41,60085.88,60175.95,414.61342,1782590399999,25008261.79673870,100858,166.71484000,10056731.63289870,0,2026-06-27 19:00:00+00:00
1782590400000,60175.95,60306.0,60173.07,60300.0,220.12001,1782593999999,13266580.83510020,44005,131.32829000,7915021.71046360,0,2026-06-27 20:00:00+00:00
1782594000000,60300.0,60482.18,60142.0,60203.82,280.50282,1782597599999,16924688.77362160,69861,150.30608000,9069126.89634170,0,2026-06-27 21:00:00+00:00
1782597600000,60203.83,60256.56,59855.16,60228.95,377.17485,1782601199999,22661172.05309440,107848,152.06586000,9135447.08220370,0,2026-06-27 22:00:00+00:00
1782601200000,60228.96,60320.0,59952.0,60029.0,493.73947,1782604799999,29664951.83542140,82198,232.12572000,13945509.05150200,0,2026-06-27 23:00:00+00:00
1782604800000,60029.01,60190.0,60018.0,60146.0,462.24707,1782608399999,27801502.97533390,57776,229.80345000,13819921.46982130,0,2026-06-28 00:00:00+00:00
1782608400000,60146.0,60273.38,59986.0,60222.22,267.56528,1782611999999,16093105.82233950,57460,121.32732000,7298081.77613810,0,2026-06-28 01:00:00+00:00
1782612000000,60222.21,60339.99,60054.0,60150.45,403.64282,1782615599999,24281562.71999080,52472,230.87390000,13890463.20795850,0,2026-06-28 02:00:00+00:00
1782615600000,60150.46,60275.0,60150.45,60197.04,255.71231,1782619199999,15398056.34542860,41734,126.98002000,7647488.18837880,0,2026-06-28 03:00:00+00:00
1782619200000,60197.03,60231.83,60088.04,60133.0,191.50597,1782622799999,11525619.52309300,38129,104.14566000,6268367.47288190,0,2026-06-28 04:00:00+00:00
1782622800000,60133.01,60140.0,59753.48,59989.17,345.08439,1782626399999,20677361.04753100,89588,145.15325000,8695954.76688220,0,2026-06-28 05:00:00+00:00
1782626400000,59989.18,60030.0,59808.0,60002.82,217.95005,1782629999999,13065476.34605460,54274,102.75802000,6160076.98595760,0,2026-06-28 06:00:00+00:00
1782630000000,60002.82,60259.68,60000.0,60219.99,361.83587,1782633599999,21776544.36846520,57588,211.36159000,12718763.58887900,0,2026-06-28 07:00:00+00:00
1782633600000,60220.0,60545.01,60140.14,60370.0,491.6084,1782637199999,29656618.96581600,89011,302.98732000,18277928.02919130,0,2026-06-28 08:00:00+00:00
1782637200000,60370.01,60462.0,60250.81,60258.84,222.4062,1782640799999,13426178.62119420,65409,108.99010000,6580348.22059940,0,2026-06-28 09:00:00+00:00
1782640800000,60258.85,60292.48,60068.0,60166.71,181.18756,1782644399999,10901038.33806000,55672,89.66664000,5394761.02536360,0,2026-06-28 10:00:00+00:00
1782644400000,60166.71,60374.05,60100.0,60342.0,225.05378,1782647999999,13554368.89513200,64366,88.20241000,5314482.52374520,0,2026-06-28 11:00:00+00:00
1782648000000,60341.99,60457.02,60190.0,60293.51,212.9354,1782651599999,12840041.91074240,76679,90.33396000,5447155.70800250,0,2026-06-28 12:00:00+00:00
1782651600000,60293.5,60293.51,59963.86,60071.88,369.88204,1782655199999,22230271.83521820,109537,189.59236000,11395519.24020620,0,2026-06-28 13:00:00+00:00
1782655200000,60071.89,60250.0,60018.0,60033.0,318.13606,1782658799999,19127426.37921840,89124,156.84624000,9430122.88654020,0,2026-06-28 14:00:00+00:00
1782658800000,60033.01,60130.0,59817.28,59890.0,467.03244,1782662399999,28007924.73731790,110970,198.38316000,11898647.54903520,0,2026-06-28 15:00:00+00:00
1782662400000,59890.35,59943.9,59582.34,59690.62,567.70369,1782665999999,33912883.09680000,169266,261.76198000,15635099.32227710,0,2026-06-28 16:00:00+00:00
1782666000000,59690.62,59848.0,59403.77,59586.01,519.06441,1782669599999,30937911.33511850,134230,226.98842000,13530554.19156650,0,2026-06-28 17:00:00+00:00
1782669600000,59586.0,59700.0,59502.0,59614.46,272.01169,1782673199999,16214086.11426440,80769,125.70248000,7493709.19413040,0,2026-06-28 18:00:00+00:00
1782673200000,59614.46,59682.0,59270.26,59481.79,301.99561,1782676799999,17954136.63850050,111748,143.37444000,8526147.53724280,0,2026-06-28 19:00:00+00:00
1782676800000,59481.78,59765.9,59474.28,59660.0,227.14803,1782680399999,13552512.79891870,73816,141.35414000,8433976.07235960,0,2026-06-28 20:00:00+00:00
1782680400000,59660.0,59796.66,59333.33,59445.95,531.65984,1782683999999,31663885.95675490,107732,250.23244000,14904477.85363310,0,2026-06-28 21:00:00+00:00
1782684000000,59445.96,59906.0,58905.0,59067.01,983.67622,1782687599999,58356158.78863000,328293,361.58082000,21472705.61443810,0,2026-06-28 22:00:00+00:00
1782687600000,59067.0,59848.0,59011.99,59577.01,510.09283,1782691199999,30378547.25119400,183589,282.24576000,16807137.93534950,0,2026-06-28 23:00:00+00:00
1782691200000,59577.01,59700.0,59000.01,59667.01,549.31747,1782694799999,32581991.65721250,282153,249.60603000,14810994.13147510,0,2026-06-29 00:00:00+00:00
1782694800000,59667.0,59697.0,59206.0,59440.95,647.05387,1782698399999,38488733.82836900,193757,291.54439000,17341528.26243840,0,2026-06-29 01:00:00+00:00
1782698400000,59440.95,59812.0,58900.01,59757.46,1223.86338,1782701999999,72858476.28678620,235363,679.80321000,40475427.49481680,0,2026-06-29 02:00:00+00:00
1782702000000,59757.47,60233.0,59757.47,60049.46,780.88525,1782705599999,46864820.35674850,203300,456.06944000,27366788.36599060,0,2026-06-29 03:00:00+00:00
1782705600000,60049.45,60053.99,59746.0,59830.0,361.46912,1782709199999,21645810.97082500,119825,168.67540000,10100513.74526350,0,2026-06-29 04:00:00+00:00
1782709200000,59830.01,60102.8,59392.02,60102.8,496.75535,1782712799999,29661309.61038830,186560,245.55898000,14666811.80953030,0,2026-06-29 05:00:00+00:00
1782712800000,60102.8,60346.27,60050.67,60075.49,683.16036,1782716399999,41109328.73650830,157840,330.86466000,19909688.69078880,0,2026-06-29 06:00:00+00:00
1782716400000,60075.5,60186.94,59936.0,60026.0,536.94262,1782719999999,32249136.33696890,98981,211.46790000,12702495.84894240,0,2026-06-29 07:00:00+00:00
1782720000000,60026.01,60093.99,59745.46,59840.0,550.67382,1782723599999,32995516.23851600,147264,263.23571000,15771379.35735450,0,2026-06-29 08:00:00+00:00
1782723600000,59840.01,60104.0,59778.76,60057.0,747.08903,1782727199999,44798064.80515190,150655,445.90322000,26740507.60070800,0,2026-06-29 09:00:00+00:00
1782727200000,60057.0,60311.95,60056.99,60088.0,441.90219,1782730799999,26586910.08011230,124532,177.48586000,10678644.09779950,0,2026-06-29 10:00:00+00:00
1782730800000,60088.0,60216.0,59796.0,59956.05,515.67042,1782734399999,30925308.38598770,145365,229.72618000,13776659.71003130,0,2026-06-29 11:00:00+00:00
1782734400000,59956.05,60780.57,59595.09,59948.78,2600.10754,1782737999999,156762919.05714570,457311,1438.49747000,86764993.13478140,0,2026-06-29 12:00:00+00:00
1782738000000,59948.79,60340.0,59319.9,59580.0,2144.2543,1782741599999,128106530.02789540,436186,1069.97015000,63970238.18490810,0,2026-06-29 13:00:00+00:00
1782741600000,59580.0,59699.99,59011.0,59469.67,1999.07246,1782745199999,118593704.85957340,516828,933.46001000,55382025.99001850,0,2026-06-29 14:00:00+00:00
1782745200000,59469.45,59960.0,59097.58,59824.01,1368.0568,1782748799999,81542856.02071330,316394,643.93660000,38401066.38031260,0,2026-06-29 15:00:00+00:00
1782748800000,59824.01,60030.0,59584.48,59892.86,663.03532,1782752399999,39649580.30593390,203889,342.42730000,20480631.06249950,0,2026-06-29 16:00:00+00:00
1782752400000,59892.87,60683.84,59892.0,60413.99,1795.75633,1782755999999,108563615.56600860,291079,1146.20040000,69292332.81972560,0,2026-06-29 17:00:00+00:00
1782756000000,60413.99,60520.0,60193.87,60295.0,525.48841,1782759599999,31708316.94179130,136627,223.68780000,13498294.93125520,0,2026-06-29 18:00:00+00:00
1782759600000,60295.0,60557.5,60153.35,60433.49,501.01522,1782763199999,30248051.16903470,145050,256.47790000,15485229.12242690,0,2026-06-29 19:00:00+00:00
1782763200000,60433.5,60553.06,60295.32,60296.0,312.86249,1782766799999,18907793.38844070,106341,167.59365000,10129290.38356000,0,2026-06-29 20:00:00+00:00
1782766800000,60296.01,60585.99,60261.89,60479.72,294.76243,1782770399999,17803232.83253460,80099,145.57774000,8793871.05830060,0,2026-06-29 21:00:00+00:00
1782770400000,60479.71,60516.0,60350.0,60352.31,211.76202,1782773999999,12796348.93932830,79380,86.85502000,5248814.31880680,0,2026-06-29 22:00:00+00:00
1782774000000,60352.31,60379.23,60194.01,60260.21,252.18558,1782777599999,15199881.34204100,69557,129.53725000,7807022.02379250,0,2026-06-29 23:00:00+00:00
1782777600000,60260.2,60276.54,59700.0,59838.01,709.83194,1782781199999,42576519.47305040,166905,281.01678000,16856082.29365330,0,2026-06-30 00:00:00+00:00
1782781200000,59838.01,60048.98,59771.0,59939.94,341.19535,1782784799999,20438655.93340740,122426,176.13155000,10551978.41498370,0,2026-06-30 01:00:00+00:00
1782784800000,59939.94,60042.54,59755.0,59948.24,424.27619,1782788399999,25431758.83841380,70631,241.91792000,14501062.94771630,0,2026-06-30 02:00:00+00:00
1782788400000,59948.24,60031.75,59600.0,59627.48,381.85931,1782791999999,22844335.50096210,97355,161.64120000,9671308.77708470,0,2026-06-30 03:00:00+00:00
1782792000000,59627.47,59700.0,59433.36,59492.01,774.8482,1782795599999,46133824.62191900,124442,310.18818000,18470619.04567910,0,2026-06-30 04:00:00+00:00
1782795600000,59492.01,59656.89,59360.0,59652.13,807.92024,1782799199999,48075635.21617330,99061,390.70014000,23240094.95636890,0,2026-06-30 05:00:00+00:00
1782799200000,59652.13,59712.88,59513.72,59592.0,708.76994,1782802799999,42217961.42828500,97993,292.74179000,17438792.38659640,0,2026-06-30 06:00:00+00:00
1782802800000,59592.0,59632.0,59444.0,59524.01,762.40668,1782806399999,45379833.97609340,112318,299.47654000,17824255.23385630,0,2026-06-30 07:00:00+00:00
1782806400000,59524.01,59551.03,59189.0,59311.92,879.64073,1782809999999,52200288.91465230,156155,384.68669000,22827451.01945590,0,2026-06-30 08:00:00+00:00
1782810000000,59311.26,59420.0,59252.0,59374.96,442.65865,1782813599999,26267712.21599130,88435,176.84900000,10495504.94597410,0,2026-06-30 09:00:00+00:00
1782813600000,59374.96,59420.0,59286.36,59334.01,300.40182,1782817199999,17830755.08019730,77718,127.35046000,7559648.82804960,0,2026-06-30 10:00:00+00:00
1782817200000,59334.01,59413.27,59123.01,59192.7,466.77156,1782820799999,27657482.27521460,119743,226.37116000,13414108.69458160,0,2026-06-30 11:00:00+00:00
1782820800000,59192.71,59192.71,58403.51,58412.0,2043.39825,1782824399999,120207614.40394600,281566,731.86909000,43060286.46350200,0,2026-06-30 12:00:00+00:00
1782824400000,58411.99,58802.66,58228.33,58737.18,2504.50868,1782827999999,146521927.59634030,405820,1338.68773000,78337035.48429280,0,2026-06-30 13:00:00+00:00
1782828000000,58737.17,59276.6,58433.0,58482.81,1779.99006,1782831599999,104813434.89045950,393176,919.97037000,54191988.35633970,0,2026-06-30 14:00:00+00:00
1782831600000,58482.81,58796.0,58201.0,58381.99,1563.15031,1782835199999,91300071.01215150,330146,722.16848000,42182738.75153330,0,2026-06-30 15:00:00+00:00
1782835200000,58382.0,58632.0,58241.79,58497.65,1178.89718,1782838799999,68842598.87537770,205422,503.78164000,29422878.05928560,0,2026-06-30 16:00:00+00:00
1782838800000,58497.65,58618.65,58310.72,58417.99,632.53618,1782842399999,36957916.76783930,164320,246.59975000,14409150.25217950,0,2026-06-30 17:00:00+00:00
1782842400000,58417.99,58699.98,58351.56,58680.87,605.07781,1782845999999,35404263.04430410,158375,266.88819000,15619136.32278420,0,2026-06-30 18:00:00+00:00
1782846000000,58680.86,58839.16,58586.01,58818.05,678.6415,1782849599999,39837327.54076910,160151,329.59967000,19349455.69361900,0,2026-06-30 19:00:00+00:00
1782849600000,58818.0,58874.99,58648.26,58732.01,428.82351,1782853199999,25195928.00937110,107496,190.70232000,11204093.62776450,0,2026-06-30 20:00:00+00:00
1782853200000,58732.0,58770.0,58509.99,58639.99,398.14222,1782856799999,23338596.69681600,106726,190.26444000,11152224.77278780,0,2026-06-30 21:00:00+00:00
1782856800000,58639.99,58806.91,58513.8,58607.99,274.43078,1782860399999,16096803.40837560,82205,135.70062000,7960798.38191700,0,2026-06-30 22:00:00+00:00
1782860400000,58607.99,58664.0,58555.0,58624.71,551.65078,1782863999999,32339945.76924640,76224,234.24755000,13731001.42156910,0,2026-06-30 23:00:00+00:00
1782864000000,58624.71,58750.68,58310.0,58576.0,670.64661,1782867599999,39287687.87849390,123702,407.14947000,23863996.29329320,0,2026-07-01 00:00:00+00:00
1782867600000,58575.99,59022.81,57800.19,58770.57,2987.12539,1782871199999,174051918.72630130,416892,1170.57071000,68353222.22070030,0,2026-07-01 01:00:00+00:00
1782871200000,58770.58,59171.63,58663.95,59085.0,692.74758,1782874799999,40851992.48976080,168468,382.54040000,22558060.40025280,0,2026-07-01 02:00:00+00:00
1782874800000,59085.0,59318.0,58850.0,59197.13,715.44075,1782878399999,42258226.39131830,133321,385.35606000,22767806.69029940,0,2026-07-01 03:00:00+00:00
1782878400000,59197.12,59457.0,59062.0,59339.99,480.11636,1782881999999,28466664.97452890,117699,196.74879000,11664634.99275970,0,2026-07-01 04:00:00+00:00
1782882000000,59339.99,59376.48,59126.42,59154.33,432.30487,1782885599999,25617195.94390650,87493,138.44589000,8202749.81910290,0,2026-07-01 05:00:00+00:00
1782885600000,59154.33,59156.0,58534.31,58755.8,794.13401,1782889199999,46677427.90977700,149912,337.31243000,19821456.20812020,0,2026-07-01 06:00:00+00:00
1782889200000,58755.8,58823.9,58600.0,58768.65,479.85852,1782892799999,28170098.93476090,107430,274.42548000,16108896.46928720,0,2026-07-01 07:00:00+00:00
1782892800000,58768.64,58984.0,58500.0,58973.99,381.93254,1782896399999,22416335.79090860,108372,191.72148000,11254146.38954850,0,2026-07-01 08:00:00+00:00
1782896400000,58973.99,59091.99,58825.61,58944.55,417.79405,1782899999999,24620304.64672380,82562,217.29554000,12805974.42974210,0,2026-07-01 09:00:00+00:00
1782900000000,58944.55,58948.47,58624.0,58659.98,405.70309,1782903599999,23830898.49282600,92010,156.96634000,9220153.94333120,0,2026-07-01 10:00:00+00:00
1782903600000,58659.97,58755.9,58550.0,58622.03,396.69177,1782907199999,23276107.64823460,107085,194.66824000,11424600.05519890,0,2026-07-01 11:00:00+00:00
1782907200000,58622.02,58676.0,58326.0,58538.01,1716.61119,1782910799999,100399963.81313170,181350,695.90633000,40692636.56654990,0,2026-07-01 12:00:00+00:00
1782910800000,58538.0,59508.0,58536.0,59498.03,2321.79547,1782914399999,136871115.77573150,348767,1270.51675000,74940612.22282020,0,2026-07-01 13:00:00+00:00
1782914400000,59498.03,60092.0,59278.0,59542.0,3726.2091,1782917999999,222663560.43997090,406148,2324.06945000,138877765.88043510,0,2026-07-01 14:00:00+00:00
1782918000000,59541.99,60536.55,59520.51,60147.15,2322.06211,1782921599999,139735458.37284900,312603,1414.97758000,85142528.77002800,0,2026-07-01 15:00:00+00:00
1782921600000,60147.15,60267.17,59865.75,59920.0,862.80045,1782925199999,51856461.18726770,147024,467.62082000,28108215.49992930,0,2026-07-01 16:00:00+00:00
1782925200000,59920.0,60239.84,59787.35,60190.6,480.08928,1782928799999,28839738.19278820,136501,270.92669000,16280373.23689080,0,2026-07-01 17:00:00+00:00
1782928800000,60190.59,60298.0,60016.4,60171.16,343.31457,1782932399999,20650572.00145990,116599,168.78192000,10153887.58302630,0,2026-07-01 18:00:00+00:00
1782932400000,60171.16,60352.93,60000.0,60028.67,548.14825,1782935999999,32978388.84754740,114860,242.75026000,14604670.84615140,0,2026-07-01 19:00:00+00:00
1782936000000,60029.39,60198.0,59876.0,60126.0,313.10277,1782939599999,18788882.12776690,98507,152.98763000,9181562.43860700,0,2026-07-01 20:00:00+00:00
1782939600000,60126.0,60846.95,60124.89,60815.99,1153.57611,1782943199999,69939796.14802880,194215,749.63241000,45447926.47737490,0,2026-07-01 21:00:00+00:00
1782943200000,60815.99,61334.0,60339.0,60478.01,1877.61599,1782946799999,114286616.22325780,253429,921.23637000,56069108.08250230,0,2026-07-01 22:00:00+00:00
1782946800000,60478.0,60478.0,59984.86,60024.0,573.62579,1782950399999,34515893.86161080,161900,203.50591000,12243030.01452970,0,2026-07-01 23:00:00+00:00
1782950400000,60024.0,60028.0,59588.0,59761.73,857.93081,1782953999999,51288627.69086560,152090,543.43950000,32483817.75830020,0,2026-07-02 00:00:00+00:00
1782954000000,59761.74,60324.99,59715.8,60175.92,634.42084,1782957599999,38060659.91793960,145831,332.59554000,19957192.85451380,0,2026-07-02 01:00:00+00:00
1782957600000,60175.91,60495.24,60015.68,60423.1,520.9397,1782961199999,31420354.29577500,125111,313.07083000,18886464.23216970,0,2026-07-02 02:00:00+00:00
1782961200000,60423.11,61121.78,60300.02,61058.0,891.65369,1782964799999,54130945.78907290,166708,530.04177000,32189194.76960730,0,2026-07-02 03:00:00+00:00
1782964800000,61057.99,61058.0,60728.0,60787.98,793.20588,1782968399999,48260105.48558100,142009,320.60459000,19511601.94729580,0,2026-07-02 04:00:00+00:00
1782968400000,60787.98,60877.69,60488.0,60504.54,836.16486,1782971999999,50795991.31075090,148561,338.41313000,20561128.34886260,0,2026-07-02 05:00:00+00:00
1782972000000,60504.54,60652.74,60260.0,60274.01,838.53408,1782975599999,50660973.68205870,129863,386.21294000,23337775.91732900,0,2026-07-02 06:00:00+00:00
1782975600000,60274.01,60315.93,60104.0,60149.99,593.99067,1782979199999,35744880.21089370,116951,279.96025000,16846609.44246330,0,2026-07-02 07:00:00+00:00
1782979200000,60149.99,60555.06,60132.51,60511.99,573.38622,1782982799999,34623724.28006890,104894,347.13287000,20963975.66330820,0,2026-07-02 08:00:00+00:00
1782982800000,60512.0,61437.49,60376.13,61184.0,1895.63178,1782986399999,115653248.35551070,267289,1074.95542000,65571580.22586490,0,2026-07-02 09:00:00+00:00
1782986400000,61184.0,61350.0,61051.07,61263.68,711.1086,1782989999999,43518175.68498240,159653,401.94580000,24596991.60757710,0,2026-07-02 10:00:00+00:00
1782990000000,61263.93,61388.0,61125.58,61358.01,823.29588,1782993599999,50464960.07876620,141156,441.78380000,27079967.02538580,0,2026-07-02 11:00:00+00:00
1782993600000,61358.0,61614.0,61147.23,61542.53,1476.64291,1782997199999,90672172.65513850,234644,750.98998000,46119064.96003590,0,2026-07-02 12:00:00+00:00
1782997200000,61542.53,62053.0,61506.0,61939.04,2503.04906,1783000799999,154778875.75554130,349562,1534.71657000,94909593.99296740,0,2026-07-02 13:00:00+00:00
1783000800000,61939.04,62200.0,61394.49,61696.61,1834.43153,1783004399999,113356111.50595380,386499,796.17649000,49217700.25385440,0,2026-07-02 14:00:00+00:00
1783004400000,61696.61,61850.86,61427.39,61612.93,955.089,1783007999999,58888998.63658480,216338,396.65413000,24453821.09719730,0,2026-07-02 15:00:00+00:00
1783008000000,61612.93,61790.13,61108.99,61682.34,1526.68052,1783011599999,93836238.83062250,247965,922.77175000,56725111.78305790,0,2026-07-02 16:00:00+00:00
1783011600000,61682.34,61962.43,61619.69,61667.39,742.84693,1783015199999,45881018.56409770,146063,394.24939000,24357266.81854200,0,2026-07-02 17:00:00+00:00
1783015200000,61667.4,61900.29,61664.39,61761.36,457.24217,1783018799999,28258803.74723410,89396,286.30621000,17696335.44440250,0,2026-07-02 18:00:00+00:00
1783018800000,61761.36,61763.81,61424.0,61479.6,567.93379,1783022399999,34970676.77670870,132964,285.10815000,17556913.32888710,0,2026-07-02 19:00:00+00:00
1783022400000,61479.59,61596.0,61342.0,61584.78,435.70751,1783025999999,26769120.82232450,94517,262.05794000,16101526.62430260,0,2026-07-02 20:00:00+00:00
1783026000000,61584.77,61653.43,61516.0,61592.26,335.09994,1783029599999,20628134.85520130,55856,142.17913000,8751684.78271210,0,2026-07-02 21:00:00+00:00
1783029600000,61592.26,61596.62,61406.28,61465.26,313.41399,1783033199999,19281618.73881540,47958,156.35054000,9619206.56397140,0,2026-07-02 22:00:00+00:00
1783033200000,61465.26,61606.0,61350.02,61560.0,263.74127,1783036799999,16212152.04960370,81218,157.13845000,9659916.20704270,0,2026-07-02 23:00:00+00:00
1783036800000,61560.0,61578.0,61248.86,61308.75,803.35853,1783040399999,49316701.30933410,129250,339.46261000,20839160.56762750,0,2026-07-03 00:00:00+00:00
1783040400000,61308.75,61733.11,61286.0,61588.0,365.29608,1783043999999,22497995.34507960,145682,221.11447000,13617661.66168830,0,2026-07-03 01:00:00+00:00
1783044000000,61588.0,61664.62,61294.0,61440.01,718.15053,1783047599999,44118830.41757290,118531,304.77972000,18723377.40866430,0,2026-07-03 02:00:00+00:00
1783047600000,61440.01,61575.15,61324.0,61434.0,592.37701,1783051199999,36377767.44270260,88348,278.21935000,17085916.32125050,0,2026-07-03 03:00:00+00:00
1783051200000,61434.0,61524.01,61332.76,61448.0,597.68744,1783054799999,36734041.97786710,80555,254.17872000,15621835.74542850,0,2026-07-03 04:00:00+00:00
1783054800000,61448.0,61808.0,61430.0,61700.49,669.42027,1783058399999,41260901.75258980,110591,323.36049000,19927842.45928950,0,2026-07-03 05:00:00+00:00
1783058400000,61700.49,61850.0,61612.0,61710.01,821.5655,1783061999999,50713075.51792350,81062,419.79449000,25914007.21881760,0,2026-07-03 06:00:00+00:00
1783062000000,61710.01,61864.99,61659.32,61750.47,1075.23435,1783065599999,66424208.00483960,93779,485.86314000,30013810.42807040,0,2026-07-03 07:00:00+00:00
1783065600000,61750.47,61896.99,61554.07,61584.0,341.60269,1783069199999,21097152.89254940,107377,174.20696000,10759913.48649690,0,2026-07-03 08:00:00+00:00
1783069200000,61583.99,61783.89,61510.01,61718.68,336.50784,1783072799999,20749591.28107190,97250,196.04573000,12089539.79008860,0,2026-07-03 09:00:00+00:00
1783072800000,61718.69,62038.0,61663.98,61916.46,481.39402,1783076399999,29786115.45520930,115268,301.62442000,18666426.91958060,0,2026-07-03 10:00:00+00:00
1783076400000,61916.46,62103.1,61840.0,62024.02,549.87382,1783079999999,34080210.15808560,112015,239.63463000,14857381.55135420,0,2026-07-03 11:00:00+00:00
1783080000000,62024.01,62174.47,61871.66,61983.99,627.72129,1783083599999,38933130.86694790,122392,341.87040000,21205749.50203290,0,2026-07-03 12:00:00+00:00
1783083600000,61984.0,62282.0,61944.0,62116.01,790.28341,1783087199999,49076835.46138990,117484,517.20650000,32120617.81412230,0,2026-07-03 13:00:00+00:00
1783087200000,62116.0,62280.0,61700.0,62167.48,768.79968,1783090799999,47620712.00167230,161693,432.75500000,26804801.71180430,0,2026-07-03 14:00:00+00:00
1783090800000,62167.47,62400.0,61820.0,61922.72,627.67216,1783094399999,38969475.87577730,146274,284.80909000,17688600.89705160,0,2026-07-03 15:00:00+00:00
1783094400000,61922.71,62125.99,61911.65,62104.81,308.0973,1783097999999,19113086.40792250,79789,136.82648000,8488337.35598570,0,2026-07-03 16:00:00+00:00
1783098000000,62104.81,62292.51,62068.78,62194.0,345.47791,1783101599999,21488560.64951850,81355,192.99178000,12005096.55195980,0,2026-07-03 17:00:00+00:00
1783101600000,62193.99,62250.0,62118.0,62204.01,298.61687,1783105199999,18571648.33593780,58544,194.28909000,12083437.93644350,0,2026-07-03 18:00:00+00:00
1783105200000,62204.0,62317.64,62146.0,62210.0,345.20311,1783108799999,21483896.64726490,79378,214.39459000,13343891.08572060,0,2026-07-03 19:00:00+00:00
1783108800000,62210.0,62907.77,62186.01,62776.92,1103.81636,1783112399999,69151681.10969860,181340,668.90196000,41902256.53140390,0,2026-07-03 20:00:00+00:00
1783112400000,62776.91,62979.86,62518.72,62732.0,530.36622,1783115999999,33268537.04911490,140803,259.22648000,16262807.72300620,0,2026-07-03 21:00:00+00:00
1783116000000,62732.0,62748.01,62538.47,62578.0,461.77097,1783119599999,28925294.16859910,62543,211.22225000,13229000.04607930,0,2026-07-03 22:00:00+00:00
1783119600000,62578.0,62707.67,62529.03,62583.26,488.69291,1783123199999,30600481.45461580,60228,257.20848000,16105121.36549280,0,2026-07-03 23:00:00+00:00
1783123200000,62583.26,62946.0,62578.55,62756.29,451.82518,1783126799999,28366421.00595910,95767,237.09896000,14883889.58300330,0,2026-07-04 00:00:00+00:00
1783126800000,62756.29,62756.29,62404.25,62468.44,740.55394,1783130399999,46319276.58272110,114503,213.98914000,13377022.70776980,0,2026-07-04 01:00:00+00:00
1783130400000,62468.44,62576.0,62432.0,62538.96,288.40853,1783133999999,18023799.70080090,60090,143.72755000,8982119.25023440,0,2026-07-04 02:00:00+00:00
1783134000000,62538.96,62750.0,62484.01,62627.29,272.8732,1783137599999,17089272.56005250,63449,152.12141000,9527735.76782960,0,2026-07-04 03:00:00+00:00
1783137600000,62627.28,62749.97,62590.06,62700.0,372.06056,1783141199999,23319559.82238250,57521,205.28430000,12866577.97392010,0,2026-07-04 04:00:00+00:00
1783141200000,62700.0,62700.01,62441.29,62471.52,289.90978,1783144799999,18129281.36732700,47697,116.99260000,7314798.84559700,0,2026-07-04 05:00:00+00:00
1783144800000,62471.53,62559.43,62328.24,62500.01,328.21302,1783148399999,20501213.17566210,60653,149.04749000,9311601.42416730,0,2026-07-04 06:00:00+00:00
1783148400000,62500.01,62634.24,62470.0,62576.0,488.37245,1783151999999,30537595.82522140,52650,281.06015000,17573738.63375940,0,2026-07-04 07:00:00+00:00
1783152000000,62576.0,62674.47,62516.46,62553.78,325.39629,1783155599999,20367591.14882430,53391,175.75158000,11000878.64873020,0,2026-07-04 08:00:00+00:00
1783155600000,62553.78,62583.99,62415.87,62494.0,256.44372,1783159199999,16023469.35671900,49756,108.06846000,6753715.33464280,0,2026-07-04 09:00:00+00:00
1783159200000,62494.01,62545.02,62445.38,62513.0,261.05012,1783162799999,16313423.19599510,36839,161.25519000,10077430.58705600,0,2026-07-04 10:00:00+00:00
1783162800000,62512.99,62563.84,62456.24,62482.01,236.75332,1783166399999,14797808.82993290,30521,101.27808000,6330750.60548810,0,2026-07-04 11:00:00+00:00
1783166400000,62482.0,62696.78,62482.0,62664.01,160.12973,1783169999999,10022674.10643450,38790,100.15690000,6268828.18509100,0,2026-07-04 12:00:00+00:00
1783170000000,62664.01,62776.92,62542.0,62588.84,234.91268,1783173599999,14714095.56308900,59168,116.56931000,7302625.00050910,0,2026-07-04 13:00:00+00:00
1783173600000,62588.84,62738.28,62585.53,62693.99,214.12592,1783177199999,13417620.07076030,61996,88.01842000,5515178.01605290,0,2026-07-04 14:00:00+00:00
1783177200000,62693.99,63075.46,62687.89,62943.29,746.82104,1783180799999,46971886.26364520,143326,445.96457000,28053424.02850430,0,2026-07-04 15:00:00+00:00
1783180800000,62943.29,62968.29,62786.0,62927.29,446.2616,1783184399999,28067612.21867650,81881,261.77651000,16464250.33019300,0,2026-07-04 16:00:00+00:00
1783184400000,62927.3,63439.62,62803.0,63280.38,752.34234,1783187999999,47516417.76482640,125224,439.02054000,27729067.70090020,0,2026-07-04 17:00:00+00:00
1783188000000,63280.38,63346.0,63092.02,63172.78,347.58599,1783191599999,21966060.19356790,79625,216.05525000,13655079.96181040,0,2026-07-04 18:00:00+00:00
1783191600000,63172.79,63461.99,63123.49,63294.72,328.68996,1783195199999,20804806.14263040,77844,125.76706000,7961250.41679110,0,2026-07-04 19:00:00+00:00
1783195200000,63294.72,63392.0,63155.37,63233.78,287.12408,1783198799999,18162405.80633200,73377,155.93115000,9864857.06384360,0,2026-07-04 20:00:00+00:00
1783198800000,63233.79,63448.0,63202.0,63297.84,239.07967,1783202399999,15144354.46089510,57280,80.15776000,5078373.93434270,0,2026-07-04 21:00:00+00:00
1783202400000,63297.83,63310.0,63160.0,63184.99,486.87752,1783205999999,30773771.93108590,47140,347.74282000,21977627.33095360,0,2026-07-04 22:00:00+00:00
1783206000000,63185.0,63241.33,62927.98,63144.01,584.01676,1783209599999,36883428.98906400,74800,330.70077000,20886096.29486290,0,2026-07-04 23:00:00+00:00
1783209600000,63144.01,63144.01,62888.86,62991.29,348.66174,1783213199999,21976925.72520290,77561,151.01609000,9517577.86418820,0,2026-07-05 00:00:00+00:00
1783213200000,62991.3,63043.15,62800.0,62887.94,447.61772,1783216799999,28163113.49499830,83429,178.23454000,11214341.20935990,0,2026-07-05 01:00:00+00:00
1783216800000,62887.93,62926.0,62596.08,62693.56,307.64194,1783220399999,19294864.73494830,80379,120.66715000,7567679.85783470,0,2026-07-05 02:00:00+00:00
1783220400000,62693.57,62796.39,62658.0,62769.04,211.72564,1783223999999,13285353.88295750,50158,115.81808000,7267820.68844260,0,2026-07-05 03:00:00+00:00
1783224000000,62769.03,62952.93,62712.0,62815.99,288.42759,1783227599999,18128010.17846570,52868,119.37434000,7501194.98889480,0,2026-07-05 04:00:00+00:00
1783227600000,62815.99,62815.99,62659.65,62740.5,312.61219,1783231199999,19616728.99891270,56051,142.96568000,8970984.26917350,0,2026-07-05 05:00:00+00:00
1783231200000,62740.5,62819.91,62669.99,62782.18,269.63913,1783234799999,16922087.00196900,50870,171.56110000,10767538.28799740,0,2026-07-05 06:00:00+00:00
1783234800000,62782.18,63059.99,62718.31,63020.21,393.71695,1783238399999,24746997.89102730,55632,226.97063000,14272532.63424680,0,2026-07-05 07:00:00+00:00
1783238400000,63020.21,63104.0,62900.0,62915.0,337.45972,1783241999999,21249003.10070990,54807,146.25020000,9210215.26308660,0,2026-07-05 08:00:00+00:00
1783242000000,62915.0,62930.16,62436.59,62622.18,562.27226,1783245599999,35258966.87001280,100726,213.12516000,13358942.47598680,0,2026-07-05 09:00:00+00:00
1783245600000,62622.18,62756.25,62536.57,62756.12,183.32618,1783249199999,11492329.05739620,54074,107.18848000,6720136.89442500,0,2026-07-05 10:00:00+00:00
1783249200000,62756.12,62812.0,62600.03,62658.92,268.20384,1783252799999,16811171.38599370,43687,105.72244000,6626716.72125800,0,2026-07-05 11:00:00+00:00
1783252800000,62658.92,62772.0,62569.37,62745.01,294.54856,1783256399999,18457864.87269460,55429,131.06162000,8214396.73856910,0,2026-07-05 12:00:00+00:00
1783256400000,62745.0,62819.66,62644.12,62792.0,337.44331,1783259999999,21168254.63808570,53412,199.82464000,12534645.18211020,0,2026-07-05 13:00:00+00:00
1783260000000,62791.99,62818.37,62656.02,62812.25,219.35892,1783263599999,13758668.86884750,51866,106.02419000,6649970.42913170,0,2026-07-05 14:00:00+00:00
1783263600000,62812.25,62943.59,62679.76,62740.01,243.82359,1783267199999,15315189.38921750,79038,105.43640000,6624628.85669130,0,2026-07-05 15:00:00+00:00
1783267200000,62740.01,62772.86,62590.02,62637.48,344.55738,1783270799999,21595040.14418200,56433,150.21959000,9416014.73325570,0,2026-07-05 16:00:00+00:00
1783270800000,62637.48,62820.0,62594.38,62624.93,275.09476,1783274399999,17248470.79986480,64809,118.13396000,7407277.62631600,0,2026-07-05 17:00:00+00:00
1783274400000,62624.93,62880.0,62616.0,62820.33,372.13939,1783277999999,23333389.67169510,57093,254.37631000,15947120.71804650,0,2026-07-05 18:00:00+00:00
1783278000000,62820.33,62888.14,62714.98,62768.88,297.34041,1783281599999,18674466.36574970,61902,118.20310000,7424022.51383130,0,2026-07-05 19:00:00+00:00
1783281600000,62768.87,62836.01,62700.0,62730.61,164.5638,1783285199999,10327453.50124820,34574,74.35480000,4665797.91392390,0,2026-07-05 20:00:00+00:00
1783285200000,62730.61,63220.0,62609.47,63092.01,428.51084,1783288799999,26972457.05777840,104447,237.76472000,14969601.80426530,0,2026-07-05 21:00:00+00:00
1783288800000,63092.0,63964.48,63005.04,63736.0,1512.51245,1783292399999,96176374.12736980,263867,907.10932000,57671488.33724850,0,2026-07-05 22:00:00+00:00
1783292400000,63735.99,63999.0,63577.36,63650.0,750.87927,1783295999999,47893262.84811640,147071,364.53387000,23251645.71310880,0,2026-07-05 23:00:00+00:00
1783296000000,63650.01,63772.52,63350.0,63761.99,854.38324,1783299599999,54298392.31115240,157672,403.59626000,25657262.36511070,0,2026-07-06 00:00:00+00:00
1783299600000,63761.98,63920.0,63550.0,63576.0,432.9767,1783303199999,27598223.85469930,124057,194.40820000,12394701.32273780,0,2026-07-06 01:00:00+00:00
1783303200000,63576.0,63669.45,63373.13,63460.01,398.01222,1783306799999,25279077.92613150,119374,174.95179000,11111195.16446470,0,2026-07-06 02:00:00+00:00
1783306800000,63460.01,63495.14,63136.01,63294.0,420.90012,1783310399999,26636164.14589330,102541,202.33378000,12804272.23925660,0,2026-07-06 03:00:00+00:00
1783310400000,63294.0,63402.77,63187.98,63267.99,278.63053,1783313999999,17637960.88518660,82218,118.75549000,7517534.04979950,0,2026-07-06 04:00:00+00:00
1783314000000,63267.99,63268.0,62950.0,63114.0,702.75025,1783317599999,44357507.85759570,102902,339.71456000,21444130.98009240,0,2026-07-06 05:00:00+00:00
1783317600000,63113.99,63152.7,62972.0,62976.0,622.44998,1783321199999,39245525.66370660,94567,232.88771000,14683963.08551780,0,2026-07-06 06:00:00+00:00
1783321200000,62976.0,63120.0,62890.0,63089.42,529.35201,1783324799999,33353699.03853060,84608,264.52278000,16666672.37654700,0,2026-07-06 07:00:00+00:00
1783324800000,63089.42,63244.0,62800.13,62904.01,536.0688,1783328399999,33774026.19245220,80027,227.67551000,14353368.27084420,0,2026-07-06 08:00:00+00:00
1783328400000,62904.01,62914.0,62630.85,62664.77,432.26087,1783331999999,27117243.83911810,85573,195.93910000,12292541.00375010,0,2026-07-06 09:00:00+00:00
1783332000000,62664.77,63030.0,62664.76,62822.06,454.82776,1783335599999,28586939.94838840,89363,214.03872000,13451418.15674430,0,2026-07-06 10:00:00+00:00
1783335600000,62822.07,63000.0,62483.83,62483.84,610.79996,1783339199999,38319346.05297190,91378,245.94488000,15442602.00828410,0,2026-07-06 11:00:00+00:00
1783339200000,62483.84,62487.98,61668.2,61754.01,2426.65551,1783342799999,150452546.01379310,355184,1142.93496000,70877062.55778840,0,2026-07-06 12:00:00+00:00
1783342800000,61754.01,62034.0,61306.84,61768.21,3623.91016,1783346399999,223385219.75531310,368635,2596.31246000,160062901.18781570,0,2026-07-06 13:00:00+00:00
1783346400000,61768.2,62411.41,61712.54,62052.0,1203.78704,1783349999999,74643735.03128820,272566,719.90151000,44644358.95918160,0,2026-07-06 14:00:00+00:00
1783350000000,62052.0,63550.0,62052.0,63545.98,2153.37389,1783353599999,135460161.41701560,376279,1357.96706000,85466582.05974190,0,2026-07-06 15:00:00+00:00
1783353600000,63545.98,63863.0,63386.01,63732.0,1748.98599,1783357199999,111285382.38579090,315693,928.19493000,59068314.72248850,0,2026-07-06 16:00:00+00:00
1783357200000,63732.0,63976.16,63570.16,63587.38,885.44922,1783360799999,56485142.93246910,179894,418.83031000,26723924.45841680,0,2026-07-06 17:00:00+00:00
1783360800000,63587.38,63886.0,63560.0,63696.4,345.76423,1783364399999,22038021.37682840,108832,174.42988000,11117847.84428320,0,2026-07-06 18:00:00+00:00
1783364400000,63696.4,63887.93,63652.42,63738.52,308.11427,1783367999999,19652927.41985030,90847,159.29472000,10160410.37997700,0,2026-07-06 19:00:00+00:00
1783368000000,63738.52,63892.65,63589.41,63828.0,314.93037,1783371599999,20074425.07171710,83236,155.94641000,9938218.87997570,0,2026-07-06 20:00:00+00:00
1783371600000,63828.0,64700.0,63810.0,64489.98,1489.51024,1783375199999,95805102.24251000,238267,814.15756000,52337510.63616070,0,2026-07-06 21:00:00+00:00
1783375200000,64489.97,64500.0,64151.01,64244.0,313.47871,1783378799999,20153658.12575650,91166,139.31352000,8955932.77639370,0,2026-07-06 22:00:00+00:00
1783378800000,64244.0,64340.76,64017.78,64042.02,347.9123,1783382399999,22315616.91506800,83016,134.49982000,8627335.40318950,0,2026-07-06 23:00:00+00:00
1783382400000,64042.93,64314.0,63997.5,64203.99,545.80462,1783385999999,34996753.38041220,115737,329.29231000,21112304.78580650,0,2026-07-07 00:00:00+00:00
1783386000000,64203.99,64204.0,63767.04,63840.0,600.7847,1783389599999,38414637.98876410,134058,220.03090000,14069070.35280190,0,2026-07-07 01:00:00+00:00
1783389600000,63840.0,63908.0,63288.01,63322.01,624.33941,1783393199999,39705186.54289430,141244,252.64342000,16068849.76995470,0,2026-07-07 02:00:00+00:00
1783393200000,63322.01,63414.0,63150.0,63191.01,378.30046,1783396799999,23939589.11095430,99590,163.72252000,10360132.41230550,0,2026-07-07 03:00:00+00:00
1783396800000,63191.01,63288.33,63064.0,63100.01,658.55856,1783400399999,41622409.30369670,96752,330.10961000,20864436.78404750,0,2026-07-07 04:00:00+00:00
1783400400000,63100.0,63278.99,62800.0,63128.01,725.48406,1783403999999,45755634.87146510,115727,363.57662000,22940852.32449540,0,2026-07-07 05:00:00+00:00
1783404000000,63128.0,63400.0,62984.42,63340.0,869.08707,1783407599999,54937579.54806050,119249,477.85291000,30220499.22039230,0,2026-07-07 06:00:00+00:00
1783407600000,63340.01,63445.7,63072.1,63083.18,615.24857,1783411199999,38905685.21352530,104138,259.23769000,16394237.09141890,0,2026-07-07 07:00:00+00:00
1783411200000,63083.19,63184.0,62984.58,63104.0,444.0167,1783414799999,28011818.54354980,88413,233.63356000,14740006.86913060,0,2026-07-07 08:00:00+00:00
1783414800000,63104.0,63348.73,63063.28,63256.0,320.22634,1783418399999,20244658.22394240,74591,173.68452000,10979937.73135930,0,2026-07-07 09:00:00+00:00
1783418400000,63256.01,63467.15,63228.17,63284.0,496.91971,1783421999999,31472947.13312880,87115,277.02108000,17544294.61492980,0,2026-07-07 10:00:00+00:00
1783422000000,63284.0,63452.0,63116.02,63406.0,399.36572,1783425599999,25259454.95504920,101156,224.24393000,14183246.98360090,0,2026-07-07 11:00:00+00:00
1783425600000,63405.99,63872.0,63396.58,63481.39,618.18499,1783429199999,39341419.95756370,160481,275.25744000,17518623.60335380,0,2026-07-07 12:00:00+00:00
1783429200000,63481.39,63482.5,63000.0,63056.0,1055.47861,1783432799999,66673047.58096860,246168,512.44159000,32380771.79149330,0,2026-07-07 13:00:00+00:00
1783432800000,63056.0,63634.0,62671.39,63562.05,1684.44273,1783436399999,106282009.85184440,325749,904.00729000,57067349.19485260,0,2026-07-07 14:00:00+00:00
1783436400000,63562.05,64105.0,63376.22,63930.51,2129.05569,1783439999999,135785392.71423450,271792,1206.28857000,76924495.92081200,0,2026-07-07 15:00:00+00:00
1783440000000,63930.5,64243.75,63810.0,63983.27,825.1364,1783443599999,52804969.35910670,193162,349.42619000,22369052.29768140,0,2026-07-07 16:00:00+00:00
1783443600000,63983.28,64232.0,63896.21,64186.0,713.19138,1783447199999,45728526.57520870,126005,321.13512000,20593482.35670020,0,2026-07-07 17:00:00+00:00
1783447200000,64185.99,64188.0,63672.01,63679.99,804.35069,1783450799999,51468170.99226930,139111,337.56121000,21597387.92083160,0,2026-07-07 18:00:00+00:00
1783450800000,63679.99,63894.58,63379.69,63817.99,809.87318,1783454399999,51531180.65671040,164437,328.54251000,20917158.13792980,0,2026-07-07 19:00:00+00:00
1783454400000,63818.0,63901.75,63585.0,63697.99,461.15497,1783457999999,29372758.20728890,72212,174.25603000,11098724.67900540,0,2026-07-07 20:00:00+00:00
1783458000000,63698.0,63866.0,63313.1,63423.94,445.13714,1783461599999,28281279.52763310,127228,171.45030000,10894603.54694430,0,2026-07-07 21:00:00+00:00
1783461600000,63423.93,63660.0,63218.0,63551.02,344.82337,1783465199999,21880790.53326140,104401,140.56140000,8921086.80762350,0,2026-07-07 22:00:00+00:00
1783465200000,63551.02,63708.0,63320.0,63363.99,265.24316,1783468799999,16851786.11707680,73586,102.22804000,6495681.96085670,0,2026-07-07 23:00:00+00:00
1783468800000,63364.0,63761.99,63307.36,63612.77,656.59812,1783472399999,41748490.70695420,131666,359.42820000,22855521.18510390,0,2026-07-08 00:00:00+00:00
1783472400000,63612.78,63649.5,62921.78,63038.01,690.76172,1783475999999,43679886.71045710,164873,255.61455000,16167510.53148810,0,2026-07-08 01:00:00+00:00
1783476000000,63038.0,63066.0,62525.47,62979.99,1271.45366,1783479599999,79919466.13973350,208952,502.12016000,31566980.52027840,0,2026-07-08 02:00:00+00:00
1783479600000,62979.98,63094.0,62700.18,62766.0,326.19539,1783483199999,20528552.71335360,103768,129.20149000,8130518.66427900,0,2026-07-08 03:00:00+00:00
1783483200000,62766.0,62901.49,62676.0,62800.0,435.16461,1783486799999,27326800.36842210,104227,209.08028000,13132289.22647130,0,2026-07-08 04:00:00+00:00
1783486800000,62800.01,62876.95,62558.0,62637.88,716.63481,1783490399999,44957652.32983100,103048,229.15812000,14369134.22826210,0,2026-07-08 05:00:00+00:00
1783490400000,62637.88,62746.0,62477.04,62657.81,457.84929,1783493999999,28658549.23764730,118259,184.34641000,11541130.96708390,0,2026-07-08 06:00:00+00:00
1783494000000,62657.82,62894.89,62550.0,62888.35,483.7238,1783497599999,30356058.93342220,119418,248.85145000,15618650.85149400,0,2026-07-08 07:00:00+00:00
1783497600000,62888.34,62941.46,61855.26,62018.36,1707.6886,1783501199999,106338452.53338460,325520,665.47432000,41432156.27664450,0,2026-07-08 08:00:00+00:00
1783501200000,62018.36,62190.01,61743.83,62057.67,2058.44174,1783504799999,127644427.61035360,196098,922.66211000,57190487.64184140,0,2026-07-08 09:00:00+00:00
1783504800000,62057.68,62199.97,61903.45,62183.12,934.16537,1783508399999,58004045.72481240,123213,456.68285000,28356408.05805550,0,2026-07-08 10:00:00+00:00
1783508400000,62183.11,62392.04,62055.63,62299.99,576.86496,1783511999999,35889111.76485310,132259,276.72913000,17218810.96069030,0,2026-07-08 11:00:00+00:00
1783512000000,62300.0,62451.08,61953.58,61957.73,877.49143,1783515599999,54622922.67230470,140713,374.97924000,23363565.18423290,0,2026-07-08 12:00:00+00:00
1783515600000,61957.74,62090.0,61632.23,61945.49,1130.9924,1783519199999,69967130.81157330,274235,516.84443000,31979426.87020420,0,2026-07-08 13:00:00+00:00
1783519200000,61945.49,62173.56,61712.0,61889.83,1415.74086,1783522799999,87735122.71925250,275071,720.17406000,44656332.10067390,0,2026-07-08 14:00:00+00:00
1783522800000,61889.83,61922.0,61544.56,61704.01,1055.91275,1783526399999,65112537.93137310,244620,390.43308000,24077759.41133650,0,2026-07-08 15:00:00+00:00
1783526400000,61704.01,62164.6,61692.0,62113.03,762.49481,1783529999999,47214098.77418990,177409,529.04849000,32755821.55995220,0,2026-07-08 16:00:00+00:00
1783530000000,62113.02,62394.32,62032.0,62104.62,518.57431,1783533599999,32265732.28001720,140575,273.11423000,16991316.59611570,0,2026-07-08 17:00:00+00:00
1783533600000,62104.62,62351.97,62045.2,62185.32,301.10629,1783537199999,18728892.37055960,113693,152.02599000,9455293.49979100,0,2026-07-08 18:00:00+00:00
1783537200000,62185.33,62292.19,62068.0,62277.98,295.91802,1783540799999,18404224.50023730,101461,141.34200000,8790822.25809810,0,2026-07-08 19:00:00+00:00
1783540800000,62277.98,62306.54,62082.8,62099.61,601.65946,1783544399999,37400869.38317530,72144,245.08482000,15232936.53367850,0,2026-07-08 20:00:00+00:00
1783544400000,62099.62,62251.22,61956.0,62187.17,844.23046,1783547999999,52425580.75260040,104882,345.75888000,21472396.52815120,0,2026-07-08 21:00:00+00:00
1783548000000,62187.17,62350.63,62178.0,62330.4,268.9098,1783551599999,16743367.62559490,63672,120.02021000,7473651.85239860,0,2026-07-08 22:00:00+00:00
1783551600000,62330.4,62346.6,62174.0,62290.0,231.5253,1783555199999,14415196.02593290,58711,90.39576000,5627764.50319240,0,2026-07-08 23:00:00+00:00
1783555200000,62290.01,62309.88,62058.51,62129.99,419.84137,1783558799999,26113492.25336900,105776,182.44603000,11347564.22376100,0,2026-07-09 00:00:00+00:00
1783558800000,62129.99,62642.0,61837.1,61916.0,891.27709,1783562399999,55492014.50148700,187403,367.41118000,22906114.28664400,0,2026-07-09 01:00:00+00:00
1783562400000,61916.0,62121.21,61705.29,61788.8,588.18699,1783565999999,36429619.61399760,131367,220.19378000,13637878.25262150,0,2026-07-09 02:00:00+00:00
1783566000000,61788.79,62062.99,61730.0,61974.34,608.39784,1783569599999,37651841.77894990,108372,195.09721000,12075410.04466780,0,2026-07-09 03:00:00+00:00
1783569600000,61974.34,62456.29,61956.46,62453.74,475.51774,1783573199999,29599385.64756560,99669,278.20792000,17324133.12759900,0,2026-07-09 04:00:00+00:00
1783573200000,62453.74,62624.61,62236.0,62589.61,907.8536,1783576799999,56684397.23631330,106909,374.18701000,23366682.31366590,0,2026-07-09 05:00:00+00:00
1783576800000,62589.61,62980.0,62485.58,62959.96,790.33126,1783580399999,49573190.81499680,129149,436.61894000,27396450.60903100,0,2026-07-09 06:00:00+00:00
1783580400000,62959.96,63283.26,62788.06,63000.0,902.61366,1783583999999,56847741.64975080,177583,393.93393000,24821729.03146850,0,2026-07-09 07:00:00+00:00
1783584000000,62999.99,63100.1,62855.63,62903.65,872.78917,1783587599999,54983827.07098910,94365,343.76362000,21659887.66795310,0,2026-07-09 08:00:00+00:00
1783587600000,62903.66,63002.0,62786.82,62953.4,549.43771,1783591199999,34556471.63520690,103808,223.53494000,14059899.09400390,0,2026-07-09 09:00:00+00:00
1783591200000,62953.4,63056.98,62688.0,62786.04,490.23056,1783594799999,30839184.19384690,84135,199.92488000,12575507.10078640,0,2026-07-09 10:00:00+00:00
1783594800000,62786.05,62830.0,62614.66,62786.34,613.79257,1783598399999,38515227.88793440,98536,306.93811000,19261679.61079550,0,2026-07-09 11:00:00+00:00
1783598400000,62786.33,62952.0,62465.39,62614.02,2694.46367,1783601999999,169039612.73283750,215401,1346.56619000,84492967.20550990,0,2026-07-09 12:00:00+00:00
1783602000000,62614.01,63240.15,62523.08,63028.35,732.96491,1783605599999,46077523.33277060,240554,397.51952000,24992862.32781360,0,2026-07-09 13:00:00+00:00
1783605600000,63028.36,63144.79,62666.66,63016.0,598.40365,1783609199999,37627916.15131890,225724,282.43727000,17761049.92764930,0,2026-07-09 14:00:00+00:00
1783609200000,63016.0,63261.0,62811.1,62868.05,857.13379,1783612799999,54053593.18932840,178177,488.68914000,30824162.55554900,0,2026-07-09 15:00:00+00:00
1783612800000,62868.06,62996.0,62559.59,62700.01,532.13757,1783616399999,33394925.97364410,139968,268.87549000,16870538.42136680,0,2026-07-09 16:00:00+00:00
1783616400000,62700.01,63165.12,62668.0,63142.79,730.95491,1783619999999,46045228.70801180,179787,505.19592000,31830441.44637600,0,2026-07-09 17:00:00+00:00
1783620000000,63142.79,63500.0,63080.0,63219.03,776.88222,1783623599999,49178223.27592290,162534,461.97269000,29242457.47654100,0,2026-07-09 18:00:00+00:00
1783623600000,63219.03,63375.73,63118.45,63248.1,606.23375,1783627199999,38337036.19642990,121122,225.60118000,14270285.98192740,0,2026-07-09 19:00:00+00:00
1783627200000,63248.09,63330.85,63177.36,63313.38,236.61262,1783630799999,14968750.29477850,66759,89.26074000,5647306.51748430,0,2026-07-09 20:00:00+00:00
1783630800000,63313.38,63397.94,63208.91,63274.59,261.44616,1783634399999,16547143.50965050,62564,95.08018000,6017144.48440970,0,2026-07-09 21:00:00+00:00
1783634400000,63274.6,63418.0,63218.77,63218.78,274.28375,1783637999999,17365507.16232710,66024,104.61625000,6623269.34674650,0,2026-07-09 22:00:00+00:00
1783638000000,63218.78,63325.0,63060.91,63230.0,331.02016,1783641599999,20927958.45805660,90364,134.41145000,8497643.90849430,0,2026-07-09 23:00:00+00:00
1783641600000,63230.01,63255.49,62926.01,63113.93,626.86453,1783645199999,39563460.16766930,131089,220.97830000,13947070.83649150,0,2026-07-10 00:00:00+00:00
1783645200000,63113.92,63999.99,62962.0,63749.86,1229.10229,1783648799999,78230416.14663780,180781,746.95681000,47545231.34098320,0,2026-07-10 01:00:00+00:00
1783648800000,63749.86,64050.23,63692.76,63961.99,1017.85326,1783652399999,65004947.81060420,121738,458.42777000,29281667.16621810,0,2026-07-10 02:00:00+00:00
1783652400000,63961.99,64050.0,63822.8,63947.2,410.93478,1783655999999,26266938.45541600,77866,198.47861000,12687397.66972810,0,2026-07-10 03:00:00+00:00
1783656000000,63947.2,64176.86,63857.64,64047.88,567.80609,1783659599999,36358775.33195460,99984,251.36936000,16096803.33761290,0,2026-07-10 04:00:00+00:00
1783659600000,64047.89,64200.0,63944.05,64115.99,507.936,1783663199999,32531176.61692720,92524,171.87178000,11008097.54215490,0,2026-07-10 05:00:00+00:00
1783663200000,64116.0,64162.0,63836.0,63854.71,352.90834,1783666799999,22570220.33811710,77028,146.66787000,9380951.28917820,0,2026-07-10 06:00:00+00:00
1783666800000,63854.71,64011.9,63802.02,63963.0,566.0984,1783670399999,36195010.63903720,70325,288.25009000,18430577.12103110,0,2026-07-10 07:00:00+00:00
1783670400000,63963.0,64392.0,63962.99,64246.01,945.88564,1783673999999,60727846.02437730,137364,509.10521000,32676589.94283940,0,2026-07-10 08:00:00+00:00
1783674000000,64246.0,64480.01,64102.0,64385.09,1051.0085,1783677599999,67618421.22992000,139003,602.73761000,38773027.61111100,0,2026-07-10 09:00:00+00:00
1783677600000,64385.09,64494.84,64274.47,64407.8,400.85807,1783681199999,25812200.00987050,94396,183.75693000,11832553.44870680,0,2026-07-10 10:00:00+00:00
1783681200000,64407.8,64480.0,64341.83,64425.18,337.28843,1783684799999,21727509.24153830,84020,156.37652000,10072882.95376700,0,2026-07-10 11:00:00+00:00
1783684800000,64425.18,64608.0,63999.0,64286.64,1081.95063,1783688399999,69732032.23728020,133126,566.57783000,36525287.55203160,0,2026-07-10 12:00:00+00:00
1783688400000,64286.65,64692.83,64152.84,64484.0,826.67946,1783691999999,53211230.83982480,193513,451.17935000,29033166.85448010,0,2026-07-10 13:00:00+00:00
1783692000000,64484.0,64516.0,63793.43,63914.87,1338.73193,1783695599999,85801970.12636290,334399,665.42987000,42652661.18109030,0,2026-07-10 14:00:00+00:00
1783695600000,63914.88,64210.0,63898.0,64040.0,737.82713,1783699199999,47246927.83405230,206816,363.13266000,23253955.11244600,0,2026-07-10 15:00:00+00:00
1783699200000,64039.99,64220.0,63826.57,64140.01,671.46586,1783702799999,42985947.77364820,165350,344.23388000,22041187.58293280,0,2026-07-10 16:00:00+00:00
1783702800000,64140.0,64158.58,63821.88,63823.99,491.57909,1783706399999,31431249.22986380,118118,201.94121000,12910591.12850580,0,2026-07-10 17:00:00+00:00
1783706400000,63824.0,64003.99,63732.66,63810.0,566.18067,1783709999999,36167696.67158390,103913,187.41688000,11974130.06236320,0,2026-07-10 18:00:00+00:00
1783710000000,63809.99,64077.56,63780.0,63917.88,1227.53052,1783713599999,78475132.73968080,92722,727.76707000,46530055.46445850,0,2026-07-10 19:00:00+00:00
1783713600000,63917.88,63946.36,63656.0,63841.25,1126.81538,1783717199999,71915414.68791050,82125,629.51423000,40189599.43841440,0,2026-07-10 20:00:00+00:00
1783717200000,63841.25,64099.56,63835.05,64011.99,307.30047,1783720799999,19663863.13352460,64337,163.43663000,10457469.73840430,0,2026-07-10 21:00:00+00:00
1783720800000,64012.0,64169.39,63981.37,64112.29,508.14182,1783724399999,32567648.61220650,59238,247.21233000,15841314.18876540,0,2026-07-10 22:00:00+00:00
1783724400000,64112.3,64222.61,64024.0,64161.72,690.25393,1783727999999,44291925.10404300,67650,244.68410000,15696916.02135840,0,2026-07-10 23:00:00+00:00
1783728000000,64161.72,64168.49,64028.43,64124.0,315.78502,1783731599999,20248182.40977340,50918,108.82042000,6977286.39733000,0,2026-07-11 00:00:00+00:00
1783731600000,64123.99,64310.0,64004.01,64012.95,405.42387,1783735199999,26013591.00499260,81231,237.69175000,15255401.14672280,0,2026-07-11 01:00:00+00:00
1783735200000,64012.95,64166.0,63984.07,64158.04,205.49018,1783738799999,13168217.53628510,68844,102.18947000,6548658.88418680,0,2026-07-11 02:00:00+00:00
1783738800000,64158.04,64195.04,64068.0,64150.42,174.79238,1783742399999,11212982.11508140,50691,71.24697000,4570147.02406580,0,2026-07-11 03:00:00+00:00
1783742400000,64150.42,64213.55,64080.26,64152.0,223.52551,1783745999999,14337399.13678480,60803,96.25869000,6173530.34216130,0,2026-07-11 04:00:00+00:00
1783746000000,64152.0,64221.99,64121.07,64176.01,535.97468,1783749599999,34398585.90775990,65164,243.91693000,15653767.77907110,0,2026-07-11 05:00:00+00:00
1783749600000,64176.0,64278.0,64124.0,64219.1,302.84507,1783753199999,19447152.84716750,48576,117.22223000,7527447.98822010,0,2026-07-11 06:00:00+00:00
1783753200000,64219.09,64256.55,64152.0,64162.18,422.67072,1783756799999,27138584.02181520,42194,187.97010000,12067804.56250290,0,2026-07-11 07:00:00+00:00
1783756800000,64162.18,64300.0,64153.87,64265.98,169.11443,1783760399999,10864078.51372990,34398,84.03876000,5398792.36375190,0,2026-07-11 08:00:00+00:00
1783760400000,64265.98,64300.0,64159.7,64167.34,347.53946,1783763999999,22316938.21588310,46546,154.59592000,9925071.84668020,0,2026-07-11 09:00:00+00:00
1783764000000,64167.35,64204.02,64129.99,64196.0,421.25234,1783767599999,27029064.22527840,35529,231.87972000,14877822.13040730,0,2026-07-11 10:00:00+00:00
1783767600000,64196.0,64215.32,64167.99,64198.0,417.44096,1783771199999,26795119.69977550,29455,206.36929000,13246415.78455140,0,2026-07-11 11:00:00+00:00
1783771200000,64197.99,64228.0,64130.65,64195.49,408.31399,1783774799999,26209635.86862250,35860,185.54079000,11909565.98313050,0,2026-07-11 12:00:00+00:00
1783774800000,64195.48,64266.0,64159.99,64235.66,352.18455,1783778399999,22611731.48649540,32888,171.08383000,10983793.56804770,0,2026-07-11 13:00:00+00:00
1783778400000,64235.67,64504.11,64235.66,64350.07,551.43161,1783781999999,35505725.48817590,86841,262.84991000,16923324.41278620,0,2026-07-11 14:00:00+00:00
1783782000000,64350.07,64484.01,63896.18,64175.75,1185.62457,1783785599999,76105840.36553510,168174,468.01420000,30036992.27195150,0,2026-07-11 15:00:00+00:00
1783785600000,64175.75,64273.63,64084.0,64180.01,468.52631,1783789199999,30061892.11615290,98809,196.94723000,12636301.10814590,0,2026-07-11 16:00:00+00:00
1783789200000,64180.0,64402.0,64164.08,64315.53,272.95245,1783792799999,17550740.48758590,56212,105.71027000,6796924.87468210,0,2026-07-11 17:00:00+00:00
1783792800000,64315.53,64395.17,64288.91,64327.99,274.24491,1783796399999,17642709.35065200,42496,86.06808000,5537095.85752040,0,2026-07-11 18:00:00+00:00
1783796400000,64327.99,64338.0,64233.23,64286.0,202.32307,1783799999999,13006549.00178070,37989,60.94309000,3917608.41327940,0,2026-07-11 19:00:00+00:00
1783800000000,64286.0,64463.83,64285.99,64382.45,197.23083,1783803599999,12692315.78847270,31861,99.43301000,6398210.73484730,0,2026-07-11 20:00:00+00:00
1783803600000,64382.44,64427.56,64338.09,64355.99,116.51883,1783807199999,7500432.18494350,30246,45.97006000,2958961.71311440,0,2026-07-11 21:00:00+00:00
1783807200000,64355.99,64424.03,64144.47,64203.08,303.31895,1783810799999,19495479.29881600,60872,111.74963000,7184410.50098120,0,2026-07-11 22:00:00+00:00
1783810800000,64203.09,64246.0,63819.0,63819.0,877.44963,1783814399999,56116927.49524930,109581,271.77527000,17370083.15297110,0,2026-07-11 23:00:00+00:00
1783814400000,63819.01,63909.92,63702.16,63828.47,2302.50352,1783817999999,146930312.24600250,213062,1150.28269000,73402643.40038670,0,2026-07-12 00:00:00+00:00
1783818000000,63828.48,64172.66,63812.0,64133.61,394.25068,1783821599999,25234105.13975080,90095,209.21597000,13391300.01202440,0,2026-07-12 01:00:00+00:00
1783821600000,64133.61,64133.62,64029.51,64070.39,908.56961,1783825199999,58217465.36301270,70113,498.51461000,31940809.42136840,0,2026-07-12 02:00:00+00:00
1783825200000,64070.4,64223.74,64035.68,64223.73,488.95119,1783828799999,31354766.72858910,58839,297.89307000,19100394.29664620,0,2026-07-12 03:00:00+00:00
1783828800000,64223.73,64245.87,63943.68,63999.93,412.9132,1783832399999,26457105.10709250,55819,144.85248000,9279529.22533420,0,2026-07-12 04:00:00+00:00
1783832400000,63999.94,64024.48,63900.0,63959.93,291.33944,1783835999999,18635608.05583880,42639,127.44085000,8151059.74397440,0,2026-07-12 05:00:00+00:00
1783836000000,63959.93,63962.85,63640.83,63762.46,526.52081,1783839599999,33577807.92739320,106184,239.78046000,15291485.45161160,0,2026-07-12 06:00:00+00:00
1783839600000,63762.47,63908.39,63740.12,63885.27,506.72582,1783843199999,32362656.98661680,53274,251.52599000,16064095.35683350,0,2026-07-12 07:00:00+00:00
1783843200000,63885.28,64100.32,63884.2,63983.18,1349.77159,1783846799999,86388913.10056920,151844,604.97960000,38719961.09802120,0,2026-07-12 08:00:00+00:00
1783846800000,63983.18,64062.17,63764.0,63961.61,3089.49803,1783850399999,197512142.59476160,257390,1526.77896000,97619007.11092380,0,2026-07-12 09:00:00+00:00
1783850400000,63961.6,63961.6,63843.4,63865.76,250.37178,1783853999999,15993661.92381320,40102,95.96916000,6130356.65988080,0,2026-07-12 10:00:00+00:00
1783854000000,63865.76,64030.0,63826.01,64018.01,158.66802,1783857599999,10148134.90080710,51620,94.61127000,6050972.54244560,0,2026-07-12 11:00:00+00:00
1783857600000,64018.0,64135.0,63970.55,64026.0,320.06272,1783861199999,20495081.75227070,50200,113.56582000,7273622.85008080,0,2026-07-12 12:00:00+00:00
1783861200000,64026.01,64097.99,63987.4,64023.14,369.91648,1783864799999,23691370.59049210,43343,237.63301000,15219531.97729230,0,2026-07-12 13:00:00+00:00
1783864800000,64023.13,64290.11,63958.71,64203.08,261.44826,1783868399999,16755935.53967460,62093,158.04998000,10128804.05448150,0,2026-07-12 14:00:00+00:00
1783868400000,64203.08,64262.15,64117.97,64176.0,230.70025,1783871999999,14807356.51689590,65527,111.22189000,7138014.61694740,0,2026-07-12 15:00:00+00:00
1783872000000,64176.0,64209.64,64042.0,64177.7,260.32939,1783875599999,16695088.04932270,55181,94.22283000,6042881.62950690,0,2026-07-12 16:00:00+00:00
1783875600000,64177.7,64177.74,64029.12,64078.0,243.96602,1783879199999,15639843.66871310,40041,93.42518000,5988574.94648340,0,2026-07-12 17:00:00+00:00
1783879200000,64078.0,64150.0,64018.69,64147.99,207.74726,1783882799999,13311747.12182560,52460,101.29939000,6490080.95753410,0,2026-07-12 18:00:00+00:00
1783882800000,64148.0,64270.0,64147.3,64228.59,178.3269,1783886399999,11448020.19357830,35891,83.09837000,5334645.66130610,0,2026-07-12 19:00:00+00:00
1783886400000,64228.59,64254.0,64178.03,64198.89,158.2404,1783889999999,10160253.50448010,36090,78.25850000,5024620.00941270,0,2026-07-12 20:00:00+00:00
1783890000000,64198.9,64232.02,63891.84,63920.4,317.29013,1783893599999,20316031.79259290,73654,112.24838000,7187142.27354570,0,2026-07-12 21:00:00+00:00
1783893600000,63920.4,63923.99,63668.0,63886.87,425.91972,1783897199999,27166580.28162660,129062,201.57147000,12857053.88416750,0,2026-07-12 22:00:00+00:00
1783897200000,63886.86,63914.85,63726.62,63780.0,260.80581,1783900799999,16638583.28222320,85082,130.56744000,8330075.80286220,0,2026-07-12 23:00:00+00:00
1783900800000,63780.0,64425.0,63568.0,64072.01,1134.90308,1783904399999,72654773.07342390,286831,546.37770000,34988735.41876640,0,2026-07-13 00:00:00+00:00
1783904400000,64072.0,64072.01,63376.53,63412.01,1113.66129,1783907999999,70877741.56970960,211558,406.44425000,25880695.37666580,0,2026-07-13 01:00:00+00:00
1783908000000,63412.01,63541.94,63237.26,63375.99,621.99474,1783911599999,39435128.15104050,180956,273.64623000,17352243.72493810,0,2026-07-13 02:00:00+00:00
1783911600000,63376.0,63382.95,62741.04,62806.41,1068.82271,1783915199999,67302083.79689580,190926,374.67881000,23586928.81830420,0,2026-07-13 03:00:00+00:00
1783915200000,62806.41,62911.94,62620.13,62672.0,670.25607,1783918799999,42063818.98079300,107703,272.82364000,17125386.08748800,0,2026-07-13 04:00:00+00:00
1783918800000,62672.0,62905.68,62500.76,62799.0,816.14848,1783922399999,51176201.87698220,128840,336.13973000,21085184.62368400,0,2026-07-13 05:00:00+00:00
1783922400000,62799.01,62880.0,62710.45,62797.55,385.11506,1783925999999,24184102.59173470,81497,199.57348000,12532600.50397570,0,2026-07-13 06:00:00+00:00
1783926000000,62797.55,63070.01,62753.69,62985.52,1476.1879,1783929599999,92960933.98588360,113042,789.05083000,49678061.17281010,0,2026-07-13 07:00:00+00:00
1783929600000,62985.53,63302.88,62935.92,63206.97,1893.03927,1783933199999,119430995.69417030,91024,838.75151000,52914949.69084560,0,2026-07-13 08:00:00+00:00
1783933200000,63206.98,63210.0,63086.12,63100.02,663.43575,1783936799999,41877393.26556330,47622,269.67243000,17023014.48825580,0,2026-07-13 09:00:00+00:00
1783936800000,63100.02,63157.85,62862.28,62867.89,788.29364,1783940399999,49685703.24231900,64528,223.32148000,14080598.20736220,0,2026-07-13 10:00:00+00:00
1783940400000,62867.9,63135.55,62867.9,62901.99,458.30123,1783943999999,28871322.44361890,80420,284.85154000,17943525.20275440,0,2026-07-13 11:00:00+00:00
1783944000000,62901.99,62990.04,62570.0,62625.15,689.69237,1783947599999,43292710.10640760,145674,240.13365000,15065772.27090280,0,2026-07-13 12:00:00+00:00
1783947600000,62625.15,62766.37,62164.0,62318.0,2175.34811,1783951199999,135790068.36806220,285296,960.65466000,60001341.66200780,0,2026-07-13 13:00:00+00:00
1783951200000,62318.01,62794.97,62101.0,62791.85,1780.86024,1783954799999,111242967.07363880,287712,1004.52163000,62764708.27390680,0,2026-07-13 14:00:00+00:00
1783954800000,62791.85,62983.83,62559.58,62618.01,1226.00074,1783958399999,76866972.60069860,157149,588.39490000,36899051.69679650,0,2026-07-13 15:00:00+00:00
1783958400000,62618.0,62629.35,62212.0,62276.0,970.69108,1783961999999,60576532.29623890,168597,395.84940000,24695549.16693500,0,2026-07-13 16:00:00+00:00
1783962000000,62276.01,62370.0,61900.0,61904.99,1161.78052,1783965599999,72161314.34408730,173760,509.97460000,31683482.29415630,0,2026-07-13 17:00:00+00:00
1783965600000,61904.99,62100.0,61824.97,62020.0,662.51495,1783969199999,41047598.61025870,132699,375.20601000,23248637.52163890,0,2026-07-13 18:00:00+00:00
1783969200000,62020.0,62292.84,61990.0,62288.23,503.43262,1783972799999,31265406.70437000,91224,284.37197000,17661893.92595410,0,2026-07-13 19:00:00+00:00
1783972800000,62288.23,62324.74,62050.71,62210.99,294.43026,1783976399999,18312163.37403220,62234,126.46800000,7865572.43096360,0,2026-07-13 20:00:00+00:00
1783976400000,62211.0,62216.35,61897.45,62065.06,385.18322,1783979999999,23900169.68005040,77517,156.25407000,9694051.85811120,0,2026-07-13 21:00:00+00:00
1783980000000,62065.05,62224.0,61911.31,61924.0,386.45256,1783983599999,23996456.86579880,85665,191.93372000,11919622.20393830,0,2026-07-13 22:00:00+00:00
1783983600000,61924.0,62347.46,61882.88,62334.52,355.95615,1783987199999,22124171.25526510,97238,212.34300000,13199823.11428630,0,2026-07-13 23:00:00+00:00
1783987200000,62334.52,62666.66,62272.2,62549.54,827.98236,1783990799999,51675940.19931970,162789,523.04865000,32645021.29549100,0,2026-07-14 00:00:00+00:00
1783990800000,62549.55,62640.0,62460.03,62540.42,471.32047,1783994399999,29468927.04219380,112273,162.59369000,10166070.75555480,0,2026-07-14 01:00:00+00:00
1783994400000,62540.41,62645.0,62329.98,62544.0,510.10327,1783997999999,31869750.66706310,75818,202.66286000,12667949.44414070,0,2026-07-14 02:00:00+00:00
1783998000000,62544.0,62604.0,62314.0,62572.89,439.89615,1784001599999,27471043.06785320,74405,127.18215000,7945043.42357100,0,2026-07-14 03:00:00+00:00
1784001600000,62572.88,62768.95,62539.71,62745.23,314.71779,1784005199999,19725662.03332770,69871,163.24658000,10231335.23469330,0,2026-07-14 04:00:00+00:00
1784005200000,62745.24,62872.0,62697.69,62737.0,625.4247,1784008799999,39262968.53336160,75213,378.73990000,23778098.64495160,0,2026-07-14 05:00:00+00:00
1784008800000,62737.0,62772.48,62566.01,62624.05,742.03175,1784012399999,46505512.48129370,67688,331.34613000,20766405.11070750,0,2026-07-14 06:00:00+00:00
1784012400000,62624.06,62655.99,62516.93,62560.92,406.16223,1784015999999,25423415.19176350,83510,225.31426000,14103064.64203990,0,2026-07-14 07:00:00+00:00
1784016000000,62560.92,62807.94,62500.0,62713.85,377.86259,1784019599999,23678347.09220040,70924,165.78605000,10387903.70661170,0,2026-07-14 08:00:00+00:00
1784019600000,62713.85,62742.0,62534.29,62629.55,614.55321,1784023199999,38491256.57684440,70186,263.11312000,16481581.45813920,0,2026-07-14 09:00:00+00:00
1784023200000,62629.56,62908.8,62609.47,62800.0,437.22084,1784026799999,27436132.48993780,87948,228.96814000,14367556.86127780,0,2026-07-14 10:00:00+00:00
1784026800000,62800.01,62923.06,62713.6,62844.99,302.90008,1784030399999,19028848.29966970,76374,135.33427000,8501932.73787470,0,2026-07-14 11:00:00+00:00
1784030400000,62844.99,63989.54,62780.84,63960.0,3109.78866,1784033999999,197228080.84338530,340612,1759.05632000,111593555.06608210,0,2026-07-14 12:00:00+00:00
1784034000000,63959.99,64181.99,63699.03,63840.01,1522.71413,1784037599999,97289004.16287810,264729,726.13568000,46394195.80926070,0,2026-07-14 13:00:00+00:00
1784037600000,63840.01,64346.49,63580.99,64305.02,1089.85313,1784041199999,69660622.91509460,214506,576.80866000,36892339.21839590,0,2026-07-14 14:00:00+00:00
1784041200000,64305.01,64966.43,64194.64,64743.99,3074.26518,1784044799999,198686212.07069680,328316,1767.07268000,114220076.74586030,0,2026-07-14 15:00:00+00:00
1784044800000,64744.0,64896.86,64606.0,64730.0,1264.07966,1784048399999,81894662.51895110,197007,721.85004000,46769380.66314950,0,2026-07-14 16:00:00+00:00
1784048400000,64730.01,64730.01,64231.77,64621.43,1156.00933,1784051999999,74566380.78023040,159839,544.29781000,35108784.12562200,0,2026-07-14 17:00:00+00:00
1784052000000,64621.43,64648.88,64477.23,64571.98,502.24971,1784055599999,32424776.07393190,98369,273.76826000,17673821.20740820,0,2026-07-14 18:00:00+00:00
1784055600000,64571.99,64704.0,64487.38,64569.59,367.96179,1784059199999,23764910.01336960,78301,179.34289000,11582541.76529060,0,2026-07-14 19:00:00+00:00
1784059200000,64569.59,64599.0,64419.99,64572.02,281.25074,1784062799999,18138006.35144510,61993,121.59743000,7842119.56545380,0,2026-07-14 20:00:00+00:00
1784062800000,64572.02,64893.92,64526.0,64676.9,427.49727,1784066399999,27660350.42090840,80311,229.12565000,14826358.18262280,0,2026-07-14 21:00:00+00:00
1784066400000,64676.89,65100.0,64516.0,64860.89,1268.06322,1784069999999,82320454.63995970,146779,789.09241000,51230725.64707370,0,2026-07-14 22:00:00+00:00
1784070000000,64860.89,65048.0,64782.0,65043.98,418.50558,1784073599999,27183236.21485080,83184,252.00615000,16368466.76006410,0,2026-07-14 23:00:00+00:00
1784073600000,65043.99,65065.01,64765.12,64824.58,352.45343,1784077199999,22876740.13399420,89993,145.01703000,9413356.10576520,0,2026-07-15 00:00:00+00:00
1784077200000,64824.57,64853.08,64644.48,64674.35,610.20031,1784080799999,39490595.09695300,84226,193.02661000,12492165.36285200,0,2026-07-15 01:00:00+00:00
1784080800000,64674.35,64755.99,64488.0,64490.87,350.99185,1784084399999,22663017.40912360,67599,128.24033000,8281727.99767750,0,2026-07-15 02:00:00+00:00
1784084400000,64490.87,64840.0,64490.86,64792.01,379.79444,1784087999999,24556380.12629680,78761,212.73565000,13753964.14409070,0,2026-07-15 03:00:00+00:00
1784088000000,64792.0,64885.99,64714.0,64746.01,289.24746,1784091599999,18744503.57453070,67192,130.57975000,8462528.25934770,0,2026-07-15 04:00:00+00:00
1784091600000,64746.01,64964.96,64602.5,64944.06,686.5094,1784095199999,44428561.40596700,77972,352.04292000,22785642.92215940,0,2026-07-15 05:00:00+00:00
1784095200000,64944.06,65277.37,64814.0,64814.0,974.06143,1784098799999,63357389.08149180,145379,556.38097000,36188305.61978760,0,2026-07-15 06:00:00+00:00
1784098800000,64814.01,64876.0,64485.0,64549.34,1209.74716,1784102399999,78196461.07060080,129130,546.94983000,35360286.06461300,0,2026-07-15 07:00:00+00:00
1784102400000,64549.33,64797.02,64549.33,64768.01,958.47053,1784105999999,62009500.85123360,79476,550.53625000,35619108.36680690,0,2026-07-15 08:00:00+00:00
1784106000000,64768.0,64917.94,64653.18,64671.83,542.47841,1784109599999,35158818.21583060,67517,261.29365000,16935464.04762320,0,2026-07-15 09:00:00+00:00
1784109600000,64671.84,64855.56,64614.0,64663.0,316.30209,1784113199999,20467657.26875340,70407,149.48303000,9671741.63282240,0,2026-07-15 10:00:00+00:00
1784113200000,64663.0,64767.37,64616.11,64732.15,500.13863,1784116799999,32358687.10469170,71757,315.56224000,20416585.68403570,0,2026-07-15 11:00:00+00:00
1784116800000,64732.15,65249.9,64606.0,65164.0,1837.40143,1784120399999,119231761.72893930,204654,986.57597000,64032026.42040990,0,2026-07-15 12:00:00+00:00
1784120400000,65164.0,65577.0,64888.0,65117.99,1942.12357,1784123999999,126827754.66088410,316395,986.51569000,64444692.68357090,0,2026-07-15 13:00:00+00:00
1784124000000,65118.0,65517.05,65070.0,65399.81,1187.13269,1784127599999,77547190.79898590,250059,623.94836000,40760081.44204220,0,2026-07-15 14:00:00+00:00
1784127600000,65399.8,65600.0,65261.71,65427.61,1153.25811,1784131199999,75449236.78049240,191878,551.50561000,36081687.31144880,0,2026-07-15 15:00:00+00:00
1784131200000,65427.6,65470.0,64784.83,65120.79,1423.19665,1784134799999,92630468.44900480,173982,688.94738000,44826198.32276920,0,2026-07-15 16:00:00+00:00
1784134800000,65120.8,65194.72,64972.95,65056.1,1119.69712,1784138399999,72840642.50111650,114230,535.60425000,34839115.85079730,0,2026-07-15 17:00:00+00:00
1784138400000,65056.1,65143.57,64847.42,64860.0,1076.85531,1784141999999,70017332.55209310,87058,480.85672000,31262801.43172720,0,2026-07-15 18:00:00+00:00
1784142000000,64860.0,65000.0,64738.49,64977.34,377.96921,1784145599999,24530349.13437620,90113,181.50442000,11781117.23375870,0,2026-07-15 19:00:00+00:00
1784145600000,64977.34,65055.39,64899.0,64968.01,239.51973,1784149199999,15565796.05687060,44327,97.10398000,6310620.25177860,0,2026-07-15 20:00:00+00:00
1784149200000,64968.02,65018.74,64789.89,64834.31,289.23644,1784152799999,18762786.30351260,50400,116.77521000,7573283.41142180,0,2026-07-15 21:00:00+00:00
1784152800000,64834.31,64982.47,64772.0,64866.93,275.16571,1784156399999,17849617.46050680,59240,109.62196000,7111784.53371120,0,2026-07-15 22:00:00+00:00
1784156400000,64866.93,64938.0,64691.89,64756.28,309.9463,1784159999999,20087076.00226890,57174,108.67581000,7043526.74386100,0,2026-07-15 23:00:00+00:00
1784160000000,64756.28,64845.5,64500.0,64584.07,762.20624,1784163599999,49306432.43960520,114212,267.75046000,17318373.83620380,0,2026-07-16 00:00:00+00:00
1784163600000,64584.07,64830.0,64392.01,64730.01,462.87658,1784167199999,29897308.75896340,93749,184.90674000,11949275.78925040,0,2026-07-16 01:00:00+00:00
1784167200000,64730.0,64735.09,64574.02,64642.01,327.49099,1784170799999,21167895.80879960,81469,120.01092000,7756612.58209030,0,2026-07-16 02:00:00+00:00
1784170800000,64642.0,64745.55,64555.0,64619.95,221.04888,1784174399999,14291216.66047550,62519,91.13349000,5892081.11109230,0,2026-07-16 03:00:00+00:00
1784174400000,64619.96,64692.0,64544.04,64650.05,615.61718,1784177999999,39778166.11131830,63217,272.65011000,17616184.68578810,0,2026-07-16 04:00:00+00:00
1784178000000,64650.05,64997.52,64592.67,64917.99,618.6053,1784181599999,40096131.81106940,102100,272.42041000,17666903.16392120,0,2026-07-16 05:00:00+00:00
1784181600000,64917.99,64978.0,64630.01,64777.32,355.62558,1784185199999,23055384.82595990,80154,185.42352000,12022085.91739740,0,2026-07-16 06:00:00+00:00
1784185200000,64777.33,64777.33,64086.12,64238.0,1138.76345,1784188799999,73266539.91912450,135277,530.20807000,34107504.95803370,0,2026-07-16 07:00:00+00:00
1784188800000,64238.0,64380.0,63888.0,64126.85,3967.6065,1784192399999,254484514.63940390,276872,1913.73079000,122766239.62003760,0,2026-07-16 08:00:00+00:00
1784192400000,64126.86,64186.83,64019.02,64090.0,3387.73889,1784195999999,217178817.88201580,133490,1709.97753000,109620357.38769340,0,2026-07-16 09:00:00+00:00
1784196000000,64090.0,64269.42,64077.75,64221.34,351.18175,1784199599999,22540451.73051400,64376,216.77888000,13913975.41576950,0,2026-07-16 10:00:00+00:00
1784199600000,64221.34,64269.42,64101.0,64256.53,377.01841,1784203199999,24201455.75335720,80601,229.34210000,14721330.93945840,0,2026-07-16 11:00:00+00:00
1784203200000,64256.52,64256.52,63838.28,63966.01,728.30687,1784206799999,46650112.63717040,112114,307.42746000,19689959.56954610,0,2026-07-16 12:00:00+00:00
1784206800000,63966.01,64480.0,63961.14,64376.0,827.04997,1784210399999,53133011.01179340,206844,462.57569000,29715578.92495070,0,2026-07-16 13:00:00+00:00
1784210400000,64375.99,64863.07,64332.57,64543.51,993.97642,1784213999999,64228141.43225350,242913,530.78945000,34303137.88222390,0,2026-07-16 14:00:00+00:00
1784214000000,64543.51,64896.0,64320.0,64704.73,620.57363,1784217599999,40116555.72279970,179749,294.17576000,19020835.82181810,0,2026-07-16 15:00:00+00:00
1784217600000,64704.73,64712.0,64333.33,64484.0,523.57946,1784221199999,33772572.93516980,164890,258.97661000,16707468.58837470,0,2026-07-16 16:00:00+00:00
1784221200000,64484.01,64484.01,63984.09,64069.03,616.12218,1784224799999,39546263.90641080,152847,298.65752000,19167669.08477200,0,2026-07-16 17:00:00+00:00
1784224800000,64069.04,64330.0,64052.14,64246.01,275.58322,1784228399999,17693233.31554150,96968,154.14249000,9896995.89804800,0,2026-07-16 18:00:00+00:00
1784228400000,64246.01,64301.99,64152.0,64271.84,368.59969,1784231999999,23673372.54719390,87618,179.89113000,11553769.45624580,0,2026-07-16 19:00:00+00:00
1784232000000,64271.85,64276.0,64108.0,64114.27,169.71905,1784235599999,10892569.27688850,46514,50.34261000,3231019.42021100,0,2026-07-16 20:00:00+00:00
1784235600000,64114.25,64253.25,64101.18,64161.99,188.0978,1784239199999,12073010.56578350,46705,98.81405000,6342100.94795540,0,2026-07-16 21:00:00+00:00
1784239200000,64162.0,64240.12,63950.01,63968.0,351.60652,1784242799999,22541243.73028380,82121,189.43479000,12146431.33862240,0,2026-07-16 22:00:00+00:00
1784242800000,63968.01,64010.58,63748.74,63830.2,515.53223,1784246399999,32913982.95529820,106162,187.74549000,11986107.88721550,0,2026-07-16 23:00:00+00:00
1784246400000,63830.2,63912.0,63612.62,63886.0,435.36884,1784249999999,27761893.02305260,130096,188.83862000,12043436.33270310,0,2026-07-17 00:00:00+00:00
1784250000000,63886.0,64067.69,63476.0,63546.24,735.77497,1784253599999,46906740.31769070,165996,328.86352000,20966019.63464010,0,2026-07-17 01:00:00+00:00
1784253600000,63546.25,63657.99,63380.28,63482.0,818.39465,1784257199999,51965487.30586850,145402,363.18785000,23062333.82650900,0,2026-07-17 02:00:00+00:00
1784257200000,63482.0,63720.0,63482.0,63570.0,676.04775,1784260799999,43025216.03637760,89683,355.40693000,22617274.29287510,0,2026-07-17 03:00:00+00:00
1784260800000,63570.0,63576.0,63320.0,63486.01,490.83509,1784264399999,31130289.06977250,85259,278.98949000,17693576.11148560,0,2026-07-17 04:00:00+00:00
1784264400000,63486.01,63486.01,62804.3,62839.76,1190.44758,1784267999999,75071052.90441030,147087,412.98017000,26034463.65808640,0,2026-07-17 05:00:00+00:00
1784268000000,62839.77,62998.52,62710.0,62948.0,1200.24888,1784271599999,75426822.04945710,145347,541.26582000,34019405.36238240,0,2026-07-17 06:00:00+00:00
1784271600000,62948.0,62983.99,62800.0,62828.11,1288.47496,1784275199999,81065480.63539860,116780,828.57670000,52133039.54669700,0,2026-07-17 07:00:00+00:00
1784275200000,62828.11,62939.04,62666.0,62888.0,838.1557,1784278799999,52634154.77198240,118340,442.64190000,27797608.18327910,0,2026-07-17 08:00:00+00:00
1784278800000,62888.01,63069.06,62852.89,62989.46,603.45822,1784282399999,37986908.72473240,77782,305.18241000,19211837.84378290,0,2026-07-17 09:00:00+00:00
1784282400000,62989.47,63201.91,62989.47,63179.92,534.56662,1784285999999,33746956.32009200,82170,302.65855000,19107614.53953360,0,2026-07-17 10:00:00+00:00
1784286000000,63179.91,63361.7,63063.67,63298.01,617.19974,1784289599999,38998648.55509210,76675,338.41136000,21383081.07730230,0,2026-07-17 11:00:00+00:00
1784289600000,63298.0,63348.0,63069.09,63099.75,618.64826,1784293199999,39087743.61611900,104477,298.57732000,18860325.88243720,0,2026-07-17 12:00:00+00:00
1784293200000,63099.75,63180.0,62537.56,63153.99,1381.50027,1784296799999,86761153.85307560,306096,574.56636000,36081573.43439060,0,2026-07-17 13:00:00+00:00
1784296800000,63154.0,63518.0,63051.77,63174.0,1199.38162,1784300399999,75888606.66117210,289884,517.61777000,32755073.02453500,0,2026-07-17 14:00:00+00:00
1784300400000,63174.01,63452.0,62856.16,63452.0,702.84059,1784303999999,44374391.21093130,193926,352.89734000,22287323.00509440,0,2026-07-17 15:00:00+00:00
1784304000000,63452.0,63706.75,63312.01,63594.0,881.75053,1784307599999,55981690.50874250,163102,469.94191000,29834543.43831110,0,2026-07-17 16:00:00+00:00
1784307600000,63594.0,64228.27,63594.0,64049.86,1210.18889,1784311199999,77456976.05072360,231758,571.88450000,36596006.98568770,0,2026-07-17 17:00:00+00:00
1784311200000,64049.85,64387.99,63894.0,64259.73,761.86335,1784314799999,48861207.77066300,192330,373.50051000,23959096.16886360,0,2026-07-17 18:00:00+00:00
1784314800000,64259.73,64259.73,63981.2,64160.8,578.45246,1784318399999,37090044.80282040,141264,233.12112000,14948946.43441710,0,2026-07-17 19:00:00+00:00
1784318400000,64160.8,64192.57,63958.19,64120.0,456.18305,1784321999999,29216033.49067830,95798,185.02914000,11849589.14163020,0,2026-07-17 20:00:00+00:00
1784322000000,64120.01,64216.61,64064.0,64110.0,284.21145,1784325599999,18226751.53487510,56652,130.42543000,8364037.07347070,0,2026-07-17 21:00:00+00:00
1784325600000,64110.01,64147.0,63903.63,63986.0,255.88006,1784329199999,16376212.72510400,46539,91.43757000,5850694.02684620,0,2026-07-17 22:00:00+00:00
1784329200000,63986.01,64011.08,63884.35,63931.67,430.02036,1784332799999,27505567.40141980,36853,132.43572000,8469813.65361110,0,2026-07-17 23:00:00+00:00
1784332800000,63931.67,64012.39,63895.33,63910.04,217.92923,1784336399999,13934565.37269220,36439,88.94571000,5686457.77534480,0,2026-07-18 00:00:00+00:00
1784336400000,63910.05,64000.0,63886.65,63952.98,200.93158,1784339999999,12845683.93259120,38454,101.13965000,6465786.99473590,0,2026-07-18 01:00:00+00:00
1784340000000,63952.97,64032.6,63930.54,63967.61,372.4998,1784343599999,23831434.11739850,34906,177.20663000,11337386.95143170,0,2026-07-18 02:00:00+00:00
1784343600000,63967.61,64017.85,63928.15,64017.84,578.99589,1784347199999,37028871.33332080,40753,339.54706000,21713685.83453350,0,2026-07-18 03:00:00+00:00
1784347200000,64017.84,64017.85,63947.09,63967.99,311.74394,1784350799999,19944984.81304020,31750,114.86755000,7349025.06397130,0,2026-07-18 04:00:00+00:00
1784350800000,63968.0,63998.0,63926.39,63967.95,153.28461,1784354399999,9804201.60065080,35664,91.89331000,5877624.66174990,0,2026-07-18 05:00:00+00:00
1784354400000,63967.95,64005.99,63950.0,63979.67,193.68533,1784357999999,12391202.31002440,22645,84.94141000,5434162.66425770,0,2026-07-18 06:00:00+00:00
1784358000000,63979.67,64026.03,63974.94,64002.75,290.3862,1784361599999,18587667.39067950,27957,149.35276000,9560275.08726190,0,2026-07-18 07:00:00+00:00
1784361600000,64002.75,64019.64,63960.0,64006.01,293.43528,1784365199999,18776525.35450550,26230,166.47617000,10652735.56136220,0,2026-07-18 08:00:00+00:00
1784365200000,64006.01,64006.01,63887.73,63987.76,286.53507,1784368799999,18326684.74319580,22373,81.78779000,5231626.46183600,0,2026-07-18 09:00:00+00:00
1784368800000,63987.77,64026.39,63982.34,64016.43,264.0947,1784372399999,16904036.76841160,15481,193.28382000,12371899.73423500,0,2026-07-18 10:00:00+00:00
1784372400000,64016.43,64097.22,64010.99,64069.89,259.43503,1784375999999,16611789.16832990,21897,124.61799000,7979980.34955540,0,2026-07-18 11:00:00+00:00
1784376000000,64069.89,64274.47,64057.27,64218.0,554.94465,1784379599999,35603019.33342730,71351,375.60846000,24096408.85081720,0,2026-07-18 12:00:00+00:00
1784379600000,64218.01,64218.01,63963.0,64106.0,300.90627,1784383199999,19269691.63558030,57350,90.42783000,5791811.62889850,0,2026-07-18 13:00:00+00:00
1784383200000,64105.99,64195.01,64101.42,64126.0,182.82691,1784386799999,11729731.74897350,40171,102.86872000,6600011.96874080,0,2026-07-18 14:00:00+00:00
1784386800000,64126.0,64163.99,64037.45,64123.12,202.91031,1784390399999,13005984.01423460,42082,79.70971000,5109074.60299030,0,2026-07-18 15:00:00+00:00
1784390400000,64123.13,64314.0,64091.48,64303.47,325.76583,1784393999999,20909944.61118380,57577,198.17952000,12720700.94691580,0,2026-07-18 16:00:00+00:00
1784394000000,64303.48,64492.0,64280.22,64480.29,572.40254,1784397599999,36842060.50347030,81560,339.31225000,21839596.15880270,0,2026-07-18 17:00:00+00:00
1784397600000,64480.28,64669.5,64462.0,64512.41,531.00754,1784401199999,34268725.92494560,76954,317.00387000,20459179.87386200,0,2026-07-18 18:00:00+00:00
1784401200000,64512.41,64597.9,64482.0,64552.79,294.01495,1784404799999,18977273.56210350,41062,143.09304000,9235865.31451090,0,2026-07-18 19:00:00+00:00
1784404800000,64552.8,64739.64,64528.69,64693.01,554.55726,1784408399999,35832367.04996570,67492,203.95330000,13180424.58605150,0,2026-07-18 20:00:00+00:00
1784408400000,64693.02,64846.83,64614.36,64731.72,365.29033,1784411999999,23646648.01433980,86946,156.33670000,10119916.34102650,0,2026-07-18 21:00:00+00:00
1784412000000,64731.73,64865.0,64712.29,64805.05,503.12891,1784415599999,32595444.26665710,67199,270.39759000,17518777.94736610,0,2026-07-18 22:00:00+00:00
1784415600000,64805.04,64843.3,64709.28,64834.22,220.46796,1784419199999,14286111.11664800,44408,109.26344000,7080365.08622110,0,2026-07-18 23:00:00+00:00
1784419200000,64834.21,64906.4,64769.47,64792.08,443.04046,1784422799999,28721404.16735250,44297,220.83655000,14316271.20529050,0,2026-07-19 00:00:00+00:00
1784422800000,64792.08,64792.09,64765.99,64765.99,211.03912,1784426399999,13669959.85485460,27566,70.30937000,4554215.74374620,0,2026-07-19 01:00:00+00:00
1784426400000,64766.0,64967.25,64700.84,64826.01,574.09127,1784429999999,37227437.85067540,76305,358.62229000,23255469.90040430,0,2026-07-19 02:00:00+00:00
1784430000000,64826.01,64842.92,64620.44,64706.18,416.11384,1784433599999,26917588.50925240,49992,164.16272000,10617455.40608130,0,2026-07-19 03:00:00+00:00
1784433600000,64706.18,64795.43,64610.89,64720.17,249.31584,1784437199999,16131599.63372590,44807,112.81648000,7298809.80482340,0,2026-07-19 04:00:00+00:00
1784437200000,64720.17,64815.65,64676.0,64724.01,206.27533,1784440799999,13355010.31471110,32382,97.69460000,6324844.65402100,0,2026-07-19 05:00:00+00:00
1784440800000,64724.0,64759.33,64694.66,64711.69,244.79532,1784444399999,15843142.90307130,30360,76.65129000,4960694.48902860,0,2026-07-19 06:00:00+00:00
1784444400000,64711.69,64784.0,64675.0,64711.05,401.27453,1784447999999,25968746.21426040,35850,235.15720000,15217846.39483450,0,2026-07-19 07:00:00+00:00
1784448000000,64711.04,64743.0,64631.54,64707.49,602.66232,1784451599999,38983669.85808590,45790,356.39588000,23052202.87671980,0,2026-07-19 08:00:00+00:00
1784451600000,64707.48,64725.74,64500.0,64509.99,392.93472,1784455199999,25372958.78481020,60038,180.76904000,11673142.18713670,0,2026-07-19 09:00:00+00:00
1784455200000,64510.0,64700.0,64482.0,64595.0,334.64364,1784458799999,21619201.55698460,62655,216.11326000,13960549.55801500,0,2026-07-19 10:00:00+00:00
1784458800000,64595.0,64636.28,64445.0,64467.64,208.69371,1784462399999,13470075.18382030,61380,117.78144000,7602488.18923710,0,2026-07-19 11:00:00+00:00
1784462400000,64467.65,64467.65,64285.24,64441.15,549.2859,1784465999999,35360477.76311760,78381,268.79894000,17304578.34542560,0,2026-07-19 12:00:00+00:00
1784466000000,64441.16,64516.33,64307.72,64483.31,325.94592,1784469599999,20994565.90216020,62759,169.12018000,10895130.47807150,0,2026-07-19 13:00:00+00:00
1784469600000,64483.32,64663.04,64425.24,64593.07,328.9706,1784473199999,21225054.83221000,78033,225.30830000,14536567.97195750,0,2026-07-19 14:00:00+00:00
1784473200000,64593.07,64620.0,64500.0,64585.32,260.30458,1784476799999,16801371.55372770,55126,135.33206000,8734616.21865630,0,2026-07-19 15:00:00+00:00
1784476800000,64585.33,64644.0,64505.21,64538.72,321.63819,1784480399999,20767837.47874020,55152,186.63356000,12051218.76296900,0,2026-07-19 16:00:00+00:00
1784480400000,64538.72,64752.0,64406.3,64547.86,402.19584,1784483999999,25983420.80676920,79967,167.89067000,10848199.52321170,0,2026-07-19 17:00:00+00:00
1784484000000,64547.86,64554.0,64280.0,64419.99,321.71164,1784487599999,20728852.18557710,81538,166.99887000,10759014.97646140,0,2026-07-19 18:00:00+00:00
1784487600000,64420.0,64467.82,64352.0,64462.58,115.02705,1784491199999,7410208.38031750,38116,56.02771000,3609046.00174620,0,2026-07-19 19:00:00+00:00
1784491200000,64462.58,64560.0,64462.57,64535.99,100.52602,1784494799999,6484360.49694250,33798,44.16481000,2848790.31370050,0,2026-07-19 20:00:00+00:00
1784494800000,64536.0,64562.55,64350.0,64415.75,221.49991,1784498399999,14270433.66139310,54765,83.61887000,5387201.32532110,0,2026-07-19 21:00:00+00:00
1784498400000,64415.75,64900.0,64347.89,64674.67,828.28879,1784501999999,53575007.17672580,183382,403.70549000,26114221.04787080,0,2026-07-19 22:00:00+00:00
1784502000000,64674.66,64772.0,64572.0,64722.54,319.6402,1784505599999,20676716.84370910,91898,167.06043000,10806205.89034170,0,2026-07-19 23:00:00+00:00
1784505600000,64722.55,65107.99,64416.0,64553.84,736.05935,1784509199999,47746253.24169950,182848,373.03585000,24211345.65033530,0,2026-07-20 00:00:00+00:00
1784509200000,64553.85,65029.4,64506.0,64628.01,401.29098,1784512799999,25991817.27615720,157579,207.33594000,13431945.27919460,0,2026-07-20 01:00:00+00:00
1784512800000,64628.01,64964.0,64585.0,64827.2,378.92701,1784516399999,24558164.63402800,143622,170.46754000,11048257.65545730,0,2026-07-20 02:00:00+00:00
1784516400000,64827.19,64914.93,64644.01,64869.8,340.53514,1784519999999,22070775.60952070,103653,193.73842000,12557829.70640500,0,2026-07-20 03:00:00+00:00
1784520000000,64869.79,64869.99,64540.0,64540.01,333.38076,1784523599999,21577957.23374520,80155,115.44660000,7471071.25546570,0,2026-07-20 04:00:00+00:00
1784523600000,64540.0,64562.0,64082.7,64128.0,978.47191,1784527199999,62855851.78805930,206944,411.79681000,26453813.51108840,0,2026-07-20 05:00:00+00:00
1784527200000,64128.01,64220.0,63765.83,63917.98,852.13818,1784530799999,54507266.43842660,176861,395.60294000,25309518.98312930,0,2026-07-20 06:00:00+00:00
1784530800000,63917.99,64315.96,63896.0,64280.01,998.28115,1784534399999,64007497.86050720,123721,618.64369000,39655887.38297010,0,2026-07-20 07:00:00+00:00
1784534400000,64280.01,64356.0,63100.0,64049.99,3901.45477,1784537999999,249987108.85700910,159278,736.29869000,47211971.99719010,0,2026-07-20 08:00:00+00:00
1784538000000,64050.0,64276.0,64012.8,64199.5,508.64903,1784541599999,32640625.45778570,78564,297.20927000,19072075.31134650,0,2026-07-20 09:00:00+00:00
1784541600000,64199.51,64415.42,64162.0,64301.18,339.54836,1784545199999,21831111.36698130,74493,180.48151000,11603342.29703850,0,2026-07-20 10:00:00+00:00
1784545200000,64301.18,65068.0,64273.33,65002.01,1040.02207,1784548799999,67330407.67350490,199513,594.40576000,38477071.96399580,0,2026-07-20 11:00:00+00:00
1784548800000,65002.0,65002.83,64599.89,64640.0,1301.45682,1784552399999,84235389.03577220,149555,710.46076000,45976717.82652410,0,2026-07-20 12:00:00+00:00
1784552400000,64640.0,64763.67,64208.0,64344.01,1171.73283,1784555999999,75666362.71760560,272284,658.22349000,42507930.53566760,0,2026-07-20 13:00:00+00:00
1784556000000,64344.01,64575.37,64077.76,64416.01,811.23879,1784559599999,52211013.40648540,271777,430.34574000,27702615.37991400,0,2026-07-20 14:00:00+00:00
1784559600000,64416.01,65666.8,64398.15,65598.75,2563.16846,1784563199999,166940754.02614310,342561,1660.67884000,108201886.17823880,0,2026-07-20 15:00:00+00:00
1784563200000,65598.75,65637.7,65336.0,65508.5,1056.62117,1784566799999,69183278.03023280,187685,542.58058000,35527245.86375330,0,2026-07-20 16:00:00+00:00
1784566800000,65508.5,65646.55,65342.52,65587.98,673.41436,1784570399999,44112235.33613190,125377,387.06212000,25356413.64622550,0,2026-07-20 17:00:00+00:00
1784570400000,65587.99,65799.0,65204.0,65240.01,708.20295,1784573999999,46416684.66279050,152574,344.93339000,22612220.68087400,0,2026-07-20 18:00:00+00:00
1784574000000,65240.01,65274.58,65041.05,65142.0,856.15121,1784577599999,55759616.61371240,123541,413.45663000,26926261.09091820,0,2026-07-20 19:00:00+00:00
1784577600000,65142.0,65438.0,65061.92,65367.58,339.09983,1784581199999,22131381.22445800,86065,204.90754000,13373931.16610780,0,2026-07-20 20:00:00+00:00
1784581200000,65367.57,65445.27,65272.32,65286.02,264.99229,1784584799999,17314896.59443770,64149,138.39530000,9041914.94707280,0,2026-07-20 21:00:00+00:00
1784584800000,65286.02,65286.02,65092.66,65141.99,333.37114,1784588399999,21722734.25967590,74897,114.77361000,7478741.26902260,0,2026-07-20 22:00:00+00:00
1784588400000,65142.0,65272.21,65128.17,65255.51,435.27846,1784591999999,28383526.91817420,69151,204.54566000,13337119.32749320,0,2026-07-20 23:00:00+00:00
1784592000000,65255.51,65585.0,65148.75,65568.01,685.78688,1784595599999,44858297.80284460,137991,394.33991000,25789332.56189130,0,2026-07-21 00:00:00+00:00
1784595600000,65568.0,65658.78,65232.65,65235.55,421.8846,1784599199999,27611342.27477820,109409,216.99319000,14199713.82343060,0,2026-07-21 01:00:00+00:00
1784599200000,65235.56,65500.0,65176.2,65414.01,382.21075,1784602799999,24964497.66256870,98741,215.67468000,14086803.89823240,0,2026-07-21 02:00:00+00:00
1784602800000,65414.01,65593.11,65411.74,65566.78,795.51369,1784606399999,52104085.96826830,104591,383.88337000,25142512.72254590,0,2026-07-21 03:00:00+00:00
1784606400000,65566.77,65742.58,65471.69,65522.01,600.76388,1784609999999,39384993.97883510,95473,319.02736000,20915155.22296100,0,2026-07-21 04:00:00+00:00
1784610000000,65522.0,65933.24,65485.55,65751.56,864.8195,1784613599999,56764659.85778910,103232,444.81598000,29201688.37021570,0,2026-07-21 05:00:00+00:00
1784613600000,65751.56,65991.05,65634.0,65913.0,733.43884,1784617199999,48297424.55740540,126066,401.05742000,26405044.47998360,0,2026-07-21 06:00:00+00:00
1784617200000,65913.0,66245.64,65866.0,66186.86,1338.71722,1784620799999,88446649.38202410,143773,687.99456000,45443085.88888050,0,2026-07-21 07:00:00+00:00
1784620800000,66186.86,66354.0,66129.19,66226.44,1032.71252,1784624399999,68425285.38110300,158063,550.28180000,36461231.01643010,0,2026-07-21 08:00:00+00:00
1784624400000,66226.43,66350.0,66144.0,66291.99,472.96398,1784627999999,31334455.46931340,80381,231.88096000,15361662.03730270,0,2026-07-21 09:00:00+00:00
1784628000000,66292.0,66420.65,66176.55,66180.0,1179.04438,1784631599999,78206466.88154250,106189,560.59725000,37186173.27292370,0,2026-07-21 10:00:00+00:00
1784631600000,66180.0,66350.0,66147.82,66345.59,752.24871,1784635199999,49837400.01974790,82988,394.46866000,26132081.57867550,0,2026-07-21 11:00:00+00:00
1784635200000,66345.59,66640.0,66255.73,66558.82,1002.49408,1784638799999,66618017.18018190,154107,626.01214000,41603052.57716360,0,2026-07-21 12:00:00+00:00
1784638800000,66558.81,66810.97,66315.62,66786.0,1358.43796,1784642399999,90418929.69692780,258062,734.51135000,48897433.47952640,0,2026-07-21 13:00:00+00:00
1784642400000,66786.0,66956.15,66648.27,66842.3,1722.33044,1784645999999,115095849.70710770,255021,949.00186000,63418859.73243820,0,2026-07-21 14:00:00+00:00
1784646000000,66842.29,66842.3,66517.52,66676.54,948.73464,1784649599999,63259092.35383720,191665,395.80559000,26390806.58323430,0,2026-07-21 15:00:00+00:00
1784649600000,66676.53,66764.0,66462.32,66542.01,672.73654,1784653199999,44803452.89221700,153714,300.53070000,20018404.67821240,0,2026-07-21 16:00:00+00:00
1784653200000,66542.01,66567.59,66052.63,66207.95,1024.8098,1784656799999,67962919.13706320,147681,505.96840000,33559829.18686060,0,2026-07-21 17:00:00+00:00
1784656800000,66207.96,66358.0,66098.71,66319.95,619.31647,1784660399999,41027462.11048240,131160,315.63375000,20911513.79094100,0,2026-07-21 18:00:00+00:00
1784660400000,66319.96,66502.8,66264.12,66444.76,623.55174,1784663999999,41412143.59464730,89737,293.52367000,19493314.67325700,0,2026-07-21 19:00:00+00:00
1784664000000,66444.76,66496.0,66359.3,66406.57,288.41886,1784667599999,19158375.82876760,62052,131.52161000,8736044.53642300,0,2026-07-21 20:00:00+00:00
1784667600000,66406.58,66408.26,66290.0,66385.0,330.71956,1784671199999,21944053.57661260,61522,162.63134000,10791032.03962390,0,2026-07-21 21:00:00+00:00
1784671200000,66385.0,66388.35,66204.0,66304.02,432.0724,1784674799999,28652241.69824840,74200,148.98017000,9877343.01962380,0,2026-07-21 22:00:00+00:00
1784674800000,66304.02,66576.0,66228.55,66556.16,334.55343,1784678399999,22214593.06190650,79423,180.67296000,11995204.30245380,0,2026-07-21 23:00:00+00:00
1784678400000,66556.15,66739.89,66525.54,66620.97,961.25987,1784681999999,64081004.73730570,139151,593.74514000,39584297.31152170,0,2026-07-22 00:00:00+00:00
1784682000000,66620.97,66661.79,66282.65,66433.3,801.8459,1784685599999,53272816.64035550,149270,444.41662000,29525448.17895380,0,2026-07-22 01:00:00+00:00
1784685600000,66433.29,66532.26,66298.0,66314.12,584.2039,1784689199999,38786656.52231880,251235,275.24641000,18273569.39779510,0,2026-07-22 02:00:00+00:00
1784689200000,66314.12,66371.27,66176.0,66210.0,535.35393,1784692799999,35480944.26700660,112668,257.78222000,17085988.88856470,0,2026-07-22 03:00:00+00:00
1784692800000,66209.99,66424.0,66198.0,66381.05,1016.50384,1784696399999,67451976.02275480,109536,501.48493000,33277294.88953450,0,2026-07-22 04:00:00+00:00
1784696400000,66381.05,66381.05,65944.51,65974.9,732.84767,1784699999999,48437146.12630590,171550,278.77567000,18424093.89134490,0,2026-07-22 05:00:00+00:00
1784700000000,65974.9,66026.93,65830.94,65934.33,677.13061,1784703599999,44639061.27502390,174021,333.31842000,21974631.14446110,0,2026-07-22 06:00:00+00:00
1784703600000,65934.34,65968.9,65701.0,65843.48,1698.20928,1784707199999,111861204.22165090,212941,748.07771000,49274321.98302140,0,2026-07-22 07:00:00+00:00
1784707200000,65843.48,66164.57,65843.47,65987.96,1762.03259,1784710799999,116302273.15370700,240865,906.58108000,59838735.02683880,0,2026-07-22 08:00:00+00:00
1784710800000,65987.97,66082.5,65850.0,65928.0,1983.57551,1784714399999,130853039.23269700,352683,964.04639000,63595456.33817530,0,2026-07-22 09:00:00+00:00
1784714400000,65928.01,66116.36,65898.0,66046.02,636.27622,1784717999999,41991692.06161960,59084,355.19012000,23439993.89905230,0,2026-07-22 10:00:00+00:00
1784718000000,66046.01,66092.59,65909.16,66013.36,789.42664,1784721599999,52121211.33648850,59946,350.44654000,23137298.27619050,0,2026-07-22 11:00:00+00:00
1784721600000,66013.36,66013.37,65553.67,65636.01,572.31956,1784725199999,37643161.33592710,88136,230.97887000,15189878.02187840,0,2026-07-22 12:00:00+00:00
1784725200000,65636.01,65982.28,65559.66,65951.39,762.44551,1784728799999,50128481.39770440,177645,381.78740000,25106378.99206970,0,2026-07-22 13:00:00+00:00
1784728800000,65951.38,66204.98,65588.0,65793.98,977.66799,1784732399999,64370253.86865100,220988,507.82559000,33442272.14186080,0,2026-07-22 14:00:00+00:00
1784732400000,65793.98,66125.0,65793.98,66047.39,689.66439,1784735999999,45509300.11457980,175975,399.84955000,26384059.64820380,0,2026-07-22 15:00:00+00:00
1784736000000,66047.38,66384.0,65911.6,66229.01,531.34681,1784739599999,35154988.67799030,148065,250.74712000,16592231.72817890,0,2026-07-22 16:00:00+00:00
1784739600000,66229.01,66275.29,65944.0,66024.03,332.68865,1784743199999,21996004.08529560,104053,148.18655000,9797454.72793300,0,2026-07-22 17:00:00+00:00
1784743200000,66024.02,66075.91,65726.08,65895.46,372.67709,1784746799999,24553586.77270650,97666,156.30905000,10298665.18068980,0,2026-07-22 18:00:00+00:00
1784746800000,65895.46,65958.56,65691.93,65923.19,284.49057,1784750399999,18740263.10262230,78209,118.43739000,7802325.76630310,0,2026-07-22 19:00:00+00:00
1784750400000,65923.19,65986.0,65791.79,65919.68,303.33342,1784753999999,19992838.26307990,75302,143.52943000,9460097.55853930,0,2026-07-22 20:00:00+00:00
1784754000000,65919.67,66133.98,65892.64,66072.47,345.28683,1784757599999,22790833.89482870,55486,166.43056000,10983875.05311440,0,2026-07-22 21:00:00+00:00
1784757600000,66072.48,66080.94,65932.0,66044.17,283.8249,1784761199999,18733779.72986750,61859,120.02718000,7921998.44413940,0,2026-07-22 22:00:00+00:00
1784761200000,66044.17,66138.24,65844.3,66114.49,440.45434,1784764799999,29066401.46634470,65491,221.24943000,14601615.18317830,0,2026-07-22 23:00:00+00:00
1784764800000,66114.5,66313.14,66054.58,66058.19,818.52742,1784768399999,54155763.28152660,101542,455.42556000,30131822.73725720,0,2026-07-23 00:00:00+00:00
1784768400000,66058.2,66208.0,65751.0,65830.0,911.89269,1784771999999,60104629.36132110,116801,436.85739000,28796722.04583690,0,2026-07-23 01:00:00+00:00
1784772000000,65830.0,65843.25,65653.23,65805.34,489.67764,1784775599999,32207820.23036290,89297,246.96764000,16243081.97920330,0,2026-07-23 02:00:00+00:00
1784775600000,65805.35,65816.0,65585.11,65662.53,518.12407,1784779199999,34037699.49329840,83286,190.83580000,12536267.50407810,0,2026-07-23 03:00:00+00:00
1784779200000,65662.53,65738.99,65590.12,65616.48,673.83221,1784782799999,44243082.65586400,71356,286.57201000,18816040.62707470,0,2026-07-23 04:00:00+00:00
1784782800000,65616.49,65797.93,65570.12,65691.01,258.16071,1784786399999,16952660.21387500,60111,111.90581000,7348569.34665640,0,2026-07-23 05:00:00+00:00
1784786400000,65691.01,65821.17,65625.2,65790.0,198.22051,1784789999999,13028058.06245090,54913,96.41480000,6337284.56441380,0,2026-07-23 06:00:00+00:00
1784790000000,65790.0,65790.0,65351.02,65442.13,625.4986,1784793599999,40945991.68101620,127032,280.77924000,18377061.58893320,0,2026-07-23 07:00:00+00:00
1784793600000,65442.12,65665.99,65419.75,65633.0,617.22753,1784797199999,40448552.08196890,70528,309.06305000,20250113.56605970,0,2026-07-23 08:00:00+00:00
1784797200000,65632.99,65757.99,65608.18,65638.92,505.16907,1784800799999,33191579.97701530,68218,258.28435000,16969582.75575800,0,2026-07-23 09:00:00+00:00
1784800800000,65638.92,65792.09,65589.69,65740.0,314.19369,1784804399999,20651864.15634310,57927,173.15418000,11380423.01347850,0,2026-07-23 10:00:00+00:00
1784804400000,65740.0,65740.01,65540.93,65555.21,260.87827,1784807999999,17119333.51793920,66807,100.11351000,6568771.53667220,0,2026-07-23 11:00:00+00:00
1784808000000,65555.21,65589.41,64988.05,65167.04,1080.21623,1784811599999,70489309.85778650,170313,427.76772000,27922772.94205370,0,2026-07-23 12:00:00+00:00
1784811600000,65167.05,65221.29,64863.62,64880.0,1019.68548,1784815199999,66316158.36393310,257564,468.59600000,30479586.64948670,0,2026-07-23 13:00:00+00:00
1784815200000,64880.0,65216.24,64822.13,64909.99,1122.58373,1784818799999,72973729.69792190,222134,463.32341000,30123654.47692140,0,2026-07-23 14:00:00+00:00
1784818800000,64910.0,65023.68,64728.0,64958.36,1087.45523,1784822399999,70551900.76112630,214968,509.31855000,33047369.65402380,0,2026-07-23 15:00:00+00:00
1784822400000,64958.37,64961.15,64704.57,64756.84,823.97347,1784825999999,53400401.75823240,131588,334.72907000,21690566.85750240,0,2026-07-23 16:00:00+00:00
1784826000000,64756.84,64900.0,64650.0,64681.27,610.54166,1784829599999,39562719.88316800,118553,345.37924000,22381635.65064250,0,2026-07-23 17:00:00+00:00
1784829600000,64681.26,64948.05,64680.0,64869.12,473.57506,1784833199999,30686499.01517000,101825,260.91652000,16906045.42319280,0,2026-07-23 18:00:00+00:00
1784833200000,64869.13,64934.75,64686.56,64846.94,525.37224,1784836799999,34052805.80175290,105509,236.41419000,15324211.50114810,0,2026-07-23 19:00:00+00:00
1784836800000,64846.93,65217.93,64834.52,65147.5,435.69297,1784840399999,28358595.84284500,75790,299.35840000,19487762.55558970,0,2026-07-23 20:00:00+00:00
1784840400000,65147.5,65210.35,65014.0,65169.81,348.6782,1784843999999,22704454.87812740,68545,215.68040000,14042848.53387370,0,2026-07-23 21:00:00+00:00
1784844000000,65169.82,65227.99,65013.94,65195.43,465.02672,1784847599999,30302110.15844620,69112,263.17200000,17148483.80186930,0,2026-07-23 22:00:00+00:00
1784847600000,65195.43,65235.43,65052.01,65098.97,514.02333,1784851199999,33505486.72890270,53580,265.29545000,17292291.73098800,0,2026-07-23 23:00:00+00:00
1784851200000,65098.98,65113.86,64762.18,64973.99,343.41298,1784854799999,22293397.51933570,84058,129.81999000,8426348.33358740,0,2026-07-24 00:00:00+00:00
1784854800000,64974.0,65168.0,64944.37,65086.0,666.39562,1784858399999,43363410.76915660,96667,381.68436000,24836465.11139380,0,2026-07-24 01:00:00+00:00
1784858400000,65086.0,65187.57,64925.45,65116.99,432.3739,1784861999999,28142630.88620780,80843,190.71358000,12413512.00039230,0,2026-07-24 02:00:00+00:00
1784862000000,65116.99,65464.35,65078.0,65456.7,382.6998,1784865599999,24998991.58662680,91902,210.07461000,13722108.37190000,0,2026-07-24 03:00:00+00:00
1784865600000,65456.7,65469.86,65272.26,65318.0,299.6958,1784869199999,19592772.72245840,62476,126.80876000,8288149.23934710,0,2026-07-24 04:00:00+00:00
1784869200000,65318.01,65394.0,65248.0,65325.0,372.30415,1784872799999,24317849.91703270,48965,181.25615000,11839492.08960130,0,2026-07-24 05:00:00+00:00
1784872800000,65325.01,65519.93,65278.07,65472.0,914.26438,1784876399999,59785493.21661900,77673,390.87561000,25565679.05674230,0,2026-07-24 06:00:00+00:00
1784876400000,65472.0,65808.59,65320.69,65499.95,1219.60281,1784879999999,79958294.46959490,137947,561.37159000,36812796.32017140,0,2026-07-24 07:00:00+00:00
1784880000000,65499.94,65508.17,65302.18,65302.18,306.26025,1784883599999,20034904.34419260,58326,170.22498000,11135621.62442980,0,2026-07-24 08:00:00+00:00
1784883600000,65302.18,65314.66,64952.38,65113.13,478.93491,1784887199999,31169700.55865250,97330,269.49813000,17536501.55797670,0,2026-07-24 09:00:00+00:00
1784887200000,65113.13,65157.99,64906.85,64950.0,716.12782,1784890799999,46552964.42419580,55339,438.38848000,28496200.15374980,0,2026-07-24 10:00:00+00:00
1784890800000,64950.01,65099.99,64857.14,65083.43,751.17375,1784894399999,48825602.12426520,88288,382.70676000,24874127.07061130,0,2026-07-24 11:00:00+00:00
1784894400000,65083.42,65133.99,64766.0,64780.01,507.45117,1784897999999,32961854.50980420,95073,203.58935000,13225962.80724660,0,2026-07-24 12:00:00+00:00
1784898000000,64780.0,64802.0,63920.01,64155.46,2007.68582,1784901599999,129104719.96433190,281787,788.22142000,50678367.79182870,0,2026-07-24 13:00:00+00:00
1784901600000,64155.47,64198.3,63739.75,64055.12,1591.08926,1784905199999,101681776.60599820,301812,778.66940000,49766595.84220300,0,2026-07-24 14:00:00+00:00
1784905200000,64055.11,64333.33,63858.0,64093.85,1939.18979,1784908799999,124372547.16317120,238240,979.65769000,62836087.46430990,0,2026-07-24 15:00:00+00:00
1784908800000,64093.86,64200.0,63881.46,63958.0,529.35925,1784912399999,33893566.23447890,115274,254.41795000,16289402.91558290,0,2026-07-24 16:00:00+00:00
1784912400000,63958.01,64202.91,63905.51,64180.0,525.47557,1784915999999,33678098.47179470,101347,248.64802000,15936495.29984130,0,2026-07-24 17:00:00+00:00
1784916000000,64180.0,64290.1,64129.75,64272.0,390.98725,1784919599999,25103008.29861050,68837,225.24313000,14463098.43891480,0,2026-07-24 18:00:00+00:00
1784919600000,64272.01,64292.44,64141.18,64225.32,579.59462,1784923199999,37219446.18859430,89535,268.80626000,17261732.53030090,0,2026-07-24 19:00:00+00:00
1784923200000,64225.32,64288.02,64128.89,64170.23,214.82759,1784926799999,13793686.13649970,46136,101.68095000,6528980.53148730,0,2026-07-24 20:00:00+00:00
1784926800000,64170.24,64258.73,64122.29,64155.0,651.81342,1784930399999,41828439.16876800,63726,360.48448000,23134033.08217110,0,2026-07-24 21:00:00+00:00
1784930400000,64155.0,64216.27,64121.86,64169.01,587.59798,1784933999999,37708911.18855610,40494,288.78415000,18532397.19539800,0,2026-07-24 22:00:00+00:00
1784934000000,64169.01,64187.4,64134.71,64139.99,412.95391,1784937599999,26497342.69510590,45616,201.59706000,12935489.19125850,0,2026-07-24 23:00:00+00:00
1784937600000,64140.0,64179.03,64033.18,64073.61,386.54772,1784941199999,24787918.61747700,40034,156.01559000,10005479.13525900,0,2026-07-25 00:00:00+00:00
1784941200000,64073.61,64160.0,64006.55,64068.01,493.07694,1784944799999,31596317.35529070,51288,296.31588000,18987292.17442960,0,2026-07-25 01:00:00+00:00
1784944800000,64068.0,64099.99,64017.87,64052.0,479.58839,1784948399999,30715835.49296670,33813,238.38469000,15267879.11992600,0,2026-07-25 02:00:00+00:00
1784948400000,64052.01,64105.61,64016.65,64085.36,469.51581,1784951999999,30073708.62566310,37030,264.55376000,16946572.34522220,0,2026-07-25 03:00:00+00:00
1784952000000,64085.36,64205.67,64085.15,64181.46,171.38031,1784955599999,10992292.00269970,32769,107.64419000,6904717.25763780,0,2026-07-25 04:00:00+00:00
1784955600000,64181.45,64199.76,63980.01,64024.0,245.62438,1784959199999,15740190.78647300,33518,96.47787000,6183581.77831730,0,2026-07-25 05:00:00+00:00
1784959200000,64024.0,64063.37,63964.57,64010.0,248.54758,1784962799999,15908724.87458460,44520,108.02015000,6914177.25034340,0,2026-07-25 06:00:00+00:00
1784962800000,64010.0,64038.52,64000.0,64003.2,408.36611,1784966399999,26144644.92285410,40124,191.35277000,12250641.82606940,0,2026-07-25 07:00:00+00:00
1784966400000,64003.2,64010.01,63810.0,63876.06,507.52898,1784969999999,32444882.00105970,61803,232.07014000,14838119.39073180,0,2026-07-25 08:00:00+00:00
1784970000000,63876.07,64024.72,63830.0,63999.99,1813.6121,1784973599999,115947962.18096540,117858,918.60235000,58727395.72799210,0,2026-07-25 09:00:00+00:00
1784973600000,64000.0,64070.0,63996.0,64070.0,200.57959,1784977199999,12842699.63066780,29050,133.64299000,8556941.78490350,0,2026-07-25 10:00:00+00:00
1784977200000,64069.99,64113.0,64047.09,64064.01,226.46632,1784980799999,14510694.28439360,31689,160.27698000,10269610.06165980,0,2026-07-25 11:00:00+00:00
1784980800000,64064.01,64123.8,64043.0,64123.8,179.4102,1784984399999,11495368.74020380,25201,131.18503000,8405195.20781200,0,2026-07-25 12:00:00+00:00
1784984400000,64123.8,64267.78,64106.74,64172.0,285.46591,1784987999999,18320305.28525770,42993,190.77595000,12242433.74681050,0,2026-07-25 13:00:00+00:00
1784988000000,64172.01,64217.09,64126.0,64214.04,270.20323,1784991599999,17338886.78780100,38844,200.70657000,12878967.02938320,0,2026-07-25 14:00:00+00:00
1784991600000,64214.05,64272.0,64169.99,64182.0,193.98029,1784995199999,12456622.19600340,41628,114.60800000,7359930.46404520,0,2026-07-25 15:00:00+00:00
1784995200000,64182.01,64241.71,64123.0,64206.6,126.61028,1784998799999,8125884.95473100,35478,50.01854000,3210139.97602880,0,2026-07-25 16:00:00+00:00
1784998800000,64206.61,64356.0,64194.37,64267.4,187.81706,1785002399999,12070609.81949000,43641,111.44653000,7162535.81352300,0,2026-07-25 17:00:00+00:00
1785002400000,64267.41,64475.28,64267.41,64415.99,314.52068,1785005999999,20255218.26126030,63602,220.18960000,14181073.01943760,0,2026-07-25 18:00:00+00:00
1785006000000,64415.99,64438.12,64388.38,64388.38,219.4973,1785009599999,14138733.78721310,29584,86.42949000,5567392.39216050,0,2026-07-25 19:00:00+00:00
1785009600000,64388.39,64392.74,64313.0,64339.75,213.90166,1785013199999,13766401.40061680,31434,122.49595000,7883263.74893100,0,2026-07-25 20:00:00+00:00
1785013200000,64339.75,64430.0,64263.03,64344.02,177.06463,1785016799999,11393594.79641280,36650,63.59180000,4090955.20220210,0,2026-07-25 21:00:00+00:00
1785016800000,64344.02,64426.0,64344.01,64412.0,625.93723,1785020399999,40308245.98412250,39024,236.38268000,15221529.53126880,0,2026-07-25 22:00:00+00:00
1785020400000,64412.01,64429.38,64363.0,64375.0,417.8076,1785023999999,26906313.29537630,23763,190.30745000,12255833.94184920,0,2026-07-25 23:00:00+00:00
1785024000000,64375.01,64507.0,64350.0,64506.99,256.73658,1785027599999,16543427.97238870,40156,179.85928000,11589716.41460500,0,2026-07-26 00:00:00+00:00
1785027600000,64506.99,64541.66,64456.67,64462.0,277.18148,1785031199999,17872218.44719690,41762,132.73716000,8558396.96794720,0,2026-07-26 01:00:00+00:00
1785031200000,64462.0,64527.59,64427.59,64527.56,117.0226,1785034799999,7543722.89536360,25516,52.66136000,3394571.99416100,0,2026-07-26 02:00:00+00:00
1785034800000,64527.57,64582.0,64488.73,64557.0,304.96319,1785038399999,19682386.26115520,35083,190.43815000,12290418.49109890,0,2026-07-26 03:00:00+00:00
1785038400000,64557.0,64599.95,64491.73,64530.06,425.16453,1785041999999,27442007.60700830,34104,153.52402000,9908207.33827220,0,2026-07-26 04:00:00+00:00
1785042000000,64530.06,64530.07,64403.95,64417.69,131.14508,1785045599999,8455231.47071260,30073,56.34574000,3632651.10996790,0,2026-07-26 05:00:00+00:00
1785045600000,64417.68,64457.55,64293.81,64438.0,408.23581,1785049199999,26283880.99490230,34947,164.22506000,10573293.43413930,0,2026-07-26 06:00:00+00:00
1785049200000,64438.01,64460.0,64341.99,64370.0,273.49735,1785052799999,17607606.26325920,30062,149.98133000,9655357.59378750,0,2026-07-26 07:00:00+00:00
1785052800000,64370.0,64493.99,64353.0,64480.01,204.14991,1785056399999,13148267.47640420,32359,95.32458000,6140511.49802500,0,2026-07-26 08:00:00+00:00
1785056400000,64480.02,64549.02,64478.38,64538.0,164.82486,1785059999999,10634767.51795600,26386,86.78158000,5599091.79690230,0,2026-07-26 09:00:00+00:00
1785060000000,64538.01,64573.73,64497.62,64515.4,137.0474,1785063599999,8843018.92634530,27304,77.91995000,5027535.00004120,0,2026-07-26 10:00:00+00:00
1785063600000,64515.39,64535.99,64495.17,64507.35,174.84399,1785067199999,11279560.89679920,26828,86.58179000,5585519.36267730,0,2026-07-26 11:00:00+00:00
1785067200000,64507.36,64662.99,64434.0,64466.67,319.29329,1785070799999,20613879.38669530,53713,203.44644000,13135615.13338300,0,2026-07-26 12:00:00+00:00
1785070800000,64466.68,64571.42,64414.0,64518.0,319.1541,1785074399999,20585758.71684470,42136,163.57915000,10550200.24416250,0,2026-07-26 13:00:00+00:00
1785074400000,64517.99,64768.23,64517.99,64712.99,504.24215,1785077999999,32611384.65118810,86836,301.39848000,19490734.53675990,0,2026-07-26 14:00:00+00:00
1785078000000,64713.0,64827.0,64673.42,64768.0,313.86895,1785081599999,20326120.80649120,64035,169.92212000,11004228.73938740,0,2026-07-26 15:00:00+00:00
1785081600000,64768.0,64940.51,64703.23,64734.17,420.05042,1785085199999,27222221.05797760,63543,208.06396000,13486577.56821710,0,2026-07-26 16:00:00+00:00
1785085200000,64734.17,64794.45,64668.91,64697.2,347.81315,1785088799999,22509372.69766010,40944,160.74323000,10403013.05732910,0,2026-07-26 17:00:00+00:00
1785088800000,64697.21,64769.99,64668.91,64734.38,114.76281,1785092399999,7425216.50534850,27857,51.12658000,3307840.11082860,0,2026-07-26 18:00:00+00:00
1785092400000,64734.39,64753.0,64671.91,64695.52,369.55718,1785095999999,23913561.99977120,30675,178.02445000,11519736.18932300,0,2026-07-26 19:00:00+00:00
1785096000000,64695.52,64703.36,64631.57,64649.04,120.01782,1785099599999,7761146.60945090,23192,36.04374000,2330826.27951740,0,2026-07-26 20:00:00+00:00
1785099600000,64649.04,64924.0,64649.03,64858.02,268.26505,1785103199999,17385342.81342680,58967,135.49976000,8781326.58306830,0,2026-07-26 21:00:00+00:00
1785103200000,64858.03,65502.6,64858.03,65412.68,1331.07392,1785106799999,86910581.03343230,149004,731.94431000,47793167.01930180,0,2026-07-26 22:00:00+00:00
1785106800000,65412.69,65577.0,65273.76,65399.99,630.14927,1785110399999,41233414.45458120,112541,325.30749000,21288809.17077260,0,2026-07-26 23:00:00+00:00
1785110400000,65400.0,65418.81,65065.46,65131.95,465.77387,1785113999999,30365307.74630820,118489,213.41398000,13912910.61195410,0,2026-07-27 00:00:00+00:00
1785114000000,65131.96,65225.75,64892.03,65206.21,478.78723,1785117599999,31152880.04824100,113071,205.66144000,13387814.01918920,0,2026-07-27 01:00:00+00:00
1785117600000,65206.21,65281.64,65118.08,65172.0,475.81825,1785121199999,31025994.10133740,87255,189.71473000,12370526.94401150,0,2026-07-27 02:00:00+00:00
1785121200000,65172.02,65367.73,65161.99,65284.0,519.18282,1785124799999,33875124.68122820,72663,270.30720000,17632686.41511230,0,2026-07-27 03:00:00+00:00
1785124800000,65284.0,65500.0,65242.69,65282.8,331.55981,1785128399999,21668771.41201700,79553,101.10415000,6607905.34814870,0,2026-07-27 04:00:00+00:00
1785128400000,65282.81,65493.38,65282.8,65468.38,284.79372,1785131999999,18621372.53356560,66699,130.23590000,8515690.99346680,0,2026-07-27 05:00:00+00:00
1785132000000,65468.38,65744.6,65404.9,65416.76,867.3473,1785135599999,56853588.53620160,133867,364.39527000,23887052.51165370,0,2026-07-27 06:00:00+00:00
1785135600000,65416.77,65447.02,65217.16,65221.99,1066.09119,1785139199999,69664799.80451960,113482,379.48242000,24799261.26613170,0,2026-07-27 07:00:00+00:00
1785139200000,65221.99,65258.0,65128.85,65162.98,724.97518,1785142799999,47269914.28936070,93395,332.29177000,21666306.22222960,0,2026-07-27 08:00:00+00:00
1785142800000,65162.98,65348.17,65100.0,65262.17,1478.16072,1785146399999,96429205.03001130,84801,724.51322000,47266085.00806390,0,2026-07-27 09:00:00+00:00
1785146400000,65262.18,65432.0,65230.01,65333.35,412.29993,1785149999999,26929198.67590200,56592,248.56554000,16236546.04559450,0,2026-07-27 10:00:00+00:00
1785150000000,65333.35,65333.36,65092.0,65100.79,287.15002,1785153599999,18723368.90733810,64359,117.27154000,7646256.28891400,0,2026-07-27 11:00:00+00:00
1785153600000,65100.79,65255.76,64836.0,65086.0,587.73231,1785157199999,38224988.84963350,112418,304.64848000,19817174.23965670,0,2026-07-27 12:00:00+00:00
1785157200000,65086.0,65718.0,64913.12,65217.37,1076.54142,1785160799999,70345351.85337550,253818,583.60766000,38145363.94596520,0,2026-07-27 13:00:00+00:00
1785160800000,65217.38,65431.9,64459.82,64687.45,1132.47674,1785164399999,73445792.43689140,363218,456.37693000,29602521.21138640,0,2026-07-27 14:00:00+00:00
1785164400000,64687.45,64776.0,64418.01,64554.01,596.28993,1785167999999,38529494.16132390,193632,256.16212000,16550760.88641970,0,2026-07-27 15:00:00+00:00
1785168000000,64554.0,64970.93,64517.78,64898.52,473.37301,1785171599999,30645080.24555290,138892,264.02489000,17092302.90068660,0,2026-07-27 16:00:00+00:00
1785171600000,64898.53,65090.0,64794.37,65019.81,404.49207,1785175199999,26282519.30370050,106137,217.31840000,14119188.70910540,0,2026-07-27 17:00:00+00:00
1785175200000,65019.81,65058.32,64755.67,64878.0,323.26344,1785178799999,20971108.03582010,103751,145.95784000,9466682.30620060,0,2026-07-27 18:00:00+00:00
1785178800000,64878.0,65078.0,64810.9,64984.0,291.82434,1785182399999,18961076.95404410,87379,156.05001000,10138707.45842690,0,2026-07-27 19:00:00+00:00
1785182400000,64983.99,65056.0,64908.01,64960.65,197.69959,1785185999999,12842807.17816660,41029,62.04882000,4031260.32440420,0,2026-07-27 20:00:00+00:00
1785186000000,64960.64,64960.65,64790.28,64821.25,238.07403,1785189599999,15443505.13510980,48757,103.87588000,6736425.10868080,0,2026-07-27 21:00:00+00:00
1785189600000,64821.26,64821.26,63792.0,63792.0,1130.54656,1785193199999,72611677.03613810,175125,369.70721000,23762871.28115100,0,2026-07-27 22:00:00+00:00
1785193200000,63792.01,63940.27,63605.56,63755.86,947.65195,1785196799999,60428271.02959970,213254,498.09388000,31764522.27132220,0,2026-07-27 23:00:00+00:00
1785196800000,63755.86,63827.49,63469.3,63487.88,711.04544,1785200399999,45241409.08023060,169433,303.26088000,19298657.52502670,0,2026-07-28 00:00:00+00:00
1785200400000,63487.88,63529.89,63059.39,63230.83,1245.20979,1785203999999,78745932.60635100,169082,620.19327000,39220621.75660880,0,2026-07-28 01:00:00+00:00
1785204000000,63230.82,63305.94,63108.0,63185.59,429.21894,1785207599999,27129510.06328190,74778,213.95033000,13523218.14786410,0,2026-07-28 02:00:00+00:00
1785207600000,63185.59,63375.39,63168.01,63343.83,728.50056,1785211199999,46106242.62150000,82200,330.28478000,20904998.74080220,0,2026-07-28 03:00:00+00:00
1785211200000,63343.82,63361.85,63221.26,63350.95,343.17382,1785214799999,21729082.89375070,54774,178.53281000,11305019.50373550,0,2026-07-28 04:00:00+00:00
1785214800000,63350.95,63623.5,63323.09,63451.61,390.51839,1785218399999,24795787.40121800,79485,211.75472000,13446072.24695000,0,2026-07-28 05:00:00+00:00
1785218400000,63451.62,63660.72,63395.13,63640.63,460.72288,1785221999999,29268533.93919090,65849,315.55427000,20050054.72900660,0,2026-07-28 06:00:00+00:00
1785222000000,63640.63,63668.71,63455.58,63505.99,985.9853,1785225599999,62663727.75381750,102783,575.99487000,36608751.53969680,0,2026-07-28 07:00:00+00:00
1785225600000,63506.0,63546.36,63406.11,63428.08,281.48766,1785229199999,17868113.20833830,61732,124.63225000,7911070.81789760,0,2026-07-28 08:00:00+00:00
1785229200000,63428.07,63581.33,63368.81,63393.99,315.43759,1785232799999,20022638.86263590,53286,152.92505000,9707550.37373680,0,2026-07-28 09:00:00+00:00
1785232800000,63393.99,63555.18,63294.0,63473.47,416.0357,1785236399999,26384422.86855760,68585,257.37121000,16323872.48317740,0,2026-07-28 10:00:00+00:00
1785236400000,63473.48,63593.0,63352.0,63450.0,405.45329,1785239999999,25731573.53197250,88650,176.62162000,11209853.70225370,0,2026-07-28 11:00:00+00:00
1785240000000,63449.99,63570.0,63364.96,63546.65,440.98415,1785243599999,27987616.25588950,81903,248.39028000,15764611.59863780,0,2026-07-28 12:00:00+00:00
1785243600000,63546.65,63588.0,62742.47,63104.0,1615.91422,1785247199999,102019854.01230570,246058,638.54288000,40323682.60606170,0,2026-07-28 13:00:00+00:00
1785247200000,63104.0,63550.0,62965.38,63412.45,868.98588,1785250799999,54962514.32749170,245995,480.90204000,30425321.40619630,0,2026-07-28 14:00:00+00:00
1785250800000,63412.45,64026.62,63269.28,63928.47,945.11572,1785254399999,60224851.11021870,255294,564.49248000,35984328.16050880,0,2026-07-28 15:00:00+00:00
1785254400000,63928.46,64100.0,63773.65,64043.26,517.94749,1785257999999,33105842.89886480,127746,277.68802000,17751064.61405300,0,2026-07-28 16:00:00+00:00
1785258000000,64043.27,64043.27,63504.0,63685.88,527.24876,1785261599999,33585040.75565200,136751,254.46516000,16206821.88381280,0,2026-07-28 17:00:00+00:00
1785261600000,63685.88,63849.09,63672.26,63734.49,311.5129,1785265199999,19853993.46151880,91738,153.50064000,9783852.45012870,0,2026-07-28 18:00:00+00:00
1785265200000,63734.49,63904.0,63675.93,63904.0,333.27009,1785268799999,21260730.79273060,92728,168.45659000,10746690.08080430,0,2026-07-28 19:00:00+00:00
1785268800000,63904.0,64018.39,63880.0,63917.55,300.22119,1785272399999,19193188.95519330,72588,185.67746000,11870184.73301150,0,2026-07-28 20:00:00+00:00
1785272400000,63917.55,64073.3,63892.0,63972.44,227.23863,1785275999999,14540050.33839270,66729,127.38966000,8151264.99912860,0,2026-07-28 21:00:00+00:00
1785276000000,63972.44,64020.76,63768.47,63783.71,319.67019,1785279599999,20427190.45818040,87736,145.09065000,9271189.61355920,0,2026-07-28 22:00:00+00:00
1785279600000,63783.72,63956.4,63562.0,63915.0,768.93138,1785283199999,49053656.29634080,104040,364.35638000,23243668.14591630,0,2026-07-28 23:00:00+00:00
1785283200000,63915.0,64200.0,63873.54,63953.99,862.01004,1785286799999,55179732.51553190,139010,557.49331000,35684734.76863780,0,2026-07-29 00:00:00+00:00
1785286800000,63954.0,63999.0,63690.0,63705.06,643.74129,1785290399999,41114119.75870530,144717,354.42492000,22635964.92134510,0,2026-07-29 01:00:00+00:00
1785290400000,63705.07,64132.42,63658.0,63979.96,459.75103,1785293999999,29385438.70417570,136780,244.41851000,15620463.45435940,0,2026-07-29 02:00:00+00:00
1785294000000,63979.96,64002.0,63710.0,63753.03,381.54189,1785297599999,24346229.95019230,110033,203.01962000,12952163.85727310,0,2026-07-29 03:00:00+00:00
1785297600000,63753.04,63970.92,63598.0,63968.34,635.48596,1785301199999,40556953.28509130,132658,334.67517000,21359430.68926500,0,2026-07-29 04:00:00+00:00
1785301200000,63968.34,64094.2,63890.07,64067.32,612.17163,1785304799999,39162949.82517790,104239,300.03805000,19194255.26264720,0,2026-07-29 05:00:00+00:00
1785304800000,64067.32,64471.0,64026.64,64435.62,959.62083,1785308399999,61706872.77856700,126527,563.90346000,36278831.50643400,0,2026-07-29 06:00:00+00:00
1785308400000,64435.63,64575.99,64402.67,64561.0,512.31101,1785311999999,33032632.18916600,76908,272.67641000,17581263.05437170,0,2026-07-29 07:00:00+00:00
1785312000000,64561.01,64588.0,64283.83,64417.31,442.88681,1785315599999,28528633.18759830,74311,206.67729000,13312127.72753890,0,2026-07-29 08:00:00+00:00
1785315600000,64417.31,64744.81,64386.94,64698.0,689.93306,1785319199999,44544483.74292270,98196,426.49389000,27537952.25510500,0,2026-07-29 09:00:00+00:00
1785319200000,64698.01,64718.0,64410.24,64469.83,337.46395,1785322799999,21803515.15484600,71737,144.30942000,9323971.18563100,0,2026-07-29 10:00:00+00:00
1785322800000,64469.84,64591.73,64422.5,64507.54,317.77588,1785326399999,20492529.40907240,59495,177.55825000,11450171.60278840,0,2026-07-29 11:00:00+00:00
1785326400000,64507.53,64507.54,64215.93,64276.81,475.5158,1785329999999,30602231.13462980,105010,182.36522000,11737312.37937170,0,2026-07-29 12:00:00+00:00
1785330000000,64276.82,64667.18,64139.68,64664.7,795.5697,1785333599999,51203140.78721960,234056,407.25947000,26218098.31533740,0,2026-07-29 13:00:00+00:00
1785333600000,64664.69,64718.87,64047.71,64108.01,736.50705,1785337199999,47349376.85975400,271295,325.79052000,20946683.48934060,0,2026-07-29 14:00:00+00:00
1785337200000,64108.01,64195.0,63886.0,63964.01,727.70384,1785340799999,46608956.12678850,203275,332.65408000,21307332.99988890,0,2026-07-29 15:00:00+00:00
1785340800000,63964.01,64146.53,63624.15,63808.33,758.02868,1785344399999,48411436.54861610,182815,412.43381000,26342912.08946100,0,2026-07-29 16:00:00+00:00
1785344400000,63808.33,64286.71,63709.19,64269.83,486.13508,1785347999999,31069872.22709860,147093,317.03600000,20262512.36804270,0,2026-07-29 17:00:00+00:00
1785348000000,64269.83,64648.79,63758.0,64501.52,1896.70634,1785351599999,122031914.99836700,352484,970.30799000,62433411.07018400,0,2026-07-29 18:00:00+00:00
1785351600000,64501.52,64600.0,63511.0,63589.46,1453.05091,1785355199999,93053835.44278550,306133,743.02422000,47588232.60596020,0,2026-07-29 19:00:00+00:00
1785355200000,63589.46,63746.42,63378.09,63522.01,788.59239,1785358799999,50121057.26193750,191587,458.88287000,29169491.83958940,0,2026-07-29 20:00:00+00:00
1785358800000,63522.01,63860.0,63267.34,63860.0,771.02443,1785362399999,48985301.39246100,148596,424.35431000,26961513.86609690,0,2026-07-29 21:00:00+00:00
1785362400000,63860.0,64131.44,63859.99,63942.5,704.70887,1785365999999,45101067.03722330,120940,403.40017000,25818347.43117130,0,2026-07-29 22:00:00+00:00
1785366000000,63942.5,64067.12,63899.0,63984.28,331.88265,1785369599999,21232627.33201040,77399,168.42067000,10774818.04210910,0,2026-07-29 23:00:00+00:00
1785369600000,63984.29,64125.61,63603.92,63696.72,649.94769,1785373199999,41546653.68146720,108300,375.00353000,23982321.99402550,0,2026-07-30 00:00:00+00:00
1785373200000,63696.73,64370.0,63690.0,64266.0,686.07285,1785376799999,43901624.16996380,139847,426.85223000,27321367.30786230,0,2026-07-30 01:00:00+00:00
1785376800000,64266.01,64411.76,64159.63,64189.99,575.1734,1785380399999,36982844.79730010,122325,248.46096000,15979314.63376900,0,2026-07-30 02:00:00+00:00
1785380400000,64190.0,64300.91,64133.99,64161.98,422.8264,1785383999999,27143039.63840590,100176,228.01589000,14635547.31386380,0,2026-07-30 03:00:00+00:00
1785384000000,64161.98,64180.0,64008.5,64023.99,927.45873,1785387599999,59457256.70205860,99053,515.31260000,33034173.69996090,0,2026-07-30 04:00:00+00:00
1785387600000,64024.0,64182.0,63907.85,64033.89,766.12333,1785391199999,49037445.94600210,145878,345.07237000,22086579.23131690,0,2026-07-30 05:00:00+00:00
1785391200000,64033.9,64080.0,63957.2,64002.0,642.99866,1785394799999,41154370.83629730,179035,370.01796000,23681734.88411870,0,2026-07-30 06:00:00+00:00
1785394800000,64001.99,64144.06,63943.29,64026.0,710.04842,1785398399999,45459379.84384540,189409,426.84462000,27324691.89145800,0,2026-07-30 07:00:00+00:00
1785398400000,64026.0,64358.99,63980.54,64308.01,1143.21426,1785401999999,73393043.16025500,348337,496.82672000,31899673.67745580,0,2026-07-30 08:00:00+00:00
1785402000000,64308.01,64641.37,64283.8,64567.56,2560.14823,1785405599999,165071813.29473460,537268,1237.16525000,79771346.81898650,0,2026-07-30 09:00:00+00:00
1785405600000,64567.55,64631.99,64562.0,64570.72,459.04462,1785409199999,29652681.32628540,44328,198.03619000,12792686.69377630,0,2026-07-30 10:00:00+00:00
1785409200000,64570.72,64885.18,64542.73,64788.0,630.38864,1785412799999,40774811.39949970,70708,378.32617000,24470931.44186930,0,2026-07-30 11:00:00+00:00
1785412800000,64788.01,65043.94,64788.0,64925.0,819.62205,1785416399999,53211683.52368650,105206,537.01963000,34867729.67735260,0,2026-07-30 12:00:00+00:00
1785416400000,64925.0,65176.6,64689.02,65022.01,1173.19736,1785419999999,76193363.42955930,164040,653.27543000,42422099.04944410,0,2026-07-30 13:00:00+00:00
1785420000000,65022.0,65042.0,64620.0,64683.97,1065.79722,1785423599999,69063725.50427320,165251,414.12736000,26837089.98865470,0,2026-07-30 14:00:00+00:00
1785423600000,64683.97,64888.0,64607.31,64730.3,678.51535,1785427199999,43922274.10692080,134170,399.88608000,25887207.01709390,0,2026-07-30 15:00:00+00:00
1785427200000,64730.29,64963.64,64729.56,64818.01,615.24584,1785430799999,39896084.25190860,93664,408.65818000,26496557.84757440,0,2026-07-30 16:00:00+00:00
1785430800000,64818.01,64988.0,64772.0,64872.0,452.4677,1785434399999,29354228.32611190,83965,272.68085000,17687842.17372940,0,2026-07-30 17:00:00+00:00
1785434400000,64871.99,64899.8,64688.0,64702.8,263.9882,1785437999999,17101246.05273810,52155,106.42514000,6894673.80562620,0,2026-07-30 18:00:00+00:00
1785438000000,64702.8,64904.0,64702.79,64800.0,356.88836,1785441599999,23136198.31137220,69409,202.25911000,13111503.63476530,0,2026-07-30 19:00:00+00:00
1785441600000,64800.0,64936.0,64752.12,64777.37,330.42092,1785445199999,21422284.68354920,71171,160.25962000,10389933.00989830,0,2026-07-30 20:00:00+00:00
1785445200000,64777.38,64802.48,64700.34,64735.53,227.76045,1785448799999,14749644.27065320,51281,114.60749000,7421795.71316850,0,2026-07-30 21:00:00+00:00
1785448800000,64735.53,65029.29,64668.91,64851.16,482.45748,1785452399999,31312073.61216650,88714,251.07775000,16299199.89087670,0,2026-07-30 22:00:00+00:00
1785452400000,64851.16,65086.4,64740.0,64780.02,491.7787,1785455999999,31918986.05535920,83001,229.98107000,14930533.62976340,0,2026-07-30 23:00:00+00:00
1785456000000,64780.03,64901.55,64690.29,64724.91,660.4309,1785459599999,42778507.25483630,82455,245.85768000,15924568.58120420,0,2026-07-31 00:00:00+00:00
1785459600000,64724.92,65409.56,64480.44,64564.01,1217.00276,1785463199999,79158381.63389090,244904,662.82777000,43127840.23457700,0,2026-07-31 01:00:00+00:00
1785463200000,64564.0,64614.0,64203.58,64297.79,855.65776,1785466799999,55072723.98970890,147433,337.93940000,21759996.82084030,0,2026-07-31 02:00:00+00:00
1785466800000,64297.79,64439.81,64172.0,64370.0,548.04563,1785470399999,35256750.10727990,101285,354.23619000,22790885.87776580,0,2026-07-31 03:00:00+00:00
1785470400000,64370.0,64438.0,64236.0,64300.0,391.13431,1785473999999,25164111.25444240,68466,190.96662000,12286903.53641960,0,2026-07-31 04:00:00+00:00
1785474000000,64299.99,64421.68,64268.47,64363.06,529.40293,1785477599999,34067619.68939070,63559,349.08853000,22465875.07776780,0,2026-07-31 05:00:00+00:00
1785477600000,64363.06,64496.64,64196.08,64231.97,503.77566,1785481199999,32409008.76801770,77483,258.34950000,16625589.65432890,0,2026-07-31 06:00:00+00:00
1785481200000,64231.97,64245.57,63878.11,63950.01,3088.95651,1785484799999,197689139.12777010,141261,935.44000000,59872403.84121690,0,2026-07-31 07:00:00+00:00
1785484800000,63950.01,63987.36,63784.67,63834.01,734.18718,1785488399999,46907579.94831180,81891,395.32176000,25262856.01444650,0,2026-07-31 08:00:00+00:00
1785488400000,63834.01,63847.13,63638.18,63715.9,562.33026,1785491999999,35844066.22746640,84427,286.55146000,18268466.72770680,0,2026-07-31 09:00:00+00:00
1785492000000,63715.91,63951.77,63610.0,63918.67,422.39058,1785495599999,26951085.77778220,63216,268.28461000,17120297.57975740,0,2026-07-31 10:00:00+00:00
1785495600000,63918.68,64011.99,63792.01,63805.51,287.14604,1785499199999,18347695.55600320,56147,161.36799000,10311371.99090610,0,2026-07-31 11:00:00+00:00
1785499200000,63805.5,63830.62,63627.66,63754.01,516.25828,1785502799999,32892587.75920780,81150,227.08958000,14471081.46328980,0,2026-07-31 12:00:00+00:00
1785502800000,63754.01,63849.19,63241.71,63270.73,1511.53534,1785506399999,96101953.15648460,217111,706.78333000,44958420.71146900,0,2026-07-31 13:00:00+00:00
1785506400000,63270.72,63310.0,62466.0,62682.06,3628.40429,1785509999999,227557237.85240250,446552,1612.59970000,101111495.45630160,0,2026-07-31 14:00:00+00:00
1785510000000,62682.05,62769.36,62490.24,62716.57,965.95557,1785513599999,60506519.47328260,167164,530.77810000,33249270.89815920,0,2026-07-31 15:00:00+00:00
1785513600000,62716.57,62931.79,62709.01,62870.88,857.24803,1785517199999,53881173.15172160,135854,406.89277000,25570898.36190940,0,2026-07-31 16:00:00+00:00
1785517200000,62870.87,63301.68,62800.0,63245.44,856.72938,1785520799999,54004836.38835830,119959,563.04990000,35504050.46401860,0,2026-07-31 17:00:00+00:00
1785520800000,63245.44,63302.0,62966.0,63097.57,753.45664,1785524399999,47563326.80349900,95063,419.65432000,26496164.95365830,0,2026-07-31 18:00:00+00:00
1785524400000,63097.57,63158.0,62936.29,62972.0,304.88916,1785527999999,19212855.82383140,71207,159.90572000,10076258.27888020,0,2026-07-31 19:00:00+00:00
1785528000000,62972.0,63034.0,62928.35,62953.7,318.42027,1785531599999,20055492.88529160,59333,164.89602000,10385634.52122910,0,2026-07-31 20:00:00+00:00
1785531600000,62953.7,63062.47,62846.0,62947.78,334.75985,1785535199999,21089274.90064980,64578,162.00917000,10206659.08288840,0,2026-07-31 21:00:00+00:00
1785535200000,62947.77,63020.0,62870.01,62950.0,440.99494,1785538799999,27769801.33590540,40268,197.08695000,12408784.19017660,0,2026-07-31 22:00:00+00:00
1785538800000,62950.01,63013.52,62860.64,62887.88,186.49459,1785542399999,11741452.03114740,29472,62.58436000,3939753.10059250,0,2026-07-31 23:00:00+00:00
1785542400000,62887.88,63024.04,62887.87,62938.01,517.26897,1785545999999,32568037.48027990,40193,232.52413000,14639741.96029150,0,2026-08-01 00:00:00+00:00
1785546000000,62938.01,62990.0,62923.47,62975.01,386.71985,1785549599999,24346150.06086380,31117,205.57839000,12942276.46696780,0,2026-08-01 01:00:00+00:00
1785549600000,62975.0,63106.55,62975.0,63075.07,348.67082,1785553199999,21989884.46770570,24323,234.85866000,14811567.02054880,0,2026-08-01 02:00:00+00:00
1785553200000,63075.08,63075.08,62970.65,63004.48,388.95582,1785556799999,24507635.72080150,28652,134.25751000,8458412.58129260,0,2026-08-01 03:00:00+00:00
1785556800000,63004.47,63115.37,62993.2,63115.01,223.92941,1785560399999,14122116.06084700,17152,125.69048000,7925924.08411970,0,2026-08-01 04:00:00+00:00
1785560400000,63115.0,63142.85,63000.85,63020.0,458.27671,1785563999999,28905726.11759350,25770,247.99350000,15642571.10036060,0,2026-08-01 05:00:00+00:00
1785564000000,63020.0,63086.65,62992.82,63080.64,434.87477,1785567599999,27419110.98131380,23346,225.99575000,14250340.69590820,0,2026-08-01 06:00:00+00:00
1785567600000,63080.65,63110.89,63034.0,63050.46,150.69173,1785571199999,9503283.68001670,19514,62.00012000,3910029.12988900,0,2026-08-01 07:00:00+00:00
1785571200000,63050.45,63150.0,63050.45,63126.25,106.02817,1785574799999,6690687.74886810,14521,56.05835000,3537044.71083070,0,2026-08-01 08:00:00+00:00
1785574800000,63126.25,63139.54,63046.33,63053.17,228.45152,1785578399999,14416933.79839750,24467,98.00398000,6184867.81662360,0,2026-08-01 09:00:00+00:00
1785578400000,63053.17,63111.09,62986.31,63056.0,321.04349,1785581999999,20239148.10668830,31816,138.75706000,8747260.19202710,0,2026-08-01 10:00:00+00:00
1785582000000,63055.99,63091.97,63037.72,63076.0,179.08594,1785585599999,11293725.49375060,15389,97.55974000,6151966.59854020,0,2026-08-01 11:00:00+00:00
1785585600000,63076.0,63119.4,63076.0,63103.68,320.18632,1785589199999,20203492.47299720,18966,223.72909000,14116740.85832980,0,2026-08-01 12:00:00+00:00
1785589200000,63103.68,63106.83,63051.0,63069.32,187.46878,1785592799999,11826406.28015530,15828,98.81937000,6233870.81110420,0,2026-08-01 13:00:00+00:00
1785592800000,63069.31,63127.07,63069.31,63126.52,385.79335,1785596399999,24344209.56557950,26416,152.82495000,9643139.45972310,0,2026-08-01 14:00:00+00:00
1785596400000,63126.53,63126.53,63007.05,63007.06,164.42533,1785599999999,10371508.84168810,17538,71.67908000,4521953.86162730,0,2026-08-01 15:00:00+00:00
1785600000000,63007.06,63027.65,62874.0,62932.32,327.87182,1785603599999,20643319.97388440,40247,160.23560000,10087545.84212170,0,2026-08-01 16:00:00+00:00
1785603600000,62932.32,62996.0,62666.0,62708.07,359.17517,1785607199999,22564951.04829050,60750,139.65491000,8773754.69114890,0,2026-08-01 17:00:00+00:00
1785607200000,62708.06,62734.0,62275.0,62580.56,931.42897,1785610799999,58204708.37147350,151143,382.91051000,23921015.74725700,0,2026-08-01 18:00:00+00:00
1785610800000,62580.55,62624.0,62461.17,62529.82,312.52626,1785614399999,19550759.10696540,58351,186.84938000,11689522.26630750,0,2026-08-01 19:00:00+00:00
1785614400000,62529.81,62674.98,62482.99,62662.13,183.46966,1785617999999,11485230.27914370,43166,101.53453000,6356686.55542290,0,2026-08-01 20:00:00+00:00
1785618000000,62662.14,62864.0,62662.13,62812.75,229.38386,1785621599999,14396971.55002460,54923,103.15111000,6475206.23895290,0,2026-08-01 21:00:00+00:00
1785621600000,62812.76,62866.62,62794.17,62831.28,129.54917,1785625199999,8140598.36244010,28111,65.13676000,4092933.81476320,0,2026-08-01 22:00:00+00:00
1785625200000,62831.29,62862.8,62769.97,62823.64,287.81315,1785628799999,18077474.19258730,20284,226.43602000,14222469.15990780,0,2026-08-01 23:00:00+00:00
1785628800000,62823.65,62979.99,62806.58,62833.99,397.27424,1785632399999,24984147.27476730,33822,159.08508000,10005818.58302340,0,2026-08-02 00:00:00+00:00
1785632400000,62834.0,63088.0,62834.0,62981.87,215.77694,1785635999999,13591878.53331070,32567,148.64655000,9362612.28535630,0,2026-08-02 01:00:00+00:00
1785636000000,62981.87,63547.7,62958.54,63451.58,1068.41906,1785639599999,67742410.10297380,145569,623.19602000,39507579.21587670,0,2026-08-02 02:00:00+00:00
1785639600000,63451.58,63550.0,63380.0,63461.95,388.55462,1785643199999,24653572.53480800,47536,192.64737000,12224272.27302790,0,2026-08-02 03:00:00+00:00
1785643200000,63461.95,63612.0,63461.95,63590.0,302.37117,1785646799999,19215565.83566440,41609,174.60775000,11095946.61485690,0,2026-08-02 04:00:00+00:00
1785646800000,63590.0,63634.0,63415.26,63453.27,261.31562,1785650399999,16588959.98710000,36028,104.43625000,6629039.32758950,0,2026-08-02 05:00:00+00:00
1785650400000,63453.27,63498.15,63435.99,63482.49,160.39885,1785653999999,10181508.87377070,22998,83.00322000,5268656.25459130,0,2026-08-02 06:00:00+00:00
1785654000000,63482.49,63544.51,63480.0,63506.24,412.11258,1785657599999,26167488.89240340,22781,313.94737000,19933899.78175410,0,2026-08-02 07:00:00+00:00
1785657600000,63506.23,63530.0,63172.0,63193.99,542.79786,1785661199999,34416949.73897380,45423,288.80780000,18323655.64999500,0,2026-08-02 08:00:00+00:00
1785661200000,63194.0,63320.0,63094.0,63273.94,277.11141,1785664799999,17524986.70404620,44972,143.19213000,9055520.49694710,0,2026-08-02 09:00:00+00:00
1785664800000,63273.94,63273.94,63125.06,63205.03,200.2751,1785668399999,12658424.22695090,33634,105.52020000,6669633.65298990,0,2026-08-02 10:00:00+00:00
1785668400000,63205.03,63206.0,62982.38,63031.99,373.06149,1785671999999,23549646.83824780,73599,146.82685000,9269778.53301120,0,2026-08-02 11:00:00+00:00
1785672000000,63031.99,63231.67,63031.99,63125.49,247.99863,1785675599999,15661989.51041580,48051,128.50244000,8115596.45142060,0,2026-08-02 12:00:00+00:00
1785675600000,63125.49,63146.89,63010.0,63126.92,262.12825,1785679199999,16538448.37244230,38300,130.45023000,8230857.27917000,0,2026-08-02 13:00:00+00:00
1785679200000,63126.92,63186.0,63062.0,63069.37,314.22912,1785682799999,19834721.57433370,44847,163.04038000,10291244.15171930,0,2026-08-02 14:00:00+00:00
1785682800000,63069.37,63186.0,63050.0,63109.14,191.05332,1785686399999,12058629.27599110,27263,101.03328000,6376867.06817980,0,2026-08-02 15:00:00+00:00
1785686400000,63109.13,63273.49,63064.01,63180.36,267.96361,1785689999999,16924261.31270800,61576,146.88696000,9277828.09780990,0,2026-08-02 16:00:00+00:00
1785690000000,63180.36,63342.0,63152.0,63300.28,318.39177,1785693599999,20144898.43089500,51239,183.68231000,11619984.77859620,0,2026-08-02 17:00:00+00:00
1785693600000,63300.0,63610.01,63290.0,63382.01,518.81545,1785697199999,32897638.25150390,66179,318.14828000,20171699.77311460,0,2026-08-02 18:00:00+00:00
1785697200000,63382.01,63479.85,63323.89,63456.01,247.35839,1785700799999,15681478.74968300,38980,150.42736000,9536027.25807660,0,2026-08-02 19:00:00+00:00
1785700800000,63456.0,63501.48,63404.69,63494.52,140.51262,1785704399999,8916338.08834120,39245,86.37816000,5481238.98607840,0,2026-08-02 20:00:00+00:00
1785704400000,63494.51,63785.0,63479.45,63578.0,457.27756,1785707999999,29088924.04476390,92710,256.19680000,16296518.57196450,0,2026-08-02 21:00:00+00:00
1785708000000,63578.01,63796.33,63376.71,63424.58,484.1409,1785711599999,30783691.52316740,112482,253.04773000,16089358.26961630,0,2026-08-02 22:00:00+00:00
1785711600000,63424.58,63596.0,63344.0,63570.0,337.67298,1785715199999,21431817.74401140,84654,164.62060000,10448791.78197220,0,2026-08-02 23:00:00+00:00
1785715200000,63570.01,63596.0,63208.3,63317.6,357.32342,1785718799999,22644761.14288240,98486,150.86324000,9562157.94215040,0,2026-08-03 00:00:00+00:00
1785718800000,63317.61,63350.0,63111.1,63212.16,372.31318,1785722399999,23535944.98199030,85202,168.27699000,10637756.45202970,0,2026-08-03 01:00:00+00:00
1785722400000,63212.16,63286.0,63100.0,63141.4,334.18959,1785725999999,21116445.15192180,68048,170.85738000,10795936.87834470,0,2026-08-03 02:00:00+00:00
1785726000000,63141.39,63168.44,62786.04,62870.49,516.46423,1785729599999,32542680.12727970,75000,209.29332000,13190117.20131460,0,2026-08-03 03:00:00+00:00
1785729600000,62870.48,63001.77,62770.37,62790.0,320.41763,1785733199999,20158137.76909020,51921,182.47670000,11481127.14469110,0,2026-08-03 04:00:00+00:00
1785733200000,62790.0,62875.02,62751.3,62827.17,546.69206,1785736799999,34347596.65741130,57026,302.86534000,19027821.37913460,0,2026-08-03 05:00:00+00:00
1785736800000,62827.17,62872.58,62613.0,62623.6,396.31841,1785740399999,24863587.06923340,71093,166.30688000,10433863.51458170,0,2026-08-03 06:00:00+00:00
1785740400000,62623.6,62700.0,62552.04,62621.1,1264.72827,1785743999999,79214588.77238140,74002,607.99226000,38081398.11948580,0,2026-08-03 07:00:00+00:00
1785744000000,62621.1,62647.69,62300.0,62541.5,657.33122,1785747599999,41038799.14775160,97499,329.87581000,20593879.03651170,0,2026-08-03 08:00:00+00:00
1785747600000,62541.5,62863.1,62520.0,62837.4,585.41075,1785751199999,36676833.36954340,62491,403.68636000,25293721.93689950,0,2026-08-03 09:00:00+00:00
1785751200000,62837.4,62860.0,62615.11,62742.01,443.80935,1785754799999,27852395.59720390,58532,231.23106000,14511916.68418790,0,2026-08-03 10:00:00+00:00
1785754800000,62742.01,62778.92,62540.95,62560.01,282.26451,1785758399999,17690071.01180930,61915,128.72321000,8068765.14059900,0,2026-08-03 11:00:00+00:00
1785758400000,62560.01,62799.3,62445.26,62700.0,437.23263,1785761999999,27377607.01541800,90847,225.98860000,14151779.76597990,0,2026-08-03 12:00:00+00:00
1785762000000,62700.01,63390.0,62562.42,63351.09,1121.39133,1785765599999,70573668.79713850,232110,625.81904000,39394539.09510490,0,2026-08-03 13:00:00+00:00
1785765600000,63351.09,63992.71,63136.0,63967.19,2387.82383,1785769199999,151947551.04252170,372984,1521.03527000,96820862.59802710,0,2026-08-03 14:00:00+00:00
1785769200000,63967.19,63989.75,63646.59,63694.91,1368.53804,1785772799999,87331355.67000140,236612,726.78580000,46387637.28325110,0,2026-08-03 15:00:00+00:00
1785772800000,63694.9,63939.99,63664.0,63776.46,800.0795,1785776399999,51057217.82742060,144856,379.85960000,24241838.41880220,0,2026-08-03 16:00:00+00:00
1785776400000,63776.46,64059.75,63714.55,63906.0,628.1066,1785779999999,40133550.32111470,106952,300.75883000,19220750.17871320,0,2026-08-03 17:00:00+00:00
1785780000000,63905.99,64000.0,63768.0,63870.87,368.04477,1785783599999,23513989.35439600,88526,177.08565000,11312669.52777330,0,2026-08-03 18:00:00+00:00
1785783600000,63870.87,64080.0,63846.0,63869.38,545.18183,1785787199999,34862962.87263920,100645,238.12743000,15227037.41623060,0,2026-08-03 19:00:00+00:00
1785787200000,63869.38,64023.61,63769.92,63775.43,498.9936,1785790799999,31879782.13407910,65626,212.05623000,13550076.47730830,0,2026-08-03 20:00:00+00:00
1785790800000,63775.43,63791.98,63548.0,63590.15,427.95014,1785794399999,27262313.00598870,62549,184.06157000,11726258.77472900,0,2026-08-03 21:00:00+00:00
1785794400000,63590.15,63680.0,63392.01,63618.0,422.48287,1785797999999,26835264.47989610,78240,182.99640000,11625496.49590720,0,2026-08-03 22:00:00+00:00
1785798000000,63618.01,63621.35,63465.43,63520.0,460.20967,1785801599999,29241412.63666650,53202,160.88090000,10220751.93350890,0,2026-08-03 23:00:00+00:00
1785801600000,63520.0,63585.09,63322.01,63361.99,536.23408,1785805199999,34015456.09638970,103694,299.50991000,18999285.05765880,0,2026-08-04 00:00:00+00:00
1785805200000,63362.0,63927.99,63361.99,63847.93,808.63269,1785808799999,51465151.71880390,138495,480.46055000,30588690.46309550,0,2026-08-04 01:00:00+00:00
1785808800000,63847.92,63972.0,63686.44,63822.44,596.20908,1785812399999,38040218.96096660,79681,317.65847000,20267482.41464190,0,2026-08-04 02:00:00+00:00
1785812400000,63822.45,63860.0,63649.0,63800.01,343.13285,1785815999999,21885255.74377010,49652,187.13297000,11934650.52777070,0,2026-08-04 03:00:00+00:00
1785816000000,63800.01,64243.81,63762.0,64029.0,795.09044,1785819599999,50878915.13755710,81654,435.85406000,27885025.84016690,0,2026-08-04 04:00:00+00:00
1785819600000,64029.01,64056.0,63788.23,63818.48,306.74636,1785823199999,19590451.93088380,62069,118.97331000,7596883.44658970,0,2026-08-04 05:00:00+00:00
1785823200000,63818.47,63859.71,63654.16,63670.0,321.82249,1785826799999,20515738.80293020,48554,147.02517000,9370179.52567080,0,2026-08-04 06:00:00+00:00
1785826800000,63670.0,63763.63,63506.78,63685.74,779.79552,1785830399999,49619549.85794730,60765,332.11447000,21128233.23964360,0,2026-08-04 07:00:00+00:00
1785830400000,63685.73,63748.22,63564.99,63588.94,412.14854,1785833999999,26223990.34885610,41831,282.93751000,18002880.28558190,0,2026-08-04 08:00:00+00:00
1785834000000,63589.04,63610.0,63516.43,63603.73,356.68509,1785837599999,22675257.11028340,41824,147.79301000,9395392.33132680,0,2026-08-04 09:00:00+00:00
1785837600000,63603.73,63842.0,63451.8,63764.0,613.8334,1785841199999,39040127.37025000,102803,273.25327000,17382384.05297990,0,2026-08-04 10:00:00+00:00
1785841200000,63763.99,63950.0,63712.0,63926.0,457.77198,1785844799999,29226223.76039080,91676,230.78845000,14732733.59458870,0,2026-08-04 11:00:00+00:00
1785844800000,63926.0,64062.46,63788.0,63906.41,546.54537,1785848399999,34930670.49577290,89411,313.36983000,20032849.88159410,0,2026-08-04 12:00:00+00:00
1785848400000,63906.41,64097.74,63656.0,63683.94,1052.90355,1785851999999,67302267.82862490,199185,599.06252000,38295591.16720780,0,2026-08-04 13:00:00+00:00
1785852000000,63683.95,64193.54,63615.38,64128.72,879.92592,1785855599999,56239648.82344610,223460,542.39100000,34664134.02727030,0,2026-08-04 14:00:00+00:00
1785855600000,64128.73,64238.0,63814.29,64125.14,876.1178,1785859199999,56140839.14648880,168304,505.70239000,32408951.50861840,0,2026-08-04 15:00:00+00:00
1785859200000,64125.14,64130.0,63897.22,63950.93,546.40306,1785862799999,34970829.86955050,114320,253.88789000,16248746.07398190,0,2026-08-04 16:00:00+00:00
1785862800000,63950.94,64184.0,63892.0,63972.09,719.77508,1785866399999,46112734.57200960,137455,399.43698000,25591524.92736120,0,2026-08-04 17:00:00+00:00
1785866400000,63972.09,64400.0,63965.73,64305.99,693.34672,1785869999999,44569679.58529700,148693,408.84425000,26279231.73788640,0,2026-08-04 18:00:00+00:00
1785870000000,64305.99,64413.21,64193.57,64233.36,534.82384,1785873599999,34398383.04582900,97542,274.50823000,17656080.70521690,0,2026-08-04 19:00:00+00:00
1785873600000,64233.35,64420.0,64001.68,64341.0,558.35238,1785877199999,35853995.31908820,96909,284.87500000,18292658.93393350,0,2026-08-04 20:00:00+00:00
1785877200000,64341.0,64341.99,64175.52,64194.0,220.73608,1785880799999,14182904.52989150,60932,85.77467000,5510231.30849880,0,2026-08-04 21:00:00+00:00
1785880800000,64193.99,64293.91,64140.0,64270.61,181.53234,1785884399999,11658111.85158420,44926,87.18277000,5598443.48449050,0,2026-08-04 22:00:00+00:00
1785884400000,64270.62,64549.16,64081.26,64106.56,551.91443,1785887999999,35521281.38986060,104204,351.92698000,22657606.17281420,0,2026-08-04 23:00:00+00:00
1785888000000,64106.55,64193.25,63978.44,63988.0,649.78599,1785891599999,41615173.99353990,87408,327.46128000,20970268.80303040,0,2026-08-05 00:00:00+00:00
1785891600000,63988.0,64346.0,63950.0,64333.84,393.02738,1785895199999,25199028.02699470,78725,224.23322000,14377078.85452600,0,2026-08-05 01:00:00+00:00
1785895200000,64333.85,64504.0,64322.59,64368.26,562.72054,1785898799999,36252719.27904350,115810,292.49373000,18842893.90629850,0,2026-08-05 02:00:00+00:00
1785898800000,64368.27,64446.0,64046.0,64183.27,445.73851,1785902399999,28606689.15834440,91878,212.70998000,13646439.38254960,0,2026-08-05 03:00:00+00:00
1785902400000,64183.27,64218.0,64088.01,64176.7,184.21473,1785905999999,11818918.36950850,47086,87.94164000,5642443.07742710,0,2026-08-05 04:00:00+00:00
1785906000000,64176.69,64525.97,64163.36,64330.87,480.37923,1785909599999,30917002.66831290,68876,203.21757000,13078801.80172580,0,2026-08-05 05:00:00+00:00
1785909600000,64330.86,64373.31,64229.34,64253.58,396.58374,1785913199999,25506398.15185470,49970,276.91856000,17810597.85287670,0,2026-08-05 06:00:00+00:00
1785913200000,64253.59,64272.0,63995.89,64163.99,577.00898,1785916799999,36982927.79352250,74493,301.79580000,19344654.47993770,0,2026-08-05 07:00:00+00:00
1785916800000,64164.0,64280.0,64098.0,64120.81,335.28683,1785920399999,21523019.94256490,63070,148.66438000,9542746.86787820,0,2026-08-05 08:00:00+00:00
1785920400000,64120.81,64210.83,64102.95,64155.05,184.00109,1785923999999,11805502.99706230,43523,78.79879000,5055483.36132110,0,2026-08-05 09:00:00+00:00
1785924000000,64155.06,64242.93,64020.0,64062.23,387.90421,1785927599999,24881755.95111000,73702,171.94536000,11029238.12093860,0,2026-08-05 10:00:00+00:00
1785927600000,64062.23,64150.0,64044.5,64075.28,258.58817,1785931199999,16572847.28342800,57896,125.53299000,8045140.81814540,0,2026-08-05 11:00:00+00:00
1785931200000,64075.28,64581.43,64050.0,64332.43,1037.97436,1785934799999,66850027.11874120,130336,602.53636000,38801733.52657580,0,2026-08-05 12:00:00+00:00
1785934800000,64332.43,64412.0,63880.0,64407.99,1022.29322,1785938399999,65586464.64954030,222352,527.77142000,33859775.05227870,0,2026-08-05 13:00:00+00:00
1785938400000,64407.99,64578.0,64300.0,64476.39,1047.50709,1785941999999,67497192.66103110,283723,630.58080000,40635161.23678460,0,2026-08-05 14:00:00+00:00
1785942000000,64476.4,64744.0,64385.49,64388.01,986.83874,1785945599999,63713231.16356250,183941,436.05356000,28156574.44323410,0,2026-08-05 15:00:00+00:00
1785945600000,64388.01,64760.99,64388.0,64661.99,538.9344,1785949199999,34837349.63201450,146945,265.68551000,17170468.40175450,0,2026-08-05 16:00:00+00:00
1785949200000,64661.99,64804.0,64541.71,64770.0,480.07544,1785952799999,31057555.15426510,105483,252.01635000,16303854.14633090,0,2026-08-05 17:00:00+00:00
1785952800000,64770.0,64844.99,64670.01,64799.1,509.17226,1785956399999,32970691.84242800,106625,245.44387000,15894437.04216170,0,2026-08-05 18:00:00+00:00
1785956400000,64799.1,64936.18,64781.79,64840.28,466.98679,1785959999999,30303424.89962100,76747,248.86505000,16148839.56441660,0,2026-08-05 19:00:00+00:00
1785960000000,64840.27,65025.22,64806.46,64822.89,498.389,1785963599999,32363446.31008770,78084,289.37307000,18794177.33423740,0,2026-08-05 20:00:00+00:00
1785963600000,64822.88,64825.78,64657.69,64733.13,467.37291,1785967199999,30250902.71715420,91175,162.43596000,10513074.68181440,0,2026-08-05 21:00:00+00:00
1785967200000,64733.13,64783.84,64629.81,64636.0,271.07045,1785970799999,17537215.66474540,62596,103.65708000,6705638.92990140,0,2026-08-05 22:00:00+00:00
1785970800000,64636.0,64749.99,64579.15,64665.23,561.00122,1785974399999,36280488.82677240,61783,306.35017000,19811219.92270450,0,2026-08-05 23:00:00+00:00
1785974400000,64665.24,64724.38,64572.0,64644.99,476.9934,1785977999999,30834117.76550430,59311,183.50123000,11862384.15846330,0,2026-08-06 00:00:00+00:00
1785978000000,64644.92,64659.65,64498.0,64580.07,393.9399,1785981599999,25449019.66124000,65744,202.53496000,13085497.13222850,0,2026-08-06 01:00:00+00:00
1785981600000,64580.08,64650.62,64439.34,64579.36,432.25507,1785985199999,27900547.23211730,80019,219.68873000,14178871.22050900,0,2026-08-06 02:00:00+00:00
1785985200000,64579.36,64583.63,64493.2,64531.03,197.99261,1785988799999,12778814.51238910,41546,79.01809000,5099525.61667900,0,2026-08-06 03:00:00+00:00
1785988800000,64531.03,64755.72,64496.27,64734.65,354.38235,1785992399999,22918408.67566970,55726,196.75298000,12725349.17600600,0,2026-08-06 04:00:00+00:00
1785992400000,64734.65,64996.0,64730.26,64908.09,515.23827,1785995999999,33442737.54546030,102709,290.63064000,18864798.69996030,0,2026-08-06 05:00:00+00:00
1785996000000,64908.1,64908.1,64745.69,64860.0,233.29381,1785999599999,15124179.66068090,54964,102.64469000,6653921.43432710,0,2026-08-06 06:00:00+00:00
1785999600000,64860.0,64965.66,64776.0,64809.7,679.84082,1786003199999,44093592.55164740,61360,228.41584000,14814485.91914250,0,2026-08-06 07:00:00+00:00
1786003200000,64809.7,64999.0,64760.0,64941.99,323.50568,1786006799999,20984867.55066070,58606,183.38281000,11894580.36137230,0,2026-08-06 08:00:00+00:00
1786006800000,64942.0,64944.0,64630.0,64683.62,404.08385,1786010399999,26174620.07842290,70981,151.29801000,9796508.77188860,0,2026-08-06 09:00:00+00:00
1786010400000,64683.62,64685.05,64581.21,64615.95,207.8831,1786013999999,13438249.47261560,54295,106.44300000,6880662.58320740,0,2026-08-06 10:00:00+00:00
1786014000000,64615.95,64661.26,64503.54,64622.09,372.14171,1786017599999,24042701.10617740,60335,191.76701000,12389655.91916230,0,2026-08-06 11:00:00+00:00
1786017600000,64622.08,64637.68,64381.96,64424.0,336.45805,1786021199999,21701707.03018650,77320,157.42535000,10153660.36405720,0,2026-08-06 12:00:00+00:00
1786021200000,64424.01,64524.21,64172.0,64434.01,870.19548,1786024799999,55954841.96151220,194478,409.71771000,26348255.07288250,0,2026-08-06 13:00:00+00:00
1786024800000,64434.01,64850.0,64362.0,64778.0,781.12724,1786028399999,50450642.01890240,239608,443.97268000,28680028.01064040,0,2026-08-06 14:00:00+00:00
1786028400000,64778.01,64987.26,64624.29,64631.87,772.83402,1786031999999,50086848.98030640,230032,455.15645000,29499702.35587700,0,2026-08-06 15:00:00+00:00
1786032000000,64631.88,64778.0,64592.37,64757.99,370.31723,1786035599999,23949780.55211840,146790,190.85892000,12343423.69455200,0,2026-08-06 16:00:00+00:00
1786035600000,64758.0,64834.0,64548.81,64621.69,293.75208,1786039199999,19001411.11964440,85461,115.34513000,7461575.03906800,0,2026-08-06 17:00:00+00:00
1786039200000,64621.68,64621.69,64378.67,64418.47,347.29306,1786042799999,22398182.38970670,85459,113.93679000,7347878.60426120,0,2026-08-06 18:00:00+00:00
1786042800000,64418.48,64474.71,64365.0,64446.0,449.59357,1786046399999,28968185.15878540,70813,224.31310000,14452859.41915040,0,2026-08-06 19:00:00+00:00
1786046400000,64446.01,64536.32,64439.7,64439.7,195.47529,1786049999999,12604874.69421490,44904,70.40738000,4540264.64192850,0,2026-08-06 20:00:00+00:00
1786050000000,64439.71,64513.99,64404.74,64440.74,249.73283,1786053599999,16097935.78527030,53362,122.75076000,7912459.79599050,0,2026-08-06 21:00:00+00:00
1786053600000,64440.74,64450.0,64330.4,64351.49,210.70667,1786057199999,13566155.00350090,45081,91.48411000,5889583.23905350,0,2026-08-06 22:00:00+00:00
1786057200000,64351.48,64360.01,64200.0,64323.61,395.39675,1786060799999,25404226.20997360,49047,134.70624000,8654785.15643430,0,2026-08-06 23:00:00+00:00
1786060800000,64323.61,64410.0,64230.59,64317.99,285.45231,1786064399999,18354249.56016620,73994,127.91138000,8225097.54091890,0,2026-08-07 00:00:00+00:00
1786064400000,64318.0,64476.78,64300.0,64422.55,351.02167,1786067999999,22603041.93842210,93301,202.67012000,13051078.82734590,0,2026-08-07 01:00:00+00:00
1786068000000,64422.54,64544.0,64252.09,64399.87,388.69448,1786071599999,25031545.12324100,103153,173.63819000,11181616.31629470,0,2026-08-07 02:00:00+00:00
1786071600000,64399.88,64407.73,64260.0,64289.99,199.96303,1786075199999,12864334.04368900,75419,83.97819000,5402386.87579370,0,2026-08-07 03:00:00+00:00
1786075200000,64289.99,64364.08,64166.0,64255.13,222.89749,1786078799999,14326178.47699770,69543,87.42568000,5619069.58671490,0,2026-08-07 04:00:00+00:00
1786078800000,64255.14,64400.0,64177.62,64336.43,321.20596,1786082399999,20650998.16412320,53841,150.05487000,9649229.41712180,0,2026-08-07 05:00:00+00:00
1786082400000,64336.42,64463.75,64283.91,64304.12,452.26837,1786085999999,29104402.23585470,54841,221.28865000,14240102.58710650,0,2026-08-07 06:00:00+00:00
1786086000000,64304.12,64436.13,64264.0,64319.84,382.39149,1786089599999,24611960.72506080,43588,191.10967000,12301016.95550470,0,2026-08-07 07:00:00+00:00
1786089600000,64319.84,64672.1,64304.22,64600.0,433.22408,1786093199999,27940463.86174590,73835,185.13474000,11938854.60204060,0,2026-08-07 08:00:00+00:00
1786093200000,64600.0,64965.0,64599.99,64839.32,917.15159,1786096799999,59475545.58868250,104331,435.79551000,28261770.33613810,0,2026-08-07 09:00:00+00:00
1786096800000,64839.32,64916.0,64802.0,64893.98,362.71626,1786100399999,23525923.72116760,52293,104.75143000,6794001.87367410,0,2026-08-07 10:00:00+00:00
1786100400000,64893.99,65213.33,64893.64,65029.98,652.67441,1786103999999,42453752.45667050,89434,359.85118000,23405081.61754280,0,2026-08-07 11:00:00+00:00
1786104000000,65029.98,65390.99,64986.26,65292.32,1412.7636,1786107599999,92112799.36730580,181821,836.23651000,54532142.02958460,0,2026-08-07 12:00:00+00:00
1786107600000,65292.31,65338.0,64984.68,65009.24,1271.25225,1786111199999,82872881.76414060,245147,589.41594000,38433174.14977370,0,2026-08-07 13:00:00+00:00
1786111200000,65009.23,65275.03,64788.0,64957.98,982.58571,1786114799999,63902635.17145570,272120,532.85038000,34655084.57082300,0,2026-08-07 14:00:00+00:00
1786114800000,64957.98,65136.17,64894.83,64912.72,468.0279,1786118399999,30421106.29584140,129409,160.33281000,10421085.17035580,0,2026-08-07 15:00:00+00:00
1786118400000,64912.71,65072.31,64814.0,64814.0,485.33624,1786121999999,31519449.41445820,123985,174.24916000,11316539.75190100,0,2026-08-07 16:00:00+00:00
1786122000000,64814.01,64828.82,64525.0,64764.33,603.65716,1786125599999,39048760.38364040,135316,226.86676000,14673904.03789430,0,2026-08-07 17:00:00+00:00
1786125600000,64764.33,64881.13,64676.0,64735.51,225.44204,1786129199999,14606765.32557980,80410,107.73420000,6980364.90996530,0,2026-08-07 18:00:00+00:00
1786129200000,64735.52,65039.42,64735.52,64960.47,398.55222,1786132799999,25881188.10772520,100397,239.92554000,15581359.13977010,0,2026-08-07 19:00:00+00:00
1786132800000,64960.46,65053.56,64948.0,64972.0,238.49651,1786136399999,15498023.88044070,39503,140.00481000,9098539.78202220,0,2026-08-07 20:00:00+00:00
1786136400000,64972.0,65102.0,64928.0,64928.01,187.58406,1786139999999,12192924.08848310,44821,74.85659000,4866058.15500410,0,2026-08-07 21:00:00+00:00
1786140000000,64928.02,64947.7,64846.0,64888.0,304.11479,1786143599999,19738477.32789350,28154,104.65883000,6791975.76190700,0,2026-08-07 22:00:00+00:00
1786143600000,64888.0,64923.2,64869.99,64923.19,259.93041,1786147199999,16866706.51277320,14727,128.52507000,8340256.12514970,0,2026-08-07 23:00:00+00:00
1786147200000,64923.2,64954.0,64784.19,64929.01,432.5947,1786150799999,28066360.03511770,25634,192.54433000,12494021.25710220,0,2026-08-08 00:00:00+00:00
1786150800000,64929.01,64965.0,64908.97,64911.79,283.12303,1786154399999,18383200.85134090,22019,182.66654000,11860496.23694810,0,2026-08-08 01:00:00+00:00
1786154400000,64911.8,64957.47,64894.49,64923.97,317.46111,1786157999999,20609506.19847640,21324,150.51206000,9770326.59428460,0,2026-08-08 02:00:00+00:00
1786158000000,64923.98,65074.18,64918.28,65033.0,277.39242,1786161599999,18027409.34429300,27377,179.58820000,11670790.43021320,0,2026-08-08 03:00:00+00:00
1786161600000,65033.0,65071.15,64971.18,65013.58,199.83614,1786165199999,12992832.73038660,31511,124.97153000,8124822.13326080,0,2026-08-08 04:00:00+00:00
1786165200000,65013.58,65018.64,64976.0,64995.39,118.91329,1786168799999,7730148.49069380,13525,44.52809000,2894580.31566690,0,2026-08-08 05:00:00+00:00
1786168800000,64995.39,65014.0,64959.81,65006.61,298.35674,1786172399999,19388734.53975820,16625,122.68950000,7972997.06883120,0,2026-08-08 06:00:00+00:00
1786172400000,65006.61,65006.61,64951.34,64960.0,169.03379,1786175999999,10983930.09836920,13450,80.30533000,5217745.61069740,0,2026-08-08 07:00:00+00:00
1786176000000,64959.99,65020.5,64948.56,64993.87,150.80437,1786179599999,9800169.26476100,13868,85.21014000,5537404.91518840,0,2026-08-08 08:00:00+00:00
1786179600000,64993.88,65050.0,64992.98,64994.31,303.53576,1786183199999,19733513.55289840,26189,194.26161000,12629382.81383830,0,2026-08-08 09:00:00+00:00
1786183200000,64994.31,65022.43,64994.31,65005.87,144.30853,1786186799999,9381414.27808440,15959,54.63585000,3551748.13509380,0,2026-08-08 10:00:00+00:00
1786186800000,65005.88,65024.1,64957.0,64967.35,178.16146,1786190399999,11577601.18748900,19311,69.60256000,4523164.75076660,0,2026-08-08 11:00:00+00:00
1786190400000,64967.36,65050.55,64924.0,65008.34,234.45077,1786193999999,15237620.31649890,31056,122.91118000,7988666.79801010,0,2026-08-08 12:00:00+00:00
1786194000000,65008.33,65018.0,65000.0,65015.27,187.85749,1786197599999,12212391.47777130,16805,98.14216000,6380096.34547710,0,2026-08-08 13:00:00+00:00
1786197600000,65015.27,65192.54,65015.27,65129.02,356.35929,1786201199999,23208128.55095170,44901,234.61416000,15278267.33528270,0,2026-08-08 14:00:00+00:00
1786201200000,65129.01,65149.57,65061.31,65080.82,186.5848,1786204799999,12145707.96702440,19760,81.94077000,5333776.84060870,0,2026-08-08 15:00:00+00:00
1786204800000,65080.83,65116.82,65039.0,65086.45,128.83529,1786208399999,8383617.70049620,22770,61.95465000,4031578.89733370,0,2026-08-08 16:00:00+00:00
1786208400000,65086.46,65150.0,65075.46,65119.75,187.72596,1786211999999,12222353.39388240,23990,96.11591000,6257929.92229610,0,2026-08-08 17:00:00+00:00
1786212000000,65119.75,65119.75,65025.54,65044.07,168.52013,1786215599999,10966428.86565710,20825,66.72306000,4342109.51686360,0,2026-08-08 18:00:00+00:00
1786215600000,65044.08,65093.7,65017.39,65075.41,205.39734,1786219199999,13358691.34336360,16325,81.94249000,5329201.97351290,0,2026-08-08 19:00:00+00:00
1786219200000,65075.4,65100.61,65060.0,65082.41,382.31735,1786222799999,24884569.97726690,18406,145.01293000,9437705.15690580,0,2026-08-08 20:00:00+00:00
1786222800000,65082.42,65082.42,65000.53,65012.96,216.53129,1786226399999,14084709.36807710,25428,60.61310000,3942470.29710920,0,2026-08-08 21:00:00+00:00
1786226400000,65012.95,65038.0,64948.17,64950.61,427.30382,1786229999999,27772868.43745190,30793,179.35607000,11657744.94036070,0,2026-08-08 22:00:00+00:00
1786230000000,64950.62,64975.99,64936.01,64962.6,204.73811,1786233599999,13299450.86050980,22596,99.16389000,6441383.11303880,0,2026-08-08 23:00:00+00:00
1786233600000,64962.6,64991.93,64958.17,64973.65,214.05253,1786237199999,13907043.06901010,18975,102.26167000,6643913.75126200,0,2026-08-09 00:00:00+00:00
1786237200000,64973.65,65002.0,64838.33,64861.46,330.74593,1786240799999,21465213.16733940,31321,114.06736000,7402765.97591670,0,2026-08-09 01:00:00+00:00
1786240800000,64861.46,64863.16,64777.92,64820.01,255.40052,1786244399999,16557890.28504980,32270,115.37589000,7479898.96216680,0,2026-08-09 02:00:00+00:00
1786244400000,64820.01,64820.01,64730.08,64788.8,153.75776,1786247999999,9960137.77606390,20800,75.15128000,4867678.13104270,0,2026-08-09 03:00:00+00:00
1786248000000,64788.8,64826.13,64785.0,64785.0,156.31772,1786251599999,10130796.79394390,13624,84.20076000,5456784.08531720,0,2026-08-09 04:00:00+00:00
1786251600000,64785.01,64801.58,64777.0,64801.58,194.39306,1786255199999,12594126.91901440,15456,101.16886000,6554381.05663880,0,2026-08-09 05:00:00+00:00
1786255200000,64801.57,64867.11,64801.57,64849.99,216.36529,1786258799999,14028190.82490730,20930,98.44055000,6382436.11728350,0,2026-08-09 06:00:00+00:00
1786258800000,64850.0,64860.01,64826.14,64826.14,338.38864,1786262399999,21942571.89010490,18781,154.28980000,10004758.43504710,0,2026-08-09 07:00:00+00:00
1786262400000,64826.15,64960.06,64792.1,64824.16,328.93534,1786265999999,21343277.39525570,43973,189.76912000,12313792.17602670,0,2026-08-09 08:00:00+00:00
1786266000000,64824.17,64877.86,64809.68,64877.85,149.22124,1786269599999,9673240.72561410,19330,94.33882000,6115588.69787550,0,2026-08-09 09:00:00+00:00
1786269600000,64877.86,64994.07,64877.85,64959.86,249.48898,1786273199999,16204333.53966100,26742,135.28530000,8785688.86876330,0,2026-08-09 10:00:00+00:00
1786273200000,64959.87,65000.0,64950.0,64950.0,150.77221,1786276799999,9797293.40018200,16353,67.39143000,4378951.65670400,0,2026-08-09 11:00:00+00:00
1786276800000,64950.01,64962.41,64914.73,64960.11,166.88575,1786280399999,10837664.19166200,13782,85.89781000,5578301.08074050,0,2026-08-09 12:00:00+00:00
1786280400000,64960.12,65266.0,64960.11,65219.78,406.90586,1786283999999,26510401.85419380,44799,242.51699000,15798703.12494120,0,2026-08-09 13:00:00+00:00
1786284000000,65219.78,65300.0,65150.95,65260.01,280.8075,1786287599999,18311637.37961230,46146,133.45475000,8702341.71558430,0,2026-08-09 14:00:00+00:00
1786287600000,65260.01,65264.0,65214.0,65228.68,364.1864,1786291199999,23760272.55656850,32621,193.45685000,12621404.81434710,0,2026-08-09 15:00:00+00:00
1786291200000,65228.68,65266.06,65182.36,65232.14,289.41282,1786294799999,18880664.31971010,32276,109.10809000,7117779.40891210,0,2026-08-09 16:00:00+00:00
1786294800000,65232.15,65239.18,65198.68,65198.68,130.05099,1786298399999,8482804.96758850,14397,63.49386000,4141371.84163230,0,2026-08-09 17:00:00+00:00
1786298400000,65198.68,65220.0,65192.0,65199.68,83.21999,1786301999999,5426467.46099420,12819,32.89421000,2144889.67343780,0,2026-08-09 18:00:00+00:00
1786302000000,65199.69,65210.0,65179.72,65180.66,257.6312,1786305599999,16796722.47566390,19927,75.75658000,4938898.24798230,0,2026-08-09 19:00:00+00:00
1786305600000,65180.66,65181.99,65046.25,65137.96,465.99754,1786309199999,30344991.23386100,47904,111.04465000,7231348.84566600,0,2026-08-09 20:00:00+00:00
1786309200000,65137.96,65250.0,65115.05,65192.99,485.32235,1786312799999,31625565.31252880,50161,177.12155000,11542971.08217370,0,2026-08-09 21:00:00+00:00
1786312800000,65192.99,65474.46,64971.41,65077.13,941.55321,1786316399999,61418930.19937080,114413,455.67198000,29740222.33887400,0,2026-08-09 22:00:00+00:00
1786316400000,65077.13,65108.0,64842.59,64901.59,421.42323,1786319999999,27365969.66632310,96181,195.17106000,12672032.84592860,0,2026-08-09 23:00:00+00:00
1786320000000,64901.59,65322.58,64826.78,64968.01,556.44925,1786323599999,36189664.84183180,129770,279.83057000,18201154.97378480,0,2026-08-10 00:00:00+00:00
1786323600000,64968.21,65391.14,64900.0,65189.99,410.26148,1786327199999,26713004.96991270,81073,222.23672000,14471582.68422530,0,2026-08-10 01:00:00+00:00
1786327200000,65190.0,65220.0,64903.54,65099.99,432.7132,1786330799999,28159540.62130880,68539,235.47054000,15321622.36319600,0,2026-08-10 02:00:00+00:00
1786330800000,65099.99,65172.0,64904.99,64982.01,335.63049,1786334399999,21829164.94159620,60159,168.92723000,10986377.20256220,0,2026-08-10 03:00:00+00:00
1786334400000,64982.0,65100.0,64924.0,65006.73,333.49313,1786337999999,21681967.10344790,48732,118.83558000,7726129.61080280,0,2026-08-10 04:00:00+00:00
1786338000000,65006.74,65159.25,64979.88,65134.0,299.63603,1786341599999,19491225.06147140,48950,170.55443000,11094413.00688890,0,2026-08-10 05:00:00+00:00
1786341600000,65134.0,65339.7,65130.01,65299.4,433.93661,1786345199999,28305207.95283360,65239,239.63340000,15631081.95539710,0,2026-08-10 06:00:00+00:00
1786345200000,65299.4,65379.13,65196.53,65202.73,554.01187,1786348799999,36175979.94226190,48555,206.78916000,13504151.68538520,0,2026-08-10 07:00:00+00:00
1786348800000,65202.72,65328.73,65192.0,65245.58,316.81156,1786352399999,20673178.30435110,34815,173.02133000,11289883.76753860,0,2026-08-10 08:00:00+00:00
1786352400000,65245.59,65245.59,64958.87,64967.24,389.34609,1786355999999,25336383.50533600,70485,172.25001000,11206242.72533950,0,2026-08-10 09:00:00+00:00
1786356000000,64967.25,65074.61,64967.24,65013.06,428.4961,1786359599999,27863777.40776330,63916,224.30463000,14585471.00279280,0,2026-08-10 10:00:00+00:00
1786359600000,65013.07,65130.16,64977.93,65125.98,160.3373,1786363199999,10430531.82712370,50748,80.53757000,5239082.20313720,0,2026-08-10 11:00:00+00:00
1786363200000,65125.99,65237.8,64850.0,64870.75,596.12387,1786366799999,38759023.42811950,112248,302.29784000,19657901.05975230,0,2026-08-10 12:00:00+00:00
1786366800000,64870.74,64973.72,64518.01,64561.98,1297.24239,1786370399999,83998506.26444030,183557,667.42962000,43214548.67100140,0,2026-08-10 13:00:00+00:00
1786370400000,64561.98,64888.32,64544.01,64625.77,650.29814,1786373999999,42085948.40059570,135771,399.38475000,25845200.36977370,0,2026-08-10 14:00:00+00:00
1786374000000,64625.77,64711.43,64203.15,64299.99,1096.33991,1786377599999,70605154.16312300,165488,505.99853000,32581408.14239510,0,2026-08-10 15:00:00+00:00
1786377600000,64299.99,64354.0,63830.57,63904.65,1498.06925,1786381199999,95990024.29834330,198980,619.85613000,39718284.07558880,0,2026-08-10 16:00:00+00:00
1786381200000,63904.65,64027.12,63832.0,63953.04,1290.55418,1786384799999,82512322.12982650,126308,715.24482000,45733155.85874420,0,2026-08-10 17:00:00+00:00
1786384800000,63953.04,64020.64,63806.27,63889.39,944.06538,1786388399999,60337032.59675170,104506,522.03813000,33365337.60799450,0,2026-08-10 18:00:00+00:00
1786388400000,63889.39,64101.34,63888.01,64045.7,543.26284,1786391999999,34760142.60996800,73324,361.31968000,23118248.96170840,0,2026-08-10 19:00:00+00:00
1786392000000,64045.7,64215.21,64023.06,64158.5,286.34235,1786395599999,18357151.85755510,59715,177.64217000,11387706.47316910,0,2026-08-10 20:00:00+00:00
1786395600000,64158.49,64158.5,63987.0,63987.0,239.68387,1786399199999,15356579.68746040,46322,112.21756000,7189394.62121290,0,2026-08-10 21:00:00+00:00
1786399200000,63987.0,64055.95,63944.0,64016.0,216.96727,1786402799999,13885009.38832320,39224,102.16728000,6537919.76994420,0,2026-08-10 22:00:00+00:00
1786402800000,64015.99,64020.0,63920.69,63970.01,328.33621,1786406399999,21006038.34936740,37923,168.63999000,10789045.93036470,0,2026-08-10 23:00:00+00:00
1786406400000,63970.01,64058.0,63895.64,64040.0,690.26826,1786409999999,44159327.84689920,66218,359.47253000,22996519.21994180,0,2026-08-11 00:00:00+00:00
1786410000000,64040.01,64080.1,63958.2,64060.8,355.07512,1786413599999,22740099.08325210,49705,193.08035000,12365614.34655790,0,2026-08-11 01:00:00+00:00
1786413600000,64060.8,64086.0,64030.0,64044.59,263.24469,1786417199999,16861693.42855510,26971,79.10780000,5066945.44543710,0,2026-08-11 02:00:00+00:00
1786417200000,64044.6,64176.0,64044.59,64155.01,524.13513,1786420799999,33614761.30308400,34345,297.82223000,19099848.09082980,0,2026-08-11 03:00:00+00:00
1786420800000,64155.0,64159.65,64021.02,64023.51,360.17249,1786424399999,23085546.13515330,21216,89.55109000,5740543.15008560,0,2026-08-11 04:00:00+00:00
1786424400000,64023.51,64051.93,63964.0,64000.0,217.31247,1786427999999,13910900.72934220,31560,86.31271000,5525297.19258080,0,2026-08-11 05:00:00+00:00
1786428000000,64000.0,64050.43,63852.0,63969.28,681.87714,1786431599999,43597802.05576330,51622,311.97687000,19947946.76466080,0,2026-08-11 06:00:00+00:00
1786431600000,63969.29,64108.0,63911.09,64065.99,380.83043,1786435199999,24377640.89402040,55232,232.51542000,14884801.96924150,0,2026-08-11 07:00:00+00:00
1786435200000,64066.0,64148.78,64044.72,64136.41,168.66039,1786438799999,10809046.46297500,27701,81.37712000,5215453.81438790,0,2026-08-11 08:00:00+00:00
1786438800000,64136.41,64300.0,64121.51,64300.0,453.24003,1786442399999,29097744.79073240,45575,238.63816000,15324243.76970770,0,2026-08-11 09:00:00+00:00
1786442400000,64300.0,64312.7,64200.0,64233.23,408.12036,1786445999999,26227878.06979640,50713,178.26497000,11456347.05780030,0,2026-08-11 10:00:00+00:00
1786446000000,64233.23,64400.0,64233.23,64389.57,538.09782,1786449599999,34623260.61694910,44297,297.30225000,19126758.26950400,0,2026-08-11 11:00:00+00:00
1786449600000,64389.58,64515.43,64274.57,64330.01,714.43565,1786453199999,45994218.37996560,69245,371.25992000,23908961.90196220,0,2026-08-11 12:00:00+00:00
1786453200000,64330.0,64368.42,64050.0,64200.28,1390.7479,1786456799999,89249795.68352290,163982,494.89931000,31761308.09571460,0,2026-08-11 13:00:00+00:00
1786456800000,64200.29,64263.83,63714.75,63770.03,985.02313,1786460399999,62994751.79080740,176212,425.23397000,27200058.48886960,0,2026-08-11 14:00:00+00:00
1786460400000,63770.03,63868.0,63451.0,63609.87,1286.57237,1786463999999,81921887.37395230,194682,648.54505000,41307730.35440300,0,2026-08-11 15:00:00+00:00
1786464000000,63609.86,63660.0,63459.54,63512.59,740.82749,1786467599999,47098007.77816420,112264,473.91167000,30127639.62177500,0,2026-08-11 16:00:00+00:00
1786467600000,63512.59,63632.94,63461.88,63607.88,482.84238,1786471199999,30682926.48002530,74539,310.62804000,19738335.62623320,0,2026-08-11 17:00:00+00:00
1786471200000,63607.87,63626.03,63251.59,63373.07,749.01907,1786474799999,47506703.41436120,94536,357.26377000,22662971.39504580,0,2026-08-11 18:00:00+00:00
1786474800000,63373.07,63536.0,63238.0,63536.0,452.04779,1786478399999,28643558.52052750,76848,302.04011000,19138129.41583710,0,2026-08-11 19:00:00+00:00
1786478400000,63536.0,63748.37,63536.0,63740.0,321.5572,1786481999999,20471511.47353120,66539,179.71498000,11440282.08652250,0,2026-08-11 20:00:00+00:00
1786482000000,63740.0,63768.58,63622.0,63672.73,269.417,1786485599999,17159077.10218720,48133,134.16968000,8544498.08552260,0,2026-08-11 21:00:00+00:00
1786485600000,63672.73,63768.0,63626.25,63668.49,253.27935,1786489199999,16136912.93755640,42286,120.68302000,7688900.17700410,0,2026-08-11 22:00:00+00:00
1786489200000,63668.5,63668.5,63543.55,63600.0,204.82882,1786492799999,13027143.31479440,36096,99.24216000,6311457.18634240,0,2026-08-11 23:00:00+00:00
1786492800000,63600.01,63745.53,63534.01,63742.07,247.42097,1786496399999,15746303.26257250,55471,131.25288000,8353569.60319490,0,2026-08-12 00:00:00+00:00
1786496400000,63742.07,63855.5,63698.18,63813.8,499.92358,1786499999999,31888646.68077240,58485,242.47154000,15464920.61194470,0,2026-08-12 01:00:00+00:00
1786500000000,63813.8,63908.01,63730.72,63749.76,612.29132,1786503599999,39090037.87058930,54365,368.24341000,23509701.61727340,0,2026-08-12 02:00:00+00:00
1786503600000,63749.77,63845.91,63709.85,63835.59,538.85374,1786507199999,34362090.64318170,50947,281.47078000,17953244.56807660,0,2026-08-12 03:00:00+00:00
1786507200000,63835.58,63891.42,63739.99,63769.58,568.35931,1786510799999,36254518.57205450,47129,246.19622000,15701249.22797080,0,2026-08-12 04:00:00+00:00
1786510800000,63769.58,63869.56,63724.25,63849.94,540.4656,1786514399999,34504909.42389580,45253,290.64965000,18554504.21809700,0,2026-08-12 05:00:00+00:00
1786514400000,63849.94,63849.94,63606.15,63711.97,563.28705,1786517999999,35879821.41768830,72358,296.41558000,18874298.96216540,0,2026-08-12 06:00:00+00:00
1786518000000,63711.97,63838.0,63644.1,63837.99,458.43036,1786521599999,29220407.20457410,42636,375.26092000,23919190.72996060,0,2026-08-12 07:00:00+00:00
1786521600000,63838.0,63867.2,63773.98,63794.94,303.11959,1786525199999,19343285.84104890,50616,139.19523000,8882126.94304890,0,2026-08-12 08:00:00+00:00
1786525200000,63794.95,64130.47,63768.01,64108.81,553.52986,1786528799999,35428690.16987450,101679,324.19366000,20751894.03901300,0,2026-08-12 09:00:00+00:00
1786528800000,64108.82,64218.0,64059.99,64143.36,996.13758,1786532399999,63874902.93248290,96007,272.21381000,17453572.23250690,0,2026-08-12 10:00:00+00:00
1786532400000,64143.36,64249.5,64113.5,64240.04,414.30431,1786535999999,26595192.66817760,53021,222.09048000,14256246.78853160,0,2026-08-12 11:00:00+00:00
1786536000000,64240.04,64500.0,63976.37,64119.71,1297.05947,1786539599999,83318617.67329330,185766,581.05299000,37338706.80292900,0,2026-08-12 12:00:00+00:00
1786539600000,64119.72,64159.36,63840.0,63840.0,727.44098,1786543199999,46537810.11519940,189248,370.83603000,23722546.98722540,0,2026-08-12 13:00:00+00:00
1786543200000,63840.0,63926.13,63362.74,63363.39,1163.88428,1786546799999,74062036.71191860,242011,519.22792000,33043180.52470890,0,2026-08-12 14:00:00+00:00
1786546800000,63363.39,63570.01,63316.0,63441.47,771.05562,1786550399999,48939917.29499090,132695,464.28630000,29467144.81166620,0,2026-08-12 15:00:00+00:00
1786550400000,63441.48,63578.0,63368.35,63492.12,487.79219,1786553999999,30961731.72317440,86946,299.81067000,19030627.10323610,0,2026-08-12 16:00:00+00:00
1786554000000,63492.12,63556.0,63416.4,63471.0,292.36777,1786557599999,18561792.44285490,55289,170.13157000,10801076.47046550,0,2026-08-12 17:00:00+00:00
1786557600000,63470.99,63522.56,63373.97,63386.59,396.92257,1786561199999,25176254.35729900,56178,224.58630000,14245025.17148560,0,2026-08-12 18:00:00+00:00
1786561200000,63386.58,63465.13,63310.34,63421.11,381.53313,1786564799999,24181562.17304020,68460,180.08684000,11414067.04480530,0,2026-08-12 19:00:00+00:00
1786564800000,63421.11,63600.0,63421.11,63599.99,307.26199,1786568399999,19513911.33438810,69016,188.98199000,12000488.96576790,0,2026-08-12 20:00:00+00:00
1786568400000,63600.0,63661.24,63421.61,63469.83,267.57645,1786571999999,17001557.31246400,65547,123.47870000,7846654.09665280,0,2026-08-12 21:00:00+00:00
1786572000000,63469.84,63536.0,63370.0,63432.28,240.00896,1786575599999,15227864.50123250,57291,130.06223000,8251403.02198630,0,2026-08-12 22:00:00+00:00
1786575600000,63432.28,63482.89,63378.23,63479.99,998.04154,1786579199999,63291271.90179280,54085,551.63056000,34978500.49992930,0,2026-08-12 23:00:00+00:00
1786579200000,63479.99,63717.31,63460.32,63556.92,406.77009,1786582799999,25862713.16072880,70756,235.14697000,14952114.95124170,0,2026-08-13 00:00:00+00:00
1786582800000,63556.91,63631.67,63382.45,63456.11,317.88444,1786586399999,20180200.62403030,68777,159.67562000,10135967.81297660,0,2026-08-13 01:00:00+00:00
1786586400000,63456.1,63582.0,63380.0,63550.01,458.1649,1786589999999,29074982.82157540,59721,286.82641000,18201239.12066500,0,2026-08-13 02:00:00+00:00
1786590000000,63550.01,63686.4,63514.21,63646.99,401.71819,1786593599999,25547102.84498600,59441,182.30000000,11593235.32954000,0,2026-08-13 03:00:00+00:00
1786593600000,63647.0,63778.0,63591.56,63693.74,223.42484,1786597199999,14228415.03742700,47062,108.33255000,6899799.76717560,0,2026-08-13 04:00:00+00:00
1786597200000,63693.73,64010.0,63671.64,63878.0,500.10882,1786600799999,31968099.89553920,88932,260.13720000,16627393.20338260,0,2026-08-13 05:00:00+00:00
1786600800000,63878.01,63942.36,63757.47,63942.35,256.03719,1786604399999,16345965.87789570,57503,108.86812000,6950042.07783770,0,2026-08-13 06:00:00+00:00
1786604400000,63942.36,63947.09,63856.13,63865.84,533.09585,1786607999999,34057425.43395520,54224,388.51059000,24820215.22623310,0,2026-08-13 07:00:00+00:00
1786608000000,63865.84,63915.0,63742.0,63766.8,439.81868,1786611599999,28068936.06559110,34954,191.01179000,12190721.41111560,0,2026-08-13 08:00:00+00:00
1786611600000,63766.8,63786.49,63587.99,63782.64,337.82326,1786615199999,21517280.48429280,48123,209.46632000,13341847.10906670,0,2026-08-13 09:00:00+00:00
1786615200000,63782.65,63818.16,63586.0,63651.19,317.79982,1786618799999,20231352.62594600,53154,118.17377000,7522400.17707320,0,2026-08-13 10:00:00+00:00
1786618800000,63651.2,63660.76,63350.0,63484.3,355.63538,1786622399999,22580503.89480590,73629,163.16174000,10358935.78358270,0,2026-08-13 11:00:00+00:00
1786622400000,63484.31,63710.0,63450.0,63697.76,384.47294,1786625999999,24441441.36713510,78708,213.54080000,13574089.25753680,0,2026-08-13 12:00:00+00:00
1786626000000,63697.76,63850.0,63566.0,63724.0,561.86509,1786629599999,35809337.28229340,150420,254.61481000,16226424.68599260,0,2026-08-13 13:00:00+00:00
1786629600000,63723.99,63999.0,63686.0,63859.45,669.38212,1786633199999,42755872.80561740,148001,389.12790000,24856112.64176150,0,2026-08-13 14:00:00+00:00
1786633200000,63859.46,63940.08,63420.0,63420.01,505.15868,1786636799999,32180488.02116760,147692,251.76594000,16037236.49446510,0,2026-08-13 15:00:00+00:00
1786636800000,63420.01,63568.97,62802.27,63160.13,1752.37181,1786640399999,110707991.85817460,270783,790.40430000,49949281.78339020,0,2026-08-13 16:00:00+00:00
1786640400000,63160.13,63294.61,63074.44,63144.38,644.48394,1786643999999,40713542.95383660,166027,332.09058000,20977241.65915650,0,2026-08-13 17:00:00+00:00
1786644000000,63144.37,63369.63,63105.44,63310.0,325.89181,1786647599999,20601795.67388310,93018,182.53913000,11539786.12062870,0,2026-08-13 18:00:00+00:00
1786647600000,63310.0,63519.39,63310.0,63407.99,349.14796,1786651199999,22143116.15236340,100752,221.69414000,14059832.54227090,0,2026-08-13 19:00:00+00:00
1786651200000,63408.0,63474.34,63368.0,63415.55,239.68311,1786654799999,15201525.62895370,51169,110.27658000,6994091.07089760,0,2026-08-13 20:00:00+00:00
1786654800000,63415.56,63500.0,63390.0,63474.0,188.33344,1786658399999,11950084.94606890,48570,100.16061000,6355167.68160620,0,2026-08-13 21:00:00+00:00
1786658400000,63474.0,63640.0,63473.99,63530.01,226.97651,1786661999999,14429017.12293020,60979,110.16119000,7002144.55494800,0,2026-08-13 22:00:00+00:00
1786662000000,63530.01,63539.03,63400.0,63490.86,397.80966,1786665599999,25247501.67028740,46382,220.31486000,13982913.97684210,0,2026-08-13 23:00:00+00:00
1786665600000,63490.86,63552.99,63410.0,63541.45,377.80366,1786669199999,23985967.70177990,79129,155.60737000,9879560.84783290,0,2026-08-14 00:00:00+00:00
1786669200000,63541.45,63585.92,63458.0,63575.86,310.91391,1786672799999,19753825.01292520,78725,176.83279000,11235956.87260210,0,2026-08-14 01:00:00+00:00
1786672800000,63575.86,63617.45,63465.38,63465.39,489.39475,1786676399999,31099897.29070140,60097,183.92396000,11688053.72290940,0,2026-08-14 02:00:00+00:00
1786676400000,63465.39,63576.0,63301.58,63310.0,296.84163,1786679999999,18827905.21010010,55239,131.83991000,8362712.50508410,0,2026-08-14 03:00:00+00:00
1786680000000,63310.0,63472.5,63276.0,63372.56,530.66039,1786683599999,33641917.00340890,47353,300.70697000,19062616.07848430,0,2026-08-14 04:00:00+00:00
1786683600000,63372.56,63400.3,63286.67,63379.83,201.71573,1786687199999,12778256.51783170,53728,98.90294000,6265465.88932990,0,2026-08-14 05:00:00+00:00
1786687200000,63379.83,63379.83,62942.0,62974.14,627.73261,1786690799999,39657229.71579740,105882,299.13351000,18910295.04605970,0,2026-08-14 06:00:00+00:00
1786690800000,62974.14,63110.0,62920.0,62920.78,730.23378,1786694399999,46022706.23704790,71713,434.00697000,27353956.34392120,0,2026-08-14 07:00:00+00:00
1786694400000,62920.78,62997.83,62700.0,62940.01,892.48443,1786697999999,56097063.66949900,120107,488.64395000,30716261.27767700,0,2026-08-14 08:00:00+00:00
1786698000000,62940.01,62940.01,62744.0,62792.75,501.14919,1786701599999,31491094.67508840,68087,262.19890000,16475216.12440280,0,2026-08-14 09:00:00+00:00
1786701600000,62792.75,62946.0,62739.98,62814.14,598.55074,1786705199999,37618971.98956550,77325,361.22437000,22704350.00129980,0,2026-08-14 10:00:00+00:00
1786705200000,62814.14,62936.82,62814.0,62868.83,444.92265,1786708799999,27977825.16263430,70192,261.23053000,16426108.07357930,0,2026-08-14 11:00:00+00:00
1786708800000,62868.83,62913.3,62726.26,62741.69,486.51649,1786712399999,30562838.64320880,95960,212.65833000,13359627.52735840,0,2026-08-14 12:00:00+00:00
1786712400000,62741.68,62822.33,62605.0,62668.0,987.78817,1786715999999,61924547.38729000,199983,508.09225000,31853277.17026420,0,2026-08-14 13:00:00+00:00
1786716000000,62668.0,62797.88,62535.24,62620.01,998.23888,1786719599999,62554689.64545430,209562,514.02979000,32212933.84523250,0,2026-08-14 14:00:00+00:00
1786719600000,62620.01,63089.18,62612.0,62990.95,988.09918,1786723199999,62093824.18229900,168891,661.44919000,41562314.39620260,0,2026-08-14 15:00:00+00:00
1786723200000,62990.94,63215.58,62966.86,63133.48,566.22185,1786726799999,35733550.10640560,123968,332.29768000,20969542.77677920,0,2026-08-14 16:00:00+00:00
1786726800000,63133.49,63247.05,63000.0,63013.69,454.05828,1786730399999,28671468.11796520,112128,259.43027000,16384563.68320820,0,2026-08-14 17:00:00+00:00
1786730400000,63013.7,63088.21,62894.85,62930.01,367.77038,1786733999999,23167722.86152540,98207,203.55574000,12823357.58142020,0,2026-08-14 18:00:00+00:00
1786734000000,62930.01,62996.0,62830.0,62968.05,394.98545,1786737599999,24850234.35860660,92795,241.53283000,15196383.72406000,0,2026-08-14 19:00:00+00:00
1786737600000,62968.06,63020.74,62896.85,62907.59,359.43765,1786741199999,22634655.27766730,50731,161.11764000,10143796.39676310,0,2026-08-14 20:00:00+00:00
1786741200000,62907.59,62937.22,62873.25,62928.49,179.646,1786744799999,11300403.33872080,44956,91.85827000,5778352.63374140,0,2026-08-14 21:00:00+00:00
1786744800000,62928.49,62957.28,62800.0,62886.88,226.57205,1786748399999,14243570.73568240,48343,108.63368000,6828905.69717080,0,2026-08-14 22:00:00+00:00
1786748400000,62886.87,63066.13,62865.03,63043.56,329.09114,1786751999999,20718679.86459260,51429,229.36939000,14439618.03269360,0,2026-08-14 23:00:00+00:00
1786752000000,63043.56,63059.5,62992.91,63019.88,208.64233,1786755599999,13148086.92076250,32855,108.62571000,6845012.02737480,0,2026-08-15 00:00:00+00:00
1786755600000,63019.89,63051.78,62993.57,63045.13,485.23532,1786759199999,30581587.88068270,24028,239.33695000,15084064.03456980,0,2026-08-15 01:00:00+00:00
1786759200000,63045.14,63134.82,63035.95,63134.41,243.54429,1786762799999,15361695.21362260,27897,164.16356000,10354250.93768960,0,2026-08-15 02:00:00+00:00
1786762800000,63134.41,63187.98,63039.99,63051.25,184.46775,1786766399999,11637579.71953000,25606,59.96156000,3783259.48340010,0,2026-08-15 03:00:00+00:00
1786766400000,63051.25,63151.65,63051.25,63122.0,172.30243,1786769999999,10872104.47021820,15288,119.00681000,7508387.18082470,0,2026-08-15 04:00:00+00:00
1786770000000,63122.01,63155.76,63039.99,63089.0,213.28052,1786773599999,13454468.23955210,18478,136.91231000,8635718.36912410,0,2026-08-15 05:00:00+00:00
1786773600000,63089.0,63134.84,63027.89,63114.68,373.75318,1786777199999,23572234.69763630,23100,157.66585000,9944249.06203900,0,2026-08-15 06:00:00+00:00
1786777200000,63114.68,63134.83,63042.0,63075.43,688.73174,1786780799999,43454604.66550340,36468,386.46080000,24383154.47429360,0,2026-08-15 07:00:00+00:00
1786780800000,63075.43,63085.8,62933.71,62935.72,177.99645,1786784399999,11219751.98585830,20855,84.25998000,5313276.03906450,0,2026-08-15 08:00:00+00:00
1786784400000,62935.72,63045.83,62920.0,63030.38,183.99371,1786787999999,11589045.06135010,22230,133.27109000,8394649.36104870,0,2026-08-15 09:00:00+00:00
1786788000000,63030.39,63051.74,63002.12,63046.1,79.58111,1786791599999,5015947.19109930,15132,40.95784000,2581565.46826260,0,2026-08-15 10:00:00+00:00
1786791600000,63046.1,63054.69,62996.85,63022.01,175.71191,1786795199999,11074437.55692340,17915,66.73737000,4206094.18861340,0,2026-08-15 11:00:00+00:00
1786795200000,63022.01,63055.36,62946.58,63050.13,109.73402,1786798799999,6912186.92550400,18296,42.12095000,2653150.39510330,0,2026-08-15 12:00:00+00:00
1786798800000,63050.12,63080.88,63028.11,63060.35,132.2968,1786802399999,8341373.29800800,27293,76.59221000,4829217.30145080,0,2026-08-15 13:00:00+00:00
1786802400000,63060.34,63060.35,62996.77,63040.0,244.03751,1786805999999,15383663.53525720,18588,106.13824000,6690832.86957060,0,2026-08-15 14:00:00+00:00
1786806000000,63040.01,63120.09,63032.0,63100.55,214.37562,1786809599999,13522645.12595400,24069,153.65535000,9692244.82050990,0,2026-08-15 15:00:00+00:00
1786809600000,63100.55,63124.99,63066.73,63096.63,202.83972,1786813199999,12797516.65804010,28765,143.11420000,9028868.77547590,0,2026-08-15 16:00:00+00:00
1786813200000,63096.62,63100.69,63066.21,63070.5,96.56413,1786816799999,6091143.84603760,13868,47.80332000,3015156.37076380,0,2026-08-15 17:00:00+00:00
1786816800000,63070.49,63115.58,63044.37,63057.58,294.79086,1786820399999,18589365.60457650,24314,210.40207000,13267617.85269550,0,2026-08-15 18:00:00+00:00
1786820400000,63057.58,63127.4,63057.57,63126.08,516.06271,1786823999999,32562056.10397000,38007,411.38463000,25957138.86243120,0,2026-08-15 19:00:00+00:00
1786824000000,63126.07,63126.08,63076.96,63103.29,55.31906,1786827599999,3490364.92893790,14889,28.52719000,1799730.91777660,0,2026-08-15 20:00:00+00:00
1786827600000,63103.29,63168.95,63103.29,63159.04,170.99952,1786831199999,10797644.34104300,24950,105.64609000,6671001.11007680,0,2026-08-15 21:00:00+00:00
1786831200000,63159.04,63175.0,63135.52,63135.52,95.56932,1786834799999,6035519.59856180,15284,48.76913000,3079854.16198480,0,2026-08-15 22:00:00+00:00
1786834800000,63135.52,63139.96,63086.0,63086.01,85.33037,1786838399999,5385608.78925460,12138,39.00690000,2461975.43660160,0,2026-08-15 23:00:00+00:00
1786838400000,63086.01,63086.01,63061.47,63085.82,94.57372,1786841999999,5965050.74814270,12824,51.08367000,3222009.95900490,0,2026-08-16 00:00:00+00:00
1786842000000,63085.81,63085.82,63012.0,63084.78,180.55557,1786845599999,11386072.71082260,20465,112.49079000,7093977.79134950,0,2026-08-16 01:00:00+00:00
1786845600000,63084.78,63151.59,63024.22,63121.91,245.34897,1786849199999,15485992.81289880,26865,105.20919000,6639901.85291750,0,2026-08-16 02:00:00+00:00
1786849200000,63121.92,63130.01,63115.61,63130.0,105.94774,1786852799999,6687744.62239240,8652,46.09161000,2909418.80422080,0,2026-08-16 03:00:00+00:00
1786852800000,63130.01,63158.8,63090.0,63090.01,130.32114,1786856399999,8227242.12163230,15922,71.44233000,4510339.93092650,0,2026-08-16 04:00:00+00:00
1786856400000,63090.0,63094.0,63040.0,63069.43,235.12057,1786859999999,14827069.35532540,13694,100.37387000,6329163.86423270,0,2026-08-16 05:00:00+00:00
1786860000000,63069.43,63083.79,63043.21,63069.31,280.31849,1786863599999,17677279.50128980,14141,149.51370000,9428251.29241630,0,2026-08-16 06:00:00+00:00
1786863600000,63069.32,63069.32,63054.34,63061.02,146.93998,1786867199999,9266033.39437580,9244,75.35366000,4751752.36045560,0,2026-08-16 07:00:00+00:00
1786867200000,63061.03,63079.76,63061.02,63072.42,108.9221,1786870799999,6869491.73106110,6828,72.38107000,4564818.97393210,0,2026-08-16 08:00:00+00:00
1786870800000,63072.43,63072.43,62968.45,62992.69,290.93169,1786874399999,18336992.60443760,17494,150.65501000,9494412.32318070,0,2026-08-16 09:00:00+00:00
1786874400000,62992.68,63013.62,62968.45,63008.57,133.29459,1786877999999,8396031.07122260,16512,89.41751000,5631934.93327140,0,2026-08-16 10:00:00+00:00
1786878000000,63008.56,63013.66,62981.93,63013.66,213.61707,1786881599999,13457010.01248670,19833,131.13513000,8260664.86732500,0,2026-08-16 11:00:00+00:00
1786881600000,63013.66,63025.42,62997.77,63021.98,78.74312,1786885199999,4961802.47839140,12065,44.12561000,2780450.91871630,0,2026-08-16 12:00:00+00:00
1786885200000,63021.99,63070.05,63021.98,63060.01,146.76198,1786888799999,9255031.07835050,14107,84.95573000,5357174.90821760,0,2026-08-16 13:00:00+00:00
1786888800000,63060.01,63102.86,63060.0,63102.85,159.23473,1786892399999,10045109.28667850,21068,87.00191000,5488342.29659460,0,2026-08-16 14:00:00+00:00
1786892400000,63102.86,63146.4,63102.86,63146.39,173.3934,1786895999999,10945395.54011830,22199,83.48530000,5269946.22381130,0,2026-08-16 15:00:00+00:00
1786896000000,63146.39,63390.0,63137.35,63260.01,394.04188,1786899599999,24931182.29872660,66967,202.69531000,12824082.51264350,0,2026-08-16 16:00:00+00:00
1786899600000,63260.0,63276.61,63120.22,63159.3,190.81967,1786903199999,12058822.33018200,30109,75.73955000,4786184.36592660,0,2026-08-16 17:00:00+00:00
1786903200000,63159.31,63173.71,63120.0,63140.06,89.92171,1786906799999,5678772.81823720,16699,40.97404000,2587603.54318330,0,2026-08-16 18:00:00+00:00
1786906800000,63140.05,63230.0,63100.89,63108.81,186.2917,1786910399999,11768388.57181010,33299,113.27619000,7156082.97788350,0,2026-08-16 19:00:00+00:00
1786910400000,63108.8,63140.0,63027.6,63067.79,122.98382,1786913999999,7758206.70638790,27453,65.68412000,4143086.33520020,0,2026-08-16 20:00:00+00:00
1786914000000,63067.79,63085.15,62754.0,62929.61,328.59983,1786917599999,20680626.55125850,71458,155.77806000,9805116.78984070,0,2026-08-16 21:00:00+00:00
1786917600000,62929.61,62954.0,62716.0,62913.7,453.8874,1786921199999,28517846.75254180,88387,248.60061000,15621572.22144310,0,2026-08-16 22:00:00+00:00
1786921200000,62913.7,62993.77,62830.0,62900.0,246.66048,1786924799999,15514853.45636090,54009,140.57158000,8841538.22327200,0,2026-08-16 23:00:00+00:00
1786924800000,62900.0,62956.0,62751.1,62917.54,577.24276,1786928399999,36285545.37591060,88478,255.32693000,16048792.08392810,0,2026-08-17 00:00:00+00:00
1786928400000,62917.54,63246.91,62896.0,63116.12,495.52019,1786931999999,31281504.68981240,144653,281.76915000,17784814.41813940,0,2026-08-17 01:00:00+00:00
1786932000000,63116.12,63500.0,63037.09,63403.34,459.80516,1786935599999,29100745.97238180,107734,250.60330000,15860433.87752120,0,2026-08-17 02:00:00+00:00
1786935600000,63403.33,63520.0,63339.78,63429.21,637.65934,1786939199999,40420208.73736070,58474,298.93357000,18950254.65826880,0,2026-08-17 03:00:00+00:00
1786939200000,63429.21,63580.0,63429.21,63532.44,714.19197,1786942799999,45352804.04666270,53738,381.55973000,24228653.08166860,0,2026-08-17 04:00:00+00:00
1786942800000,63532.43,63594.76,63446.59,63520.18,770.70619,1786946399999,48950194.84848050,44253,347.99792000,22100483.64374500,0,2026-08-17 05:00:00+00:00
1786946400000,63520.18,63717.17,63477.95,63667.99,312.69187,1786949999999,19888108.13010130,60567,146.54017000,9320329.66449190,0,2026-08-17 06:00:00+00:00
1786950000000,63668.0,63668.0,63500.0,63514.45,696.41924,1786953599999,44260624.87924190,54190,254.76354000,16190458.57622400,0,2026-08-17 07:00:00+00:00
1786953600000,63514.45,63545.08,63350.0,63380.84,520.36494,1786957199999,33011742.74853170,43940,282.85448000,17943218.80647450,0,2026-08-17 08:00:00+00:00
1786957200000,63380.83,63428.0,63295.0,63323.96,311.26926,1786960799999,19719661.42280220,39221,183.60794000,11632080.52694870,0,2026-08-17 09:00:00+00:00
1786960800000,63323.97,63694.26,63300.25,63692.21,683.00101,1786964399999,43379286.46763790,83251,400.27783000,25416191.89010250,0,2026-08-17 10:00:00+00:00
1786964400000,63692.2,63781.69,63587.05,63631.1,428.28018,1786967999999,27269809.47282390,64642,178.86329000,11388789.95051140,0,2026-08-17 11:00:00+00:00
1786968000000,63631.11,63680.0,63533.06,63554.69,405.66003,1786971599999,25799382.35689820,79468,172.31084000,10958881.62650540,0,2026-08-17 12:00:00+00:00
1786971600000,63554.7,63799.64,63444.17,63672.36,585.29579,1786975199999,37244441.17440520,145130,289.04950000,18396208.87712450,0,2026-08-17 13:00:00+00:00
1786975200000,63672.37,63904.76,63588.0,63902.63,583.47166,1786978799999,37167087.18280250,134653,330.61487000,21063898.27540940,0,2026-08-17 14:00:00+00:00
1786978800000,63902.63,64227.27,63812.35,64200.0,1356.1435,1786982399999,86813936.52423530,165509,676.50987000,43310391.84488880,0,2026-08-17 15:00:00+00:00
1786982400000,64200.0,64216.42,64058.0,64115.76,671.84426,1786985999999,43078867.30810090,99868,282.93479000,18141294.85464940,0,2026-08-17 16:00:00+00:00
1786986000000,64115.76,64425.0,63979.3,64325.99,1418.9831,1786989599999,91141125.16976610,201229,801.03085000,51448256.05593820,0,2026-08-17 17:00:00+00:00
1786989600000,64325.99,64610.01,64280.49,64428.87,1040.45275,1786993199999,67057803.97285370,156434,590.78550000,38077816.04492010,0,2026-08-17 18:00:00+00:00
1786993200000,64428.88,64428.88,64288.35,64309.96,452.68874,1786996799999,29136181.01490930,83501,203.14939000,13074666.82345350,0,2026-08-17 19:00:00+00:00
1786996800000,64309.95,64434.0,64266.0,64392.73,244.13801,1787000399999,15710189.82575860,61012,118.59690000,7630697.35946800,0,2026-08-17 20:00:00+00:00
1787000400000,64392.72,64434.76,64296.0,64382.02,218.14648,1787003999999,14042003.06304840,47226,96.53972000,6213863.06565390,0,2026-08-17 21:00:00+00:00
1787004000000,64382.02,64416.0,64283.49,64291.25,321.62233,1787007599999,20687265.36606060,39837,188.10010000,12098016.05130430,0,2026-08-17 22:00:00+00:00
1787007600000,64291.26,64578.0,64288.24,64532.1,350.04837,1787011199999,22567531.31793630,54248,174.19080000,11229531.13730240,0,2026-08-17 23:00:00+00:00
1787011200000,64532.11,64568.46,64367.27,64383.71,332.9031,1787014799999,21454054.56743510,60012,146.54079000,9442756.21320120,0,2026-08-18 00:00:00+00:00
1787014800000,64383.72,64387.71,64156.0,64200.06,378.48537,1787018399999,24336175.61008040,63601,190.53167000,12252877.34902130,0,2026-08-18 01:00:00+00:00
1787018400000,64200.06,64272.0,64048.0,64103.22,442.34864,1787021999999,28379212.16907300,76898,187.88031000,12052621.95926970,0,2026-08-18 02:00:00+00:00
1787022000000,64103.22,64195.45,64047.73,64185.01,577.49413,1787025599999,37033375.98857730,45547,328.25737000,21050861.21426230,0,2026-08-18 03:00:00+00:00
1787025600000,64185.0,64250.69,64090.0,64210.32,739.25374,1787029199999,47446813.49535400,41974,368.67829000,23662811.12077430,0,2026-08-18 04:00:00+00:00
1787029200000,64210.33,64276.0,64140.0,64242.76,1323.90812,1787032799999,85022459.18217220,70644,697.01088000,44760239.52194420,0,2026-08-18 05:00:00+00:00
1787032800000,64242.76,64446.0,64170.0,64318.03,694.7657,1787036399999,44682782.48334930,80450,305.35445000,19636314.30931250,0,2026-08-18 06:00:00+00:00
1787036400000,64318.03,64350.0,64164.0,64198.97,394.05527,1787039999999,25320600.20964380,60261,148.85564000,9564257.74263430,0,2026-08-18 07:00:00+00:00
1787040000000,64198.97,64336.0,64087.98,64296.02,402.40674,1787043599999,25846827.59095690,66718,183.34539000,11776125.66748400,0,2026-08-18 08:00:00+00:00
1787043600000,64296.01,64296.01,64140.0,64171.95,269.49893,1787047199999,17299989.70223720,45561,90.57435000,5813818.66335820,0,2026-08-18 09:00:00+00:00
1787047200000,64171.95,64216.0,64123.42,64202.8,219.75251,1787050799999,14102515.00343640,35892,97.35214000,6247692.36659570,0,2026-08-18 10:00:00+00:00
1787050800000,64202.81,64402.35,64192.42,64351.19,310.52659,1787054399999,19977742.43806970,48834,160.74723000,10340291.55194220,0,2026-08-18 11:00:00+00:00
1787054400000,64351.18,64355.64,64218.45,64230.02,236.94493,1787057999999,15231843.00311100,40301,106.20542000,6827293.34053740,0,2026-08-18 12:00:00+00:00
1787058000000,64230.02,64284.0,64027.85,64219.99,1179.78725,1787061599999,75678917.74610210,126163,595.37980000,38190395.78956680,0,2026-08-18 13:00:00+00:00
1787061600000,64219.99,65058.81,64219.99,64714.16,1757.31459,1787065199999,113790684.52106390,251794,1085.36158000,70288098.97345640,0,2026-08-18 14:00:00+00:00
1787065200000,64714.16,64888.0,64652.0,64855.06,513.17463,1787068799999,33252775.05249240,123676,228.34888000,14796033.84595490,0,2026-08-18 15:00:00+00:00
1787068800000,64855.06,64891.81,64675.5,64840.0,419.07089,1787072399999,27151200.79374230,76505,176.38230000,11428016.08530830,0,2026-08-18 16:00:00+00:00
1787072400000,64840.0,64840.01,64670.02,64670.02,400.18777,1787075999999,25919257.95790650,60838,155.64780000,10080715.99360800,0,2026-08-18 17:00:00+00:00
1787076000000,64670.02,64822.0,64656.0,64772.0,219.3896,1787079599999,14206272.97293700,35455,116.26890000,7528250.12747370,0,2026-08-18 18:00:00+00:00
1787079600000,64771.99,64796.0,64642.36,64643.26,185.09854,1787083199999,11978365.36690260,38499,68.98168000,4463718.71448160,0,2026-08-18 19:00:00+00:00
1787083200000,64643.27,64654.87,64568.0,64582.39,191.92081,1787086799999,12401073.62210910,44252,70.67045000,4566354.50419450,0,2026-08-18 20:00:00+00:00
1787086800000,64582.38,64653.97,64571.48,64604.58,187.67225,1787090399999,12124743.90031590,40680,60.18888000,3888456.10926680,0,2026-08-18 21:00:00+00:00
1787090400000,64604.58,64648.0,64562.25,64634.0,200.09422,1787093999999,12927083.11238080,37209,92.86291000,5999385.48469290,0,2026-08-18 22:00:00+00:00
1787094000000,64634.0,64780.0,64631.15,64725.42,213.8588,1787097599999,13840563.33997260,36255,97.82201000,6330741.98471130,0,2026-08-18 23:00:00+00:00
1787097600000,64725.42,64736.27,64488.0,64488.0,247.80518,1787101199999,16009811.61936310,68139,105.08919000,6789187.72074350,0,2026-08-19 00:00:00+00:00
1787101200000,64488.0,64551.47,64389.27,64400.48,314.2814,1787104799999,20261820.13558840,75477,184.17169000,11875012.69033680,0,2026-08-19 01:00:00+00:00
1787104800000,64400.47,64414.65,64350.0,64351.9,547.93834,1787108399999,35282299.56928000,54869,267.44222000,17220530.66412200,0,2026-08-19 02:00:00+00:00
1787108400000,64351.86,64414.0,64278.0,64330.71,258.70445,1787111999999,16645879.68441740,59844,139.59508000,8982380.29203690,0,2026-08-19 03:00:00+00:00
1787112000000,64330.7,64391.8,64293.43,64316.22,402.06932,1787115599999,25874122.96685750,36820,190.81226000,12278598.96003830,0,2026-08-19 04:00:00+00:00
1787115600000,64316.22,64409.93,64236.0,64236.01,258.31718,1787119199999,16619607.44597930,39791,103.37039000,6651121.43830100,0,2026-08-19 05:00:00+00:00
1787119200000,64236.01,64344.0,64166.0,64339.8,531.39508,1787122799999,34151339.39718540,60116,294.43973000,18922041.18997940,0,2026-08-19 06:00:00+00:00
1787122800000,64339.8,64395.78,64271.78,64296.0,630.66386,1787126399999,40576794.02784620,48190,348.62425000,22429447.19807710,0,2026-08-19 07:00:00+00:00
1787126400000,64296.01,64510.95,64255.0,64413.95,381.23164,1787129999999,24535506.80527360,49947,149.99439000,9656602.40914730,0,2026-08-19 08:00:00+00:00
1787130000000,64413.95,64470.66,64360.7,64427.06,228.1951,1787133599999,14697556.30413850,37034,104.20858000,6711485.78640280,0,2026-08-19 09:00:00+00:00
1787133600000,64427.07,64456.71,64373.24,64456.71,262.84871,1787137199999,16929996.00440500,27343,80.88625000,5209751.64496800,0,2026-08-19 10:00:00+00:00
1787137200000,64456.71,64539.05,64454.99,64515.63,286.02228,1787140799999,18448140.00601860,36462,149.21185000,9623766.18007180,0,2026-08-19 11:00:00+00:00
1787140800000,64515.62,64988.0,64474.86,64882.15,785.09851,1787144399999,50852075.42992140,116151,460.69216000,29834832.35518870,0,2026-08-19 12:00:00+00:00
1787144400000,64882.15,65217.86,64793.29,65012.12,1619.46727,1787147999999,105299099.62230000,246571,870.12193000,56584764.91500130,0,2026-08-19 13:00:00+00:00
1787148000000,65012.12,65970.0,65012.11,65923.21,2365.56793,1787151599999,154967720.43603700,301443,1347.50612000,88268633.39344720,0,2026-08-19 14:00:00+00:00
1787151600000,65923.21,69500.0,65892.0,68554.0,9262.86965,1787155199999,628407752.01287590,912256,5403.48536000,366517302.30386740,0,2026-08-19 15:00:00+00:00
1787155200000,68554.0,68997.0,68416.36,68465.27,2013.58518,1787158799999,138290006.61068790,293998,1091.87285000,74988989.17452680,0,2026-08-19 16:00:00+00:00
1787158800000,68465.26,68546.22,67825.03,68197.29,1708.46485,1787162399999,116455445.92209120,233345,827.32457000,56407870.36157910,0,2026-08-19 17:00:00+00:00
1787162400000,68197.3,68453.43,68042.0,68395.99,626.01288,1787165999999,42733132.00111380,158947,306.47650000,20921125.46613120,0,2026-08-19 18:00:00+00:00
1787166000000,68396.0,68483.52,68103.71,68429.44,730.52396,1787169599999,49910933.39343600,166995,374.32549000,25571161.22920360,0,2026-08-19 19:00:00+00:00
1787169600000,68429.44,69579.99,68390.0,69048.06,1419.23549,1787173199999,97892936.52619910,240223,760.74984000,52469215.14021340,0,2026-08-19 20:00:00+00:00
1787173200000,69048.06,70000.0,68984.78,69709.46,2102.52662,1787176799999,146332047.87586160,480774,1143.88502000,79648196.12834490,0,2026-08-19 21:00:00+00:00
1787176800000,69709.47,69833.99,68980.0,69258.9,1240.65644,1787180399999,86005605.75013740,246594,542.06606000,37576722.57755350,0,2026-08-19 22:00:00+00:00
1787180400000,69258.9,69453.88,69160.0,69334.79,830.81844,1787183999999,57589509.54617660,169267,400.51349000,27760529.33865910,0,2026-08-19 23:00:00+00:00
1787184000000,69334.78,69793.21,69314.01,69420.0,1392.50902,1787187599999,96866466.45398080,233807,832.55501000,57905527.83977810,0,2026-08-20 00:00:00+00:00
1787187600000,69420.0,69894.5,69283.25,69721.92,864.23959,1787191199999,60085856.08832390,166324,484.97145000,33718949.64093960,0,2026-08-20 01:00:00+00:00
1787191200000,69721.92,69824.0,69268.0,69301.27,929.59108,1787194799999,64652716.90641790,172766,403.14172000,28030612.93465470,0,2026-08-20 02:00:00+00:00
1787194800000,69301.27,69340.0,68902.22,69195.64,941.77624,1787198399999,65081589.92010690,179308,480.77265000,33224904.84408190,0,2026-08-20 03:00:00+00:00
1787198400000,69195.64,69599.01,69166.0,69492.01,712.36152,1787201999999,49401587.65957270,127113,404.43052000,28046319.18949010,0,2026-08-20 04:00:00+00:00
1787202000000,69492.0,69668.0,69349.16,69406.54,1261.47615,1787205599999,87669940.52414340,171545,485.51103000,33747030.91458340,0,2026-08-20 05:00:00+00:00
1787205600000,69406.53,69927.97,69336.97,69851.99,1346.47743,1787209199999,93621817.04422680,191879,600.01128000,41739262.94091150,0,2026-08-20 06:00:00+00:00
1787209200000,69851.99,70022.0,69506.91,69816.45,2107.14536,1787212799999,146891333.73183240,202651,966.79775000,67444176.58639600,0,2026-08-20 07:00:00+00:00
1787212800000,69816.45,71826.26,69772.36,71592.1,4173.84476,1787216399999,296911673.06659260,552363,2403.67496000,170897704.06336880,0,2026-08-20 08:00:00+00:00
1787216400000,71592.11,72067.46,71500.0,71789.97,3166.23325,1787219999999,227549216.28248130,352397,1656.88514000,119076411.72343250,0,2026-08-20 09:00:00+00:00
1787220000000,71789.97,72490.0,71686.58,71995.99,2350.9646,1787223599999,169321447.48884280,335431,1102.45826000,79429954.05043500,0,2026-08-20 10:00:00+00:00
1787223600000,71995.99,72322.0,71820.0,71927.07,1357.58479,1787227199999,97800539.67046730,291099,652.27144000,46985855.47715550,0,2026-08-20 11:00:00+00:00
1787227200000,71927.07,72015.42,71501.0,71952.04,1576.86402,1787230799999,113174119.99411040,318664,803.45966000,57678346.23929250,0,2026-08-20 12:00:00+00:00
1787230800000,71952.04,72108.8,71132.0,71691.99,2151.9086,1787234399999,154276127.43848190,445326,1203.61262000,86282659.62067230,0,2026-08-20 13:00:00+00:00
1787234400000,71692.0,71990.09,71364.01,71826.85,1441.04171,1787237999999,103275705.72833420,377125,716.31380000,51342363.57338810,0,2026-08-20 14:00:00+00:00
1787238000000,71826.85,72830.0,71789.01,72470.83,2926.7352,1787241599999,211659318.35789080,544525,1528.68679000,110559764.71057760,0,2026-08-20 15:00:00+00:00
1787241600000,72470.84,72905.0,72205.88,72837.15,1324.40386,1787245199999,96013122.58288150,300259,642.62938000,46596130.30815120,0,2026-08-20 16:00:00+00:00
1787245200000,72837.15,72966.0,72534.71,72737.5,1268.41951,1787248799999,92289080.41980500,265124,597.34794000,43462479.48067750,0,2026-08-20 17:00:00+00:00
1787248800000,72737.51,72810.0,72394.0,72431.36,968.00662,1787252399999,70245199.56161840,208116,404.23396000,29335672.62411400,0,2026-08-20 18:00:00+00:00
1787252400000,72431.35,72774.0,72330.0,72690.76,818.65084,1787255999999,59423050.36762850,177706,378.71128000,27489338.63120860,0,2026-08-20 19:00:00+00:00
1787256000000,72690.76,73110.7,72594.0,72671.75,871.61952,1787259599999,63461619.27481970,179194,429.06632000,31250586.33767830,0,2026-08-20 20:00:00+00:00
1787259600000,72671.76,72848.0,72557.0,72741.81,501.87504,1787263199999,36487574.44230010,116602,228.90547000,16644774.47602250,0,2026-08-20 21:00:00+00:00
1787263200000,72741.81,72878.0,72498.0,72676.22,520.26326,1787266799999,37818021.91821350,133840,230.20853000,16732838.14035570,0,2026-08-20 22:00:00+00:00
1787266800000,72676.23,73400.0,72664.56,73025.15,930.8009,1787270399999,68076582.68691050,205950,508.28437000,37175076.64378050,0,2026-08-20 23:00:00+00:00
1787270400000,73027.02,73990.0,73027.02,73708.02,1919.94005,1787273999999,141359048.81836060,415897,1079.36584000,79458102.60451450,0,2026-08-21 00:00:00+00:00
1787274000000,73707.82,75785.82,73668.0,75129.23,3173.32947,1787277599999,237448499.98108690,567499,1838.39576000,137535715.88559730,0,2026-08-21 01:00:00+00:00
1787277600000,75129.23,75197.08,74384.63,74439.74,1716.15486,1787281199999,128330588.29438130,372549,850.29649000,63590223.98728230,0,2026-08-21 02:00:00+00:00
1787281200000,74439.75,74882.24,74247.46,74510.77,1039.80072,1787284799999,77514842.41097000,226091,573.37944000,42745300.32252380,0,2026-08-21 03:00:00+00:00
1787284800000,74510.77,75054.46,74510.77,75026.0,825.51685,1787288399999,61831670.16035080,172179,473.02852000,35426252.30220290,0,2026-08-21 04:00:00+00:00
1787288400000,75026.0,75500.0,74918.79,75472.73,1138.68225,1787291999999,85706156.14338620,255057,624.07990000,46971731.23571000,0,2026-08-21 05:00:00+00:00
1787292000000,75472.73,75753.0,75104.0,75646.21,1382.10073,1787295599999,104284430.36882080,284122,824.57832000,62218240.86784340,0,2026-08-21 06:00:00+00:00
1787295600000,75646.2,76916.95,75620.0,76308.65,3775.56433,1787299199999,288359838.38397140,521797,1770.27766000,135166080.83284800,0,2026-08-21 07:00:00+00:00
1787299200000,76308.66,79500.0,76235.76,79258.03,4366.47306,1787302799999,339791607.43466670,663625,2435.79366000,189604972.72178540,0,2026-08-21 08:00:00+00:00
1787302800000,79258.02,79363.79,77251.0,77910.71,4167.07817,1787306399999,324751286.53562090,773764,1950.46557000,151988784.74581740,0,2026-08-21 09:00:00+00:00
1787306400000,77910.71,78250.0,77621.8,77810.02,1604.18384,1787309999999,124987199.51050980,346231,718.37167000,55969338.08320560,0,2026-08-21 10:00:00+00:00
1787310000000,77810.01,77855.78,76411.38,76722.32,2387.74046,1787313599999,184026154.16543100,497903,993.99957000,76627367.05768740,0,2026-08-21 11:00:00+00:00
1787313600000,76722.31,77477.24,76538.0,77223.66,2680.17653,1787317199999,206142613.74877730,426271,1410.19522000,108497336.38421530,0,2026-08-21 12:00:00+00:00
1787317200000,77223.66,77700.0,76243.04,77266.87,2022.51306,1787320799999,155827344.86248960,614968,992.85213000,76503454.07743370,0,2026-08-21 13:00:00+00:00
1787320800000,77266.88,77448.26,76552.74,77384.68,1855.76373,1787324399999,142941412.24584360,451822,935.55174000,72062404.79799170,0,2026-08-21 14:00:00+00:00
1787324400000,77384.69,77871.33,77170.0,77221.98,1316.36575,1787327999999,102078381.97148610,304276,622.78557000,48297263.93408600,0,2026-08-21 15:00:00+00:00
1787328000000,77221.98,77563.53,76784.81,77486.01,1368.21973,1787331599999,105683139.50944060,319757,825.87591000,63810535.23931550,0,2026-08-21 16:00:00+00:00
1787331600000,77486.01,77722.12,77189.95,77392.68,1099.33856,1787335199999,85187052.95041920,226156,642.51051000,49792590.99246120,0,2026-08-21 17:00:00+00:00
1787335200000,77392.69,77550.0,76643.72,77146.0,1247.39698,1787338799999,96232145.71262810,224946,648.62697000,50046382.39987830,0,2026-08-21 18:00:00+00:00
1787338800000,77145.99,77360.0,76856.2,77028.94,1151.33799,1787342399999,88812935.87332110,204987,602.74148000,46503095.41409830,0,2026-08-21 19:00:00+00:00
1787342400000,77028.94,77548.99,76863.56,77520.19,905.49008,1787345999999,70041077.51546690,211082,546.19964000,42254804.82665740,0,2026-08-21 20:00:00+00:00
1787346000000,77520.19,78675.1,77388.0,78505.15,1351.97974,1787349599999,105609427.34245270,340607,761.76604000,59489497.67359080,0,2026-08-21 21:00:00+00:00
1787349600000,78505.14,78760.68,78081.8,78460.14,1022.8221,1787353199999,80281726.11488030,291342,502.18726000,39423430.59112410,0,2026-08-21 22:00:00+00:00
1787353200000,78460.13,78720.0,78100.26,78338.03,821.59664,1787356799999,64444179.97859900,216016,410.55174000,32205819.35371300,0,2026-08-21 23:00:00+00:00
1787356800000,78338.03,78500.0,77683.37,77953.3,822.10615,1787360399999,64083796.01401280,287777,426.51762000,33245814.64801090,0,2026-08-22 00:00:00+00:00
1787360400000,77953.3,78234.0,77816.66,77830.01,612.96043,1787363999999,47828185.18547200,195187,298.96679000,23326014.21206790,0,2026-08-22 01:00:00+00:00
1787364000000,77830.01,78563.83,77791.19,78470.0,965.16893,1787367599999,75604220.83634090,196380,545.01711000,42693136.82230040,0,2026-08-22 02:00:00+00:00
1787367600000,78470.0,78828.15,78372.0,78410.98,734.8031,1787371199999,57752136.62961890,178441,385.37128000,30288056.28522750,0,2026-08-22 03:00:00+00:00
1787371200000,78410.98,78818.0,78207.61,78470.0,738.35305,1787374799999,57978509.70108190,200119,367.96776000,28895022.89769340,0,2026-08-22 04:00:00+00:00
1787374800000,78470.0,78584.0,76500.0,77380.75,3816.352,1787378399999,294638146.67680210,546223,1747.60636000,134894095.64505180,0,2026-08-22 05:00:00+00:00
1787378400000,77380.75,77572.16,76985.14,77486.09,838.31259,1787381999999,64819334.50038530,177941,447.16988000,34577996.40096340,0,2026-08-22 06:00:00+00:00
1787382000000,77486.09,77669.28,77220.0,77289.18,634.34953,1787385599999,49114237.03461760,181595,326.26264000,25262962.64390600,0,2026-08-22 07:00:00+00:00
1787385600000,77289.18,77445.6,77037.42,77210.55,870.47609,1787389199999,67219390.65036470,173301,484.41449000,37410873.96155470,0,2026-08-22 08:00:00+00:00
1787389200000,77210.55,77395.04,76851.25,77061.99,1089.30988,1787392799999,84063258.84875140,198606,679.30108000,52433203.21143130,0,2026-08-22 09:00:00+00:00
1787392800000,77062.0,77187.46,76533.87,76976.0,1058.83574,1787396399999,81389927.23272800,237123,496.38726000,38155416.27555850,0,2026-08-22 10:00:00+00:00
1787396400000,76976.01,77204.68,76772.05,77130.02,729.38003,1787399999999,56166000.72126250,160718,401.78416000,30938431.61695850,0,2026-08-22 11:00:00+00:00
1787400000000,77130.01,77387.99,77073.86,77300.27,529.84412,1787403599999,40946898.36059330,126274,259.94973000,20084676.93361590,0,2026-08-22 12:00:00+00:00
1787403600000,77300.27,77362.03,77116.0,77288.62,471.5874,1787407199999,36409464.20011310,85644,258.95527000,19994513.33362290,0,2026-08-22 13:00:00+00:00
1787407200000,77288.62,77305.14,76930.0,77003.62,534.05012,1787410799999,41146872.17219560,130334,242.94460000,18717114.55491650,0,2026-08-22 14:00:00+00:00
1787410800000,77003.62,77100.77,76880.0,76978.83,465.28762,1787414399999,35828797.87568540,115065,197.00506000,15170343.10993480,0,2026-08-22 15:00:00+00:00
1787414400000,76978.83,77547.96,76956.36,77288.01,537.52059,1787417999999,41516776.11889960,124396,278.30595000,21496944.14301350,0,2026-08-22 16:00:00+00:00
1787418000000,77288.01,77369.99,77066.66,77278.01,367.89271,1787421599999,28421643.18565800,95143,212.24407000,16397863.66860230,0,2026-08-22 17:00:00+00:00
1787421600000,77278.01,77360.92,77138.0,77257.86,246.33381,1787425199999,19033031.34917800,73576,118.16695000,9129848.45871350,0,2026-08-22 18:00:00+00:00
1787425200000,77257.87,77469.64,77206.53,77418.25,260.41653,1787428799999,20138677.40214090,60303,172.53794000,13342530.75829070,0,2026-08-22 19:00:00+00:00
1787428800000,77418.26,77467.53,77258.0,77311.69,351.69043,1787432399999,27205439.93580580,72436,188.96911000,14617541.47104780,0,2026-08-22 20:00:00+00:00
1787432400000,77311.69,77311.69,76828.78,76856.01,472.54194,1787435999999,36402789.75884240,137618,189.00190000,14561098.44295530,0,2026-08-22 21:00:00+00:00
1787436000000,76856.0,77155.46,76772.0,76997.76,933.98314,1787439599999,71949835.73269770,131298,523.92600000,40354766.84596190,0,2026-08-22 22:00:00+00:00
1787439600000,76997.77,77126.53,76900.0,77074.93,442.95254,1787443199999,34111018.47399020,64547,164.41925000,12662293.95769710,0,2026-08-22 23:00:00+00:00
1787443200000,77074.94,77359.53,77042.91,77302.65,422.64795,1787446799999,32648849.51275810,109912,266.03595000,20553209.54914010,0,2026-08-23 00:00:00+00:00
1787446800000,77302.65,77400.0,77158.0,77190.29,315.9346,1787450399999,24407493.72113640,99628,162.23708000,12533997.79553120,0,2026-08-23 01:00:00+00:00
1787450400000,77190.29,77232.55,77005.88,77079.46,272.44621,1787453999999,21013707.28421280,94964,146.13855000,11271373.54836120,0,2026-08-23 02:00:00+00:00
1787454000000,77079.46,77136.78,76837.0,76927.87,542.03792,1787457599999,41725684.50745810,99139,261.51914000,20129094.48051610,0,2026-08-23 03:00:00+00:00
1787457600000,76927.87,77036.58,76477.04,76602.0,1142.31377,1787461199999,87705035.76754360,197382,590.19243000,45325643.73576790,0,2026-08-23 04:00:00+00:00
1787461200000,76602.0,76730.99,75545.67,76053.37,2021.52468,1787464799999,153929395.15986810,376404,923.02334000,70296564.20476960,0,2026-08-23 05:00:00+00:00
1787464800000,76053.38,76357.51,75872.89,76096.95,788.44492,1787468399999,60039394.73529280,186071,391.38029000,29805752.35932290,0,2026-08-23 06:00:00+00:00
1787468400000,76096.96,76345.31,75907.82,76007.13,498.42122,1787471999999,37946853.37632940,113634,266.86174000,20318954.75273830,0,2026-08-23 07:00:00+00:00
1787472000000,76007.12,76654.78,75952.09,76486.49,773.49224,1787475599999,59004835.69601490,128052,423.71781000,32322589.62395230,0,2026-08-23 08:00:00+00:00
1787475600000,76486.49,76640.21,76467.0,76549.98,346.37256,1787479199999,26517357.78421670,92750,201.40871000,15419487.91801240,0,2026-08-23 09:00:00+00:00
1787479200000,76549.99,76924.29,76542.0,76790.35,533.71157,1787482799999,40970225.80233980,133177,317.02425000,24333484.32357520,0,2026-08-23 10:00:00+00:00
1787482800000,76790.35,77400.0,76744.94,77311.02,784.82342,1787486399999,60567967.17207120,193660,470.99708000,36349813.22362360,0,2026-08-23 11:00:00+00:00
1787486400000,77311.02,77311.99,76975.63,77206.0,446.59889,1787489999999,34433933.79591750,91798,185.47516000,14304715.70039490,0,2026-08-23 12:00:00+00:00
1787490000000,77206.01,77765.8,77192.21,77487.62,955.92825,1787493599999,74074515.53818560,191113,582.43543000,45130581.11100500,0,2026-08-23 13:00:00+00:00
1787493600000,77487.62,77640.58,76802.0,77186.0,1015.68445,1787497199999,78472584.59962130,236133,507.38808000,39206924.14964580,0,2026-08-23 14:00:00+00:00
1787497200000,77186.0,77336.93,76913.49,77156.13,562.15936,1787500799999,43388526.11753790,159001,311.75623000,24068645.05945900,0,2026-08-23 15:00:00+00:00
1787500800000,77156.14,77475.0,77156.13,77429.88,303.2396,1787504399999,23451198.77897730,101127,177.58749000,13734486.91924910,0,2026-08-23 16:00:00+00:00
1787504400000,77429.87,77443.95,77148.2,77176.41,396.15987,1787507999999,30608324.76516870,104111,178.30146000,13776382.43272670,0,2026-08-23 17:00:00+00:00
1787508000000,77176.41,77415.33,77116.0,77341.98,670.17194,1787511599999,51790230.69387790,123034,457.60025000,35364508.32125020,0,2026-08-23 18:00:00+00:00
1787511600000,77341.99,77487.04,77255.99,77346.01,294.93858,1787515199999,22813128.50596210,77409,130.01534000,10058035.84816280,0,2026-08-23 19:00:00+00:00
1787515200000,77346.0,77460.0,77200.03,77401.6,169.97755,1787518799999,13147091.81136940,60051,101.79594000,7873389.28003130,0,2026-08-23 20:00:00+00:00
1787518800000,77401.59,78052.85,77401.59,77833.23,861.63202,1787522399999,67044331.29506780,249568,535.79479000,41693590.93777740,0,2026-08-23 21:00:00+00:00
1787522400000,77833.23,77979.0,77560.02,77598.88,587.36494,1787525999999,45636593.32232180,218333,293.55114000,22808227.12814840,0,2026-08-23 22:00:00+00:00
1787526000000,77598.87,77829.7,77290.22,77734.0,661.20534,1787529599999,51291016.31618370,191378,325.11263000,25222505.83259010,0,2026-08-23 23:00:00+00:00
1787529600000,77734.0,77742.0,77142.85,77679.5,630.62998,1787533199999,48851129.87958720,225504,333.16580000,25809376.42133860,0,2026-08-24 00:00:00+00:00
1787533200000,77679.51,77717.28,76918.0,76922.1,853.47221,1787536799999,65959784.11601320,241642,312.89265000,24181507.59002300,0,2026-08-24 01:00:00+00:00
1787536800000,76922.11,77545.08,76883.61,77478.69,732.4439,1787540399999,56619184.62629440,223553,438.45438000,33895722.75405650,0,2026-08-24 02:00:00+00:00
1787540400000,77478.7,77532.37,76933.0,76933.02,1447.49069,1787543999999,111687368.80010790,189531,384.36723000,29655288.84780280,0,2026-08-24 03:00:00+00:00
1787544000000,76933.02,77247.12,76670.01,76897.44,1191.36747,1787547599999,91739705.75586090,172199,467.63851000,36002387.04042830,0,2026-08-24 04:00:00+00:00
1787547600000,76897.44,77226.93,76842.72,77149.4,884.51745,1787551199999,68147832.11026980,188711,450.16346000,34683316.28399060,0,2026-08-24 05:00:00+00:00
1787551200000,77149.39,77525.09,77071.0,77464.33,745.9839,1787554799999,57682422.63992000,166666,507.36653000,39234960.58527760,0,2026-08-24 06:00:00+00:00
1787554800000,77464.33,77790.19,77281.68,77307.15,681.33125,1787558399999,52810659.34150800,159221,353.54854000,27408924.78823150,0,2026-08-24 07:00:00+00:00
1787558400000,77307.14,77414.88,76838.0,77041.47,921.46444,1787561999999,71034785.68318450,157690,414.97625000,31988943.70191770,0,2026-08-24 08:00:00+00:00
1787562000000,77041.46,77602.8,77028.0,77554.08,523.00977,1787565599999,40466601.67712200,124679,322.92403000,24985337.98240620,0,2026-08-24 09:00:00+00:00
1787565600000,77554.08,78017.0,77534.09,77617.22,1113.08488,1787569199999,86588346.71957080,186426,606.09738000,47158014.36375040,0,2026-08-24 10:00:00+00:00
1787569200000,77617.23,78600.0,77450.0,78443.65,1324.46087,1787572799999,103547367.58827210,308662,783.69019000,61265896.02067870,0,2026-08-24 11:00:00+00:00
1787572800000,78443.65,79326.48,77982.0,79159.99,1858.84351,1787576399999,146260745.19752640,401178,1098.44274000,86428936.88078400,0,2026-08-24 12:00:00+00:00
1787576400000,79159.98,79450.0,77851.9,78597.99,3300.58408,1787579999999,260022026.45445140,652189,1665.02126000,131209328.09147390,0,2026-08-24 13:00:00+00:00
1787580000000,78597.99,79841.12,78597.99,79510.92,3230.14333,1787583599999,256271068.18944720,660428,1922.43212000,152517293.64410130,0,2026-08-24 14:00:00+00:00
1787583600000,79510.93,80000.0,78824.78,79100.01,3666.17565,1787587199999,291552107.89687780,542942,1444.31918000,114975269.43636740,0,2026-08-24 15:00:00+00:00
1787587200000,79100.01,79877.87,78901.1,79047.6,1877.28842,1787590799999,148990985.61991410,386751,859.24788000,68226001.53328130,0,2026-08-24 16:00:00+00:00
1787590800000,79047.61,79198.0,78468.61,78761.14,1637.93002,1787594399999,129039279.49592250,420980,684.65106000,53929072.77119600,0,2026-08-24 17:00:00+00:00
1787594400000,78761.14,79084.22,78718.01,78928.35,783.83103,1787597999999,61876885.37015770,259731,462.57237000,36517349.59255890,0,2026-08-24 18:00:00+00:00
1787598000000,78928.35,79118.42,78600.0,78758.0,1063.06502,1787601599999,83800960.75109370,221601,598.20032000,47150330.62047330,0,2026-08-24 19:00:00+00:00
1787601600000,78757.99,78996.0,78560.0,78932.33,421.20967,1787605199999,33179294.04727090,141274,226.26505000,17823622.43243480,0,2026-08-24 20:00:00+00:00
1787605200000,78932.33,79049.4,78853.43,78984.23,302.47665,1787608799999,23886504.48474710,78351,136.18181000,10753743.56387310,0,2026-08-24 21:00:00+00:00
1787608800000,78984.23,78988.0,78692.0,78740.0,351.77026,1787612399999,27731006.41361950,105796,197.94530000,15603031.22569340,0,2026-08-24 22:00:00+00:00
1787612400000,78740.0,79017.76,78622.13,78992.75,636.71946,1787615999999,50214791.44410990,118704,363.43144000,28672421.71058430,0,2026-08-24 23:00:00+00:00
1787616000000,78992.76,79888.0,78715.63,79739.99,1133.49463,1787619599999,89834223.99555700,371759,634.04468000,50256706.94743710,0,2026-08-25 00:00:00+00:00
1787619600000,79739.99,79985.41,79478.0,79828.0,1067.23419,1787623199999,85119607.86009860,321899,534.96141000,42668581.97123830,0,2026-08-25 01:00:00+00:00
1787623200000,79828.0,81272.62,79742.0,80649.63,3314.90532,1787626799999,267330675.45005550,556413,1931.55262000,155738720.88457870,0,2026-08-25 02:00:00+00:00
1787626800000,80649.62,80956.0,80314.31,80488.01,1359.49076,1787630399999,109715709.77799980,317743,626.35235000,50548551.90213370,0,2026-08-25 03:00:00+00:00
1787630400000,80488.01,80608.0,80150.0,80363.73,898.81211,1787633999999,72209008.32929840,245577,477.44393000,38353726.13143950,0,2026-08-25 04:00:00+00:00
1787634000000,80363.74,80821.53,80322.0,80731.9,994.03992,1787637599999,80160737.17696190,213246,560.11103000,45163365.29345810,0,2026-08-25 05:00:00+00:00
1787637600000,80731.9,80923.69,80420.0,80574.09,745.39881,1787641199999,60146317.50931450,173092,424.14008000,34223890.79992910,0,2026-08-25 06:00:00+00:00
1787641200000,80574.09,80819.67,79369.17,79705.79,1307.68383,1787644799999,104800865.57561740,228617,599.58852000,48070969.73278220,0,2026-08-25 07:00:00+00:00
1787644800000,79705.79,80249.0,79622.0,79930.77,788.31559,1787648399999,63045654.98918400,210953,418.81942000,33494972.50143400,0,2026-08-25 08:00:00+00:00
1787648400000,79930.76,79958.0,78888.0,79187.2,1475.2851,1787651999999,117334438.34976550,296448,608.55281000,48390639.70297190,0,2026-08-25 09:00:00+00:00
1787652000000,79187.2,79484.01,78992.0,79309.63,836.94668,1787655599999,66363504.44540180,211282,368.18052000,29190950.63428080,0,2026-08-25 10:00:00+00:00
1787655600000,79309.63,79463.59,79044.18,79117.99,617.29432,1787659199999,48904938.35192710,202400,329.25635000,26085170.63076400,0,2026-08-25 11:00:00+00:00
1787659200000,79118.0,79171.88,78640.0,78980.0,1007.3407,1787662799999,79480933.32968000,334380,419.82325000,33129946.69833240,0,2026-08-25 12:00:00+00:00
1787662800000,78980.01,79222.0,78120.74,78647.99,1734.1222,1787666399999,136508936.07128110,474098,773.98228000,60969826.54439130,0,2026-08-25 13:00:00+00:00
1787666400000,78648.0,79386.94,78531.55,79235.99,1216.06528,1787669999999,96163900.53130910,416847,660.39149000,52220819.05832300,0,2026-08-25 14:00:00+00:00
1787670000000,79236.0,79527.09,79020.04,79502.01,794.08262,1787673599999,62969457.12348390,258208,468.63248000,37165066.85933300,0,2026-08-25 15:00:00+00:00
1787673600000,79502.01,79563.71,79067.72,79156.02,676.1787,1787677199999,53614531.39603040,190786,324.24113000,25702490.72374330,0,2026-08-25 16:00:00+00:00
1787677200000,79156.02,79256.08,78752.06,79240.01,747.28203,1787680799999,59056059.93229550,184548,468.72945000,37045497.46148240,0,2026-08-25 17:00:00+00:00
1787680800000,79240.02,79380.0,79048.44,79128.0,469.50082,1787684399999,37196535.51838130,120528,271.62983000,21519192.25955050,0,2026-08-25 18:00:00+00:00
1787684400000,79128.01,79233.57,78728.35,78925.95,702.86873,1787687999999,55501396.25359980,153843,364.96246000,28820652.09051660,0,2026-08-25 19:00:00+00:00
1787688000000,78925.96,78976.0,78165.27,78206.13,777.55096,1787691599999,61060251.73305360,249022,282.80558000,22216259.45777600,0,2026-08-25 20:00:00+00:00
1787691600000,78206.14,78664.0,77851.0,78570.0,840.88883,1787695199999,65807214.85889790,282674,335.00073000,26225995.28517900,0,2026-08-25 21:00:00+00:00
1787695200000,78569.99,79000.0,78569.99,78889.51,577.33833,1787698799999,45504667.95856910,165429,357.70407000,28194228.27141620,0,2026-08-25 22:00:00+00:00
1787698800000,78889.51,78977.49,78396.88,78539.14,690.39348,1787702399999,54340963.75683440,180410,392.52607000,30897953.01220360,0,2026-08-25 23:00:00+00:00
1787702400000,78539.13,78721.48,78312.0,78631.79,680.65038,1787705999999,53433045.14242830,247766,385.57778000,30272844.37210490,0,2026-08-26 00:00:00+00:00
1787706000000,78631.7,78960.0,78607.29,78815.13,572.39774,1787709599999,45105670.92767200,168124,323.18718000,25466522.14677390,0,2026-08-26 01:00:00+00:00
1787709600000,78815.13,79251.6,78748.56,79108.0,505.52805,1787713199999,39959522.95855480,155111,317.81514000,25121403.20281060,0,2026-08-26 02:00:00+00:00
1787713200000,79108.01,79184.0,78900.0,79088.62,453.50631,1787716799999,35851259.52598660,104987,283.03897000,22376688.72719780,0,2026-08-26 03:00:00+00:00
1787716800000,79088.61,79200.0,78790.68,78826.0,482.93427,1787720399999,38153194.82504600,139395,248.38790000,19624690.70822130,0,2026-08-26 04:00:00+00:00
1787720400000,78826.0,79143.62,78638.0,79085.98,515.23689,1787723999999,40669940.92662820,159065,316.28243000,24964998.57864320,0,2026-08-26 05:00:00+00:00
1787724000000,79085.98,79206.0,78816.0,78947.92,459.3577,1787727599999,36276505.28110820,138853,239.46062000,18912675.83269560,0,2026-08-26 06:00:00+00:00
1787727600000,78947.92,79096.0,78867.0,78925.56,516.24118,1787731199999,40773752.54700630,133538,276.51082000,21838634.32908860,0,2026-08-26 07:00:00+00:00
1787731200000,78925.57,79119.37,78600.0,78707.59,995.42693,1787734799999,78538158.49629050,176225,282.74175000,22314411.65179100,0,2026-08-26 08:00:00+00:00
1787734800000,78707.59,78877.02,78244.83,78444.49,553.36821,1787738399999,43450154.39908950,186883,235.00152000,18458064.62909920,0,2026-08-26 09:00:00+00:00
1787738400000,78444.5,78879.75,78291.09,78727.45,367.28381,1787741999999,28870549.80512150,151535,194.83731000,15317196.56673460,0,2026-08-26 10:00:00+00:00
1787742000000,78727.46,78782.0,78317.0,78487.26,413.44093,1787745599999,32467808.90189650,144198,199.88935000,15698362.52092860,0,2026-08-26 11:00:00+00:00
1787745600000,78487.26,78713.79,77918.25,78319.59,1022.94925,1787749199999,80126099.04539540,270220,470.75449000,36882408.72799080,0,2026-08-26 12:00:00+00:00
1787749200000,78319.58,78554.0,77913.19,78448.66,943.22287,1787752799999,73800842.86678470,360394,436.08626000,34128227.87678570,0,2026-08-26 13:00:00+00:00
1787752800000,78448.66,78603.41,77774.0,77790.48,1051.14695,1787756399999,82136106.34568080,320531,433.93689000,33936808.73470810,0,2026-08-26 14:00:00+00:00
1787756400000,77790.48,78167.26,77632.58,78011.65,712.24119,1787759999999,55494172.86184620,238396,356.94528000,27814682.81531690,0,2026-08-26 15:00:00+00:00
1787760000000,78011.64,78161.73,77858.0,77991.3,600.54786,1787763599999,46858312.94868440,165923,316.08281000,24663148.29454790,0,2026-08-26 16:00:00+00:00
1787763600000,77991.29,78603.0,77991.29,78442.83,585.12324,1787767199999,45853184.71505910,162916,308.18009000,24150473.89981360,0,2026-08-26 17:00:00+00:00
1787767200000,78442.84,78650.26,78280.01,78472.41,337.24489,1787770799999,26466240.38994500,124570,164.82939000,12935120.72712040,0,2026-08-26 18:00:00+00:00
1787770800000,78472.41,78572.0,78292.0,78475.49,466.85134,1787774399999,36621232.70974780,109473,267.17741000,20958730.89997000,0,2026-08-26 19:00:00+00:00
1787774400000,78475.49,78521.7,78200.0,78452.04,322.22426,1787777999999,25261198.99818860,97769,179.41229000,14065252.90395940,0,2026-08-26 20:00:00+00:00
1787778000000,78452.04,78845.06,78392.19,78724.01,428.48439,1787781599999,33716144.94521410,162670,236.11500000,18579053.52676490,0,2026-08-26 21:00:00+00:00
1787781600000,78724.0,78975.85,78554.0,78700.0,931.26213,1787785199999,73316447.17942330,177288,450.85342000,35488170.73005850,0,2026-08-26 22:00:00+00:00
1787785200000,78700.0,79174.12,78654.0,79023.75,697.0881,1787788799999,55036509.13644070,188697,376.16814000,29697911.69642440,0,2026-08-26 23:00:00+00:00
1787788800000,79023.75,79028.49,78690.01,78690.01,527.82725,1787792399999,41623333.18002610,143223,276.48523000,21801237.79135220,0,2026-08-27 00:00:00+00:00
1787792400000,78690.02,79017.99,78546.13,78898.67,520.71745,1787795999999,41009933.21967800,177349,195.56998000,15407765.52584810,0,2026-08-27 01:00:00+00:00
1787796000000,78898.68,78978.0,78704.62,78717.76,429.02181,1787799599999,33792927.42215540,112974,103.79050000,8178870.01780970,0,2026-08-27 02:00:00+00:00
1787799600000,78717.76,78990.0,78643.23,78830.68,357.29079,1787803199999,28153241.93222890,117813,138.06770000,10882914.19546790,0,2026-08-27 03:00:00+00:00
1787803200000,78830.68,78900.0,78684.18,78783.99,181.61392,1787806799999,14309854.18601290,91731,77.98245000,6143894.63662980,0,2026-08-27 04:00:00+00:00
1787806800000,78783.99,78928.0,78600.0,78912.55,297.32854,1787810399999,23409213.46600110,92406,109.84490000,8650138.40370370,0,2026-08-27 05:00:00+00:00
1787810400000,78912.54,78912.55,78604.78,78817.49,399.15003,1787813999999,31421828.55595510,109896,180.91549000,14240468.53141120,0,2026-08-27 06:00:00+00:00
1787814000000,78817.5,79095.99,78754.0,79082.17,345.94116,1787817599999,27291199.06949680,90907,157.59858000,12433665.03650960,0,2026-08-27 07:00:00+00:00
1787817600000,79082.18,80022.0,79048.0,79755.99,1705.62217,1787821199999,135896227.12694690,358346,884.24818000,70443267.40447350,0,2026-08-27 08:00:00+00:00
1787821200000,79756.0,80520.0,79683.09,79986.0,1131.87984,1787824799999,90693075.61644780,309104,505.85634000,40543886.91918420,0,2026-08-27 09:00:00+00:00
1787824800000,79986.0,80158.15,79342.0,79626.0,684.67175,1787828399999,54584954.74927950,257610,278.50705000,22203660.06607310,0,2026-08-27 10:00:00+00:00
1787828400000,79625.99,79766.3,79172.65,79477.67,621.11446,1787831999999,49375138.51877340,199214,282.55080000,22466242.47722530,0,2026-08-27 11:00:00+00:00
1787832000000,79477.66,79596.0,79266.0,79282.31,505.96518,1787835599999,40179728.20554490,207952,227.37949000,18056048.83722800,0,2026-08-27 12:00:00+00:00
1787835600000,79282.31,79568.0,78920.0,79533.15,1143.32188,1787839199999,90621849.96471690,417403,481.10835000,38135157.90448120,0,2026-08-27 13:00:00+00:00
1787839200000,79533.16,80388.0,79354.47,80204.05,1464.1918,1787842799999,116997231.83600180,506222,702.27287000,56111672.55379560,0,2026-08-27 14:00:00+00:00
1787842800000,80204.06,80799.91,80094.0,80302.32,1415.34964,1787846399999,113895603.24422650,465136,684.40660000,55076996.50519750,0,2026-08-27 15:00:00+00:00
1787846400000,80302.32,80624.0,80189.39,80374.0,957.98058,1787849999999,77046613.19014410,300825,396.09147000,31856748.84683170,0,2026-08-27 16:00:00+00:00
1787850000000,80374.0,80848.74,80230.0,80442.46,973.76075,1787853599999,78514145.61448350,266455,428.78850000,34574472.33136900,0,2026-08-27 17:00:00+00:00
1787853600000,80442.47,80442.47,79749.7,80150.69,662.82544,1787857199999,53060183.70334120,190313,294.95062000,23608285.77422000,0,2026-08-27 18:00:00+00:00
1787857200000,80150.69,80294.11,79886.0,79910.19,514.60852,1787860799999,41211931.81476420,116971,237.64322000,19031852.07945360,0,2026-08-27 19:00:00+00:00
1787860800000,79910.19,80120.0,79882.86,80096.0,282.87253,1787864399999,22629535.23811220,98189,141.90755000,11352149.07461970,0,2026-08-27 20:00:00+00:00
1787864400000,80096.0,80184.0,79975.74,80184.0,278.41542,1787867999999,22293872.90344220,85989,112.14464000,8979664.24272400,0,2026-08-27 21:00:00+00:00
1787868000000,80184.0,80432.36,80150.0,80303.21,534.24073,1787871599999,42882233.16783860,113662,283.61881000,22764257.91397200,0,2026-08-27 22:00:00+00:00
1787871600000,80303.21,80393.6,80134.0,80249.58,329.82531,1787875199999,26476519.54786060,102595,176.77115000,14190761.69571370,0,2026-08-27 23:00:00+00:00
1787875200000,80249.59,80705.37,80153.99,80576.0,516.59696,1787878799999,41529124.04291740,158955,292.40267000,23506213.92972830,0,2026-08-28 00:00:00+00:00
1787878800000,80575.99,81478.87,80434.15,80500.38,1463.05089,1787882399999,118472216.99555370,336893,822.76071000,66629305.54164200,0,2026-08-28 01:00:00+00:00
1787882400000,80500.38,80500.38,79723.02,79926.11,1190.20509,1787885999999,95301649.77336790,283107,511.68045000,40963491.42897710,0,2026-08-28 02:00:00+00:00
1787886000000,79926.11,80060.01,79775.61,79810.49,530.69453,1787889599999,42406424.15911130,135164,252.16982000,20146775.92669340,0,2026-08-28 03:00:00+00:00
1787889600000,79810.48,79970.5,79603.81,79643.81,562.86792,1787893199999,44900561.01726190,130968,316.49923000,25252227.55382960,0,2026-08-28 04:00:00+00:00
1787893200000,79643.8,79872.6,79558.11,79686.0,326.58104,1787896799999,26025090.22424000,109319,156.91806000,12506675.98672740,0,2026-08-28 05:00:00+00:00
1787896800000,79686.0,79999.0,79685.99,79904.21,359.1323,1787900399999,28686566.82322170,137101,187.59997000,14985274.86818560,0,2026-08-28 06:00:00+00:00
1787900400000,79904.21,79904.21,79573.36,79660.0,1018.10642,1787903999999,81126215.95375840,143015,241.25446000,19221637.91318660,0,2026-08-28 07:00:00+00:00
1787904000000,79660.0,79840.0,79480.0,79516.78,526.20796,1787907599999,41943337.23684060,119763,235.72110000,18796904.47314880,0,2026-08-28 08:00:00+00:00
1787907600000,79516.77,79516.78,79259.43,79285.19,541.74443,1787911199999,42996339.98905820,124282,283.24118000,22482369.79489230,0,2026-08-28 09:00:00+00:00
1787911200000,79285.19,79571.99,79001.01,79565.89,548.77151,1787914799999,43482645.18317920,129610,278.04255000,22037183.19155820,0,2026-08-28 10:00:00+00:00
1787914800000,79565.9,79770.29,79555.22,79604.13,394.07937,1787918399999,31391715.12908310,96837,163.12457000,12994111.82705740,0,2026-08-28 11:00:00+00:00
1787918400000,79604.12,79727.36,79306.11,79421.05,400.05317,1787921999999,31801379.67835110,113842,172.31828000,13699285.03758190,0,2026-08-28 12:00:00+00:00
1787922000000,79421.04,79635.01,79034.56,79330.75,843.2247,1787925599999,66877783.00563640,217173,461.17816000,36584174.98766420,0,2026-08-28 13:00:00+00:00
1787925600000,79330.34,79706.64,78423.03,79542.44,2930.13002,1787929199999,231632508.58844940,630673,1392.18807000,110138064.12872390,0,2026-08-28 14:00:00+00:00
1787929200000,79542.44,79838.73,78312.64,78331.13,1255.01594,1787932799999,99196388.19583600,307203,600.03940000,47463476.22787410,0,2026-08-28 15:00:00+00:00
1787932800000,78331.13,78404.0,76888.0,77788.46,2955.61638,1787936399999,229617149.19475900,661307,1335.49859000,103754417.62151490,0,2026-08-28 16:00:00+00:00
1787936400000,77788.45,78131.86,77642.78,77904.0,722.76014,1787939999999,56273827.73368490,254944,352.46987000,27444898.77299000,0,2026-08-28 17:00:00+00:00
1787940000000,77904.0,77935.5,77270.0,77554.0,575.36359,1787943599999,44617320.71908010,186420,238.76721000,18513797.93812510,0,2026-08-28 18:00:00+00:00
1787943600000,77554.0,77797.35,77376.0,77580.03,501.052,1787947199999,38888067.86339880,167896,240.59738000,18677052.28513620,0,2026-08-28 19:00:00+00:00
1787947200000,77580.03,77609.83,77310.24,77407.34,264.10726,1787950799999,20461720.35606320,119611,118.59606000,9188001.15992750,0,2026-08-28 20:00:00+00:00
1787950800000,77407.34,77537.33,77255.69,77364.0,392.38715,1787954399999,30371849.83812040,98500,169.82544000,13145027.83248770,0,2026-08-28 21:00:00+00:00
1787954400000,77364.0,77773.2,77342.0,77758.69,339.14252,1787957999999,26322577.53800410,96411,213.33791000,16562424.26802790,0,2026-08-28 22:00:00+00:00
1787958000000,77758.69,77846.72,77640.74,77845.87,599.54517,1787961599999,46605143.03996380,63163,264.17857000,20535646.60537620,0,2026-08-28 23:00:00+00:00
1787961600000,77845.88,77963.92,77722.0,77733.63,321.80979,1787965199999,25044555.32118720,83797,164.85814000,12830962.70365920,0,2026-08-29 00:00:00+00:00
1787965200000,77733.63,77849.29,77631.28,77794.11,235.06968,1787968799999,18275809.99433950,70824,110.79332000,8615791.64366900,0,2026-08-29 01:00:00+00:00
1787968800000,77794.11,77829.72,77584.53,77671.18,367.62079,1787972399999,28549355.99818190,82768,169.09058000,13130834.64998730,0,2026-08-29 02:00:00+00:00
1787972400000,77671.18,77731.43,77507.16,77507.17,238.89187,1787975999999,18548329.04971460,92320,103.55766000,8041283.02174320,0,2026-08-29 03:00:00+00:00
1787976000000,77507.17,77678.67,77507.17,77648.91,229.90598,1787979599999,17844069.27695070,71140,104.75521000,8130037.17374770,0,2026-08-29 04:00:00+00:00
1787979600000,77648.91,77716.12,77604.06,77632.53,195.32253,1787983199999,15170676.33418250,55572,107.49272000,8349195.48523510,0,2026-08-29 05:00:00+00:00
1787983200000,77632.52,77632.53,77382.37,77466.82,305.02922,1787986799999,23629366.16818880,58379,137.15400000,10624122.54225080,0,2026-08-29 06:00:00+00:00
1787986800000,77466.83,77672.0,77438.01,77626.01,933.89852,1787990399999,72475362.68520920,95716,477.76825000,37075780.00096670,0,2026-08-29 07:00:00+00:00
1787990400000,77626.01,77634.0,77487.73,77633.99,281.67849,1787993999999,21845925.09651080,56485,159.14473000,12341644.59284480,0,2026-08-29 08:00:00+00:00
1787994000000,77634.0,77754.23,77566.01,77650.03,212.52791,1787997599999,16503770.40741240,45036,95.02491000,7379302.54772980,0,2026-08-29 09:00:00+00:00
1787997600000,77650.02,77732.0,77526.0,77635.17,228.16206,1788001199999,17717885.83767370,48040,126.04868000,9787566.32422980,0,2026-08-29 10:00:00+00:00
1788001200000,77635.17,77724.99,77573.32,77584.67,269.60514,1788004799999,20930580.78219910,42626,153.61847000,11924501.96523460,0,2026-08-29 11:00:00+00:00
1788004800000,77584.66,77657.99,77506.63,77583.74,316.37633,1788008399999,24546251.43508710,46809,215.65037000,16731797.43185360,0,2026-08-29 12:00:00+00:00
1788008400000,77583.74,77722.0,77559.45,77704.32,195.58499,1788011999999,15189189.76060760,46094,73.43337000,5702638.64679980,0,2026-08-29 13:00:00+00:00
1788012000000,77704.32,78150.0,77663.83,78014.37,456.42164,1788015599999,35546019.56515390,101035,287.76562000,22415388.08423100,0,2026-08-29 14:00:00+00:00
1788015600000,78014.37,78014.37,77806.9,77865.36,314.87544,1788019199999,24531865.22774340,82597,169.03662000,13168684.17951230,0,2026-08-29 15:00:00+00:00
1788019200000,77865.36,78130.43,77858.29,78027.17,330.48346,1788022799999,25775696.51150500,90610,159.61053000,12448656.60844750,0,2026-08-29 16:00:00+00:00
1788022800000,78027.17,78100.0,77896.0,78100.0,210.10626,1788026399999,16393221.33077770,64164,108.48902000,8465319.54495700,0,2026-08-29 17:00:00+00:00
1788026400000,78099.99,78250.0,78018.02,78158.01,252.93546,1788029999999,19762803.41666170,63302,142.19542000,11109841.21225220,0,2026-08-29 18:00:00+00:00
1788030000000,78158.01,78330.0,78138.87,78182.0,231.34566,1788033599999,18101311.56534730,61519,115.78928000,9059810.99309820,0,2026-08-29 19:00:00+00:00
1788033600000,78181.99,78298.0,78117.95,78129.92,132.29288,1788037199999,10344245.05685320,43422,63.60239000,4973384.71589950,0,2026-08-29 20:00:00+00:00
1788037200000,78129.92,78198.0,78062.0,78161.63,132.03751,1788040799999,10315284.68811250,47059,66.00300000,5156425.28320850,0,2026-08-29 21:00:00+00:00
1788040800000,78161.62,78239.4,78086.0,78228.34,298.22816,1788044399999,23310723.84583100,33251,119.45309000,9336347.68081290,0,2026-08-29 22:00:00+00:00
1788044400000,78228.33,78283.7,78190.0,78230.0,326.0928,1788047999999,25515685.49314690,37321,164.56125000,12876856.83932210,0,2026-08-29 23:00:00+00:00
1788048000000,78230.0,78330.0,78147.17,78179.86,185.20224,1788051599999,14486529.71526520,55627,89.18648000,6976550.44225950,0,2026-08-30 00:00:00+00:00
1788051600000,78179.86,78190.0,77994.02,78081.5,257.05271,1788055199999,20066684.79057170,59042,116.30232000,9078617.76606420,0,2026-08-30 01:00:00+00:00
1788055200000,78081.49,78178.02,78014.74,78106.01,119.64466,1788058799999,9343393.41657730,45798,58.39949000,4560378.11044770,0,2026-08-30 02:00:00+00:00
1788058800000,78106.0,78233.7,78065.99,78144.68,254.40453,1788062399999,19878537.24825790,49034,165.11753000,12902332.33274710,0,2026-08-30 03:00:00+00:00
1788062400000,78144.68,78220.0,77990.0,78109.75,215.53426,1788065999999,16832328.55401410,42000,104.12096000,8131989.28568840,0,2026-08-30 04:00:00+00:00
1788066000000,78109.74,78214.0,78109.74,78127.71,161.29313,1788069599999,12605166.66619340,24796,81.30708000,6354118.49172580,0,2026-08-30 05:00:00+00:00
1788069600000,78127.72,78310.71,78106.07,78280.34,208.68022,1788073199999,16321247.07383260,41446,140.47130000,10986808.89623490,0,2026-08-30 06:00:00+00:00
1788073200000,78280.34,78291.27,78118.0,78118.0,137.5055,1788076799999,10751032.15865070,24639,61.45122000,4804403.54196210,0,2026-08-30 07:00:00+00:00
1788076800000,78118.0,78207.22,78034.0,78074.01,143.67594,1788080399999,11224795.30781500,41261,66.63939000,5206052.85964030,0,2026-08-30 08:00:00+00:00
1788080400000,78074.01,78118.87,77986.0,78000.01,165.26795,1788083999999,12897144.52346520,43715,62.43516000,4872563.08499050,0,2026-08-30 09:00:00+00:00
1788084000000,78000.01,78145.29,77962.49,78145.29,168.30514,1788087599999,13137638.49407040,40508,87.61223000,6838866.30321940,0,2026-08-30 10:00:00+00:00
1788087600000,78145.29,78242.0,78117.11,78166.0,172.04094,1788091199999,13449042.97227110,45439,81.34751000,6359040.19695650,0,2026-08-30 11:00:00+00:00
1788091200000,78165.99,78850.81,78165.99,78785.06,814.10982,1788094799999,63968836.74604740,168381,444.15199000,34898161.31598020,0,2026-08-30 12:00:00+00:00
1788094800000,78785.06,78966.76,78590.14,78860.0,488.8202,1788098399999,38512958.55621070,122217,228.16810000,17978009.51133040,0,2026-08-30 13:00:00+00:00
1788098400000,78860.01,78945.94,78722.0,78783.71,439.32977,1788101999999,34639082.70806200,90956,196.72738000,15510133.71542980,0,2026-08-30 14:00:00+00:00
1788102000000,78783.7,78912.94,78626.0,78823.63,553.82108,1788105599999,43625230.31410360,123696,252.69810000,19905722.25312840,0,2026-08-30 15:00:00+00:00
1788105600000,78823.62,79400.0,78750.0,79337.93,667.56388,1788109199999,52807026.29752090,227923,364.53661000,28835546.83780380,0,2026-08-30 16:00:00+00:00
1788109200000,79337.93,79337.93,78774.85,79021.02,460.72685,1788112799999,36409326.86765280,156639,192.00166000,15171903.80751180,0,2026-08-30 17:00:00+00:00
1788112800000,79021.02,79181.99,78776.0,79036.69,293.7787,1788116399999,23199034.45121130,102898,148.62857000,11736253.46247330,0,2026-08-30 18:00:00+00:00
1788116400000,79036.68,79041.96,78721.98,78856.39,232.19118,1788119999999,18323014.75234720,73674,93.88394000,7408654.31885510,0,2026-08-30 19:00:00+00:00
1788120000000,78856.39,78931.49,78438.23,78597.33,294.2134,1788123599999,23159701.86921370,104648,128.52156000,10120310.29482370,0,2026-08-30 20:00:00+00:00
1788123600000,78597.32,78733.77,78229.82,78653.0,461.41088,1788127199999,36219144.85661500,143728,205.34082000,16123380.63172280,0,2026-08-30 21:00:00+00:00
1788127200000,78653.0,78804.0,78280.0,78422.01,390.42367,1788130799999,30647854.09774010,180929,171.75436000,13484326.98255360,0,2026-08-30 22:00:00+00:00
1788130800000,78422.01,78454.0,77000.0,77682.0,1800.4274,1788134399999,140001787.12675550,395928,773.53993000,60188742.90296180,0,2026-08-30 23:00:00+00:00
1788134400000,77682.0,78185.89,77436.4,77937.04,711.43379,1788137999999,55360956.34007550,231415,364.76246000,28391430.36663940,0,2026-08-31 00:00:00+00:00
1788138000000,77937.03,77993.03,77565.08,77640.94,567.26058,1788141599999,44099982.36466010,239052,255.01238000,19826232.56681290,0,2026-08-31 01:00:00+00:00
1788141600000,77640.93,78000.0,77392.0,77473.99,573.39934,1788145199999,44571951.93566170,173143,345.41556000,26857082.32744040,0,2026-08-31 02:00:00+00:00
1788145200000,77474.0,77872.0,77394.0,77756.71,278.92536,1788148799999,21668121.17286810,118748,152.93235000,11880039.04567080,0,2026-08-31 03:00:00+00:00
1788148800000,77756.7,77769.11,77458.83,77622.28,550.02773,1788152399999,42657623.11533720,121607,310.63920000,24088535.32464390,0,2026-08-31 04:00:00+00:00
1788152400000,77622.29,78156.78,77514.0,78016.0,511.92091,1788155999999,39886514.13543070,189845,304.79780000,23747983.44245930,0,2026-08-31 05:00:00+00:00
1788156000000,78016.01,78156.77,77864.16,78093.87,968.0221,1788159599999,75553014.34652810,161967,459.01655000,35826120.28069810,0,2026-08-31 06:00:00+00:00
1788159600000,78093.88,78322.56,78034.01,78196.01,716.03378,1788163199999,55972072.01598720,159758,329.23211000,25736451.99541300,0,2026-08-31 07:00:00+00:00
1788163200000,78196.01,78521.89,77982.0,78480.8,782.74546,1788166799999,61270278.00239900,198166,492.12493000,38536295.12053980,0,2026-08-31 08:00:00+00:00
1788166800000,78480.79,78802.0,78396.35,78511.03,624.76686,1788170399999,49126113.81833450,187043,307.37441000,24167280.77572760,0,2026-08-31 09:00:00+00:00
1788170400000,78511.03,78732.0,78316.91,78710.01,576.71834,1788173999999,45275075.80618680,140563,356.70789000,28004532.18943410,0,2026-08-31 10:00:00+00:00
1788174000000,78710.02,78710.02,78302.0,78315.43,482.35572,1788177599999,37865204.14146140,117644,192.88418000,15142107.56548140,0,2026-08-31 11:00:00+00:00
1788177600000,78315.43,78543.86,77675.04,77930.39,816.61258,1788181199999,63787889.73365720,266690,320.42336000,25029255.16447940,0,2026-08-31 12:00:00+00:00
1788181200000,77930.4,78282.0,77716.75,77867.39,1083.2716,1788184799999,84481767.18873060,401876,522.83505000,40777748.42382620,0,2026-08-31 13:00:00+00:00
1788184800000,77867.39,78686.94,77746.6,78600.14,1368.66274,1788188399999,107089319.43811690,378195,806.57194000,63132005.29375580,0,2026-08-31 14:00:00+00:00
1788188400000,78601.93,78777.9,78212.3,78580.42,1119.65651,1788191999999,87907139.51972740,269808,630.74683000,49518667.07140910,0,2026-08-31 15:00:00+00:00
1788192000000,78580.43,78884.48,78524.0,78639.57,576.26452,1788195599999,45336123.13507970,187411,296.00316000,23289460.81966210,0,2026-08-31 16:00:00+00:00
1788195600000,78639.57,79019.86,78494.0,78897.36,604.69852,1788199199999,47632868.28107970,180507,365.15982000,28767017.53997010,0,2026-08-31 17:00:00+00:00
1788199200000,78897.35,79212.0,78779.24,79016.0,473.51591,1788202799999,37412001.43501090,155159,263.58814000,20825128.99635280,0,2026-08-31 18:00:00+00:00
1788202800000,79016.01,79250.0,78851.93,78898.06,423.46335,1788206399999,33483864.93913920,151293,209.67417000,16578899.43269800,0,2026-08-31 19:00:00+00:00
1788206400000,78898.06,79172.0,78784.32,78864.72,366.68341,1788209999999,28941395.76987670,94763,194.44178000,15345150.46792500,0,2026-08-31 20:00:00+00:00
1788210000000,78864.73,79071.12,78732.22,78964.32,404.71113,1788213599999,31939620.94284430,83010,239.11198000,18870141.53751220,0,2026-08-31 21:00:00+00:00
1788213600000,78964.33,79015.83,78579.3,78593.15,346.21313,1788217199999,27269635.30332470,77678,205.00686000,16146570.83736110,0,2026-08-31 22:00:00+00:00
1788217200000,78593.15,78593.61,78405.01,78581.29,376.54265,1788220799999,29569649.35590220,69396,226.17219000,17760714.77170940,0,2026-08-31 23:00:00+00:00
1788220800000,78581.3,78900.01,78562.0,78652.0,522.70913,1788224399999,41160252.30089720,90560,336.23220000,26474473.15732220,0,2026-09-01 00:00:00+00:00
1788224400000,78652.0,78797.99,78375.83,78410.62,440.9443,1788227999999,34636356.70488320,93552,237.71264000,18673587.63035120,0,2026-09-01 01:00:00+00:00
1788228000000,78410.62,78457.55,78189.93,78449.99,524.89493,1788231599999,41109592.51491510,105652,291.37786000,22820156.13210540,0,2026-09-01 02:00:00+00:00
1788231600000,78449.99,78874.0,78400.18,78679.01,542.2064,1788235199999,42665617.93888690,113731,201.80206000,15870508.73078110,0,2026-09-01 03:00:00+00:00
1788235200000,78679.01,78915.09,78653.96,78727.11,444.12648,1788238799999,34968841.61066630,81525,252.22083000,19857725.92258910,0,2026-09-01 04:00:00+00:00
1788238800000,78727.11,79220.61,78727.11,79179.99,546.96321,1788242399999,43215526.78973460,139563,367.69780000,29046715.29023020,0,2026-09-01 05:00:00+00:00
1788242400000,79179.99,79179.99,78745.38,78745.39,464.70536,1788245999999,36677350.38538490,107181,280.39984000,22128814.36943510,0,2026-09-01 06:00:00+00:00
1788246000000,78745.39,78806.0,78500.0,78632.37,405.713,1788249599999,31916443.86906970,113433,163.92095000,12898584.11376080,0,2026-09-01 07:00:00+00:00
1788249600000,78632.37,78658.01,77820.0,77883.28,939.11065,1788253199999,73318923.48743960,285101,467.29323000,36480576.75962500,0,2026-09-01 08:00:00+00:00
1788253200000,77883.28,78062.24,77786.18,77915.0,951.34245,1788256799999,74131405.28393480,164648,658.20510000,51292391.55070130,0,2026-09-01 09:00:00+00:00
1788256800000,77915.0,78196.0,77758.69,78029.67,423.94155,1788260399999,33064705.82988150,146353,212.48530000,16573825.36228970,0,2026-09-01 10:00:00+00:00
1788260400000,78029.67,78202.52,77890.0,78098.97,337.44732,1788263999999,26336537.18190460,123215,177.94101000,13888379.68337210,0,2026-09-01 11:00:00+00:00
1788264000000,78098.96,78156.0,77742.01,78004.0,474.45626,1788267599999,36989970.31063160,144497,212.33553000,16553889.03542660,0,2026-09-01 12:00:00+00:00
1788267600000,78004.01,78202.0,77510.0,78071.99,1285.21254,1788271199999,100019632.19127170,328526,640.88379000,49873470.52100470,0,2026-09-01 13:00:00+00:00
1788271200000,78072.0,78424.0,78052.0,78167.99,800.55583,1788274799999,62663911.16219420,231720,405.27556000,31722389.13863070,0,2026-09-01 14:00:00+00:00
1788274800000,78168.0,78169.69,77727.61,77919.06,560.10608,1788278399999,43631741.26673670,165388,256.17459000,19954287.11331560,0,2026-09-01 15:00:00+00:00
1788278400000,77919.07,77976.0,77318.0,77596.01,692.23833,1788281999999,53703500.88552150,195360,289.86270000,22488436.91779770,0,2026-09-01 16:00:00+00:00
1788282000000,77596.01,77721.26,77241.12,77265.79,484.76204,1788285599999,37569508.87195950,133839,206.28247000,15992423.97694010,0,2026-09-01 17:00:00+00:00
1788285600000,77265.79,77319.64,76420.0,77153.9,1485.89835,1788289199999,114250942.36735000,308625,563.76262000,43348758.61503150,0,2026-09-01 18:00:00+00:00
1788289200000,77153.89,77466.55,77112.0,77312.0,445.04268,1788292799999,34392130.62550450,153845,242.69299000,18756541.64419870,0,2026-09-01 19:00:00+00:00
1788292800000,77312.0,77471.9,77236.48,77448.45,266.37627,1788296399999,20611023.10881060,104602,138.08612000,10684246.02677450,0,2026-09-01 20:00:00+00:00
1788296400000,77448.46,77516.3,76920.36,77211.32,414.9871,1788299999999,32019439.54314770,144966,186.03385000,14350021.18684810,0,2026-09-01 21:00:00+00:00
1788300000000,77211.32,77364.01,77030.0,77274.02,335.29844,1788303599999,25882223.17042310,95770,151.00211000,11657774.99173550,0,2026-09-01 22:00:00+00:00
1788303600000,77274.02,77638.18,77218.0,77439.0,341.60079,1788307199999,26451699.25017980,91153,188.46396000,14593580.35908870,0,2026-09-01 23:00:00+00:00
1788307200000,77439.01,77512.0,77132.0,77213.25,352.51719,1788310799999,27259232.44246590,102604,168.09409000,12996908.59999900,0,2026-09-02 00:00:00+00:00
1788310800000,77213.24,77372.0,76718.48,77020.68,661.59711,1788314399999,50993069.61008680,159137,303.28153000,23378770.54930770,0,2026-09-02 01:00:00+00:00
1788314400000,77020.67,77343.74,76948.97,77329.2,437.17945,1788317999999,33741152.01886120,148395,270.60642000,20886282.58860110,0,2026-09-02 02:00:00+00:00
1788318000000,77329.2,77792.0,77314.51,77563.5,618.37453,1788321599999,47965092.30218410,179529,357.51722000,27731284.93436840,0,2026-09-02 03:00:00+00:00
1788321600000,77563.5,77612.84,77294.56,77561.82,299.9271,1788325199999,23234243.14374740,93055,167.18115000,12950828.99286100,0,2026-09-02 04:00:00+00:00
1788325200000,77561.82,77761.93,77438.0,77651.07,341.8285,1788328799999,26540903.41973180,114750,172.26874000,13374683.05091960,0,2026-09-02 05:00:00+00:00
1788328800000,77651.08,77724.0,77462.0,77611.54,397.05137,1788332399999,30813549.56361010,106101,194.84751000,15120950.88855200,0,2026-09-02 06:00:00+00:00
1788332400000,77611.53,77765.99,77473.84,77473.85,515.9071,1788335999999,40029235.07220520,105104,241.78819000,18760005.73857980,0,2026-09-02 07:00:00+00:00
1788336000000,77473.86,77546.0,76746.81,76854.11,705.11459,1788339599999,54393253.16730440,157280,353.33066000,27249460.18483480,0,2026-09-02 08:00:00+00:00
1788339600000,76854.11,77049.4,76484.64,76752.26,1036.05232,1788343199999,79490076.20817280,198501,564.33657000,43299201.23291280,0,2026-09-02 09:00:00+00:00
1788343200000,76752.26,76753.83,76264.0,76680.88,924.89427,1788346799999,70777656.16787830,165139,436.27318000,33391894.75930440,0,2026-09-02 10:00:00+00:00
1788346800000,76680.88,76848.73,76356.0,76828.76,641.75915,1788350399999,49175296.11934640,169221,373.60001000,28629866.43103900,0,2026-09-02 11:00:00+00:00
1788350400000,76828.75,77049.4,76611.67,76613.88,581.91449,1788353999999,44705399.46199130,133844,310.10599000,23828836.64762990,0,2026-09-02 12:00:00+00:00
1788354000000,76613.87,77443.61,76613.87,77146.0,812.83227,1788357599999,62582744.29608340,256420,456.03474000,35113253.68642610,0,2026-09-02 13:00:00+00:00
1788357600000,77146.0,77490.0,77010.24,77066.42,555.40079,1788361199999,42896658.67810760,201789,288.32914000,22272844.12546280,0,2026-09-02 14:00:00+00:00
1788361200000,77066.42,77386.0,76748.01,77288.98,824.93813,1788364799999,63589769.54464240,220698,352.07808000,27141953.71639470,0,2026-09-02 15:00:00+00:00
1788364800000,77288.97,77582.0,77171.5,77171.5,1179.92404,1788368399999,91376850.06159020,165560,572.12540000,44301149.04242120,0,2026-09-02 16:00:00+00:00
1788368400000,77171.51,77406.0,76950.56,77381.66,465.02159,1788371999999,35888319.90428800,129111,254.84207000,19665572.68916850,0,2026-09-02 17:00:00+00:00
1788372000000,77381.65,77524.0,77296.52,77377.76,374.99513,1788375599999,29028999.88691480,96880,156.26000000,12094658.44273800,0,2026-09-02 18:00:00+00:00
1788375600000,77377.76,77416.0,77124.0,77341.47,289.4138,1788379199999,22362121.11986520,87259,134.12701000,10363403.02041240,0,2026-09-02 19:00:00+00:00
1788379200000,77341.48,77520.0,77207.47,77406.01,382.13526,1788382799999,29576149.28271700,95684,226.50911000,17530840.07299900,0,2026-09-02 20:00:00+00:00
1788382800000,77406.0,77431.78,77242.0,77284.0,291.06451,1788386399999,22508523.16019180,90854,116.91879000,9040709.37859960,0,2026-09-02 21:00:00+00:00
1788386400000,77284.01,77284.01,77023.11,77034.03,188.20028,1788389999999,14511772.79178410,76920,90.39610000,6970020.82273700,0,2026-09-02 22:00:00+00:00
1788390000000,77034.03,77372.62,77007.36,77340.01,192.93523,1788393599999,14893045.16375320,58657,86.53126000,6679914.09753990,0,2026-09-02 23:00:00+00:00
1788393600000,77340.01,77394.0,76980.01,77068.01,327.32527,1788397199999,25246388.29330490,92205,164.94790000,12723473.74427400,0,2026-09-03 00:00:00+00:00
1788397200000,77068.0,77546.8,76968.0,77356.7,533.28645,1788400799999,41252307.50529460,138834,306.71624000,23722240.67085690,0,2026-09-03 01:00:00+00:00
1788400800000,77356.69,77900.0,77238.89,77816.01,563.52004,1788404399999,43743957.92042060,140123,338.33307000,26265735.17032280,0,2026-09-03 02:00:00+00:00
1788404400000,77816.02,77880.0,77642.09,77708.0,385.93335,1788407999999,30008657.70002760,72216,178.99132000,13917179.40556030,0,2026-09-03 03:00:00+00:00
1788408000000,77708.01,77833.1,77547.16,77776.0,336.15526,1788411599999,26114310.82063290,70635,160.13536000,12439414.96424920,0,2026-09-03 04:00:00+00:00
1788411600000,77775.99,77829.8,77101.01,77809.91,617.52986,1788415199999,47867468.57138280,160539,327.77946000,25411298.47353420,0,2026-09-03 05:00:00+00:00
1788415200000,77809.91,77856.16,77698.75,77835.19,408.13131,1788418799999,31739177.75710010,80580,232.35987000,18070723.20675700,0,2026-09-03 06:00:00+00:00
1788418800000,77835.2,78183.91,77600.0,77663.15,696.21966,1788422399999,54266550.84571120,165170,392.92812000,30625367.97667950,0,2026-09-03 07:00:00+00:00
1788422400000,77663.14,78066.0,77663.14,77843.34,363.22912,1788425999999,28295515.00337590,126495,182.17587000,14191118.68462410,0,2026-09-03 08:00:00+00:00
1788426000000,77843.34,77975.46,77608.0,77615.24,341.00857,1788429599999,26518544.24817240,121647,183.24750000,14251458.47138070,0,2026-09-03 09:00:00+00:00
1788429600000,77615.25,77773.26,77478.0,77735.88,406.3926,1788433199999,31537803.03682020,127753,220.50401000,17111293.78921130,0,2026-09-03 10:00:00+00:00
1788433200000,77735.88,78004.94,77709.52,77948.39,396.769,1788436799999,30904556.65732760,138937,216.39992000,16855218.99280860,0,2026-09-03 11:00:00+00:00
1788436800000,77948.39,78782.75,77896.07,78652.38,979.94222,1788440399999,76741938.59225320,237253,590.82503000,46273313.55310670,0,2026-09-03 12:00:00+00:00
1788440400000,78652.37,79000.0,78450.25,78840.52,1052.74377,1788443999999,82875868.44864650,263867,511.29123000,40257778.80003430,0,2026-09-03 13:00:00+00:00
1788444000000,78840.52,80561.0,78704.0,80549.97,2513.5082,1788447599999,200372259.49375020,489059,1560.45230000,124390746.14928230,0,2026-09-03 14:00:00+00:00
1788447600000,80549.97,81370.33,80354.65,81348.0,3056.18534,1788451199999,246896380.12521410,470728,1741.69826000,140704298.26167380,0,2026-09-03 15:00:00+00:00
1788451200000,81348.0,81360.0,80613.52,80969.37,1239.78575,1788454799999,100310005.75633060,286152,592.66244000,47946282.38323740,0,2026-09-03 16:00:00+00:00
1788454800000,80969.37,81188.17,80886.0,81042.0,875.49534,1788458399999,70963938.68061970,175257,444.82291000,36055644.70121200,0,2026-09-03 17:00:00+00:00
1788458400000,81042.0,81333.33,80904.0,81254.32,595.62382,1788461999999,48315186.12855600,140651,249.34767000,20227113.64438040,0,2026-09-03 18:00:00+00:00
1788462000000,81254.31,81790.0,81171.98,81755.41,1102.96623,1788465599999,89904177.80606570,212360,569.09371000,46389067.02675110,0,2026-09-03 19:00:00+00:00
1788465600000,81755.41,81780.0,81392.74,81473.0,601.53572,1788469199999,49030070.34092740,170081,292.62238000,23851204.87449710,0,2026-09-03 20:00:00+00:00
1788469200000,81473.0,82300.0,81288.0,81590.0,1292.57121,1788472799999,105713630.46579920,271260,847.80790000,69368680.21267960,0,2026-09-03 21:00:00+00:00
1788472800000,81590.0,81604.65,80905.05,81140.0,712.57205,1788476399999,57885175.62710700,188149,336.19266000,27311309.50421780,0,2026-09-03 22:00:00+00:00
1788476400000,81140.0,81338.0,81078.0,81270.37,407.99233,1788479999999,33135210.02232500,120694,200.01954000,16245042.82226780,0,2026-09-03 23:00:00+00:00
1788480000000,81270.37,81427.75,80960.0,80972.12,643.20132,1788483599999,52223184.08375290,142119,298.15775000,24206039.20736310,0,2026-09-04 00:00:00+00:00
1788483600000,80972.11,81097.92,80759.52,80968.01,505.56595,1788487199999,40907970.77160560,131593,247.43832000,20024464.36855790,0,2026-09-04 01:00:00+00:00
1788487200000,80968.01,80968.01,80669.45,80831.99,433.77504,1788490799999,35039220.51046570,80848,155.25388000,12541780.75299990,0,2026-09-04 02:00:00+00:00
1788490800000,80832.0,81021.8,80806.0,80850.0,523.81704,1788494399999,42378467.86065380,79313,351.58007000,28443763.71144690,0,2026-09-04 03:00:00+00:00
1788494400000,80850.01,81288.0,80820.0,81070.54,602.46481,1788497999999,48855186.95486400,99403,361.13471000,29280496.71036840,0,2026-09-04 04:00:00+00:00
1788498000000,81070.54,81143.3,80863.03,80996.15,593.73244,1788501599999,48092884.41062080,88487,345.03898000,27947067.90744840,0,2026-09-04 05:00:00+00:00
1788501600000,80996.15,81090.0,80573.21,80797.39,435.61525,1788505199999,35210813.08253900,90837,204.75934000,16556123.61737040,0,2026-09-04 06:00:00+00:00
1788505200000,80797.4,80966.75,80641.65,80656.87,705.83482,1788508799999,57031148.83916970,122842,246.77533000,19946356.75030100,0,2026-09-04 07:00:00+00:00
1788508800000,80656.86,81237.0,80502.87,81147.16,754.04554,1788512399999,61064292.38491360,156567,400.77611000,32455875.27067160,0,2026-09-04 08:00:00+00:00
1788512400000,81147.16,81310.0,80934.24,81056.63,968.87345,1788515999999,78600433.19472500,165263,538.44361000,43681138.14899780,0,2026-09-04 09:00:00+00:00
1788516000000,81056.63,81194.0,80831.14,81179.63,483.39639,1788519599999,39154493.29282870,112533,242.00295000,19601989.25645010,0,2026-09-04 10:00:00+00:00
1788519600000,81179.64,81423.03,81080.01,81224.86,512.44736,1788523199999,41630838.14170840,114902,270.38074000,21964899.32255430,0,2026-09-04 11:00:00+00:00
1788523200000,81224.86,81350.0,79177.77,79453.96,3691.19669,1788526799999,295282454.86979900,497181,1497.15543000,119781258.37815090,0,2026-09-04 12:00:00+00:00
1788526800000,79453.95,79704.0,79000.0,79378.67,1927.84184,1788530399999,152990738.38407200,420756,890.55014000,70672909.26525790,0,2026-09-04 13:00:00+00:00
1788530400000,79378.66,79572.0,78660.0,78915.71,1816.73349,1788533999999,143787875.48313520,368177,823.68013000,65195877.37821100,0,2026-09-04 14:00:00+00:00
1788534000000,78915.71,79555.32,78800.0,79429.33,942.77981,1788537599999,74749564.08449400,153236,540.59499000,42853642.39302400,0,2026-09-04 15:00:00+00:00
1788537600000,79429.33,79877.07,79378.19,79745.73,1059.83504,1788541199999,84422369.70462000,146157,542.34324000,43193124.97120140,0,2026-09-04 16:00:00+00:00
1788541200000,79745.72,79752.92,79383.0,79472.22,392.51492,1788544799999,31238161.86028610,94348,164.99009000,13130376.98350520,0,2026-09-04 17:00:00+00:00
1788544800000,79472.22,79655.86,79472.22,79618.15,263.34116,1788548399999,20957583.01693710,61975,115.79654000,9215259.73879230,0,2026-09-04 18:00:00+00:00
1788548400000,79618.15,79819.99,79618.14,79793.34,391.97239,1788551999999,31252743.58514600,67612,214.73828000,17121242.50497120,0,2026-09-04 19:00:00+00:00
1788552000000,79793.35,79862.15,79667.99,79697.04,252.17194,1788555599999,20115253.26347170,56258,127.83459000,10197307.97373760,0,2026-09-04 20:00:00+00:00
1788555600000,79697.03,79819.3,79512.0,79624.0,645.54178,1788559199999,51471300.63742380,80909,347.99386000,27742969.29994450,0,2026-09-04 21:00:00+00:00
1788559200000,79624.0,79716.0,79604.0,79636.09,498.99738,1788562799999,39753854.87644150,49729,267.69523000,21324869.42571720,0,2026-09-04 22:00:00+00:00
1788562800000,79636.09,79758.0,79600.89,79660.77,152.92964,1788566399999,12182459.19087210,36855,87.24518000,6949944.18749320,0,2026-09-04 23:00:00+00:00
1788566400000,79660.77,79721.57,79562.0,79573.36,179.53978,1788569999999,14298523.95257560,49108,73.95008000,5889471.46066140,0,2026-09-05 00:00:00+00:00
1788570000000,79573.37,79710.0,79533.34,79533.34,251.27651,1788573599999,20008220.70065940,57685,119.72812000,9533295.88013200,0,2026-09-05 01:00:00+00:00
1788573600000,79533.34,79622.0,79472.22,79569.09,226.54938,1788577199999,18022299.22774440,47171,126.10239000,10031359.92672270,0,2026-09-05 02:00:00+00:00
1788577200000,79569.09,79630.74,79510.93,79582.0,222.17902,1788580799999,17683584.81101700,39488,115.99001000,9231953.91595170,0,2026-09-05 03:00:00+00:00
1788580800000,79581.99,79589.84,79500.0,79500.01,283.95874,1788584399999,22587408.82405810,31702,112.58614000,8955180.60319100,0,2026-09-05 04:00:00+00:00
1788584400000,79500.01,79600.01,79442.0,79577.53,486.56078,1788587999999,38693694.00670230,38996,223.57064000,17779589.60874670,0,2026-09-05 05:00:00+00:00
1788588000000,79577.53,79715.72,79576.0,79644.01,255.76484,1788591599999,20369489.21175270,37438,154.10683000,12273039.70947150,0,2026-09-05 06:00:00+00:00
1788591600000,79644.01,79763.41,79639.22,79709.96,273.27755,1788595199999,21782261.72180540,38976,169.19107000,13485250.30598590,0,2026-09-05 07:00:00+00:00
1788595200000,79709.96,79727.95,79568.0,79650.0,377.92884,1788598799999,30097204.49137640,49058,168.13998000,13390225.10673540,0,2026-09-05 08:00:00+00:00
1788598800000,79650.01,79735.97,79612.0,79631.28,391.22508,1788602399999,31173423.34955130,42403,136.65149000,10888805.34995250,0,2026-09-05 09:00:00+00:00
1788602400000,79631.29,79664.0,79593.92,79618.01,324.09358,1788605999999,25806378.67225060,48678,127.55993000,10156836.06174220,0,2026-09-05 10:00:00+00:00
1788606000000,79618.0,79674.33,79608.0,79609.28,224.00252,1788609599999,17839676.26429610,37745,113.95351000,9075218.39837890,0,2026-09-05 11:00:00+00:00
1788609600000,79609.29,79774.0,79609.28,79704.14,350.25887,1788613199999,27916538.71229250,48453,197.59434000,15748941.35991240,0,2026-09-05 12:00:00+00:00
1788613200000,79704.13,79762.0,79545.96,79613.67,488.89817,1788616799999,38953067.37719720,64938,234.66780000,18698462.16572180,0,2026-09-05 13:00:00+00:00
1788616800000,79613.67,79756.32,79613.67,79719.76,292.28201,1788620399999,23299226.74100570,47013,175.13017000,13960057.78758550,0,2026-09-05 14:00:00+00:00
1788620400000,79719.75,79816.0,79678.62,79806.01,383.76927,1788623999999,30602148.24212710,41440,211.57504000,16872139.34656380,0,2026-09-05 15:00:00+00:00
1788624000000,79806.0,80200.0,79754.0,80042.0,716.52557,1788627599999,57276507.60309580,95798,371.98143000,29736908.92918560,0,2026-09-05 16:00:00+00:00
1788627600000,80041.99,80162.29,79973.85,80058.6,894.70031,1788631199999,71625567.19376660,134524,309.87664000,24809051.34023940,0,2026-09-05 17:00:00+00:00
1788631200000,80058.6,80078.0,79930.0,79999.98,332.81067,1788634799999,26628394.36501580,60189,120.76731000,9661300.45516710,0,2026-09-05 18:00:00+00:00
1788634800000,79999.99,79999.99,79712.86,79754.0,243.22911,1788638399999,19422533.04413480,59828,114.73568000,9162602.61032660,0,2026-09-05 19:00:00+00:00
1788638400000,79753.99,79840.25,79694.0,79737.83,651.64016,1788641999999,51973748.10684990,70284,265.87148000,21203930.11801650,0,2026-09-05 20:00:00+00:00
1788642000000,79737.83,79938.0,79724.87,79906.02,164.28133,1788645599999,13116656.85962780,44415,85.76395000,6847517.67463140,0,2026-09-05 21:00:00+00:00
1788645600000,79906.02,79947.99,79749.41,79783.99,517.56847,1788649199999,41300931.26790580,45570,282.75987000,22562881.49536120,0,2026-09-05 22:00:00+00:00
1788649200000,79783.99,79912.83,79706.04,79831.75,584.91964,1788652799999,46684615.42030300,45150,243.02835000,19394456.09703690,0,2026-09-05 23:00:00+00:00
1788652800000,79831.75,79940.68,79829.98,79868.0,147.80921,1788656399999,11809529.59299710,39506,73.45342000,5868394.11213700,0,2026-09-06 00:00:00+00:00
1788656400000,79868.01,80067.45,79868.01,79951.39,305.00919,1788659999999,24390800.44604750,66627,172.30719000,13778563.05074550,0,2026-09-06 01:00:00+00:00
1788660000000,79951.38,80019.11,79876.0,79907.28,258.24501,1788663599999,20646581.34896070,46157,102.16378000,8166553.44306920,0,2026-09-06 02:00:00+00:00
1788663600000,79907.28,80107.99,79893.86,80028.01,248.71269,1788667199999,19891871.63672340,76700,147.69923000,11814032.50283480,0,2026-09-06 03:00:00+00:00
1788667200000,80028.01,80028.01,79854.0,79866.01,362.36734,1788670799999,28961193.36875360,42045,178.17594000,14239693.37503180,0,2026-09-06 04:00:00+00:00
1788670800000,79866.01,80107.99,79794.04,79989.13,642.22052,1788674399999,51301305.66608880,84097,215.64753000,17229963.57119580,0,2026-09-06 05:00:00+00:00
1788674400000,79989.12,79989.13,79676.66,79784.65,290.41612,1788677999999,23184242.48190340,51291,134.27462000,10718021.70016350,0,2026-09-06 06:00:00+00:00
1788678000000,79784.65,79865.89,79577.0,79805.0,339.23106,1788681599999,27063249.98295220,57385,150.56310000,12012267.49743910,0,2026-09-06 07:00:00+00:00
1788681600000,79804.68,79889.99,79752.7,79837.17,578.27369,1788685199999,46156988.44059980,57346,200.20678000,15983859.72825000,0,2026-09-06 08:00:00+00:00
1788685200000,79837.17,79990.0,79806.01,79885.77,684.16607,1788688799999,54666757.97768640,76210,201.23602000,16077200.86202840,0,2026-09-06 09:00:00+00:00
1788688800000,79885.78,80020.0,79885.77,80003.93,223.38098,1788692399999,17863003.18670890,43891,126.61939000,10125572.67343640,0,2026-09-06 10:00:00+00:00
1788692400000,80003.92,80003.93,79890.0,79919.17,224.08052,1788695999999,17914296.58274130,56191,97.50315000,7794236.97339660,0,2026-09-06 11:00:00+00:00
1788696000000,79919.17,80010.0,79858.1,79922.04,269.79443,1788699599999,21572353.47922730,62529,147.63136000,11804248.88254610,0,2026-09-06 12:00:00+00:00
1788699600000,79922.04,79968.0,79760.39,79829.98,380.28916,1788703199999,30363911.41759600,64711,132.08906000,10545211.25546400,0,2026-09-06 13:00:00+00:00
1788703200000,79829.99,79840.25,79233.0,79543.06,699.69504,1788706799999,55690696.49217170,153997,316.34896000,25180601.56233940,0,2026-09-06 14:00:00+00:00
1788706800000,79543.07,79734.59,79383.32,79716.5,342.10102,1788710399999,27228734.46002330,83009,189.22071000,15061023.42383570,0,2026-09-06 15:00:00+00:00
1788710400000,79716.51,79786.0,79606.04,79682.0,222.29132,1788713999999,17716085.01347050,66497,103.19794000,8224445.64924030,0,2026-09-06 16:00:00+00:00
1788714000000,79682.0,79773.88,79584.73,79745.34,205.07571,1788717599999,16346218.66946930,55849,102.59011000,8177147.62184400,0,2026-09-06 17:00:00+00:00
1788717600000,79745.34,79970.0,79745.34,79955.34,218.34399,1788721199999,17444740.60211000,47227,105.88569000,8459156.97365360,0,2026-09-06 18:00:00+00:00
1788721200000,79955.34,79955.34,79799.52,79829.99,213.50154,1788724799999,17046264.45812580,28891,59.84805000,4777829.98749700,0,2026-09-06 19:00:00+00:00
1788724800000,79830.0,79973.56,79776.59,79912.0,235.83849,1788728399999,18845196.47363100,39222,145.83788000,11654181.46853610,0,2026-09-06 20:00:00+00:00
1788728400000,79912.0,80034.0,79875.24,79944.38,381.14031,1788731999999,30474007.89060410,77819,228.06685000,18234050.01018630,0,2026-09-06 21:00:00+00:00
1788732000000,79944.39,80093.79,79647.04,80055.17,486.73578,1788735599999,38880061.91384770,110060,311.01629000,24844744.81277220,0,2026-09-06 22:00:00+00:00
1788735600000,80055.18,80559.99,80010.0,80341.83,896.09908,1788739199999,71964132.88261510,170988,570.60772000,45829181.51186800,0,2026-09-06 23:00:00+00:00
1788739200000,80341.83,80443.99,80059.11,80160.01,473.2372,1788742799999,37966264.18376680,121749,229.77083000,18433581.74218970,0,2026-09-07 00:00:00+00:00
1788742800000,80160.01,80243.81,79826.28,79926.14,429.2219,1788746399999,34325488.79790050,104614,189.05697000,15118871.05865950,0,2026-09-07 01:00:00+00:00
1788746400000,79926.14,80426.0,79800.0,79874.24,411.23362,1788749999999,32931377.88735410,116777,205.03549000,16420446.19026120,0,2026-09-07 02:00:00+00:00
1788750000000,79874.25,79986.02,79568.6,79596.39,424.23144,1788753599999,33824701.81611760,109936,188.50547000,15030791.19690390,0,2026-09-07 03:00:00+00:00
1788753600000,79596.38,79732.15,79540.38,79724.0,680.36024,1788757199999,54186052.27687680,99575,377.76662000,30085510.77534120,0,2026-09-07 04:00:00+00:00
1788757200000,79724.01,79926.04,79666.79,79759.47,625.29002,1788760799999,49885698.63672190,102592,394.34943000,31460345.25163230,0,2026-09-07 05:00:00+00:00
1788760800000,79759.47,79825.7,79644.55,79659.27,564.03546,1788764399999,44964859.61345740,68685,272.02991000,21688592.36420800,0,2026-09-07 06:00:00+00:00
1788764400000,79659.28,79691.06,79001.1,79397.83,867.88528,1788767999999,68877500.23316640,165782,395.22066000,31362734.96414680,0,2026-09-07 07:00:00+00:00
1788768000000,79397.83,79530.47,79397.83,79437.38,367.39664,1788771599999,29196044.62547610,83201,187.12879000,14870100.20157280,0,2026-09-07 08:00:00+00:00
1788771600000,79437.39,79550.0,79291.15,79313.85,384.36999,1788775199999,30540975.39761150,91965,157.76286000,12533925.49628880,0,2026-09-07 09:00:00+00:00
1788775200000,79313.85,79459.5,79313.85,79360.0,340.14563,1788778799999,27008453.39151300,71836,159.33397000,12651153.70690410,0,2026-09-07 10:00:00+00:00
1788778800000,79360.0,79487.01,79282.0,79420.16,322.16899,1788782399999,25579068.01868210,76833,177.37066000,14081830.91271080,0,2026-09-07 11:00:00+00:00
1788782400000,79420.16,79627.43,79400.48,79606.84,278.61012,1788785999999,22152377.86767130,67308,147.62974000,11738270.50280390,0,2026-09-07 12:00:00+00:00
1788786000000,79606.84,79643.5,79318.92,79352.01,537.87474,1788789599999,42746963.61533720,137687,260.04563000,20665502.03045880,0,2026-09-07 13:00:00+00:00
1788789600000,79352.0,79396.36,78956.94,79191.95,729.96261,1788793199999,57753310.93152880,176271,332.72571000,26326785.31503840,0,2026-09-07 14:00:00+00:00
1788793200000,79191.96,79191.96,78680.0,78821.99,790.15811,1788796799999,62344440.36841700,198241,313.66666000,24744877.10838880,0,2026-09-07 15:00:00+00:00
1788796800000,78822.0,79035.23,78807.69,79028.87,428.99902,1788800399999,33857734.91984800,116982,225.81885000,17820957.01723530,0,2026-09-07 16:00:00+00:00
1788800400000,79028.88,79223.53,79018.0,79185.73,251.37537,1788803999999,19889759.99955080,82613,138.20501000,10935310.20273960,0,2026-09-07 17:00:00+00:00
1788804000000,79185.74,79244.0,79096.0,79196.16,308.24543,1788807599999,24401395.83096580,75402,173.26171000,13715638.77856020,0,2026-09-07 18:00:00+00:00
1788807600000,79196.15,79419.17,79150.0,79365.82,230.49171,1788811199999,18278183.47735480,54302,121.62189000,9644294.90341450,0,2026-09-07 19:00:00+00:00
1788811200000,79365.81,79394.92,79168.01,79238.0,212.62445,1788814799999,16848872.14917170,55043,94.80666000,7512030.60343540,0,2026-09-07 20:00:00+00:00
1788814800000,79238.0,79278.0,79164.0,79164.0,163.69203,1788818399999,12967374.99264610,47873,77.55435000,6143738.83407940,0,2026-09-07 21:00:00+00:00
1788818400000,79164.01,79218.18,78781.07,78952.19,458.00504,1788821999999,36197420.98511470,136205,202.82944000,16032610.41221480,0,2026-09-07 22:00:00+00:00
1788822000000,78952.18,79210.0,78938.38,79112.01,292.83991,1788825599999,23158354.52608690,103131,158.65937000,12545707.93652030,0,2026-09-07 23:00:00+00:00
1788825600000,79112.0,79313.09,78972.51,79313.08,445.07914,1788829199999,35211429.16705290,150957,202.99995000,16059762.23262260,0,2026-09-08 00:00:00+00:00
1788829200000,79313.09,79463.06,79266.48,79441.99,454.81703,1788832799999,36091673.92581760,169048,220.19477000,17473412.69414290,0,2026-09-08 01:00:00+00:00
1788832800000,79441.98,79485.0,78930.0,78930.01,601.51271,1788836399999,47664046.62024520,195253,293.76578000,23281399.54930470,0,2026-09-08 02:00:00+00:00
1788836400000,78930.01,79002.0,78725.1,78906.28,813.2236,1788839999999,64166200.74127960,297197,355.13368000,28018261.30294190,0,2026-09-08 03:00:00+00:00
1788840000000,78906.27,78929.24,78678.7,78678.71,558.10183,1788843599999,43986513.65705350,220153,291.63262000,22985675.53491230,0,2026-09-08 04:00:00+00:00
1788843600000,78678.7,78882.0,78555.0,78578.0,847.29044,1788847199999,66685293.88191100,228336,408.89361000,32184136.39776940,0,2026-09-08 05:00:00+00:00
1788847200000,78577.99,78632.0,78261.61,78323.59,1913.91469,1788850799999,150130808.72339260,486635,784.06817000,61498622.70107150,0,2026-09-08 06:00:00+00:00
1788850800000,78323.59,78609.99,78179.98,78482.0,3433.75725,1788854399999,269260831.26381380,650369,1599.76488000,125452657.03846900,0,2026-09-08 07:00:00+00:00
1788854400000,78482.0,78581.8,78281.3,78418.0,855.4031,1788857999999,67083597.73326530,111563,323.48986000,25373390.16553430,0,2026-09-08 08:00:00+00:00
1788858000000,78418.0,78800.0,78317.03,78761.99,641.52148,1788861599999,50372372.84853430,110939,291.79592000,22920391.41708630,0,2026-09-08 09:00:00+00:00
1788861600000,78762.0,78994.5,78568.0,78568.0,435.62963,1788865199999,34307999.21433230,73513,219.67751000,17303157.15254950,0,2026-09-08 10:00:00+00:00
1788865200000,78568.01,78576.0,78271.63,78430.01,682.36626,1788868799999,53509858.19952810,117351,264.60217000,20747531.02487450,0,2026-09-08 11:00:00+00:00
1788868800000,78430.0,78483.42,78215.36,78449.99,839.62079,1788872399999,65773082.07297050,134551,299.56374000,23464853.84597920,0,2026-09-08 12:00:00+00:00
1788872400000,78450.0,78545.46,77620.01,77961.66,2274.11248,1788875999999,177363641.12906290,331701,724.85478000,56572831.84978560,0,2026-09-08 13:00:00+00:00
1788876000000,77961.66,78630.81,77854.0,78567.52,885.70593,1788879599999,69317639.41909940,216220,466.47492000,36518784.86278610,0,2026-09-08 14:00:00+00:00
1788879600000,78567.52,78910.88,78451.39,78904.0,668.56307,1788883199999,52585779.70975320,161488,393.77861000,30977199.80095560,0,2026-09-08 15:00:00+00:00
1788883200000,78904.0,78978.39,78581.33,78735.89,339.80818,1788886799999,26763199.50510710,101762,178.59325000,14065002.60071600,0,2026-09-08 16:00:00+00:00
1788886800000,78735.88,78892.0,78500.0,78504.38,376.83451,1788890399999,29637651.65198260,88681,222.17175000,17472552.72423870,0,2026-09-08 17:00:00+00:00
1788890400000,78504.38,78822.47,78271.49,78436.0,310.67894,1788893999999,24406848.70909080,99086,157.51767000,12374135.40598210,0,2026-09-08 18:00:00+00:00
1788894000000,78436.01,78528.0,78325.39,78446.0,457.27833,1788897599999,35861448.24426460,109419,214.93149000,16853630.73662280,0,2026-09-08 19:00:00+00:00
1788897600000,78445.99,78621.77,78410.05,78487.99,286.8898,1788901199999,22526073.80955470,93054,135.15923000,10612098.26382240,0,2026-09-08 20:00:00+00:00
1788901200000,78487.99,78623.21,78406.0,78492.18,346.3218,1788904799999,27193582.56209120,77418,156.05475000,12253420.42393520,0,2026-09-08 21:00:00+00:00
1788904800000,78492.19,78662.75,78458.0,78562.44,344.45436,1788908399999,27045933.31481680,70955,207.77486000,16312195.58751690,0,2026-09-08 22:00:00+00:00
1788908400000,78562.43,78575.31,78408.64,78455.8,422.1807,1788911999999,33131729.63083570,43997,128.22172000,10063637.85303200,0,2026-09-08 23:00:00+00:00
1788912000000,78455.8,78796.97,78455.79,78774.65,263.81065,1788915599999,20750875.24076580,82550,143.75821000,11306193.15443000,0,2026-09-09 00:00:00+00:00
1788915600000,78774.66,78891.5,78633.53,78891.5,737.84364,1788919199999,58137680.98437570,92751,341.97159000,26937243.57855610,0,2026-09-09 01:00:00+00:00
1788919200000,78891.49,78928.65,78686.46,78726.01,338.69714,1788922799999,26687169.19253900,79288,132.13985000,10411683.15562240,0,2026-09-09 02:00:00+00:00
1788922800000,78726.01,78726.01,78548.46,78638.01,269.38216,1788926399999,21178257.28644620,63265,133.95906000,10531165.88060060,0,2026-09-09 03:00:00+00:00
1788926400000,78638.01,79215.83,78638.0,79171.5,659.48495,1788929999999,52088293.80151230,126442,351.00698000,27726550.53923760,0,2026-09-09 04:00:00+00:00
1788930000000,79171.5,79370.01,78840.59,78923.43,571.99145,1788933599999,45251652.82103230,120080,272.77520000,21588847.64881500,0,2026-09-09 05:00:00+00:00
1788933600000,78923.43,79290.63,78865.71,79159.03,306.40396,1788937199999,24237580.08188370,87421,154.72869000,12241427.78960770,0,2026-09-09 06:00:00+00:00
1788937200000,79159.03,79400.0,79151.34,79277.43,435.40632,1788940799999,34511705.62617540,98299,190.55797000,15103688.79356090,0,2026-09-09 07:00:00+00:00
1788940800000,79277.44,79760.0,79264.0,79698.02,838.18454,1788944399999,66683857.93648760,153883,406.82189000,32360862.99765270,0,2026-09-09 08:00:00+00:00
1788944400000,79698.02,79716.0,78900.0,78952.01,524.33216,1788947999999,41583100.85669890,128350,224.84248000,17829138.63541700,0,2026-09-09 09:00:00+00:00
1788948000000,78952.01,79183.91,78878.11,78920.01,419.34722,1788951599999,33146679.77279330,127067,225.28389000,17806754.53270050,0,2026-09-09 10:00:00+00:00
1788951600000,78920.01,79379.28,78725.29,79324.75,742.09582,1788955199999,58665266.41710070,140334,315.28773000,24929778.24403080,0,2026-09-09 11:00:00+00:00
1788955200000,79324.75,79662.56,79281.51,79606.14,1136.20636,1788958799999,90274405.98764800,144608,545.93771000,43377710.56103120,0,2026-09-09 12:00:00+00:00
1788958800000,79606.15,79678.84,79103.19,79140.69,700.9372,1788962399999,55664950.00570000,239136,316.39921000,25134008.72592560,0,2026-09-09 13:00:00+00:00
1788962400000,79140.69,79413.74,78877.36,78958.01,1034.69116,1788965999999,81786587.11823740,314211,421.48795000,33326562.82754850,0,2026-09-09 14:00:00+00:00
1788966000000,78958.01,79394.99,78060.03,78596.7,1730.66758,1788969599999,136024258.02216110,420352,730.27570000,57399379.14349950,0,2026-09-09 15:00:00+00:00
1788969600000,78596.7,78938.55,78460.34,78804.9,548.53711,1788973199999,43170909.27760890,170195,304.11065000,23935557.54480380,0,2026-09-09 16:00:00+00:00
1788973200000,78804.9,78934.4,78674.0,78776.01,424.82404,1788976799999,33475271.48005310,108807,264.36018000,20831363.20179650,0,2026-09-09 17:00:00+00:00
1788976800000,78776.0,78792.25,78403.36,78414.42,291.49177,1788980399999,22902359.22195840,78719,137.66619000,10818931.78982510,0,2026-09-09 18:00:00+00:00
1788980400000,78414.42,78575.32,78150.0,78234.94,474.58363,1788983999999,37204988.04530380,113699,231.04632000,18111974.51846010,0,2026-09-09 19:00:00+00:00
1788984000000,78234.94,78340.01,77917.09,78324.07,550.88264,1788987599999,43065958.21167340,117354,249.07838000,19475898.93970750,0,2026-09-09 20:00:00+00:00
1788987600000,78324.07,78339.56,77994.15,78145.02,316.14499,1788991199999,24722682.31224960,94522,109.50073000,8561678.46983660,0,2026-09-09 21:00:00+00:00
1788991200000,78145.02,78196.0,77770.0,77924.06,513.88945,1788994799999,40055124.66604990,158764,209.69537000,16347216.88656840,0,2026-09-09 22:00:00+00:00
1788994800000,77924.0,78321.09,77920.56,78306.43,300.08433,1788998399999,23461051.78574820,78272,207.39026000,16213609.88992700,0,2026-09-09 23:00:00+00:00
1788998400000,78306.43,78382.35,78073.8,78180.7,826.01999,1789001999999,64616943.92205110,106859,340.73873000,26649246.18760900,0,2026-09-10 00:00:00+00:00
1789002000000,78180.7,78508.49,77952.0,78094.0,429.21115,1789005599999,33562115.61243500,147168,191.86448000,15002751.15021740,0,2026-09-10 01:00:00+00:00
1789005600000,78094.01,78373.1,77980.0,78357.86,250.2874,1789009199999,19552621.48020120,83298,108.37543000,8468398.25944980,0,2026-09-10 02:00:00+00:00
1789009200000,78357.87,78550.0,78278.0,78328.08,370.87043,1789012799999,29070090.45669230,71255,207.23848000,16242568.82246560,0,2026-09-10 03:00:00+00:00
1789012800000,78328.08,78437.99,78300.0,78400.0,221.79379,1789016399999,17381845.27970050,46418,108.46813000,8500268.98781070,0,2026-09-10 04:00:00+00:00
1789016400000,78400.01,78564.39,78270.75,78536.71,554.7012,1789019999999,43506335.61783560,74334,312.82238000,24534733.95615420,0,2026-09-10 05:00:00+00:00
1789020000000,78536.71,78542.05,78147.98,78416.01,573.34123,1789023599999,44893212.12180770,99460,222.15075000,17400964.99876430,0,2026-09-10 06:00:00+00:00
1789023600000,78416.01,78422.01,77906.48,78112.0,526.86865,1789027199999,41148587.83416000,103411,290.93248000,22718528.24332750,0,2026-09-10 07:00:00+00:00
1789027200000,78112.0,78170.74,78038.0,78110.0,301.41841,1789030799999,23545828.10729210,82125,147.15716000,11494570.25763310,0,2026-09-10 08:00:00+00:00
1789030800000,78110.0,78229.22,77910.86,77992.01,605.51933,1789034399999,47268188.88828060,81498,154.66855000,12073851.95438060,0,2026-09-10 09:00:00+00:00
1789034400000,77992.0,78044.57,77821.21,77863.21,618.27147,1789037999999,48198158.56928710,96487,158.12292000,12328724.81346490,0,2026-09-10 10:00:00+00:00
1789038000000,77863.2,78054.84,77688.0,77840.8,659.08952,1789041599999,51341852.73176650,124457,244.60401000,19058824.34411340,0,2026-09-10 11:00:00+00:00
1789041600000,77840.64,77959.2,76676.07,76896.01,2886.07306,1789045199999,223270413.81849890,392091,861.31592000,66596785.39302640,0,2026-09-10 12:00:00+00:00
1789045200000,76896.01,77234.0,76745.0,77174.44,1372.33792,1789048799999,105622953.77956380,333794,736.15108000,56665413.81806590,0,2026-09-10 13:00:00+00:00
1789048800000,77174.43,77424.98,76943.45,77412.01,1105.27456,1789052399999,85349062.55728800,211849,524.71824000,40526676.10991990,0,2026-09-10 14:00:00+00:00
1789052400000,77412.01,77412.89,77092.16,77250.0,695.08679,1789055999999,53675305.06273200,151889,369.77896000,28546989.07105800,0,2026-09-10 15:00:00+00:00
1789056000000,77250.0,77312.01,76804.99,77200.01,562.44798,1789059599999,43320479.37555060,155630,275.82484000,21243960.02279540,0,2026-09-10 16:00:00+00:00
1789059600000,77200.0,77544.0,77126.26,77328.72,584.5114,1789063199999,45208806.33941890,117338,307.35727000,23772732.84529250,0,2026-09-10 17:00:00+00:00
1789063200000,77328.72,77340.0,76982.6,77252.0,321.25824,1789066799999,24783967.61208710,107529,125.72542000,9698452.35823850,0,2026-09-10 18:00:00+00:00
1789066800000,77252.0,77298.48,77083.17,77160.83,394.60119,1789070399999,30449303.95738450,99247,149.18084000,11512118.87751660,0,2026-09-10 19:00:00+00:00
1789070400000,77160.83,77347.45,77116.0,77268.08,142.17379,1789073999999,10985513.68401220,60940,66.81705000,5162270.83913380,0,2026-09-10 20:00:00+00:00
1789074000000,77268.08,77303.02,77100.02,77144.0,268.25509,1789077599999,20708731.80189580,71527,117.89405000,9101229.76991600,0,2026-09-10 21:00:00+00:00
1789077600000,77144.01,77218.01,76817.6,76836.45,253.46564,1789081199999,19519221.04847910,82989,112.11602000,8635141.09695650,0,2026-09-10 22:00:00+00:00
1789081200000,76836.45,76876.31,76464.0,76568.72,797.49081,1789084799999,61138404.11359900,179114,292.95033000,22462809.86317190,0,2026-09-10 23:00:00+00:00
1789084800000,76568.73,76939.8,76563.01,76908.59,538.94881,1789088399999,41382306.87932030,129071,214.71268000,16485210.31659130,0,2026-09-11 00:00:00+00:00
1789088400000,76908.59,77000.0,76670.57,76971.43,386.97683,1789091999999,29745129.70610130,114813,216.06115000,16605971.00754170,0,2026-09-11 01:00:00+00:00
1789092000000,76971.44,77013.62,76769.69,76838.68,297.49023,1789095599999,22880146.98278210,86217,182.89349000,14067771.92874060,0,2026-09-11 02:00:00+00:00
1789095600000,76838.68,76897.54,76702.7,76891.8,967.58108,1789099199999,74328881.86065670,91666,400.65650000,30774882.77435740,0,2026-09-11 03:00:00+00:00
1789099200000,76891.81,77196.01,76889.23,77114.01,370.66197,1789102799999,28546726.03357010,74318,274.19498000,21114389.16133130,0,2026-09-11 04:00:00+00:00
1789102800000,77114.01,77252.88,77069.06,77252.86,284.44316,1789106399999,21944334.48107920,50813,154.96080000,11953977.73824260,0,2026-09-11 05:00:00+00:00
1789106400000,77252.87,77431.48,77182.0,77298.01,405.18201,1789109999999,31322366.91867540,53395,243.33166000,18812432.37584910,0,2026-09-11 06:00:00+00:00
1789110000000,77298.01,77403.19,77203.73,77230.7,435.02243,1789113599999,33621837.56697320,55484,202.04514000,15615470.01920460,0,2026-09-11 07:00:00+00:00
1789113600000,77230.7,77500.0,77144.59,77364.93,294.00696,1789117199999,22738303.93956580,67312,155.43299000,12020173.76195660,0,2026-09-11 08:00:00+00:00
1789117200000,77364.94,77370.01,76865.58,77042.0,552.5515,1789120799999,42604532.32438160,65960,209.94838000,16187965.29009170,0,2026-09-11 09:00:00+00:00
1789120800000,77042.0,77163.25,76966.0,76993.25,406.1795,1789124399999,31299718.48370700,73933,188.33855000,14514107.75405720,0,2026-09-11 10:00:00+00:00
1789124400000,76993.25,77049.25,76746.95,77036.12,420.86915,1789127999999,32356856.18386250,93360,198.74123000,15279817.51241520,0,2026-09-11 11:00:00+00:00
1789128000000,77036.12,78148.74,76046.58,78032.99,3531.14376,1789131599999,272411705.49477170,460979,1818.27594000,140385425.93306420,0,2026-09-11 12:00:00+00:00
1789131600000,78032.98,79333.0,77253.8,79242.56,2451.66172,1789135199999,191423615.30353390,443663,1400.13820000,109367590.21788570,0,2026-09-11 13:00:00+00:00
1789135200000,79242.56,79890.0,78509.09,78798.51,1987.04632,1789138799999,157205136.38282800,441852,903.14060000,71489599.84918550,0,2026-09-11 14:00:00+00:00
1789138800000,78798.4,78849.98,77303.0,77732.25,1364.45838,1789142399999,106762849.10419490,312432,564.04157000,44145076.97144970,0,2026-09-11 15:00:00+00:00
1789142400000,77732.25,78068.01,77381.88,77916.0,1081.48116,1789145999999,84066181.75356660,254852,556.38194000,43247130.52479410,0,2026-09-11 16:00:00+00:00
1789146000000,77916.0,77960.01,77490.34,77534.0,492.68772,1789149599999,38303121.73150170,134122,233.13259000,18132246.89520050,0,2026-09-11 17:00:00+00:00
1789149600000,77534.0,77538.01,76883.0,77054.0,842.12412,1789153199999,64946510.99473610,197430,361.19887000,27852558.71419450,0,2026-09-11 18:00:00+00:00
1789153200000,77054.0,77372.01,77006.0,77286.01,421.44962,1789156799999,32546569.78512550,114196,210.30203000,16241070.98233240,0,2026-09-11 19:00:00+00:00
1789156800000,77286.0,77504.01,77192.0,77339.33,322.32564,1789160399999,24938488.30007620,80560,163.42661000,12642343.76200970,0,2026-09-11 20:00:00+00:00
1789160400000,77339.33,77424.01,77078.01,77108.01,222.90327,1789163999999,17232814.49684620,62585,104.40615000,8074010.37078740,0,2026-09-11 21:00:00+00:00
1789164000000,77108.01,77231.31,76967.13,77150.0,1100.36124,1789167599999,84861505.50252200,106098,579.35978000,44678666.35924850,0,2026-09-11 22:00:00+00:00
1789167600000,77150.0,77225.71,77119.68,77225.7,535.72071,1789171199999,41339851.88893150,49152,317.03162000,24465279.59757120,0,2026-09-11 23:00:00+00:00
1789171200000,77225.71,77320.0,77207.65,77287.43,314.34391,1789174799999,24294539.33124150,35694,146.72012000,11338946.40525460,0,2026-09-12 00:00:00+00:00
1789174800000,77287.43,77378.37,77262.29,77272.37,186.8188,1789178399999,14443036.10426800,35360,94.87946000,7334819.05463880,0,2026-09-12 01:00:00+00:00
1789178400000,77272.36,77322.27,77220.0,77288.0,307.45259,1789181999999,23752575.22906230,28068,174.04455000,13445371.16214700,0,2026-09-12 02:00:00+00:00
1789182000000,77288.01,77347.82,77229.99,77268.09,242.20968,1789185599999,18716912.07410680,26054,142.52186000,11012397.57373220,0,2026-09-12 03:00:00+00:00
1789185600000,77268.09,77314.01,77215.86,77222.75,392.84938,1789189199999,30346845.78356160,27385,167.49995000,12937735.42867340,0,2026-09-12 04:00:00+00:00
1789189200000,77222.75,77260.8,77164.06,77218.0,966.7285,1789192799999,74657995.02990490,36960,591.99901000,45715668.75921560,0,2026-09-12 05:00:00+00:00
1789192800000,77218.0,77359.2,77199.99,77289.73,148.46089,1789196399999,11470720.33408070,18739,87.94569000,6794904.22900490,0,2026-09-12 06:00:00+00:00
1789196400000,77289.73,77347.99,77266.0,77269.55,360.14789,1789199999999,27839151.30570710,33060,229.72722000,17757866.11776460,0,2026-09-12 07:00:00+00:00
1789200000000,77269.54,77374.01,77269.54,77360.01,285.63962,1789203599999,22085091.80439870,32811,181.83805000,14058830.93949630,0,2026-09-12 08:00:00+00:00
1789203600000,77360.0,77386.76,77335.14,77349.44,294.25428,1789207199999,22764192.23618250,33237,148.36886000,11477823.85644060,0,2026-09-12 09:00:00+00:00
1789207200000,77349.44,77400.75,77310.55,77332.94,182.37452,1789210799999,14108778.82590210,22083,81.17442000,6279631.19671180,0,2026-09-12 10:00:00+00:00
1789210800000,77332.94,77356.05,77292.0,77356.04,149.54317,1789214399999,11563015.97493060,20940,72.45173000,5602134.28703190,0,2026-09-12 11:00:00+00:00
1789214400000,77356.05,77360.77,77290.0,77340.0,340.29238,1789217999999,26313823.69778500,26118,165.29286000,12781233.23152580,0,2026-09-12 12:00:00+00:00
1789218000000,77340.01,77397.27,77255.19,77366.52,1023.69199,1789221599999,79141503.27444920,47193,631.49661000,48819882.73183090,0,2026-09-12 13:00:00+00:00
1789221600000,77366.52,77505.67,77366.0,77461.24,239.68201,1789225199999,18558836.88551070,39199,134.82574000,10440618.58272490,0,2026-09-12 14:00:00+00:00
1789225200000,77461.25,77479.99,77376.0,77380.37,265.08543,1789228799999,20524404.05276460,34885,114.30384000,8850054.78920910,0,2026-09-12 15:00:00+00:00
1789228800000,77380.38,77414.01,77336.0,77358.01,159.17816,1789232399999,12315551.01081450,31470,57.79464000,4471213.98555660,0,2026-09-12 16:00:00+00:00
1789232400000,77358.0,77404.37,77170.57,77210.58,249.24835,1789235999999,19265265.66655480,28274,95.23468000,7363116.70956770,0,2026-09-12 17:00:00+00:00
1789236000000,77210.58,77216.01,77125.03,77131.0,275.13313,1789239599999,21232169.28463360,37442,94.47469000,7290168.16259720,0,2026-09-12 18:00:00+00:00
1789239600000,77131.0,77186.01,77059.75,77114.99,731.31555,1789243199999,56412278.30158300,38482,327.51820000,25262090.96593040,0,2026-09-12 19:00:00+00:00
1789243200000,77115.0,77227.71,77114.99,77170.0,363.19212,1789246799999,28030597.13390330,26952,231.27442000,17848713.99493120,0,2026-09-12 20:00:00+00:00
1789246800000,77170.0,77283.05,77148.5,77264.01,348.07684,1789250399999,26879644.84691520,43482,227.59782000,17574912.10267280,0,2026-09-12 21:00:00+00:00
1789250400000,77264.0,77300.0,77193.06,77232.17,167.38368,1789253999999,12929102.39093220,28819,88.53513000,6838525.66626130,0,2026-09-12 22:00:00+00:00
1789254000000,77232.17,77292.83,77232.16,77278.73,67.34168,1789257599999,5203129.00854610,15867,25.25163000,1951016.81637420,0,2026-09-12 23:00:00+00:00
1789257600000,77278.73,77299.99,77162.36,77276.02,102.17841,1789261199999,7891917.99724800,19986,49.00636000,3785295.19727280,0,2026-09-13 00:00:00+00:00
1789261200000,77276.02,77341.37,77241.51,77319.97,342.83505,1789264799999,26494046.21959220,27487,148.16606000,11449585.34922880,0,2026-09-13 01:00:00+00:00
1789264800000,77319.97,77319.97,77244.78,77289.96,238.88569,1789268399999,18460862.93648030,19715,147.25639000,11378975.70738350,0,2026-09-13 02:00:00+00:00
1789268400000,77289.97,77310.78,77184.01,77192.01,225.77764,1789271999999,17441507.18456560,27159,126.53296000,9775117.80698370,0,2026-09-13 03:00:00+00:00
1789272000000,77192.0,77254.03,77189.84,77210.01,190.98338,1789275599999,14747734.51545240,21053,94.23746000,7276773.09529610,0,2026-09-13 04:00:00+00:00
1789275600000,77210.0,77324.46,77210.0,77322.01,202.84475,1789279199999,15674958.16904010,21070,161.54775000,12483632.96908430,0,2026-09-13 05:00:00+00:00
1789279200000,77322.01,77325.82,77058.42,77122.35,503.99784,1789282799999,38933227.00137790,37391,266.57437000,20597788.11011740,0,2026-09-13 06:00:00+00:00
1789282800000,77122.35,77180.0,77091.88,77127.99,239.99798,1789286399999,18514832.55545320,31419,140.38670000,10830621.85793060,0,2026-09-13 07:00:00+00:00
1789286400000,77127.99,77182.0,76756.0,76813.71,401.89187,1789289999999,30909841.72380150,80322,134.60811000,10352189.26690680,0,2026-09-13 08:00:00+00:00
1789290000000,76813.71,76893.91,76570.0,76808.01,537.62115,1789293599999,41255495.94979730,96905,215.42227000,16533029.58234500,0,2026-09-13 09:00:00+00:00
1789293600000,76808.0,76813.26,76628.45,76677.29,190.81512,1789297199999,14644019.49794980,38800,86.48261000,6636503.45141190,0,2026-09-13 10:00:00+00:00
1789297200000,76677.3,76800.0,76500.0,76792.32,265.89974,1789300799999,20378815.17520650,62371,139.70464000,10709311.26250920,0,2026-09-13 11:00:00+00:00
1789300800000,76792.31,76866.01,76690.0,76763.33,292.33252,1789304399999,22442112.92942340,44862,155.47456000,11935245.21867300,0,2026-09-13 12:00:00+00:00
1789304400000,76763.33,76922.01,76560.0,76853.02,435.53074,1789307999999,33413973.36117010,65630,282.32395000,21661294.48000300,0,2026-09-13 13:00:00+00:00
1789308000000,76853.01,77254.45,76850.56,77216.01,524.64043,1789311599999,40449901.41178150,88386,326.41493000,25164032.22979700,0,2026-09-13 14:00:00+00:00
1789311600000,77216.01,77216.01,77011.33,77134.83,235.97054,1789315199999,18195507.24800220,55544,122.62764000,9455498.82261740,0,2026-09-13 15:00:00+00:00
1789315200000,77134.82,77359.0,77125.66,77276.14,296.31166,1789318799999,22893038.26254190,68693,168.85075000,13047931.76131970,0,2026-09-13 16:00:00+00:00
1789318800000,77276.14,77413.52,77249.35,77328.94,135.4972,1789322399999,10478802.68900130,45449,55.98085000,4328977.66009050,0,2026-09-13 17:00:00+00:00
1789322400000,77328.94,77383.4,77312.12,77338.87,110.16764,1789325999999,8521590.67916660,27578,54.48177000,4213962.27491030,0,2026-09-13 18:00:00+00:00
1789326000000,77338.87,77409.04,77223.16,77284.0,148.98479,1789329599999,11514716.42918360,30916,58.66558000,4534268.86354960,0,2026-09-13 19:00:00+00:00
1789329600000,77284.01,77368.0,77262.0,77348.01,103.43597,1789333199999,7997943.78243600,25107,53.21401000,4114540.75783570,0,2026-09-13 20:00:00+00:00
1789333200000,77348.01,77450.0,77314.0,77316.0,161.40092,1789336799999,12488701.75142960,35646,77.90324000,6027843.05112870,0,2026-09-13 21:00:00+00:00
1789336800000,77316.0,77316.0,76667.68,76714.0,686.94439,1789340399999,52813201.46702550,189956,381.99337000,29360225.19187740,0,2026-09-13 22:00:00+00:00
1789340400000,76714.0,76876.8,76622.97,76842.01,384.73824,1789343999999,29535464.46431300,114058,167.87675000,12884715.64299470,0,2026-09-13 23:00:00+00:00
1789344000000,76842.01,77083.34,76388.72,76808.0,684.93231,1789347599999,52548907.15555400,163998,262.57393000,20154946.66114900,0,2026-09-14 00:00:00+00:00
1789347600000,76808.01,77170.76,76636.41,77118.97,548.46579,1789351199999,42144965.24124320,148701,248.22034000,19076988.56765140,0,2026-09-14 01:00:00+00:00
1789351200000,77118.96,77725.5,77016.0,77600.0,1091.26668,1789354799999,84551511.84871990,162243,693.66459000,53739283.86810980,0,2026-09-14 02:00:00+00:00
1789354800000,77600.0,77869.82,77504.01,77596.33,938.65006,1789358399999,72915421.95722230,101761,738.90967000,57395270.00765870,0,2026-09-14 03:00:00+00:00
1789358400000,77596.32,77700.78,77537.8,77681.78,479.27763,1789361999999,37205001.02979840,68470,263.03135000,20415228.94053030,0,2026-09-14 04:00:00+00:00
1789362000000,77681.79,77691.05,77494.34,77611.79,322.46252,1789365599999,25019736.43527700,43345,155.76091000,12084270.23624520,0,2026-09-14 05:00:00+00:00
1789365600000,77611.79,77895.35,77379.41,77593.15,418.88254,1789369199999,32529795.34981930,80852,218.11364000,16940950.32926320,0,2026-09-14 06:00:00+00:00
1789369200000,77593.15,77892.24,77524.41,77892.24,453.51632,1789372799999,35265096.30855160,83156,276.77451000,21522290.38442900,0,2026-09-14 07:00:00+00:00
1789372800000,77892.24,77999.99,77654.0,77728.8,526.80639,1789376399999,40986020.53758470,112476,223.79305000,17412355.75469690,0,2026-09-14 08:00:00+00:00
1789376400000,77728.8,78374.01,77593.8,78141.57,718.66625,1789379999999,56055261.46116010,145452,426.67772000,33293006.81654850,0,2026-09-14 09:00:00+00:00
1789380000000,78141.57,78167.87,77900.0,77906.6,344.15342,1789383599999,26846498.26634280,88665,156.97418000,12244156.47683980,0,2026-09-14 10:00:00+00:00
1789383600000,77906.61,77924.02,77692.55,77776.0,354.582,1789387199999,27588099.61036070,85831,164.99064000,12836656.44612900,0,2026-09-14 11:00:00+00:00
1789387200000,77776.0,78082.67,77615.06,77698.01,416.3904,1789390799999,32418611.53670530,132100,230.77756000,17969448.40198420,0,2026-09-14 12:00:00+00:00
1789390800000,77698.01,78490.0,77481.98,78168.01,1141.24574,1789394399999,89056536.68908830,309443,633.09262000,49417928.27921840,0,2026-09-14 13:00:00+00:00
1789394400000,78168.01,78712.29,78164.01,78521.06,1305.24797,1789397999999,102452583.09861470,277802,727.61598000,57117905.02766650,0,2026-09-14 14:00:00+00:00
1789398000000,78521.05,78684.01,78301.41,78578.02,911.75735,1789401599999,71566976.27363340,224966,458.30477000,35973128.90752570,0,2026-09-14 15:00:00+00:00
1789401600000,78578.02,78904.72,78426.17,78769.42,663.13004,1789405199999,52191987.23559670,143413,357.79118000,28166465.59737340,0,2026-09-14 16:00:00+00:00
1789405200000,78769.42,79048.44,78698.37,78937.98,650.24334,1789408799999,51289622.68277820,120285,385.03124000,30371964.12911670,0,2026-09-14 17:00:00+00:00
1789408800000,78937.98,79325.0,78838.57,79226.01,894.11691,1789412399999,70727334.88250960,182842,542.81521000,42934167.01281810,0,2026-09-14 18:00:00+00:00
1789412400000,79226.0,79227.69,78951.67,78982.0,499.81096,1789415999999,39535320.26599180,104300,210.24396000,16629861.79147150,0,2026-09-14 19:00:00+00:00
1789416000000,78982.01,79600.0,78978.56,79100.0,622.99114,1789419599999,49429303.91833190,149936,287.09574000,22780011.99969430,0,2026-09-14 20:00:00+00:00
1789419600000,79100.0,79117.93,78746.0,78757.83,574.15746,1789423199999,45303873.38548720,129250,248.09150000,19573743.70572270,0,2026-09-14 21:00:00+00:00
1789423200000,78757.82,78854.01,78511.0,78557.98,419.77752,1789426799999,33015813.84274950,90979,155.48269000,12227704.59118330,0,2026-09-14 22:00:00+00:00
1789426800000,78557.99,78568.01,78131.3,78189.21,432.95897,1789430399999,33918747.11981700,75251,137.86828000,10801471.50010200,0,2026-09-14 23:00:00+00:00
1789430400000,78189.2,78250.46,77941.18,77952.93,446.37902,1789433999999,34843055.64853150,78396,202.00291000,15765461.47716530,0,2026-09-15 00:00:00+00:00
1789434000000,77952.92,78080.0,77750.0,77917.86,504.32377,1789437599999,39295679.75489830,91692,242.48701000,18891414.16227810,0,2026-09-15 01:00:00+00:00
1789437600000,77917.86,78018.04,77776.25,77913.72,261.07651,1789441199999,20339171.41116890,60434,134.73260000,10495716.68971180,0,2026-09-15 02:00:00+00:00
1789441200000,77913.73,77913.73,77658.0,77676.99,370.47729,1789444799999,28811166.27679770,53406,218.58387000,16998115.45183660,0,2026-09-15 03:00:00+00:00
1789444800000,77676.99,77744.31,77542.0,77567.12,784.69084,1789448399999,60924082.48693740,89282,229.55433000,17820828.74549610,0,2026-09-15 04:00:00+00:00
1789448400000,77567.11,77666.66,77300.01,77630.0,461.79794,1789451999999,35781172.54108740,98120,251.39560000,19480395.05397140,0,2026-09-15 05:00:00+00:00
1789452000000,77630.0,77727.83,77191.02,77286.7,361.46093,1789455599999,27988261.42530820,65051,166.22866000,12875907.76137220,0,2026-09-15 06:00:00+00:00
1789455600000,77286.71,77310.71,76889.22,76930.01,884.1463,1789459199999,68176453.77128840,99094,487.62694000,37608126.24376160,0,2026-09-15 07:00:00+00:00
1789459200000,76930.0,77007.84,76703.59,77000.01,754.54393,1789462799999,57978632.05548700,99409,409.70261000,31483979.54272590,0,2026-09-15 08:00:00+00:00
1789462800000,77000.01,77059.87,76869.99,76984.05,483.47069,1789466399999,37207941.83236140,66613,296.24379000,22798226.39335700,0,2026-09-15 09:00:00+00:00
1789466400000,76984.05,77176.07,76872.9,77053.8,603.90345,1789469999999,46491399.59483710,96658,341.82920000,26317759.80892520,0,2026-09-15 10:00:00+00:00
1789470000000,77053.8,77223.32,76843.75,76940.01,463.92838,1789473599999,35722065.44132650,82474,254.92966000,19631539.40661150,0,2026-09-15 11:00:00+00:00
1789473600000,76940.01,77143.15,76858.66,76957.65,512.54782,1789477199999,39444602.37285310,96607,293.71817000,22603002.80126230,0,2026-09-15 12:00:00+00:00
1789477200000,76956.75,77126.01,76123.42,76618.77,2183.38695,1789480799999,167023488.24228880,327735,939.97624000,71916599.56899380,0,2026-09-15 13:00:00+00:00
1789480800000,76618.77,76696.0,75605.0,75942.01,2651.31183,1789484399999,201647625.16155470,363740,1166.16902000,88745311.61674640,0,2026-09-15 14:00:00+00:00
1789484400000,75942.01,76603.59,75832.0,76512.0,1349.39662,1789487999999,102903397.79106920,205536,843.46483000,64334892.70540620,0,2026-09-15 15:00:00+00:00
1789488000000,76512.01,76576.47,76274.0,76388.0,598.21425,1789491599999,45720606.05538500,91207,352.46518000,26936903.76971600,0,2026-09-15 16:00:00+00:00
1789491600000,76388.01,77343.44,76194.21,76962.0,1073.22598,1789495199999,82402510.30244620,180086,636.97951000,48926351.82397510,0,2026-09-15 17:00:00+00:00
1789495200000,76962.0,77205.39,74967.97,76000.0,3667.98364,1789498799999,278417454.88030000,527139,1580.27954000,120057188.03993660,0,2026-09-15 18:00:00+00:00
1789498800000,76000.0,76305.99,75813.75,76186.48,1145.76186,1789502399999,87113128.34925890,240022,650.82691000,49483586.29328980,0,2026-09-15 19:00:00+00:00
1789502400000,76186.48,76245.98,75613.2,75935.24,526.79495,1789505999999,39994943.05586610,105342,240.19943000,18229512.29663170,0,2026-09-15 20:00:00+00:00
1789506000000,75935.24,75956.58,75392.35,75453.85,478.08145,1789509599999,36191376.20856560,90779,202.99473000,15368563.97063940,0,2026-09-15 21:00:00+00:00
1789509600000,75453.85,75747.98,75140.64,75668.0,703.17506,1789513199999,53057309.72761430,121587,278.16855000,20995732.35987620,0,2026-09-15 22:00:00+00:00
1789513200000,75667.99,75942.13,75562.01,75644.48,412.63788,1789516799999,31256714.01236520,89531,224.44206000,17000493.71154900,0,2026-09-15 23:00:00+00:00
1789516800000,75644.48,75915.49,75578.61,75772.1,340.54755,1789520399999,25804267.14072540,77679,223.55155000,16939034.12889040,0,2026-09-16 00:00:00+00:00
1789520400000,75772.1,75964.01,75457.52,75489.14,471.46585,1789523999999,35677186.63954850,94477,204.47996000,15476667.23942030,0,2026-09-16 01:00:00+00:00
1789524000000,75489.14,76111.0,75483.32,75886.35,431.22778,1789527599999,32706218.49310210,99095,216.33294000,16404681.50139030,0,2026-09-16 02:00:00+00:00
1789527600000,75886.36,76076.01,75768.25,75824.01,369.27253,1789531199999,28032995.62347250,80438,191.98436000,14573339.51301070,0,2026-09-16 03:00:00+00:00
1789531200000,75824.0,76022.67,75805.7,75864.02,321.09965,1789534799999,24372258.43776830,64857,175.51080000,13320238.30477410,0,2026-09-16 04:00:00+00:00
1789534800000,75864.02,75981.36,75677.64,75962.01,372.63126,1789538399999,28271952.78629600,66794,214.97869000,16310732.08279490,0,2026-09-16 05:00:00+00:00
1789538400000,75962.01,76038.83,75830.0,76030.01,399.86157,1789541999999,30371169.34645730,61433,190.23273000,14450087.13384490,0,2026-09-16 06:00:00+00:00
1789542000000,76030.01,76097.54,75739.36,75766.63,721.95197,1789545599999,54771237.06038570,90906,308.80691000,23427754.55419950,0,2026-09-16 07:00:00+00:00
1789545600000,75766.62,75766.62,75350.0,75736.01,690.76243,1789549199999,52177994.14510580,99326,287.55075000,21719758.46514600,0,2026-09-16 08:00:00+00:00
1789549200000,75736.01,75994.0,75730.0,75993.0,455.32651,1789552799999,34540652.29999160,69199,215.73746000,16366333.89055310,0,2026-09-16 09:00:00+00:00
1789552800000,75993.01,76046.05,75900.0,75990.2,314.78271,1789556399999,23918650.96333650,49634,165.96013000,12610620.74929270,0,2026-09-16 10:00:00+00:00
1789556400000,75990.2,76304.01,75874.0,76250.0,523.67545,1789559999999,39857261.22100550,100391,286.56468000,21814711.65670620,0,2026-09-16 11:00:00+00:00
1789560000000,76250.0,76300.0,75794.02,75967.99,566.86511,1789563599999,43117393.80042580,100453,248.28867000,18888869.91230560,0,2026-09-16 12:00:00+00:00
1789563600000,75967.98,75967.98,75585.09,75646.01,738.01439,1789567199999,55910038.22158690,182099,363.50976000,27539198.30045080,0,2026-09-16 13:00:00+00:00
1789567200000,75646.01,75830.48,75423.04,75697.82,705.96798,1789570799999,53398367.09406520,172175,355.78017000,26911349.79968720,0,2026-09-16 14:00:00+00:00
1789570800000,75697.83,75950.0,75552.79,75788.41,560.83704,1789574399999,42479587.35894630,135469,341.56346000,25872003.31250150,0,2026-09-16 15:00:00+00:00
1789574400000,75788.41,75883.75,75650.0,75768.0,367.73923,1789577999999,27867711.85398290,102100,184.50683000,13982310.23418830,0,2026-09-16 16:00:00+00:00
1789578000000,75768.0,75937.45,75353.07,75768.01,638.52702,1789581599999,48282809.63772270,126916,331.25220000,25054098.68899670,0,2026-09-16 17:00:00+00:00
1789581600000,75770.45,76560.76,75064.82,75632.0,3097.10326,1789585199999,235005140.36825400,657230,1671.37514000,126873635.85885170,0,2026-09-16 18:00:00+00:00
1789585200000,75632.01,76180.0,75250.0,76080.0,958.02578,1789588799999,72641601.68008300,288947,546.45122000,41447546.76508090,0,2026-09-16 19:00:00+00:00
1789588800000,76080.0,76422.01,76024.0,76178.34,511.84627,1789592399999,39014982.51130520,105247,289.77247000,22089200.53421630,0,2026-09-16 20:00:00+00:00
1789592400000,76178.35,76213.34,75933.11,75976.0,320.44714,1789595999999,24376885.39596920,52029,121.20608000,9221067.96216780,0,2026-09-16 21:00:00+00:00
1789596000000,75976.01,75986.01,75632.7,75675.88,525.52719,1789599599999,39801578.87223290,79688,140.25893000,10625612.88124770,0,2026-09-16 22:00:00+00:00
1789599600000,75675.88,76276.02,75643.61,76206.01,484.47864,1789603199999,36841693.16183350,101112,255.35752000,19421312.87961100,0,2026-09-16 23:00:00+00:00
1789603200000,76206.0,76511.18,76188.0,76342.77,472.88854,1789606799999,36121086.74534120,91686,328.95545000,25124453.09724930,0,2026-09-17 00:00:00+00:00
1789606800000,76342.77,76774.08,76222.0,76374.21,638.81754,1789610399999,48865010.24839010,96330,385.93998000,29519886.13907070,0,2026-09-17 01:00:00+00:00
1789610400000,76374.22,76485.13,76055.34,76370.01,496.68012,1789613999999,37888310.87998720,79646,277.72698000,21188751.33035990,0,2026-09-17 02:00:00+00:00
1789614000000,76370.01,76535.03,76370.01,76441.99,295.45137,1789617599999,22592349.76066880,50742,132.96515000,10166919.77116180,0,2026-09-17 03:00:00+00:00
1789617600000,76442.0,76598.0,76187.0,76539.81,275.54427,1789621199999,21035480.49814370,55930,152.97681000,11676470.22619880,0,2026-09-17 04:00:00+00:00
1789621200000,76539.82,76632.14,76318.0,76333.88,280.19303,1789624799999,21422072.40025200,59687,117.16096000,8956072.48017020,0,2026-09-17 05:00:00+00:00
1789624800000,76333.87,76598.01,76308.42,76477.45,271.83524,1789628399999,20789762.72475160,49450,142.08139000,10865348.64952620,0,2026-09-17 06:00:00+00:00
1789628400000,76477.46,76682.01,76425.34,76462.76,422.44395,1789631999999,32331811.89115750,60662,209.00078000,15994390.87401640,0,2026-09-17 07:00:00+00:00
1789632000000,76462.77,76591.46,76396.97,76574.63,422.26564,1789635599999,32302696.46456590,58829,217.81315000,16660736.18573600,0,2026-09-17 08:00:00+00:00
1789635600000,76574.63,76770.0,76468.04,76468.05,378.26739,1789639199999,28995345.77129980,72458,201.22322000,15425821.85283030,0,2026-09-17 09:00:00+00:00
1789639200000,76468.04,76470.49,76270.0,76402.01,413.8899,1789642799999,31601778.75365170,68348,183.45197000,14007844.47473960,0,2026-09-17 10:00:00+00:00
1789642800000,76402.01,76488.73,76179.0,76482.0,329.95092,1789646399999,25188555.38296130,66298,153.12642000,11689674.04309050,0,2026-09-17 11:00:00+00:00
1789646400000,76482.0,77179.47,76398.93,76736.59,970.25031,1789649999999,74592028.24291960,162931,611.06521000,46985177.85381470,0,2026-09-17 12:00:00+00:00
1789650000000,76736.59,76889.66,76000.0,76694.07,1013.37341,1789653599999,77441783.10260040,171170,547.87537000,41872406.90317950,0,2026-09-17 13:00:00+00:00
1789653600000,76694.06,77088.05,76391.44,76502.46,941.27248,1789657199999,72271111.46328060,206701,511.97079000,39308943.49442880,0,2026-09-17 14:00:00+00:00
1789657200000,76502.45,76862.85,76275.0,76780.01,472.36489,1789660799999,36159277.02411610,126597,264.17411000,20219674.88281790,0,2026-09-17 15:00:00+00:00
1789660800000,76780.01,76811.39,76534.0,76753.46,596.54444,1789664399999,45746235.32876410,112060,265.94379000,20398611.18430250,0,2026-09-17 16:00:00+00:00
1789664400000,76753.46,76970.01,76576.0,76667.86,711.49403,1789667999999,54646191.77403610,113564,371.51614000,28536259.68954320,0,2026-09-17 17:00:00+00:00
1789668000000,76667.87,76781.85,76470.4,76575.96,293.0973,1789671599999,22461653.22975660,75317,142.15698000,10893874.76452560,0,2026-09-17 18:00:00+00:00
1789671600000,76575.97,76677.42,76504.62,76594.01,292.32933,1789675199999,22387279.83800140,64173,153.77615000,11776291.90406380,0,2026-09-17 19:00:00+00:00
1789675200000,76594.01,76732.99,76500.0,76556.01,198.7874,1789678799999,15226310.72314820,44609,100.06026000,7664927.72762110,0,2026-09-17 20:00:00+00:00
1789678800000,76556.01,76616.01,76395.51,76415.85,210.95396,1789682399999,16144026.84055630,35573,93.06390000,7122202.28024320,0,2026-09-17 21:00:00+00:00
1789682400000,76415.85,76458.55,76259.98,76420.0,270.75161,1789685999999,20675777.31959850,51149,143.02062000,10922005.68379050,0,2026-09-17 22:00:00+00:00
1789686000000,76419.99,76510.01,76384.04,76417.01,255.57512,1789689599999,19539934.63094370,40648,135.27188000,10341647.90223680,0,2026-09-17 23:00:00+00:00
1789689600000,76417.01,76590.0,76296.0,76590.0,376.57511,1789693199999,28781072.48300750,59292,228.75546000,17481938.83850960,0,2026-09-18 00:00:00+00:00
1789693200000,76589.99,76763.86,76520.0,76744.01,577.60341,1789696799999,44255197.63229130,75712,240.61480000,18433036.02919580,0,2026-09-18 01:00:00+00:00
1789696800000,76744.01,77042.2,76644.0,76988.3,712.34227,1789700399999,54777694.88491030,81696,431.52250000,33177272.09416880,0,2026-09-18 02:00:00+00:00
1789700400000,76988.31,77597.83,76981.94,77383.47,920.49271,1789703999999,71207717.45907190,119626,586.57548000,45371997.48168280,0,2026-09-18 03:00:00+00:00
1789704000000,77383.47,77575.98,77216.76,77575.97,724.0507,1789707599999,55994365.08337270,83301,426.24060000,32961931.49043120,0,2026-09-18 04:00:00+00:00
1789707600000,77575.98,77715.48,77442.93,77493.8,717.75458,1789711199999,55663446.73084050,97379,392.34500000,30429559.98456430,0,2026-09-18 05:00:00+00:00
1789711200000,77493.8,77679.62,77402.32,77604.0,542.00013,1789714799999,42024527.69980140,82898,336.42667000,26086393.72489630,0,2026-09-18 06:00:00+00:00
1789714800000,77604.01,77850.0,77566.11,77798.01,1203.27789,1789718399999,93573338.50570160,114802,754.64519000,58684883.98938060,0,2026-09-18 07:00:00+00:00
1789718400000,77798.0,78279.8,77660.0,78272.15,1082.03924,1789721999999,84355126.58888680,122469,601.47183000,46895100.63678270,0,2026-09-18 08:00:00+00:00
1789722000000,78271.48,78490.79,77961.57,78212.01,1198.98878,1789725599999,93797887.76194530,122803,618.04782000,48357417.41757790,0,2026-09-18 09:00:00+00:00
1789725600000,78212.0,78369.86,78102.0,78285.34,396.04476,1789729199999,30981260.73316610,68295,218.58894000,17100634.76638010,0,2026-09-18 10:00:00+00:00
1789729200000,78285.35,78450.01,78026.0,78062.0,564.41098,1789732799999,44120661.50542610,98258,247.50423000,19350198.85638810,0,2026-09-18 11:00:00+00:00
1789732800000,78062.01,78182.01,77982.88,78043.11,508.65462,1789736399999,39708299.85895700,80927,209.83449000,16381489.64241170,0,2026-09-18 12:00:00+00:00
1789736400000,78043.12,80500.0,77972.3,80073.09,3127.05627,1789739999999,248583225.36417670,341061,1988.91510000,157978832.62740930,0,2026-09-18 13:00:00+00:00
1789740000000,80073.09,80989.99,80073.09,80937.83,3674.82612,1789743599999,295917272.66104100,409949,2071.56354000,166775128.86615960,0,2026-09-18 14:00:00+00:00
1789743600000,80937.83,81154.67,80501.0,80725.6,1900.06383,1789747199999,153601586.88572120,247038,917.67957000,74218755.19288400,0,2026-09-18 15:00:00+00:00
1789747200000,80725.6,81258.01,80671.53,80846.74,1155.99511,1789750799999,93579466.34409170,214129,513.87197000,41598089.32903180,0,2026-09-18 16:00:00+00:00
1789750800000,80846.75,81019.01,80555.54,81019.0,719.2946,1789754399999,58113004.17008650,150993,342.46122000,27677960.09150200,0,2026-09-18 17:00:00+00:00
1789754400000,81019.0,81148.0,80796.92,80938.43,787.61867,1789757999999,63763582.39404600,133447,414.94314000,33599411.01273820,0,2026-09-18 18:00:00+00:00
1789758000000,80938.44,81400.0,80912.0,81204.76,838.29021,1789761599999,68062771.66652460,157676,415.38779000,33730932.97291980,0,2026-09-18 19:00:00+00:00
1789761600000,81204.77,81235.0,80941.65,81110.01,620.55238,1789765199999,50324328.44626290,109366,235.30239000,19081416.29987010,0,2026-09-18 20:00:00+00:00
1789765200000,81110.01,81300.0,81092.0,81238.2,488.11936,1789768799999,39634279.67166090,76837,225.13848000,18281146.67179440,0,2026-09-18 21:00:00+00:00
1789768800000,81238.2,81370.57,81077.55,81139.02,440.33445,1789772399999,35761994.39962420,68803,204.89217000,16639702.87843780,0,2026-09-18 22:00:00+00:00
1789772400000,81139.03,81200.0,80862.61,80883.87,631.39344,1789775999999,51140678.47938000,76352,310.04790000,25118736.25506270,0,2026-09-18 23:00:00+00:00
1789776000000,80883.86,81668.99,80844.58,81668.98,754.37622,1789779599999,61284330.03502520,108783,481.19170000,39098794.88889870,0,2026-09-19 00:00:00+00:00
1789779600000,81668.99,81741.0,81050.0,81280.99,565.42177,1789783199999,45998018.80916810,126630,215.55880000,17540503.36517880,0,2026-09-19 01:00:00+00:00
1789783200000,81281.0,81445.71,81264.0,81304.72,394.3587,1789786799999,32077360.97009340,70904,144.46652000,11750967.44639530,0,2026-09-19 02:00:00+00:00
1789786800000,81304.73,81402.01,81114.08,81136.01,229.75185,1789790399999,18665023.13699050,46925,87.22655000,7086090.79127820,0,2026-09-19 03:00:00+00:00
1789790400000,81136.02,81228.03,80911.12,81024.0,323.92635,1789793999999,26260930.57313350,63706,128.50816000,10420115.80911550,0,2026-09-19 04:00:00+00:00
1789794000000,81024.01,81146.01,81012.0,81040.01,235.78799,1789797599999,19113592.81685320,47112,76.92008000,6235422.27062820,0,2026-09-19 05:00:00+00:00
1789797600000,81040.01,81101.68,80925.76,81052.01,223.96356,1789801199999,18147436.48471920,42451,89.87955000,7283105.37401550,0,2026-09-19 06:00:00+00:00
1789801200000,81052.02,81250.0,81032.0,81100.16,250.51895,1789804799999,20322067.16281290,46836,121.73402000,9875168.03732920,0,2026-09-19 07:00:00+00:00
1789804800000,81100.17,81413.27,81075.28,81312.01,342.31658,1789808399999,27813191.86620750,71258,217.35258000,17656410.98216370,0,2026-09-19 08:00:00+00:00
1789808400000,81312.01,81528.01,81246.5,81325.77,433.58513,1789811999999,35286239.48541800,77431,198.68722000,16172084.62501880,0,2026-09-19 09:00:00+00:00
1789812000000,81325.38,81330.29,81199.99,81216.7,532.29651,1789815599999,43260047.65814100,50225,247.98007000,20150816.54100580,0,2026-09-19 10:00:00+00:00
1789815600000,81216.71,81374.15,81212.98,81302.63,328.56609,1789819199999,26710528.22497890,36519,162.30052000,13193537.11135150,0,2026-09-19 11:00:00+00:00
1789819200000,81302.63,81369.86,81223.16,81330.0,317.04895,1789822799999,25774793.55103150,47682,134.53118000,10937195.23209480,0,2026-09-19 12:00:00+00:00
1789822800000,81330.01,81366.46,81183.28,81364.01,395.12402,1789826399999,32114243.32106410,56113,210.95913000,17146444.42986050,0,2026-09-19 13:00:00+00:00
1789826400000,81364.0,81639.61,81342.0,81586.01,636.7659,1789829999999,51893289.71748730,80538,384.06981000,31298529.68432270,0,2026-09-19 14:00:00+00:00
1789830000000,81586.02,81951.0,81566.79,81636.01,1013.35194,1789833599999,82819079.34208890,128019,572.13567000,46757656.29423260,0,2026-09-19 15:00:00+00:00
1789833600000,81636.01,81914.01,81472.0,81839.49,733.82297,1789837199999,60022233.15102970,117799,484.70091000,39650686.55616850,0,2026-09-19 16:00:00+00:00
1789837200000,81839.48,81857.21,81447.9,81464.01,484.00387,1789840799999,39505122.22173600,79445,184.28196000,15042642.78528470,0,2026-09-19 17:00:00+00:00
1789840800000,81464.0,81534.01,81334.0,81428.07,267.92194,1789844399999,21820564.34641770,69068,96.98573000,7898471.32220850,0,2026-09-19 18:00:00+00:00
1789844400000,81428.07,81454.01,81309.68,81354.01,261.59782,1789847999999,21286841.07888030,43098,112.77897000,9176036.77912260,0,2026-09-19 19:00:00+00:00
1789848000000,81354.01,81431.13,81080.24,81155.33,460.01461,1789851599999,37386221.38317090,66451,174.09308000,14143730.43476160,0,2026-09-19 20:00:00+00:00
1789851600000,81155.33,81222.15,80904.46,81100.41,489.7616,1789855199999,39692920.03923270,90069,152.03342000,12322878.45203190,0,2026-09-19 21:00:00+00:00
1789855200000,81100.42,81268.01,80962.0,81261.35,319.56997,1789858799999,25918195.39479130,44614,146.37587000,11875960.15242850,0,2026-09-19 22:00:00+00:00
1789858800000,81261.35,81373.34,81221.33,81249.99,669.91377,1789862399999,54449574.81350680,36713,309.91112000,25187277.28271660,0,2026-09-19 23:00:00+00:00
1789862400000,81249.99,81330.01,81208.83,81293.37,451.18444,1789865999999,36675996.73164240,41933,276.53138000,22478568.81655220,0,2026-09-20 00:00:00+00:00
1789866000000,81293.37,81300.0,81027.11,81097.99,269.37026,1789869599999,21852113.31716740,49214,113.84446000,9234300.79351300,0,2026-09-20 01:00:00+00:00
1789869600000,81098.0,81175.62,80263.66,80331.52,1157.59556,1789873199999,93383139.20837510,134761,361.84192000,29195207.05171720,0,2026-09-20 02:00:00+00:00
1789873200000,80331.52,80525.83,80126.04,80486.38,1168.06535,1789876799999,93874558.98022810,127772,647.30402000,52030132.65081760,0,2026-09-20 03:00:00+00:00
1789876800000,80486.38,80541.11,80311.01,80432.4,299.2223,1789880399999,24065342.77677310,64804,140.49289000,11299543.62442780,0,2026-09-20 04:00:00+00:00
1789880400000,80432.4,80668.15,80408.7,80494.31,837.20344,1789883999999,67433830.07848990,88214,604.45671000,48690667.10263370,0,2026-09-20 05:00:00+00:00
1789884000000,80494.31,80607.5,80227.27,80309.44,458.02321,1789887599999,36819834.92252950,64977,217.66375000,17496980.53662470,0,2026-09-20 06:00:00+00:00
1789887600000,80309.45,80420.01,80288.0,80311.61,229.11226,1789891199999,18406475.79349840,42478,146.62109000,11778737.28070180,0,2026-09-20 07:00:00+00:00
1789891200000,80311.6,80453.9,80165.49,80264.85,288.38791,1789894799999,23166693.24693840,46452,172.29898000,13842701.34730910,0,2026-09-20 08:00:00+00:00
1789894800000,80264.85,80581.82,80256.82,80470.01,215.53752,1789898399999,17333113.24558410,43008,141.97226000,11414193.19875280,0,2026-09-20 09:00:00+00:00
1789898400000,80470.01,80515.83,80319.58,80319.58,199.82514,1789901999999,16061359.51864540,52708,90.13614000,7244231.55908480,0,2026-09-20 10:00:00+00:00
1789902000000,80319.58,80534.64,80286.0,80493.2,592.53775,1789905599999,47652777.30622760,76381,424.26623000,34121324.04145530,0,2026-09-20 11:00:00+00:00
1789905600000,80493.21,80534.01,80327.64,80493.76,317.39005,1789909199999,25527735.10422570,54835,178.26001000,14336937.01267460,0,2026-09-20 12:00:00+00:00
1789909200000,80493.76,80650.58,80428.0,80564.57,263.56917,1789912799999,21228136.04911000,55495,159.13168000,12816628.11522330,0,2026-09-20 13:00:00+00:00
1789912800000,80564.58,80789.33,80414.0,80682.01,430.31363,1789916399999,34701961.10574480,82378,257.42455000,20762109.09618800,0,2026-09-20 14:00:00+00:00
1789916400000,80682.01,80969.84,80666.66,80912.0,468.43514,1789919999999,37864242.42078540,101888,271.36214000,21935873.91831680,0,2026-09-20 15:00:00+00:00
1789920000000,80912.0,81497.33,80811.03,81334.01,1104.23835,1789923599999,89666467.91494570,197506,730.88621000,59344951.41906680,0,2026-09-20 16:00:00+00:00
1789923600000,81334.01,81462.0,81068.08,81147.94,620.12017,1789927199999,50398379.00931350,138244,320.33246000,26035554.65962020,0,2026-09-20 17:00:00+00:00
1789927200000,81147.94,81314.01,81030.97,81036.0,239.43349,1789930799999,19431823.14916160,65582,98.90205000,8028405.42358170,0,2026-09-20 18:00:00+00:00
1789930800000,81036.0,81294.01,81036.0,81177.32,187.99727,1789934399999,15260008.53042500,49177,105.55108000,8566914.39335050,0,2026-09-20 19:00:00+00:00
1789934400000,81177.32,81224.27,81078.18,81091.85,225.52232,1789937999999,18301581.77927410,44003,85.55847000,6943351.53422000,0,2026-09-20 20:00:00+00:00
1789938000000,81091.86,81091.86,80579.43,80932.01,354.30196,1789941599999,28647834.59833970,137601,140.36864000,11348564.30939680,0,2026-09-20 21:00:00+00:00
1789941600000,80932.01,81295.5,80774.56,81222.85,371.27801,1789945199999,30123495.81167730,118297,186.25144000,15110007.98707300,0,2026-09-20 22:00:00+00:00
1789945200000,81222.84,81332.01,81135.15,81178.0,245.01823,1789948799999,19901052.69214340,63570,139.87078000,11360535.07181840,0,2026-09-20 23:00:00+00:00
1789948800000,81178.01,81849.15,81178.01,81607.72,855.46281,1789952399999,69830318.27522680,232028,431.55870000,35226923.61104020,0,2026-09-21 00:00:00+00:00
1789952400000,81607.72,82100.0,80850.22,80996.97,1183.18776,1789955999999,96538796.50204240,272029,599.95800000,49000008.59819690,0,2026-09-21 01:00:00+00:00
1789956000000,80996.98,81514.01,80952.35,81310.61,488.74903,1789959599999,39722881.85850290,129829,236.30802000,19204659.92479260,0,2026-09-21 02:00:00+00:00
1789959600000,81310.61,81576.01,81250.0,81425.23,378.81841,1789963199999,30843625.83043920,77487,188.02039000,15308285.41014830,0,2026-09-21 03:00:00+00:00
1789963200000,81425.24,81509.25,81228.15,81400.01,436.96949,1789966799999,35546583.77726410,73670,185.06041000,15053536.44903590,0,2026-09-21 04:00:00+00:00
1789966800000,81400.0,81792.01,81302.05,81550.0,458.38404,1789970399999,37387506.24186310,85251,248.61712000,20280040.12260700,0,2026-09-21 05:00:00+00:00
1789970400000,81550.01,81878.98,81400.0,81639.9,532.02348,1789973999999,43455229.70904480,108562,278.44611000,22742642.87628540,0,2026-09-21 06:00:00+00:00
1789974000000,81639.91,81725.74,81458.42,81720.01,624.88244,1789977599999,50973941.13273150,106218,192.09847000,15671927.99310220,0,2026-09-21 07:00:00+00:00
1789977600000,81720.01,84174.1,81720.0,83760.0,4553.74746,1789981199999,378715882.17733890,373451,2809.71607000,233558019.70391830,0,2026-09-21 08:00:00+00:00
1789981200000,83760.0,85299.87,83700.0,84653.71,3826.57309,1789984799999,323430565.88580770,385286,2143.75100000,181242520.80279200,0,2026-09-21 09:00:00+00:00
1789984800000,84653.7,84816.42,84130.21,84441.77,1696.63605,1789988399999,143292893.92916790,208194,937.00552000,79140137.62395050,0,2026-09-21 10:00:00+00:00
1789988400000,84441.77,84917.36,84392.41,84887.19,1151.00512,1789991999999,97501084.46814360,186872,668.18403000,56592980.06573190,0,2026-09-21 11:00:00+00:00
1789992000000,84887.19,85473.68,84820.0,85323.0,2004.93408,1789995599999,170750404.91809010,257425,988.52954000,84179232.55833720,0,2026-09-21 12:00:00+00:00
1789995600000,85323.0,85845.27,84778.0,85466.34,2331.00479,1789999199999,198724171.36428840,330657,1034.99464000,88269325.07123910,0,2026-09-21 13:00:00+00:00
1789999200000,85466.35,86125.0,85050.0,85844.14,2395.21576,1790002799999,205211978.06972020,329524,1156.48173000,99056130.69213310,0,2026-09-21 14:00:00+00:00
1790002800000,85844.13,86344.7,85799.99,85927.71,1968.31466,1790006399999,169301997.68150680,248314,971.85453000,83592227.51310480,0,2026-09-21 15:00:00+00:00
1790006400000,85927.71,86103.73,85607.42,85961.91,1192.70075,1790009999999,102379310.36259070,175861,585.72855000,50282295.59185100,0,2026-09-21 16:00:00+00:00
1790010000000,85961.91,86108.0,85667.5,85897.21,651.02583,1790013599999,55917480.97418300,140699,258.07724000,22165981.79808170,0,2026-09-21 17:00:00+00:00
1790013600000,85897.2,86071.19,85800.0,86051.75,748.46369,1790017199999,64335956.58133610,101453,350.25071000,30105869.43496170,0,2026-09-21 18:00:00+00:00
1790017200000,86051.75,86895.7,85980.76,86490.11,1357.8892,1790020799999,117396320.51980690,174372,730.89739000,63194010.20093250,0,2026-09-21 19:00:00+00:00
1790020800000,86490.11,87395.67,86490.11,87001.68,1271.53725,1790024399999,110657997.36393360,174192,648.63713000,56442328.31979120,0,2026-09-21 20:00:00+00:00
1790024400000,87001.68,87001.68,86537.53,86588.29,569.97751,1790027999999,49425047.67789920,86154,287.74430000,24950995.35128030,0,2026-09-21 21:00:00+00:00
1790028000000,86588.29,86758.01,86295.78,86453.74,657.63026,1790031599999,56883092.15360160,105251,321.80228000,27838216.58842710,0,2026-09-21 22:00:00+00:00
1790031600000,86453.73,86697.52,86364.05,86620.0,628.04576,1790035199999,54336816.36816940,98225,291.48548000,25219364.67021020,0,2026-09-21 23:00:00+00:00
1790035200000,86620.01,86625.82,85867.68,85890.71,1126.88778,1790038799999,97231665.66289750,175423,469.42129000,40506487.97308530,0,2026-09-22 00:00:00+00:00
1790038800000,85890.72,85973.79,85395.27,85616.23,890.84342,1790042399999,76356818.56481050,162002,382.86887000,32817973.42689810,0,2026-09-22 01:00:00+00:00
1790042400000,85616.23,85879.25,85300.0,85714.9,898.97691,1790045999999,76960114.79457910,134382,373.77233000,32014957.62617460,0,2026-09-22 02:00:00+00:00
1790046000000,85714.91,85750.01,85300.01,85692.83,703.23804,1790049599999,60148990.83940520,159961,335.73906000,28720130.82587460,0,2026-09-22 03:00:00+00:00
1790049600000,85692.83,85730.23,85425.2,85452.0,594.93381,1790053199999,50912892.20408990,106638,326.53380000,27945919.07052480,0,2026-09-22 04:00:00+00:00
1790053200000,85452.01,85600.0,85114.0,85397.37,844.33342,1790056799999,72078234.08387880,122144,418.18448000,35702733.37420820,0,2026-09-22 05:00:00+00:00
1790056800000,85397.38,85581.52,85250.0,85384.01,582.94729,1790060399999,49784303.20430790,98277,315.97936000,26987410.03151450,0,2026-09-22 06:00:00+00:00
1790060400000,85384.02,85500.0,85157.31,85344.0,1045.96764,1790063999999,89224029.13995890,124549,420.52605000,35875498.12760440,0,2026-09-22 07:00:00+00:00
1790064000000,85344.01,86377.77,85327.42,86223.77,1208.65549,1790067599999,103781491.19678640,172253,751.30556000,64498372.58574550,0,2026-09-22 08:00:00+00:00
1790067600000,86223.77,86271.22,85681.83,86253.99,951.86983,1790071199999,81830410.07894830,182521,416.77532000,35841661.64114430,0,2026-09-22 09:00:00+00:00
1790071200000,86253.99,86262.01,85723.04,85904.0,634.44661,1790074799999,54518628.40707610,115812,261.46620000,22470036.73004500,0,2026-09-22 10:00:00+00:00
1790074800000,85904.0,86142.01,85774.27,85986.62,661.52703,1790078399999,56886037.20623540,118965,301.52053000,25929903.51368480,0,2026-09-22 11:00:00+00:00
1790078400000,85986.62,86182.2,85782.52,86024.01,1020.45206,1790081999999,87734023.48705410,136686,428.66274000,36858846.68168200,0,2026-09-22 12:00:00+00:00
1790082000000,86024.01,86370.0,85569.46,86346.01,1218.84156,1790085599999,104794397.23172830,239904,590.03830000,50736634.99219950,0,2026-09-22 13:00:00+00:00
1790085600000,86346.01,86470.58,85461.53,86258.01,1551.74098,1790089199999,133432370.48440270,297564,642.55937000,55257002.37409790,0,2026-09-22 14:00:00+00:00
1790089200000,86258.0,86717.6,86124.3,86413.12,1020.77769,1790092799999,88149735.42661770,194272,459.44212000,39683166.11516120,0,2026-09-22 15:00:00+00:00
1790092800000,86413.11,86588.3,86033.18,86421.13,1068.78379,1790096399999,92208431.18023420,155149,411.03863000,35466539.08413110,0,2026-09-22 16:00:00+00:00
1790096400000,86421.13,86660.0,86247.8,86570.24,1073.02563,1790099999999,92798635.46911780,114179,421.07877000,36421613.67503500,0,2026-09-22 17:00:00+00:00
1790100000000,86570.24,86649.06,86241.4,86461.44,1025.36943,1790103599999,88647817.62091160,118937,453.92264000,39239207.93148430,0,2026-09-22 18:00:00+00:00
1790103600000,86461.45,86584.55,86139.37,86192.44,1139.5808,1790107199999,98465390.65688390,124071,444.13457000,38380747.41997860,0,2026-09-22 19:00:00+00:00
1790107200000,86192.45,86378.32,86132.0,86264.01,646.72345,1790110799999,55787269.33062700,66726,237.93125000,20524111.30711590,0,2026-09-22 20:00:00+00:00
1790110800000,86264.01,86344.01,86178.0,86184.01,334.95129,1790114399999,28892203.16709870,49702,123.88484000,10686226.21897240,0,2026-09-22 21:00:00+00:00
1790114400000,86184.0,86284.01,86000.0,86124.01,473.14621,1790117999999,40768809.30858090,90952,193.56867000,16679625.37205000,0,2026-09-22 22:00:00+00:00
1790118000000,86124.01,86504.17,86095.31,86208.56,610.43797,1790121599999,52643416.11452970,125706,304.93188000,26292721.73702100,0,2026-09-22 23:00:00+00:00
1790121600000,86208.57,86588.3,86133.4,86457.3,617.38252,1790125199999,53342409.54855770,110803,272.91972000,23577604.38379060,0,2026-09-23 00:00:00+00:00
1790125200000,86457.31,86845.39,86169.74,86370.0,781.39738,1790128799999,67648746.21858640,122224,479.42476000,41520141.62214510,0,2026-09-23 01:00:00+00:00
1790128800000,86370.01,86638.15,86260.01,86552.26,553.16487,1790132399999,47837612.70978710,104923,409.24814000,35391548.75253850,0,2026-09-23 02:00:00+00:00
1790132400000,86552.27,86975.51,86436.35,86704.27,495.62113,1790135999999,42987936.47882460,83961,305.51221000,26497039.64196990,0,2026-09-23 03:00:00+00:00
1790136000000,86704.27,87278.54,86636.0,87166.95,876.93454,1790139599999,76322337.77939530,138611,531.88187000,46284970.25163950,0,2026-09-23 04:00:00+00:00
1790139600000,87166.94,87166.95,86424.0,86496.01,734.60459,1790143199999,63752829.50199370,142309,285.36866000,24763637.58180760,0,2026-09-23 05:00:00+00:00
1790143200000,86496.0,86609.93,86375.0,86469.66,728.90495,1790146799999,63055773.10663660,79387,420.35006000,36363352.96707540,0,2026-09-23 06:00:00+00:00
1790146800000,86469.67,86469.67,86000.0,86124.77,902.10402,1790150399999,77824001.54924450,137131,342.24121000,29526696.96231970,0,2026-09-23 07:00:00+00:00
1790150400000,86124.77,86264.01,85688.0,85899.99,908.01386,1790153999999,78120204.29425910,134515,303.90759000,26143118.12069930,0,2026-09-23 08:00:00+00:00
1790154000000,85899.99,86024.01,85734.01,85854.33,592.82384,1790157599999,50916803.66184920,78620,263.40852000,22624327.74787490,0,2026-09-23 09:00:00+00:00
1790157600000,85854.34,85934.02,85658.75,85923.07,574.90087,1790161199999,49338244.00448690,95389,333.78046000,28647399.69784510,0,2026-09-23 10:00:00+00:00
1790161200000,85923.07,85966.04,85450.88,85649.95,706.12351,1790164799999,60460291.09725120,114013,280.93579000,24054099.75348830,0,2026-09-23 11:00:00+00:00
1790164800000,85649.96,85675.04,85267.32,85510.91,731.94616,1790168399999,62563289.37149680,137527,331.71449000,28356521.61232390,0,2026-09-23 12:00:00+00:00
1790168400000,85510.9,85878.01,85288.0,85792.01,1074.83799,1790171999999,92024842.29639060,215242,552.75865000,47329961.21215460,0,2026-09-23 13:00:00+00:00
1790172000000,85792.01,85940.32,83864.07,84533.99,4612.32757,1790175599999,389805969.07727490,426698,1921.21673000,162321919.75532520,0,2026-09-23 14:00:00+00:00
1790175600000,84534.0,84794.01,83950.0,83996.01,1886.75286,1790179199999,159273230.43920980,252474,758.87237000,64079358.42948160,0,2026-09-23 15:00:00+00:00
1790179200000,83996.0,84363.19,83500.01,84038.0,1490.08224,1790182799999,125158802.41947970,239856,672.93943000,56536098.84189310,0,2026-09-23 16:00:00+00:00
1790182800000,84038.01,84392.56,83699.27,84326.56,1153.11912,1790186399999,96946464.35593100,184082,647.16125000,54422465.74086030,0,2026-09-23 17:00:00+00:00
1790186400000,84326.55,84411.0,84136.0,84330.0,661.4068,1790189999999,55728858.93666060,119583,344.99088000,29065595.28423140,0,2026-09-23 18:00:00+00:00
1790190000000,84330.0,84565.21,84228.0,84518.0,667.95349,1790193599999,56386836.27605070,107988,339.69900000,28675336.46701300,0,2026-09-23 19:00:00+00:00
1790193600000,84518.0,84569.94,84224.01,84232.86,422.98773,1790197199999,35679602.61228960,76380,138.45005000,11679545.16837670,0,2026-09-23 20:00:00+00:00
1790197200000,84232.86,84516.01,84212.68,84419.48,416.52546,1790200799999,35150631.92044800,66814,177.77182000,15001134.64664990,0,2026-09-23 21:00:00+00:00
1790200800000,84419.49,84670.01,84344.51,84563.01,361.03249,1790204399999,30517559.84905350,76680,141.33789000,11948138.38059000,0,2026-09-23 22:00:00+00:00
1790204400000,84563.01,84566.0,84352.0,84397.6,199.98478,1790207999999,16893588.65164040,56686,78.78097000,6654885.29417720,0,2026-09-23 23:00:00+00:00
1790208000000,84397.6,84494.5,84213.99,84318.0,498.25449,1790211599999,42029724.72437060,103873,262.30297000,22125723.43364150,0,2026-09-24 00:00:00+00:00
1790211600000,84318.0,84470.47,84064.0,84104.35,584.80296,1790215199999,49267816.02861950,121489,248.66091000,20949701.90049470,0,2026-09-24 01:00:00+00:00
1790215200000,84104.35,84372.01,83744.7,84365.54,649.85626,1790218799999,54628291.63468020,114927,271.28291000,22817680.61819600,0,2026-09-24 02:00:00+00:00
1790218800000,84365.55,84480.01,83850.0,83934.01,368.89645,1790222399999,31033954.24505810,87260,173.18660000,14572406.94510920,0,2026-09-24 03:00:00+00:00
1790222400000,83934.01,84054.05,83781.89,84046.0,361.13702,1790225999999,30293174.37034690,81695,180.98608000,15182783.45867170,0,2026-09-24 04:00:00+00:00
1790226000000,84046.0,84400.0,83959.55,83978.02,317.28584,1790229599999,26709454.96424020,79892,158.24084000,13322850.03904080,0,2026-09-24 05:00:00+00:00
1790229600000,83978.02,84225.07,83918.84,84113.99,490.3723,1790233199999,41250959.91983840,113388,186.06952000,15649810.11347180,0,2026-09-24 06:00:00+00:00
1790233200000,84114.0,84612.01,83950.0,84524.02,983.17968,1790236799999,82974731.63152270,124164,561.96919000,47438031.11543920,0,2026-09-24 07:00:00+00:00
1790236800000,84524.02,84622.01,83301.0,83660.0,1604.94809,1790240399999,134704970.93727600,222914,841.20038000,70669389.70705470,0,2026-09-24 08:00:00+00:00
1790240400000,83660.01,83743.43,82874.93,83263.95,1740.04754,1790243999999,144803102.71132880,240310,617.68403000,51438092.62300070,0,2026-09-24 09:00:00+00:00
1790244000000,83263.96,83566.66,83156.0,83512.2,948.52494,1790247599999,79071474.89959250,142280,517.02802000,43108584.27645220,0,2026-09-24 10:00:00+00:00
1790247600000,83512.2,83616.01,83399.47,83494.58,547.2589,1790251199999,45703674.18312260,83770,246.12540000,20553264.16697640,0,2026-09-24 11:00:00+00:00
1790251200000,83494.59,83670.01,83346.66,83604.26,495.65647,1790254799999,41393607.36164860,106358,227.80973000,19024288.12543320,0,2026-09-24 12:00:00+00:00
1790254800000,83604.26,84340.01,83600.0,84258.43,1073.28333,1790258399999,90133999.59429490,253895,609.61496000,51201104.52573570,0,2026-09-24 13:00:00+00:00
1790258400000,84258.42,84942.45,83388.88,83673.77,2183.00027,1790261999999,184040622.42634970,292893,819.81302000,69143755.69063490,0,2026-09-24 14:00:00+00:00
1790262000000,83673.77,84468.01,83508.0,84418.0,1011.03559,1790265599999,84994898.22575820,199269,541.77042000,45546385.15577500,0,2026-09-24 15:00:00+00:00
1790265600000,84418.01,84924.01,84044.02,84500.33,1160.39204,1790269199999,98121849.81881750,242494,598.19476000,50589478.19010550,0,2026-09-24 16:00:00+00:00
1790269200000,84500.32,84562.01,84017.68,84110.0,702.81371,1790272799999,59249423.60243040,152998,270.84589000,22837625.34631570,0,2026-09-24 17:00:00+00:00
1790272800000,84110.0,84554.0,83888.0,84476.01,511.24518,1790276399999,43109187.16049710,126333,245.65725000,20712841.65803880,0,2026-09-24 18:00:00+00:00
1790276400000,84476.01,84660.0,84298.0,84412.65,650.38242,1790279999999,54961752.37880660,108993,303.64227000,25659278.46883200,0,2026-09-24 19:00:00+00:00
1790280000000,84412.64,84500.0,84170.0,84371.63,604.1686,1790283599999,50959793.77346170,98072,327.22778000,27605343.13645300,0,2026-09-24 20:00:00+00:00
1790283600000,84371.62,84501.16,84290.0,84350.0,421.87972,1790287199999,35607585.55082820,71742,252.84793000,21338767.23946290,0,2026-09-24 21:00:00+00:00
1790287200000,84350.0,84368.01,83948.43,84277.32,524.2865,1790290799999,44136761.83218060,75906,208.60955000,17562095.32624630,0,2026-09-24 22:00:00+00:00
1790290800000,84277.32,84473.58,84269.99,84410.24,270.91141,1790294399999,22861335.69832670,48136,126.73544000,10694307.19207430,0,2026-09-24 23:00:00+00:00
1790294400000,84410.24,84718.02,84410.24,84590.01,583.04093,1790297999999,49335763.30479770,106097,273.09282000,23106911.99439790,0,2026-09-25 00:00:00+00:00
1790298000000,84590.01,84796.51,84366.0,84610.73,553.77183,1790301599999,46853025.44024950,103834,258.44715000,21866960.28231450,0,2026-09-25 01:00:00+00:00
1790301600000,84610.74,84888.0,84180.0,84226.16,577.26362,1790305199999,48833084.21303810,99516,175.97477000,14888249.67658950,0,2026-09-25 02:00:00+00:00
1790305200000,84226.17,84385.1,84063.18,84231.19,421.10752,1790308799999,35475662.06316420,79826,188.64732000,15894593.82649180,0,2026-09-25 03:00:00+00:00
1790308800000,84231.19,84298.01,84061.22,84208.01,494.24466,1790312399999,41602855.47134810,61400,247.14484000,20803021.48609630,0,2026-09-25 04:00:00+00:00
1790312400000,84208.0,84347.86,84096.94,84194.01,303.94989,1790315999999,25594662.01584080,52792,136.99885000,11536481.44687350,0,2026-09-25 05:00:00+00:00
1790316000000,84194.0,84284.01,83938.0,84036.0,402.77283,1790319599999,33861983.20905430,72129,166.98447000,14040021.13643370,0,2026-09-25 06:00:00+00:00
1790319600000,84036.01,84096.01,83750.5,84043.96,1342.44951,1790323199999,112717117.20745850,95568,605.01731000,50800180.48660930,0,2026-09-25 07:00:00+00:00
1790323200000,84043.96,84512.0,84028.98,84417.06,686.85192,1790326799999,57858810.58239290,85249,441.43062000,37181781.29623640,0,2026-09-25 08:00:00+00:00
1790326800000,84417.05,84870.0,84417.05,84570.01,698.57495,1790330399999,59137200.07680530,83642,357.39532000,30250832.51673720,0,2026-09-25 09:00:00+00:00
1790330400000,84570.02,84870.0,84394.0,84713.66,540.8531,1790333999999,45792628.52325820,82006,264.18898000,22369474.74899930,0,2026-09-25 10:00:00+00:00
1790334000000,84713.67,85255.0,84567.02,84582.64,1799.94837,1790337599999,153038234.88361460,163756,1166.79730000,99241244.32345840,0,2026-09-25 11:00:00+00:00
1790337600000,84582.64,84704.0,83900.0,84471.8,1293.76547,1790341199999,109169220.48568900,234075,547.80335000,46227268.11269280,0,2026-09-25 12:00:00+00:00
1790341200000,84471.79,84600.01,83530.06,83923.71,1647.67121,1790344799999,138575414.39733540,320091,702.70484000,59122921.69875180,0,2026-09-25 13:00:00+00:00
1790344800000,83923.71,84030.01,83183.0,84016.01,2047.65742,1790348399999,171277495.13419700,358243,866.84619000,72504758.88457930,0,2026-09-25 14:00:00+00:00
1790348400000,84016.01,84092.01,83363.63,83796.01,1178.04356,1790351999999,98648761.09920970,255566,423.03073000,35437411.78035480,0,2026-09-25 15:00:00+00:00
1790352000000,83796.01,84115.87,83720.0,83742.22,787.15982,1790355599999,66076705.71909190,172808,381.73824000,32041973.18721000,0,2026-09-25 16:00:00+00:00
1790355600000,83742.23,83995.84,83628.0,83785.11,596.02916,1790359199999,49967104.95424870,108969,321.41936000,26944788.66484150,0,2026-09-25 17:00:00+00:00
1790359200000,83785.11,84081.41,83785.11,83968.0,341.90397,1790362799999,28707845.18084080,65530,157.29907000,13206197.14660220,0,2026-09-25 18:00:00+00:00
1790362800000,83968.01,84078.23,83934.0,84020.01,328.96659,1790366399999,27636486.56497980,62947,167.49005000,14070092.23806130,0,2026-09-25 19:00:00+00:00
1790366400000,84020.01,84193.39,83817.89,83886.0,308.93872,1790369999999,25958148.42690340,55988,148.69255000,12494518.38488260,0,2026-09-25 20:00:00+00:00
1790370000000,83886.01,83921.36,83632.03,83792.0,365.84717,1790373599999,30648142.52148340,56557,125.95640000,10549045.27888740,0,2026-09-25 21:00:00+00:00
1790373600000,83792.0,84123.35,83765.26,84083.05,367.91947,1790377199999,30908925.10126030,45404,191.31512000,16074601.67319930,0,2026-09-25 22:00:00+00:00
1790377200000,84083.05,84106.0,84020.0,84099.99,387.5335,1790380799999,32581702.11723470,26603,224.71829000,18893032.72920330,0,2026-09-25 23:00:00+00:00
1790380800000,84100.0,84145.26,83798.0,83910.01,384.81627,1790384399999,32312893.13755170,50730,156.35704000,13126640.53446340,0,2026-09-26 00:00:00+00:00
1790384400000,83910.01,84086.01,83906.72,84076.66,380.38641,1790387999999,31941592.63160400,44570,177.53842000,14907873.45718920,0,2026-09-26 01:00:00+00:00
1790388000000,84076.67,84138.6,83996.0,84010.0,353.25072,1790391599999,29686730.96701080,43716,149.05712000,12526347.57847840,0,2026-09-26 02:00:00+00:00
1790391600000,84010.0,84049.83,83909.98,83939.0,235.38951,1790395199999,19765901.74524360,35737,139.10138000,11680617.53448010,0,2026-09-26 03:00:00+00:00
1790395200000,83939.01,84045.65,83848.91,83976.0,366.5919,1790398799999,30778408.99085340,45671,186.01741000,15619178.03764170,0,2026-09-26 04:00:00+00:00
1790398800000,83976.01,84012.93,83891.27,83919.69,196.5401,1790402399999,16500367.54944430,36202,93.89638000,7882885.55643280,0,2026-09-26 05:00:00+00:00
1790402400000,83919.69,83968.01,83876.58,83891.22,292.11571,1790405999999,24513350.87438210,42208,136.64802000,11467140.34011360,0,2026-09-26 06:00:00+00:00
1790406000000,83891.23,84134.01,83891.23,84116.8,280.35605,1790409599999,23558940.08916990,34583,182.38305000,15326056.62644710,0,2026-09-26 07:00:00+00:00
1790409600000,84116.79,84336.96,84032.06,84220.01,377.1799,1790413199999,31748531.65796860,44287,240.59558000,20250837.20257480,0,2026-09-26 08:00:00+00:00
1790413200000,84220.01,84220.01,83966.03,84021.95,300.20233,1790416799999,25230302.72507860,57722,119.01774000,10003364.89440900,0,2026-09-26 09:00:00+00:00
1790416800000,84021.96,84184.95,84021.95,84179.92,213.98608,1790420399999,18003616.95908200,38385,132.37199000,11136616.71496180,0,2026-09-26 10:00:00+00:00
1790420400000,84179.92,84199.97,84130.79,84176.0,198.01949,1790423999999,16668166.64398270,31407,88.89172000,7482213.22561730,0,2026-09-26 11:00:00+00:00
1790424000000,84176.0,84204.88,84050.0,84051.9,235.98415,1790427599999,19851232.74283230,32374,113.46421000,9544878.47740700,0,2026-09-26 12:00:00+00:00
1790427600000,84051.89,84125.45,83856.23,83939.1,442.96191,1790431199999,37191238.69533090,46572,170.78942000,14339728.39521890,0,2026-09-26 13:00:00+00:00
1790431200000,83939.11,84049.19,83919.1,84020.0,252.95346,1790434799999,21243720.45296080,26679,130.72184000,10977877.86546870,0,2026-09-26 14:00:00+00:00
1790434800000,84020.01,84190.0,84010.49,84155.99,441.81063,1790438399999,37153233.81456300,38407,263.52041000,22157595.20644810,0,2026-09-26 15:00:00+00:00
1790438400000,84156.0,84174.33,84098.18,84120.0,264.1412,1790441999999,22224526.05246930,29084,132.46185000,11145310.61532550,0,2026-09-26 16:00:00+00:00
1790442000000,84120.0,84132.41,84041.92,84132.4,379.58461,1790445599999,31917065.62229760,31817,169.92803000,14287923.99598080,0,2026-09-26 17:00:00+00:00
1790445600000,84132.4,84162.52,83990.0,83998.68,395.31178,1790449199999,33229722.49945830,32020,123.53558000,10384318.92505080,0,2026-09-26 18:00:00+00:00
1790449200000,83998.68,84048.14,83976.74,84016.63,328.15515,1790452799999,27571747.97145060,27537,126.11433000,10595913.14650220,0,2026-09-26 19:00:00+00:00
1790452800000,84016.63,84097.88,83838.0,84030.34,225.50053,1790456399999,18932992.34819660,42426,97.90799000,8221444.53985920,0,2026-09-26 20:00:00+00:00
1790456400000,84030.35,84262.85,84030.34,84158.75,273.42687,1790459999999,23011831.62550900,39333,177.58588000,14944993.83219320,0,2026-09-26 21:00:00+00:00
1790460000000,84158.74,84420.59,84158.74,84276.01,558.3193,1790463599999,47068621.40104940,46506,294.45680000,24821078.06472010,0,2026-09-26 22:00:00+00:00
1790463600000,84276.01,84473.58,84276.0,84433.1,681.08059,1790467199999,57473481.84952440,48724,300.54946000,25358563.03663000,0,2026-09-26 23:00:00+00:00
1790467200000,84433.11,84443.26,84257.07,84306.01,184.36474,1790470799999,15549893.57088600,27631,87.82532000,7407148.77830020,0,2026-09-27 00:00:00+00:00
1790470800000,84306.01,84571.13,84281.84,84495.01,302.85952,1790474399999,25571344.87733510,37535,198.11557000,16729092.18935150,0,2026-09-27 01:00:00+00:00
1790474400000,84495.01,84540.01,84448.0,84450.0,221.93995,1790477999999,18751329.84432670,28380,101.82826000,8602748.70676850,0,2026-09-27 02:00:00+00:00
1790478000000,84450.01,84518.6,84372.0,84402.15,195.71508,1790481599999,16526039.20829790,28140,86.02415000,7263023.40172100,0,2026-09-27 03:00:00+00:00
1790481600000,84402.15,84510.0,84305.35,84329.6,202.10127,1790485199999,17054577.57756480,26801,84.73956000,7151087.96526670,0,2026-09-27 04:00:00+00:00
1790485200000,84329.61,84654.02,84325.0,84478.06,357.82469,1790488799999,30233936.75796120,37408,169.69443000,14339149.90463480,0,2026-09-27 05:00:00+00:00
1790488800000,84478.06,84636.91,84478.06,84511.69,440.61295,1790492399999,37260456.07794460,41321,219.62545000,18570932.96407950,0,2026-09-27 06:00:00+00:00
1790492400000,84511.69,84791.0,84500.0,84791.0,475.5529,1790495999999,40237412.11336240,43452,293.02981000,24794559.27625090,0,2026-09-27 07:00:00+00:00
1790496000000,84790.99,84883.98,84692.68,84800.0,957.18622,1790499599999,81163261.06840200,68579,491.87651000,41705562.01218210,0,2026-09-27 08:00:00+00:00
1790499600000,84800.0,84958.99,84590.0,84944.01,1322.2286,1790503199999,112117017.01388490,99052,666.05052000,56482895.55880520,0,2026-09-27 09:00:00+00:00
1790503200000,84944.01,85117.64,84800.0,84883.0,545.16779,1790506799999,46314057.69261950,56194,271.11714000,23032822.08134090,0,2026-09-27 10:00:00+00:00
1790506800000,84882.99,84946.01,84836.06,84898.0,251.99141,1790510399999,21389916.67606340,36785,135.20903000,11476372.89552340,0,2026-09-27 11:00:00+00:00
1790510400000,84898.0,85044.51,84802.01,84802.01,294.04359,1790513999999,24987287.26740960,36473,141.14636000,11994983.56843240,0,2026-09-27 12:00:00+00:00
1790514000000,84802.01,85159.03,84637.73,85030.41,546.25175,1790517599999,46353208.17174210,94774,308.43365000,26174107.06391140,0,2026-09-27 13:00:00+00:00
1790517600000,85030.41,85048.14,84450.0,84538.02,539.04021,1790521199999,45669923.53549140,112047,191.15617000,16199354.75222200,0,2026-09-27 14:00:00+00:00
1790521200000,84538.01,84644.01,84364.0,84463.37,477.19429,1790524799999,40325131.88473070,110219,250.76638000,21191262.60627510,0,2026-09-27 15:00:00+00:00
1790524800000,84463.38,84687.32,84380.0,84426.0,303.32281,1790528399999,25636573.85948380,74184,139.93199000,11828025.54950600,0,2026-09-27 16:00:00+00:00
1790528400000,84426.0,84574.01,84342.0,84574.0,248.02128,1790531999999,20944440.13990320,40934,87.76790000,7412462.25974110,0,2026-09-27 17:00:00+00:00
1790532000000,84574.0,84820.74,84565.9,84818.87,245.93692,1790535599999,20831122.95739790,43520,152.66497000,12931636.87011590,0,2026-09-27 18:00:00+00:00
1790535600000,84818.87,84843.0,84666.0,84736.01,208.94856,1790539199999,17708491.09919640,36639,90.35544000,7657583.97933650,0,2026-09-27 19:00:00+00:00
1790539200000,84736.02,84813.0,84548.0,84552.0,221.75687,1790542799999,18770830.01591050,35807,90.80304000,7688141.01623760,0,2026-09-27 20:00:00+00:00
1790542800000,84552.01,84719.82,84458.0,84688.07,248.48896,1790546399999,21023317.33283980,41215,90.93988000,7694307.23506870,0,2026-09-27 21:00:00+00:00
1790546400000,84688.07,84756.01,84135.78,84195.27,432.15056,1790549999999,36449583.45279180,116420,162.04712000,13668331.74782980,0,2026-09-27 22:00:00+00:00
1790550000000,84195.27,84532.01,84132.0,84472.0,392.42871,1790553599999,33107026.16565180,84650,239.05146000,20166544.86120840,0,2026-09-27 23:00:00+00:00
1790553600000,84472.01,84999.0,84140.0,84140.0,772.04412,1790557199999,65286816.70658890,181224,396.97767000,33581820.05785950,0,2026-09-28 00:00:00+00:00
1790557200000,84140.0,84238.87,83613.8,83694.43,1023.29324,1790560799999,85906544.36483770,187237,385.68628000,32377494.65095660,0,2026-09-28 01:00:00+00:00
1790560800000,83694.42,83782.07,83389.07,83418.24,872.84472,1790564399999,72940843.48706440,154228,283.64649000,23706557.71788410,0,2026-09-28 02:00:00+00:00
1790564400000,83418.91,83536.48,83210.0,83338.6,696.19046,1790567999999,58057836.54589410,131231,244.51012000,20395653.79893480,0,2026-09-28 03:00:00+00:00
1790568000000,83338.6,83526.01,83232.0,83490.21,488.21735,1790571599999,40732902.63657320,92268,281.39246000,23480338.55356820,0,2026-09-28 04:00:00+00:00
1790571600000,83490.2,83534.01,82705.02,83184.01,1445.71416,1790575199999,120139199.42322850,168058,536.11732000,44540296.39639100,0,2026-09-28 05:00:00+00:00
1790575200000,83184.0,83295.84,83046.0,83164.78,634.32079,1790578799999,52757381.95048220,121907,301.24096000,25055673.05249180,0,2026-09-28 06:00:00+00:00
1790578800000,83164.78,83291.66,82920.0,82966.01,1134.53116,1790582399999,94196573.50955220,146006,601.76580000,49958892.52903050,0,2026-09-28 07:00:00+00:00
1790582400000,82966.0,83160.33,82784.0,82962.0,1994.51621,1790585999999,165464542.37314750,261891,1111.07194000,92188026.36362430,0,2026-09-28 08:00:00+00:00
1790586000000,82962.01,83003.67,82597.55,82666.01,1165.04903,1790589599999,96435961.37265020,163761,402.31962000,33296764.36395470,0,2026-09-28 09:00:00+00:00
1790589600000,82666.01,83064.51,82666.01,82960.0,804.82256,1790593199999,66704527.19033840,110979,458.82962000,38037275.37453490,0,2026-09-28 10:00:00+00:00
1790593200000,82960.01,83111.0,82960.0,83082.54,835.88182,1790596799999,69399669.75519710,110650,309.85039000,25726387.30331130,0,2026-09-28 11:00:00+00:00
1790596800000,83082.53,83631.43,83011.48,83579.75,1210.60365,1790600399999,100953437.12959680,159385,624.00868000,52033196.62970180,0,2026-09-28 12:00:00+00:00
1790600400000,83579.75,83820.0,83310.71,83641.99,1176.20149,1790603999999,98304092.46955000,200326,485.56248000,40593238.46638000,0,2026-09-28 13:00:00+00:00
1790604000000,83641.99,83642.0,82563.0,83020.0,1496.68398,1790607599999,124476911.22427190,318188,548.89865000,45639360.76921770,0,2026-09-28 14:00:00+00:00
1790607600000,83020.01,83397.18,82792.0,83370.0,1411.06683,1790611199999,117195749.27541890,216215,687.06894000,57073201.93039210,0,2026-09-28 15:00:00+00:00
1790611200000,83370.0,84188.9,83256.0,83723.1,1107.71891,1790614799999,92777249.03887830,231462,616.90235000,51671804.85845120,0,2026-09-28 16:00:00+00:00
1790614800000,83723.1,84381.3,83563.11,83880.33,811.05402,1790618399999,68082242.50269920,172543,418.44344000,35132807.85560850,0,2026-09-28 17:00:00+00:00
1790618400000,83880.34,84045.23,83800.0,84041.19,431.21621,1790621999999,36192975.52331670,85115,202.67212000,17010834.83977680,0,2026-09-28 18:00:00+00:00
1790622000000,84041.19,84045.23,83118.1,83389.54,510.926,1790625599999,42653242.43455400,127578,192.63528000,16083073.73226650,0,2026-09-28 19:00:00+00:00
1790625600000,83389.53,83613.8,83270.0,83548.0,281.2084,1790629199999,23481324.35591080,68533,135.33392000,11300737.14538870,0,2026-09-28 20:00:00+00:00
1790629200000,83548.01,83664.01,83214.0,83218.01,212.62495,1790632799999,17743798.58107370,58864,94.42493000,7881738.44518800,0,2026-09-28 21:00:00+00:00
1790632800000,83218.01,83544.01,83100.0,83544.01,266.26006,1790636399999,22176247.02540670,54549,114.07631000,9503661.27151970,0,2026-09-28 22:00:00+00:00
1790636400000,83544.01,83636.7,83455.0,83500.01,177.7345,1790639999999,14850429.55173740,45964,73.55730000,6146210.39250880,0,2026-09-28 23:00:00+00:00
1790640000000,83500.01,83620.01,83183.0,83185.69,543.35625,1790643599999,45365048.67703920,126199,274.74791000,22943088.24571010,0,2026-09-29 00:00:00+00:00
1790643600000,83185.69,83241.99,82775.94,83068.0,755.14095,1790647199999,62664231.72338390,223868,298.13350000,24740351.30930090,0,2026-09-29 01:00:00+00:00
1790647200000,83068.01,83156.01,82891.32,82967.4,450.3598,1790650799999,37382004.06479610,137359,178.64951000,14828715.24064070,0,2026-09-29 02:00:00+00:00
1790650800000,82967.41,83210.01,82866.01,83069.99,308.8323,1790654399999,25659478.05122870,78429,147.93014000,12292185.23508210,0,2026-09-29 03:00:00+00:00
1790654400000,83070.0,83295.61,83024.43,83212.98,350.37336,1790657999999,29137716.85721750,56452,179.48734000,14927978.38050630,0,2026-09-29 04:00:00+00:00
1790658000000,83212.98,83434.56,82971.1,83431.02,359.15809,1790661599999,29896809.42165800,93711,180.36761000,15014604.09265560,0,2026-09-29 05:00:00+00:00
1790661600000,83431.01,84017.74,83420.01,84007.06,657.44864,1790665199999,55102919.65449040,98245,361.53352000,30297451.06298700,0,2026-09-29 06:00:00+00:00
1790665200000,84007.07,84200.0,83873.74,83980.97,614.40314,1790668799999,51624057.00910380,85986,230.42432000,19360594.61351500,0,2026-09-29 07:00:00+00:00
1790668800000,83980.97,84368.01,83800.0,83874.01,650.67911,1790672399999,54685602.32653230,126712,300.50943000,25269331.70586120,0,2026-09-29 08:00:00+00:00
1790672400000,83874.01,84328.94,83760.4,84258.01,883.3981,1790675999999,74260816.40853290,157574,565.08681000,47530543.39607470,0,2026-09-29 09:00:00+00:00
1790676000000,84258.01,84332.76,83987.99,84030.49,509.50694,1790679599999,42878541.57991920,87285,275.31472000,23173650.27176650,0,2026-09-29 10:00:00+00:00
1790679600000,84030.5,84500.0,83936.92,84358.01,492.05356,1790683199999,41432799.55747430,133342,274.09962000,23078606.24885860,0,2026-09-29 11:00:00+00:00
1790683200000,84358.0,84488.99,84133.0,84332.85,590.42788,1790686799999,49790957.46490960,156274,292.37954000,24657653.25758910,0,2026-09-29 12:00:00+00:00
1790686800000,84332.85,84563.99,84025.26,84200.01,856.91501,1790690399999,72223607.51967790,177284,349.79237000,29484078.27216190,0,2026-09-29 13:00:00+00:00
1790690400000,84200.01,84288.01,83688.0,83752.01,1050.62321,1790693999999,88184135.35194590,195505,364.06964000,30560101.69115900,0,2026-09-29 14:00:00+00:00
1790694000000,83752.0,83756.25,82910.0,83068.0,1492.11066,1790697599999,124180846.99267630,274235,670.32113000,55790619.30092830,0,2026-09-29 15:00:00+00:00
1790697600000,83068.0,83290.0,82900.0,83061.27,684.06981,1790701199999,56833851.62055630,162528,370.42052000,30773756.45540690,0,2026-09-29 16:00:00+00:00
1790701200000,83061.28,83218.01,82985.0,83078.01,383.29698,1790704799999,31858416.67923850,106217,205.29414000,17062604.47588750,0,2026-09-29 17:00:00+00:00
1790704800000,83078.01,83700.0,83078.01,83640.0,394.02033,1790708399999,32888003.56922260,119462,243.58423000,20326512.88554610,0,2026-09-29 18:00:00+00:00
1790708400000,83640.0,83700.0,83398.5,83594.01,320.21817,1790711999999,26764611.78240540,86260,130.75688000,10928186.60310460,0,2026-09-29 19:00:00+00:00
1790712000000,83594.01,83654.85,83508.0,83616.39,204.262,1790715599999,17076128.44418250,47418,79.36120000,6634626.54223700,0,2026-09-29 20:00:00+00:00
1790715600000,83616.38,83616.39,83384.0,83503.99,344.15954,1790719199999,28732816.54077890,54482,129.59444000,10818558.94202850,0,2026-09-29 21:00:00+00:00
1790719200000,83503.99,83722.01,83503.99,83612.01,274.89307,1790722799999,22982635.76908630,72307,131.86215000,11024452.48401840,0,2026-09-29 22:00:00+00:00
1790722800000,83612.0,83849.0,83612.0,83663.66,291.84641,1790726399999,24439037.97209270,51559,145.95486000,12221435.00900690,0,2026-09-29 23:00:00+00:00
1790726400000,83663.66,83731.46,83344.78,83453.36,410.86191,1790729999999,34312895.98863070,106877,197.81206000,16520579.55540130,0,2026-09-30 00:00:00+00:00
1790730000000,83453.36,83550.39,83336.51,83448.01,408.46614,1790733599999,34076998.88708720,121676,151.31589000,12622579.58425900,0,2026-09-30 01:00:00+00:00
1790733600000,83448.01,83620.87,83298.0,83384.68,342.33881,1790737199999,28562307.67549610,125085,168.56890000,14062819.18554260,0,2026-09-30 02:00:00+00:00
1790737200000,83384.68,83427.51,83175.67,83300.65,264.75568,1790740799999,22051683.56349460,82242,103.93576000,8657746.83787590,0,2026-09-30 03:00:00+00:00
1790740800000,83300.65,83433.33,83210.0,83210.01,286.48367,1790744399999,23876204.51910750,54925,159.12412000,13262961.38614130,0,2026-09-30 04:00:00+00:00
1790744400000,83210.01,83521.98,83188.01,83384.0,440.8336,1790747999999,36741714.70328270,83691,189.96728000,15832188.66798640,0,2026-09-30 05:00:00+00:00
1790748000000,83384.01,83438.01,82980.0,83043.14,530.29994,1790751599999,44089532.21431850,105269,233.16706000,19386381.11670090,0,2026-09-30 06:00:00+00:00
1790751600000,83043.14,83470.0,82956.11,83304.92,688.1658,1790755199999,57320938.78940040,97657,373.33909000,31095903.23362100,0,2026-09-30 07:00:00+00:00
1790755200000,83304.92,83339.91,83023.69,83062.41,628.26691,1790758799999,52242059.37505750,127227,294.78437000,24516005.13672380,0,2026-09-30 08:00:00+00:00
1790758800000,83062.41,83812.41,83058.0,83632.01,644.75388,1790762399999,53838836.69956630,134798,347.42640000,29004972.34768060,0,2026-09-30 09:00:00+00:00
1790762400000,83632.01,83950.0,83632.01,83918.01,758.46227,1790765999999,63552509.76343930,77531,419.24396000,35123295.78681930,0,2026-09-30 10:00:00+00:00
1790766000000,83918.0,83981.11,83696.0,83915.16,449.16897,1790769599999,37659845.31105210,87639,197.20500000,16535103.58562300,0,2026-09-30 11:00:00+00:00
1790769600000,83915.17,85514.0,83768.0,85290.32,3850.10161,1790773199999,326691482.24664960,331259,2051.89687000,174222225.24612980,0,2026-09-30 12:00:00+00:00
1790773200000,85290.32,85649.95,84019.39,84637.74,2383.56099,1790776799999,202560933.25154640,368972,1023.04198000,86935914.32454960,0,2026-09-30 13:00:00+00:00
1790776800000,84637.74,84644.83,83373.0,83800.01,1897.96585,1790780399999,159255396.33001280,364874,869.72763000,72974664.48168770,0,2026-09-30 14:00:00+00:00
1790780400000,83800.01,84295.71,83694.0,84134.43,810.9913,1790783999999,68130274.06770660,208982,450.53109000,37857872.05856070,0,2026-09-30 15:00:00+00:00
1790784000000,84134.43,84490.01,84134.43,84349.44,571.82403,1790787599999,48225975.93638030,137710,300.61751000,25350706.71903220,0,2026-09-30 16:00:00+00:00
1790787600000,84349.44,84435.26,83923.71,84031.46,592.67571,1790791199999,49872028.31887960,138946,271.02420000,22806984.85745260,0,2026-09-30 17:00:00+00:00
1790791200000,84031.47,84078.55,83792.98,83950.0,432.13033,1790794799999,36268449.29269940,90181,222.03472000,18633262.74695580,0,2026-09-30 18:00:00+00:00
1790794800000,83950.01,83958.01,83503.18,83603.16,502.3693,1790798399999,42061339.55153450,111486,214.13204000,17929617.21589940,0,2026-09-30 19:00:00+00:00
1790798400000,83603.16,83771.16,83530.11,83673.99,420.0892,1790801999999,35137844.52947440,66420,203.24575000,16999470.73043720,0,2026-09-30 20:00:00+00:00
1790802000000,83673.99,83818.83,83673.99,83757.72,302.08867,1790805599999,25301228.17528250,53750,147.36874000,12342172.77484850,0,2026-09-30 21:00:00+00:00
1790805600000,83757.73,83845.0,83580.29,83685.85,214.8942,1790809199999,17996143.94811860,52982,98.85444000,8278697.02834270,0,2026-09-30 22:00:00+00:00
1790809200000,83685.86,83836.07,83523.65,83623.6,691.27124,1790812799999,57831674.18564090,87918,355.48853000,29737263.01541760,0,2026-09-30 23:00:00+00:00
1790812800000,83623.59,83660.01,83429.8,83509.03,451.69518,1790816399999,37723404.00421770,67093,259.33480000,21658128.44168280,0,2026-10-01 00:00:00+00:00
1790816400000,83509.03,83692.0,83482.2,83518.07,343.4474,1790819999999,28703982.32410890,60744,187.58420000,15677883.87098600,0,2026-10-01 01:00:00+00:00
1790820000000,83518.07,83668.01,83410.39,83490.78,362.14695,1790823599999,30240758.24872640,61358,152.25213000,12714932.75131500,0,2026-10-01 02:00:00+00:00
1790823600000,83490.78,83780.14,83424.58,83754.01,325.01626,1790827199999,27168090.78603190,58938,173.36035000,14492475.44725890,0,2026-10-01 03:00:00+00:00
1790827200000,83754.01,84207.53,83720.4,84110.01,514.62822,1790830799999,43188989.25964940,97798,294.70729000,24735482.67867050,0,2026-10-01 04:00:00+00:00
1790830800000,84110.01,84368.0,84032.0,84291.48,420.04452,1790834399999,35385019.70067810,71320,235.62065000,19848264.34712790,0,2026-10-01 05:00:00+00:00
1790834400000,84291.49,84419.69,84105.76,84121.45,398.59463,1790837999999,33586132.58004780,65601,188.57593000,15891801.69842650,0,2026-10-01 06:00:00+00:00
1790838000000,84121.45,84214.18,83321.71,83429.93,1433.53387,1790841599999,119895707.39963810,168512,657.02164000,54951941.44959240,0,2026-10-01 07:00:00+00:00
1790841600000,83429.93,83582.44,83186.0,83566.97,1428.79733,1790845199999,119198333.59127250,153961,828.72898000,69136421.59062560,0,2026-10-01 08:00:00+00:00
1790845200000,83566.98,83896.01,83558.46,83782.01,721.11462,1790848799999,60393022.32780330,98113,368.55036000,30865324.17397920,0,2026-10-01 09:00:00+00:00
1790848800000,83782.01,84098.01,83418.23,83966.28,465.6863,1790852399999,39008479.79854000,132464,227.39685000,19050468.32575890,0,2026-10-01 10:00:00+00:00
1790852400000,83966.27,84048.01,83780.8,83905.76,424.0186,1790855999999,35581925.56328700,96466,160.18107000,13440640.59027550,0,2026-10-01 11:00:00+00:00
1790856000000,83905.76,84054.01,83657.02,83736.02,410.88076,1790859599999,34468630.88720420,103785,159.56345000,13384355.66581640,0,2026-10-01 12:00:00+00:00
1790859600000,83736.02,84023.78,83400.0,83939.67,998.33278,1790863199999,83557666.08198300,252959,499.53927000,41821139.70415140,0,2026-10-01 13:00:00+00:00
1790863200000,83938.6,84332.01,83552.66,84050.65,1143.4352,1790866799999,96015167.37375510,320913,612.27793000,51416141.66654640,0,2026-10-01 14:00:00+00:00
1790866800000,84050.65,84744.0,83831.99,84162.65,2235.93216,1790870399999,188195949.25527980,265616,1353.85810000,114017191.07813460,0,2026-10-01 15:00:00+00:00
1790870400000,84162.66,84625.98,84064.0,84202.01,751.73824,1790873999999,63379072.73008920,196356,414.77389000,34972543.67775240,0,2026-10-01 16:00:00+00:00
1790874000000,84202.0,85078.85,84198.0,84908.01,1161.14234,1790877599999,98482539.12235660,219928,610.23249000,51759952.70902900,0,2026-10-01 17:00:00+00:00
1790877600000,84908.0,85273.65,84671.01,84802.02,823.15515,1790881199999,69913644.30845950,154380,455.35853000,38687291.29767470,0,2026-10-01 18:00:00+00:00
1790881200000,84802.02,84892.01,84585.81,84675.36,467.44684,1790884799999,39590451.59172600,109072,186.41621000,15787972.26216280,0,2026-10-01 19:00:00+00:00
1790884800000,84675.36,84860.05,84563.54,84634.0,394.36355,1790888399999,33415154.86172310,68598,157.51914000,13348077.62265590,0,2026-10-01 20:00:00+00:00
1790888400000,84634.01,84687.4,84493.35,84544.99,302.67133,1790891999999,25600860.00233270,59792,117.90506000,9971948.18561690,0,2026-10-01 21:00:00+00:00
1790892000000,84544.99,84788.01,84537.12,84749.73,453.96769,1790895599999,38456110.58182470,78116,198.64293000,16826330.39399810,0,2026-10-01 22:00:00+00:00
1790895600000,84749.74,84900.0,84644.69,84880.05,334.26683,1790899199999,28336324.38167200,56553,162.48854000,13776406.13985690,0,2026-10-01 23:00:00+00:00
1790899200000,84880.05,84958.48,84705.04,84784.89,801.38264,1790902799999,68009105.03653580,104867,361.44181000,30672755.70790000,0,2026-10-02 00:00:00+00:00
1790902800000,84784.89,84986.39,84520.0,84910.0,372.71637,1790906399999,31579349.20358510,91539,187.63651000,15906630.45839400,0,2026-10-02 01:00:00+00:00
1790906400000,84910.01,85189.97,84866.51,85188.0,641.82776,1790909999999,54569822.12674730,104543,358.91020000,30524167.23499470,0,2026-10-02 02:00:00+00:00
1790910000000,85187.99,85569.0,85187.99,85512.9,779.56243,1790913599999,66545460.20697630,133023,485.03020000,41396365.33541280,0,2026-10-02 03:00:00+00:00
1790913600000,85512.89,86912.75,85453.36,86652.12,2677.54548,1790917199999,231253828.66556100,304606,1502.73126000,129760201.95154820,0,2026-10-02 04:00:00+00:00
1790917200000,86652.12,86670.36,85893.27,86002.01,880.04033,1790920799999,75957251.57895110,160833,417.75804000,36063194.97343230,0,2026-10-02 05:00:00+00:00
1790920800000,86002.01,86098.62,85875.32,85992.95,827.15501,1790924399999,71133730.35513800,150826,300.91338000,25879564.96110470,0,2026-10-02 06:00:00+00:00
1790924400000,85992.96,86163.5,85767.45,86089.65,1220.73978,1790927999999,104875936.30512270,135401,445.79546000,38301575.21880350,0,2026-10-02 07:00:00+00:00
1790928000000,86089.64,86640.61,86062.28,86236.0,736.95845,1790931599999,63638615.13131080,132286,390.86680000,33752524.01013400,0,2026-10-02 08:00:00+00:00
1790931600000,86236.01,86432.01,86108.0,86364.02,1441.30154,1790935199999,124277106.11716040,125846,403.97971000,34848819.27063740,0,2026-10-02 09:00:00+00:00
1790935200000,86364.01,86500.0,86172.0,86297.6,452.52546,1790938799999,39081610.44437930,94734,181.44960000,15669055.77814740,0,2026-10-02 10:00:00+00:00
1790938800000,86297.6,86562.5,86274.0,86424.85,469.71424,1790942399999,40614758.01753430,78894,197.45601000,17071762.47668400,0,2026-10-02 11:00:00+00:00
1790942400000,86424.85,87220.0,86308.0,86810.0,1981.72073,1790945999999,171987034.70576130,279572,1125.10868000,97684968.15338540,0,2026-10-02 12:00:00+00:00
1790946000000,86810.01,87150.0,86465.72,86565.05,1254.08298,1790949599999,108884943.35953330,308449,494.98848000,42981777.28027800,0,2026-10-02 13:00:00+00:00
1790949600000,86565.06,86838.01,85394.44,85686.93,2161.00785,1790953199999,186144858.37028470,371207,704.50280000,60635524.98413670,0,2026-10-02 14:00:00+00:00
1790953200000,85686.93,85758.81,85162.9,85326.0,1180.77792,1790956799999,100912378.27697230,275204,481.73306000,41171986.00607140,0,2026-10-02 15:00:00+00:00
1790956800000,85326.0,85508.0,85018.0,85160.01,674.74913,1790960399999,57515371.50825370,183919,312.56936000,26645166.20423480,0,2026-10-02 16:00:00+00:00
1790960400000,85160.0,85258.01,84300.0,84774.75,3627.53644,1790963999999,307079820.94988420,233981,1329.14756000,112555567.55079020,0,2026-10-02 17:00:00+00:00
1790964000000,84774.75,84900.0,83888.0,84262.01,1168.56135,1790967599999,98561018.64347520,181820,440.02831000,37119501.38844990,0,2026-10-02 18:00:00+00:00
1790967600000,84262.01,84354.57,83975.58,84315.28,1115.36515,1790971199999,93887135.31486740,130124,483.03636000,40649776.63306150,0,2026-10-02 19:00:00+00:00
1790971200000,84315.27,84531.99,84232.01,84459.04,602.58932,1790974799999,50849946.41473320,92901,301.44889000,25437527.52004410,0,2026-10-02 20:00:00+00:00
1790974800000,84459.04,84544.46,84422.01,84531.69,339.92666,1790978399999,28722932.88358600,46752,165.08822000,13949562.28394460,0,2026-10-02 21:00:00+00:00
1790978400000,84531.68,84567.22,84460.0,84560.0,664.66409,1790981999999,56176229.71906110,49915,376.63384000,31831226.71627420,0,2026-10-02 22:00:00+00:00
1790982000000,84559.99,84590.01,84488.0,84518.01,425.46843,1790985599999,35973632.93327960,30539,202.65251000,17135667.25798740,0,2026-10-02 23:00:00+00:00
1790985600000,84518.0,84686.28,84456.02,84660.11,312.84604,1790989199999,26458478.55625220,37530,170.08910000,14387286.21741460,0,2026-10-03 00:00:00+00:00
1790989200000,84660.11,84720.58,84608.19,84640.0,238.75301,1790992799999,20210570.82609930,26718,123.50274000,10453461.55699030,0,2026-10-03 01:00:00+00:00
1790992800000,84640.01,84701.38,84600.0,84600.0,223.23756,1790996399999,18896702.24194590,21001,115.42543000,9770597.66212640,0,2026-10-03 02:00:00+00:00
1790996400000,84600.01,84699.56,84522.63,84699.56,210.83043,1790999999999,17839180.37126260,20351,124.24092000,10513090.82682210,0,2026-10-03 03:00:00+00:00
1791000000000,84699.56,84725.04,84525.0,84577.23,152.17541,1791003599999,12872974.95988000,22992,65.17839000,5513573.98813260,0,2026-10-03 04:00:00+00:00
1791003600000,84577.23,84654.01,84553.14,84652.09,147.94097,1791007199999,12517701.07643200,18551,104.84370000,8871168.94751370,0,2026-10-03 05:00:00+00:00
1791007200000,84652.09,84674.01,84550.0,84586.0,272.31113,1791010799999,23047069.82912620,32485,140.05721000,11853683.14359790,0,2026-10-03 06:00:00+00:00
1791010800000,84586.01,84648.01,84560.0,84560.0,376.02149,1791014399999,31811808.52296340,37935,159.68864000,13509628.08571870,0,2026-10-03 07:00:00+00:00
1791014400000,84560.0,84644.47,84557.36,84616.01,244.08048,1791017999999,20651619.01723380,28365,113.31596000,9586973.13736350,0,2026-10-03 08:00:00+00:00
1791018000000,84616.02,84665.88,84579.99,84600.01,171.70699,1791021599999,14527892.17811190,17798,72.59988000,6142399.89682860,0,2026-10-03 09:00:00+00:00
1791021600000,84600.0,84649.25,84570.67,84636.13,340.60544,1791025199999,28815318.46836290,16820,166.60403000,14094652.77077710,0,2026-10-03 10:00:00+00:00
1791025200000,84636.13,84696.01,84616.03,84672.01,188.03827,1791028799999,15917111.17555940,18059,102.36270000,8664146.80256080,0,2026-10-03 11:00:00+00:00
1791028800000,84672.01,84926.47,84672.0,84888.02,386.40345,1791032399999,32779022.10523140,44305,211.69452000,17956980.98963740,0,2026-10-03 12:00:00+00:00
1791032400000,84888.02,84962.2,84770.35,84870.04,249.99909,1791035999999,21215008.79717610,33845,134.47292000,11411084.50289730,0,2026-10-03 13:00:00+00:00
1791036000000,84870.03,84870.04,84745.44,84856.01,225.56868,1791039599999,19129884.34510560,29138,119.89082000,10167324.92120620,0,2026-10-03 14:00:00+00:00
1791039600000,84856.01,84879.05,84761.24,84867.28,366.2032,1791043199999,31061770.79107240,35393,193.31307000,16397010.59417630,0,2026-10-03 15:00:00+00:00
1791043200000,84867.27,84880.01,84782.01,84868.03,215.1409,1791046799999,18252395.81452470,25403,105.45338000,8946663.41312360,0,2026-10-03 16:00:00+00:00
1791046800000,84868.02,85012.01,84840.0,85012.0,331.84245,1791050399999,28181655.11344940,36997,227.61910000,19330871.65506070,0,2026-10-03 17:00:00+00:00
1791050400000,85012.01,85037.63,84920.0,84949.99,214.78266,1791053999999,18252147.74873040,28014,117.66700000,9998862.53377350,0,2026-10-03 18:00:00+00:00
1791054000000,84950.0,84950.0,84700.0,84842.5,235.32267,1791057599999,19960249.82353270,27990,98.87813000,8385746.83629540,0,2026-10-03 19:00:00+00:00
1791057600000,84842.5,84915.65,84714.0,84749.75,195.35495,1791061199999,16572931.83302490,20528,78.52625000,6662558.72431190,0,2026-10-03 20:00:00+00:00
1791061200000,84749.76,84773.89,84558.0,84715.15,288.71382,1791064799999,24447207.41817940,36707,107.77330000,9125186.35380500,0,2026-10-03 21:00:00+00:00
1791064800000,84715.15,84805.0,84693.73,84776.01,382.2788,1791068399999,32411484.22406240,22785,149.27759000,12655363.24129530,0,2026-10-03 22:00:00+00:00
1791068400000,84776.02,84818.39,84708.16,84753.56,919.47834,1791071999999,77948024.07134400,28988,476.52076000,40396350.26004330,0,2026-10-03 23:00:00+00:00
1791072000000,84753.57,84871.34,84753.56,84790.0,385.03292,1791075599999,32652572.28988390,27014,179.43094000,15217767.37753180,0,2026-10-04 00:00:00+00:00
1791075600000,84790.0,84815.09,84719.99,84802.59,191.4151,1791079199999,16227504.55087710,16029,98.24234000,8328446.84068300,0,2026-10-04 01:00:00+00:00
1791079200000,84802.6,84877.09,84781.05,84802.17,278.14026,1791082799999,23592087.24650430,25273,136.12617000,11545850.27567400,0,2026-10-04 02:00:00+00:00
1791082800000,84802.17,84890.0,84796.41,84840.87,226.78471,1791086399999,19238088.13123560,16631,121.43949000,10301098.87465440,0,2026-10-04 03:00:00+00:00
1791086400000,84840.88,84844.01,84808.11,84811.94,75.91338,1791089999999,6438879.42635700,13266,36.70680000,3113351.77013420,0,2026-10-04 04:00:00+00:00
1791090000000,84811.94,84924.53,84811.61,84912.01,226.7738,1791093599999,19244244.45424490,19638,115.06270000,9764702.48612020,0,2026-10-04 05:00:00+00:00
1791093600000,84912.01,85072.54,84877.18,85031.74,295.71975,1791097199999,25127167.68298780,36095,141.94801000,12061206.12725650,0,2026-10-04 06:00:00+00:00
1791097200000,85031.74,85112.65,84924.51,85106.0,244.47366,1791100799999,20781965.74466490,32589,107.36999000,9127476.16512990,0,2026-10-04 07:00:00+00:00
1791100800000,85106.01,85195.84,85032.99,85106.48,321.07586,1791104399999,27326002.05700380,55368,177.14159000,15075614.11025150,0,2026-10-04 08:00:00+00:00
1791104400000,85106.48,85339.55,85058.34,85233.84,335.31305,1791107999999,28574746.63042080,56476,182.82090000,15581082.65679590,0,2026-10-04 09:00:00+00:00
1791108000000,85233.84,85428.01,85223.49,85264.01,336.01948,1791111599999,28677108.69063450,63964,144.03348000,12291405.15482860,0,2026-10-04 10:00:00+00:00
1791111600000,85264.01,85320.16,85203.65,85309.46,251.80423,1791115199999,21473118.57711730,33903,128.50180000,10958745.29321860,0,2026-10-04 11:00:00+00:00
1791115200000,85309.47,85389.0,85097.19,85127.94,359.28965,1791118799999,30637150.68101200,55353,119.28416000,10171526.24234400,0,2026-10-04 12:00:00+00:00
1791118800000,85127.94,85321.41,85122.64,85241.14,218.78092,1791122399999,18643076.67472170,48070,84.39398000,7191948.62146620,0,2026-10-04 13:00:00+00:00
1791122400000,85241.15,85280.0,85094.0,85278.44,259.5112,1791125999999,22105275.65130260,47658,114.78340000,9777299.81604960,0,2026-10-04 14:00:00+00:00
1791126000000,85278.45,85470.0,85242.65,85256.01,287.83382,1791129599999,24565194.48280150,55221,133.01683000,11351539.72067720,0,2026-10-04 15:00:00+00:00
1791129600000,85256.01,85433.16,85178.49,85374.0,195.74952,1791133199999,16694389.46324340,46425,91.41115000,7796409.74124720,0,2026-10-04 16:00:00+00:00
1791133200000,85374.0,85454.01,85317.84,85319.53,159.08745,1791136799999,13581167.34245720,37000,71.21534000,6079568.66330200,0,2026-10-04 17:00:00+00:00
1791136800000,85319.54,85361.99,85312.01,85338.84,134.17639,1791140399999,11449777.92797900,22702,64.88415000,5536826.29150690,0,2026-10-04 18:00:00+00:00
1791140400000,85338.84,85574.01,85338.82,85428.0,258.95128,1791143999999,22125856.63242310,41723,127.26263000,10873663.55023420,0,2026-10-04 19:00:00+00:00
1791144000000,85428.0,85876.84,85396.32,85824.44,378.12584,1791147599999,32378944.32407470,66685,238.44237000,20415239.69356240,0,2026-10-04 20:00:00+00:00
1791147600000,85824.45,86066.22,85778.78,85865.42,538.27693,1791151199999,46265680.79696070,119417,286.84729000,24656599.93461790,0,2026-10-04 21:00:00+00:00
1791151200000,85865.43,86686.39,85865.43,86428.01,1218.87676,1791154799999,105243009.39902570,238595,622.03509000,53688726.63762060,0,2026-10-04 22:00:00+00:00
1791154800000,86428.01,86800.0,86396.0,86530.0,815.98799,1791158399999,70631405.81655230,165014,451.41375000,39072710.33414390,0,2026-10-04 23:00:00+00:00
1791158400000,86530.0,86710.56,86200.0,86652.46,686.05472,1791161999999,59317249.67704880,129263,293.59402000,25386272.82714080,0,2026-10-05 00:00:00+00:00
1791162000000,86652.45,86999.11,86467.93,86615.31,1157.27858,1791165599999,100382410.50644600,145239,501.29064000,43493015.16242250,0,2026-10-05 01:00:00+00:00
1791165600000,86615.31,86728.52,86410.0,86522.0,747.2868,1791169199999,64704527.38736380,108356,308.82326000,26742380.95684520,0,2026-10-05 02:00:00+00:00
1791169200000,86522.01,86533.38,86019.5,86085.03,494.75767,1791172799999,42717808.87908880,93968,210.00743000,18132843.25375810,0,2026-10-05 03:00:00+00:00
1791172800000,86085.02,86142.56,85485.0,85538.02,896.91557,1791176399999,76919761.29151880,165529,372.75614000,31964025.86347790,0,2026-10-05 04:00:00+00:00
1791176400000,85538.02,85784.01,85412.0,85767.57,673.05079,1791179999999,57601112.65608490,111303,377.51274000,32302570.76451590,0,2026-10-05 05:00:00+00:00
1791180000000,85767.58,86365.46,85767.57,86260.0,619.08466,1791183599999,53232005.71172760,136157,305.12632000,26239626.40896040,0,2026-10-05 06:00:00+00:00
1791183600000,86260.01,86488.01,86144.0,86252.76,700.925,1791187199999,60484536.03910550,137701,344.40359000,29718469.80422860,0,2026-10-05 07:00:00+00:00
1791187200000,86252.76,86498.5,86060.12,86211.0,575.99899,1791190799999,49715089.32268280,127814,243.35909000,21004287.66381630,0,2026-10-05 08:00:00+00:00
1791190800000,86211.0,86224.01,85776.58,85970.99,903.50235,1791194399999,77692343.77377090,111249,267.22340000,22971485.72328960,0,2026-10-05 09:00:00+00:00
1791194400000,85970.99,86206.01,85960.0,86117.14,427.17971,1791197999999,36765053.46261950,86342,239.55322000,20616619.77775380,0,2026-10-05 10:00:00+00:00
1791198000000,86117.15,86270.01,85910.69,86216.0,388.85881,1791201599999,33472331.70823900,92965,192.96665000,16610461.81954510,0,2026-10-05 11:00:00+00:00
1791201600000,86216.01,86216.01,85844.0,85904.01,358.75897,1791205199999,30854567.34725240,100820,136.28027000,11720727.00564190,0,2026-10-05 12:00:00+00:00
1791205200000,85904.0,86489.98,85812.0,86432.01,964.00693,1791208799999,83034943.99567980,226626,513.45145000,44232696.37587990,0,2026-10-05 13:00:00+00:00
1791208800000,86432.0,86725.12,85450.0,85645.26,2137.96527,1791212399999,183779782.16007760,330932,793.85165000,68295860.16862000,0,2026-10-05 14:00:00+00:00
1791212400000,85645.25,85674.01,85174.24,85269.78,1061.35364,1791215999999,90658116.53604060,238435,406.41120000,34710711.27813050,0,2026-10-05 15:00:00+00:00
1791216000000,85269.79,85330.7,84972.01,85300.0,823.59491,1791219599999,70162744.43190470,158498,378.44258000,32245432.23595670,0,2026-10-05 16:00:00+00:00
1791219600000,85300.0,85440.0,85210.27,85429.24,373.32198,1791223199999,31848163.42912030,73778,174.29305000,14868648.83979870,0,2026-10-05 17:00:00+00:00
1791223200000,85429.24,85649.16,85337.8,85649.14,452.68324,1791226799999,38728041.27825510,71595,216.26576000,18502140.71251480,0,2026-10-05 18:00:00+00:00
1791226800000,85649.15,85795.52,85553.99,85724.0,342.49756,1791230399999,29350531.88031410,74382,138.29214000,11851507.65191490,0,2026-10-05 19:00:00+00:00
1791230400000,85724.0,85860.0,85644.0,85783.94,259.18648,1791233999999,22231382.33238080,57989,114.73421000,9841326.95253000,0,2026-10-05 20:00:00+00:00
1791234000000,85783.95,85994.01,85698.57,85948.99,311.44555,1791237599999,26740878.36479580,53421,155.55276000,13355859.12102070,0,2026-10-05 21:00:00+00:00
1791237600000,85948.99,86027.43,85847.61,85928.01,467.3231,1791241199999,40169000.75822040,79659,269.79250000,23189457.17233650,0,2026-10-05 22:00:00+00:00
1791241200000,85928.01,86062.8,85728.65,85766.87,363.74482,1791244799999,31245173.45143540,80190,167.41230000,14382251.31618880,0,2026-10-05 23:00:00+00:00
1791244800000,85766.87,85968.01,85766.87,85902.01,560.80792,1791248399999,48143578.40083980,83225,284.67048000,24438694.61063650,0,2026-10-06 00:00:00+00:00
1791248400000,85902.01,86130.45,85600.01,85668.92,452.9328,1791251999999,38880790.50040530,126193,203.77218000,17498346.30843520,0,2026-10-06 01:00:00+00:00
1791252000000,85668.92,85754.01,85454.67,85537.93,331.14617,1791255599999,28339785.82373960,103808,146.49890000,12538252.94739350,0,2026-10-06 02:00:00+00:00
1791255600000,85537.94,85600.01,85323.28,85516.27,295.14289,1791259199999,25229473.97578350,76229,142.63037000,12193435.22055300,0,2026-10-06 03:00:00+00:00
1791259200000,85516.27,85636.01,85514.39,85624.01,258.50365,1791262799999,22127404.67093600,50350,120.91184000,10349752.53939420,0,2026-10-06 04:00:00+00:00
1791262800000,85624.0,85749.11,85512.0,85518.35,243.68541,1791266399999,20867517.46531640,51698,116.07633000,9940594.98056610,0,2026-10-06 05:00:00+00:00
1791266400000,85518.36,85518.36,85136.11,85310.0,522.06206,1791269999999,44529746.49282100,96085,237.33211000,20242652.75668990,0,2026-10-06 06:00:00+00:00
1791270000000,85310.0,85636.32,85280.0,85555.0,850.06811,1791273599999,72645846.38473190,88760,413.60092000,35335816.33689870,0,2026-10-06 07:00:00+00:00
1791273600000,85555.01,86068.01,85550.0,86026.89,592.31543,1791277199999,50864143.19490160,123354,309.93936000,26615555.17683230,0,2026-10-06 08:00:00+00:00
1791277200000,86026.89,86229.42,85658.62,85992.01,734.42688,1791280799999,63142475.36316640,179822,315.18993000,27104474.00524780,0,2026-10-06 09:00:00+00:00
1791280800000,85992.0,86265.09,85956.46,86157.15,520.78887,1791284399999,44845425.21519250,111122,258.12775000,22228817.47788740,0,2026-10-06 10:00:00+00:00
1791284400000,86157.15,86378.24,86070.01,86242.01,527.5608,1791287999999,45508405.36900520,102220,284.55487000,24547954.13689750,0,2026-10-06 11:00:00+00:00
1791288000000,86242.01,86408.72,86120.12,86214.01,462.38378,1791291599999,39882878.24054300,107232,225.31275000,19434876.94684840,0,2026-10-06 12:00:00+00:00
1791291600000,86214.0,86488.0,85977.9,86324.01,726.98748,1791295199999,62697849.15663880,225247,409.46236000,35318055.67428680,0,2026-10-06 13:00:00+00:00
1791295200000,86324.01,86626.49,85950.0,86595.61,1008.47529,1791298799999,87018058.87913820,246275,571.93899000,49374459.30406300,0,2026-10-06 14:00:00+00:00
1791298800000,86595.6,86698.99,85720.64,85720.65,1184.68567,1791302399999,102276982.20362750,217006,528.61646000,45646397.31681830,0,2026-10-06 15:00:00+00:00
1791302400000,85720.65,85854.3,85572.0,85587.22,772.03373,1791305999999,66183404.19557030,174874,370.65434000,31772172.49054650,0,2026-10-06 16:00:00+00:00
1791306000000,85587.22,85745.37,85478.0,85719.42,416.42147,1791309599999,35643697.27260570,104228,203.06675000,17380285.52642990,0,2026-10-06 17:00:00+00:00
1791309600000,85719.43,85814.01,85505.15,85507.07,407.3522,1791313199999,34903075.33869890,85911,196.67102000,16852722.68396830,0,2026-10-06 18:00:00+00:00
1791313200000,85507.07,85682.95,85421.0,85614.0,480.39719,1791316799999,41087494.69846670,76832,270.44230000,23130026.48178590,0,2026-10-06 19:00:00+00:00
1791316800000,85614.0,85668.01,85580.0,85611.41,299.94359,1791320399999,25682854.12838050,44694,140.93831000,12067372.27378420,0,2026-10-06 20:00:00+00:00
1791320400000,85611.42,85621.49,85495.01,85610.0,275.67074,1791323999999,23589355.05421190,41201,144.65302000,12377990.81981910,0,2026-10-06 21:00:00+00:00
1791324000000,85609.99,85657.01,85469.65,85534.53,274.20635,1791327599999,23465253.16367570,38035,142.30291000,12178276.07190400,0,2026-10-06 22:00:00+00:00
1791327600000,85534.53,85619.21,85346.77,85549.93,416.47724,1791331199999,35607012.19613130,52279,171.15629000,14631574.24625080,0,2026-10-06 23:00:00+00:00
1791331200000,85549.94,85598.22,85400.0,85540.01,264.81787,1791334799999,22646295.09220710,55285,165.35527000,14141210.35846440,0,2026-10-07 00:00:00+00:00
1791334800000,85540.0,85540.01,84372.0,84391.56,1034.4057,1791338399999,87928987.78144190,145753,345.98871000,29416689.38796600,0,2026-10-07 01:00:00+00:00
1791338400000,84391.49,84533.27,83577.0,83868.41,2203.47934,1791341999999,184924173.74328480,356117,1093.29355000,91741758.07054670,0,2026-10-07 02:00:00+00:00
1791342000000,83868.41,84249.88,83868.4,84150.39,616.12594,1791345599999,51809458.65905990,146121,331.57019000,27877393.45087160,0,2026-10-07 03:00:00+00:00
1791345600000,84150.39,84219.68,84044.0,84103.06,484.23085,1791349199999,40737335.75779270,121732,246.67274000,20751711.92161660,0,2026-10-07 04:00:00+00:00
1791349200000,84103.07,84343.97,84084.47,84332.85,438.74169,1791352799999,36951837.33419950,101035,234.10712000,19718080.65821810,0,2026-10-07 05:00:00+00:00
1791352800000,84332.84,84379.31,84144.0,84229.67,881.94483,1791356399999,74312373.35254580,374033,379.50222000,31978083.30228590,0,2026-10-07 06:00:00+00:00
1791356400000,84229.68,84309.89,84104.0,84145.17,1073.70683,1791359999999,90433957.08727990,416473,572.13301000,48191453.19586180,0,2026-10-07 07:00:00+00:00
1791360000000,84145.16,84179.6,83952.41,83952.42,2009.58599,1791363599999,168885821.34884800,872658,1109.55204000,93245804.05487160,0,2026-10-07 08:00:00+00:00
