open_time_ms,Open,High,Low,Close,Volume,close_time_ms,quote_vol,n_trades,taker_base,taker_quote,ignore,open_time_utc
1735689600000,93576.0,95151.15,92888.0,94591.79,10373.32613,1735775999999,975444194.13799830,1516556,5347.73648000,502914035.64059070,0,2025-01-01 00:00:00+00:00
1735776000000,94591.78,97839.5,94392.0,96984.79,21970.48948,1735862399999,2118411852.68127950,3569079,10915.96986000,1052226710.33367170,0,2025-01-02 00:00:00+00:00
1735862400000,96984.79,98976.91,96100.01,98174.18,15253.82936,1735948799999,1486610768.59079170,2851164,7468.60797000,727787246.89655880,0,2025-01-03 00:00:00+00:00
1735948800000,98174.17,98778.43,97514.79,98220.5,8990.05651,1736035199999,881223751.63536030,1559982,4350.80221000,426524714.13055390,0,2025-01-04 00:00:00+00:00
1736035200000,98220.51,98836.85,97276.79,98363.61,8095.63723,1736121599999,793931715.95463240,1685799,3877.90985000,380355340.46860360,0,2025-01-05 00:00:00+00:00
1736121600000,98363.61,102480.0,97920.0,102235.6,25263.43375,1736207999999,2540561688.77714340,3853702,12539.59534000,1260943259.46625620,0,2025-01-06 00:00:00+00:00
1736208000000,102235.6,102724.38,96181.81,96954.61,32059.87537,1736294399999,3170421659.71723590,4480562,14815.11453000,1464336049.70553450,0,2025-01-07 00:00:00+00:00
1736294400000,96954.6,97268.65,92500.9,95060.61,33704.67894,1736380799999,3205849081.11296200,5171208,15803.85091000,1503791328.69930850,0,2025-01-08 00:00:00+00:00
1736380800000,95060.61,95382.32,91203.67,92552.49,34544.83685,1736467199999,3217669887.24539790,6027161,15323.62663000,1427812152.27276120,0,2025-01-09 00:00:00+00:00
1736467200000,92552.49,95836.0,92206.02,94726.11,31482.86424,1736553599999,2962085343.28370360,5531444,15617.43823000,1469711545.65712720,0,2025-01-10 00:00:00+00:00
1736553600000,94726.1,95050.94,93831.73,94599.99,7047.9043,1736639999999,665685994.93301000,1496191,3412.37671000,322346977.43545530,0,2025-01-11 00:00:00+00:00
1736640000000,94599.99,95450.1,93711.19,94545.06,8606.86622,1736726399999,813278829.65839490,1658863,4028.33031000,380691769.91844270,0,2025-01-12 00:00:00+00:00
1736726400000,94545.07,95940.0,89256.69,94536.1,42619.56423,1736812799999,3930666134.34745740,5740963,19473.88042000,1797888178.84960790,0,2025-01-13 00:00:00+00:00
1736812800000,94536.11,97371.0,94346.22,96560.86,27846.61753,1736899199999,2676048470.35695040,4532923,14248.69616000,1369464111.69349600,0,2025-01-14 00:00:00+00:00
1736899200000,96560.85,100681.94,96500.0,100497.35,30509.99179,1736985599999,3006242382.88679460,3487945,15494.17873000,1527728226.30833280,0,2025-01-15 00:00:00+00:00
1736985600000,100497.35,100866.66,97335.13,99987.3,27832.85317,1737071999999,2765162040.63979910,3762755,13513.53707000,1342462621.62732850,0,2025-01-16 00:00:00+00:00
1737072000000,99987.3,105865.22,99950.77,104077.48,39171.85292,1737158399999,4040993985.47504680,3886907,20673.21300000,2131223293.20484620,0,2025-01-17 00:00:00+00:00
1737158400000,104077.47,104988.88,102277.55,104556.23,24307.82998,1737244799999,2521522119.37952530,3403162,11607.51274000,1204170928.37481190,0,2025-01-18 00:00:00+00:00
1737244800000,104556.23,106422.43,99651.6,101331.57,43397.28298,1737331199999,4513423971.41025210,5271920,21079.51082000,2193270771.00194450,0,2025-01-19 00:00:00+00:00
1737331200000,101331.57,109588.0,99550.0,102260.01,89529.231732,1737417599999,9398787064.32071500,11597937,44770.52949200,4704453254.51538250,0,2025-01-20 00:00:00+00:00
1737417600000,102260.0,107240.81,100119.04,106143.82,45941.02002,1737503999999,4768512258.15650130,6842980,23227.02741000,2411854258.51271880,0,2025-01-21 00:00:00+00:00
1737504000000,106143.82,106394.46,103339.12,103706.66,22248.69254,1737590399999,2331144640.65857870,4364035,10501.59306000,1100173331.98765840,0,2025-01-22 00:00:00+00:00
1737590400000,103706.66,106850.0,101262.28,103910.34,53953.12031,1737676799999,5610760848.13163840,6961383,27045.92646000,2813824950.57188350,0,2025-01-23 00:00:00+00:00
1737676800000,103910.35,107120.0,102750.0,104870.5,23609.24017,1737763199999,2483818574.37374800,4798886,11893.46050000,1251601023.34846860,0,2025-01-24 00:00:00+00:00
1737763200000,104870.51,105286.52,104106.09,104746.85,9068.32377,1737849599999,949511531.35780170,1770765,4462.60438000,467284996.37609660,0,2025-01-25 00:00:00+00:00
1737849600000,104746.86,105500.0,102520.44,102620.0,9812.51238,1737935999999,1024352365.47155230,1813011,4642.17247000,484871090.33614970,0,2025-01-26 00:00:00+00:00
1737936000000,102620.01,103260.0,97777.77,102082.83,50758.1341,1738022399999,5092886322.82924400,9368910,23529.22433000,2361569760.84189380,0,2025-01-27 00:00:00+00:00
1738022400000,102082.83,103800.0,100272.68,101335.52,22022.05765,1738108799999,2253977324.03620920,5428644,10756.64741000,1101357650.29198760,0,2025-01-28 00:00:00+00:00
1738108800000,101335.52,104782.68,101328.01,103733.24,23155.35802,1738195199999,2380383694.77213620,5189699,11675.17182000,1200636637.81436690,0,2025-01-29 00:00:00+00:00
1738195200000,103733.25,106457.44,103278.54,104722.94,19374.07472,1738281599999,2038112603.51264120,3990075,10140.92834000,1066933244.99202070,0,2025-01-30 00:00:00+00:00
1738281600000,104722.94,106012.0,101560.0,102429.56,21983.18193,1738367999999,2282174002.19521760,4331904,10697.39968000,1111485874.12928450,0,2025-01-31 00:00:00+00:00
1738368000000,102429.56,102783.71,100279.51,100635.65,12290.95747,1738454399999,1250354228.23722970,2588786,5625.89331000,572540016.14901110,0,2025-02-01 00:00:00+00:00
1738454400000,100635.66,101456.6,96150.0,97700.59,34619.49939,1738540799999,3412084312.58362790,7202339,15587.16669000,1536076091.30301330,0,2025-02-02 00:00:00+00:00
1738540800000,97700.59,102500.01,91231.0,101328.52,75164.7385,1738627199999,7228589180.71162140,10625262,36736.56946000,3537845694.48126590,0,2025-02-03 00:00:00+00:00
1738627200000,101328.51,101732.31,96150.0,97763.13,40267.98697,1738713599999,3989698644.26493070,6618911,19091.58154000,1891457194.35983290,0,2025-02-04 00:00:00+00:00
1738713600000,97763.14,99149.0,96155.0,96612.43,26233.30444,1738799999999,2562342153.82968530,4471763,11032.55174000,1078316288.14255890,0,2025-02-05 00:00:00+00:00
1738800000000,96612.44,99120.0,95676.64,96554.35,23515.20405,1738886399999,2289071921.21756010,4242807,11261.53049000,1096611639.37600890,0,2025-02-06 00:00:00+00:00
1738886400000,96554.35,100137.99,95620.34,96506.8,31794.22065,1738972799999,3107592434.67383420,5012456,15249.35370000,1491114588.55985190,0,2025-02-07 00:00:00+00:00
1738972800000,96506.8,96880.0,95688.0,96444.74,10147.24294,1739059199999,977040267.51586310,1757892,4450.52682000,428452764.90474110,0,2025-02-08 00:00:00+00:00
1739059200000,96444.75,97323.09,94713.0,96462.75,14120.91613,1739145599999,1359495152.31079740,2293192,6663.72875000,641795598.17527620,0,2025-02-09 00:00:00+00:00
1739145600000,96462.75,98345.0,95256.0,97430.82,20572.87537,1739231999999,1999112052.66878620,3475919,9607.62329000,933665618.50501910,0,2025-02-10 00:00:00+00:00
1739232000000,97430.82,98478.42,94876.88,95778.2,18647.76379,1739318399999,1806534846.38631950,3716586,8594.50066000,832320054.87637160,0,2025-02-11 00:00:00+00:00
1739318400000,95778.21,98119.99,94088.23,97869.99,29151.16625,1739404799999,2800142168.39436540,4992737,13820.70553000,1328044257.04013340,0,2025-02-12 00:00:00+00:00
1739404800000,97870.0,98083.91,95217.36,96608.14,19921.77616,1739491199999,1916988246.39211860,3909456,8852.16215000,851823567.09393470,0,2025-02-13 00:00:00+00:00
1739491200000,96608.13,98826.0,96252.82,97500.48,18173.02646,1739577599999,1768073218.86901540,3499564,9061.31682000,881925349.64442130,0,2025-02-14 00:00:00+00:00
1739577600000,97500.47,97972.26,97223.58,97569.66,7349.37683,1739663999999,717245393.77809200,1694327,3579.14202000,349322778.23397690,0,2025-02-15 00:00:00+00:00
1739664000000,97569.67,97704.47,96046.18,96118.12,8191.4249,1739750399999,794694242.29497320,1596701,3719.73063000,360842416.66441670,0,2025-02-16 00:00:00+00:00
1739750400000,96118.12,97046.59,95205.0,95780.0,16492.0451,1739836799999,1584593526.17546780,2831237,8010.41565000,769979077.13619730,0,2025-02-17 00:00:00+00:00
1739836800000,95780.01,96753.91,93388.09,95671.74,23368.19471,1739923199999,2223994802.89200520,4234248,11432.47367000,1088319233.52198970,0,2025-02-18 00:00:00+00:00
1739923200000,95671.74,96899.99,95029.99,96644.37,16438.50954,1740009599999,1576817572.10325050,2784225,7173.61807000,688586919.97592590,0,2025-02-19 00:00:00+00:00
1740009600000,96644.37,98711.36,96415.09,98305.0,17057.39177,1740095999999,1663386824.73155060,2386973,8356.42859000,815056614.17382700,0,2025-02-20 00:00:00+00:00
1740096000000,98305.01,99475.0,94871.95,96181.98,32249.2814,1740182399999,3143975917.57346420,4528525,15313.58184000,1493403646.84830270,0,2025-02-21 00:00:00+00:00
1740182400000,96181.99,96980.0,95770.49,96551.01,11268.17708,1740268799999,1087077133.82263640,1506418,5293.28051000,510722895.16754260,0,2025-02-22 00:00:00+00:00
1740268800000,96551.01,96650.0,95227.94,96258.0,10884.84913,1740355199999,1044392011.79102410,1457368,4619.93267000,443381984.41102550,0,2025-02-23 00:00:00+00:00
1740355200000,96258.0,96500.0,91349.26,91552.88,31550.10299,1740441599999,2981809595.44537670,4972684,14438.63366000,1366473567.87477310,0,2025-02-24 00:00:00+00:00
1740441600000,91552.88,92540.69,86050.99,88680.4,78333.11111,1740527999999,6962982500.90447390,10289145,35822.15275000,3183981371.47505020,0,2025-02-25 00:00:00+00:00
1740528000000,88680.39,89414.15,82256.01,84250.09,56893.54409,1740614399999,4898429925.63647610,8490006,28077.18450000,2417690848.81898720,0,2025-02-26 00:00:00+00:00
1740614400000,84250.09,87078.46,82716.49,84708.58,42505.45439,1740700799999,3618738891.22216230,6357581,20355.71969000,1732725913.28176280,0,2025-02-27 00:00:00+00:00
1740700800000,84708.57,85120.0,78258.52,84349.94,83648.03969,1740787199999,6806705236.69067870,11344216,40224.85287000,3274291175.81039970,0,2025-02-28 00:00:00+00:00
1740787200000,84349.95,86558.0,83824.78,86064.53,25785.05464,1740873599999,2194003507.85264280,3700728,11748.10769000,1000093822.53835250,0,2025-03-01 00:00:00+00:00
1740873600000,86064.54,95000.0,85050.6,94270.0,54889.09045,1740959999999,4972549515.78866870,7403218,29273.81031000,2652973441.15453900,0,2025-03-02 00:00:00+00:00
1740960000000,94269.99,94416.46,85117.11,86220.61,59171.10218,1741046399999,5321123743.47192310,9797860,27915.43650000,2513464571.35691100,0,2025-03-03 00:00:00+00:00
1741046400000,86221.16,88967.52,81500.0,87281.98,55609.10706,1741132799999,4704901219.59043560,10326631,27584.71590000,2335087296.23928690,0,2025-03-04 00:00:00+00:00
1741132800000,87281.98,91000.0,86334.53,90606.01,38264.01163,1741219199999,3400243670.30497560,8070266,19230.28436000,1709708737.46989350,0,2025-03-05 00:00:00+00:00
1741219200000,90606.0,92810.64,87836.0,89931.89,34342.44902,1741305599999,3105145628.39939920,7643526,17283.99411000,1563426526.42899340,0,2025-03-06 00:00:00+00:00
1741305600000,89931.88,91283.02,84667.03,86801.75,57980.35713,1741391999999,5097554826.61315770,9510442,28394.41537000,2497922400.45044460,0,2025-03-07 00:00:00+00:00
1741392000000,86801.74,86897.25,85218.47,86222.45,12989.23054,1741478399999,1119358968.65200550,2553974,6491.56581000,559581591.34707420,0,2025-03-08 00:00:00+00:00
1741478400000,86222.46,86500.0,80000.0,80734.37,26115.39345,1741564799999,2173552660.45447930,5189138,12093.87232000,1006299692.71041280,0,2025-03-09 00:00:00+00:00
1741564800000,80734.48,84123.46,77459.91,78595.86,47633.38405,1741651199999,3834924947.75818610,8701538,22898.57072000,1846606255.35214860,0,2025-03-10 00:00:00+00:00
1741651200000,78595.86,83617.4,76606.0,82932.99,48770.06853,1741737599999,3927000827.11079190,6983310,24029.16770000,1935950413.20181940,0,2025-03-11 00:00:00+00:00
1741737600000,82932.99,84539.85,80607.65,83680.12,31933.986,1741823999999,2638600996.82539610,5253577,15749.41702000,1301890518.49940810,0,2025-03-12 00:00:00+00:00
1741824000000,83680.12,84336.33,79939.9,81115.78,27546.27412,1741910399999,2260870111.23938940,4367093,13013.18135000,1067945431.12194690,0,2025-03-13 00:00:00+00:00
1741910400000,81115.78,85309.71,80818.84,83983.2,26858.52755,1741996799999,2244729595.54117160,3290987,14082.88688000,1177807467.01818000,0,2025-03-14 00:00:00+00:00
1741996800000,83983.19,84676.28,83618.0,84338.44,11324.7332,1742083199999,953445671.83375050,1329670,5195.29128000,437551330.25316600,0,2025-03-15 00:00:00+00:00
1742083200000,84338.44,85117.04,81981.12,82574.53,17596.12531,1742169599999,1468056556.29672260,2767947,8505.95317000,710037465.07574800,0,2025-03-16 00:00:00+00:00
1742169600000,82574.52,84756.83,82456.0,84010.03,17214.74358,1742255999999,1437716814.04687390,3014756,8387.89111000,700505421.78772940,0,2025-03-17 00:00:00+00:00
1742256000000,84010.02,84021.74,81134.66,82715.03,17610.89883,1742342399999,1450813055.47972610,3126371,8047.23418000,662808749.34278870,0,2025-03-18 00:00:00+00:00
1742342400000,82715.03,87000.0,82547.16,86845.94,28151.05374,1742428799999,2375813941.94376220,3774761,13804.24847000,1166238970.28114650,0,2025-03-19 00:00:00+00:00
1742428800000,86845.93,87453.67,83655.23,84223.39,22090.30463,1742515199999,1885241921.15565180,3252595,10163.59262000,867440339.29626070,0,2025-03-20 00:00:00+00:00
1742515200000,84223.38,84850.33,83175.25,84088.79,11956.97443,1742601599999,1005135519.25600170,2360005,5466.41961000,459501348.08175830,0,2025-03-21 00:00:00+00:00
1742601600000,84088.79,84539.17,83625.1,83840.59,5420.22114,1742687999999,456235443.80165220,864481,2284.19178000,192291026.78742480,0,2025-03-22 00:00:00+00:00
1742688000000,83840.59,86129.64,83809.75,86082.5,8461.97813,1742774399999,718692319.14990380,1206533,4424.81013000,376007261.52135970,0,2025-03-23 00:00:00+00:00
1742774400000,86082.5,88765.43,85519.09,87498.16,30115.62111,1742860799999,2636765917.95184350,2916713,14379.95578000,1258638667.11290410,0,2025-03-24 00:00:00+00:00
1742860800000,87498.16,88539.63,86310.0,87392.87,22643.25248,1742947199999,1979571590.89829370,2802815,9440.56294000,825308072.63378140,0,2025-03-25 00:00:00+00:00
1742947200000,87392.88,88275.0,85860.0,86909.17,18408.78485,1743033599999,1606406955.58646330,2380154,8590.97753000,749604853.29681350,0,2025-03-26 00:00:00+00:00
1743033600000,86909.17,87756.39,85800.0,87232.01,17098.03897,1743119999999,1487968807.70790220,2376381,8185.05517000,712324893.28891680,0,2025-03-27 00:00:00+00:00
1743120000000,87232.01,87515.67,83585.0,84424.38,27182.73169,1743206399999,2309946560.66411380,3236085,11274.83736000,958523321.81127310,0,2025-03-28 00:00:00+00:00
1743206400000,84424.38,84624.73,81644.81,82648.54,11696.39864,1743292799999,970199917.98687160,2172387,5621.60485000,466215575.48490690,0,2025-03-29 00:00:00+00:00
1743292800000,82648.53,83534.64,81565.0,82389.99,9864.49508,1743379199999,816584795.52881260,1907663,4725.07105000,391214080.11011610,0,2025-03-30 00:00:00+00:00
1743379200000,82390.0,83943.08,81278.52,82550.01,20569.13885,1743465599999,1696009191.08096490,3964358,9912.88184000,817875871.11074120,0,2025-03-31 00:00:00+00:00
1743465600000,82550.0,85579.46,82432.74,85158.34,20190.39697,1743551999999,1698895702.57546820,3328693,10246.42648000,862302772.43308630,0,2025-04-01 00:00:00+00:00
1743552000000,85158.35,88500.0,82320.0,82516.29,39931.457,1743638399999,3417279759.83076360,5338238,20739.67809000,1777735583.84074790,0,2025-04-02 00:00:00+00:00
1743638400000,82516.28,83998.02,81211.24,83213.09,27337.84135,1743724799999,2259299724.86439270,4117486,13951.52792000,1153439398.61980140,0,2025-04-03 00:00:00+00:00
1743724800000,83213.09,84720.0,81659.0,83889.87,32915.53976,1743811199999,2739842666.42673680,4992586,15896.18779000,1323832046.26468800,0,2025-04-04 00:00:00+00:00
1743811200000,83889.87,84266.0,82379.95,83537.99,9360.40468,1743897599999,779626577.90134360,1575750,4029.64658000,335654613.72771840,0,2025-04-05 00:00:00+00:00
1743897600000,83537.99,83817.63,77153.83,78430.0,27942.71436,1743983999999,2239085051.15296450,3948493,12493.84490000,1001459573.49446610,0,2025-04-06 00:00:00+00:00
1743984000000,78430.0,81243.58,74508.0,79163.24,78387.53089,1744070399999,6084614024.15064720,9736596,39075.84274000,3034375055.68439650,0,2025-04-07 00:00:00+00:00
1744070400000,79163.24,80867.99,76239.9,76322.42,35317.32063,1744156799999,2775277777.10246080,5512751,15704.73031000,1235370767.11535030,0,2025-04-08 00:00:00+00:00
1744156800000,76322.42,83588.0,74620.0,82615.22,75488.28772,1744243199999,5980231256.22249600,7741252,39491.62958000,3137004042.95926080,0,2025-04-09 00:00:00+00:00
1744243200000,82615.22,82753.21,78464.36,79607.3,33284.80718,1744329599999,2690294353.84784260,4529545,16339.91910000,1321475356.02008490,0,2025-04-10 00:00:00+00:00
1744329600000,79607.3,84300.0,78969.58,83423.84,34435.43797,1744415999999,2830363945.17875230,4423157,18019.58367000,1482515278.91770430,0,2025-04-11 00:00:00+00:00
1744416000000,83423.83,85905.0,82792.95,85276.9,18470.74437,1744502399999,1557403252.92675150,2501196,9526.72644000,803747272.78346800,0,2025-04-12 00:00:00+00:00
1744502400000,85276.91,86100.0,83034.23,83760.0,24680.04181,1744588799999,2086106375.43925540,3275879,11658.67909000,986303246.09318360,0,2025-04-13 00:00:00+00:00
1744588800000,83760.0,85799.99,83678.0,84591.58,28659.09348,1744675199999,2429132805.08152890,3921522,15196.58929000,1288815999.14061730,0,2025-04-14 00:00:00+00:00
1744675200000,84591.58,86496.42,83600.0,83643.99,20910.99528,1744761599999,1780972414.39560070,2910533,10439.36072000,889895753.16736510,0,2025-04-15 00:00:00+00:00
1744761600000,83643.99,85500.0,83111.64,84030.38,20867.24519,1744847999999,1753910031.20092420,3264730,10456.76900000,878939829.48483680,0,2025-04-16 00:00:00+00:00
1744848000000,84030.38,85470.01,83736.26,84947.91,13728.84772,1744934399999,1161659427.38626280,2003405,6424.41565000,543726754.41870160,0,2025-04-17 00:00:00+00:00
1744934400000,84947.92,85132.08,84303.96,84474.69,6529.96315,1745020799999,552648483.64748710,840009,2911.78856000,246467088.26214660,0,2025-04-18 00:00:00+00:00
1745020800000,84474.7,85677.99,84364.45,85077.01,9666.58153,1745107199999,823222752.28424930,875226,5416.30087000,461342923.99908200,0,2025-04-19 00:00:00+00:00
1745107200000,85077.0,85320.76,83949.52,85179.24,8091.67725,1745193599999,685253644.89183620,944130,3843.48314000,325482835.73783290,0,2025-04-20 00:00:00+00:00
1745193600000,85179.24,88465.99,85144.76,87516.23,31773.37262,1745279999999,2773299591.46706560,3041395,17216.39877000,1502705225.13413500,0,2025-04-21 00:00:00+00:00
1745280000000,87516.22,93888.0,87076.03,93442.99,43872.74705,1745366399999,3967785064.12817020,3268475,22777.77047000,2062639579.20308550,0,2025-04-22 00:00:00+00:00
1745366400000,93442.99,94696.05,91935.41,93691.08,27404.16808,1745452799999,2560279933.94795160,3016536,13128.05774000,1226992558.57654620,0,2025-04-23 00:00:00+00:00
1745452800000,93691.07,94005.0,91660.01,93980.47,19497.06071,1745539199999,1811120137.31467870,2797383,8565.18128000,795787487.36089810,0,2025-04-24 00:00:00+00:00
1745539200000,93980.47,95758.04,92855.96,94638.68,27500.66648,1745625599999,2596877713.64017280,3331828,13072.22136000,1234153095.72926820,0,2025-04-25 00:00:00+00:00
1745625600000,94638.68,95199.0,93870.69,94628.0,9415.06875,1745711999999,889627361.84144470,1475983,4156.22463000,392757114.43835790,0,2025-04-26 00:00:00+00:00
1745712000000,94628.0,95369.0,93602.58,93749.3,11162.841,1745798399999,1052334792.18661890,1918160,5250.08719000,495112239.10816970,0,2025-04-27 00:00:00+00:00
1745798400000,93749.29,95630.0,92800.01,95011.18,22157.53351,1745884799999,2092532996.55517170,3424740,11626.77592000,1098667305.23999790,0,2025-04-28 00:00:00+00:00
1745884800000,95011.18,95461.53,93742.54,94256.82,16955.3402,1745971199999,1607154803.46754770,3020875,7112.68469000,674688527.81306600,0,2025-04-29 00:00:00+00:00
1745971200000,94256.82,95228.45,92910.0,94172.0,17661.2751,1746057599999,1664825670.98312510,3214149,8393.21620000,791272380.03124470,0,2025-04-30 00:00:00+00:00
1746057600000,94172.0,97424.02,94130.43,96489.91,21380.45343,1746143999999,2053857614.27326720,2925716,10925.87308000,1049157198.85876350,0,2025-05-01 00:00:00+00:00
1746144000000,96489.9,97895.68,96350.0,96887.14,14905.74811,1746230399999,1446387651.58405750,2698263,7440.33531000,722022817.22461990,0,2025-05-02 00:00:00+00:00
1746230400000,96887.13,96935.67,95753.01,95856.42,9723.34838,1746316799999,935906144.96514980,1181239,3929.40490000,378271292.44431450,0,2025-05-03 00:00:00+00:00
1746316800000,95856.42,96304.48,94151.38,94277.62,11036.38342,1746403199999,1053542403.85315880,1674726,4385.33486000,418573470.85696230,0,2025-05-04 00:00:00+00:00
1746403200000,94277.61,95199.0,93514.1,94733.68,17251.18189,1746489599999,1626999380.17599680,2623300,8399.64855000,792299650.33952020,0,2025-05-05 00:00:00+00:00
1746489600000,94733.68,96920.65,93377.0,96834.02,16122.64513,1746575999999,1526847764.56366820,2512960,7505.95734000,711372483.61171350,0,2025-05-06 00:00:00+00:00
1746576000000,96834.02,97732.0,95784.61,97030.5,16644.83854,1746662399999,1611730124.59245430,2849139,8316.74471000,805430612.40553540,0,2025-05-07 00:00:00+00:00
1746662400000,97030.5,104145.76,96876.29,103261.6,34962.02847,1746748799999,3508645830.56501440,4991147,18547.23009000,1861334478.36442700,0,2025-05-08 00:00:00+00:00
1746748800000,103261.61,104361.3,102315.14,102971.99,27617.39907,1746835199999,2847518447.98151310,4406929,14525.20381000,1497826622.32618800,0,2025-05-09 00:00:00+00:00
1746835200000,102971.99,104984.57,102818.76,104809.53,15324.78611,1746921599999,1588386278.50241500,2227845,8258.23478000,856095289.52166460,0,2025-05-10 00:00:00+00:00
1746921600000,104809.53,104972.0,103345.06,104118.0,17987.12197,1747007999999,1873381777.21242540,3100176,9071.95578000,944903285.10730800,0,2025-05-11 00:00:00+00:00
1747008000000,104118.0,105819.45,100718.37,102791.32,31272.77792,1747094399999,3242348937.38306910,5298407,16455.99797000,1707457796.58813950,0,2025-05-12 00:00:00+00:00
1747094400000,102791.32,104976.25,101429.7,104103.72,21253.42409,1747180799999,2197244118.15236690,3703531,10705.97845000,1106609664.70779500,0,2025-05-13 00:00:00+00:00
1747180800000,104103.72,104356.95,102602.05,103507.82,16452.9081,1747267199999,1704708279.38841090,3025221,8026.03333000,831783471.65436100,0,2025-05-14 00:00:00+00:00
1747267200000,103507.83,104192.7,101383.07,103763.71,17998.98604,1747353599999,1850183474.52920360,4139477,8475.18036000,871244345.56413600,0,2025-05-15 00:00:00+00:00
1747353600000,103763.71,104550.33,103100.49,103463.9,15683.88024,1747439999999,1628832372.32414810,3237442,7555.15801000,784850382.19427470,0,2025-05-16 00:00:00+00:00
1747440000000,103463.9,103709.86,102612.5,103126.65,11250.89622,1747526399999,1160418362.95061810,2568597,5335.11525000,550379728.73385010,0,2025-05-17 00:00:00+00:00
1747526400000,103126.65,106660.0,103105.09,106454.26,21599.98726,1747612799999,2262214972.07493840,3193300,11664.89904000,1221914552.05520120,0,2025-05-18 00:00:00+00:00
1747612800000,106454.27,107108.62,102000.0,105573.74,30260.03524,1747699199999,3150324504.59545150,4881371,14208.30900000,1480452895.08415620,0,2025-05-19 00:00:00+00:00
1747699200000,105573.73,107320.0,104184.72,106849.99,23705.48275,1747785599999,2509102444.66959820,3878351,12350.46275000,1307273652.38952320,0,2025-05-20 00:00:00+00:00
1747785600000,106850.0,110797.38,106100.01,109643.99,45531.040345,1747871999999,4914709514.32002680,6835279,23661.64939500,2555528481.09872580,0,2025-05-21 00:00:00+00:00
1747872000000,109643.99,111980.0,109177.37,111696.21,31630.77313,1747958399999,3509432834.57341730,5794216,16584.56293000,1840083098.58278590,0,2025-05-22 00:00:00+00:00
1747958400000,111696.22,111800.0,106800.0,107318.3,31737.72309,1748044799999,3469704446.39040470,5251192,14309.31652000,1565622441.18751700,0,2025-05-23 00:00:00+00:00
1748044800000,107318.3,109506.03,106875.41,107761.91,16782.53129,1748131199999,1819958819.77485860,2805418,8786.90747000,953683093.32165700,0,2025-05-24 00:00:00+00:00
1748131200000,107761.9,109299.99,106600.64,109004.19,17710.04695,1748217599999,1904366455.42585800,3151168,7867.16712000,846688135.00971360,0,2025-05-25 00:00:00+00:00
1748217600000,109004.2,110422.22,108670.58,109434.79,14649.11593,1748303999999,1605578282.10790310,2887863,7301.11288000,800269021.19227970,0,2025-05-26 00:00:00+00:00
1748304000000,109434.78,110718.0,107516.57,108938.17,21276.65635,1748390399999,2327603851.11926510,3735509,9969.89271000,1090553624.46159920,0,2025-05-27 00:00:00+00:00
1748390400000,108938.17,109284.7,106769.43,107781.78,15633.78829,1748476799999,1689136748.51303130,2933262,6877.27341000,743282966.72071960,0,2025-05-28 00:00:00+00:00
1748476800000,107781.78,108891.91,105322.86,105589.75,19834.70116,1748563199999,2128639017.50816180,3774926,9457.49356000,1015173771.54898980,0,2025-05-29 00:00:00+00:00
1748563200000,105589.75,106313.12,103621.0,103985.48,23706.49799,1748649599999,2493078549.59186090,4307572,11070.98746000,1164158558.64358540,0,2025-05-30 00:00:00+00:00
1748649600000,103985.47,104900.0,103068.55,104591.88,11289.35922,1748735999999,1174000801.50703790,2343787,5278.95175000,548980630.84935780,0,2025-05-31 00:00:00+00:00
1748736000000,104591.88,105866.91,103752.49,105642.93,9709.70006,1748822399999,1016188486.95059960,1939359,4640.35070000,485683466.93478430,0,2025-06-01 00:00:00+00:00
1748822400000,105642.93,105935.63,103659.88,105857.99,13453.98813,1748908799999,1409004206.98637330,2997656,6494.65497000,680177826.61441720,0,2025-06-02 00:00:00+00:00
1748908800000,105858.0,106794.67,104872.5,105376.89,13259.52634,1748995199999,1402493746.59932180,2470698,6260.22436000,662160926.82412260,0,2025-06-03 00:00:00+00:00
1748995200000,105376.9,106000.0,104179.0,104696.86,14034.89482,1749081599999,1476928482.36887810,2274464,6979.94910000,734803757.41858380,0,2025-06-04 00:00:00+00:00
1749081600000,104696.86,105909.71,100372.26,101508.68,22321.50154,1749167999999,2301567892.53054470,3963295,10005.36019000,1031668517.04271110,0,2025-06-05 00:00:00+00:00
1749168000000,101508.69,105333.0,101095.8,104288.44,15839.07385,1749254399999,1642382404.93557530,2709327,7655.60679000,793575821.43579320,0,2025-06-06 00:00:00+00:00
1749254400000,104288.43,105900.0,103871.09,105552.15,8344.93206,1749340799999,877915380.95482310,1402494,3970.01912000,417664199.19127120,0,2025-06-07 00:00:00+00:00
1749340800000,105552.15,106488.14,104964.14,105734.0,8048.06305,1749427199999,850887129.42829760,1295154,4361.42266000,461098506.08832400,0,2025-06-08 00:00:00+00:00
1749427200000,105734.01,110530.17,105318.37,110263.02,19975.37451,1749513599999,2154922022.22117280,2839846,10623.88217000,1146790065.51356160,0,2025-06-09 00:00:00+00:00
1749513600000,110263.02,110400.0,108331.03,110274.39,17071.82839,1749599999999,1867620550.19217290,3003420,8009.29581000,876411274.39694880,0,2025-06-10 00:00:00+00:00
1749600000000,110274.39,110392.01,108064.0,108645.12,13115.91638,1749686399999,1434884639.75063030,2667014,6030.96867000,659947218.00338690,0,2025-06-11 00:00:00+00:00
1749686400000,108645.13,108813.55,105671.72,105671.73,17778.67218,1749772799999,1908309274.08683440,3517420,8291.22648000,890420511.47044150,0,2025-06-12 00:00:00+00:00
1749772800000,105671.74,106179.53,102664.31,106066.59,26180.81734,1749859199999,2735461890.69297020,5452577,12793.70705000,1337300355.99521930,0,2025-06-13 00:00:00+00:00
1749859200000,106066.59,106252.0,104300.0,105414.64,8798.93969,1749945599999,925568614.17840650,1521776,3848.55498000,405001275.92627160,0,2025-06-14 00:00:00+00:00
1749945600000,105414.63,106128.57,104494.53,105594.01,7164.20047,1750031999999,754596887.87480040,1564768,3356.46912000,353608577.68537740,0,2025-06-15 00:00:00+00:00
1750032000000,105594.02,108952.38,104980.37,106794.53,14922.6654,1750118399999,1599849840.73252440,2928998,7442.34921000,797865030.13661780,0,2025-06-16 00:00:00+00:00
1750118400000,106794.53,107771.34,103371.02,104551.17,17866.33025,1750204799999,1883173484.89909980,3723010,8082.65290000,852365443.21135600,0,2025-06-17 00:00:00+00:00
1750204800000,104551.17,105550.27,103500.0,104886.78,13968.64167,1750291199999,1461383024.36220930,3468170,6656.31474000,696386846.69042960,0,2025-06-18 00:00:00+00:00
1750291200000,104886.79,105226.17,103929.27,104658.59,7678.60737,1750377599999,803402575.96204490,1718045,3583.19736000,374871407.41073340,0,2025-06-19 00:00:00+00:00
1750377600000,104658.59,106524.65,102345.0,103297.99,16419.06283,1750463999999,1714411911.01140170,3029404,7113.97039000,743649283.08002110,0,2025-06-20 00:00:00+00:00
1750464000000,103297.98,103982.64,100837.9,102120.01,11154.21332,1750550399999,1144829784.73064180,2172578,4632.93703000,475270667.42267620,0,2025-06-21 00:00:00+00:00
1750550400000,102120.02,103399.62,98200.0,100963.87,28746.41072,1750636799999,2892695407.80868790,5121309,13142.02965000,1322387353.31664010,0,2025-06-22 00:00:00+00:00
1750636800000,100963.87,106074.2,99613.33,105333.93,27666.50609,1750723199999,2836166831.04444880,4944207,13408.20163000,1375654853.25846600,0,2025-06-23 00:00:00+00:00
1750723200000,105333.94,106290.0,104622.02,106083.0,14651.69335,1750809599999,1543451113.45636120,2973481,6848.32158000,721631005.28932640,0,2025-06-24 00:00:00+00:00
1750809600000,106083.0,108135.3,105808.03,107340.58,16701.15551,1750895999999,1789545470.94629000,2988892,8576.13709000,919352853.80641200,0,2025-06-25 00:00:00+00:00
1750896000000,107340.59,108272.45,106562.5,106947.06,10573.27279,1750982399999,1136093974.68160140,2597742,4983.08998000,535471528.19449270,0,2025-06-26 00:00:00+00:00
1750982400000,106947.06,107735.34,106356.76,107047.59,12232.44042,1751068799999,1308420348.91000950,2304499,4862.28010000,520251258.37876640,0,2025-06-27 00:00:00+00:00
1751068800000,107047.58,107577.75,106811.51,107296.79,3282.17352,1751155199999,352025390.60311350,653305,1514.41959000,162441164.01323960,0,2025-06-28 00:00:00+00:00
1751155200000,107296.79,108528.5,107172.52,108356.93,6831.7364,1751241599999,736708189.94956840,1223202,3771.10895000,406653127.09208040,0,2025-06-29 00:00:00+00:00
1751241600000,108356.93,108789.99,106733.33,107146.5,9754.12491,1751327999999,1050407152.34505800,1773485,4331.38130000,466474537.78821220,0,2025-06-30 00:00:00+00:00
1751328000000,107146.51,107540.0,105250.85,105681.14,10505.62437,1751414399999,1117432945.89263660,2013289,4648.91727000,494549276.18377850,0,2025-07-01 00:00:00+00:00
1751414400000,105681.13,109730.0,105100.19,108849.6,17691.89592,1751500799999,1915699005.87728970,2444708,9248.43029000,1002261738.20887520,0,2025-07-02 00:00:00+00:00
1751500800000,108849.59,110529.18,108530.4,109584.78,13047.08225,1751587199999,1429459048.63832610,2568944,6961.89686000,763022147.91167700,0,2025-07-03 00:00:00+00:00
1751587200000,109584.77,109767.59,107245.0,107984.24,11793.86615,1751673599999,1276215111.66836520,1975212,4787.79822000,518313226.96675600,0,2025-07-04 00:00:00+00:00
1751673600000,107984.25,108420.56,107756.31,108198.12,3736.9757,1751759999999,403928702.19674760,710020,1803.68528000,194976807.36330110,0,2025-07-05 00:00:00+00:00
1751760000000,108198.12,109700.0,107800.01,109203.84,6447.607,1751846399999,700733299.51121990,1256591,3209.35902000,348780644.23317400,0,2025-07-06 00:00:00+00:00
1751846400000,109203.85,109700.0,107513.2,108262.94,9405.37601,1751932799999,1020848316.05370420,1961940,3920.92229000,425664101.80223870,0,2025-07-07 00:00:00+00:00
1751932800000,108262.94,109216.56,107429.57,108922.98,9216.0208,1752019199999,1000112813.43989430,1723244,4371.98866000,474674358.99748990,0,2025-07-08 00:00:00+00:00
1752019200000,108922.99,111999.79,108324.53,111233.99,17282.2865,1752105599999,1902054744.19492400,2328484,8935.70327000,983405508.74821380,0,2025-07-09 00:00:00+00:00
1752105600000,111234.0,116868.0,110500.0,116010.0,24883.450665,1752191999999,2826460280.44522334,3227017,12900.13546700,1465777460.94107554,0,2025-07-10 00:00:00+00:00
1752192000000,116010.01,118869.98,115222.22,117527.66,25873.521148,1752278399999,3039521803.02724685,3708194,12502.93116800,1468374333.95021235,0,2025-07-11 00:00:00+00:00
1752278400000,117527.66,118200.0,116900.05,117420.0,8446.60437,1752364799999,993093353.40689040,1441851,3784.55219000,444996040.90597870,0,2025-07-12 00:00:00+00:00
1752364800000,117420.0,119488.0,117224.79,119086.64,9550.792947,1752451199999,1132096857.01169159,1650283,4766.47430700,565024389.37239190,0,2025-07-13 00:00:00+00:00
1752451200000,119086.65,123218.0,118905.18,119841.18,27269.348877,1752537599999,3299746181.07707340,4076133,14099.58074700,1705505292.66472420,0,2025-07-14 00:00:00+00:00
1752537600000,119841.17,119940.83,115736.92,117758.09,32018.46083,1752623999999,3755258445.55327170,3805374,15667.30508000,1837578524.92386480,0,2025-07-15 00:00:00+00:00
1752624000000,117758.08,120063.84,117017.29,118630.43,17039.90851,1752710399999,2023850383.72348730,2429625,8355.96881000,992430971.36759030,0,2025-07-16 00:00:00+00:00
1752710400000,118630.44,120998.71,117453.57,119177.56,15728.57651,1752796799999,1869114355.12316430,2347985,7696.17927000,914659207.57442780,0,2025-07-17 00:00:00+00:00
1752796800000,119177.56,120820.71,116812.76,117924.84,19924.66266,1752883199999,2367355518.47030790,2805236,8951.37863000,1063782057.47856260,0,2025-07-18 00:00:00+00:00
1752883200000,117924.84,118499.9,117277.34,117840.0,6635.80306,1752969599999,783327898.49696960,1133382,2978.38320000,351626384.05029030,0,2025-07-19 00:00:00+00:00
1752969600000,117840.01,118856.8,116467.02,117265.12,12962.92889,1753055999999,1528864683.81608200,1615935,6581.33371000,776457462.98182540,0,2025-07-20 00:00:00+00:00
1753056000000,117265.11,119676.73,116515.0,117380.36,17107.33128,1753142399999,2020783266.96336490,2509543,8426.31812000,995117241.66790940,0,2025-07-21 00:00:00+00:00
1753142400000,117380.36,120247.8,116128.0,119954.42,20959.12973,1753228799999,2481252763.65191060,2778733,10811.45507000,1280627214.62852240,0,2025-07-22 00:00:00+00:00
1753228800000,119954.43,120090.0,117301.0,118755.99,14558.75083,1753315199999,1722126986.88666100,2101404,7070.08701000,836266328.74468310,0,2025-07-23 00:00:00+00:00
1753315200000,118756.0,119450.0,117103.1,118340.99,15806.89043,1753401599999,1873181653.20180740,2081435,7651.73992000,906619084.60359310,0,2025-07-24 00:00:00+00:00
1753401600000,118340.98,118451.57,114723.16,117614.31,38406.34873,1753487999999,4456778786.62049410,3282355,17042.77355000,1977873720.89647240,0,2025-07-25 00:00:00+00:00
1753488000000,117614.31,118297.35,117138.38,117919.99,6991.67206,1753574399999,823629079.74931030,790372,3167.88355000,373290310.21643520,0,2025-07-26 00:00:00+00:00
1753574400000,117919.99,119766.65,117825.5,119415.55,9328.30919,1753660799999,1107883542.16079820,1095080,5238.30358000,622261561.25072770,0,2025-07-27 00:00:00+00:00
1753660800000,119415.56,119800.0,117427.5,118062.32,13961.74754,1753747199999,1655882235.89651800,1824777,7224.91774000,857128354.22340880,0,2025-07-28 00:00:00+00:00
1753747200000,118062.32,119273.36,116950.75,117950.76,15137.93445,1753833599999,1788682083.68564630,1956694,7988.93736000,944162800.07458740,0,2025-07-29 00:00:00+00:00
1753833600000,117950.75,118792.0,115796.23,117840.3,15586.73631,1753919999999,1832696878.22298590,1997369,7803.61434000,917632890.23365260,0,2025-07-30 00:00:00+00:00
1753920000000,117840.29,118922.45,115500.0,115764.08,17010.0073,1754006399999,2002870016.70224260,1859532,8313.51616000,979519362.06854240,0,2025-07-31 00:00:00+00:00
1754006400000,115764.07,116052.0,112722.58,113297.93,24487.10206,1754092799999,2810268577.15136990,4160829,11487.22120000,1318593418.06125480,0,2025-08-01 00:00:00+00:00
1754092800000,113297.92,114063.49,112003.0,112546.35,11507.33428,1754179199999,1301882737.32672200,2165714,5060.00835000,572586383.07173130,0,2025-08-02 00:00:00+00:00
1754179200000,112546.35,114799.97,111920.0,114208.8,7397.76046,1754265599999,841090034.15425410,1419281,3738.18331000,425246221.29553040,0,2025-08-03 00:00:00+00:00
1754265600000,114208.81,115720.0,114107.6,115055.03,9667.67916,1754351999999,1109938874.06297080,1954230,4715.29351000,541443274.80937470,0,2025-08-04 00:00:00+00:00
1754352000000,115055.03,115127.81,112650.0,114129.75,12042.79078,1754438399999,1371861747.14661660,2581052,5622.66754000,640570774.10106840,0,2025-08-05 00:00:00+00:00
1754438400000,114129.75,115716.0,113355.13,114992.27,9761.15318,1754524799999,1118028732.85891840,2026500,4872.24748000,558193207.67707200,0,2025-08-06 00:00:00+00:00
1754524800000,114992.27,117621.0,114259.0,117472.01,13468.56263,1754611199999,1564454297.83692700,2314671,7008.73753000,814088870.44463200,0,2025-08-07 00:00:00+00:00
1754611200000,117472.02,117630.0,115878.71,116674.74,10045.31278,1754697599999,1172199778.72425470,2095304,4584.90574000,534970598.46875020,0,2025-08-08 00:00:00+00:00
1754697600000,116674.74,117944.05,116299.13,116462.25,9514.13144,1754783999999,1111837601.70237220,1390951,4869.85416000,569228301.11699460,0,2025-08-09 00:00:00+00:00
1754784000000,116462.25,119311.11,116460.63,119294.01,14322.77073,1754870399999,1694198747.87187080,2317065,8023.43513000,949082473.72132200,0,2025-08-10 00:00:00+00:00
1754870400000,119294.27,122335.16,118050.11,118686.0,26494.33429,1754956799999,3194611530.54106930,4021743,13243.42946000,1596640461.64307680,0,2025-08-11 00:00:00+00:00
1754956800000,118686.0,120324.43,118207.47,120134.08,16720.10893,1755043199999,1992762473.58525770,2737841,9265.05962000,1104367998.19617160,0,2025-08-12 00:00:00+00:00
1755043200000,120134.09,123667.79,118920.92,123306.43,23210.07102,1755129599999,2811581348.38745740,3712817,11931.26825000,1446045988.04831460,0,2025-08-13 00:00:00+00:00
1755129600000,123306.44,124474.0,117180.0,118295.09,27980.947586,1755215999999,3359128391.10852380,4350449,13402.07847600,1608719584.86973360,0,2025-08-14 00:00:00+00:00
1755216000000,118295.09,119216.82,116803.99,117342.05,13623.33874,1755302399999,1607609329.68510110,2895016,6141.41708000,724799635.81724670,0,2025-08-15 00:00:00+00:00
1755302400000,117342.04,117898.99,117143.98,117380.66,6393.68117,1755388799999,751719391.77236380,1179842,2995.22865000,352158781.09645510,0,2025-08-16 00:00:00+00:00
1755388800000,117380.66,118575.0,117172.21,117405.01,5898.64192,1755475199999,695629197.90380730,1177563,2804.73113000,330799448.09036540,0,2025-08-17 00:00:00+00:00
1755475200000,117405.01,117543.75,114640.14,116227.05,17745.93954,1755561599999,2053814085.47177750,3346280,7647.70667000,885108979.48874850,0,2025-08-18 00:00:00+00:00
1755561600000,116227.05,116725.69,112732.58,112872.94,18065.47424,1755647999999,2065010895.85846640,3291182,8609.41370000,984093545.59442210,0,2025-08-19 00:00:00+00:00
1755648000000,112872.95,114615.38,112380.0,114271.24,15636.34194,1755734399999,1776149566.12477360,2998370,7209.58575000,819330970.21586190,0,2025-08-20 00:00:00+00:00
1755734400000,114271.23,114821.76,112015.67,112500.0,10839.69235,1755820799999,1227373788.61556290,2357380,5346.48007000,605400341.45449280,0,2025-08-21 00:00:00+00:00
1755820800000,112500.0,117429.05,111684.79,116935.99,23128.09037,1755907199999,2656625122.27778650,3438518,11843.59711000,1359907711.87266930,0,2025-08-22 00:00:00+00:00
1755907200000,116936.0,117030.0,114560.0,115438.05,11329.36197,1755993599999,1308825428.01435860,1559569,5083.35014000,587273893.13144330,0,2025-08-23 00:00:00+00:00
1755993600000,115438.06,115666.68,110680.0,113493.59,21175.98462,1756079999999,2411284606.18917640,2573906,9325.06710000,1061855201.33431230,0,2025-08-24 00:00:00+00:00
1756080000000,113493.59,113667.28,109274.1,110111.98,25182.79379,1756166399999,2805570653.63102300,4695718,11387.58170000,1269662985.34417990,0,2025-08-25 00:00:00+00:00
1756166400000,110111.98,112371.0,108666.66,111763.22,18452.43877,1756252799999,2033437347.49993920,4077474,9863.43157000,1087468493.59696390,0,2025-08-26 00:00:00+00:00
1756252800000,111763.22,112625.0,110345.42,111262.01,13392.60875,1756339199999,1493774927.19083180,3111496,6261.84550000,698586344.17747960,0,2025-08-27 00:00:00+00:00
1756339200000,111262.01,113485.9,110862.42,112566.9,11104.27744,1756425599999,1250788481.94532180,2066780,5139.46509000,578866003.68381480,0,2025-08-28 00:00:00+00:00
1756425600000,112566.9,112638.64,107463.9,108377.4,22580.31045,1756511999999,2475492492.57752970,3606959,10616.35644000,1164321513.10445710,0,2025-08-29 00:00:00+00:00
1756512000000,108377.4,108926.15,107350.1,108816.33,10708.39159,1756598399999,1160666772.73875230,1411040,5797.17783000,628457794.84340100,0,2025-08-30 00:00:00+00:00
1756598400000,108816.33,109480.02,108076.93,108246.35,9489.51596,1756684799999,1031806894.35133180,1366633,4573.61058000,497406888.16918830,0,2025-08-31 00:00:00+00:00
1756684800000,108246.36,109912.4,107255.0,109237.42,16053.60219,1756771199999,1742516638.78113520,2729384,7532.99101000,817730948.98443340,0,2025-09-01 00:00:00+00:00
1756771200000,109237.43,111771.52,108393.39,111240.01,18510.28756,1756857599999,2042681451.90163840,2596328,9088.71727000,1003032805.53679950,0,2025-09-02 00:00:00+00:00
1756857600000,111240.01,112575.27,110528.71,111705.71,11773.72084,1756943999999,1313762617.34366450,2214249,5539.29462000,618293676.50751790,0,2025-09-03 00:00:00+00:00
1756944000000,111705.72,112180.0,109329.12,110730.87,12203.13536,1757030399999,1349031325.53208460,2230255,6070.78151000,670681185.82571010,0,2025-09-04 00:00:00+00:00
1757030400000,110730.87,113384.62,110206.96,110659.99,21587.40888,1757116799999,2413132200.62332500,2970419,10787.81127000,1206066261.22720100,0,2025-09-05 00:00:00+00:00
1757116800000,110660.0,111307.7,109977.0,110187.97,5000.29897,1757203199999,552785936.54346990,795201,2308.83297000,255237426.94601100,0,2025-09-06 00:00:00+00:00
1757203200000,110187.98,111600.0,110180.0,111137.34,5681.29944,1757289599999,630447950.15886890,874961,2570.85199000,285303923.54046230,0,2025-09-07 00:00:00+00:00
1757289600000,111137.35,112924.37,110621.78,112065.23,11582.40211,1757375999999,1295903862.46496030,1744598,5531.65969000,618773275.35763070,0,2025-09-08 00:00:00+00:00
1757376000000,112065.23,113293.29,110766.66,111546.39,15379.28248,1757462399999,1721465997.90636600,2143242,7597.38038000,849973176.17756840,0,2025-09-09 00:00:00+00:00
1757462400000,111546.38,114313.13,110917.45,113960.0,17517.41823,1757548799999,1978834750.22231150,2182534,8274.63998000,934646697.48233240,0,2025-09-10 00:00:00+00:00
1757548800000,113960.0,115488.09,113430.0,115482.69,13676.73119,1757635199999,1562241144.95654100,2166359,6744.29993000,770595422.69052130,0,2025-09-11 00:00:00+00:00
1757635200000,115482.69,116665.63,114740.99,116029.42,15324.10719,1757721599999,1772122269.50186350,2481491,7995.57276000,924775389.85693960,0,2025-09-12 00:00:00+00:00
1757721600000,116029.41,116298.78,115127.27,115918.29,8269.40394,1757807999999,957724220.64976110,1223635,3590.09359000,415773029.43935270,0,2025-09-13 00:00:00+00:00
1757808000000,115918.29,116165.19,115135.0,115268.01,6707.60197,1757894399999,775762364.96859910,1237218,3406.90777000,393977059.30354210,0,2025-09-14 00:00:00+00:00
1757894400000,115268.01,116757.99,114384.0,115349.71,13212.51149,1757980799999,1522648235.22351530,2857989,6621.36360000,763138585.68502490,0,2025-09-15 00:00:00+00:00
1757980800000,115349.71,116964.27,114737.11,116788.96,10926.9094,1758067199999,1265779287.51692670,2047058,5292.18365000,613182568.99191850,0,2025-09-16 00:00:00+00:00
1758067200000,116788.96,117286.73,114720.81,116447.59,16754.2454,1758153599999,1946083704.62174570,3227418,7975.00190000,926282110.83307900,0,2025-09-17 00:00:00+00:00
1758153600000,116447.6,117900.0,116092.76,117073.53,11657.23365,1758239999999,1367513347.48650940,2252654,5717.34538000,670700552.93472770,0,2025-09-18 00:00:00+00:00
1758240000000,117073.53,117459.99,115100.0,115632.38,8992.09065,1758326399999,1045792401.45323890,1732471,4020.81483000,467345983.07867990,0,2025-09-19 00:00:00+00:00
1758326400000,115632.39,116121.81,115408.47,115685.63,4674.92752,1758412799999,541264273.24168940,740451,2276.16483000,263511469.84325880,0,2025-09-20 00:00:00+00:00
1758412800000,115685.63,115819.06,115188.0,115232.29,4511.52219,1758499199999,521299751.15040960,945965,2016.72489000,233031538.74699310,0,2025-09-21 00:00:00+00:00
1758499200000,115232.29,115379.25,111800.0,112650.99,20781.71356,1758585599999,2348872511.69887510,3045876,9312.35777000,1052684266.89818760,0,2025-09-22 00:00:00+00:00
1758585600000,112650.99,113290.5,111458.73,111998.8,12301.3203,1758671999999,1383869800.27370310,2455729,5543.36090000,623665658.72003280,0,2025-09-23 00:00:00+00:00
1758672000000,111998.8,113940.0,111042.66,113307.0,12369.25967,1758758399999,1394470628.50258200,2229837,6100.69487000,687826281.22047700,0,2025-09-24 00:00:00+00:00
1758758400000,113307.01,113510.23,108631.51,108994.49,21231.14957,1758844799999,2356639689.92521460,4409953,9511.07937000,1055527535.76844470,0,2025-09-25 00:00:00+00:00
1758844800000,108994.49,110300.0,108620.07,109643.46,14243.01591,1758931199999,1557098915.93925960,3257155,6978.29033000,762955442.75240000,0,2025-09-26 00:00:00+00:00
1758931200000,109643.46,109743.91,109064.4,109635.85,5501.78643,1759017599999,601947588.99707650,919594,2523.25886000,276080500.99419540,0,2025-09-27 00:00:00+00:00
1759017600000,109635.85,112350.0,109189.99,112163.95,7542.3316,1759103999999,832254944.32033530,1484866,3781.87606000,417495757.16935000,0,2025-09-28 00:00:00+00:00
1759104000000,112163.96,114400.0,111560.65,114311.96,15541.12005,1759190399999,1755247635.87113600,2442653,7836.68768000,884934987.56875300,0,2025-09-29 00:00:00+00:00
1759190400000,114311.97,114792.0,112656.27,114048.93,15044.15633,1759276799999,1710713267.13009550,3018331,7185.72154000,817044461.27018150,0,2025-09-30 00:00:00+00:00
1759276800000,114048.94,118649.1,113966.67,118594.99,20036.39516,1759363199999,2332096981.26593350,3430343,10071.04092000,1172422657.40651740,0,2025-10-01 00:00:00+00:00
1759363200000,118594.99,121022.07,118279.31,120529.35,19670.83503,1759449599999,2349861127.34458050,3472073,9753.07848000,1164986423.98980750,0,2025-10-02 00:00:00+00:00
1759449600000,120529.35,123894.99,119248.3,122232.0,23936.328,1759535999999,2907381076.68131880,4246820,11288.62355000,1372792607.61362140,0,2025-10-03 00:00:00+00:00
1759536000000,122232.21,122800.0,121510.0,122391.0,8208.16678,1759622399999,1002272903.34464720,1703590,3767.80335000,460154433.12366190,0,2025-10-04 00:00:00+00:00
1759622400000,122390.99,125708.42,122136.0,123482.31,22043.097553,1759708799999,2730817470.93956400,3690670,11780.67240300,1459478400.91099630,0,2025-10-05 00:00:00+00:00
1759708800000,123482.32,126199.63,123084.0,124658.54,19494.628793,1759795199999,2428828952.26531830,4206167,9963.00815300,1241625129.71771830,0,2025-10-06 00:00:00+00:00
1759795200000,124658.54,125126.0,120574.94,121332.95,21633.99385,1759881599999,2657405799.87054860,4390785,9699.35099000,1191947741.69890580,0,2025-10-07 00:00:00+00:00
1759881600000,121332.96,124197.25,121066.14,123306.0,17012.618,1759967999999,2084842842.44161690,4184997,9039.06222000,1107976264.69485960,0,2025-10-08 00:00:00+00:00
1759968000000,123306.01,123762.94,119651.47,121662.4,21559.36007,1760054399999,2621438087.56673310,4231167,10144.15364000,1233882833.56423890,0,2025-10-09 00:00:00+00:00
1760054400000,121662.41,122550.0,102000.0,112774.5,64171.93927,1760140799999,7349750905.04115730,11404522,30502.14297000,3493298452.84600770,0,2025-10-10 00:00:00+00:00
1760140800000,112774.49,113322.39,109561.59,110644.4,35448.51652,1760227199999,3961069473.23113630,6661929,15375.94796000,1718429599.56695220,0,2025-10-11 00:00:00+00:00
1760227200000,110644.4,115770.0,109565.06,114958.8,32255.30272,1760313599999,3638546528.74015580,6048575,16915.44533000,1907676479.17725090,0,2025-10-12 00:00:00+00:00
1760313600000,114958.81,115963.81,113616.5,115166.0,22557.24033,1760399999999,2591831660.98574920,5739352,10710.89723000,1230950583.84246650,0,2025-10-13 00:00:00+00:00
1760400000000,115166.0,115409.96,109866.0,113028.14,31870.32974,1760486399999,3578140778.80849870,7425642,14944.19197000,1677011392.63438070,0,2025-10-14 00:00:00+00:00
1760486400000,113028.13,113612.35,110164.0,110763.28,22986.48811,1760572799999,2569639641.35276860,5243141,10499.31831000,1173678794.92077390,0,2025-10-15 00:00:00+00:00
1760572800000,110763.28,111982.45,107427.0,108194.28,29857.17252,1760659199999,3277596494.76191940,6127094,13126.95119000,1441416875.12637710,0,2025-10-16 00:00:00+00:00
1760659200000,108194.27,109240.0,103528.23,106431.68,37920.66838,1760745599999,4022645635.22120190,7570685,17996.99946000,1909654487.45622080,0,2025-10-17 00:00:00+00:00
1760745600000,106431.68,107499.0,106322.2,107185.01,11123.18766,1760831999999,1189002999.14311300,2105450,4845.85641000,518065716.66181290,0,2025-10-18 00:00:00+00:00
1760832000000,107185.0,109450.07,106103.36,108642.78,15480.66423,1760918399999,1670074079.58023430,3205640,7100.31013000,766423535.81773780,0,2025-10-19 00:00:00+00:00
1760918400000,108642.77,111705.56,107402.52,110532.09,19193.4416,1761004799999,2119912185.59346830,4283542,9280.50075000,1024925788.72169910,0,2025-10-20 00:00:00+00:00
1761004800000,110532.09,114000.0,107473.72,108297.67,37228.01659,1761091199999,4114477849.93205410,6004063,17034.07155000,1881327751.33461280,0,2025-10-21 00:00:00+00:00
1761091200000,108297.66,109163.88,106666.69,107567.44,28610.78451,1761177599999,3090291706.44398170,5547903,13766.58861000,1487179903.59997880,0,2025-10-22 00:00:00+00:00
1761177600000,107567.45,111293.61,107500.0,110078.18,17573.09294,1761263999999,1924582289.41139380,3721614,8575.33716000,938905317.70341070,0,2025-10-23 00:00:00+00:00
1761264000000,110078.19,112104.98,109700.01,111004.89,15005.16913,1761350399999,1662806764.95333240,3241022,7511.24340000,832390454.80762260,0,2025-10-24 00:00:00+00:00
1761350400000,111004.9,111943.19,110672.86,111646.27,6407.96864,1761436799999,714201332.97512240,1238199,3087.08660000,344113931.79994520,0,2025-10-25 00:00:00+00:00
1761436800000,111646.27,115466.8,111260.45,114559.4,13454.47737,1761523199999,1525108635.87482900,2463951,6982.18154000,791462349.35160560,0,2025-10-26 00:00:00+00:00
1761523200000,114559.41,116400.0,113830.01,114107.65,21450.23241,1761609599999,2470872744.54896810,3660488,10969.70182000,1263753536.99738980,0,2025-10-27 00:00:00+00:00
1761609600000,114107.65,116086.0,112211.0,112898.45,15523.42257,1761695999999,1772753529.86427430,3829845,7765.31574000,887031686.01637250,0,2025-10-28 00:00:00+00:00
1761696000000,112898.44,113643.73,109200.0,110021.29,21079.71376,1761782399999,2356715986.53354560,4481480,10407.07233000,1163985607.35690850,0,2025-10-29 00:00:00+00:00
1761782400000,110021.3,111592.0,106304.34,108322.88,25988.82838,1761868799999,2827221287.42279770,6373451,12551.13144000,1365671836.74559240,0,2025-10-30 00:00:00+00:00
1761868800000,108322.87,111190.0,108275.28,109608.01,21518.20439,1761955199999,2361590437.94141060,5256872,10798.53938000,1185034290.92377970,0,2025-10-31 00:00:00+00:00
1761955200000,109608.01,110564.49,109394.81,110098.1,7378.50431,1762041599999,812389216.43467980,1994214,3406.68401000,375126956.08097220,0,2025-11-01 00:00:00+00:00
1762041600000,110098.1,111250.01,109471.34,110540.68,12107.00087,1762127999999,1336870531.14150130,2652188,5921.86453000,654016950.25497770,0,2025-11-02 00:00:00+00:00
1762128000000,110540.69,110750.0,105306.56,106583.04,28681.18779,1762214399999,3076006652.00156760,7074546,12847.08574000,1377869106.66817760,0,2025-11-03 00:00:00+00:00
1762214400000,106583.05,107299.0,98944.36,101497.22,50534.87376,1762300799999,5197697635.21241310,9099609,23388.99033000,2406186713.17052980,0,2025-11-04 00:00:00+00:00
1762300800000,101497.23,104534.74,98966.8,103885.16,33778.77571,1762387199999,3454273922.70038500,6500368,18126.84828000,1854232277.03301110,0,2025-11-05 00:00:00+00:00
1762387200000,103885.16,104200.0,100300.95,101346.04,25814.62139,1762473599999,2641767846.30582700,5755001,11972.54796000,1225474173.02042840,0,2025-11-06 00:00:00+00:00
1762473600000,101346.04,104096.36,99260.86,103339.08,32059.50942,1762559999999,3251112979.30588400,6335759,16056.80582000,1629564159.11657990,0,2025-11-07 00:00:00+00:00
1762560000000,103339.09,103406.22,101454.0,102312.94,12390.77985,1762646399999,1267165565.37527010,2743819,5862.65977000,599611355.36714670,0,2025-11-08 00:00:00+00:00
1762646400000,102312.95,105495.62,101400.0,104722.96,16338.97096,1762732799999,1687020822.36682080,3404204,8224.94939000,849620657.08690970,0,2025-11-09 00:00:00+00:00
1762732800000,104722.95,106670.11,104265.02,106011.13,22682.25673,1762819199999,2400141664.38934170,4710957,11595.81944000,1226965888.74676980,0,2025-11-10 00:00:00+00:00
1762819200000,106011.13,107500.0,102476.09,103058.99,24196.50718,1762905599999,2532279071.00692150,5532149,10717.03395000,1121890584.19977650,0,2025-11-11 00:00:00+00:00
1762905600000,103059.0,105333.33,100813.59,101654.37,20457.63906,1762991999999,2108514405.26087720,5314132,10155.72095000,1047214063.13828700,0,2025-11-12 00:00:00+00:00
1762992000000,101654.37,104085.01,98000.4,99692.02,36198.50771,1763078399999,3654698026.54038050,8125404,17250.22426000,1742449117.57636070,0,2025-11-13 00:00:00+00:00
1763078400000,99692.03,99866.02,94012.45,94594.0,47288.14481,1763164799999,4566085156.74720680,9551025,21184.91518000,2045542286.86348350,0,2025-11-14 00:00:00+00:00
1763164800000,94594.0,96846.68,94558.49,95596.24,15110.89391,1763251199999,1449074019.06748560,4263558,7115.78198000,682358960.75404210,0,2025-11-15 00:00:00+00:00
1763251200000,95596.23,96635.11,93005.55,94261.44,23889.4051,1763337599999,2261295524.81733930,5141394,10828.62752000,1025540141.31118660,0,2025-11-16 00:00:00+00:00
1763337600000,94261.45,96043.0,91220.0,92215.14,39218.59806,1763423999999,3674562070.23860600,8134322,18690.19245000,1750979467.78626070,0,2025-11-17 00:00:00+00:00
1763424000000,92215.14,93836.01,89253.78,92960.83,39835.14769,1763510399999,3641033186.30045840,8786593,20130.95957000,1841176605.14182350,0,2025-11-18 00:00:00+00:00
1763510400000,92960.83,92980.22,88608.0,91554.96,32286.6376,1763596799999,2925773651.25595790,6822174,15060.08451000,1365200809.17455710,0,2025-11-19 00:00:00+00:00
1763596800000,91554.96,93160.0,86100.0,86637.23,39733.19073,1763683199999,3548950335.09842180,7841395,18283.84047000,1634256490.95743210,0,2025-11-20 00:00:00+00:00
1763683200000,86637.22,87498.94,80600.0,85129.43,72256.12679,1763769599999,6061348756.34156410,11826480,34071.85828000,2859133223.22405230,0,2025-11-21 00:00:00+00:00
1763769600000,85129.42,85620.0,83500.0,84739.74,14193.93263,1763855999999,1197657354.96903850,4697593,6688.79428000,564562148.93739320,0,2025-11-22 00:00:00+00:00
1763856000000,84739.75,88127.64,84667.57,86830.0,19734.46418,1763942399999,1708685030.27986950,5063493,10406.51703000,901210513.52044730,0,2025-11-23 00:00:00+00:00
1763942400000,86830.0,89228.0,85272.0,88300.01,24663.12795,1764028799999,2150393686.92031830,6189156,12438.87518000,1085485389.02341670,0,2025-11-24 00:00:00+00:00
1764028800000,88300.01,88519.99,86116.0,87369.96,19567.0411,1764115199999,1708989000.03893710,4838747,9423.17985000,823123525.14025590,0,2025-11-25 00:00:00+00:00
1764115200000,87369.97,90656.08,86306.77,90484.02,21675.82239,1764201599999,1916851896.66996890,4668280,10883.61063000,962765375.81638320,0,2025-11-26 00:00:00+00:00
1764201600000,90484.01,91950.0,90089.91,91333.95,16833.50932,1764287999999,1535778106.57870780,3920172,8898.35835000,812005498.75948750,0,2025-11-27 00:00:00+00:00
1764288000000,91333.94,93092.0,90180.63,90890.7,18830.86012,1764374399999,1721418035.07955960,4229754,8961.64712000,820315728.91869100,0,2025-11-28 00:00:00+00:00
1764374400000,90890.71,91165.65,90155.47,90802.44,7429.88291,1764460799999,673725652.97876550,1677860,3359.04932000,304614219.14525830,0,2025-11-29 00:00:00+00:00
1764460800000,90802.44,92000.01,90336.9,90360.0,9687.74175,1764547199999,884051773.16553380,2154030,5002.96698000,456606490.12032460,0,2025-11-30 00:00:00+00:00
1764547200000,90360.01,90417.0,83822.76,86286.01,34509.01227,1764633599999,2977024047.22316070,7709685,15524.33346000,1338718794.00131230,0,2025-12-01 00:00:00+00:00
1764633600000,86286.01,92307.65,86184.39,91277.88,28210.22732,1764719999999,2519515177.66236480,6397299,13512.33949000,1206199898.29415110,0,2025-12-02 00:00:00+00:00
1764720000000,91277.88,94150.0,90990.23,93429.95,25712.52585,1764806399999,2386223626.86139030,6733182,12993.19312000,1206219500.45773430,0,2025-12-03 00:00:00+00:00
1764806400000,93429.95,94080.0,90889.0,92078.06,19803.94059,1764892799999,1836645629.33462010,5856049,8312.69539000,770992235.20799200,0,2025-12-04 00:00:00+00:00
1764892800000,92078.06,92692.36,88056.0,89330.04,19792.97218,1764979199999,1788436983.81065460,5520352,8722.13995000,787809723.72132390,0,2025-12-05 00:00:00+00:00
1764979200000,89330.04,90289.97,88908.01,89236.79,8409.50016,1765065599999,753420679.80632590,2482221,4041.72834000,362232786.26957140,0,2025-12-06 00:00:00+00:00
1765065600000,89236.8,91760.0,87719.28,90395.31,13021.11185,1765151999999,1167866486.84552130,3953071,6370.56683000,571547237.85676710,0,2025-12-07 00:00:00+00:00
1765152000000,90395.32,92287.15,89612.0,90634.34,15793.63887,1765238399999,1436920018.89361330,5458731,7296.74328000,663654575.45218350,0,2025-12-08 00:00:00+00:00
1765238400000,90634.35,94588.99,89500.0,92678.8,21240.43014,1765324799999,1956261065.60717330,5940223,10517.75959000,969426006.12226280,0,2025-12-09 00:00:00+00:00
1765324800000,92678.81,94476.0,91563.15,92015.37,18998.68083,1765411199999,1758773276.24780480,6025707,9197.33116000,852012295.39671150,0,2025-12-10 00:00:00+00:00
1765411200000,92015.38,93555.0,89260.63,92513.38,19972.58758,1765497599999,1814322119.06584890,6250438,9150.89797000,831529923.80888190,0,2025-12-11 00:00:00+00:00
1765497600000,92513.38,92754.0,89480.0,90268.42,16679.19169,1765583999999,1521683425.56480040,4956719,7986.68273000,728724357.38865630,0,2025-12-12 00:00:00+00:00
1765584000000,90268.43,90634.55,89766.39,90240.01,5895.70788,1765670399999,532250544.59040150,1363754,2237.98470000,202065519.49614060,0,2025-12-13 00:00:00+00:00
1765670400000,90240.0,90472.4,87577.36,88172.17,9416.94004,1765756799999,839079130.83786510,3115749,4005.70835000,356905157.32666930,0,2025-12-14 00:00:00+00:00
1765756800000,88172.16,90052.64,85146.64,86432.08,19778.6919,1765843199999,1732823429.50172870,6747167,9592.41076000,840349649.32506230,0,2025-12-15 00:00:00+00:00
1765843200000,86432.08,88175.98,85266.0,87863.42,18456.05017,1765929599999,1604673428.65278360,6099692,9065.97746000,788731082.46646000,0,2025-12-16 00:00:00+00:00
1765929600000,87863.43,90365.85,85314.0,86243.22,19834.11729,1766015999999,1733348496.67035940,6058638,9277.27838000,810618013.25664380,0,2025-12-17 00:00:00+00:00
1766016000000,86243.23,89477.61,84450.01,85516.41,25405.41763,1766102399999,2204223872.66964650,6946947,12668.53838000,1098646854.97003660,0,2025-12-18 00:00:00+00:00
1766102400000,85516.41,89399.97,85110.24,88136.94,21256.65004,1766188799999,1863236625.93286390,6482253,10880.14451000,953886285.36474160,0,2025-12-19 00:00:00+00:00
1766188800000,88136.95,88573.07,87795.76,88360.9,5123.13194,1766275199999,451919022.72775950,1174426,2456.37063000,216687645.32920050,0,2025-12-20 00:00:00+00:00
1766275200000,88360.91,89081.77,87600.04,88658.86,7132.87258,1766361599999,629720971.78666510,2030666,3450.39397000,304712061.79802450,0,2025-12-21 00:00:00+00:00
1766361600000,88658.87,90588.23,87900.0,88620.79,14673.2197,1766447999999,1310235631.74792590,4847747,7269.61435000,649186791.77154220,0,2025-12-22 00:00:00+00:00
1766448000000,88620.79,88940.0,86601.9,87486.0,13910.32904,1766534399999,1219899607.26775480,4465080,6381.76747000,559905195.88713040,0,2025-12-23 00:00:00+00:00
1766534400000,87486.0,88049.89,86420.0,87669.45,9140.8432,1766620799999,797460526.47384620,2877239,4543.27331000,396385690.40460260,0,2025-12-24 00:00:00+00:00
1766620800000,87669.44,88592.74,86934.72,87225.27,7096.58235,1766707199999,622970453.64976470,1992172,3390.95708000,297591128.72330410,0,2025-12-25 00:00:00+00:00
1766707200000,87225.27,89567.75,86655.08,87369.56,18344.61505,1766793599999,1616722115.63664600,4509482,8846.80613000,780464877.72490640,0,2025-12-26 00:00:00+00:00
1766793600000,87369.56,87984.0,87253.05,87877.01,4469.55156,1766879999999,391274205.27443600,957536,2065.72405000,180860481.23924240,0,2025-12-27 00:00:00+00:00
1766880000000,87877.0,88088.75,87435.0,87952.71,4446.29285,1766966399999,390327299.15027630,1241426,2230.75216000,195842128.18741430,0,2025-12-28 00:00:00+00:00
1766966400000,87952.71,90406.08,86806.5,87237.13,19894.98575,1767052799999,1762011993.03779530,4793589,10079.10102000,892298235.37550200,0,2025-12-29 00:00:00+00:00
1767052800000,87237.13,89400.0,86845.66,88485.49,13105.91001,1767139199999,1155016404.47867530,3542176,6561.56089000,578303387.40254340,0,2025-12-30 00:00:00+00:00
1767139200000,88485.5,89200.0,87250.0,87648.22,11558.62047,1767225599999,1019746835.27952680,2897396,5432.03408000,479104976.96454890,0,2025-12-31 00:00:00+00:00
1767225600000,87648.21,88919.45,87550.43,88839.04,6279.57133,1767311999999,552991635.29110020,1449281,3123.64536000,275090077.28838170,0,2026-01-01 00:00:00+00:00
1767312000000,88839.05,90961.81,88379.88,89995.13,17396.97301,1767398399999,1558958860.88708750,5010211,8929.35447000,800380273.96401860,0,2026-01-02 00:00:00+00:00
1767398400000,89995.14,90741.16,89314.01,90628.01,7057.46716,1767484799999,635514773.60936550,1684214,3791.72083000,341479553.30158280,0,2026-01-03 00:00:00+00:00
1767484800000,90628.01,91810.0,90628.0,91529.73,10426.5297,1767571199999,952160980.52120840,2207037,5320.99389000,485918671.59201990,0,2026-01-04 00:00:00+00:00
1767571200000,91529.74,94789.08,91514.81,93859.71,20673.59584,1767657599999,1927455243.54807600,5485489,10892.96950000,1015858751.93170280,0,2026-01-05 00:00:00+00:00
1767657600000,93859.71,94444.44,91262.94,93747.97,18546.41829,1767743999999,1728045542.29837500,5018686,8108.82157000,755998193.39696320,0,2026-01-06 00:00:00+00:00
1767744000000,93747.97,93747.97,90675.52,91364.16,14276.49025,1767830399999,1311906952.97497360,4340252,6714.86954000,616889466.14819760,0,2026-01-07 00:00:00+00:00
1767830400000,91364.16,91687.99,89311.0,91099.99,16132.79117,1767916799999,1460622501.20738820,4923472,8192.07574000,741768676.97519140,0,2026-01-08 00:00:00+00:00
1767916800000,91100.0,92082.55,89694.66,90641.28,15590.27939,1768003199999,1416907180.18704820,4155703,8512.43270000,773999739.23753360,0,2026-01-09 00:00:00+00:00
1768003200000,90641.27,90832.0,90404.0,90504.7,3104.11722,1768089599999,281321375.48029810,766357,1551.97383000,140664759.40958690,0,2026-01-10 00:00:00+00:00
1768089600000,90504.7,91283.89,90236.0,91013.65,5477.13594,1768175999999,497245863.93194990,1282029,2868.36168000,260447706.80887160,0,2026-01-11 00:00:00+00:00
1768176000000,91013.66,92519.95,90128.44,91296.2,16188.08268,1768262399999,1479964862.26930640,4099509,8092.54280000,740004800.18072220,0,2026-01-12 00:00:00+00:00
1768262400000,91296.2,96495.0,91042.66,95414.0,23021.51482,1768348799999,2149770801.11770380,5025071,12405.23056000,1159067162.24898290,0,2026-01-13 00:00:00+00:00
1768348800000,95413.99,97924.49,94559.28,96951.78,22851.89428,1768435199999,2201535821.64861470,5346212,11974.98829000,1154415462.59730280,0,2026-01-14 00:00:00+00:00
1768435200000,96951.78,97193.34,95134.48,95604.8,21725.81369,1768521599999,2093008182.84373360,4493095,10841.32767000,1045103063.11148480,0,2026-01-15 00:00:00+00:00
1768521600000,95604.81,95871.47,94293.46,95550.94,11167.7146,1768607999999,1064019408.07725140,2971559,5055.06952000,481723178.08146790,0,2026-01-16 00:00:00+00:00
1768608000000,95550.94,95639.45,95021.67,95147.77,4280.80137,1768694399999,408161941.67190790,1020527,2059.85283000,196399075.97097010,0,2026-01-17 00:00:00+00:00
1768694400000,95147.77,95531.12,93615.4,93673.14,6895.17819,1768780799999,654773743.26771180,1488785,3107.35604000,295217762.82127930,0,2026-01-18 00:00:00+00:00
1768780800000,93673.14,93673.14,91910.2,92631.0,14295.52747,1768867199999,1326770336.04904700,3359066,6906.84245000,640981004.89581220,0,2026-01-19 00:00:00+00:00
1768867200000,92630.99,92870.0,87895.98,88427.66,22007.3261,1768953599999,1989676668.59417830,6064031,9629.19624000,870936424.13909420,0,2026-01-20 00:00:00+00:00
1768953600000,88427.66,90574.0,87263.53,89454.73,20617.50372,1769039999999,1837708115.35970330,6419053,10265.21302000,915531751.08220060,0,2026-01-21 00:00:00+00:00
1769040000000,89454.73,90359.99,88515.37,89559.67,10825.50492,1769126399999,969910623.35598860,3743412,5529.54766000,495598490.52278970,0,2026-01-22 00:00:00+00:00
1769126400000,89559.68,91224.99,88578.36,89600.26,13918.48919,1769212799999,1248772265.67884300,4619907,6911.17668000,620204414.13235400,0,2026-01-23 00:00:00+00:00
1769212800000,89600.26,89957.39,89162.08,89225.34,4226.56737,1769299199999,378464146.09188120,959854,1835.96939000,164401193.43969370,0,2026-01-24 00:00:00+00:00
1769299200000,89225.34,89319.13,86074.72,86670.36,14426.22019,1769385599999,1264233689.84158100,3720178,6269.27657000,549304584.56739540,0,2026-01-25 00:00:00+00:00
1769385600000,86670.36,88860.0,86509.63,88347.08,17766.51453,1769471999999,1560135758.98921480,4798083,9428.94206000,827914390.69498980,0,2026-01-26 00:00:00+00:00
1769472000000,88347.08,89523.16,87304.33,89250.0,13125.40425,1769558399999,1160026853.58950320,3787336,6722.86937000,594388596.05727970,0,2026-01-27 00:00:00+00:00
1769558400000,89249.99,90600.0,88833.65,89299.99,14332.18502,1769644799999,1283919840.85147180,4385791,7015.44336000,628761031.31513640,0,2026-01-28 00:00:00+00:00
1769644800000,89300.0,89348.0,83383.33,84650.16,30431.38201,1769731199999,2610381587.91000350,5598749,12385.58906000,1062920384.07601880,0,2026-01-29 00:00:00+00:00
1769731200000,84650.16,84735.75,81118.0,84260.49,35195.84793,1769817599999,2918624066.48183200,8998829,16749.59784000,1389486785.10668100,0,2026-01-30 00:00:00+00:00
1769817600000,84260.5,84270.02,75719.9,78741.09,39491.89133,1769903999999,3155264093.62304410,7384976,17959.61358000,1435120245.98269650,0,2026-01-31 00:00:00+00:00
1769904000000,78741.1,79424.0,75700.0,76968.21,25395.48168,1769990399999,1974920557.04738660,8001906,12031.74392000,936095742.74021720,0,2026-02-01 00:00:00+00:00
1769990400000,76968.22,79360.0,74604.0,78738.61,42273.59016,1770076799999,3260752444.46132960,10085578,21480.45115000,1658977441.22344040,0,2026-02-02 00:00:00+00:00
1770076800000,78738.6,79186.81,72945.5,75770.21,39120.10889,1770163199999,2986903008.57479190,9199445,17304.88253000,1324119396.43603960,0,2026-02-03 00:00:00+00:00
1770163200000,75770.21,76971.52,71888.0,73165.83,38375.36,1770249599999,2852834631.53914640,10724002,17274.35569000,1284664768.82907250,0,2026-02-04 00:00:00+00:00
1770249600000,73165.84,73341.18,62345.0,62909.86,106298.82899,1770335999999,7198745594.28069360,15364010,49042.65006000,3325749503.03323960,0,2026-02-05 00:00:00+00:00
1770336000000,62909.87,71751.33,60000.0,70580.26,92539.21531,1770422399999,6134056670.61150540,13228528,49477.51198000,3288426149.28068820,0,2026-02-06 00:00:00+00:00
1770422400000,70580.26,71690.07,67300.0,69289.38,44255.48036,1770508799999,3058983879.06915240,7167427,18766.22233000,1298989823.42944090,0,2026-02-07 00:00:00+00:00
1770508800000,69289.37,72271.41,68888.0,70330.38,21420.53168,1770595199999,1510003758.65284210,4870449,11435.75238000,805898867.28181970,0,2026-02-08 00:00:00+00:00
1770595200000,70330.38,71453.53,68308.0,70138.0,29152.72842,1770681599999,2038959539.42097760,6644769,13854.63486000,969001616.68297280,0,2026-02-09 00:00:00+00:00
1770681600000,70138.0,70527.59,67800.0,68841.29,20373.77072,1770767999999,1408623623.35992530,4558658,9237.21056000,638739950.25352550,0,2026-02-10 00:00:00+00:00
1770768000000,68841.28,69292.88,65756.0,67082.52,28718.24602,1770854399999,1930513947.54411460,6956577,14335.50997000,963903748.26948730,0,2026-02-11 00:00:00+00:00
1770854400000,67082.52,68410.52,65118.0,66272.17,24271.74283,1770940799999,1622162145.33420660,6778280,12101.72511000,809418852.07336170,0,2026-02-12 00:00:00+00:00
1770940800000,66272.17,69482.97,65872.46,68853.96,20244.54955,1771027199999,1371286022.33005480,6450842,10425.24887000,706766540.61685410,0,2026-02-13 00:00:00+00:00
1771027200000,68853.97,70560.01,68730.13,69822.95,18114.78393,1771113599999,1260259314.36002640,3803163,7857.93423000,546756073.26494120,0,2026-02-14 00:00:00+00:00
1771113600000,69822.94,70983.0,68000.0,68832.58,22290.05208,1771199999999,1545094572.13681450,4598633,8861.59262000,615733099.12089960,0,2026-02-15 00:00:00+00:00
1771200000000,68832.59,70126.67,67294.11,68892.43,15515.76534,1771286399999,1062797918.25359710,5233849,8153.43140000,558909191.76749180,0,2026-02-16 00:00:00+00:00
1771286400000,68892.43,69241.5,66621.06,67503.52,16489.06921,1771372799999,1117987651.29481200,5994853,7538.45107000,511426190.89324030,0,2026-02-17 00:00:00+00:00
1771372800000,67503.52,68476.22,65870.0,66461.0,15492.43839,1771459199999,1040493524.65212360,4548997,7895.05707000,530458178.13856490,0,2026-02-18 00:00:00+00:00
1771459200000,66461.0,67320.0,65631.83,67003.73,14542.26988,1771545599999,968863572.78215260,4679351,7106.70741000,473456223.07210710,0,2026-02-19 00:00:00+00:00
1771545600000,67003.73,68318.39,66280.2,68020.01,35351.87091,1771631999999,2378079150.56784730,5044912,15001.46034000,1010970043.14524130,0,2026-02-20 00:00:00+00:00
1771632000000,68020.0,68698.7,67534.69,67975.93,8032.84131,1771718399999,547592078.84719890,1593539,4003.46206000,272919692.67728000,0,2026-02-21 00:00:00+00:00
1771718400000,67975.93,68245.0,67190.0,67643.4,8175.13484,1771804799999,553613335.57741360,2160900,3974.29287000,269081093.61093830,0,2026-02-22 00:00:00+00:00
1771804800000,67643.39,67684.86,63888.79,64656.02,33075.90923,1771891199999,2158158656.12151660,8268695,16388.63858000,1069328860.05896250,0,2026-02-23 00:00:00+00:00
1771891200000,64656.01,65026.75,62510.28,64058.15,23102.83622,1771977599999,1469512159.71993510,7553629,11150.61026000,709235431.91769840,0,2026-02-24 00:00:00+00:00
1771977600000,64058.15,69988.83,63913.27,67988.04,30749.99259,1772063999999,2064089702.84443500,7096715,16382.91985000,1098904977.00827200,0,2026-02-25 00:00:00+00:00
1772064000000,67988.04,68860.0,66500.0,67485.18,20737.77792,1772150399999,1404774665.56456080,5426137,10172.50047000,689304052.45306700,0,2026-02-26 00:00:00+00:00
1772150400000,67485.19,68216.8,64914.46,65872.1,21228.58424,1772236799999,1412033823.56197280,3856064,10107.20917000,671986242.52466200,0,2026-02-27 00:00:00+00:00
1772236800000,65872.09,67760.0,63030.0,66973.26,22548.71649,1772323199999,1462864408.26156650,5268514,11531.10802000,748190390.43238220,0,2026-02-28 00:00:00+00:00
1772323200000,66973.26,68199.99,65056.0,65776.47,23201.85859,1772409599999,1545783742.90620010,5312013,11209.77201000,747161922.84846160,0,2026-03-01 00:00:00+00:00
1772409600000,65776.48,70096.0,65259.21,68830.06,32010.38431,1772495999999,2164578841.84591730,8397526,15335.91369000,1037871544.54815050,0,2026-03-02 00:00:00+00:00
1772496000000,68830.06,69258.08,66158.0,68338.0,24972.2418,1772582399999,1691848669.94301820,7648119,12331.62200000,835461016.09469440,0,2026-03-03 00:00:00+00:00
1772582400000,68338.01,74050.0,67400.0,72666.77,44919.0761,1772668799999,3202864447.63246060,8618302,23641.35243000,1685099057.93017800,0,2026-03-04 00:00:00+00:00
1772668800000,72666.77,73558.15,70645.47,70890.72,26590.51253,1772755199999,1917514690.38783410,6709160,12299.51467000,886773462.47277710,0,2026-03-05 00:00:00+00:00
1772755200000,70891.02,71419.98,67744.78,68114.02,22629.88722,1772841599999,1574601198.87488800,5302899,10464.09351000,728091757.78221270,0,2026-03-06 00:00:00+00:00
1772841600000,68114.02,68551.04,66915.26,67262.91,12719.54315,1772927999999,861729861.85304880,2067476,5910.76849000,400477518.35669130,0,2026-03-07 00:00:00+00:00
1772928000000,67262.91,68200.0,65618.49,65971.2,21593.63901,1773014399999,1447522160.31545460,3028392,11268.64926000,755732359.16967190,0,2026-03-08 00:00:00+00:00
1773014400000,65971.2,69516.65,65821.97,68432.16,28896.7213,1773100799999,1967622051.44968020,5093667,14101.45378000,960195772.91590640,0,2026-03-09 00:00:00+00:00
1773100800000,68432.16,71777.0,68391.41,69948.63,32602.57726,1773187199999,2292525621.44052050,5176064,16453.82839000,1157238967.10044540,0,2026-03-10 00:00:00+00:00
1773187200000,69948.64,71321.0,68977.91,70191.86,27249.27542,1773273599999,1911300596.23416780,4759855,14015.31615000,982971805.59972250,0,2026-03-11 00:00:00+00:00
1773273600000,70191.86,70800.0,69205.91,70541.34,21997.1605,1773359999999,1540745224.51010620,4344059,10545.03396000,738758111.89891770,0,2026-03-12 00:00:00+00:00
1773360000000,70541.34,73913.74,70386.01,70930.0,35996.61678,1773446399999,2591768526.29614710,5312490,18310.34260000,1319530652.95863130,0,2026-03-13 00:00:00+00:00
1773446400000,70930.01,71307.92,70317.0,71211.95,13017.24737,1773532799999,921308630.94627690,1661739,6242.10104000,441895405.35856250,0,2026-03-14 00:00:00+00:00
1773532800000,71211.95,73199.0,70858.82,72815.24,14037.30704,1773619199999,1007334955.24365140,2509013,7307.01776000,524440519.76277650,0,2026-03-15 00:00:00+00:00
1773619200000,72815.25,74909.08,72270.41,74884.67,28409.53019,1773705599999,2095859511.56486360,5396482,15204.22255000,1122045159.19947890,0,2026-03-16 00:00:00+00:00
1773705600000,74884.67,76000.0,73399.19,73909.36,24521.26636,1773791999999,1825976731.33267320,4863187,11791.25230000,878396858.78088600,0,2026-03-17 00:00:00+00:00
1773792000000,73909.37,74672.34,70500.0,71246.54,23392.88093,1773878399999,1692949838.97774240,4733897,11709.17057000,847905482.69725620,0,2026-03-18 00:00:00+00:00
1773878400000,71246.55,71613.79,68793.35,69930.0,22364.81819,1773964799999,1566573949.86041240,4972526,10489.13676000,734634623.28738830,0,2026-03-19 00:00:00+00:00
1773964800000,69930.01,71367.0,69388.0,70510.73,18121.16745,1774051199999,1273812840.68867040,4369971,8801.41211000,618781938.22681490,0,2026-03-20 00:00:00+00:00
1774051200000,70510.73,71100.94,68571.42,68918.12,13397.1675,1774137599999,942693882.02642400,1640086,6379.69313000,449156360.93415470,0,2026-03-21 00:00:00+00:00
1774137600000,68918.12,69588.79,67360.66,67859.0,14843.78682,1774223999999,1018926475.31969740,3269152,7292.32333000,500700088.25183490,0,2026-03-22 00:00:00+00:00
1774224000000,67859.0,71817.09,67445.18,70906.45,28335.09119,1774310399999,1980755169.23169410,6509730,14640.97230000,1022970775.45578170,0,2026-03-23 00:00:00+00:00
1774310400000,70906.45,71400.0,68923.07,70556.74,20702.42244,1774396799999,1455361229.20996450,4191328,9731.85043000,684254039.29491270,0,2026-03-24 00:00:00+00:00
1774396800000,70556.74,72026.09,70408.0,71336.53,17719.50066,1774483199999,1261017988.53943220,3298902,8819.77787000,627874982.89216630,0,2026-03-25 00:00:00+00:00
1774483200000,71336.53,71436.82,68153.0,68820.31,20820.45768,1774569599999,1447699734.33983910,3597702,10116.39467000,703650001.59011960,0,2026-03-26 00:00:00+00:00
1774569600000,68820.31,69179.05,65548.25,66407.28,28603.69557,1774655999999,1917318222.70991300,4159306,14568.62853000,976680026.26568100,0,2026-03-27 00:00:00+00:00
1774656000000,66407.28,67288.94,65932.09,66377.03,11462.39847,1774742399999,762676255.44706050,1687368,5753.04124000,382921412.22384880,0,2026-03-28 00:00:00+00:00
1774742400000,66377.04,67130.5,65000.0,66010.93,10052.85584,1774828799999,667003517.60598700,2146177,4769.42832000,316674097.35018690,0,2026-03-29 00:00:00+00:00
1774828800000,66010.93,68169.65,65800.59,66797.37,18353.38975,1774915199999,1234617690.89207520,3902849,9155.91893000,615747978.85138090,0,2026-03-30 00:00:00+00:00
1774915200000,66797.38,68589.49,65998.05,68284.48,22105.40662,1775001599999,1490168487.45487460,4846820,10726.18262000,723378692.76676190,0,2026-03-31 00:00:00+00:00
1775001600000,68284.49,69310.0,67578.75,68113.92,19020.1899,1775087999999,1301708227.07452430,3741910,9702.49844000,664126033.92691320,0,2026-04-01 00:00:00+00:00
1775088000000,68113.92,68653.38,65712.12,66901.99,20203.47916,1775174399999,1349223461.52705720,4189133,10090.65620000,673815463.87575050,0,2026-04-02 00:00:00+00:00
1775174400000,66901.99,67370.42,66282.0,66964.3,11429.13131,1775260799999,763535606.97778810,2023104,5535.26988000,369859409.32271770,0,2026-04-03 00:00:00+00:00
1775260800000,66964.29,67562.93,66775.91,67300.42,7373.51613,1775347199999,494932017.42324420,1356179,3701.32932000,248489879.99590240,0,2026-04-04 00:00:00+00:00
1775347200000,67300.42,69136.2,66611.66,69034.18,11733.46752,1775433599999,791661977.32345030,2106257,5791.55692000,391091472.13861220,0,2026-04-05 00:00:00+00:00
1775433600000,69034.18,70351.46,68300.0,68853.66,20281.61044,1775519999999,1408020173.09616270,4695523,10149.79257000,704797801.63839920,0,2026-04-06 00:00:00+00:00
1775520000000,68853.66,72761.0,67732.01,71924.22,23750.49661,1775606399999,1649637855.84269690,4871706,12465.18271000,866730089.23104340,0,2026-04-07 00:00:00+00:00
1775606400000,71924.22,72857.0,70707.23,71069.93,19802.68627,1775692799999,1418484188.05212380,3843988,9570.20189000,685666276.83883080,0,2026-04-08 00:00:00+00:00
1775692800000,71069.93,73145.0,70466.0,71787.97,18158.42159,1775779199999,1300323816.00933610,3773025,9604.31771000,687990251.04316700,0,2026-04-09 00:00:00+00:00
1775779200000,71787.98,73434.0,71426.15,72962.7,17372.63288,1775865599999,1259195636.05566300,3176308,8819.74841000,639705902.50139630,0,2026-04-10 00:00:00+00:00
1775865600000,72962.71,73790.0,72513.09,73043.16,9070.94374,1775951999999,662437113.70967020,1472041,4673.47605000,341269009.99304180,0,2026-04-11 00:00:00+00:00
1775952000000,73043.16,73137.24,70505.88,70740.98,13472.46801,1776038399999,962825891.81659110,2068779,6326.31289000,451853887.81102090,0,2026-04-12 00:00:00+00:00
1776038400000,70741.56,74900.0,70566.99,74417.99,24230.21625,1776124799999,1753370318.18416590,3673539,12639.79905000,914783773.85117860,0,2026-04-13 00:00:00+00:00
1776124800000,74418.0,76038.0,73795.47,74131.55,26532.94456,1776211199999,1982728989.60721990,4033448,13313.88956000,995694440.99898930,0,2026-04-14 00:00:00+00:00
1776211200000,74131.55,75425.0,73514.0,74809.99,14425.04167,1776297599999,1071448612.53702190,3187792,7014.01981000,521112265.17116580,0,2026-04-15 00:00:00+00:00
1776297600000,74809.99,75534.76,73309.85,75154.29,17088.68777,1776383999999,1274894123.74961140,3581890,8601.69794000,641950287.24821900,0,2026-04-16 00:00:00+00:00
1776384000000,75154.28,78333.0,74529.4,77072.0,25941.36694,1776470399999,1987343208.84067000,4931167,14435.47730000,1106587361.00453950,0,2026-04-17 00:00:00+00:00
1776470400000,77072.01,77420.08,75445.16,75691.76,9141.84456,1776556799999,698008567.93400730,1941112,4333.78362000,330918112.55196630,0,2026-04-18 00:00:00+00:00
1776556800000,75691.76,76240.66,73762.9,73801.79,11369.82232,1776643199999,854915370.44079150,2739751,5458.61875000,410654487.05263240,0,2026-04-19 00:00:00+00:00
1776643200000,73801.8,76558.62,73724.31,75840.97,16993.41034,1776729599999,1280503914.37107510,3563591,8812.70109000,664069175.96571890,0,2026-04-20 00:00:00+00:00
1776729600000,75840.97,76927.57,74821.57,76336.15,14912.57132,1776815999999,1132118272.55831110,3616213,7672.96288000,582659654.91385480,0,2026-04-21 00:00:00+00:00
1776816000000,76336.14,79472.82,76132.95,78178.23,19737.51225,1776902399999,1543732085.54633380,3757077,10376.12434000,811313167.07036700,0,2026-04-22 00:00:00+00:00
1776902400000,78178.22,78662.5,76960.0,78257.48,16970.79501,1776988799999,1321349698.35424610,3571796,7760.75572000,604322134.30780950,0,2026-04-23 00:00:00+00:00
1776988800000,78257.48,78581.93,77264.08,77437.13,12675.14315,1777075199999,986932564.60019650,2581973,6148.06393000,478778657.35331100,0,2026-04-24 00:00:00+00:00
1777075200000,77437.13,77885.35,77140.23,77625.0,5685.1142,1777161599999,440684004.34515350,806542,2999.85355000,232567740.81986930,0,2026-04-25 00:00:00+00:00
1777161600000,77625.0,78961.0,77326.51,78657.55,7963.56162,1777247999999,621991973.48480000,1476971,3981.86566000,311149594.60716610,0,2026-04-26 00:00:00+00:00
1777248000000,78657.55,79485.66,76459.64,77371.32,16046.92418,1777334399999,1247833550.08419230,2982889,7712.53219000,600122422.59277340,0,2026-04-27 00:00:00+00:00
1777334400000,77371.32,77478.0,75666.6,76342.77,13210.72383,1777420799999,1010412673.55502120,2352446,6518.95469000,498681416.19895180,0,2026-04-28 00:00:00+00:00
1777420800000,76342.78,77904.93,74937.52,75780.0,18279.93022,1777507199999,1399735858.34552810,3032890,9680.02112000,741279741.51876170,0,2026-04-29 00:00:00+00:00
1777507200000,75780.0,76669.14,75323.65,76346.57,10381.81607,1777593599999,790584591.68915400,2569480,5585.19124000,425311383.20183240,0,2026-04-30 00:00:00+00:00
1777593600000,76346.58,78914.12,76320.42,78231.13,17315.46502,1777679999999,1347837835.91956420,2388458,8322.98012000,647849577.80834750,0,2026-05-01 00:00:00+00:00
1777680000000,78231.13,79199.48,78040.0,78686.85,6150.87642,1777766399999,482238389.44940980,936143,3297.03958000,258534491.67396600,0,2026-05-02 00:00:00+00:00
1777766400000,78686.84,79447.0,78084.08,78568.57,7425.7929,1777852799999,584294330.45162860,1352474,3464.91412000,272683292.16937500,0,2026-05-03 00:00:00+00:00
1777852800000,78568.58,80776.99,78202.0,79861.01,26042.96135,1777939199999,2074174850.51143910,3734604,13351.64548000,1063054861.87825520,0,2026-05-04 00:00:00+00:00
1777939200000,79861.01,81791.48,79808.72,80905.52,16947.17995,1778025599999,1374319029.23093610,2490930,8628.14977000,699849788.90645420,0,2026-05-05 00:00:00+00:00
1778025600000,80905.53,82850.0,80731.14,81447.01,18798.77396,1778111999999,1535650624.76124830,2794707,9976.68805000,815009074.23021350,0,2026-05-06 00:00:00+00:00
1778112000000,81447.01,81708.32,79500.0,80006.0,16154.80338,1778198399999,1300766382.10233390,2540329,7625.14879000,614218758.74733080,0,2026-05-07 00:00:00+00:00
1778198400000,80006.0,80500.0,79181.48,80193.17,16001.31009,1778284799999,1278566045.41726180,2265372,8328.38654000,665600036.19246400,0,2026-05-08 00:00:00+00:00
1778284800000,80193.18,81080.0,80129.85,80678.4,7548.42177,1778371199999,607596225.98642010,1002373,4032.72566000,324554540.32550520,0,2026-05-09 00:00:00+00:00
1778371200000,80678.41,82479.32,80279.77,82210.07,12034.31882,1778457599999,977223714.26347450,1801608,6395.89660000,519505191.51513650,0,2026-05-10 00:00:00+00:00
1778457600000,82210.07,82380.0,80462.97,81745.65,12951.76056,1778543999999,1053193670.87575560,2576396,6132.37349000,498860919.49640370,0,2026-05-11 00:00:00+00:00
1778544000000,81745.66,81788.0,79843.59,80504.47,12386.25676,1778630399999,1000180167.44067700,2345137,5716.20385000,461739840.08680080,0,2026-05-12 00:00:00+00:00
1778630400000,80504.47,81324.64,78754.65,79313.61,14810.05643,1778716799999,1184929842.86882360,2350570,7161.64182000,573129996.83419500,0,2026-05-13 00:00:00+00:00
1778716800000,79313.61,82048.13,78922.0,81089.99,19727.86807,1778803199999,1590656475.01879700,3101046,10750.20775000,867205459.83469430,0,2026-05-14 00:00:00+00:00
1778803200000,81090.0,81664.45,78659.0,79113.21,17351.27079,1778889599999,1387152674.36886820,3184114,8333.17845000,666666033.91599590,0,2026-05-15 00:00:00+00:00
1778889600000,79113.2,79227.77,77640.0,78148.05,12132.86192,1778975999999,949890656.65885100,1597661,5776.31138000,452258189.43534810,0,2026-05-16 00:00:00+00:00
1778976000000,78148.05,78599.99,76735.16,77457.67,8442.7022,1779062399999,658061481.64485200,1570433,3897.86770000,303858886.90872100,0,2026-05-17 00:00:00+00:00
1779062400000,77457.67,77800.0,76051.0,77001.87,18745.51678,1779148799999,1439862031.89197120,3529328,8916.45791000,684998988.32531620,0,2026-05-18 00:00:00+00:00
1779148800000,77001.88,77414.62,76144.71,76834.36,11024.85978,1779235199999,846904378.30780350,2315121,5680.77448000,436435106.06206760,0,2026-05-19 00:00:00+00:00
1779235200000,76834.36,77853.04,76516.74,77552.23,11296.26307,1779321599999,873091271.47163510,2437754,5606.16242000,433402000.23130960,0,2026-05-20 00:00:00+00:00
1779321600000,77552.24,78200.0,76719.47,77615.52,11318.25841,1779407999999,878168697.22774920,2473146,5765.00854000,447290745.14125320,0,2026-05-21 00:00:00+00:00
1779408000000,77615.52,77900.0,75359.18,75539.5,11272.36134,1779494399999,866200460.91045950,2370783,5204.99076000,400374654.60944890,0,2026-05-22 00:00:00+00:00
1779494400000,75539.5,77404.18,74289.6,76752.01,15086.88814,1779580799999,1138996605.77381600,2103536,7738.58719000,584406871.69029830,0,2026-05-23 00:00:00+00:00
1779580800000,76752.0,77543.15,76108.0,77064.96,8398.00156,1779667199999,644925517.61131600,1612969,4513.13276000,346628082.28819410,0,2026-05-24 00:00:00+00:00
1779667200000,77064.96,77905.52,76914.25,77322.01,7672.32197,1779753599999,593868004.99759730,1778509,3644.38154000,282126295.70740950,0,2026-05-25 00:00:00+00:00
1779753600000,77322.01,78080.0,75677.97,75930.01,16953.47629,1779839999999,1299609317.69759170,3360745,7867.04050000,603376144.87671510,0,2026-05-26 00:00:00+00:00
1779840000000,75930.01,76174.15,74243.99,74449.3,16877.77483,1779926399999,1270680262.90882430,3367068,7990.81792000,601880855.35209910,0,2026-05-27 00:00:00+00:00
1779926400000,74449.31,74590.77,72582.82,73617.51,21274.02026,1780012799999,1560808525.50727460,3799713,11285.37807000,828070542.05123320,0,2026-05-28 00:00:00+00:00
1780012800000,73617.52,74514.1,72512.49,73460.78,18686.74141,1780099199999,1376106492.90642700,2897318,10668.37212000,786121889.89003700,0,2026-05-29 00:00:00+00:00
1780099200000,73460.78,74143.76,73216.0,73884.38,7515.40909,1780185599999,553989386.11152070,1124406,4118.11087000,303592073.26730630,0,2026-05-30 00:00:00+00:00
1780185600000,73884.38,74275.66,73400.0,73674.39,6986.45707,1780271999999,515907532.58919720,1363437,3407.47243000,251629752.08650940,0,2026-05-31 00:00:00+00:00
1780272000000,73674.39,74092.0,70686.68,71408.9,23921.09184,1780358399999,1723958338.68287760,4237773,11600.30396000,835109172.11680740,0,2026-06-01 00:00:00+00:00
1780358400000,71408.9,71408.9,66193.0,66760.83,32858.19586,1780444799999,2253348577.98312800,6250677,15675.49150000,1074442481.84573250,0,2026-06-02 00:00:00+00:00
1780444800000,66760.84,67516.0,64092.49,64142.75,30138.3065,1780531199999,1998349981.89294380,6676358,14567.29572000,967367597.54736620,0,2026-06-03 00:00:00+00:00
1780531200000,64142.75,64764.32,61383.56,63885.99,43577.17571,1780617599999,2759349733.48938320,9057976,20172.82504000,1278141865.02682960,0,2026-06-04 00:00:00+00:00
1780617600000,63885.99,63978.0,59130.91,61056.47,55027.28807,1780703999999,3379021750.50332800,11658856,24879.51775000,1529682071.47000020,0,2026-06-05 00:00:00+00:00
1780704000000,61056.47,61530.05,59500.0,60884.62,19795.58877,1780790399999,1202325958.46823350,5000874,9473.55921000,575481185.89109590,0,2026-06-06 00:00:00+00:00
1780790400000,60884.62,64234.68,60746.0,63332.01,26612.10443,1780876799999,1656650772.81370800,4752461,14156.31067000,882490717.57647540,0,2026-06-07 00:00:00+00:00
1780876800000,63332.01,64200.0,62408.0,63085.99,23053.38624,1780963199999,1462563286.75122030,4887564,11227.99606000,712684502.06538240,0,2026-06-08 00:00:00+00:00
1780963200000,63086.0,63526.01,60780.0,61730.0,21636.21959,1781049599999,1347322049.16234040,4347332,10357.23644000,645037339.54562680,0,2026-06-09 00:00:00+00:00
1781049600000,61730.0,62857.99,60755.0,61510.99,15998.71652,1781135999999,986710883.58937470,4655686,7714.59491000,475908655.44227750,0,2026-06-10 00:00:00+00:00
1781136000000,61510.99,63933.02,61510.99,63625.99,17380.94642,1781222399999,1093211866.43388520,3446803,8975.49366000,564559048.55862310,0,2026-06-11 00:00:00+00:00
1781222400000,63626.0,64394.44,62829.81,63580.01,16397.0524,1781308799999,1042661512.67960390,3154052,8373.87233000,532498396.62715990,0,2026-06-12 00:00:00+00:00
1781308800000,63580.0,64762.77,63418.66,64458.01,9960.74163,1781395199999,637302050.48679330,1489009,5326.34918000,340833402.14969990,0,2026-06-13 00:00:00+00:00
1781395200000,64458.01,65800.0,63678.83,65746.45,13203.03375,1781481599999,853654539.26383020,2060901,6966.04602000,450843680.32074270,0,2026-06-14 00:00:00+00:00
1781481600000,65746.45,67292.15,65354.0,66328.74,18559.80102,1781567999999,1230675240.53797410,3140494,8827.32403000,585352821.94932690,0,2026-06-15 00:00:00+00:00
1781568000000,66328.74,66992.0,65360.92,65675.01,14302.05801,1781654399999,945125184.25184060,2964629,6709.60119000,443519254.49336060,0,2026-06-16 00:00:00+00:00
1781654400000,65675.02,66445.93,63915.77,64509.4,19048.65409,1781740799999,1242898548.08223530,3933123,9344.30808000,609795592.73651740,0,2026-06-17 00:00:00+00:00
1781740800000,64509.4,64806.0,62272.07,62958.01,16935.59661,1781827199999,1076015381.19240890,3573931,8148.66252000,517693581.06281080,0,2026-06-18 00:00:00+00:00
1781827200000,62958.01,63666.0,62316.44,63543.91,14247.424,1781913599999,896102952.77531740,2671918,6709.20964000,421981528.27389670,0,2026-06-19 00:00:00+00:00
1781913600000,63543.9,64388.0,63184.21,64298.01,9522.10324,1781999999999,607077211.75574230,1970081,4669.85879000,297796699.61223290,0,2026-06-20 00:00:00+00:00
1782000000000,64298.01,64588.0,63270.0,63311.99,8034.66333,1782086399999,514862175.73621230,1768294,3833.13382000,245702909.42023560,0,2026-06-21 00:00:00+00:00
1782086400000,63312.0,65622.83,63312.0,64020.01,15423.10851,1782172799999,995034557.15634590,3521337,7677.53285000,495354694.74254000,0,2026-06-22 00:00:00+00:00
1782172800000,64020.01,64275.38,61938.0,62734.57,20222.99292,1782259199999,1268093221.25023340,3626190,9113.26740000,571633628.75893690,0,2026-06-23 00:00:00+00:00
1782259200000,62734.57,63239.06,59102.7,61077.99,30678.28543,1782345599999,1871885814.30789480,5367531,14451.45440000,882414090.56238450,0,2026-06-24 00:00:00+00:00
1782345600000,61078.0,61962.4,58115.01,59794.0,30386.00694,1782431999999,1822854100.07008660,5683275,14406.15352000,865169997.77465570,0,2026-06-25 00:00:00+00:00
1782432000000,59794.64,60759.99,58337.0,60097.27,27403.55723,1782518399999,1636102058.37781230,6019134,13907.49037000,831252961.00078270,0,2026-06-26 00:00:00+00:00
1782518400000,60097.27,60941.17,59855.16,60029.0,9587.22916,1782604799999,578765263.06984560,1763416,5067.92650000,305951190.25869870,0,2026-06-27 00:00:00+00:00
1782604800000,60029.01,60545.01,58905.0,59577.01,8907.13796,1782691199999,533333220.81111670,2299232,4290.64588000,257041890.36057810,0,2026-06-28 00:00:00+00:00
1782691200000,59577.01,60780.57,58900.01,60260.21,20203.14178,1782777599999,1210648237.74401550,4884336,10334.16227000,619595248.52552690,0,2026-06-29 00:00:00+00:00
1782777600000,60260.2,60276.54,58201.0,58624.71,19639.82787,1782863999999,1157911191.48935650,3804809,8879.55126000,523471695.13157440,0,2026-06-30 00:00:00+00:00
1782864000000,58624.71,61334.0,57800.19,60024.0,25093.44662,1782950399999,1491051306.81895120,4166849,12936.11295000,769788015.53048130,0,2026-07-01 00:00:00+00:00
1782950400000,60024.0,62200.0,59588.0,61560.0,21382.14163,1783036799999,1308156569.72009190,3883096,11394.85517000,697154441.64965100,0,2026-07-02 00:00:00+00:00
1783036800000,61560.0,62979.86,61248.86,62583.26,14048.98627,1783123199999,870359931.58328490,2571531,7249.98683000,449356592.07945980,0,2026-07-03 00:00:00+00:00
1783123200000,62583.26,63461.99,62328.24,63144.01,9139.8274,1783209599999,574233846.08260510,1643288,4753.53597000,298756917.62605280,0,2026-07-04 00:00:00+00:00
1783209600000,63144.01,63999.0,62436.59,63650.0,9172.07758,1783295999999,577866444.60744400,1790183,4565.93641000,287772291.72139260,0,2026-07-05 00:00:00+00:00
1783296000000,63650.01,64700.0,61306.84,64042.02,21435.28437,1783382399999,1347956046.40322690,3777895,11556.55192000,725800060.88856190,0,2026-07-06 00:00:00+00:00
1783382400000,64042.93,64314.0,62671.39,63363.99,16834.20823,1783468799999,1069267686.88860920,3282102,8128.20476000,516256287.15832790,0,2026-07-07 00:00:00+00:00
1783468800000,63364.0,63761.99,61544.56,62290.0,18620.09796,1783555199999,1160087170.62003580,3598487,8338.57026000,519456686.00951760,0,2026-07-08 00:00:00+00:00
1783555200000,62290.01,63500.0,61705.29,63230.0,16742.80672,1783641599999,1050849813.26948410,3176050,7922.48357000,497503064.96286540,0,2026-07-09 00:00:00+00:00
1783641600000,63230.01,64692.83,62926.01,64161.72,17589.00122,1783727999999,1126097961.00205100,2927425,8727.50290000,558839184.58507300,0,2026-07-10 00:00:00+00:00
1783728000000,64161.72,64504.11,63819.0,63819.0,9151.97432,1783814399999,587469874.56680870,1406178,3908.28562000,250875418.84110930,0,2026-07-11 00:00:00+00:00
1783814400000,63819.01,64290.11,63640.83,63780.0,13914.83703,1783900799999,889938572.36794330,1919605,6757.00737000,432156662.98307140,0,2026-07-12 00:00:00+00:00
1783900800000,63780.0,64425.0,61824.97,62334.52,21682.50204,1783987199999,1361096729.95104340,3349712,9861.43724000,618891429.73544790,0,2026-07-13 00:00:00+00:00
1783987200000,62334.52,65100.0,62272.2,65043.98,20552.41384,1784073599999,1310854500.68053040,3080945,10847.48978000,692544328.07133690,0,2026-07-14 00:00:00+00:00
1784073600000,65043.99,65600.0,64485.0,64756.28,18401.89741,1784159999999,1195648323.76851840,2668919,9009.48362000,585447811.84487810,0,2026-07-15 00:00:00+00:00
1784160000000,64756.28,64997.52,63748.74,63830.2,18764.52679,1784246399999,1206498386.37719370,2813481,9007.30607000,579112000.22671970,0,2026-07-16 00:00:00+00:00
1784246400000,63830.2,64387.99,62537.56,63931.67,18189.89389,1784332799999,1152546029.34025150,3239296,8618.43801000,545926712.67857150,0,2026-07-17 00:00:00+00:00
1784332800000,63931.67,64865.0,63886.65,64834.22,8031.18012,1784419199999,515954648.68636990,1088701,4100.21428000,263412780.44647870,0,2026-07-18 00:00:00+00:00
1784419200000,64834.21,64967.25,64280.0,64722.54,8379.91474,1784505599999,541559101.91299460,1464337,4281.97001000,276728781.26507170,0,2026-07-19 00:00:00+00:00
1784505600000,64722.55,65799.0,63100.0,65255.51,21323.48702,1784591999999,1379182710.26304440,3606847,10104.82668000,654547128.90542850,0,2026-07-20 00:00:00+00:00
1784592000000,65255.51,66956.15,65148.75,66556.16,18618.28087,1784678399999,1232802690.07421990,3005241,9545.80868000,632017323.47323100,0,2026-07-21 00:00:00+00:00
1784678400000,66556.15,66739.89,65553.67,66114.49,18074.86602,1784764799999,1193958918.30683200,3381825,8854.46937000,585011981.67154300,0,2026-07-22 00:00:00+00:00
1784764800000,66114.5,66313.14,64650.0,65098.97,14698.22673,1784851199999,959991207.46039400,2557299,7036.32429000,459602971.04271410,0,2026-07-23 00:00:00+00:00
1784851200000,65098.98,65808.59,63739.75,64139.99,16821.2718,1784937599999,1086879409.16405160,2467691,8133.22286000,525535644.02044620,0,2026-07-24 00:00:00+00:00
1784937600000,64140.0,64475.28,63810.0,64375.0,8863.0503,1785023999999,568282056.08358410,1005338,4621.49495000,296311657.92594380,0,2026-07-25 00:00:00+00:00
1785024000000,64375.01,65577.0,64293.81,65399.99,7933.06089,1785110399999,513834097.46235940,1138023,4091.47971000,265047345.63367550,0,2026-07-26 00:00:00+00:00
1785110400000,65400.0,65744.6,63605.56,63755.86,14791.90543,1785196799999,961311197.98538680,2921636,6694.82928000,435156822.31787570,0,2026-07-27 00:00:00+00:00
1785196800000,63755.86,64100.0,62742.47,63915.0,13889.82996,1785283199999,881901504.49362390,2679943,7070.02830000,449032421.85857520,0,2026-07-28 00:00:00+00:00
1785283200000,63915.0,64744.81,63267.34,63984.28,16780.11912,1785369599999,1075624907.64993810,3615294,8931.61763000,572491996.78194980,0,2026-07-29 00:00:00+00:00
1785369600000,63984.29,65176.6,63603.92,64780.02,17131.58486,1785455999999,1104856756.92441380,3246691,8996.19220000,580226535.02641050,0,2026-07-30 00:00:00+00:00
1785456000000,64780.03,65409.56,62466.0,62887.88,20475.60686,1785542399999,1302023180.89668250,2740238,9659.56143000,614195527.41951000,0,2026-07-31 00:00:00+00:00
1785542400000,62887.88,63150.0,62275.0,62823.64,7563.08904,1785628799999,475812069.76235600,831983,3772.23898000,237336841.66406610,0,2026-08-01 00:00:00+00:00
1785628800000,62823.65,63796.33,62806.58,63570.0,8387.01154,1785715199999,531238376.42127370,1286064,4566.33112000,289282425.13673770,0,2026-08-02 00:00:00+00:00
1785715200000,63570.01,64080.0,62300.0,63520.0,15543.29743,1785801599999,983698515.95577920,2494364,7987.90387000,505558159.39526640,0,2026-08-03 00:00:00+00:00
1785801600000,63520.0,64549.16,63322.01,64106.56,13690.47909,1785887999999,875057683.29647230,2388039,7360.46366000,470519870.70858920,0,2026-08-04 00:00:00+00:00
1785888000000,64106.55,65025.22,63880.0,64665.23,12742.85528,1785974399999,820929974.25524970,2402227,6522.48250000,420180741.60884970,0,2026-08-05 00:00:00+00:00
1785974400000,64665.24,64999.0,64172.0,64323.61,9864.43284,1786060799999,637366646.71670770,2087951,4666.15261000,301530716.38684180,0,2026-08-06 00:00:00+00:00
1786060800000,64323.61,65390.99,64166.0,64923.19,11807.40403,1786147199999,765604113.53555880,2283383,5639.26621000,365759790.12034750,0,2026-08-07 00:00:00+00:00
1786147200000,64923.2,65192.54,64784.19,64962.6,5760.14298,1786233599999,374451358.83061990,540447,2810.00611000,182668411.39869090,0,2026-08-08 00:00:00+00:00
1786233600000,64962.6,65474.46,64730.08,64901.59,7031.23606,1786319999999,457366207.40422350,803981,3207.32922000,208616902.93426420,0,2026-08-09 00:00:00+00:00
1786320000000,64901.59,65391.14,63806.27,63970.01,13638.40877,1786406399999,880502559.65311250,2054347,6946.62767000,448395344.72269970,0,2026-08-10 00:00:00+00:00
1786406400000,63970.01,64515.43,63238.0,63600.0,12891.63248,1786492799999,823992195.66591810,1660517,6363.01318000,406580591.52596730,0,2026-08-11 00:00:00+00:00
1786492800000,63600.01,64500.0,63310.34,63479.99,13627.06822,1786579199999,868963134.22856060,1990499,6993.82626000,445813941.04264210,0,2026-08-12 00:00:00+00:00
1786579200000,63479.99,64010.0,62802.27,63490.86,10793.85853,1786665599999,685844694.24948480,2078777,5588.30192000,355148234.43938670,0,2026-08-13 00:00:00+00:00
1786665600000,63490.86,63617.45,62535.24,63043.56,12340.82899,1786751999999,777408844.70579770,2184530,6678.27723000,420633226.24807670,0,2026-08-14 00:00:00+00:00
1786752000000,63043.56,63187.98,62920.0,63086.01,5405.16038,1786838399999,340890632.35788360,540313,3110.52011000,196180469.50074570,0,2026-08-15 00:00:00+00:00
1786838400000,63086.01,63390.0,62716.0,62900.0,4737.23135,1786924799999,298698048.55513150,640294,2498.03555000,157497828.26996570,0,2026-08-16 00:00:00+00:00
1786924800000,62900.0,64610.01,62751.1,64532.1,14255.64713,1787011199999,909366051.06852270,2111256,7186.91098000,458508023.19464200,0,2026-08-17 00:00:00+00:00
1787011200000,64532.11,65058.81,64027.85,64725.42,11789.91312,1787097599999,759405329.82942150,1608019,5759.24912000,370988128.63305250,0,2026-08-18 00:00:00+00:00
1787097600000,64725.42,70000.0,64166.0,69334.79,29054.29976,1787183999999,1954769139.09319090,4160596,15646.86527000,1052899268.55794110,0,2026-08-19 00:00:00+00:00
1787184000000,69334.78,73400.0,68902.22,73025.15,35904.79287,1787270399999,2562053707.60998330,6249114,18144.94133000,1294796740.99114590,0,2026-08-20 00:00:00+00:00
1787270400000,73027.02,79500.0,73027.02,78338.03,44339.56568,1787356799999,3401672760.03336090,8928944,23033.87661000,1766188726.33158330,0,2026-08-21 00:00:00+00:00
1787356800000,78338.03,78828.15,76500.0,77074.93,18524.50847,1787443199999,1433768388.59723810,3950045,9413.19226000,728650560.29909650,0,2026-08-22 00:00:00+00:00
1787443200000,77074.94,78052.85,75545.67,77734.0,15367.23185,1787529599999,1182628276.05943290,3627829,8207.35031000,631901958.23575150,0,2026-08-23 00:00:00+00:00
1787529600000,77734.0,80000.0,76670.01,78992.75,30179.29391,1787615999999,2367960844.30284900,6334409,15033.99548000,1180076077.88272360,0,2026-08-24 00:00:00+00:00
1787616000000,78992.76,81272.62,77851.0,78539.14,24772.51394,1787702399999,1972170530.27459760,6360202,12633.43254000,1006294174.85469470,0,2026-08-25 00:00:00+00:00
1787702400000,78539.13,79251.6,77632.58,79023.75,14613.75887,1787788799999,1148236055.87923850,4284527,7299.27224000,573666484.09954990,0,2026-08-26 00:00:00+00:00
1787788800000,79023.75,80848.74,78546.13,80249.58,16265.53695,1787875199999,1297370375.47347860,4932285,7358.50047000,587134078.76529430,0,2026-08-27 00:00:00+00:00
1787875200000,80249.59,81478.87,76888.0,77845.87,19756.43646,1787961599999,1560927602.27894060,4822157,9300.40971000,735228439.30105630,0,2026-08-28 00:00:00+00:00
1787961600000,77845.88,78330.0,77382.37,78230.0,7016.30257,1788047999999,545867984.84857770,1519886,3594.89663000,279676173.87169260,0,2026-08-29 00:00:00+00:00
1788048000000,78230.0,79400.0,77000.0,77682.0,9085.42405,1788134399999,712506539.56446480,2404922,4314.34369000,338432867.34651110,0,2026-08-30 00:00:00+00:00
1788134400000,77682.0,79250.0,77392.0,78581.29,15303.90602,1788220799999,1198158182.23741980,4354737,8150.63510000,638244851.35762190,0,2026-08-31 00:00:00+00:00
1788220800000,78581.3,79220.61,76420.0,77439.0,14130.63949,1788307199999,1101387276.65132930,3662805,7128.14511000,555981558.22935560,0,2026-09-01 00:00:00+00:00
1788307200000,77439.01,77792.0,76264.0,77340.01,13070.9782,1788393599999,1008333112.58752340,3312492,6647.38296000,512773293.69380870,0,2026-09-02 00:00:00+00:00
1788393600000,77340.01,82300.0,76968.0,81270.37,19806.42247,1788479999999,1579639079.84716540,4460645,10841.35467000,864605005.48359890,0,2026-09-03 00:00:00+00:00
1788480000000,81270.37,81427.75,78660.0,79660.77,19198.62549,1788566399999,1538393292.48454570,3417900,9282.35949000,744028777.52453620,0,2026-09-04 00:00:00+00:00
1788566400000,79660.77,80200.0,79442.0,79831.75,9117.2402,1788652799999,727162100.16711130,1276050,4255.28225000,339348475.70742010,0,2026-09-05 00:00:00+00:00
1788652800000,79831.75,80559.99,79233.0,80341.83,8854.81827,1788739199999,707422224.46505490,1658245,4212.19077000,336600182.64951080,0,2026-09-06 00:00:00+00:00
1788739200000,80341.83,80443.99,78680.0,79112.01,10572.45495,1788825599999,839882674.54233730,2464603,5180.15668000,411563607.50570850,0,2026-09-07 00:00:00+00:00
1788825600000,79112.0,79485.0,77620.01,78455.8,19235.06605,1788911999999,1510077235.73485570,4339646,8541.11569000,670838741.16665150,0,2026-09-08 00:00:00+00:00
1788912000000,78455.8,79760.0,77770.0,78306.43,14129.92027,1788998399999,1114730666.15220270,3338369,6620.08219000,522307227.44916110,0,2026-09-09 00:00:00+00:00
1788998400000,78306.43,78564.39,76464.0,76568.72,15320.36904,1789084799999,1188117943.77201960,3080707,6426.97352000,498398012.04048190,0,2026-09-10 00:00:00+00:00
1789084800000,76568.73,79890.0,76046.58,77225.7,19713.27729,1789171199999,1528809492.09930950,3614263,9852.15345000,764153169.81810270,0,2026-09-11 00:00:00+00:00
1789171200000,77225.71,77505.67,77059.75,77278.73,8060.44455,1789257599999,622849159.58773900,748574,4312.77118000,333247676.74929380,0,2026-09-12 00:00:00+00:00
1789257600000,77278.73,77450.0,76500.0,76842.01,6959.68366,1789343999999,536092213.40143950,1275503,3615.73308000,278537359.61126710,0,2026-09-13 00:00:00+00:00
1789344000000,76842.01,79600.0,76388.72,78189.21,15413.48971,1789430399999,1204563026.13293760,3225517,8203.69526000,641079205.43312760,0,2026-09-14 00:00:00+00:00
1789430400000,78189.2,78250.46,74967.97,75644.48,21682.71734,1789516799999,1658732238.39959690,3419940,10645.00135000,814765609.69523520,0,2026-09-15 00:00:00+00:00
1789516800000,75644.48,76560.76,75064.82,76206.01,14887.98431,1789603199999,1129239634.11360280,3057694,7531.01341000,571340166.34932860,0,2026-09-16 00:00:00+00:00
1789603200000,76206.0,77179.47,76000.0,76417.01,10925.02219,1789689599999,836425871.03889240,2014558,5842.31746000,447318393.39471730,0,2026-09-17 00:00:00+00:00
1789689600000,76417.01,81400.0,76296.0,80883.87,23907.77962,1789775999999,1897722787.40999420,3193109,12932.77628000,1025411967.15017960,0,2026-09-18 00:00:00+00:00
1789776000000,80883.86,81951.0,80844.58,81249.99,10663.76706,1789862399999,867621845.58397860,1648389,5134.66262000,417900526.64761270,0,2026-09-19 00:00:00+00:00
1789862400000,81249.99,81497.33,80126.04,81178.0,10993.68293,1789948799999,887777953.29124560,1941278,6011.32934000,485416420.94412010,0,2026-09-20 00:00:00+00:00
1789948800000,81178.01,87395.67,80850.22,86620.0,31963.17872,1790035199999,2702559883.82269890,4461004,16545.20736000,1398317660.97195110,0,2026-09-21 00:00:00+00:00
1790035200000,86620.01,86717.6,85114.0,86208.56,21328.45813,1790121599999,1834036114.86076060,3386775,9485.28663000,815537527.83543300,0,2026-09-22 00:00:00+00:00
1790121600000,86208.57,87278.54,83500.01,84397.6,22150.93277,1790207999999,1887736866.15679790,3301896,10334.67252000,881464898.31627080,0,2026-09-23 00:00:00+00:00
1790208000000,84397.6,84942.45,82874.93,84410.24,18703.61971,1790294399999,1572042147.67339670,3293051,8797.50585000,739743588.45265620,0,2026-09-24 00:00:00+00:00
1790294400000,84410.24,85255.0,83183.0,84099.99,18056.26519,1790380799999,1520256978.69349630,2848596,8541.13394000,719546363.00050410,0,2026-09-25 00:00:00+00:00
1790380800000,84100.0,84473.58,83798.0,84433.1,8058.06465,1790467199999,677578219.04701390,946697,3902.91165000,328189397.80361370,0,2026-09-26 00:00:00+00:00
1790467200000,84433.11,85159.03,84132.0,84472.0,9615.12963,1790553599999,813976178.36119750,1358160,4750.20011000,402162137.24410960,0,2026-09-27 00:00:00+00:00
1790553600000,84472.01,84999.0,82563.0,83500.01,20960.72462,1790639999999,1746910498.42796880,3568162,9506.99307000,792415046.49894150,0,2026-09-28 00:00:00+00:00
1790640000000,83500.01,84563.99,82775.94,83663.66,13461.55331,1790726399999,1126045075.03814920,2908693,6379.67553000,533739685.72203290,0,2026-09-29 00:00:00+00:00
1790726400000,83663.66,85649.95,82956.11,83623.6,18522.82001,1790812799999,1557658297.32385850,3218097,9043.85339000,760689387.62368890,0,2026-09-30 00:00:00+00:00
1790812800000,83623.59,85273.65,83186.0,84880.05,16766.05675,1790899199999,1409485416.76240700,3018436,8661.88979000,728233115.76909470,0,2026-10-01 00:00:00+00:00
1790899200000,84880.05,87220.0,83888.0,84518.01,26497.91954,1790985599999,2268231876.26869410,3801781,11650.90705000,997644869.35585120,0,2026-10-02 00:00:00+00:00
1790985600000,84518.0,85037.63,84456.02,84753.56,6889.63623,1791071999999,583778209.30866300,668698,3478.99554000,294794667.06147220,0,2026-10-03 00:00:00+00:00
1791072000000,84753.57,86800.0,84719.99,86530.0,7993.11395,1791158399999,683674414.67448580,1340109,3973.81435000,339978806.37905070,0,2026-10-04 00:00:00+00:00
1791158400000,86530.0,86999.11,84972.01,85766.87,16186.7761,1791244799999,1391807556.38117340,2992211,7121.39637000,612378678.85628760,0,2026-10-05 00:00:00+00:00
1791244800000,85766.87,86698.99,85136.11,85549.93,12614.47572,1791331199999,1083162507.38452770,2606680,6208.52054000,533198556.33393730,0,2026-10-06 00:00:00+00:00
