open_time_ms,Open,High,Low,Close,Volume,close_time_ms,quote_vol,n_trades,taker_base,taker_quote,ignore,open_time_utc
1775001600000,68284.49,68378.64,67578.75,68170.67,3175.60054,1775015999999,215748833.07333830,544854,1702.71590000,115690605.47864460,0,2026-04-01 00:00:00+00:00
1775016000000,68170.67,69310.0,68005.33,68692.0,4308.24633,1775030399999,296094654.53604230,649239,2220.66933000,152643380.03508530,0,2026-04-01 04:00:00+00:00
1775030400000,68692.0,68851.35,68389.21,68712.52,3486.85039,1775044799999,239136956.36277350,495293,1792.86663000,122980931.44386570,0,2026-04-01 08:00:00+00:00
1775044800000,68712.52,68965.0,67918.83,68918.52,4091.84986,1775059199999,280144482.35404900,934133,2172.25496000,148764313.12796320,0,2026-04-01 12:00:00+00:00
1775059200000,68918.52,69171.77,67939.28,68176.84,2610.209,1775073599999,178684853.58346170,719195,1190.30154000,81507311.75280870,0,2026-04-01 16:00:00+00:00
1775073600000,68176.84,68534.0,67964.48,68113.92,1347.43378,1775087999999,91898447.16485950,399196,623.69008000,42539492.08854570,0,2026-04-01 20:00:00+00:00
1775088000000,68113.92,68653.38,66500.0,66576.25,4290.09553,1775102399999,288995533.23493490,1029708,2118.09164000,142713190.74651310,0,2026-04-02 00:00:00+00:00
1775102400000,66576.25,66961.26,66217.07,66930.79,2994.81146,1775116799999,199368653.96111480,490517,1680.46962000,111904635.26294130,0,2026-04-02 04:00:00+00:00
1775116800000,66930.79,66930.79,66167.1,66220.28,2840.44212,1775131199999,188718889.20727090,438577,1339.06060000,88968409.38238350,0,2026-04-02 08:00:00+00:00
1775131200000,66220.28,67104.86,65712.12,66852.91,4983.19383,1775145599999,330939751.86502130,1146893,2727.50659000,181156241.27433720,0,2026-04-02 12:00:00+00:00
1775145600000,66852.91,67430.99,66596.8,66975.99,3741.79932,1775159999999,250617642.97210460,781208,1568.43814000,105081979.91501090,0,2026-04-02 16:00:00+00:00
1775160000000,66976.0,67100.0,66731.08,66901.99,1353.1369,1775174399999,90582990.28661070,302230,657.08961000,43991007.29456450,0,2026-04-02 20:00:00+00:00
1775174400000,66901.99,67000.0,66282.0,66579.97,2208.57089,1775188799999,147166004.53811270,429332,1003.23320000,66846217.20876730,0,2026-04-03 00:00:00+00:00
1775188800000,66579.98,67247.38,66416.68,67042.08,2873.22499,1775203199999,191742837.43833990,433915,1239.24662000,82719501.51702570,0,2026-04-03 04:00:00+00:00
1775203200000,67042.08,67288.0,66674.72,67017.44,1439.81595,1775217599999,96455388.48986320,322306,704.42911000,47195000.44243740,0,2026-04-03 08:00:00+00:00
1775217600000,67017.43,67370.42,66508.1,66827.15,2358.77199,1775231999999,157678405.40869480,467732,1276.30309000,85316460.72370500,0,2026-04-03 12:00:00+00:00
1775232000000,66827.15,67069.0,66751.86,66885.74,1215.72021,1775246399999,81320066.16634020,211546,582.27605000,38963264.17932100,0,2026-04-03 16:00:00+00:00
1775246400000,66885.73,66970.18,66826.13,66964.3,1333.02728,1775260799999,89172904.93643730,158273,729.78181000,48818965.25146130,0,2026-04-03 20:00:00+00:00
1775260800000,66964.29,66968.28,66814.0,66832.18,803.20366,1775275199999,53709777.14748720,183488,350.77918000,23454801.30876360,0,2026-04-04 00:00:00+00:00
1775275200000,66832.18,67052.99,66775.91,67014.96,1728.28038,1775289599999,115679107.11675950,198939,860.84736000,57622352.73418370,0,2026-04-04 04:00:00+00:00
1775289600000,67014.95,67232.72,66918.0,67156.93,1347.31961,1775303999999,90331916.33620090,213612,659.57559000,44223400.79944290,0,2026-04-04 08:00:00+00:00
1775304000000,67156.93,67562.93,67029.07,67383.66,1507.29551,1775318399999,101342732.07975590,287603,825.76488000,55529634.12022920,0,2026-04-04 12:00:00+00:00
1775318400000,67383.66,67543.6,67265.0,67288.42,858.41299,1775332799999,57838808.23485010,286417,395.05972000,26621791.53224720,0,2026-04-04 16:00:00+00:00
1775332800000,67288.42,67504.54,67186.62,67300.42,1129.00398,1775347199999,76029676.50819060,186120,609.30259000,41037899.50103580,0,2026-04-04 20:00:00+00:00
1775347200000,67300.42,67307.28,66955.72,67145.98,1216.87122,1775361599999,81717728.82372490,161820,524.83624000,35244903.49397150,0,2026-04-05 00:00:00+00:00
1775361600000,67145.98,67188.51,66611.66,66820.64,1903.42714,1775375999999,127283913.46868470,235623,906.83537000,60631914.05958790,0,2026-04-05 04:00:00+00:00
1775376000000,66820.64,67150.0,66819.42,66999.0,1062.42874,1775390399999,71166044.53496200,213582,472.53379000,31646653.86469270,0,2026-04-05 08:00:00+00:00
1775390400000,66998.99,67856.16,66680.57,67306.64,2736.41551,1775404799999,183744679.57558680,439576,1299.13546000,87265374.13388920,0,2026-04-05 12:00:00+00:00
1775404800000,67306.65,67560.45,67173.4,67361.01,965.55771,1775419199999,65024925.17145810,314175,419.80491000,28275377.12703840,0,2026-04-05 16:00:00+00:00
1775419200000,67361.01,69136.2,67332.66,69034.18,3848.7672,1775433599999,262724685.74903380,741481,2168.41115000,148027249.45943250,0,2026-04-05 20:00:00+00:00
1775433600000,69034.18,69588.0,68776.61,69123.69,4502.91561,1775447999999,311474454.35141230,902632,2288.61946000,158331508.97711230,0,2026-04-06 00:00:00+00:00
1775448000000,69123.69,69354.26,68806.53,69115.91,2814.82721,1775462399999,194475051.68717290,485832,1416.84838000,97911194.37923220,0,2026-04-06 04:00:00+00:00
1775462400000,69115.91,70283.32,69081.88,69614.91,3999.04132,1775476799999,278875174.86979940,698373,2143.47636000,149446909.48316580,0,2026-04-06 08:00:00+00:00
1775476800000,69614.91,69973.25,69163.86,69968.87,3409.36539,1775491199999,237075585.45552970,1071099,1800.04312000,125201530.33536550,0,2026-04-06 12:00:00+00:00
1775491200000,69968.87,70351.46,69282.02,69739.53,3175.25769,1775505599999,221640295.14868560,891801,1481.43072000,103457981.04952660,0,2026-04-06 16:00:00+00:00
1775505600000,69739.52,69974.08,68300.0,68853.66,2380.20322,1775519999999,164479611.58356280,645786,1019.37453000,70448677.41399680,0,2026-04-06 20:00:00+00:00
1775520000000,68853.66,69128.2,68273.34,68779.21,2422.31591,1775534399999,166478723.23305860,774360,1139.39026000,78307197.34660680,0,2026-04-07 00:00:00+00:00
1775534400000,68779.2,68981.83,68443.0,68624.61,1823.63549,1775548799999,125215260.90811310,360308,906.57738000,62251025.17123620,0,2026-04-07 04:00:00+00:00
1775548800000,68624.6,69247.9,68071.96,68345.75,2273.58534,1775563199999,156083719.14989470,602722,1201.17265000,82500368.04916830,0,2026-04-07 08:00:00+00:00
1775563200000,68345.75,68633.87,67732.01,68168.1,4041.29436,1775577599999,275416609.55558980,877924,1989.86009000,135611413.44952840,0,2026-04-07 12:00:00+00:00
1775577600000,68168.11,69098.44,68085.01,69011.29,3817.42066,1775591999999,261836481.41519180,763698,1931.18499000,132504788.24845740,0,2026-04-07 16:00:00+00:00
1775592000000,69011.29,72761.0,69011.29,71924.22,9372.24485,1775606399999,664607061.58084890,1492694,5296.99734000,375555296.96604630,0,2026-04-07 20:00:00+00:00
1775606400000,71924.22,72110.65,71240.99,71287.39,3370.06511,1775620799999,241296783.59892420,601242,1514.63909000,108459422.02719440,0,2026-04-08 00:00:00+00:00
1775620800000,71287.39,71941.42,71287.38,71627.59,3297.9557,1775635199999,236396199.35573260,387928,1364.03917000,97769876.72249690,0,2026-04-08 04:00:00+00:00
1775635200000,71627.59,71955.0,71407.77,71675.12,2214.64952,1775649599999,158684384.78234530,377758,1113.48766000,79789874.04079860,0,2026-04-08 08:00:00+00:00
1775649600000,71675.12,72857.0,70707.23,71310.0,6816.03917,1775663999999,489044255.39543510,1291966,3692.68373000,265029615.30070050,0,2026-04-08 12:00:00+00:00
1775664000000,71309.99,71963.94,71019.0,71318.48,2617.29334,1775678399999,187085759.92909740,780175,1142.98890000,81690774.25039720,0,2026-04-08 16:00:00+00:00
1775678400000,71318.47,71748.0,70901.89,71069.93,1486.68343,1775692799999,105976804.99058920,404919,742.36334000,52926714.49724320,0,2026-04-08 20:00:00+00:00
1775692800000,71069.93,71198.8,70466.0,70992.39,2645.29554,1775707199999,187560713.60706640,551958,1238.29858000,87822871.75535600,0,2026-04-09 00:00:00+00:00
1775707200000,70992.37,71116.0,70689.38,70982.01,2261.38499,1775721599999,160484103.73110710,347295,1309.58856000,92948675.75976620,0,2026-04-09 04:00:00+00:00
1775721600000,70982.01,71575.0,70865.42,71150.17,1825.96774,1775735999999,130115156.69525650,348930,1026.45095000,73146799.52155490,0,2026-04-09 08:00:00+00:00
1775736000000,71150.17,72358.0,70522.77,72141.99,4001.11726,1775750399999,285752805.68212210,991804,2143.61354000,153171197.69325670,0,2026-04-09 12:00:00+00:00
1775750400000,72142.0,72550.0,71729.66,72096.32,4013.80807,1775764799999,289696860.00248570,910776,2050.18625000,148002905.52040610,0,2026-04-09 16:00:00+00:00
1775764800000,72096.33,73145.0,71585.25,71787.97,3410.84799,1775779199999,246714176.29129830,622262,1836.17983000,132897800.79282710,0,2026-04-09 20:00:00+00:00
1775779200000,71787.98,72387.0,71573.35,71868.67,2706.87605,1775793599999,194790067.91722840,557690,1297.27001000,93350114.59846960,0,2026-04-10 00:00:00+00:00
1775793600000,71868.67,72267.89,71428.0,71481.85,2293.26674,1775807999999,164865618.61969950,380706,910.66594000,65481047.13521970,0,2026-04-10 04:00:00+00:00
1775808000000,71481.85,72261.93,71426.15,72127.59,1565.72366,1775822399999,112420183.10659550,354974,771.86154000,55440180.81470480,0,2026-04-10 08:00:00+00:00
1775822400000,72127.59,73289.96,71899.51,72460.51,5093.36163,1775836799999,370037894.25166550,955471,2734.87643000,198755454.30727460,0,2026-04-10 12:00:00+00:00
1775836800000,72460.52,73264.76,72387.41,73236.11,2498.15366,1775851199999,182195125.22314990,554837,1429.69498000,104269749.18664550,0,2026-04-10 16:00:00+00:00
1775851200000,73236.11,73434.0,72700.6,72962.7,3215.25114,1775865599999,234886746.93732420,372630,1675.37951000,122409356.45908210,0,2026-04-10 20:00:00+00:00
1775865600000,72962.71,73094.89,72670.0,72866.63,1637.40665,1775879999999,119356836.01564170,217255,795.17461000,57968866.69421380,0,2026-04-11 00:00:00+00:00
1775880000000,72866.62,72954.28,72612.16,72745.38,1432.18692,1775894399999,104178022.86559570,179735,820.58313000,59687052.39745010,0,2026-04-11 04:00:00+00:00
1775894400000,72745.38,72915.95,72617.75,72907.05,905.10314,1775908799999,65876132.22645970,148187,518.91820000,37767304.11698390,0,2026-04-11 08:00:00+00:00
1775908800000,72907.05,72982.4,72513.09,72858.17,1133.77392,1775923199999,82470629.02328520,228241,521.55824000,37943768.77753470,0,2026-04-11 12:00:00+00:00
1775923200000,72858.18,73790.0,72812.94,73687.15,2377.30473,1775937599999,174320698.80143430,418019,1297.90139000,95138352.45327530,0,2026-04-11 16:00:00+00:00
1775937600000,73687.16,73689.97,72907.4,73043.16,1585.16838,1775951999999,116234794.77725360,280604,719.34048000,52763665.55358400,0,2026-04-11 20:00:00+00:00
1775952000000,73043.16,73137.24,71310.0,71593.19,4092.12587,1775966399999,294609132.27140820,672057,1763.71003000,126897186.15173410,0,2026-04-12 00:00:00+00:00
1775966400000,71593.18,71781.0,71417.22,71665.0,1969.72049,1775980799999,141095647.33438790,193926,928.60105000,66520415.86665140,0,2026-04-12 04:00:00+00:00
1775980800000,71664.99,71805.85,71357.76,71468.55,1780.81611,1775995199999,127536937.07350570,161761,804.12245000,57589898.95562430,0,2026-04-12 08:00:00+00:00
1775995200000,71468.54,71500.0,70604.07,70892.03,2361.32179,1776009599999,167667726.83361940,378976,994.47743000,70609538.19701930,0,2026-04-12 12:00:00+00:00
1776009600000,70892.04,71222.58,70821.05,71084.18,991.98626,1776023999999,70464388.26346080,181390,592.69189000,42106683.37182120,0,2026-04-12 16:00:00+00:00
1776024000000,71084.18,71452.0,70505.88,70740.98,2276.49749,1776038399999,161452060.04020910,480669,1242.71004000,88130165.26817060,0,2026-04-12 20:00:00+00:00
1776038400000,70741.56,71271.78,70615.3,70976.0,1886.6472,1776052799999,134060690.08798200,388627,1077.13443000,76535314.87189540,0,2026-04-13 00:00:00+00:00
1776052800000,70975.99,71144.0,70672.72,70813.88,2674.10149,1776067199999,189623214.30213450,297034,1485.52700000,105352401.43282210,0,2026-04-13 04:00:00+00:00
1776067200000,70813.88,70997.12,70566.99,70929.68,1023.04479,1776081599999,72407437.08399020,263580,513.49151000,36347908.84827320,0,2026-04-13 08:00:00+00:00
1776081600000,70929.68,72464.28,70758.5,71866.59,5445.44909,1776095999999,390027473.77911910,914922,2738.24059000,196128961.49551740,0,2026-04-13 12:00:00+00:00
1776096000000,71866.59,73480.0,71679.8,73322.82,6766.75131,1776110399999,490711722.33207770,919355,3385.86963000,245687011.14365390,0,2026-04-13 16:00:00+00:00
1776110400000,73322.0,74900.0,73007.08,74417.99,6434.22237,1776124799999,476539780.59886240,890021,3439.53589000,254732176.05901660,0,2026-04-13 20:00:00+00:00
1776124800000,74418.0,74579.32,73954.86,74444.43,3586.04231,1776139199999,266464778.74472620,449320,1518.38055000,112851425.72010340,0,2026-04-14 00:00:00+00:00
1776139200000,74444.44,74924.64,74150.6,74546.0,3393.84035,1776153599999,252752729.36363010,402197,1599.62874000,119124176.40822840,0,2026-04-14 04:00:00+00:00
1776153600000,74545.99,74910.0,74307.35,74376.52,2697.70497,1776167999999,201137375.27227880,400168,1306.95783000,97457104.04793700,0,2026-04-14 08:00:00+00:00
1776168000000,74376.52,76038.0,74277.19,75317.07,9779.47075,1776182399999,735820628.11034650,1334906,5676.09776000,427177541.67875640,0,2026-04-14 12:00:00+00:00
1776182400000,75317.06,75688.0,73795.47,74223.18,4920.10933,1776196799999,366726254.82058570,954188,2308.25515000,172003183.22052700,0,2026-04-14 16:00:00+00:00
1776196800000,74223.3,74434.33,73806.09,74131.55,2155.77685,1776211199999,159827223.29565260,492669,904.56953000,67081009.92343710,0,2026-04-14 20:00:00+00:00
1776211200000,74131.55,74786.72,74126.32,74345.97,2142.74367,1776225599999,159569243.11227800,419388,1092.61203000,81357265.41632890,0,2026-04-15 00:00:00+00:00
1776225600000,74345.98,74434.51,73514.0,73730.43,3073.4123,1776239999999,227312740.56205270,412127,1316.75620000,97362321.97591330,0,2026-04-15 04:00:00+00:00
1776240000000,73730.43,74256.44,73675.96,74201.78,1889.67298,1776254399999,139859664.38430350,392889,1006.98607000,74533100.22082490,0,2026-04-15 08:00:00+00:00
1776254400000,74201.78,74506.84,73580.85,73844.08,2744.86135,1776268799999,203453220.03847010,786767,1329.29467000,98557452.63165080,0,2026-04-15 12:00:00+00:00
1776268800000,73844.07,75281.0,73762.89,75002.6,2728.37363,1776283199999,203066774.81131090,688167,1357.64305000,101102655.66126740,0,2026-04-15 16:00:00+00:00
1776283200000,75002.6,75425.0,74512.06,74809.99,1845.97774,1776297599999,138186969.62860670,488454,910.72779000,68199469.26518050,0,2026-04-15 20:00:00+00:00
1776297600000,74809.99,75267.85,74451.49,74888.21,1937.97594,1776311999999,145044520.51265450,493297,941.09550000,70444359.77616050,0,2026-04-16 00:00:00+00:00
1776312000000,74888.21,75174.38,74636.0,74707.03,2185.42777,1776326399999,163816151.96093350,380814,1039.97216000,77955602.72512570,0,2026-04-16 04:00:00+00:00
1776326400000,74707.02,74901.5,74277.34,74574.79,2687.27336,1776340799999,200275229.23073760,397201,1595.25030000,118891108.53431180,0,2026-04-16 08:00:00+00:00
1776340800000,74574.8,75030.39,73309.85,74697.19,5210.02393,1776355199999,386606862.55314740,995409,2408.42650000,178792918.92333500,0,2026-04-16 12:00:00+00:00
1776355200000,74697.2,75410.71,73912.23,75342.99,3497.56,1776369599999,261186146.77740690,893006,1768.24567000,132097950.95555010,0,2026-04-16 16:00:00+00:00
1776369600000,75343.0,75534.76,74789.5,75154.29,1570.42677,1776383999999,117965212.71473150,422163,848.70781000,63768346.33373590,0,2026-04-16 20:00:00+00:00
1776384000000,75154.28,75154.77,74529.4,74615.82,2160.86835,1776398399999,161648978.78470550,291079,968.84942000,72483858.31347360,0,2026-04-17 00:00:00+00:00
1776398400000,74615.82,75089.51,74555.12,75074.77,1339.49148,1776412799999,100263083.81719610,293749,669.67806000,50127919.49673910,0,2026-04-17 04:00:00+00:00
1776412800000,75074.76,76370.25,74993.24,75589.7,4979.26567,1776427199999,376496117.10876520,785388,2838.05296000,214617095.08587030,0,2026-04-17 08:00:00+00:00
1776427200000,75589.7,78052.49,75531.97,77785.02,11844.17586,1776441599999,913540763.42196410,2111036,7111.99985000,548684304.84396230,0,2026-04-17 12:00:00+00:00
1776441600000,77785.03,78333.0,77000.0,77393.58,3865.48754,1776455999999,299979874.99331080,1052553,2068.81645000,160524366.72527720,0,2026-04-17 16:00:00+00:00
1776456000000,77393.58,77611.68,76911.0,77072.0,1752.07804,1776470399999,135414390.71472830,397362,778.08056000,60149816.53921700,0,2026-04-17 20:00:00+00:00
1776470400000,77072.01,77420.08,76962.67,77005.47,1127.42699,1776484799999,87033978.83928850,281988,596.82212000,46080988.43954400,0,2026-04-18 00:00:00+00:00
1776484800000,77005.47,77278.58,76884.1,76997.8,1126.90915,1776499199999,86860094.19237080,203982,521.13503000,40174614.81166800,0,2026-04-18 04:00:00+00:00
1776499200000,76997.79,77048.0,75763.76,76039.05,2670.18059,1776513599999,203914682.36038350,506182,1126.71571000,86019314.50638060,0,2026-04-18 08:00:00+00:00
1776513600000,76039.06,76363.75,75797.53,76167.34,1672.54902,1776527999999,127375724.51744030,386477,872.74502000,66478375.33096390,0,2026-04-18 12:00:00+00:00
1776528000000,76167.33,76211.57,75445.16,75649.85,1564.20833,1776542399999,118557712.10679900,371618,692.49707000,52483554.30522820,0,2026-04-18 16:00:00+00:00
1776542400000,75649.86,75891.64,75599.64,75691.76,980.57048,1776556799999,74266375.91772520,190865,523.86867000,39681265.15818160,0,2026-04-18 20:00:00+00:00
1776556800000,75691.76,75847.42,75357.0,75515.77,1006.37687,1776571199999,76088047.60732390,248420,413.80948000,31285821.66854170,0,2026-04-19 00:00:00+00:00
1776571200000,75515.76,75782.63,74867.72,75252.34,1626.173,1776585599999,122490074.63876680,309957,792.06864000,59678105.35067220,0,2026-04-19 04:00:00+00:00
1776585600000,75252.33,75641.99,74921.74,75604.11,1388.70023,1776599999999,104456315.69060510,303690,808.66808000,60834848.49442720,0,2026-04-19 08:00:00+00:00
1776600000000,75604.11,76240.66,75401.44,75846.63,2918.88485,1776614399999,221358396.05196650,585796,1524.12239000,115590865.36963370,0,2026-04-19 12:00:00+00:00
1776614400000,75846.63,75853.26,74608.0,74965.47,2037.3962,1776628799999,152946595.37486270,629800,908.09562000,68156662.72437410,0,2026-04-19 16:00:00+00:00
1776628800000,74965.46,74965.47,73762.9,73801.79,2392.29117,1776643199999,177575941.07726650,662088,1011.85454000,75108183.44498350,0,2026-04-19 20:00:00+00:00
1776643200000,73801.8,74746.93,73724.31,74634.0,2498.4367,1776657599999,185788933.28297290,410708,1271.62557000,94566167.04409800,0,2026-04-20 00:00:00+00:00
1776657600000,74634.01,75572.0,74095.18,74837.17,2480.55303,1776671999999,185383548.53514780,493909,1359.78561000,101645184.72403520,0,2026-04-20 04:00:00+00:00
1776672000000,74837.18,75404.63,74619.41,75192.71,1646.53372,1776686399999,123510536.04558230,446766,934.25792000,70078310.20073930,0,2026-04-20 08:00:00+00:00
1776686400000,75192.72,75772.72,74702.0,75716.77,3717.10765,1776700799999,279843898.44271950,1123802,1885.98844000,142052430.15131890,0,2026-04-20 12:00:00+00:00
1776700800000,75716.78,76486.67,75289.92,76296.96,4186.21296,1776715199999,318328819.93982380,710688,2191.83180000,166691078.30233140,0,2026-04-20 16:00:00+00:00
1776715200000,76296.97,76558.62,75617.6,75840.97,2464.56628,1776729599999,187648178.12482880,377718,1169.21175000,89036005.54319610,0,2026-04-20 20:00:00+00:00
1776729600000,75840.97,76263.4,75474.77,75710.3,1612.43915,1776743999999,122291902.73325620,388276,857.40581000,65045614.63908180,0,2026-04-21 00:00:00+00:00
1776744000000,75710.31,76300.0,75600.0,76084.34,2226.77918,1776758399999,169263835.48129540,328799,1267.69669000,96385894.95837280,0,2026-04-21 04:00:00+00:00
1776758400000,76084.34,76927.57,76063.98,76452.94,2659.19547,1776772799999,203376219.19578890,489087,1392.98096000,106543944.07353790,0,2026-04-21 08:00:00+00:00
1776772800000,76452.94,76595.3,75430.62,75834.65,3598.9457,1776787199999,273375796.75745770,976779,1668.76076000,126772046.62271320,0,2026-04-21 12:00:00+00:00
1776787200000,75834.66,76190.72,74821.57,75023.43,2902.15339,1776801599999,219124196.08474640,947226,1432.87620000,108221061.34870980,0,2026-04-21 16:00:00+00:00
1776801600000,75023.43,76425.37,74967.58,76336.15,1913.05843,1776815999999,144686322.30576650,486046,1053.24246000,79691093.27143930,0,2026-04-21 20:00:00+00:00
1776816000000,76336.14,77733.11,76132.95,77521.48,3427.92326,1776830399999,264048583.14853200,718372,2048.98050000,157809428.51029330,0,2026-04-22 00:00:00+00:00
1776830400000,77521.47,78452.18,77364.25,78012.79,4391.05885,1776844799999,342414280.12642610,619439,2219.12598000,173067894.28217730,0,2026-04-22 04:00:00+00:00
1776844800000,78012.78,78399.0,77941.59,78300.0,2316.44812,1776859199999,180943959.31967700,397191,1228.30969000,95948553.72187630,0,2026-04-22 08:00:00+00:00
1776859200000,78300.0,79400.0,78114.04,79272.9,5465.82641,1776873599999,430572925.02839970,1076339,3162.50997000,249136339.21001020,0,2026-04-22 12:00:00+00:00
1776873600000,79272.91,79472.82,78632.37,78846.62,2393.5344,1776887999999,188975040.56427110,606114,1143.22075000,90276999.37150760,0,2026-04-22 16:00:00+00:00
1776888000000,78846.62,78915.84,78155.83,78178.23,1742.72121,1776902399999,136777297.35902790,339622,573.97745000,45073951.97450230,0,2026-04-22 20:00:00+00:00
1776902400000,78178.22,78574.44,77453.43,77746.46,3482.97564,1776916799999,271870892.98019510,704515,1595.75493000,124651853.83140050,0,2026-04-23 00:00:00+00:00
1776916800000,77746.47,78339.35,77675.8,78048.62,1711.42731,1776931199999,133531521.08754780,367546,853.89687000,66619248.18030040,0,2026-04-23 04:00:00+00:00
1776931200000,78048.61,78175.52,77174.01,77704.62,3562.23716,1776945599999,276391715.50790630,489182,1651.09510000,128053348.65407190,0,2026-04-23 08:00:00+00:00
1776945600000,77704.61,78662.5,77379.92,78376.76,3163.89025,1776959999999,246605347.40417470,791680,1564.31217000,121942667.35924070,0,2026-04-23 12:00:00+00:00
1776960000000,78376.77,78509.82,76960.0,77727.26,3947.74807,1776974399999,306941247.43027520,937534,1584.07508000,123130153.45722070,0,2026-04-23 16:00:00+00:00
1776974400000,77727.25,78331.0,77637.5,78257.48,1102.51658,1776988799999,86008973.94414700,281339,511.62157000,39924862.82557530,0,2026-04-23 20:00:00+00:00
1776988800000,78257.48,78581.93,77555.0,77737.85,2050.74535,1777003199999,160231082.61711680,401198,1048.65863000,81992991.77747090,0,2026-04-24 00:00:00+00:00
1777003200000,77737.84,78057.65,77457.0,77644.6,2006.47598,1777017599999,155931979.60745180,310156,954.54806000,74198634.15680240,0,2026-04-24 04:00:00+00:00
1777017600000,77644.59,78372.58,77402.01,78240.26,2919.1254,1777031999999,227238082.57552030,460974,1575.57543000,122655616.54593470,0,2026-04-24 08:00:00+00:00
1777032000000,78240.27,78479.37,77577.22,78038.62,2850.11432,1777046399999,222458983.35921870,741520,1218.43659000,95101216.04339960,0,2026-04-24 12:00:00+00:00
1777046400000,78038.63,78060.29,77363.63,77628.85,1634.32254,1777060799999,126923663.19824980,454034,729.56435000,56663031.61242110,0,2026-04-24 16:00:00+00:00
1777060800000,77628.84,77757.14,77264.08,77437.13,1214.35956,1777075199999,94148773.24263910,214091,621.28087000,48167167.21728230,0,2026-04-24 20:00:00+00:00
1777075200000,77437.13,77711.87,77309.92,77679.07,943.00804,1777089599999,73078937.55888300,148443,507.88117000,39360337.77944530,0,2026-04-25 00:00:00+00:00
1777089600000,77679.08,77691.23,77450.0,77501.19,894.01774,1777103999999,69335830.54813780,112968,457.67364000,35493050.17455730,0,2026-04-25 04:00:00+00:00
1777104000000,77501.19,77885.35,77491.36,77682.3,753.19705,1777118399999,58535274.14839990,119345,472.94614000,36756561.32073170,0,2026-04-25 08:00:00+00:00
1777118400000,77682.29,77752.54,77299.89,77330.26,1006.59668,1777132799999,78075468.19572300,147328,413.25574000,32063642.71094270,0,2026-04-25 12:00:00+00:00
1777132800000,77330.25,77454.31,77140.23,77330.01,1247.67486,1777147199999,96479134.79319940,165846,609.95922000,47167602.48428360,0,2026-04-25 16:00:00+00:00
1777147200000,77330.0,77650.0,77311.05,77625.0,840.61983,1777161599999,65179359.10081040,112612,538.13764000,41726546.34990870,0,2026-04-25 20:00:00+00:00
1777161600000,77625.0,77642.43,77326.51,77400.21,671.17692,1777175999999,52026700.96226330,113031,267.22928000,20711747.45936400,0,2026-04-26 00:00:00+00:00
1777176000000,77400.21,78200.0,77383.46,78102.53,1405.76785,1777190399999,109590620.36644870,235298,777.95521000,60640408.45238160,0,2026-04-26 04:00:00+00:00
1777190400000,78102.53,78210.0,77926.59,78101.44,721.69853,1777204799999,56328153.45619100,139117,385.22729000,30067656.44081640,0,2026-04-26 08:00:00+00:00
1777204800000,78101.43,78173.15,77770.0,78049.0,1130.54235,1777219199999,88163851.00470440,190222,532.76728000,41560240.33165220,0,2026-04-26 12:00:00+00:00
1777219200000,78049.0,78500.0,77850.0,78221.16,1505.06004,1777233599999,117581165.32577890,236532,646.71480000,50552304.11493970,0,2026-04-26 16:00:00+00:00
1777233600000,78221.17,78961.0,77843.75,78657.55,2529.31593,1777247999999,198301482.36941370,562771,1371.97180000,107617237.80801220,0,2026-04-26 20:00:00+00:00
1777248000000,78657.55,79485.66,78400.03,79105.49,3042.99628,1777262399999,240529569.82998300,627419,1707.32283000,134941231.80287870,0,2026-04-27 00:00:00+00:00
1777262400000,79105.5,79160.0,77465.05,77606.6,3608.39615,1777276799999,281566071.31078240,563977,1591.11554000,124146164.30373230,0,2026-04-27 04:00:00+00:00
1777276800000,77606.59,77980.0,77553.23,77844.26,1607.93582,1777291199999,125083156.72562220,224612,839.19666000,65282866.96168540,0,2026-04-27 08:00:00+00:00
1777291200000,77844.25,78265.34,76564.33,76793.09,3804.78309,1777305599999,294619821.80051630,804957,1642.94110000,127252439.99155000,0,2026-04-27 12:00:00+00:00
1777305600000,76793.1,76990.43,76459.64,76878.07,2644.9239,1777319999999,202958318.45634560,514967,1237.37547000,94973043.50894290,0,2026-04-27 16:00:00+00:00
1777320000000,76878.23,77450.0,76763.71,77371.32,1337.88894,1777334399999,103076611.96094280,246957,694.58059000,53526676.02398410,0,2026-04-27 20:00:00+00:00
1777334400000,77371.32,77478.0,76672.0,76815.18,1448.26407,1777348799999,111629911.59683190,332197,606.73542000,46768174.34828790,0,2026-04-28 00:00:00+00:00
1777348800000,76815.18,77154.0,76424.9,76879.28,2882.71195,1777363199999,221430324.21151580,382433,1523.71605000,117069535.37880220,0,2026-04-28 04:00:00+00:00
1777363200000,76879.28,77013.63,76130.1,76229.0,2842.73206,1777377599999,217812362.87391350,386699,1402.41915000,107478641.97744990,0,2026-04-28 08:00:00+00:00
1777377600000,76228.99,76421.94,75666.6,76066.38,3776.77215,1777391999999,287255204.88163820,711775,1824.31490000,138795585.70842310,0,2026-04-28 12:00:00+00:00
1777392000000,76066.37,76380.83,75881.28,76330.97,1381.80454,1777406399999,105203755.61460940,340246,672.20978000,51182069.23152580,0,2026-04-28 16:00:00+00:00
1777406400000,76330.97,76481.3,76197.02,76342.77,878.43906,1777420799999,67081114.37651240,199096,489.55939000,37387409.55446290,0,2026-04-28 20:00:00+00:00
1777420800000,76342.78,77127.62,76187.75,76994.78,1891.92924,1777435199999,144873826.96277420,344243,1097.01508000,84017620.34912240,0,2026-04-29 00:00:00+00:00
1777435200000,76994.77,77455.71,76880.0,77053.64,2974.5751,1777449599999,229410251.90438960,348103,1648.32841000,127113395.50939700,0,2026-04-29 04:00:00+00:00
1777449600000,77053.65,77904.93,76972.32,77590.03,2697.20554,1777463999999,208968866.54006400,419003,1497.61734000,116015938.12064030,0,2026-04-29 08:00:00+00:00
1777464000000,77590.04,77596.39,75705.32,75924.25,5263.52444,1777478399999,404163485.04778350,884825,2610.96270000,200338355.99754920,0,2026-04-29 12:00:00+00:00
1777478400000,75924.24,76274.8,74937.52,75563.86,3962.49362,1777492799999,299373776.72823400,690524,1991.14291000,150507190.45097490,0,2026-04-29 16:00:00+00:00
1777492800000,75563.87,76088.9,75497.43,75780.0,1490.20228,1777507199999,112945651.16228280,346192,834.95468000,63287241.09107790,0,2026-04-29 20:00:00+00:00
1777507200000,75780.0,76473.26,75494.7,75928.1,1613.44526,1777521599999,122633694.63004900,502145,854.39444000,64978024.92096670,0,2026-04-30 00:00:00+00:00
1777521600000,75928.09,76179.91,75323.65,76161.67,1807.58096,1777535999999,136866891.62574080,413963,1041.36346000,78851007.94402950,0,2026-04-30 04:00:00+00:00
1777536000000,76161.67,76339.38,75876.29,76059.43,1712.03014,1777550399999,130255424.05464520,320857,975.08343000,74190340.13308130,0,2026-04-30 08:00:00+00:00
1777550400000,76059.42,76669.14,76042.75,76473.6,3506.19966,1777564799999,267759179.97779800,757085,1852.18209000,141455548.36439270,0,2026-04-30 12:00:00+00:00
1777564800000,76473.6,76514.8,76111.0,76412.8,930.96663,1777579199999,71072093.06944690,357750,479.50596000,36606043.35329280,0,2026-04-30 16:00:00+00:00
1777579200000,76412.8,76568.9,76206.02,76346.57,811.59342,1777593599999,61997308.33147410,217680,382.66186000,29230418.48606940,0,2026-04-30 20:00:00+00:00
1777593600000,76346.58,77453.74,76320.42,77131.08,2250.38749,1777607999999,172960115.04272430,332552,1110.62270000,85326588.39891440,0,2026-05-01 00:00:00+00:00
1777608000000,77131.08,77206.38,76653.6,77130.54,2352.39487,1777622399999,181246373.43877580,283432,911.22072000,70223069.80229350,0,2026-05-01 04:00:00+00:00
1777622400000,77130.54,77600.0,77048.0,77463.98,1968.27324,1777636799999,152212519.58321600,259648,1145.03400000,88540213.06558710,0,2026-05-01 08:00:00+00:00
1777636800000,77463.98,78914.12,77408.73,78445.89,6731.19551,1777651199999,527305467.46643760,805606,3343.22274000,261832804.12755650,0,2026-05-01 12:00:00+00:00
1777651200000,78445.88,78683.23,78131.02,78360.0,2194.42574,1777665599999,172026718.12860920,435455,1105.07952000,86624900.87584010,0,2026-05-01 16:00:00+00:00
1777665600000,78360.01,78422.81,77752.0,78231.13,1818.78817,1777679999999,142086642.25980130,271765,707.80044000,55302001.53815590,0,2026-05-01 20:00:00+00:00
1777680000000,78231.13,78514.82,78166.48,78400.0,1196.13639,1777694399999,93718172.85236430,193990,583.82095000,45741829.81125020,0,2026-05-02 00:00:00+00:00
1777694400000,78399.99,78448.99,78040.0,78220.0,1475.03871,1777708799999,115371450.50957990,141494,722.07123000,56485091.13971810,0,2026-05-02 04:00:00+00:00
1777708800000,78220.0,78394.0,78094.43,78143.08,868.1323,1777723199999,67933926.49833650,100439,477.78644000,37391028.66692780,0,2026-05-02 08:00:00+00:00
1777723200000,78143.09,78487.68,78108.41,78487.67,726.08154,1777737599999,56872977.98448110,136958,488.16306000,38235836.14109610,0,2026-05-02 12:00:00+00:00
1777737600000,78487.67,78596.61,78310.54,78486.0,708.03792,1777751999999,55550536.21363470,142507,351.15911000,27550837.37258290,0,2026-05-02 16:00:00+00:00
1777752000000,78486.23,79199.48,78418.32,78686.85,1177.44956,1777766399999,92791325.39101330,220755,674.03879000,53129868.54239090,0,2026-05-02 20:00:00+00:00
1777766400000,78686.84,78754.55,78108.75,78203.08,1047.76325,1777780799999,82053926.05437180,208865,391.14324000,30630793.95293370,0,2026-05-03 00:00:00+00:00
1777780800000,78203.07,78483.67,78084.08,78363.25,794.16967,1777795199999,62159747.26219490,131027,408.70730000,32007979.75460030,0,2026-05-03 04:00:00+00:00
1777795200000,78363.24,78849.22,78354.53,78656.01,948.77514,1777809599999,74518710.79692800,151044,645.13713000,50669901.33824710,0,2026-05-03 08:00:00+00:00
1777809600000,78656.01,78878.77,78586.99,78668.36,1137.8563,1777823999999,89575916.35366870,197990,447.34135000,35221697.94591610,0,2026-05-03 12:00:00+00:00
1777824000000,78668.36,78853.32,78558.65,78760.32,916.2637,1777838399999,72097288.59443810,168347,307.95585000,24239754.35818340,0,2026-05-03 16:00:00+00:00
1777838400000,78760.32,79447.0,78484.42,78568.57,2580.96484,1777852799999,203888741.39002710,495201,1264.62925000,99913164.81949440,0,2026-05-03 20:00:00+00:00
1777852800000,78568.58,80458.0,78288.88,80316.31,5091.61332,1777867199999,405849652.36137490,798129,2943.71892000,234688623.77529980,0,2026-05-04 00:00:00+00:00
1777867200000,80316.3,80635.51,79500.0,79696.75,3632.41236,1777881599999,290970799.40581890,446188,1632.40883000,130809915.97150140,0,2026-05-04 04:00:00+00:00
1777881600000,79696.75,79930.0,78202.0,78793.67,5989.03806,1777895999999,472495368.85239550,655591,3221.55035000,254082008.87206070,0,2026-05-04 08:00:00+00:00
1777896000000,78793.67,80545.17,78500.0,80028.85,5918.14009,1777910399999,471086959.50407470,926658,3083.54402000,245430653.26265710,0,2026-05-04 12:00:00+00:00
1777910400000,80028.85,80776.99,79619.33,80053.31,3742.49503,1777924799999,300180394.67987540,648707,1749.19733000,140308261.60792900,0,2026-05-04 16:00:00+00:00
1777924800000,80053.31,80397.19,79744.91,79861.01,1669.26249,1777939199999,133591675.70789970,259331,721.22603000,57735398.38880720,0,2026-05-04 20:00:00+00:00
1777939200000,79861.01,81083.98,79808.72,80893.08,2402.14099,1777953599999,193362338.35932880,378068,1377.94875000,110941834.42663170,0,2026-05-05 00:00:00+00:00
1777953600000,80893.08,81323.52,80725.0,80855.59,2974.59341,1777967999999,240873499.23301560,376455,1302.84689000,105505707.58391970,0,2026-05-05 04:00:00+00:00
1777968000000,80855.59,81095.48,80527.76,81014.05,2484.57226,1777982399999,200675636.29487360,255333,1195.29674000,96550560.66335790,0,2026-05-05 08:00:00+00:00
1777982400000,81014.05,81712.32,80932.54,81525.19,4561.19169,1777996799999,371228843.00066740,703156,2538.94944000,206688342.56004060,0,2026-05-05 12:00:00+00:00
1777996800000,81525.19,81680.0,81050.04,81606.35,1780.45876,1778011199999,144912031.90009560,348055,829.18231000,67520109.41127130,0,2026-05-05 16:00:00+00:00
1778011200000,81606.35,81791.48,80790.0,80905.52,2744.22284,1778025599999,223266680.44295510,429863,1383.92564000,112643234.26123300,0,2026-05-05 20:00:00+00:00
1778025600000,80905.53,81760.84,80731.14,81581.69,3011.74344,1778039999999,244741070.83699290,402234,1982.54356000,161079722.78355390,0,2026-05-06 00:00:00+00:00
1778040000000,81581.7,81649.99,81060.0,81359.82,2300.70653,1778054399999,187249650.61601060,335929,1054.34537000,85813557.73566220,0,2026-05-06 04:00:00+00:00
1778054400000,81359.82,82850.0,81328.68,82522.89,5188.93186,1778068799999,426154900.13281150,583617,2884.51536000,236956793.18099790,0,2026-05-06 08:00:00+00:00
1778068800000,82522.88,82539.33,81136.0,81704.25,4508.6602,1778083199999,368798606.29688130,793007,2065.64028000,168977454.37316210,0,2026-05-06 12:00:00+00:00
1778083200000,81704.25,81907.51,81200.0,81464.87,2369.91746,1778097599999,193245510.04107190,393608,1335.01870000,108896902.97737670,0,2026-05-06 16:00:00+00:00
1778097600000,81464.86,81700.0,81000.0,81447.01,1418.81447,1778111999999,115460886.83748010,286312,654.62478000,53284643.17946070,0,2026-05-06 20:00:00+00:00
1778112000000,81447.01,81490.03,80830.23,80834.91,2068.1731,1778126399999,167618852.38283720,392967,957.64530000,77631540.67154350,0,2026-05-07 00:00:00+00:00
1778126400000,80834.92,81708.32,80725.09,81518.58,2038.83969,1778140799999,165615423.34983900,310508,1147.15803000,93198785.30694900,0,2026-05-07 04:00:00+00:00
1778140800000,81518.57,81590.0,80572.4,80866.65,2364.09693,1778155199999,191593255.96505180,327251,1121.55505000,90862445.39737100,0,2026-05-07 08:00:00+00:00
1778155200000,80866.65,81180.0,79699.52,79890.63,4826.66306,1778169599999,387835749.73350320,699919,2134.32969000,171569084.91196710,0,2026-05-07 12:00:00+00:00
1778169600000,79890.0,80269.06,79500.0,80146.11,3315.14425,1778183999999,264879682.89320340,529240,1511.33069000,120764444.75395970,0,2026-05-07 16:00:00+00:00
1778184000000,80146.77,80371.23,79582.95,80006.0,1541.88635,1778198399999,123223417.77789930,280444,753.13003000,60192457.70554050,0,2026-05-07 20:00:00+00:00
1778198400000,80006.0,80142.84,79181.48,79578.85,3093.73664,1778212799999,246521433.78207030,345140,1559.09789000,124296260.29787250,0,2026-05-08 00:00:00+00:00
1778212800000,79578.84,79778.95,79248.58,79682.4,2410.56518,1778227199999,191729371.91178390,297876,1173.28925000,93327438.53920920,0,2026-05-08 04:00:00+00:00
1778227200000,79682.4,80340.94,79666.05,80231.22,2348.19703,1778241599999,187887211.44594570,289634,1345.66317000,107664255.56504040,0,2026-05-08 08:00:00+00:00
1778241600000,80231.22,80500.0,79549.54,80142.14,3741.40163,1778255999999,299281685.95961430,697304,1965.10804000,157209109.24314120,0,2026-05-08 12:00:00+00:00
1778256000000,80142.13,80299.99,79738.75,80179.94,3047.90033,1778270399999,244074210.67311800,440133,1660.18590000,132948738.28738130,0,2026-05-08 16:00:00+00:00
1778270400000,80180.0,80409.09,80089.76,80193.17,1359.50928,1778284799999,109072131.64472960,195285,625.04229000,50154234.25981940,0,2026-05-08 20:00:00+00:00
1778284800000,80193.18,80550.67,80129.85,80383.95,1093.10948,1778299199999,87838021.13107570,169580,617.95306000,49657943.13636480,0,2026-05-09 00:00:00+00:00
1778299200000,80383.96,80666.66,80135.0,80228.89,1481.48785,1778313599999,119043207.92247850,178507,752.85493000,60505176.82168320,0,2026-05-09 04:00:00+00:00
1778313600000,80228.88,80452.44,80166.26,80345.46,1009.73824,1778327999999,81097106.50080450,117110,564.15579000,45310142.23504000,0,2026-05-09 08:00:00+00:00
1778328000000,80345.47,80600.0,80234.0,80527.92,1439.92073,1778342399999,115729842.96101170,166073,903.30046000,72601462.34495930,0,2026-05-09 12:00:00+00:00
1778342400000,80527.92,81080.0,80487.4,80938.53,1533.85565,1778356799999,123906317.93952900,227656,818.09719000,66087574.21810400,0,2026-05-09 16:00:00+00:00
1778356800000,80938.53,80938.53,80621.88,80678.4,990.30982,1778371199999,79981729.53152070,143447,376.36423000,30392241.56935390,0,2026-05-09 20:00:00+00:00
1778371200000,80678.41,80887.15,80572.77,80775.0,1332.26793,1778385599999,107502912.26538460,154990,689.25227000,55619881.18025080,0,2026-05-10 00:00:00+00:00
1778385600000,80774.99,80840.0,80658.97,80736.03,1238.41638,1778399999999,100011257.10202950,137194,640.10691000,51696171.60784210,0,2026-05-10 04:00:00+00:00
1778400000000,80736.03,80975.4,80691.0,80821.21,1108.70905,1778414399999,89613061.19343900,151511,581.73234000,47023177.29351630,0,2026-05-10 08:00:00+00:00
1778414400000,80821.21,81442.81,80784.2,81418.01,1642.67937,1778428799999,133127974.36512670,249005,887.72758000,71959813.67975760,0,2026-05-10 12:00:00+00:00
1778428800000,81418.01,81583.11,81148.0,81437.83,1798.22732,1778443199999,146333824.87734510,284670,965.68496000,78590912.86064100,0,2026-05-10 16:00:00+00:00
1778443200000,81437.83,82479.32,80279.77,82210.07,4914.01877,1778457599999,400634684.46014960,824238,2631.39254000,214615234.89312870,0,2026-05-10 20:00:00+00:00
1778457600000,82210.07,82380.0,80525.0,80736.01,3139.85094,1778471999999,255479585.05223540,614787,1459.52259000,118827670.90972380,0,2026-05-11 00:00:00+00:00
1778472000000,80736.0,81049.51,80639.99,80740.4,1595.10256,1778486399999,128881022.58659590,244189,641.60116000,51843752.67642690,0,2026-05-11 04:00:00+00:00
1778486400000,80740.4,81200.0,80621.87,81196.94,1639.3936,1778500799999,132720347.19478080,271633,819.00871000,66304472.89073490,0,2026-05-11 08:00:00+00:00
1778500800000,81196.95,81458.0,80462.97,81445.9,2668.23418,1778515199999,216243652.72897040,650159,1283.73054000,104070108.54717010,0,2026-05-11 12:00:00+00:00
1778515200000,81445.89,82137.26,81344.72,81961.99,2673.46567,1778529599999,218772682.03585540,529808,1389.84255000,113744701.07470400,0,2026-05-11 16:00:00+00:00
1778529600000,81961.99,82078.91,81596.31,81745.65,1235.71361,1778543999999,101096381.27731770,265820,538.66794000,44070213.39764400,0,2026-05-11 20:00:00+00:00
1778544000000,81745.66,81788.0,80714.28,81058.8,1860.32116,1778558399999,151124237.95031380,388045,821.96024000,66781251.97268080,0,2026-05-12 00:00:00+00:00
1778558400000,81058.79,81305.24,80800.77,80865.4,1779.90239,1778572799999,144381281.57398650,268668,828.58951000,67211412.65440770,0,2026-05-12 04:00:00+00:00
1778572800000,80865.4,80964.13,80496.57,80784.87,1973.06446,1778587199999,159362666.50829100,294919,1083.89334000,87559251.70586440,0,2026-05-12 08:00:00+00:00
1778587200000,80784.86,80999.0,80188.65,80336.01,3205.73752,1778601599999,258409868.46615380,710778,1463.66427000,118031466.36048910,0,2026-05-12 12:00:00+00:00
1778601600000,80336.01,80874.42,79843.59,80834.64,2673.67675,1778615999999,214814079.40157980,453833,1094.44510000,87970748.33188650,0,2026-05-12 16:00:00+00:00
1778616000000,80835.3,80896.25,80439.91,80504.47,893.55448,1778630399999,72088033.54035210,228894,423.65139000,34185709.06147230,0,2026-05-12 20:00:00+00:00
1778630400000,80504.47,81299.99,80412.15,81249.99,1575.91837,1778644799999,127656230.67283540,334232,866.70498000,70208217.63345080,0,2026-05-13 00:00:00+00:00
1778644800000,81249.99,81281.07,80889.12,81026.92,1495.76347,1778659199999,121245223.76307260,198694,632.58259000,51283437.53274870,0,2026-05-13 04:00:00+00:00
1778659200000,81026.92,81324.64,80494.98,80501.22,1841.28298,1778673599999,149042536.93356840,306180,882.99920000,71483330.20162460,0,2026-05-13 08:00:00+00:00
1778673600000,80501.22,80592.65,78807.22,78827.21,5073.46241,1778687999999,404393745.27611370,803873,2235.42639000,178289094.75750590,0,2026-05-13 12:00:00+00:00
1778688000000,78827.21,79800.0,78754.65,79642.41,3344.60077,1778702399999,265102268.06999800,455154,1723.29111000,136673171.00921560,0,2026-05-13 16:00:00+00:00
1778702400000,79642.41,79760.0,79228.0,79313.61,1479.02843,1778716799999,117489838.15323550,252437,820.63755000,65192745.69964940,0,2026-05-13 20:00:00+00:00
1778716800000,79313.61,79681.73,78922.0,79044.85,2209.55472,1778731199999,175540098.78128820,397326,1125.10393000,89408121.43264150,0,2026-05-14 00:00:00+00:00
1778731200000,79044.86,79998.0,78982.06,79745.98,2068.97946,1778745599999,164790849.72912720,308952,1108.34966000,88264223.88646520,0,2026-05-14 04:00:00+00:00
1778745600000,79745.99,79936.98,79234.0,79258.27,1846.46215,1778759999999,147094020.37609480,288904,897.03364000,71472284.70516700,0,2026-05-14 08:00:00+00:00
1778760000000,79258.27,81332.23,79230.31,81301.23,5702.09728,1778774399999,459033748.06255070,868440,3267.24661000,263050740.68933150,0,2026-05-14 12:00:00+00:00
1778774400000,81301.22,82048.13,81080.25,81419.74,6279.93607,1778788799999,512349082.85612970,947517,3691.95403000,301268383.93206640,0,2026-05-14 16:00:00+00:00
1778788800000,81419.75,81590.19,81059.93,81089.99,1620.83839,1778803199999,131848675.21360640,289907,660.51988000,53741705.18902270,0,2026-05-14 20:00:00+00:00
1778803200000,81090.0,81664.45,80750.0,81059.15,2453.72559,1778817599999,199331253.27596490,573517,1280.95210000,104075210.66587150,0,2026-05-15 00:00:00+00:00
1778817600000,81059.15,81100.0,80314.0,80814.88,3091.1014,1778831999999,249281204.18383940,465782,1534.67227000,123769445.49369270,0,2026-05-15 04:00:00+00:00
1778832000000,80814.88,80822.95,80369.0,80628.53,1706.25967,1778846399999,137498908.84775790,332890,878.18127000,70772521.32719850,0,2026-05-15 08:00:00+00:00
1778846400000,80628.52,80635.44,78659.0,79150.27,6208.56941,1778860799999,492850761.66704660,1113399,2889.06704000,229453769.34074110,0,2026-05-15 12:00:00+00:00
1778860800000,79150.26,79561.94,79051.0,79146.5,1959.36078,1778875199999,155332090.46241860,471899,773.95584000,61355935.28806830,0,2026-05-15 16:00:00+00:00
1778875200000,79146.5,79217.07,78911.42,79113.21,1932.25394,1778889599999,152858455.93184080,226627,976.34993000,77239151.80042380,0,2026-05-15 20:00:00+00:00
1778889600000,79113.2,79227.77,79010.0,79083.18,1248.1828,1778903999999,98782149.87817340,172892,609.33799000,48224483.15919160,0,2026-05-16 00:00:00+00:00
1778904000000,79083.19,79129.71,78066.0,78369.77,2404.82958,1778918399999,189004677.98538790,368303,1038.85332000,81649224.54380250,0,2026-05-16 04:00:00+00:00
1778918400000,78369.78,78530.52,77640.0,78081.71,3846.10003,1778932799999,300108345.86338950,465246,1504.73156000,117457162.63964100,0,2026-05-16 08:00:00+00:00
1778932800000,78080.46,78346.0,77833.4,78238.67,2684.35726,1778947199999,209458549.66761240,277288,1605.60019000,125277808.00634400,0,2026-05-16 12:00:00+00:00
1778947200000,78238.68,78364.65,78119.72,78259.66,1260.04581,1778961599999,98598246.61899460,183025,663.22865000,51904118.18192610,0,2026-05-16 16:00:00+00:00
1778961600000,78259.67,78318.94,78125.32,78148.05,689.34644,1778975999999,53938686.64529320,130907,354.55967000,27745392.90444290,0,2026-05-16 20:00:00+00:00
1778976000000,78148.05,78243.19,77721.19,78028.88,1284.92928,1778990399999,100153382.38109490,259487,538.38768000,41961231.34950720,0,2026-05-17 00:00:00+00:00
1778990400000,78028.88,78323.96,78003.35,78180.01,952.09545,1779004799999,74402882.80456990,139896,504.21659000,39404400.83217930,0,2026-05-17 04:00:00+00:00
1779004800000,78180.0,78599.99,78033.01,78415.99,1136.18338,1779019199999,89016794.93000750,208939,595.80761000,46681533.72230810,0,2026-05-17 08:00:00+00:00
1779019200000,78415.99,78550.0,77850.0,78051.41,1115.91599,1779033599999,87238754.97562370,241451,428.08159000,33469290.96487610,0,2026-05-17 12:00:00+00:00
1779033600000,78051.42,78468.46,77856.69,78415.3,837.07576,1779047999999,65398691.53956840,212443,451.50486000,35279078.19769530,0,2026-05-17 16:00:00+00:00
1779048000000,78415.29,78485.36,76735.16,77457.67,3116.50234,1779062399999,241850975.01398760,508217,1379.86937000,107063351.84215500,0,2026-05-17 20:00:00+00:00
1779062400000,77457.67,77477.99,76707.61,76924.65,2888.01155,1779076799999,222451363.25259880,682471,1459.39597000,112403145.01865090,0,2026-05-18 00:00:00+00:00
1779076800000,76924.66,77089.29,76583.33,77073.69,2702.66726,1779091199999,207940327.32724540,378018,1334.25748000,102654732.52709100,0,2026-05-18 04:00:00+00:00
1779091200000,77073.69,77403.48,76668.58,77285.83,2052.55387,1779105599999,158009262.43991410,347335,1002.22672000,77167967.94991290,0,2026-05-18 08:00:00+00:00
1779105600000,77285.83,77800.0,76051.0,76409.46,6216.09738,1779119999999,476782195.48523420,1093285,2702.88431000,207389463.18862080,0,2026-05-18 12:00:00+00:00
1779120000000,76409.46,76995.0,76144.24,76928.0,3295.85681,1779134399999,252179256.01420050,719150,1642.79671000,125690397.29718010,0,2026-05-18 16:00:00+00:00
1779134400000,76928.0,77222.79,76800.0,77001.87,1590.32991,1779148799999,122499627.37277820,309069,774.89672000,59693282.34386050,0,2026-05-18 20:00:00+00:00
1779148800000,77001.88,77414.62,76487.83,76787.11,2006.76014,1779163199999,154312071.72062430,409793,958.30837000,73715324.80635000,0,2026-05-19 00:00:00+00:00
1779163200000,76787.1,77278.57,76644.98,77233.69,1508.45954,1779177599999,116135166.59860940,312349,720.91714000,55512622.06052890,0,2026-05-19 04:00:00+00:00
1779177600000,77233.68,77317.02,76633.83,76714.62,1745.68912,1779191999999,134330028.54780660,353681,882.41092000,67910151.89090200,0,2026-05-19 08:00:00+00:00
1779192000000,76714.61,77048.72,76144.71,76521.23,3363.76947,1779206399999,257708472.14354810,686940,1721.22016000,131882062.24510770,0,2026-05-19 12:00:00+00:00
1779206400000,76521.24,77065.8,76407.72,76818.74,1634.99916,1779220799999,125582001.00743230,360896,958.73866000,73647678.68258380,0,2026-05-19 16:00:00+00:00
1779220800000,76818.73,77040.83,76642.95,76834.36,765.18235,1779235199999,58836638.28978280,191462,439.17923000,33767266.37659520,0,2026-05-19 20:00:00+00:00
1779235200000,76834.36,76922.46,76516.74,76723.54,1561.801,1779249599999,119804401.42589810,376048,655.71954000,50302964.46092220,0,2026-05-20 00:00:00+00:00
1779249600000,76723.55,77472.21,76692.0,77282.64,2218.09189,1779263999999,171138256.89110020,304596,1187.91332000,91668956.51709980,0,2026-05-20 04:00:00+00:00
1779264000000,77282.65,77663.0,77210.33,77382.49,1682.41191,1779278399999,130363005.92878530,223205,859.63062000,66616091.38605930,0,2026-05-20 08:00:00+00:00
1779278400000,77382.5,77853.04,76891.61,77455.46,3039.76807,1779292799999,235264407.06601660,771773,1516.92852000,117416046.15141350,0,2026-05-20 12:00:00+00:00
1779292800000,77455.45,77713.66,77018.38,77667.49,1712.28825,1779307199999,132639714.87526050,465144,981.71835000,76051703.66778240,0,2026-05-20 16:00:00+00:00
1779307200000,77667.49,77766.6,77226.61,77552.23,1081.90195,1779321599999,83881485.28457440,296988,404.25207000,31346238.04803240,0,2026-05-20 20:00:00+00:00
1779321600000,77552.24,78173.15,77525.0,78078.72,2263.9569,1779335999999,176450002.83957940,323259,1243.43606000,96906174.52677070,0,2026-05-21 00:00:00+00:00
1779336000000,78078.72,78180.01,77521.0,77889.01,1454.09234,1779350399999,113174708.19111530,273599,636.59470000,49549073.37588470,0,2026-05-21 04:00:00+00:00
1779350400000,77889.01,78200.0,77147.15,77189.1,1934.87402,1779364799999,150109563.93228840,398191,975.99332000,75681306.10440600,0,2026-05-21 08:00:00+00:00
1779364800000,77189.1,77402.12,76719.47,77259.46,2353.9044,1779379199999,181463283.85318000,636222,1169.83243000,90200402.07440120,0,2026-05-21 12:00:00+00:00
1779379200000,77259.45,78098.16,77008.75,77690.56,2693.31851,1779393599999,208942205.99748390,628414,1444.94401000,112090844.88202120,0,2026-05-21 16:00:00+00:00
1779393600000,77690.56,77813.35,77534.43,77615.52,618.11224,1779407999999,48028932.41410220,213461,294.20802000,22862944.17776940,0,2026-05-21 20:00:00+00:00
1779408000000,77615.52,77817.8,77327.28,77779.98,884.30161,1779422399999,68607031.55872120,262036,427.17072000,33143756.57727980,0,2026-05-22 00:00:00+00:00
1779422400000,77779.98,77900.0,77288.77,77408.06,1756.84353,1779436799999,136273565.87749400,283504,906.59324000,70335702.64321330,0,2026-05-22 04:00:00+00:00
1779436800000,77408.07,77535.0,77184.45,77428.84,1436.53453,1779451199999,111089623.56654120,267845,801.66016000,61993475.60582690,0,2026-05-22 08:00:00+00:00
1779451200000,77428.83,77584.94,76570.0,76790.59,2613.83665,1779465599999,201277486.67585660,538200,1214.33412000,93508827.95501310,0,2026-05-22 12:00:00+00:00
1779465600000,76790.6,77093.72,75668.76,75860.44,2815.05544,1779479999999,215062349.72039050,642354,1155.82446000,88356481.99798290,0,2026-05-22 16:00:00+00:00
1779480000000,75860.44,76087.85,75359.18,75539.5,1765.78958,1779494399999,133890403.51145600,376844,699.40806000,53036409.83013290,0,2026-05-22 20:00:00+00:00
1779494400000,75539.5,75664.62,75220.0,75635.22,1896.10926,1779508799999,143081863.38137340,379391,873.48877000,65916406.95457040,0,2026-05-23 00:00:00+00:00
1779508800000,75635.22,75650.63,74289.6,74609.36,2690.99014,1779523199999,201843393.98993970,291493,1110.13648000,83245553.42272170,0,2026-05-23 04:00:00+00:00
1779523200000,74609.37,74873.55,74303.56,74789.99,2509.09623,1779537599999,187368569.34013420,228680,1275.25508000,95249750.40137700,0,2026-05-23 08:00:00+00:00
1779537600000,74789.99,75726.3,74660.05,75520.0,2943.5001,1779551999999,221349476.89666040,296058,1733.63409000,130365734.35154650,0,2026-05-23 12:00:00+00:00
1779552000000,75519.99,76012.22,75371.72,75983.45,1772.27259,1779566399999,134064251.76955570,295468,978.40975000,74012454.73401060,0,2026-05-23 16:00:00+00:00
1779566400000,75983.45,77404.18,75953.94,76752.01,3274.91982,1779580799999,251289050.39615260,612446,1767.66302000,135616971.82607210,0,2026-05-23 20:00:00+00:00
1779580800000,76752.0,77011.62,76629.02,76750.0,1051.70404,1779595199999,80792933.07953450,212742,538.63284000,41381254.67904810,0,2026-05-24 00:00:00+00:00
1779595200000,76750.01,77065.94,76651.59,76799.99,817.66826,1779609599999,62814260.39793850,156102,385.23253000,29602440.45550040,0,2026-05-24 04:00:00+00:00
1779609600000,76799.99,77543.15,76734.42,77320.06,1746.24676,1779623999999,134690446.94470620,220137,1008.35064000,77772742.26460600,0,2026-05-24 08:00:00+00:00
1779624000000,77320.06,77325.72,76195.36,76371.59,1982.25663,1779638399999,151975091.48231760,328989,992.08098000,76034392.53556460,0,2026-05-24 12:00:00+00:00
1779638400000,76371.59,76799.99,76371.59,76773.34,882.04437,1779652799999,67601817.99467420,221766,522.87538000,40072988.46425080,0,2026-05-24 16:00:00+00:00
1779652800000,76773.33,77225.97,76108.0,77064.96,1918.0815,1779667199999,147050967.71214500,473233,1065.96039000,81764263.88922420,0,2026-05-24 20:00:00+00:00
1779667200000,77064.96,77485.0,76914.25,77026.67,1368.4044,1779681599999,105578637.73121580,399478,646.22050000,49867925.16303510,0,2026-05-25 00:00:00+00:00
1779681600000,77026.68,77650.0,76990.78,77401.12,1348.52945,1779695999999,104322120.67559960,271955,726.71087000,56225434.45486240,0,2026-05-25 04:00:00+00:00
1779696000000,77401.11,77699.97,77280.32,77357.5,1214.44703,1779710399999,94099984.94745140,225247,589.81288000,45695676.94095770,0,2026-05-25 08:00:00+00:00
1779710400000,77357.5,77905.52,77286.5,77628.82,1563.39696,1779724799999,121251852.84713820,336312,758.01746000,58786691.52509380,0,2026-05-25 12:00:00+00:00
1779724800000,77628.82,77807.29,77343.61,77441.86,1121.16576,1779739199999,86986025.64941080,262382,546.84700000,42423205.24643460,0,2026-05-25 16:00:00+00:00
1779739200000,77441.85,77500.0,77019.82,77322.01,1056.37837,1779753599999,81629383.14678150,283135,376.77283000,29127362.37702590,0,2026-05-25 20:00:00+00:00
1779753600000,77322.01,77345.0,76475.59,76664.01,2145.81269,1779767999999,164738004.84696790,395497,959.71538000,73663856.01049690,0,2026-05-26 00:00:00+00:00
1779768000000,76664.0,77059.74,76603.73,76730.84,2043.2043,1779782399999,156924704.35364840,323205,1101.74316000,84610330.84376100,0,2026-05-26 04:00:00+00:00
1779782400000,76730.84,77621.75,76586.94,77183.55,1896.99632,1779796799999,146246716.33127000,437344,1093.23542000,84264284.10684540,0,2026-05-26 08:00:00+00:00
1779796800000,77183.56,78080.0,76272.63,76518.1,4834.0846,1779811199999,372249541.91346070,1013990,2293.30111000,176703480.69503150,0,2026-05-26 12:00:00+00:00
1779811200000,76518.1,76710.01,75779.3,76052.0,4688.69854,1779825599999,357349325.24623730,860782,1755.65339000,133764151.34843760,0,2026-05-26 16:00:00+00:00
1779825600000,76052.0,76180.0,75677.97,75930.01,1344.67984,1779839999999,102101025.00600740,329927,663.39204000,50370041.87214270,0,2026-05-26 20:00:00+00:00
1779840000000,75930.01,76104.02,75607.62,75683.0,2404.25109,1779854399999,182437480.57988710,350806,1251.46277000,94978374.94999750,0,2026-05-27 00:00:00+00:00
1779854400000,75683.0,75980.0,75310.9,75977.17,2224.40852,1779868799999,168342969.91393340,390149,1099.61839000,83250453.33350480,0,2026-05-27 04:00:00+00:00
1779868800000,75977.16,76071.41,75710.76,75769.18,1291.66875,1779883199999,98055997.86377890,330751,715.92910000,54350559.29636850,0,2026-05-27 08:00:00+00:00
1779883200000,75769.18,76174.15,74758.33,75326.01,5186.20338,1779897599999,389924669.07202600,1041783,2155.38354000,162118758.58370000,0,2026-05-27 12:00:00+00:00
1779897600000,75326.02,75408.01,74663.45,75066.08,3165.53822,1779911999999,237469097.37167780,660988,1458.72293000,109434870.07962430,0,2026-05-27 16:00:00+00:00
1779912000000,75066.09,75415.81,74243.99,74449.3,2605.70487,1779926399999,194450048.10752110,592591,1309.70119000,97747839.10890400,0,2026-05-27 20:00:00+00:00
1779926400000,74449.31,74590.77,73060.59,73258.01,5727.94403,1779940799999,422454652.77563790,957958,3044.53531000,224565850.39811790,0,2026-05-28 00:00:00+00:00
1779940800000,73258.0,73512.14,72728.85,73498.0,4799.6102,1779955199999,350788898.97205670,613599,2398.22201000,175312520.87621260,0,2026-05-28 04:00:00+00:00
1779955200000,73498.0,73616.0,73193.13,73505.66,1994.38372,1779969599999,146414650.85752350,379544,1103.18168000,80994322.78916870,0,2026-05-28 08:00:00+00:00
1779969600000,73505.65,73580.75,72582.82,72928.73,4632.38493,1779983999999,338350899.72071730,1025017,2533.09841000,185049064.01611080,0,2026-05-28 12:00:00+00:00
1779984000000,72928.73,73749.69,72741.4,73419.32,2524.28664,1779998399999,185327073.94901450,520421,1349.89247000,99094348.57783900,0,2026-05-28 16:00:00+00:00
1779998400000,73419.31,73949.22,73241.48,73617.51,1595.41074,1780012799999,117472349.23232470,303174,856.44819000,63054435.39378420,0,2026-05-28 20:00:00+00:00
1780012800000,73617.52,73868.33,73189.11,73301.52,2123.30407,1780027199999,156251092.45919220,362421,1080.04009000,79491918.85957630,0,2026-05-29 00:00:00+00:00
1780027200000,73301.53,73939.19,73210.21,73528.56,2641.80699,1780041599999,194346867.67810970,337489,1526.35961000,112276015.20451780,0,2026-05-29 04:00:00+00:00
1780041600000,73528.55,73902.85,73341.85,73487.98,2197.79295,1780055999999,161975355.42346680,288370,1424.31866000,104978500.28968730,0,2026-05-29 08:00:00+00:00
1780056000000,73487.98,74200.0,72512.49,73808.26,4624.93207,1780070399999,338945900.86041730,955004,2485.49833000,182248226.08264480,0,2026-05-29 12:00:00+00:00
1780070400000,73808.25,74514.1,73187.25,73520.28,5596.86593,1780084799999,414173826.59814460,676951,3457.93496000,256092074.36921330,0,2026-05-29 16:00:00+00:00
1780084800000,73520.29,73844.0,73320.0,73460.78,1502.0394,1780099199999,110413449.88709640,277083,694.22047000,51035155.08439750,0,2026-05-29 20:00:00+00:00
1780099200000,73460.78,73796.43,73408.62,73524.01,1539.64276,1780113599999,113323762.94910000,194546,795.73059000,58568720.96818560,0,2026-05-30 00:00:00+00:00
1780113600000,73524.01,73709.91,73216.0,73548.6,1487.87007,1780127999999,109352098.12618650,245090,831.54040000,61142275.45782730,0,2026-05-30 04:00:00+00:00
1780128000000,73548.6,73680.75,73500.02,73602.02,1076.47863,1780142399999,79212007.50089430,121936,580.87537000,42741455.96371690,0,2026-05-30 08:00:00+00:00
1780142400000,73602.01,74100.0,73594.4,73930.14,1485.09864,1780156799999,109676214.08589250,237589,881.63375000,65105048.86419790,0,2026-05-30 12:00:00+00:00
1780156800000,73930.13,74143.76,73811.3,74016.65,836.20775,1780171199999,61866638.45890540,182606,492.35567000,36429491.92946900,0,2026-05-30 16:00:00+00:00
1780171200000,74016.64,74054.0,73781.3,73884.38,1090.11124,1780185599999,80558664.99054200,142639,535.97509000,39605080.08390960,0,2026-05-30 20:00:00+00:00
1780185600000,73884.38,74275.66,73858.56,74150.64,1099.56261,1780199999999,81450558.59258300,244533,594.46175000,44036678.37901380,0,2026-05-31 00:00:00+00:00
1780200000000,74150.64,74221.33,73836.0,73871.24,869.39106,1780214399999,64375261.50120540,149705,380.15938000,28153490.30736940,0,2026-05-31 04:00:00+00:00
1780214400000,73871.25,74024.0,73699.2,73937.79,1250.59286,1780228799999,92398964.39091150,173955,517.95475000,38273735.98121010,0,2026-05-31 08:00:00+00:00
1780228800000,73937.63,74023.99,73483.05,73655.21,1349.33176,1780243199999,99503135.83562940,253612,585.74208000,43194771.48981050,0,2026-05-31 12:00:00+00:00
1780243200000,73655.2,73734.0,73400.0,73563.42,985.40321,1780257599999,72509378.39632070,200563,504.75645000,37148031.29357260,0,2026-05-31 16:00:00+00:00
1780257600000,73563.41,74198.0,73500.0,73674.39,1432.17557,1780271999999,105670233.87254720,341069,824.39802000,60823044.63553300,0,2026-05-31 20:00:00+00:00
1780272000000,73674.39,74092.0,73222.0,73769.06,1797.97503,1780286399999,132503071.00444900,517267,858.15429000,63239300.77985940,0,2026-06-01 00:00:00+00:00
1780286400000,73769.06,73841.37,72704.0,72818.0,2313.7758,1780300799999,169351798.37912210,519944,1000.54064000,73256855.00204970,0,2026-06-01 04:00:00+00:00
1780300800000,72818.0,73095.64,72290.0,72479.99,4064.81004,1780315199999,295822836.11862430,494971,1474.91210000,107345819.21945090,0,2026-06-01 08:00:00+00:00
1780315200000,72480.0,72610.0,71066.33,71129.62,8608.45364,1780329599999,617467508.61049070,1508444,4175.91321000,299537339.36168960,0,2026-06-01 12:00:00+00:00
1780329600000,71129.62,71800.73,70686.68,71595.24,4920.23395,1780343999999,350869050.87428940,715031,2929.75660000,208974645.80847960,0,2026-06-01 16:00:00+00:00
1780344000000,71595.24,71690.0,70840.9,71408.9,2215.84338,1780358399999,157944073.69590210,482116,1161.02712000,82755211.94527820,0,2026-06-01 20:00:00+00:00
1780358400000,71408.9,71408.9,70111.0,70953.69,3525.64758,1780372799999,249850079.24951260,740992,1559.31579000,110517766.69659480,0,2026-06-02 00:00:00+00:00
1780372800000,70953.7,71048.0,69733.0,70118.42,4217.43297,1780387199999,296424153.23844710,754037,1998.90357000,140518351.89062800,0,2026-06-02 04:00:00+00:00
1780387200000,70118.42,70172.0,69324.65,69461.72,3766.33037,1780401599999,262275224.72913900,710514,1750.71972000,121890360.32807670,0,2026-06-02 08:00:00+00:00
1780401600000,69461.73,69548.13,67076.0,67304.28,9534.68154,1780415999999,651185416.47911890,1597097,4370.37942000,298518926.58175840,0,2026-06-02 12:00:00+00:00
1780416000000,67304.29,68146.3,66432.0,67315.14,5955.1383,1780430399999,401049257.91148170,1144705,2924.41178000,197135870.19507590,0,2026-06-02 16:00:00+00:00
1780430400000,67315.14,67923.24,66193.0,66760.83,5858.9651,1780444799999,392564446.37542870,1303332,3071.76122000,205861206.15359870,0,2026-06-02 20:00:00+00:00
1780444800000,66760.84,67204.15,65426.34,65849.9,5876.92165,1780459199999,390273983.92057260,1076017,2665.29964000,177241710.55236250,0,2026-06-03 00:00:00+00:00
1780459200000,65849.9,67516.0,65834.0,67220.03,5699.32885,1780473599999,381781195.60465460,994422,3264.69518000,218641622.02997000,0,2026-06-03 04:00:00+00:00
1780473600000,67220.03,67476.69,66656.48,67067.37,3840.69634,1780487999999,257706709.99166570,737079,2058.94618000,138159377.39636960,0,2026-06-03 08:00:00+00:00
1780488000000,67067.37,67244.62,66076.0,66076.01,4537.71513,1780502399999,302861716.07437450,1390646,2184.60385000,145835231.61645370,0,2026-06-03 12:00:00+00:00
1780502400000,66076.01,66373.18,65251.0,65462.0,4242.73831,1780516799999,279402457.33799470,1109866,1923.94150000,126751446.08494990,0,2026-06-03 16:00:00+00:00
1780516800000,65461.99,65860.0,64092.49,64142.75,5940.90622,1780531199999,386323918.96368170,1368328,2469.80937000,160738209.86726050,0,2026-06-03 20:00:00+00:00
1780531200000,64142.75,64540.3,61383.56,64363.49,16957.23407,1780545599999,1069265096.35938560,2410925,7116.70183000,449251348.11176220,0,2026-06-04 00:00:00+00:00
1780545600000,64363.49,64764.32,63492.89,63603.15,5000.68767,1780559999999,320591861.74564760,1036545,2391.49077000,153314641.69410880,0,2026-06-04 04:00:00+00:00
1780560000000,63603.15,63904.63,62205.0,62545.99,8595.49118,1780574399999,540467807.65211300,1698955,4182.08908000,262872611.01090280,0,2026-06-04 08:00:00+00:00
1780574400000,62546.0,64494.92,62392.0,63896.17,6185.98937,1780588799999,394325488.19609960,1831681,3185.14504000,203028201.25475300,0,2026-06-04 12:00:00+00:00
1780588800000,63896.16,64163.93,62944.91,63629.38,3723.72569,1780603199999,236942600.73557610,1155303,1937.30569000,123297848.85872690,0,2026-06-04 16:00:00+00:00
1780603200000,63629.38,63918.0,63106.04,63885.99,3114.04773,1780617599999,197756878.80056130,924567,1360.09263000,86377214.09657590,0,2026-06-04 20:00:00+00:00
1780617600000,63885.99,63978.0,62339.0,62730.0,4162.99809,1780631999999,262536010.14096020,1225987,1867.84777000,117847753.73483090,0,2026-06-05 00:00:00+00:00
1780632000000,62730.0,63688.0,61126.01,63115.99,10733.42354,1780646399999,668376397.06524080,2270535,5037.18423000,314024701.85975200,0,2026-06-05 04:00:00+00:00
1780646400000,63115.99,63259.9,61964.98,61964.99,4297.16406,1780660799999,269110992.15668040,1142388,2100.27124000,131586739.83662380,0,2026-06-05 08:00:00+00:00
1780660800000,61964.99,62457.86,60000.0,60438.01,14801.01342,1780675199999,903329435.95028030,2679839,5908.58996000,361167716.19850210,0,2026-06-05 12:00:00+00:00
1780675200000,60438.0,61547.24,59130.91,60300.24,13747.59231,1780689599999,828648361.47734000,2680737,6282.36544000,379034019.85158590,0,2026-06-05 16:00:00+00:00
1780689600000,60300.24,62000.0,59940.01,61056.47,7285.09665,1780703999999,447020553.71282630,1659370,3683.25911000,226021139.98870550,0,2026-06-05 20:00:00+00:00
1780704000000,61056.47,61530.05,60520.0,60687.04,2945.07914,1780718399999,179762223.67041870,973252,1451.16517000,88591511.44786350,0,2026-06-06 00:00:00+00:00
1780718400000,60687.05,61276.95,59500.0,61004.95,7062.57386,1780732799999,427756115.83259640,1567097,3239.58489000,196118168.12592300,0,2026-06-06 04:00:00+00:00
1780732800000,61004.95,61500.0,60198.0,60802.91,3473.55766,1780747199999,211333241.02873740,817667,1647.68117000,100298616.10281060,0,2026-06-06 08:00:00+00:00
1780747200000,60802.9,61185.26,60396.0,60784.0,2291.49519,1780761599999,139417012.27244890,717560,1174.84755000,71493870.04846270,0,2026-06-06 12:00:00+00:00
1780761600000,60784.01,60971.24,60393.96,60600.01,2446.99506,1780775999999,148359633.57654300,534622,1079.45478000,65479278.14743660,0,2026-06-06 16:00:00+00:00
1780776000000,60600.0,61000.0,60429.09,60884.62,1575.88786,1780790399999,95697732.08748910,390676,880.82565000,53499742.01859950,0,2026-06-06 20:00:00+00:00
1780790400000,60884.62,61778.33,60746.0,61701.07,2959.18911,1780804799999,181385716.20304780,709548,1574.63964000,96548566.19295620,0,2026-06-07 00:00:00+00:00
1780804800000,61701.06,62416.26,61482.46,62404.73,4903.20395,1780819199999,304023070.16938830,740026,2452.76045000,152085877.76727890,0,2026-06-07 04:00:00+00:00
1780819200000,62404.72,62960.0,62259.37,62621.96,4723.06235,1780833599999,295560305.07869090,725358,2672.40616000,167216763.40157330,0,2026-06-07 08:00:00+00:00
1780833600000,62621.97,62643.97,61577.12,62093.99,4554.1389,1780847999999,282015239.16010590,947743,1854.57725000,114842253.68038120,0,2026-06-07 12:00:00+00:00
1780848000000,62093.99,62332.0,61184.0,61328.0,2477.20723,1780862399999,153321370.34257050,627720,1038.74666000,64285345.19332710,0,2026-06-07 16:00:00+00:00
1780862400000,61327.99,64234.68,61217.17,63332.01,6995.30289,1780876799999,440345071.85990460,1002066,4563.18051000,287511911.34095870,0,2026-06-07 20:00:00+00:00
1780876800000,63332.01,63863.06,62720.86,63130.12,3315.4618,1780891199999,209776019.13931900,951227,1710.27381000,108302606.57907470,0,2026-06-08 00:00:00+00:00
1780891200000,63130.12,63350.0,62408.0,63283.99,2834.18452,1780905599999,178355729.15518660,746526,1346.51738000,84761449.33682610,0,2026-06-08 04:00:00+00:00
1780905600000,63284.0,63873.08,62992.01,63479.61,3752.47446,1780919999999,237868671.21123630,730155,1930.39841000,122412778.05037920,0,2026-06-08 08:00:00+00:00
1780920000000,63479.62,64200.0,62718.3,63774.48,8126.80733,1780934399999,517711748.36861280,1316931,3947.53832000,251641984.08899850,0,2026-06-08 12:00:00+00:00
1780934400000,63774.48,64046.86,63268.01,63372.01,2713.14128,1780948799999,172421648.33455900,623074,1359.44546000,86382265.18081430,0,2026-06-08 16:00:00+00:00
1780948800000,63372.01,63850.0,62978.66,63085.99,2311.31685,1780963199999,146429470.54230660,519651,933.82268000,59183418.82928960,0,2026-06-08 20:00:00+00:00
1780963200000,63086.0,63184.0,62423.07,62875.17,3759.28744,1780977599999,235865848.15286490,700766,2007.90860000,125976239.59257060,0,2026-06-09 00:00:00+00:00
1780977600000,62875.18,63526.01,62748.0,63198.44,3708.0084,1780991999999,234535665.07258450,551428,1791.43736000,113284583.47373530,0,2026-06-09 04:00:00+00:00
1780992000000,63198.44,63208.86,62498.75,62711.12,2528.63515,1781006399999,158742223.00363420,465050,1086.62702000,68204795.27997720,0,2026-06-09 08:00:00+00:00
1781006400000,62711.12,62895.18,61037.0,61131.84,6183.44756,1781020799999,382417752.56531600,1260536,2794.09819000,172763302.68557480,0,2026-06-09 12:00:00+00:00
1781020800000,61131.85,62103.39,60780.0,62098.09,4007.5249,1781035199999,246053601.54578860,963025,2016.61694000,123921642.29347080,0,2026-06-09 16:00:00+00:00
1781035200000,62098.09,62272.0,61556.0,61730.0,1449.31614,1781049599999,89706958.82215220,406527,660.54833000,40886776.22029810,0,2026-06-09 20:00:00+00:00
1781049600000,61730.0,61974.7,61235.29,61549.64,1721.50899,1781063999999,106045624.83727210,592207,745.74000000,45945104.82658570,0,2026-06-10 00:00:00+00:00
1781064000000,61549.64,61813.34,61080.0,61687.56,2220.41887,1781078399999,136484341.63129860,480520,1089.94681000,66999691.98910420,0,2026-06-10 04:00:00+00:00
1781078400000,61687.56,61736.0,60755.0,61034.04,2813.24386,1781092799999,172223607.15722540,735601,1170.91312000,71697976.04437590,0,2026-06-10 08:00:00+00:00
1781092800000,61034.04,62857.99,60960.0,62639.23,4783.79909,1781107199999,296352226.00965250,1335269,2510.37559000,155463427.63408090,0,2026-06-10 12:00:00+00:00
1781107200000,62639.23,62646.0,61588.8,61942.44,2675.36915,1781121599999,165886486.15416750,900048,1356.70956000,84103739.42668090,0,2026-06-10 16:00:00+00:00
1781121600000,61942.45,61949.21,61104.24,61510.99,1784.37656,1781135999999,109718597.79975860,612041,840.90983000,51698715.52144990,0,2026-06-10 20:00:00+00:00
1781136000000,61510.99,62848.0,61510.99,62689.48,2852.15258,1781150399999,177317145.79101080,609797,1708.81157000,106243021.13117430,0,2026-06-11 00:00:00+00:00
1781150400000,62689.47,62997.53,62544.89,62719.39,2483.01428,1781164799999,155847166.21589400,451403,1031.01125000,64708611.64813750,0,2026-06-11 04:00:00+00:00
1781164800000,62719.39,63257.21,62719.38,63108.0,2178.0981,1781179199999,137213592.42858580,382423,1278.05381000,80526059.05117760,0,2026-06-11 08:00:00+00:00
1781179200000,63108.01,63239.43,62500.0,62749.44,4338.30998,1781193599999,272726925.34094830,910921,1945.11729000,122300894.62464170,0,2026-06-11 12:00:00+00:00
1781193600000,62749.44,63933.02,62348.0,63605.68,4125.82489,1781207999999,260979936.07070470,792771,2248.65982000,142264329.73577220,0,2026-06-11 16:00:00+00:00
1781208000000,63605.69,63700.0,63270.0,63625.99,1403.54659,1781222399999,89127100.58674160,299488,763.83992000,48516132.36771980,0,2026-06-11 20:00:00+00:00
1781222400000,63626.0,63810.01,63301.53,63524.82,2654.11007,1781236799999,168727450.09471120,351019,1643.11525000,104477137.86695140,0,2026-06-12 00:00:00+00:00
1781236800000,63524.81,63863.98,62829.81,63100.8,3225.69245,1781251199999,204092793.54502150,438376,1619.65285000,102492062.51619640,0,2026-06-12 04:00:00+00:00
1781251200000,63100.8,63953.84,63100.8,63766.01,2378.6864,1781265599999,151435133.19776280,452201,1097.36398000,69841008.35911810,0,2026-06-12 08:00:00+00:00
1781265600000,63766.01,64394.44,63045.29,63593.02,4102.13697,1781279999999,261375415.29255940,1024713,2047.41186000,130485792.49771130,0,2026-06-12 12:00:00+00:00
1781280000000,63593.02,64111.1,63510.16,63589.27,2256.79665,1781294399999,144000810.87940160,593615,1039.75557000,66353711.96274090,0,2026-06-12 16:00:00+00:00
1781294400000,63589.28,63696.41,63400.0,63580.01,1779.62986,1781308799999,113029909.67014740,294128,926.57282000,58848683.42444180,0,2026-06-12 20:00:00+00:00
1781308800000,63580.0,63840.0,63418.66,63532.0,1807.91855,1781323199999,115050572.25443770,236410,940.63063000,59874931.46730910,0,2026-06-13 00:00:00+00:00
1781323200000,63532.0,63883.47,63484.0,63846.0,1539.29828,1781337599999,97970733.69890430,219856,856.28804000,54506786.43154250,0,2026-06-13 04:00:00+00:00
1781337600000,63845.99,63984.53,63726.57,63971.28,1197.2171,1781351999999,76452837.30253910,200969,646.98109000,41319334.94569010,0,2026-06-13 08:00:00+00:00
1781352000000,63971.28,64350.0,63921.33,64296.15,2169.16248,1781366399999,139129588.59886400,290447,1227.56477000,78727122.01878410,0,2026-06-13 12:00:00+00:00
1781366400000,64296.15,64333.62,63920.05,64296.59,1609.94419,1781380799999,103193467.75756610,294404,743.54070000,47672898.11066040,0,2026-06-13 16:00:00+00:00
1781380800000,64296.59,64762.77,64226.38,64458.01,1637.20103,1781395199999,105504850.87448210,246923,911.34395000,58732329.17571370,0,2026-06-13 20:00:00+00:00
1781395200000,64458.01,64710.0,64380.7,64545.3,1832.15643,1781409599999,118257180.28782210,214748,1009.34031000,65142146.39408280,0,2026-06-14 00:00:00+00:00
1781409600000,64545.3,64563.48,64214.0,64429.39,1779.79489,1781423999999,114525085.74392940,195396,732.55942000,47144005.90816830,0,2026-06-14 04:00:00+00:00
1781424000000,64429.39,64664.0,64321.18,64546.0,842.29439,1781438399999,54340916.32888930,165992,429.13661000,27692881.24796570,0,2026-06-14 08:00:00+00:00
1781438400000,64546.01,64560.66,63866.66,64025.07,1790.92239,1781452799999,114931524.12649690,315826,832.53930000,53429481.32377660,0,2026-06-14 12:00:00+00:00
1781452800000,64025.06,64208.92,63678.83,63802.0,1240.64937,1781467199999,79253327.66414940,248701,436.49793000,27887188.67697830,0,2026-06-14 16:00:00+00:00
1781467200000,63801.99,65800.0,63794.09,65746.45,5717.21628,1781481599999,372346505.11254310,920238,3525.97245000,229547976.76977100,0,2026-06-14 20:00:00+00:00
1781481600000,65746.45,65995.0,65354.0,65927.1,3254.30382,1781495999999,213639448.29336720,532026,1515.41478000,99520422.79589640,0,2026-06-15 00:00:00+00:00
1781496000000,65927.11,66000.0,65611.01,65674.76,1981.09056,1781510399999,130283728.84419160,313310,965.90436000,63517717.98137590,0,2026-06-15 04:00:00+00:00
1781510400000,65674.76,66385.12,65512.0,66233.9,2545.824,1781524799999,167896880.89761390,444412,1229.46300000,81063878.23228640,0,2026-06-15 08:00:00+00:00
1781524800000,66233.89,67292.15,66106.0,67292.14,5314.33714,1781539199999,354187932.47113060,752142,2795.87895000,186392204.31864110,0,2026-06-15 12:00:00+00:00
1781539200000,67292.15,67292.15,66348.0,66614.35,3808.29082,1781553599999,254771827.06370170,642459,1581.91921000,105823381.38614310,0,2026-06-15 16:00:00+00:00
1781553600000,66615.98,66681.3,66076.56,66328.74,1655.95468,1781567999999,109895422.96796910,456145,738.74373000,49035217.23498400,0,2026-06-15 20:00:00+00:00
1781568000000,66328.74,66463.26,65650.0,66165.21,2681.099,1781582399999,177184246.92197230,433781,1225.11725000,80953747.56491920,0,2026-06-16 00:00:00+00:00
1781582400000,66165.21,66572.99,65802.0,66372.0,2376.27499,1781596799999,157212192.84268360,358612,1312.88168000,86877824.54837540,0,2026-06-16 04:00:00+00:00
1781596800000,66372.0,66992.0,66345.06,66481.73,2144.18658,1781611199999,142798141.39585390,478161,1081.33227000,72021296.89303560,0,2026-06-16 08:00:00+00:00
1781611200000,66481.73,66818.0,65360.92,65859.76,4190.74899,1781625599999,276467865.75720300,946351,1662.97689000,109728200.78725850,0,2026-06-16 12:00:00+00:00
1781625600000,65859.76,66248.69,65560.0,65675.88,1862.21148,1781639999999,122574589.55071080,487569,915.65995000,60290810.25994400,0,2026-06-16 16:00:00+00:00
1781640000000,65675.89,65938.0,65592.0,65675.01,1047.53697,1781654399999,68888147.78341700,260155,511.63315000,33647374.43982790,0,2026-06-16 20:00:00+00:00
1781654400000,65675.02,66200.0,65477.5,65851.99,2420.24,1781668799999,159334427.21572050,383821,1258.29437000,82851324.41367820,0,2026-06-17 00:00:00+00:00
1781668800000,65852.0,66048.19,65251.0,65539.5,2085.47507,1781683199999,137031246.92618600,304083,938.09887000,61659925.78085380,0,2026-06-17 04:00:00+00:00
1781683200000,65539.51,65574.0,64565.0,64810.01,3091.21134,1781697599999,200746666.53014450,484154,1460.08236000,94800434.28330880,0,2026-06-17 08:00:00+00:00
1781697600000,64810.01,65855.66,64590.53,65752.0,3491.08992,1781711999999,227701989.19458180,786310,1876.84440000,122432079.02357440,0,2026-06-17 12:00:00+00:00
1781712000000,65751.99,66445.93,63998.35,64301.85,6215.6405,1781726399999,405874457.80352170,1426872,2941.72107000,192146847.25980130,0,2026-06-17 16:00:00+00:00
1781726400000,64301.85,64529.2,63915.77,64509.4,1744.99726,1781740799999,112209760.41208080,547883,869.26701000,55904981.97530090,0,2026-06-17 20:00:00+00:00
1781740800000,64509.4,64806.0,64267.86,64282.82,1652.26355,1781755199999,106673009.78248650,391675,873.60740000,56402475.93649250,0,2026-06-18 00:00:00+00:00
1781755200000,64282.82,64510.5,63696.29,64510.44,2721.52451,1781769599999,174258357.14914940,514280,1285.11966000,82306529.07808380,0,2026-06-18 04:00:00+00:00
1781769600000,64510.45,64646.75,63878.14,63974.4,1838.10092,1781783999999,118105000.91172210,390224,705.83539000,45338841.44912630,0,2026-06-18 08:00:00+00:00
1781784000000,63974.4,64445.19,62293.76,62369.44,5194.48784,1781798399999,329845328.84906200,1121258,2406.17033000,152963452.15349250,0,2026-06-18 12:00:00+00:00
1781798400000,62369.43,63008.33,62272.07,62950.79,3580.0956,1781812799999,224360442.91637940,780414,1874.57102000,117481760.53881160,0,2026-06-18 16:00:00+00:00
1781812800000,62950.79,63274.19,62742.0,62958.01,1949.12419,1781827199999,122773241.58360950,376080,1003.35872000,63200521.90680410,0,2026-06-18 20:00:00+00:00
1781827200000,62958.01,63110.29,62386.9,62773.51,2468.91953,1781841599999,155247582.75743970,396596,1110.50714000,69854443.39597080,0,2026-06-19 00:00:00+00:00
1781841600000,62773.52,62917.32,62409.55,62629.99,1641.95094,1781855999999,102889549.55782390,403487,895.08825000,56087419.36560170,0,2026-06-19 04:00:00+00:00
1781856000000,62630.0,62782.0,62316.44,62626.0,3116.66446,1781870399999,194868847.01536480,423552,1394.84294000,87205330.18314140,0,2026-06-19 08:00:00+00:00
1781870400000,62626.0,63419.27,62353.0,63214.01,2901.51359,1781884799999,182844281.08936350,678126,1443.70693000,90946223.98322450,0,2026-06-19 12:00:00+00:00
1781884800000,63214.01,63387.8,62866.99,63021.6,2487.59549,1781899199999,157065336.32827530,485506,1118.43800000,70636025.60530240,0,2026-06-19 16:00:00+00:00
1781899200000,63021.6,63666.0,62958.59,63543.91,1630.77999,1781913599999,103187356.02705020,284651,746.62638000,47252085.74065590,0,2026-06-19 20:00:00+00:00
1781913600000,63543.9,63777.0,63320.14,63476.79,1616.55782,1781927999999,102658991.73585430,312607,778.74616000,49457674.22906670,0,2026-06-20 00:00:00+00:00
1781928000000,63476.79,63907.07,63402.0,63655.21,1346.24836,1781942399999,85743670.80484520,267883,704.27436000,44861152.03721680,0,2026-06-20 04:00:00+00:00
1781942400000,63655.21,63798.76,63392.41,63688.0,1481.37623,1781956799999,94207746.81368050,230181,682.35840000,43398238.91727320,0,2026-06-20 08:00:00+00:00
1781956800000,63688.0,64388.0,63184.21,64160.04,2723.36068,1781971199999,173712718.25309850,540585,1444.96909000,92227634.48693950,0,2026-06-20 12:00:00+00:00
1781971200000,64160.04,64167.26,63730.21,63936.0,1179.02142,1781985599999,75371411.36499620,354415,539.82135000,34513012.84966070,0,2026-06-20 16:00:00+00:00
1781985600000,63935.99,64350.0,63853.31,64298.01,1175.53873,1781999999999,75382672.78326760,264410,519.68943000,33338987.09207600,0,2026-06-20 20:00:00+00:00
1782000000000,64298.01,64472.99,64206.17,64426.0,1550.54505,1782014399999,99682480.48655690,207280,720.29969000,46321100.11114810,0,2026-06-21 00:00:00+00:00
1782014400000,64426.0,64588.0,64173.08,64191.07,991.47913,1782028799999,63777133.92919670,192899,473.11094000,30442364.02499400,0,2026-06-21 04:00:00+00:00
1782028800000,64191.06,64483.95,63900.17,64176.0,1273.61935,1782043199999,81766315.41055570,278849,626.37718000,40229066.49814720,0,2026-06-21 08:00:00+00:00
1782043200000,64176.0,64355.88,63952.0,64224.0,1101.09932,1782057599999,70627900.60740130,261322,575.16175000,36897153.03602380,0,2026-06-21 12:00:00+00:00
1782057600000,64224.0,64298.84,63933.47,64207.12,902.04873,1782071999999,57873813.43714360,250295,464.74284000,29817767.74628360,0,2026-06-21 16:00:00+00:00
1782072000000,64207.13,64271.21,63270.0,63311.99,2215.87175,1782086399999,141134531.86535810,577649,973.44142000,61995458.00363890,0,2026-06-21 20:00:00+00:00
1782086400000,63312.0,64823.52,63312.0,63974.01,3208.60773,1782100799999,206085227.83142430,769958,1703.21570000,109367651.12278260,0,2026-06-22 00:00:00+00:00
1782100800000,63974.01,64397.57,63868.41,64211.19,2188.39984,1782115199999,140435032.80519940,384238,1126.29106000,72285434.13425360,0,2026-06-22 04:00:00+00:00
1782115200000,64211.2,64768.46,64044.0,64657.22,1871.87312,1782129599999,120460631.47686000,445403,990.76166000,63769902.27911120,0,2026-06-22 08:00:00+00:00
1782129600000,64657.22,65622.83,64579.08,64836.95,4214.1224,1782143999999,274338559.65866990,943073,2231.38119000,145271416.91665240,0,2026-06-22 12:00:00+00:00
1782144000000,64836.95,64862.0,64276.0,64472.0,2332.89568,1782158399999,150577681.12548810,552327,854.54358000,55174978.88530100,0,2026-06-22 16:00:00+00:00
1782158400000,64472.51,64659.43,63804.59,64020.01,1607.20974,1782172799999,103137424.25870420,426338,771.33966000,49485311.40443920,0,2026-06-22 20:00:00+00:00
1782172800000,64020.01,64275.38,63828.93,64065.35,1775.89841,1782187199999,113810463.25773200,412000,963.90539000,61769670.54533100,0,2026-06-23 00:00:00+00:00
1782187200000,64065.34,64095.55,62568.9,62886.03,3954.74479,1782201599999,249769578.91629910,654352,1656.75324000,104543838.57986330,0,2026-06-23 04:00:00+00:00
1782201600000,62886.04,62945.08,61938.0,62507.06,6446.41259,1782215999999,402018362.60938370,664184,2442.32630000,152289432.28771970,0,2026-06-23 08:00:00+00:00
1782216000000,62507.05,62855.98,61960.0,62487.79,4100.47989,1782230399999,255890735.68137110,946398,1894.29980000,118224527.72818900,0,2026-06-23 12:00:00+00:00
1782230400000,62487.79,62846.0,62104.7,62388.49,2461.76341,1782244799999,153768837.40808250,580044,1214.83572000,75920236.63677490,0,2026-06-23 16:00:00+00:00
1782244800000,62388.49,62799.99,62380.25,62734.57,1483.69383,1782259199999,92835243.37736500,369212,941.14695000,58885922.98105900,0,2026-06-23 20:00:00+00:00
1782259200000,62734.57,63119.45,62461.87,62729.78,2762.4008,1782273599999,173503244.61735420,524761,1384.95763000,86999525.15634200,0,2026-06-24 00:00:00+00:00
1782273600000,62729.78,63073.44,62525.49,62657.99,1825.36336,1782287999999,114538754.17845940,343629,869.10988000,54539391.28578580,0,2026-06-24 04:00:00+00:00
1782288000000,62658.0,63239.06,62318.88,62921.19,2314.92971,1782302399999,145076269.78895900,470650,1277.25413000,80045126.24807020,0,2026-06-24 08:00:00+00:00
1782302400000,62921.19,62973.2,60249.82,60250.0,9369.88622,1782316799999,573692749.76452450,1507424,4243.54084000,259684789.62194120,0,2026-06-24 12:00:00+00:00
1782316800000,60250.0,60678.1,59102.7,59958.3,10843.6224,1782331199999,648464612.98165350,1716720,4874.63052000,291609263.21429200,0,2026-06-24 16:00:00+00:00
1782331200000,59958.3,61276.0,59854.0,61077.99,3562.08294,1782345599999,216610182.97694420,804347,1801.96140000,109535995.03595330,0,2026-06-24 20:00:00+00:00
1782345600000,61078.0,61163.16,60684.94,60883.65,2441.96666,1782359999999,148617037.71762240,488365,1286.89158000,78325445.13785370,0,2026-06-25 00:00:00+00:00
1782360000000,60883.66,61962.4,60792.0,61911.04,3236.44626,1782374399999,199336748.64757960,585612,1792.57753000,110375492.28432150,0,2026-06-25 04:00:00+00:00
1782374400000,61911.03,61920.0,61066.0,61282.01,1957.14848,1782388799999,120376027.91725560,397068,927.34829000,57042676.00598120,0,2026-06-25 08:00:00+00:00
1782388800000,61282.0,61761.35,58115.01,59557.99,15979.29296,1782403199999,950943210.77604520,2405299,7129.72909000,424485511.14668750,0,2026-06-25 12:00:00+00:00
1782403200000,59557.99,60067.0,59139.96,59320.0,4724.02547,1782417599999,281118401.70403740,1200956,2194.78081000,130645915.73429400,0,2026-06-25 16:00:00+00:00
1782417600000,59319.99,60273.81,59319.99,59794.0,2047.12711,1782431999999,122462673.30754640,605975,1074.82622000,64294957.46551780,0,2026-06-25 20:00:00+00:00
1782432000000,59794.64,60131.37,58337.0,60036.01,6229.08405,1782446399999,368451215.44569130,1223525,3012.64330000,178291906.33004060,0,2026-06-26 00:00:00+00:00
1782446400000,60036.0,60759.99,59702.0,60532.0,5385.16495,1782460799999,324265183.37085530,866194,3141.58261000,189231485.22033970,0,2026-06-26 04:00:00+00:00
1782460800000,60532.0,60580.0,59239.78,59413.24,3735.38397,1782475199999,223309628.59902110,807589,1468.82916000,87916105.66468370,0,2026-06-26 08:00:00+00:00
1782475200000,59413.24,60500.0,58500.1,60328.32,7768.84215,1782489599999,462960390.88879110,1875169,3865.04614000,230602793.91981410,0,2026-06-26 12:00:00+00:00
1782489600000,60328.18,60583.0,59556.0,59751.97,2887.79333,1782503999999,173431799.05394210,854765,1600.44625000,96156571.48208310,0,2026-06-26 16:00:00+00:00
1782504000000,59751.96,60117.64,59571.31,60097.27,1397.28878,1782518399999,83683841.01951140,391892,818.94291000,49054098.38382150,0,2026-06-26 20:00:00+00:00
1782518400000,60097.27,60412.0,59876.22,60305.73,1740.1281,1782532799999,104716833.03028220,306723,1091.61467000,65710216.37867980,0,2026-06-27 00:00:00+00:00
1782532800000,60305.73,60574.0,60093.33,60548.07,2155.72828,1782547199999,130094666.55314380,266760,1098.21029000,66267447.11795730,0,2026-06-27 04:00:00+00:00
1782547200000,60548.06,60548.74,60198.94,60363.65,1191.76765,1782561599999,71997666.25199050,219343,611.22112000,36930645.55304780,0,2026-06-27 08:00:00+00:00
1782561600000,60363.65,60941.17,60257.03,60840.06,1696.07546,1782575999999,102775288.16719890,334232,917.74311000,55614703.49498980,0,2026-06-27 12:00:00+00:00
1782576000000,60840.06,60855.03,60085.88,60175.95,1431.99252,1782590399999,86663415.56999260,332446,683.31136000,41363072.97351300,0,2026-06-27 16:00:00+00:00
1782590400000,60175.95,60482.18,59855.16,60029.0,1371.53715,1782604799999,82517393.49723760,303912,665.82595000,40065104.74051100,0,2026-06-27 20:00:00+00:00
1782604800000,60029.01,60339.99,59986.0,60197.04,1389.16748,1782619199999,83574227.86309280,209442,708.98469000,42655954.64229670,0,2026-06-28 00:00:00+00:00
1782619200000,60197.03,60259.68,59753.48,60219.99,1116.37628,1782633599999,67045001.28514380,239579,563.41852000,33843162.81460070,0,2026-06-28 04:00:00+00:00
1782633600000,60220.0,60545.01,60068.0,60342.0,1120.25594,1782647999999,67538204.82020220,274458,589.84647000,35567519.79889950,0,2026-06-28 08:00:00+00:00
1782648000000,60341.99,60457.02,59817.28,59890.0,1367.98594,1782662399999,82205664.86249690,386310,635.15572000,38171445.38378410,0,2026-06-28 12:00:00+00:00
1782662400000,59890.35,59943.9,59270.26,59481.79,1660.7754,1782676799999,99019017.18468340,496013,757.82732000,45185510.24521680,0,2026-06-28 16:00:00+00:00
1782676800000,59481.78,59906.0,58905.0,59577.01,2252.57692,1782691199999,133951104.79549760,693430,1035.41316000,61618297.47578030,0,2026-06-28 20:00:00+00:00
1782691200000,59577.01,60233.0,58900.01,60049.46,3201.11997,1782705599999,190794022.12911620,914573,1677.02307000,99994738.25472090,0,2026-06-29 00:00:00+00:00
1782705600000,60049.45,60346.27,59392.02,60026.0,2078.32745,1782719999999,124665585.65469050,563206,956.56694000,57379510.09452500,0,2026-06-29 04:00:00+00:00
1782720000000,60026.01,60311.95,59745.46,59956.05,2255.33546,1782734399999,135305799.50976790,567816,1116.35097000,66967190.76589330,0,2026-06-29 08:00:00+00:00
1782734400000,59956.05,60780.57,59011.0,59824.01,8111.4911,1782748799999,485006009.96532780,1726719,4085.86423000,244518323.69002060,0,2026-06-29 12:00:00+00:00
1782748800000,59824.01,60683.84,59584.48,60433.49,3485.29528,1782763199999,210169563.98276850,776645,1968.79340000,118756487.93590720,0,2026-06-29 16:00:00+00:00
1782763200000,60433.5,60585.99,60194.01,60260.21,1071.57252,1782777599999,64707256.50234460,335377,529.56366000,31978997.78445990,0,2026-06-29 20:00:00+00:00
1782777600000,60260.2,60276.54,59600.0,59627.48,1857.16279,1782791999999,111291269.74583370,457317,860.70745000,51580432.43343800,0,2026-06-30 00:00:00+00:00
1782792000000,59627.47,59712.88,59360.0,59524.01,3053.94506,1782806399999,181807255.24247070,433814,1293.10665000,76973761.62250070,0,2026-06-30 04:00:00+00:00
1782806400000,59524.01,59551.03,59123.01,59192.7,2089.47276,1782820799999,123956238.48605550,442051,915.25731000,54296713.48806120,0,2026-06-30 08:00:00+00:00
1782820800000,59192.71,59276.6,58201.0,58381.99,7891.0473,1782835199999,462843047.90289730,1410708,3712.69567000,217772049.05566780,0,2026-06-30 12:00:00+00:00
1782835200000,58382.0,58839.16,58241.79,58818.05,3095.15267,1782849599999,181042106.22829020,688268,1346.86925000,78800620.32786830,0,2026-06-30 16:00:00+00:00
1782849600000,58818.0,58874.99,58509.99,58624.71,1653.04729,1782863999999,96971273.88380910,372651,750.91493000,44048118.20403840,0,2026-06-30 20:00:00+00:00
1782864000000,58624.71,59318.0,57800.19,59197.13,5065.96033,1782878399999,296449825.48587430,842383,2345.61664000,137543085.60454570,0,2026-07-01 00:00:00+00:00
1782878400000,59197.12,59457.0,58534.31,58768.65,2186.41376,1782892799999,128931387.76297330,462534,946.93259000,55797737.48927000,0,2026-07-01 04:00:00+00:00
1782892800000,58768.64,59091.99,58500.0,58622.03,1602.12145,1782907199999,94143646.57869300,390029,760.65160000,44704874.81782070,0,2026-07-01 08:00:00+00:00
1782907200000,58622.02,60536.55,58326.0,60147.15,10086.67787,1782921599999,599670098.40168310,1248868,5705.47011000,339653543.43983320,0,2026-07-01 12:00:00+00:00
1782921600000,60147.15,60352.93,59787.35,60028.67,2234.35255,1782935999999,134325160.22906320,514984,1150.07969000,69147147.16599780,0,2026-07-01 16:00:00+00:00
1782936000000,60029.39,61334.0,59876.0,60024.0,3917.92066,1782950399999,237531188.36066430,708051,2027.36232000,122941627.01301390,0,2026-07-01 20:00:00+00:00
1782950400000,60024.0,61121.78,59588.0,61058.0,2904.94504,1782964799999,174900587.69365310,589740,1719.14764000,103516669.61459100,0,2026-07-02 00:00:00+00:00
1782964800000,61057.99,61058.0,60104.0,60149.99,3061.89549,1782979199999,185461950.68928430,537384,1325.19091000,80257115.65595070,0,2026-07-02 04:00:00+00:00
1782979200000,60149.99,61437.49,60132.51,61358.01,4003.42248,1782993599999,244260108.39932820,672992,2265.81789000,138212514.52213600,0,2026-07-02 08:00:00+00:00
1782993600000,61358.0,62200.0,61147.23,61612.93,6769.2125,1783007999999,417696158.55321840,1187043,3478.53717000,214700180.30405500,0,2026-07-02 12:00:00+00:00
1783008000000,61612.93,61962.43,61108.99,61479.6,3294.70341,1783022399999,202946737.91866300,616388,1888.43550000,116335627.37488950,0,2026-07-02 16:00:00+00:00
1783022400000,61479.59,61653.43,61342.0,61560.0,1347.96271,1783036799999,82891026.46594490,279549,717.72606000,44132334.17802880,0,2026-07-02 20:00:00+00:00
1783036800000,61560.0,61733.11,61248.86,61434.0,2479.18215,1783051199999,152311294.51468920,481811,1143.57615000,70266115.95923060,0,2026-07-03 00:00:00+00:00
1783051200000,61434.0,61864.99,61332.76,61750.47,3163.90756,1783065599999,195132227.25322000,365987,1483.19684000,91477495.85160600,0,2026-07-03 04:00:00+00:00
1783065600000,61750.47,62103.1,61510.01,62024.02,1709.37837,1783079999999,105713069.78691620,431910,911.51174000,56373261.74752030,0,2026-07-03 08:00:00+00:00
1783080000000,62024.01,62400.0,61700.0,61922.72,2814.47654,1783094399999,174600154.20578740,547843,1576.64099000,97819769.92501110,0,2026-07-03 12:00:00+00:00
1783094400000,61922.71,62317.64,61911.65,62210.0,1297.39519,1783108799999,80657192.04064370,299066,738.50194000,45920762.93010960,0,2026-07-03 16:00:00+00:00
1783108800000,62210.0,62979.86,62186.01,62583.26,2584.64646,1783123199999,161945993.78202840,444914,1396.55917000,87499185.66598220,0,2026-07-03 20:00:00+00:00
1783123200000,62583.26,62946.0,62404.25,62627.29,1753.66085,1783137599999,109798769.84953360,333809,746.93706000,46770767.30883710,0,2026-07-04 00:00:00+00:00
1783137600000,62627.28,62749.97,62328.24,62576.0,1478.55581,1783151999999,92487650.19059300,218521,752.38454000,47066716.87744380,0,2026-07-04 04:00:00+00:00
1783152000000,62576.0,62674.47,62415.87,62482.01,1079.64345,1783166399999,67502292.53147130,170507,546.35331000,34162775.17591710,0,2026-07-04 08:00:00+00:00
1783166400000,62482.0,63075.46,62482.0,62943.29,1355.98937,1783180799999,85126276.00392900,303280,750.70920000,47140055.23015730,0,2026-07-04 12:00:00+00:00
1783180800000,62943.29,63461.99,62786.0,63294.72,1874.87989,1783195199999,118354896.31970120,364574,1042.61936000,65809648.40969470,0,2026-07-04 16:00:00+00:00
1783195200000,63294.72,63448.0,62927.98,63144.01,1597.09803,1783209599999,100963961.18737700,252597,914.53250000,57806954.62400280,0,2026-07-04 20:00:00+00:00
1783209600000,63144.01,63144.01,62596.08,62769.04,1315.64704,1783223999999,82720257.83810700,291527,565.73586000,35567419.61982540,0,2026-07-05 00:00:00+00:00
1783224000000,62769.03,63059.99,62659.65,63020.21,1264.39586,1783238399999,79413824.07037470,215421,660.87175000,41512250.18031250,0,2026-07-05 04:00:00+00:00
1783238400000,63020.21,63104.0,62436.59,62658.92,1351.262,1783252799999,84811470.41411260,253294,572.28628000,35916011.35475640,0,2026-07-05 08:00:00+00:00
1783252800000,62658.92,62943.59,62569.37,62740.01,1095.17438,1783267199999,68699977.76884530,239745,542.34685000,34023641.20650230,0,2026-07-05 12:00:00+00:00
1783267200000,62740.01,62888.14,62590.02,62768.88,1289.13194,1783281599999,80851366.98149160,240237,640.93296000,40194435.59144950,0,2026-07-05 16:00:00+00:00
1783281600000,62768.87,63999.0,62609.47,63650.0,2856.46636,1783295999999,181369547.53451280,549959,1583.76271000,100558533.76854650,0,2026-07-05 20:00:00+00:00
1783296000000,63650.01,63920.0,63136.01,63294.0,2106.27228,1783310399999,133811858.23787650,503644,975.29003000,61967431.09156980,0,2026-07-06 00:00:00+00:00
1783310400000,63294.0,63402.77,62890.0,63089.42,2133.18277,1783324799999,134594693.44501950,364295,955.88054000,60312300.49195670,0,2026-07-06 04:00:00+00:00
1783324800000,63089.42,63244.0,62483.83,62483.84,2033.95739,1783339199999,127797556.03293060,346341,883.59821000,55539929.43962270,0,2026-07-06 08:00:00+00:00
1783339200000,62483.84,63550.0,61306.84,63545.98,9407.7266,1783353599999,583941662.21741000,1372664,5817.11599000,361050904.76452760,0,2026-07-06 12:00:00+00:00
1783353600000,63545.98,63976.16,63386.01,63738.52,3288.31371,1783367999999,209461474.11493870,695266,1680.74984000,107070497.40516550,0,2026-07-06 16:00:00+00:00
1783368000000,63738.52,64700.0,63589.41,64042.02,2465.83162,1783382399999,158348802.35505160,495685,1243.91731000,79858997.69571960,0,2026-07-06 20:00:00+00:00
1783382400000,64042.93,64314.0,63150.0,63191.01,2149.22919,1783396799999,137056167.02302490,490629,965.68915000,61610357.32086860,0,2026-07-07 00:00:00+00:00
1783396800000,63191.01,63445.7,62800.0,63083.18,2868.37826,1783411199999,181221308.93674760,435866,1430.77683000,90420025.42035410,0,2026-07-07 04:00:00+00:00
1783411200000,63083.19,63467.15,62984.58,63406.0,1660.52847,1783425599999,104988878.85567020,351275,908.58309000,57447486.19902060,0,2026-07-07 08:00:00+00:00
1783425600000,63405.99,64105.0,62671.39,63930.51,5487.16202,1783439999999,348081870.10461120,1004190,2897.99489000,183891240.51051170,0,2026-07-07 12:00:00+00:00
1783440000000,63930.5,64243.75,63379.69,63817.99,3152.55165,1783454399999,201532847.58329510,622715,1336.66503000,85477080.71314300,0,2026-07-07 16:00:00+00:00
1783454400000,63818.0,63901.75,63218.0,63363.99,1516.35864,1783468799999,96386614.38526020,377427,588.49577000,37410096.99442990,0,2026-07-07 20:00:00+00:00
1783468800000,63364.0,63761.99,62525.47,62766.0,2945.00889,1783483199999,185876396.27049840,609259,1246.36440000,78720530.90114940,0,2026-07-08 00:00:00+00:00
1783483200000,62766.0,62901.49,62477.04,62888.35,2093.37251,1783497599999,131299060.86932260,444952,871.43626000,54661205.27331130,0,2026-07-08 04:00:00+00:00
1783497600000,62888.34,62941.46,61743.83,62299.99,5277.16067,1783511999999,327876037.63340370,777090,2321.54841000,144197862.93723170,0,2026-07-08 08:00:00+00:00
1783512000000,62300.0,62451.08,61544.56,61704.01,4480.13744,1783526399999,277437714.13450360,934639,2002.43081000,124077083.56644750,0,2026-07-08 12:00:00+00:00
1783526400000,61704.01,62394.32,61692.0,62277.98,1878.09343,1783540799999,116612947.92500400,533138,1095.53071000,67993253.91395700,0,2026-07-08 16:00:00+00:00
1783540800000,62277.98,62350.63,61956.0,62290.0,1946.32502,1783555199999,120985013.78730350,299409,801.25967000,49806749.41742070,0,2026-07-08 20:00:00+00:00
1783555200000,62290.01,62642.0,61705.29,61974.34,2507.70329,1783569599999,155686968.14780350,532918,965.14820000,59966966.80769430,0,2026-07-09 00:00:00+00:00
1783569600000,61974.34,63283.26,61956.46,63000.0,3076.31626,1783583999999,192704715.34862650,513310,1482.94780000,92908995.08176440,0,2026-07-09 04:00:00+00:00
1783584000000,62999.99,63100.1,62614.66,62786.34,2526.25001,1783598399999,158894710.78797730,380844,1074.16155000,67556973.47353890,0,2026-07-09 08:00:00+00:00
1783598400000,62786.33,63261.0,62465.39,62868.05,4882.96602,1783612799999,306798645.40625540,859856,2515.21212000,158071042.01652180,0,2026-07-09 12:00:00+00:00
1783612800000,62868.06,63500.0,62559.59,63248.1,2646.20845,1783627199999,166955414.15400870,603411,1461.64528000,92213723.32621120,0,2026-07-09 16:00:00+00:00
1783627200000,63248.09,63418.0,63060.91,63230.0,1103.36269,1783641599999,69809359.42481270,285711,423.36862000,26785364.25713480,0,2026-07-09 20:00:00+00:00
1783641600000,63230.01,64050.23,62926.01,63947.2,3284.75486,1783655999999,209065762.58032730,511474,1624.84149000,103461367.01342090,0,2026-07-10 00:00:00+00:00
1783656000000,63947.2,64200.0,63802.02,63963.0,1994.74883,1783670399999,127655182.92603610,339861,858.15910000,54916429.28997710,0,2026-07-10 04:00:00+00:00
1783670400000,63963.0,64494.84,63962.99,64425.18,2735.04064,1783684799999,175885976.50570610,454783,1451.97627000,93355053.95642420,0,2026-07-10 08:00:00+00:00
1783684800000,64425.18,64692.83,63793.43,64040.0,3985.18915,1783699199999,255992161.03752020,867854,2046.31971000,131465070.70004800,0,2026-07-10 12:00:00+00:00
1783699200000,64039.99,64220.0,63732.66,63917.88,2956.75614,1783713599999,189060026.41477670,480103,1461.35904000,93455964.23826030,0,2026-07-10 16:00:00+00:00
1783713600000,63917.88,64222.61,63656.0,64161.72,2632.5116,1783727999999,168438851.53768460,273350,1284.84729000,82185299.38694250,0,2026-07-10 20:00:00+00:00
1783728000000,64161.72,64310.0,63984.07,64150.42,1101.49145,1783742399999,70642973.06613250,251684,519.94861000,33351493.45230540,0,2026-07-11 00:00:00+00:00
1783742400000,64150.42,64278.0,64080.26,64162.18,1485.01598,1783756799999,95321721.91352740,216737,645.36795000,41422550.67195540,0,2026-07-11 04:00:00+00:00
1783756800000,64162.18,64300.0,64129.99,64198.0,1355.34719,1783771199999,87005200.65466690,145928,676.88369000,43448102.12539080,0,2026-07-11 08:00:00+00:00
1783771200000,64197.99,64504.11,63896.18,64175.75,2497.55472,1783785599999,160432933.20882890,323763,1087.48873000,69853676.23591590,0,2026-07-11 12:00:00+00:00
1783785600000,64175.75,64402.0,64084.0,64286.0,1218.04674,1783799999999,78261890.95617150,235506,449.66867000,28887930.25362780,0,2026-07-11 16:00:00+00:00
1783800000000,64286.0,64463.83,63819.0,63819.0,1494.51824,1783814399999,95805154.76748150,232560,528.92797000,33911666.10191400,0,2026-07-11 20:00:00+00:00
1783814400000,63819.01,64223.74,63702.16,64223.73,4094.275,1783828799999,261736649.47735510,432109,2155.90634000,137835147.13042570,0,2026-07-12 00:00:00+00:00
1783828800000,64223.73,64245.87,63640.83,63885.27,1737.49927,1783843199999,111033178.07694130,257916,763.59978000,48786169.77775370,0,2026-07-12 04:00:00+00:00
1783843200000,63885.28,64100.32,63764.0,64018.01,4848.30942,1783857599999,310042852.51995110,500956,2322.33899000,148520297.41127140,0,2026-07-12 08:00:00+00:00
1783857600000,64018.0,64290.11,63958.71,64176.0,1182.12771,1783871999999,75749744.39933330,221163,620.47070000,39759973.49880200,0,2026-07-12 12:00:00+00:00
1783872000000,64176.0,64270.0,64018.69,64228.59,890.36957,1783886399999,57094699.03343970,183573,372.04577000,23856183.19483050,0,2026-07-12 16:00:00+00:00
1783886400000,64228.59,64254.0,63668.0,63780.0,1162.25606,1783900799999,74281448.86092280,323888,522.64579000,33398891.96998810,0,2026-07-12 20:00:00+00:00
1783900800000,63780.0,64425.0,62741.04,62806.41,3939.38182,1783915199999,250269726.59106980,870271,1601.14699000,101808603.33867450,0,2026-07-13 00:00:00+00:00
1783915200000,62806.41,63070.01,62500.76,62985.52,3347.70751,1783929599999,210385057.43539350,431082,1597.58768000,100421232.38795780,0,2026-07-13 04:00:00+00:00
1783929600000,62985.53,63302.88,62862.28,62901.99,3803.06989,1783943999999,239865414.64567150,283594,1616.59696000,101962087.58921800,0,2026-07-13 08:00:00+00:00
1783944000000,62901.99,62990.04,62101.0,62618.01,5871.90146,1783958399999,367192718.14880720,875831,2793.70484000,174730873.90361390,0,2026-07-13 12:00:00+00:00
1783958400000,62618.0,62629.35,61824.97,62288.23,3298.41917,1783972799999,205050851.95495490,566280,1565.40198000,97289562.90868430,0,2026-07-13 16:00:00+00:00
1783972800000,62288.23,62347.46,61882.88,62334.52,1422.02219,1783987199999,88332961.17514650,322654,686.99879000,42679069.60729940,0,2026-07-13 20:00:00+00:00
1783987200000,62334.52,62666.66,62272.2,62572.89,2249.30225,1784001599999,140485660.97642980,425285,1015.48735000,63424084.91875750,0,2026-07-14 00:00:00+00:00
1784001600000,62572.88,62872.0,62516.93,62560.92,2088.33647,1784015999999,130917558.23974650,296282,1098.64687000,68878903.63239230,0,2026-07-14 04:00:00+00:00
1784016000000,62560.92,62923.06,62500.0,62844.99,1732.53672,1784030399999,108634584.45865230,305432,793.20158000,49738974.76390340,0,2026-07-14 08:00:00+00:00
1784030400000,62844.99,64966.43,62780.84,64743.99,8796.6211,1784044799999,562863919.99205480,1148163,4829.07334000,309100166.83959900,0,2026-07-14 12:00:00+00:00
1784044800000,64744.0,64896.86,64231.77,64569.59,3290.30049,1784059199999,212650729.38648300,533516,1719.25900000,111134527.76147030,0,2026-07-14 16:00:00+00:00
1784059200000,64569.59,65100.0,64419.99,65043.98,2395.31681,1784073599999,155302047.62716400,372267,1391.82164000,90267670.15521440,0,2026-07-14 20:00:00+00:00
1784073600000,65043.99,65065.01,64488.0,64792.01,1693.44003,1784087999999,109586732.76636760,320579,679.01962000,43941213.61038540,0,2026-07-15 00:00:00+00:00
1784088000000,64792.0,65277.37,64485.0,64549.34,3159.56545,1784102399999,204726915.13259030,419673,1585.95347000,102796762.86590770,0,2026-07-15 04:00:00+00:00
1784102400000,64549.33,64917.94,64549.33,64732.15,2317.38966,1784116799999,149994663.44050930,289157,1276.87517000,82642899.73128820,0,2026-07-15 08:00:00+00:00
1784116800000,64732.15,65600.0,64606.0,65427.61,6119.9158,1784131199999,399055943.96930170,962986,3148.54563000,205318487.85747180,0,2026-07-15 12:00:00+00:00
1784131200000,65427.6,65470.0,64738.49,64977.34,3997.71829,1784145599999,260018792.63659060,465383,1886.91277000,122709232.83905240,0,2026-07-15 16:00:00+00:00
1784145600000,64977.34,65055.39,64691.89,64756.28,1113.86818,1784159999999,72265275.82315890,211141,432.17696000,28039214.94077260,0,2026-07-15 20:00:00+00:00
1784160000000,64756.28,64845.5,64392.01,64619.95,1773.62269,1784174399999,114662853.66784370,351949,663.80161000,42916343.31863680,0,2026-07-16 00:00:00+00:00
1784174400000,64619.96,64997.52,64086.12,64238.0,2728.61151,1784188799999,176196222.66747210,380748,1260.70211000,81412678.72514040,0,2026-07-16 04:00:00+00:00
1784188800000,64238.0,64380.0,63888.0,64256.53,8083.54555,1784203199999,518405240.00529090,555339,4069.82930000,261021903.36295890,0,2026-07-16 08:00:00+00:00
1784203200000,64256.52,64896.0,63838.28,64704.73,3169.90689,1784217599999,204127820.80401700,741620,1594.96836000,102729512.19853880,0,2026-07-16 12:00:00+00:00
1784217600000,64704.73,64712.0,63984.09,64271.84,1783.88455,1784231999999,114685442.70431600,502323,891.66775000,57325903.02744050,0,2026-07-16 16:00:00+00:00
1784232000000,64271.85,64276.0,63748.74,63830.2,1224.9556,1784246399999,78420806.52825400,281502,526.33694000,33705659.59400430,0,2026-07-16 20:00:00+00:00
1784246400000,63830.2,64067.69,63380.28,63570.0,2665.58621,1784260799999,169659336.68298940,531177,1236.29692000,78689064.08672730,0,2026-07-17 00:00:00+00:00
1784260800000,63570.0,63576.0,62710.0,62828.11,4170.00651,1784275199999,262693644.65903850,494473,2061.81218000,129880484.67865140,0,2026-07-17 04:00:00+00:00
1784275200000,62828.11,63361.7,62666.0,63298.01,2593.38028,1784289599999,163366668.37189890,354967,1388.89422000,87500141.64389790,0,2026-07-17 08:00:00+00:00
1784289600000,63298.0,63518.0,62537.56,63452.0,3902.37074,1784303999999,246111895.34129800,894383,1743.65879000,109984295.34645720,0,2026-07-17 12:00:00+00:00
1784304000000,63452.0,64387.99,63312.01,64160.8,3432.25523,1784318399999,219389919.13294950,728454,1648.44804000,105338593.02727950,0,2026-07-17 16:00:00+00:00
1784318400000,64160.8,64216.61,63884.35,63931.67,1426.29492,1784332799999,91324565.15207720,235842,539.32786000,34534133.89555820,0,2026-07-17 20:00:00+00:00
1784332800000,63931.67,64032.6,63886.65,64017.84,1370.3565,1784347199999,87640554.75600270,150552,706.83905000,45203317.55604590,0,2026-07-18 00:00:00+00:00
1784347200000,64017.84,64026.03,63926.39,64002.75,949.10008,1784361599999,60728056.11439490,118016,441.05503000,28221087.47724080,0,2026-07-18 04:00:00+00:00
1784361600000,64002.75,64097.22,63887.73,64069.89,1103.50008,1784375999999,70619036.03444280,85981,566.16577000,36236242.10698860,0,2026-07-18 08:00:00+00:00
1784376000000,64069.89,64274.47,63963.0,64123.12,1241.58814,1784390399999,79608426.73221570,210954,648.61472000,41597307.05144680,0,2026-07-18 12:00:00+00:00
1784390400000,64123.13,64669.5,64091.48,64552.79,1723.19086,1784404799999,110998004.60170320,257153,997.58868000,64255342.29409140,0,2026-07-18 16:00:00+00:00
1784404800000,64552.8,64865.0,64528.69,64834.22,1643.44446,1784419199999,106360570.44761060,266045,739.95103000,47899483.96066520,0,2026-07-18 20:00:00+00:00
1784419200000,64834.21,64967.25,64620.44,64706.18,1644.28469,1784433599999,106536390.38213490,198160,813.93093000,52743412.25552230,0,2026-07-19 00:00:00+00:00
1784433600000,64706.18,64815.65,64610.89,64711.05,1101.66102,1784447999999,71298499.06576870,143399,522.31957000,33802195.34270750,0,2026-07-19 04:00:00+00:00
1784448000000,64711.04,64743.0,64445.0,64467.64,1538.93439,1784462399999,99445905.38370100,229863,871.05962000,56288382.81110860,0,2026-07-19 08:00:00+00:00
1784462400000,64467.65,64663.04,64285.24,64585.32,1464.507,1784476799999,94381470.05121550,274299,798.55948000,51470893.01411090,0,2026-07-19 12:00:00+00:00
1784476800000,64585.33,64752.0,64280.0,64462.58,1160.57272,1784491199999,74890318.85140400,254773,577.55081000,37267479.26438830,0,2026-07-19 16:00:00+00:00
1784491200000,64462.58,64900.0,64347.89,64722.54,1469.95492,1784505599999,95006518.17877050,363843,698.54960000,45156418.57723410,0,2026-07-19 20:00:00+00:00
1784505600000,64722.55,65107.99,64416.0,64869.8,1856.81248,1784519999999,120367010.76140540,587702,944.57775000,61249378.29139220,0,2026-07-20 00:00:00+00:00
1784520000000,64869.79,64869.99,63765.83,64280.01,3162.272,1784534399999,202948573.32073830,587681,1541.49004000,98890291.13265350,0,2026-07-20 04:00:00+00:00
1784534400000,64280.01,65068.0,63100.0,65002.01,5789.67423,1784548799999,371789253.35528100,511848,1808.39523000,116364461.56957090,0,2026-07-20 08:00:00+00:00
1784548800000,65002.0,65666.8,64077.76,65598.75,5847.5969,1784563199999,379053519.18600630,1036177,3459.70883000,224389149.92034450,0,2026-07-20 12:00:00+00:00
1784563200000,65598.75,65799.0,65041.05,65142.0,3294.38969,1784577599999,215471814.64286760,589177,1688.03272000,110422141.28177100,0,2026-07-20 16:00:00+00:00
1784577600000,65142.0,65445.27,65061.92,65255.51,1372.74172,1784591999999,89552538.99674580,294262,662.62211000,43231706.70969640,0,2026-07-20 20:00:00+00:00
1784592000000,65255.51,65658.78,65148.75,65566.78,2285.39592,1784606399999,149538223.70845980,450732,1210.89115000,79218363.00610020,0,2026-07-21 00:00:00+00:00
1784606400000,65566.77,66245.64,65471.69,66186.86,3537.73944,1784620799999,232893727.77605370,468544,1852.89532000,121964973.96204080,0,2026-07-21 04:00:00+00:00
1784620800000,66186.86,66420.65,66129.19,66345.59,3436.96959,1784635199999,227803607.75170680,427621,1737.22867000,115141147.90533200,0,2026-07-21 08:00:00+00:00
1784635200000,66345.59,66956.15,66255.73,66676.54,5031.99712,1784649599999,335391888.93805460,858855,2705.33094000,180310152.37236250,0,2026-07-21 12:00:00+00:00
1784649600000,66676.53,66764.0,66052.63,66444.76,2940.41455,1784663999999,195205977.73440990,522292,1415.65652000,93983062.32927100,0,2026-07-21 16:00:00+00:00
1784664000000,66444.76,66576.0,66204.0,66556.16,1385.76425,1784678399999,91969264.16553510,277197,623.80608000,41399623.89812450,0,2026-07-21 20:00:00+00:00
1784678400000,66556.15,66739.89,66176.0,66210.0,2882.6636,1784692799999,191621422.16698660,652324,1571.19039000,104469303.77683530,0,2026-07-22 00:00:00+00:00
1784692800000,66209.99,66424.0,65701.0,65843.48,4124.6914,1784707199999,272389387.64573550,668048,1861.65673000,122950341.90836190,0,2026-07-22 04:00:00+00:00
1784707200000,65843.48,66164.57,65843.47,66013.36,5171.31096,1784721599999,341268215.78451210,712578,2576.26413000,170011483.54025690,0,2026-07-22 08:00:00+00:00
1784721600000,66013.36,66204.98,65553.67,66047.39,3002.09745,1784735999999,197651196.71686230,662744,1520.44141000,100122588.80401270,0,2026-07-22 12:00:00+00:00
1784736000000,66047.38,66384.0,65691.93,65923.19,1521.20312,1784750399999,100444842.63861470,427993,673.68011000,44490677.40310480,0,2026-07-22 16:00:00+00:00
1784750400000,65923.19,66138.24,65791.79,66114.49,1372.89949,1784764799999,90583853.35412080,258138,651.23660000,42967586.23897140,0,2026-07-22 20:00:00+00:00
1784764800000,66114.5,66313.14,65585.11,65662.53,2738.22182,1784779199999,180505912.36650900,390926,1330.08639000,87707894.26637550,0,2026-07-23 00:00:00+00:00
1784779200000,65662.53,65821.17,65351.02,65442.13,1755.71203,1784793599999,115169792.61320610,313412,775.67186000,50878956.12707810,0,2026-07-23 04:00:00+00:00
1784793600000,65442.12,65792.09,65419.75,65555.21,1697.46856,1784807999999,111411329.73326650,263480,840.61509000,55168890.87196840,0,2026-07-23 08:00:00+00:00
1784808000000,65555.21,65589.41,64728.0,64958.36,4309.94067,1784822399999,280331098.68076780,864979,1869.00568000,121573383.72248560,0,2026-07-23 12:00:00+00:00
1784822400000,64958.37,64961.15,64650.0,64846.94,2433.46243,1784836799999,157702426.45832330,457475,1177.43902000,76302459.43248580,0,2026-07-23 16:00:00+00:00
1784836800000,64846.93,65235.43,64834.52,65098.97,1763.42122,1784851199999,114870647.60832130,267027,1043.50625000,67971386.62232070,0,2026-07-23 20:00:00+00:00
1784851200000,65098.98,65464.35,64762.18,65456.7,1824.8823,1784865599999,118798430.76132690,353470,912.29254000,59398433.81727350,0,2026-07-24 00:00:00+00:00
1784865600000,65456.7,65808.59,65248.0,65499.95,2805.86714,1784879999999,183654410.32570500,327061,1260.31211000,82506116.70586210,0,2026-07-24 04:00:00+00:00
1784880000000,65499.94,65508.17,64857.14,65083.43,2252.49673,1784894399999,146583171.45130610,299283,1260.81835000,82042450.40676760,0,2026-07-24 08:00:00+00:00
1784894400000,65083.42,65133.99,63739.75,64093.85,6045.41604,1784908799999,388120898.24330550,916912,2750.13786000,176507013.90558820,0,2026-07-24 12:00:00+00:00
1784908800000,64093.86,64292.44,63881.46,64225.32,2025.41669,1784923199999,129894119.19347840,374993,997.11536000,63950729.18463990,0,2026-07-24 16:00:00+00:00
1784923200000,64225.32,64288.02,64121.86,64139.99,1867.1929,1784937599999,119828379.18892970,195972,952.54664000,61130900.00031490,0,2026-07-24 20:00:00+00:00
1784937600000,64140.0,64179.03,64006.55,64085.36,1828.72886,1784951999999,117173780.09139750,162165,955.26992000,61207222.77483680,0,2026-07-25 00:00:00+00:00
1784952000000,64085.36,64205.67,63964.57,64003.2,1073.91838,1784966399999,68785852.58661140,150931,503.49498000,32253118.11236790,0,2026-07-25 04:00:00+00:00
1784966400000,64003.2,64113.0,63810.0,64064.01,2748.18699,1784980799999,175746238.09708650,240400,1444.59246000,92392066.96528720,0,2026-07-25 08:00:00+00:00
1784980800000,64064.01,64272.0,64043.0,64182.0,929.05963,1784995199999,59611183.00926590,148666,637.27555000,40886526.44805090,0,2026-07-25 12:00:00+00:00
1784995200000,64182.01,64475.28,64123.0,64388.38,848.44532,1785009599999,54590446.82269440,172305,468.08416000,30121141.20114990,0,2026-07-25 16:00:00+00:00
1785009600000,64388.39,64430.0,64263.03,64375.0,1434.71112,1785023999999,92374555.47652840,130871,612.77788000,39451582.42425110,0,2026-07-25 20:00:00+00:00
1785024000000,64375.01,64582.0,64350.0,64557.0,955.90385,1785038399999,61641755.57610440,142517,555.69595000,35833103.86781210,0,2026-07-26 00:00:00+00:00
1785038400000,64557.0,64599.95,64293.81,64370.0,1238.04277,1785052799999,79788726.33588240,129186,524.07615000,33769509.47616690,0,2026-07-26 04:00:00+00:00
1785052800000,64370.0,64573.73,64353.0,64507.35,680.86616,1785067199999,43905614.81750470,112877,346.60790000,22352657.65764580,0,2026-07-26 08:00:00+00:00
1785067200000,64507.36,64827.0,64414.0,64768.0,1456.55849,1785081599999,94137143.56121930,246720,838.34619000,54180778.65369280,0,2026-07-26 12:00:00+00:00
1785081600000,64768.0,64940.51,64668.91,64695.52,1252.18356,1785095999999,81070372.26075740,163019,597.95822000,38717166.92569780,0,2026-07-26 16:00:00+00:00
1785096000000,64695.52,65577.0,64631.57,65399.99,2349.50606,1785110399999,153290484.91089120,343704,1228.79530000,80194129.05266010,0,2026-07-26 20:00:00+00:00
1785110400000,65400.0,65418.81,64892.03,65284.0,1939.56217,1785124799999,126419306.57711480,391478,879.09735000,57303937.99026710,0,2026-07-27 00:00:00+00:00
1785124800000,65284.0,65744.6,65217.16,65221.99,2549.79202,1785139199999,166808532.28630380,393601,975.21774000,63809910.11940090,0,2026-07-27 04:00:00+00:00
1785139200000,65221.99,65432.0,65092.0,65100.79,2902.58585,1785153599999,189351686.90261210,299147,1422.64207000,92815193.56480200,0,2026-07-27 08:00:00+00:00
1785153600000,65100.79,65718.0,64418.01,64554.01,3393.0404,1785167999999,220545627.30122430,923086,1600.79519000,104115820.28342800,0,2026-07-27 12:00:00+00:00
1785168000000,64554.0,65090.0,64517.78,64984.0,1492.95286,1785182399999,96859784.53911760,436159,783.35114000,50816881.37441950,0,2026-07-27 16:00:00+00:00
1785182400000,64983.99,65056.0,63605.56,63755.86,2513.97213,1785196799999,161326260.37901420,478165,1033.72579000,66295078.98555820,0,2026-07-27 20:00:00+00:00
1785196800000,63755.86,63827.49,63059.39,63343.83,3113.97473,1785211199999,197223094.37136350,495493,1467.68926000,92947496.17030180,0,2026-07-28 00:00:00+00:00
1785211200000,63343.82,63668.71,63221.26,63505.99,2180.40039,1785225599999,138457131.98797710,302891,1281.83667000,81409898.01938890,0,2026-07-28 04:00:00+00:00
1785225600000,63506.0,63593.0,63294.0,63450.0,1418.41424,1785239999999,90006748.47150430,272253,711.55013000,45152347.37706550,0,2026-07-28 08:00:00+00:00
1785240000000,63449.99,64026.62,62742.47,63928.47,3870.99997,1785254399999,245194835.70590560,829250,1932.32768000,122497943.77140460,0,2026-07-28 12:00:00+00:00
1785254400000,63928.46,64100.0,63504.0,63904.0,1689.97924,1785268799999,107805607.90876620,448963,854.11041000,54488429.02879880,0,2026-07-28 16:00:00+00:00
1785268800000,63904.0,64073.3,63562.0,63915.0,1616.06139,1785283199999,103214086.04810720,331093,822.51415000,52536307.49161560,0,2026-07-28 20:00:00+00:00
1785283200000,63915.0,64200.0,63658.0,63753.03,2347.04425,1785297599999,150025520.92860520,530540,1359.35636000,86893327.00161540,0,2026-07-29 00:00:00+00:00
1785297600000,63753.04,64575.99,63598.0,64561.0,2719.58943,1785311999999,174459408.07800220,440332,1471.29309000,94413780.51271790,0,2026-07-29 04:00:00+00:00
1785312000000,64561.01,64744.81,64283.83,64507.54,1788.0597,1785326399999,115369161.49443940,303739,955.03885000,61624222.77106330,0,2026-07-29 08:00:00+00:00
1785326400000,64507.53,64718.87,63886.0,63964.01,2735.29639,1785340799999,175763704.90839190,813636,1248.06929000,80209427.18393860,0,2026-07-29 12:00:00+00:00
1785340800000,63964.01,64648.79,63511.0,63589.46,4593.92101,1785355199999,294567059.21686720,988525,2442.80202000,156627068.13364790,0,2026-07-29 16:00:00+00:00
1785355200000,63589.46,64131.44,63267.34,63984.28,2596.20834,1785369599999,165440053.02363220,538522,1455.05802000,92724171.17896670,0,2026-07-29 20:00:00+00:00
1785369600000,63984.29,64411.76,63603.92,64161.98,2334.02034,1785383999999,149574162.28713700,470648,1278.33261000,81918551.24952060,0,2026-07-30 00:00:00+00:00
1785384000000,64161.98,64182.0,63907.85,64026.0,3046.62914,1785398399999,195108453.32820340,613375,1657.24755000,106127179.70685450,0,2026-07-30 04:00:00+00:00
1785398400000,64026.0,64885.18,63980.54,64788.0,4792.79575,1785412799999,308892349.18077470,1000641,2310.35433000,148934638.63208790,0,2026-07-30 08:00:00+00:00
1785412800000,64788.01,65176.6,64607.31,64730.3,3737.13198,1785427199999,242391046.56443980,568667,2004.30850000,130014125.73254530,0,2026-07-30 12:00:00+00:00
1785427200000,64730.29,64988.0,64688.0,64800.0,1688.5901,1785441599999,109487756.94213080,299193,990.02328000,64190577.46169530,0,2026-07-30 16:00:00+00:00
1785441600000,64800.0,65086.4,64668.91,64780.02,1532.41755,1785455999999,99402988.62172810,294167,755.92593000,49041462.24370690,0,2026-07-30 20:00:00+00:00
1785456000000,64780.03,65409.56,64172.0,64370.0,3281.13705,1785470399999,212266362.98571600,576077,1600.86104000,103603291.51438730,0,2026-07-31 00:00:00+00:00
1785470400000,64370.0,64496.64,63878.11,63950.01,4513.26941,1785484799999,289329878.83962090,350769,1733.84465000,111250772.10973320,0,2026-07-31 04:00:00+00:00
1785484800000,63950.01,64011.99,63610.0,63805.51,2006.05406,1785499199999,128050427.50956360,285681,1111.52582000,70962992.31281680,0,2026-07-31 08:00:00+00:00
1785499200000,63805.5,63849.19,62466.0,62716.57,6622.15348,1785513599999,417058298.24137750,911977,3077.25071000,193790268.52921960,0,2026-07-31 12:00:00+00:00
1785513600000,62716.57,63302.0,62709.01,62972.0,2772.32321,1785527999999,174662192.16741030,422083,1549.50271000,97647372.05846650,0,2026-07-31 16:00:00+00:00
1785528000000,62972.0,63062.47,62846.0,62887.88,1280.66965,1785542399999,80656021.15299420,193651,586.57650000,36940830.89488660,0,2026-07-31 20:00:00+00:00
1785542400000,62887.88,63106.55,62887.87,63004.48,1641.61546,1785556799999,103411707.72965090,124285,807.21869000,50851998.02910070,0,2026-08-01 00:00:00+00:00
1785556800000,63004.47,63142.85,62992.82,63050.46,1267.77262,1785571199999,79950236.83977100,85782,661.67985000,41728865.01027750,0,2026-08-01 04:00:00+00:00
1785571200000,63050.45,63150.0,62986.31,63076.0,834.60912,1785585599999,52640495.14770450,86193,390.37913000,24621139.31802160,0,2026-08-01 08:00:00+00:00
1785585600000,63076.0,63127.07,63007.05,63007.06,1057.87378,1785599999999,66745617.16042010,78748,547.05249000,34515704.99078440,0,2026-08-01 12:00:00+00:00
1785600000000,63007.06,63027.65,62275.0,62529.82,1931.00222,1785614399999,120963738.50061380,310491,869.65040000,54471838.54683510,0,2026-08-01 16:00:00+00:00
1785614400000,62529.81,62866.62,62482.99,62823.64,830.21584,1785628799999,52100274.38419570,146484,496.25842000,31147295.76904680,0,2026-08-01 20:00:00+00:00
1785628800000,62823.65,63550.0,62806.58,63461.95,2070.02486,1785643199999,130972008.44585980,259494,1123.57502000,71100282.35728430,0,2026-08-02 00:00:00+00:00
1785643200000,63461.95,63634.0,63415.26,63506.24,1136.19822,1785657599999,72153523.58893850,123416,675.99459000,42927541.97879180,0,2026-08-02 04:00:00+00:00
1785657600000,63506.23,63530.0,62982.38,63031.99,1393.24586,1785671999999,88150007.50821870,197628,684.34698000,43318588.33294320,0,2026-08-02 08:00:00+00:00
1785672000000,63031.99,63231.67,63010.0,63109.14,1015.40932,1785686399999,64093788.73318290,158461,523.02633000,33014564.95048970,0,2026-08-02 12:00:00+00:00
1785686400000,63109.13,63610.01,63064.01,63456.01,1352.52922,1785700799999,85648276.74478990,217974,799.14491000,50605539.90759730,0,2026-08-02 16:00:00+00:00
1785700800000,63456.0,63796.33,63344.0,63570.0,1419.60406,1785715199999,90220771.40028390,329091,760.24329000,48315907.60963140,0,2026-08-02 20:00:00+00:00
1785715200000,63570.01,63596.0,62786.04,62870.49,1580.29042,1785729599999,99839831.40407420,326736,699.29093000,44185968.47383940,0,2026-08-03 00:00:00+00:00
1785729600000,62870.48,63001.77,62552.04,62621.1,2528.15637,1785743999999,158583910.26811630,254042,1259.64118000,79024210.15789320,0,2026-08-03 04:00:00+00:00
1785744000000,62621.1,62863.1,62300.0,62560.01,1968.81583,1785758399999,123258099.12630820,280437,1093.51644000,68468282.79819810,0,2026-08-03 08:00:00+00:00
1785758400000,62560.01,63992.71,62445.26,63694.91,5314.98583,1785772799999,337230182.52507960,932553,3099.62871000,196754818.74236300,0,2026-08-03 12:00:00+00:00
1785772800000,63694.9,64080.0,63664.0,63869.38,2341.4127,1785787199999,149567720.37557050,440979,1095.83151000,70002295.54151930,0,2026-08-03 16:00:00+00:00
1785787200000,63869.38,64023.61,63392.01,63520.0,1809.63628,1785801599999,115218772.25663040,259617,739.99510000,47122583.68145340,0,2026-08-03 20:00:00+00:00
1785801600000,63520.0,63972.0,63322.01,63800.01,2284.2087,1785815999999,145406082.51993030,371522,1284.76190000,81790108.46316690,0,2026-08-04 00:00:00+00:00
1785816000000,63800.01,64243.81,63506.78,63685.74,2203.45481,1785830399999,140604655.72931840,253042,1033.96701000,65980322.05207100,0,2026-08-04 04:00:00+00:00
1785830400000,63685.73,63950.0,63451.8,63926.0,1840.43901,1785844799999,117165598.58978030,278134,934.77224000,59513390.26447730,0,2026-08-04 08:00:00+00:00
1785844800000,63926.0,64238.0,63615.38,64125.14,3355.49264,1785859199999,214613426.29433270,680360,1960.52574000,125401526.58469060,0,2026-08-04 12:00:00+00:00
1785859200000,64125.14,64413.21,63892.0,64233.36,2494.3487,1785873599999,160051627.07268610,498010,1336.67735000,85775583.44444640,0,2026-08-04 16:00:00+00:00
1785873600000,64233.35,64549.16,64001.68,64106.56,1512.53523,1785887999999,97216293.09042450,306971,809.75942000,52058939.89973700,0,2026-08-04 20:00:00+00:00
1785888000000,64106.55,64504.0,63950.0,64183.27,2051.27242,1785902399999,131673610.45792250,373821,1056.89821000,67836680.94640450,0,2026-08-05 00:00:00+00:00
1785902400000,64183.27,64525.97,63995.89,64163.99,1638.18668,1785916799999,105225246.98319860,240425,869.87357000,55876497.21196730,0,2026-08-05 04:00:00+00:00
1785916800000,64164.0,64280.0,64020.0,64075.28,1165.7803,1785931199999,74783126.17416520,238191,524.94152000,33672609.16828330,0,2026-08-05 08:00:00+00:00
1785931200000,64075.28,64744.0,63880.0,64388.01,4094.61341,1785945599999,263646915.59287510,820352,2196.94214000,141453244.25887320,0,2026-08-05 12:00:00+00:00
1785945600000,64388.01,64936.18,64388.0,64840.28,1995.16889,1785959999999,129169021.52832860,435800,1012.01078000,65517599.15466370,0,2026-08-05 16:00:00+00:00
1785960000000,64840.27,65025.22,64579.15,64665.23,1797.83358,1785974399999,116432053.51875970,293638,861.81628000,55824110.86865770,0,2026-08-05 20:00:00+00:00
1785974400000,64665.24,64724.38,64439.34,64531.03,1501.18098,1785988799999,96962499.17125070,246620,684.74301000,44226278.12787980,0,2026-08-06 00:00:00+00:00
1785988800000,64531.03,64996.0,64496.27,64809.7,1782.75525,1786003199999,115578918.43345830,274759,818.44415000,53058555.22943590,0,2026-08-06 04:00:00+00:00
1786003200000,64809.7,64999.0,64503.54,64622.09,1307.61434,1786017599999,84640438.20787660,244217,632.89083000,40961407.63563060,0,2026-08-06 08:00:00+00:00
1786017600000,64622.08,64987.26,64172.0,64631.87,2760.61479,1786031999999,178194039.99090750,741438,1466.27219000,94681645.80345710,0,2026-08-06 12:00:00+00:00
1786032000000,64631.88,64834.0,64365.0,64446.0,1460.95594,1786046399999,94317559.22025490,388523,644.45394000,41605736.75703160,0,2026-08-06 16:00:00+00:00
1786046400000,64446.01,64536.32,64200.0,64323.61,1051.31154,1786060799999,67673191.69295970,192394,419.34849000,26997092.83340680,0,2026-08-06 20:00:00+00:00
1786060800000,64323.61,64544.0,64230.59,64289.99,1225.13149,1786075199999,78853170.66551830,345867,588.19788000,37860179.56035320,0,2026-08-07 00:00:00+00:00
1786075200000,64289.99,64463.75,64166.0,64319.84,1378.76331,1786089599999,88693539.60203640,221813,649.87887000,41809418.54644790,0,2026-08-07 04:00:00+00:00
1786089600000,64319.84,65213.33,64304.22,65029.98,2365.76634,1786103999999,153395685.62826650,319893,1085.53286000,70399708.42939560,0,2026-08-07 08:00:00+00:00
1786104000000,65029.98,65390.99,64788.0,64912.72,4134.62946,1786118399999,269309422.59874350,828497,2118.83564000,138041485.92053710,0,2026-08-07 12:00:00+00:00
1786118400000,64912.71,65072.31,64525.0,64960.47,1712.98766,1786132799999,111056163.23140360,440108,748.77566000,48552167.83953070,0,2026-08-07 16:00:00+00:00
1786132800000,64960.46,65102.0,64846.0,64923.19,990.12577,1786147199999,64296131.80959050,127205,448.04530000,29096829.82408300,0,2026-08-07 20:00:00+00:00
1786147200000,64923.2,65074.18,64784.19,65033.0,1310.57126,1786161599999,85086476.42922800,96354,705.31113000,45795634.51854810,0,2026-08-08 00:00:00+00:00
1786161600000,65033.0,65071.15,64951.34,64960.0,786.13996,1786175999999,51095645.85920780,75111,372.49445000,24210145.12845630,0,2026-08-08 04:00:00+00:00
1786176000000,64959.99,65050.0,64948.56,64967.35,776.81012,1786190399999,50492698.28323280,75327,403.71016000,26241700.61488710,0,2026-08-08 08:00:00+00:00
1786190400000,64967.36,65192.54,64924.0,65080.82,965.25235,1786204799999,62803848.31224630,112522,537.60827000,34980807.31937860,0,2026-08-08 12:00:00+00:00
1786204800000,65080.83,65150.0,65017.39,65075.41,690.47872,1786219199999,44931091.30339930,83910,306.73611000,19960820.31000630,0,2026-08-08 16:00:00+00:00
1786219200000,65075.4,65100.61,64936.01,64962.6,1230.89057,1786233599999,80041598.64330570,97223,484.14599000,31479303.50741450,0,2026-08-08 20:00:00+00:00
1786233600000,64962.6,65002.0,64730.08,64788.8,953.95674,1786247999999,61890284.29746320,103366,406.85620000,26394256.82038820,0,2026-08-09 00:00:00+00:00
1786248000000,64788.8,64867.11,64777.0,64826.14,905.46471,1786262399999,58695686.42797050,68791,438.09997000,28398359.69428660,0,2026-08-09 04:00:00+00:00
1786262400000,64826.15,65000.0,64792.1,64950.0,878.41777,1786276799999,57018145.06071280,106398,486.78467000,31594021.39936950,0,2026-08-09 08:00:00+00:00
1786276800000,64950.01,65300.0,64914.73,65228.68,1218.78551,1786291199999,79419975.98203660,137348,655.32640000,42700750.73561310,0,2026-08-09 12:00:00+00:00
1786291200000,65228.68,65266.06,65179.72,65180.66,760.315,1786305599999,49586659.22395670,79419,281.25274000,18342939.17196450,0,2026-08-09 16:00:00+00:00
1786305600000,65180.66,65474.46,64842.59,64901.59,2314.29633,1786319999999,150755456.41208370,308659,939.00924000,61186575.11264230,0,2026-08-09 20:00:00+00:00
1786320000000,64901.59,65391.14,64826.78,64982.01,1735.05442,1786334399999,112891375.37464950,339541,906.46506000,58980737.22376830,0,2026-08-10 00:00:00+00:00
1786334400000,64982.0,65379.13,64924.0,65202.73,1621.07764,1786348799999,105654380.06001480,211476,735.81257000,47955776.25847400,0,2026-08-10 04:00:00+00:00
1786348800000,65202.72,65328.73,64958.87,65125.98,1294.99105,1786363199999,84303871.04457410,219964,650.11354000,42320679.69880810,0,2026-08-10 08:00:00+00:00
1786363200000,65125.99,65237.8,64203.15,64299.99,3640.00431,1786377599999,235448632.25627850,597064,1875.11074000,121299058.24292250,0,2026-08-10 12:00:00+00:00
1786377600000,64299.99,64354.0,63806.27,64045.7,4275.95165,1786391999999,273599521.63488950,503118,2218.45876000,141935026.50403590,0,2026-08-10 16:00:00+00:00
1786392000000,64045.7,64215.21,63920.69,63970.01,1071.3297,1786406399999,68604779.28270610,183184,560.66700000,35904066.79469090,0,2026-08-10 20:00:00+00:00
1786406400000,63970.01,64176.0,63895.64,64155.01,1832.7232,1786420799999,117375881.66179040,177239,929.48291000,59528927.10276660,0,2026-08-11 00:00:00+00:00
1786420800000,64155.0,64159.65,63852.0,64065.99,1640.19253,1786435199999,104971889.81427920,159630,720.35609000,46098589.07656870,0,2026-08-11 04:00:00+00:00
1786435200000,64066.0,64400.0,64044.72,64389.57,1568.1186,1786449599999,100757929.94045290,168286,795.58250000,51122802.91139990,0,2026-08-11 08:00:00+00:00
1786449600000,64389.58,64515.43,63451.0,63609.87,4376.77905,1786463999999,280160653.22824820,604121,1939.93825000,124178058.84094940,0,2026-08-11 12:00:00+00:00
1786464000000,63609.86,63660.0,63238.0,63536.0,2424.73673,1786478399999,153931196.19307820,358187,1443.84359000,91667076.05889110,0,2026-08-11 16:00:00+00:00
1786478400000,63536.0,63768.58,63536.0,63600.0,1049.08237,1786492799999,66794644.82806920,193054,533.80984000,33985137.53539160,0,2026-08-11 20:00:00+00:00
1786492800000,63600.01,63908.01,63534.01,63835.59,1898.48961,1786507199999,121087078.45711590,219268,1023.43861000,65281436.40048960,0,2026-08-12 00:00:00+00:00
1786507200000,63835.58,63891.42,63606.15,63837.99,2130.54232,1786521599999,135859656.61821270,207376,1208.52237000,77049243.13819380,0,2026-08-12 04:00:00+00:00
1786521600000,63838.0,64249.5,63768.01,64240.04,2267.09134,1786535999999,145242071.61158390,301323,957.69318000,61343840.00310040,0,2026-08-12 08:00:00+00:00
1786536000000,64240.04,64500.0,63316.0,63441.47,3959.44035,1786550399999,252858381.79540220,749720,1935.40324000,123571579.12652950,0,2026-08-12 12:00:00+00:00
1786550400000,63441.48,63578.0,63310.34,63421.11,1558.61566,1786564799999,98881340.69636850,266873,874.61538000,55490795.78999250,0,2026-08-12 16:00:00+00:00
1786564800000,63421.11,63661.24,63370.0,63479.99,1812.88894,1786579199999,115034605.04987740,245939,994.15348000,63077046.58433630,0,2026-08-12 20:00:00+00:00
1786579200000,63479.99,63717.31,63380.0,63646.99,1584.53762,1786593599999,100664999.45132050,258695,863.94900000,54882557.21442330,0,2026-08-13 00:00:00+00:00
1786593600000,63647.0,64010.0,63591.56,63865.84,1512.6667,1786607999999,96599906.24481710,247721,865.84846000,55297450.27462900,0,2026-08-13 04:00:00+00:00
1786608000000,63865.84,63915.0,63350.0,63484.3,1451.07714,1786622399999,92398073.07063580,209860,681.81362000,43413904.48083820,0,2026-08-13 08:00:00+00:00
1786622400000,63484.31,63999.0,63420.0,63420.01,2120.87883,1786636799999,135187139.47621350,524821,1109.04945000,70693863.07975600,0,2026-08-13 12:00:00+00:00
1786636800000,63420.01,63568.97,62802.27,63407.99,3071.89552,1786651199999,194166446.63825770,630580,1526.72815000,96526142.10544630,0,2026-08-13 16:00:00+00:00
1786651200000,63408.0,63640.0,63368.0,63490.86,1052.80272,1786665599999,66828129.36824020,207100,540.91324000,34334317.28429390,0,2026-08-13 20:00:00+00:00
1786665600000,63490.86,63617.45,63301.58,63310.0,1474.95395,1786679999999,93667595.21550660,273190,648.20403000,41166283.94842850,0,2026-08-14 00:00:00+00:00
1786680000000,63310.0,63472.5,62920.0,62920.78,2090.34251,1786694399999,132100109.47408590,278676,1132.75039000,71592333.35779510,0,2026-08-14 04:00:00+00:00
1786694400000,62920.78,62997.83,62700.0,62868.83,2437.10701,1786708799999,153184955.49678720,335711,1373.29775000,86321935.47695890,0,2026-08-14 08:00:00+00:00
1786708800000,62868.83,63089.18,62535.24,62990.95,3460.64272,1786723199999,217135899.85825210,674396,1896.22956000,118988152.93905770,0,2026-08-14 12:00:00+00:00
1786723200000,62990.94,63247.05,62830.0,62968.05,1783.03596,1786737599999,112422975.44450280,427098,1036.81652000,65373847.76546760,0,2026-08-14 16:00:00+00:00
1786737600000,62968.06,63066.13,62800.0,63043.56,1094.74684,1786751999999,68897309.21666310,195459,590.97898000,37190672.76036890,0,2026-08-14 20:00:00+00:00
1786752000000,63043.56,63187.98,62992.91,63051.25,1121.88969,1786766399999,70728949.73459780,110386,572.08778000,36066586.48303430,0,2026-08-15 00:00:00+00:00
1786766400000,63051.25,63155.76,63027.89,63075.43,1448.06787,1786780799999,91353412.07291000,93334,800.04577000,50471509.08628140,0,2026-08-15 04:00:00+00:00
1786780800000,63075.43,63085.8,62920.0,63022.01,617.28318,1786795199999,38899181.79523110,76132,325.22628000,20495585.05698920,0,2026-08-15 08:00:00+00:00
1786795200000,63022.01,63120.09,62946.58,63100.55,700.44395,1786809599999,44159868.88472320,88246,378.50675000,23865445.38663460,0,2026-08-15 12:00:00+00:00
1786809600000,63100.55,63127.4,63044.37,63126.08,1110.25742,1786823999999,70040082.21262420,104954,812.70422000,51268781.86136640,0,2026-08-15 16:00:00+00:00
1786824000000,63126.07,63175.0,63076.96,63086.01,407.21827,1786838399999,25709137.65779730,67261,221.94931000,14012561.62643980,0,2026-08-15 20:00:00+00:00
1786838400000,63086.01,63151.59,63012.0,63130.0,626.426,1786852799999,39524860.89425650,68806,314.87526000,19865308.40749270,0,2026-08-16 00:00:00+00:00
1786852800000,63130.01,63158.8,63040.0,63061.02,792.70018,1786867199999,49997624.37262330,53001,396.68356000,25019507.44803110,0,2026-08-16 04:00:00+00:00
1786867200000,63061.03,63079.76,62968.45,63013.66,746.76545,1786881599999,47059525.41920800,60667,443.58872000,27951831.09770920,0,2026-08-16 08:00:00+00:00
1786881600000,63013.66,63146.4,62997.77,63146.39,558.13323,1786895999999,35207338.38353870,69439,299.56855000,18895914.34733980,0,2026-08-16 12:00:00+00:00
1786896000000,63146.39,63390.0,63100.89,63108.81,861.07496,1786910399999,54437166.01895590,147074,432.68509000,27353953.39963690,0,2026-08-16 16:00:00+00:00
1786910400000,63108.8,63140.0,62716.0,62900.0,1152.13153,1786924799999,72471533.46654910,241307,610.63437000,38411313.56975600,0,2026-08-16 20:00:00+00:00
1786924800000,62900.0,63520.0,62751.1,63429.21,2170.22745,1786939199999,137088004.77546550,399339,1086.63295000,68644295.03785750,0,2026-08-17 00:00:00+00:00
1786939200000,63429.21,63717.17,63429.21,63514.45,2494.00927,1786953599999,158451731.90448640,212748,1130.86136000,71839924.96612950,0,2026-08-17 04:00:00+00:00
1786953600000,63514.45,63781.69,63295.0,63631.1,1942.91539,1786967999999,123380500.11179570,231054,1045.60354000,66380281.17403710,0,2026-08-17 08:00:00+00:00
1786968000000,63631.11,64227.27,63444.17,64200.0,2930.57098,1786982399999,187024847.23834120,524760,1468.48508000,93729380.62392810,0,2026-08-17 12:00:00+00:00
1786982400000,64200.0,64610.01,63979.3,64309.96,3583.96885,1786996799999,230413977.46563000,541032,1877.90053000,120742033.77896120,0,2026-08-17 16:00:00+00:00
1786996800000,64309.95,64578.0,64266.0,64532.1,1133.95519,1787011199999,73006989.57280390,202323,577.42752000,37172107.61372860,0,2026-08-17 20:00:00+00:00
1787011200000,64532.11,64568.46,64047.73,64185.01,1731.23124,1787025599999,111202818.33516580,246058,853.21014000,54799116.73575450,0,2026-08-18 00:00:00+00:00
1787025600000,64185.0,64446.0,64090.0,64198.97,3151.98283,1787039999999,202472655.37051930,253329,1519.89926000,97623622.69466530,0,2026-08-18 04:00:00+00:00
1787040000000,64198.97,64402.35,64087.98,64351.19,1202.18477,1787054399999,77227074.73470020,197005,532.01911000,34177928.24938010,0,2026-08-18 08:00:00+00:00
1787054400000,64351.18,65058.81,64027.85,64855.06,3687.2214,1787068799999,237954220.32276940,541934,2015.29568000,130101821.94951550,0,2026-08-18 12:00:00+00:00
1787068800000,64855.06,64891.81,64642.36,64643.26,1223.7468,1787083199999,79255097.09148840,211297,517.28068000,33500700.92087160,0,2026-08-18 16:00:00+00:00
1787083200000,64643.27,64780.0,64562.25,64725.42,793.54608,1787097599999,51293463.97477840,158396,321.54425000,20784938.08286550,0,2026-08-18 20:00:00+00:00
1787097600000,64725.42,64736.27,64278.0,64330.71,1368.72937,1787111999999,88199811.00864890,258329,696.29818000,44867111.36723920,0,2026-08-19 00:00:00+00:00
1787112000000,64330.7,64409.93,64166.0,64296.0,1822.44544,1787126399999,117221863.83786840,184917,937.24663000,60281208.78639580,0,2026-08-19 04:00:00+00:00
1787126400000,64296.01,64539.05,64255.0,64515.63,1158.29773,1787140799999,74611199.11983570,150786,484.30107000,31201606.02058990,0,2026-08-19 08:00:00+00:00
1787140800000,64515.62,69500.0,64474.86,68554.0,14033.00336,1787155199999,939526647.50113430,1576421,8081.80557000,541205532.96750460,0,2026-08-19 12:00:00+00:00
1787155200000,68554.0,68997.0,67825.03,68429.44,5078.58687,1787169599999,347389517.92732890,853285,2599.99941000,177889146.23144070,0,2026-08-19 16:00:00+00:00
1787169600000,68429.44,70000.0,68390.0,69334.79,5593.23699,1787183999999,387820099.69837470,1136858,2847.21441000,197454663.18477090,0,2026-08-19 20:00:00+00:00
1787184000000,69334.78,69894.5,68902.22,69195.64,4128.11593,1787198399999,286686629.36882950,752205,2201.44083000,152879995.25945430,0,2026-08-20 00:00:00+00:00
1787198400000,69195.64,70022.0,69166.0,69816.45,5427.46046,1787212799999,377584678.95977530,693188,2456.75058000,170976789.63138100,0,2026-08-20 04:00:00+00:00
1787212800000,69816.45,72490.0,69772.36,71927.07,11048.6274,1787227199999,791582876.50838400,1531290,5815.28980000,416389925.31439180,0,2026-08-20 08:00:00+00:00
1787227200000,71927.07,72830.0,71132.0,72470.83,8096.54953,1787241599999,582385271.51881730,1685640,4252.07287000,305863134.14393050,0,2026-08-20 12:00:00+00:00
1787241600000,72470.84,72966.0,72205.88,72690.76,4379.48083,1787255999999,317970452.93193340,951205,2022.92256000,146883621.04415130,0,2026-08-20 16:00:00+00:00
1787256000000,72690.76,73400.0,72498.0,73025.15,2824.55872,1787270399999,205843798.32224380,635586,1396.46469000,101803275.59783700,0,2026-08-20 20:00:00+00:00
1787270400000,73027.02,75785.82,73027.02,74510.77,7849.2251,1787284799999,584652979.50479880,1582036,4341.43753000,323329342.79991790,0,2026-08-21 00:00:00+00:00
1787284800000,74510.77,76916.95,74510.77,76308.65,7121.86416,1787299199999,540182095.05652920,1233155,3691.96440000,279782305.23860430,0,2026-08-21 04:00:00+00:00
1787299200000,76308.66,79500.0,76235.76,76722.32,12525.47553,1787313599999,973556247.64622840,2281523,6098.63047000,474190462.60849580,0,2026-08-21 08:00:00+00:00
1787313600000,76722.31,77871.33,76243.04,77221.98,7874.81907,1787327999999,606989752.82859660,1797337,3961.38466000,305360459.19372670,0,2026-08-21 12:00:00+00:00
1787328000000,77221.98,77722.12,76643.72,77028.94,4866.29326,1787342399999,375915274.04580900,975846,2719.75487000,210152604.04575330,0,2026-08-21 16:00:00+00:00
1787342400000,77028.94,78760.68,76863.56,78338.03,4101.88856,1787356799999,320376410.95139890,1059047,2220.70468000,173373552.44508530,0,2026-08-21 20:00:00+00:00
1787356800000,78338.03,78828.15,77683.37,78410.98,3135.03861,1787371199999,245268338.66544460,857785,1655.87280000,129553021.96760670,0,2026-08-22 00:00:00+00:00
1787371200000,78410.98,78818.0,76500.0,77289.18,6027.36717,1787385599999,466550227.91288690,1105878,2889.00664000,223630077.58761460,0,2026-08-22 04:00:00+00:00
1787385600000,77289.18,77445.6,76533.87,77130.02,3748.00174,1787399999999,288838577.45310660,769748,2061.88699000,158937925.06550300,0,2026-08-22 08:00:00+00:00
1787400000000,77130.01,77387.99,76880.0,76978.83,2000.76926,1787414399999,154332032.60858740,457317,958.85466000,73966647.93209010,0,2026-08-22 12:00:00+00:00
1787414400000,76978.83,77547.96,76956.36,77418.25,1412.16364,1787428799999,109110128.05587650,353418,781.25491000,60367187.02862000,0,2026-08-22 16:00:00+00:00
1787428800000,77418.26,77467.53,76772.0,77074.93,2201.16805,1787443199999,169669083.90133610,405899,1066.31626000,82195700.71766210,0,2026-08-22 20:00:00+00:00
1787443200000,77074.94,77400.0,76837.0,76927.87,1553.06668,1787457599999,119795735.02556540,403643,835.93072000,64487675.37354860,0,2026-08-23 00:00:00+00:00
1787457600000,76927.87,77036.58,75545.67,76007.13,4450.70459,1787471999999,339620679.03903390,873491,2171.45780000,165746915.05259870,0,2026-08-23 04:00:00+00:00
1787472000000,76007.12,77400.0,75952.09,77311.02,2438.39979,1787486399999,187060386.45464260,547639,1413.14785000,108425375.08916350,0,2026-08-23 08:00:00+00:00
1787486400000,77311.02,77765.8,76802.0,77156.13,2980.37095,1787500799999,230369560.05126230,678045,1587.05490000,122710866.02050470,0,2026-08-23 12:00:00+00:00
1787500800000,77156.14,77487.04,77116.0,77346.01,1664.50999,1787515199999,128662882.74398600,405681,943.50454000,72933413.52138880,0,2026-08-23 16:00:00+00:00
1787515200000,77346.0,78052.85,77200.03,77734.0,2280.17985,1787529599999,177119032.74494270,719330,1256.25450000,97597713.17854720,0,2026-08-23 20:00:00+00:00
1787529600000,77734.0,77742.0,76883.61,76933.02,3664.03678,1787543999999,283117467.42200270,880230,1468.88006000,113541895.61322090,0,2026-08-24 00:00:00+00:00
1787544000000,76933.02,77790.19,76670.01,77307.15,3503.20007,1787558399999,270380619.84755870,686797,1778.71704000,137329588.69792800,0,2026-08-24 04:00:00+00:00
1787558400000,77307.14,78600.0,76838.0,78443.65,3882.01996,1787572799999,301637101.66814940,777457,2127.68785000,165398192.06875300,0,2026-08-24 08:00:00+00:00
1787572800000,78443.65,80000.0,77851.9,79100.01,12055.74657,1787587199999,954105947.73830280,2256737,6130.21530000,485130828.05272660,0,2026-08-24 12:00:00+00:00
1787587200000,79100.01,79877.87,78468.61,78758.0,5362.11449,1787601599999,423708111.23708800,1289063,2604.67163000,205822754.51750950,0,2026-08-24 16:00:00+00:00
1787601600000,78757.99,79049.4,78560.0,78992.75,1712.17604,1787615999999,135011596.38974740,444125,923.82360000,72852818.93258560,0,2026-08-24 20:00:00+00:00
1787616000000,78992.76,81272.62,78715.63,80488.01,6875.1249,1787630399999,552000217.08371090,1567814,3726.91106000,299212561.70538780,0,2026-08-25 00:00:00+00:00
1787630400000,80488.01,80923.69,79369.17,79705.79,3945.93467,1787644799999,317316928.59119220,860532,2061.28356000,165811951.95760890,0,2026-08-25 04:00:00+00:00
1787644800000,79705.79,80249.0,78888.0,79117.99,3717.84169,1787659199999,295648536.13627840,921083,1724.80910000,137161733.46945070,0,2026-08-25 08:00:00+00:00
1787659200000,79118.0,79527.09,78120.74,79502.01,4751.6108,1787673599999,375123227.05575410,1483533,2322.82950000,183485659.16037970,0,2026-08-25 12:00:00+00:00
1787673600000,79502.01,79563.71,78728.35,78925.95,2595.83028,1787687999999,205368523.10030700,649705,1429.56287000,113087832.53529280,0,2026-08-25 16:00:00+00:00
1787688000000,78925.96,79000.0,77851.0,78539.14,2886.1716,1787702399999,226713098.30735500,877535,1368.03645000,107534436.02657480,0,2026-08-25 20:00:00+00:00
1787702400000,78539.13,79251.6,78312.0,79088.62,2212.08248,1787716799999,174349498.55464170,675988,1309.61907000,103237458.44888720,0,2026-08-26 00:00:00+00:00
1787716800000,79088.61,79206.0,78638.0,78925.56,1973.77004,1787731199999,155873393.57978870,570851,1080.64177000,85340999.44864870,0,2026-08-26 04:00:00+00:00
1787731200000,78925.57,79119.37,78244.83,78487.26,2329.51988,1787745599999,183326671.60239800,658841,912.46993000,71788035.36855340,0,2026-08-26 08:00:00+00:00
1787745600000,78487.26,78713.79,77632.58,78011.65,3729.56026,1787759999999,291557221.11970710,1189541,1697.72292000,132762128.15480150,0,2026-08-26 12:00:00+00:00
1787760000000,78011.64,78650.26,77858.0,78475.49,1989.76733,1787774399999,155798970.76343630,562882,1056.26970000,82707473.82145190,0,2026-08-26 16:00:00+00:00
1787774400000,78475.49,79174.12,78200.0,79023.75,2379.05888,1787788799999,187330300.25926670,626424,1242.54885000,97830388.85720720,0,2026-08-26 20:00:00+00:00
1787788800000,79023.75,79028.49,78546.13,78830.68,1834.8573,1787803199999,144579435.75408840,551359,713.91341000,56270787.53047790,0,2026-08-27 00:00:00+00:00
1787803200000,78830.68,79095.99,78600.0,79082.17,1224.03365,1787817599999,96432095.27746590,384940,526.34142000,41468166.60825430,0,2026-08-27 04:00:00+00:00
1787817600000,79082.18,80520.0,79048.0,79477.67,4143.28822,1787831999999,330549396.01144760,1124274,1951.16237000,155657056.86695610,0,2026-08-27 08:00:00+00:00
1787832000000,79477.66,80799.91,78920.0,80302.32,4528.8285,1787846399999,361694413.25049010,1596713,2095.16731000,167379875.80070230,0,2026-08-27 12:00:00+00:00
1787846400000,80302.32,80848.74,79749.7,79910.19,3109.17529,1787860799999,249832874.32273300,874564,1357.47381000,109071359.03187430,0,2026-08-27 16:00:00+00:00
1787860800000,79910.19,80432.36,79882.86,80249.58,1425.35399,1787875199999,114282160.85725360,400435,714.44215000,57286832.92702940,0,2026-08-27 20:00:00+00:00
1787875200000,80249.59,81478.87,79723.02,79810.49,3700.54747,1787889599999,297709414.97095030,914119,1879.01365000,151245786.82704080,0,2026-08-28 00:00:00+00:00
1787889600000,79810.48,79999.0,79558.11,79660.0,2266.68768,1787903999999,180738434.01848200,520403,902.27172000,71965816.32192920,0,2026-08-28 04:00:00+00:00
1787904000000,79660.0,79840.0,79001.01,79604.13,2010.80327,1787918399999,159814037.53816110,470492,960.12940000,76310569.28665670,0,2026-08-28 08:00:00+00:00
1787918400000,79604.12,79838.73,78312.64,78331.13,5428.42383,1787932799999,429508059.46827290,1268891,2625.72391000,207885000.38184410,0,2026-08-28 12:00:00+00:00
1787932800000,78331.13,78404.0,76888.0,77580.03,4754.79211,1787947199999,369396365.51092280,1270567,2167.33305000,168390166.61776620,0,2026-08-28 16:00:00+00:00
1787947200000,77580.03,77846.72,77255.69,77845.87,1595.1821,1787961599999,123761290.77215150,377685,765.93798000,59431099.86581930,0,2026-08-28 20:00:00+00:00
1787961600000,77845.88,77963.92,77507.16,77507.17,1163.39213,1787975999999,90418050.36342320,329709,548.29970000,42618872.01905870,0,2026-08-29 00:00:00+00:00
1787976000000,77507.17,77716.12,77382.37,77626.01,1664.15625,1787990399999,129119474.46453120,280807,827.17018000,64179135.20220030,0,2026-08-29 04:00:00+00:00
1787990400000,77626.01,77754.23,77487.73,77584.67,991.9736,1788004799999,76998162.12379600,192187,533.83679000,41433015.43003900,0,2026-08-29 08:00:00+00:00
1788004800000,77584.66,78150.0,77506.63,77865.36,1283.2584,1788019199999,99813325.98859200,276535,745.88598000,58018508.34239670,0,2026-08-29 12:00:00+00:00
1788019200000,77865.36,78330.0,77858.29,78182.0,1024.87084,1788033599999,80033032.82429170,279595,526.08425000,41083628.35875490,0,2026-08-29 16:00:00+00:00
1788033600000,78181.99,78298.0,78062.0,78230.0,888.65135,1788047999999,69485939.08394360,161053,413.61973000,32343014.51924300,0,2026-08-29 20:00:00+00:00
1788048000000,78230.0,78330.0,77994.02,78144.68,816.30414,1788062399999,63775145.17067210,209501,429.00582000,33517878.65151850,0,2026-08-30 00:00:00+00:00
1788062400000,78144.68,78310.71,77990.0,78118.0,723.01311,1788076799999,56509774.45269080,132881,387.35056000,30277320.21561120,0,2026-08-30 04:00:00+00:00
1788076800000,78118.0,78242.0,77962.49,78166.0,649.28997,1788091199999,50708621.29762170,170923,298.03429000,23276522.44480670,0,2026-08-30 08:00:00+00:00
1788091200000,78165.99,78966.76,78165.99,78823.63,2296.08087,1788105599999,180746108.32442370,505250,1121.74557000,88292026.79586880,0,2026-08-30 12:00:00+00:00
1788105600000,78823.62,79400.0,78721.98,78856.39,1654.26061,1788119999999,130738402.36873220,561134,799.05078000,63152358.42664400,0,2026-08-30 16:00:00+00:00
1788120000000,78856.39,78931.49,77000.0,77682.0,2946.47535,1788134399999,230028487.95032430,825233,1279.15667000,99916760.81206190,0,2026-08-30 20:00:00+00:00
1788134400000,77682.0,78185.89,77392.0,77756.71,2131.01907,1788148799999,165701011.81326540,762358,1118.12275000,86954784.30656350,0,2026-08-31 00:00:00+00:00
1788148800000,77756.7,78322.56,77458.83,78196.01,2746.00452,1788163199999,214069223.61328320,633177,1403.68566000,109399091.04321430,0,2026-08-31 04:00:00+00:00
1788163200000,78196.01,78802.0,77982.0,78315.43,2466.58638,1788177599999,193536671.76838170,643416,1349.09141000,105850215.65118290,0,2026-08-31 08:00:00+00:00
1788177600000,78315.43,78777.9,77675.04,78580.42,4388.20343,1788191999999,343266115.88023210,1316569,2280.57718000,178457675.95347050,0,2026-08-31 12:00:00+00:00
1788192000000,78580.43,79250.0,78494.0,78898.06,2077.9423,1788206399999,163864857.79030950,674370,1134.42529000,89460506.78868300,0,2026-08-31 16:00:00+00:00
1788206400000,78898.06,79172.0,78405.01,78581.29,1494.15032,1788220799999,117720301.37194790,324847,864.73281000,68122577.61450770,0,2026-08-31 20:00:00+00:00
1788220800000,78581.3,78900.01,78189.93,78679.01,2030.75476,1788235199999,159571819.45958240,403495,1067.12476000,83838725.65055990,0,2026-09-01 00:00:00+00:00
1788235200000,78679.01,79220.61,78500.0,78632.37,1861.50805,1788249599999,146778162.65485550,441702,1064.23942000,83931839.69601520,0,2026-09-01 04:00:00+00:00
1788249600000,78632.37,78658.01,77758.69,78098.97,2651.84197,1788263999999,206851571.78316050,719317,1515.92464000,118235173.35598810,0,2026-09-01 08:00:00+00:00
1788264000000,78098.96,78424.0,77510.0,77919.06,3120.33071,1788278399999,243305254.93083420,870131,1514.66947000,118104035.80837760,0,2026-09-01 12:00:00+00:00
1788278400000,77919.07,77976.0,76420.0,77312.0,3107.9414,1788292799999,239916082.75033550,791669,1302.60078000,100586161.15396800,0,2026-09-01 16:00:00+00:00
1788292800000,77312.0,77638.18,76920.36,77439.0,1358.2626,1788307199999,104964385.07256120,436491,663.58604000,51285622.56444680,0,2026-09-01 20:00:00+00:00
1788307200000,77439.01,77792.0,76718.48,77563.5,2069.66828,1788321599999,159958546.37359800,589665,1099.49926000,84993246.67227620,0,2026-09-02 00:00:00+00:00
1788321600000,77563.5,77765.99,77294.56,77473.85,1554.71407,1788335999999,120617931.19929450,419010,776.08559000,60206468.67091240,0,2026-09-02 04:00:00+00:00
1788336000000,77473.86,77546.0,76264.0,76828.76,3307.82033,1788350399999,253836281.66270190,690141,1727.54042000,132570422.60809100,0,2026-09-02 08:00:00+00:00
1788350400000,76828.75,77490.0,76611.67,77288.98,2775.08568,1788364799999,213774571.98082470,812751,1406.54795000,108356888.17591350,0,2026-09-02 12:00:00+00:00
1788364800000,77288.97,77582.0,76950.56,77341.47,2309.35456,1788379199999,178656290.97265820,478810,1117.35448000,86424783.19474010,0,2026-09-02 16:00:00+00:00
1788379200000,77341.48,77520.0,77007.36,77340.01,1054.33528,1788393599999,81489490.39844610,322115,520.35526000,40221484.37187550,0,2026-09-02 20:00:00+00:00
1788393600000,77340.01,77900.0,76968.0,77708.0,1810.06511,1788407999999,140251311.41904770,443378,988.98853000,76628628.99101400,0,2026-09-03 00:00:00+00:00
1788408000000,77708.01,78183.91,77101.01,77663.15,2058.03609,1788422399999,159987507.99482700,476924,1113.20281000,86546804.62121990,0,2026-09-03 04:00:00+00:00
1788422400000,77663.14,78066.0,77478.0,77948.39,1507.39929,1788436799999,117256418.94569610,514832,802.32730000,62409089.93802470,0,2026-09-03 08:00:00+00:00
1788436800000,77948.39,81370.33,77896.07,81348.0,7602.37953,1788451199999,606886446.65986400,1460907,4404.26682000,351626136.76409710,0,2026-09-03 12:00:00+00:00
1788451200000,81348.0,81790.0,80613.52,81755.41,3813.87114,1788465599999,309493308.37157200,814420,1855.92673000,150618107.75558090,0,2026-09-03 16:00:00+00:00
1788465600000,81755.41,82300.0,80905.05,81270.37,3014.67131,1788479999999,245764086.45615860,750184,1676.64248000,136776237.41366230,0,2026-09-03 20:00:00+00:00
1788480000000,81270.37,81427.75,80669.45,80850.0,2106.35935,1788494399999,170548843.22647800,433873,1052.43002000,85216048.04036780,0,2026-09-04 00:00:00+00:00
1788494400000,80850.01,81288.0,80573.21,80656.87,2337.64732,1788508799999,189190033.28719350,401569,1157.70836000,93730044.98548820,0,2026-09-04 04:00:00+00:00
1788508800000,80656.86,81423.03,80502.87,81224.86,2718.76274,1788523199999,220450057.01417570,549265,1451.60341000,117703901.99867380,0,2026-09-04 08:00:00+00:00
1788523200000,81224.86,81350.0,78660.0,79429.33,8378.55183,1788537599999,666810632.82150020,1439350,3751.98069000,298503687.41464380,0,2026-09-04 12:00:00+00:00
1788537600000,79429.33,79877.07,79378.19,79793.34,2107.66351,1788551999999,167870858.16698920,370092,1037.86815000,82660004.19847010,0,2026-09-04 16:00:00+00:00
1788552000000,79793.35,79862.15,79512.0,79660.77,1549.64074,1788566399999,123522867.96820910,223751,830.76886000,66215090.88689250,0,2026-09-04 20:00:00+00:00
1788566400000,79660.77,79721.57,79472.22,79582.0,879.54469,1788580799999,70012628.69199640,193452,435.77060000,34686081.18346780,0,2026-09-05 00:00:00+00:00
1788580800000,79581.99,79763.41,79442.0,79709.96,1299.56191,1788595199999,103432853.76431850,147112,659.45468000,52493060.22739510,0,2026-09-05 04:00:00+00:00
1788595200000,79709.96,79735.97,79568.0,79609.28,1317.25002,1788609599999,104916682.77747440,177884,546.30491000,43511084.91680900,0,2026-09-05 08:00:00+00:00
1788609600000,79609.29,79816.0,79545.96,79806.01,1515.20832,1788623999999,120770981.07262250,201844,818.96735000,65279600.65978350,0,2026-09-05 12:00:00+00:00
1788624000000,79806.0,80200.0,79712.86,79754.0,2187.26566,1788638399999,174953002.20601300,350339,917.36106000,73369863.33491870,0,2026-09-05 16:00:00+00:00
1788638400000,79753.99,79947.99,79694.0,79831.75,1918.4096,1788652799999,153075951.65468650,205419,877.42365000,70008785.38504600,0,2026-09-05 20:00:00+00:00
1788652800000,79831.75,80107.99,79829.98,80028.01,959.7761,1788667199999,76738783.02472870,228990,495.62362000,39627543.10878650,0,2026-09-06 00:00:00+00:00
1788667200000,80028.01,80107.99,79577.0,79805.0,1634.23504,1788681599999,130509991.49969800,234818,678.66119000,54199946.14383020,0,2026-09-06 04:00:00+00:00
1788681600000,79804.68,80020.0,79752.7,79919.17,1709.90126,1788695999999,136601046.18773640,233638,625.56534000,49980870.23711140,0,2026-09-06 08:00:00+00:00
1788696000000,79919.17,80010.0,79233.0,79716.5,1691.87965,1788710399999,134855695.84901830,364246,785.29009000,62591085.12418520,0,2026-09-06 12:00:00+00:00
1788710400000,79716.51,79970.0,79584.73,79829.99,859.21256,1788724799999,68553308.74317560,198464,371.52179000,29638580.23223490,0,2026-09-06 16:00:00+00:00
1788724800000,79830.0,80559.99,79647.04,80341.83,1999.81366,1788739199999,160163399.16069790,398089,1255.52874000,100562157.80336260,0,2026-09-06 20:00:00+00:00
1788739200000,80341.83,80443.99,79568.6,79596.39,1737.92416,1788753599999,139047832.68513900,453076,812.36876000,65003690.18801430,0,2026-09-07 00:00:00+00:00
1788753600000,79596.38,79926.04,79001.1,79397.83,2737.571,1788767999999,217914110.76022250,436634,1439.36662000,114597183.35532830,0,2026-09-07 04:00:00+00:00
1788768000000,79397.83,79550.0,79282.0,79420.16,1414.08125,1788782399999,112324541.43328270,323835,681.59628000,54137010.31747650,0,2026-09-07 08:00:00+00:00
1788782400000,79420.16,79643.5,78680.0,78821.99,2336.60558,1788796799999,184997092.78295430,579507,1054.06774000,83475434.95668990,0,2026-09-07 12:00:00+00:00
1788796800000,78822.0,79419.17,78807.69,79365.82,1219.11153,1788811199999,96427074.22771940,329299,658.90746000,52116200.90194960,0,2026-09-07 16:00:00+00:00
1788811200000,79365.81,79394.92,78781.07,79112.01,1127.16143,1788825599999,89172022.65301940,342252,533.84982000,42234087.78624990,0,2026-09-07 20:00:00+00:00
1788825600000,79112.0,79485.0,78725.1,78906.28,2314.63248,1788839999999,183133350.45439530,812455,1072.09418000,84832835.77901210,0,2026-09-08 00:00:00+00:00
1788840000000,78906.27,78929.24,78179.98,78482.0,6753.06421,1788854399999,530063447.52617090,1585493,3084.35928000,242121091.67222220,0,2026-09-08 04:00:00+00:00
1788854400000,78482.0,78994.5,78271.63,78430.01,2614.92047,1788868799999,205273827.99566000,413366,1099.56546000,86344469.76004460,0,2026-09-08 08:00:00+00:00
1788868800000,78430.0,78910.88,77620.01,78904.0,4668.00227,1788883199999,365040142.33088600,843960,1884.67205000,147533670.35950650,0,2026-09-08 12:00:00+00:00
1788883200000,78904.0,78978.39,78271.49,78446.0,1484.59996,1788897599999,116669148.11044510,398948,773.21416000,60765321.46755960,0,2026-09-08 16:00:00+00:00
1788897600000,78445.99,78662.75,78406.0,78455.8,1399.84666,1788911999999,109897319.31729840,285424,627.21056000,49241352.12830650,0,2026-09-08 20:00:00+00:00
1788912000000,78455.8,78928.65,78455.79,78638.01,1609.73359,1788926399999,126753982.70412670,317854,751.82871000,59186285.76920910,0,2026-09-09 00:00:00+00:00
1788926400000,78638.01,79400.0,78638.0,79277.43,1973.28668,1788940799999,156089232.33060370,432242,969.06884000,76660514.77122120,0,2026-09-09 04:00:00+00:00
1788940800000,79277.44,79760.0,78725.29,79324.75,2523.95974,1788955199999,200078904.98308050,549634,1172.23599000,92926534.40980100,0,2026-09-09 08:00:00+00:00
1788955200000,79324.75,79678.84,78060.03,78596.7,4602.5023,1788969599999,363750201.13374650,1118307,2014.10057000,159237661.25800480,0,2026-09-09 12:00:00+00:00
1788969600000,78596.7,78938.55,78150.0,78234.94,1739.43655,1788983999999,136753528.02492420,471420,937.18334000,73697827.05488550,0,2026-09-09 16:00:00+00:00
1788984000000,78234.94,78340.01,77770.0,78306.43,1681.00141,1788998399999,131304816.97572110,448912,775.66474000,60598404.18603950,0,2026-09-09 20:00:00+00:00
1788998400000,78306.43,78550.0,77952.0,78328.08,1876.38897,1789012799999,146801771.47137960,408580,848.21712000,66362964.41974180,0,2026-09-10 00:00:00+00:00
1789012800000,78328.08,78564.39,77906.48,78112.0,1876.70487,1789027199999,146929980.85350380,323623,934.37374000,73154496.18605670,0,2026-09-10 04:00:00+00:00
1789027200000,78112.0,78229.22,77688.0,77840.8,2184.29873,1789041599999,170354028.29662630,384567,704.55264000,54955971.36959200,0,2026-09-10 08:00:00+00:00
1789041600000,77840.64,77959.2,76676.07,77250.0,6058.77233,1789055999999,467917735.21808270,1089623,2491.96420000,192335864.39207020,0,2026-09-10 12:00:00+00:00
1789056000000,77250.0,77544.0,76804.99,77160.83,1862.81881,1789070399999,143762557.28444110,479744,858.08837000,66227264.10384300,0,2026-09-10 16:00:00+00:00
1789070400000,77160.83,77347.45,76464.0,76568.72,1461.38533,1789084799999,112351870.64798610,394570,589.77745000,45361451.56917820,0,2026-09-10 20:00:00+00:00
1789084800000,76568.73,77013.62,76563.01,76891.8,2190.99695,1789099199999,168336465.42886040,421767,1014.32382000,77933836.02723100,0,2026-09-11 00:00:00+00:00
1789099200000,76891.81,77431.48,76889.23,77230.7,1495.30957,1789113599999,115435265.00029790,234010,874.53258000,67496269.29462760,0,2026-09-11 04:00:00+00:00
1789113600000,77230.7,77500.0,76746.95,77036.12,1673.60711,1789127999999,128999410.93151690,300565,752.46115000,58002064.31852070,0,2026-09-11 08:00:00+00:00
1789128000000,77036.12,79890.0,76046.58,77732.25,9334.31018,1789142399999,727803306.28532850,1658926,4685.59631000,365387692.97158510,0,2026-09-11 12:00:00+00:00
1789142400000,77732.25,78068.01,76883.0,77286.01,2837.74262,1789156799999,219862384.26492990,700600,1361.01543000,105473007.11652150,0,2026-09-11 16:00:00+00:00
1789156800000,77286.0,77504.01,76967.13,77225.7,2181.31086,1789171199999,168372660.18837590,298395,1164.22416000,89860300.08961680,0,2026-09-11 20:00:00+00:00
1789171200000,77225.71,77378.37,77207.65,77268.09,1050.82498,1789185599999,81207062.73867860,125176,558.16599000,43131534.19577260,0,2026-09-12 00:00:00+00:00
1789185600000,77268.09,77359.2,77164.06,77269.55,1868.18666,1789199999999,144314712.45325430,116144,1077.17187000,83206174.53465850,0,2026-09-12 04:00:00+00:00
1789200000000,77269.54,77400.75,77269.54,77356.04,911.81159,1789214399999,70521078.84141390,109071,483.83306000,37418420.27968060,0,2026-09-12 08:00:00+00:00
1789214400000,77356.05,77505.67,77255.19,77380.37,1868.75181,1789228799999,144538567.91050950,147395,1045.91905000,80891789.33529070,0,2026-09-12 12:00:00+00:00
1789228800000,77380.38,77414.01,77059.75,77114.99,1414.87519,1789243199999,109225264.26358590,135668,575.02221000,44386589.82365190,0,2026-09-12 16:00:00+00:00
1789243200000,77115.0,77300.0,77114.99,77278.73,945.99432,1789257599999,73042473.38029680,115120,572.65900000,44213168.58023950,0,2026-09-12 20:00:00+00:00
1789257600000,77278.73,77341.37,77162.36,77192.01,909.67679,1789271999999,70288334.33788610,94347,470.96177000,36388974.06086880,0,2026-09-13 00:00:00+00:00
1789272000000,77192.0,77325.82,77058.42,77127.99,1137.82395,1789286399999,87870752.24132360,110933,662.74628000,51188816.03242840,0,2026-09-13 04:00:00+00:00
1789286400000,77127.99,77182.0,76500.0,76792.32,1396.22788,1789300799999,107188172.34675510,278398,576.21763000,44231033.56317290,0,2026-09-13 08:00:00+00:00
1789300800000,76792.31,77254.45,76560.0,77134.83,1488.47423,1789315199999,114501494.95037720,254422,886.84108000,68216070.75109040,0,2026-09-13 12:00:00+00:00
1789315200000,77134.82,77413.52,77125.66,77284.0,690.96129,1789329599999,53408148.05989340,172636,337.97895000,26125140.55987010,0,2026-09-13 16:00:00+00:00
1789329600000,77284.01,77450.0,76622.97,76842.01,1336.51952,1789343999999,102835311.46520410,364767,680.98737000,52387324.64383650,0,2026-09-13 20:00:00+00:00
1789344000000,76842.01,77869.82,76388.72,77596.33,3263.31484,1789358399999,252160806.20273940,576703,1943.36853000,150366489.10456890,0,2026-09-14 00:00:00+00:00
1789358400000,77596.32,77895.35,77379.41,77892.24,1674.13901,1789372799999,130019629.12344630,275823,913.68041000,70962739.89046770,0,2026-09-14 04:00:00+00:00
1789372800000,77892.24,78374.01,77593.8,77776.0,1944.20806,1789387199999,151475879.87544830,432424,972.43559000,75786175.49421420,0,2026-09-14 08:00:00+00:00
1789387200000,77776.0,78712.29,77481.98,78578.02,3774.64146,1789401599999,295494707.59804170,944311,2049.79093000,160478410.61639480,0,2026-09-14 12:00:00+00:00
1789401600000,78578.02,79325.0,78426.17,78982.0,2707.30125,1789415999999,213744265.06687630,550840,1495.88159000,118102458.53077970,0,2026-09-14 16:00:00+00:00
1789416000000,78982.01,79600.0,78131.3,78189.21,2049.88509,1789430399999,161667738.26638560,445416,828.53821000,65382931.79670230,0,2026-09-14 20:00:00+00:00
1789430400000,78189.2,78250.46,77658.0,77676.99,1582.25659,1789444799999,123289073.09139640,283928,797.80639000,62150707.78099180,0,2026-09-15 00:00:00+00:00
1789444800000,77676.99,77744.31,76889.22,76930.01,2492.09601,1789459199999,192869970.22462140,351547,1134.80553000,87785257.80460130,0,2026-09-15 04:00:00+00:00
1789459200000,76930.0,77223.32,76703.59,76940.01,2305.84645,1789473599999,177400038.92401200,345154,1302.70526000,100231505.15161960,0,2026-09-15 08:00:00+00:00
1789473600000,76940.01,77143.15,75605.0,76512.0,6696.64322,1789487999999,511019113.56776580,993618,3243.32826000,247599806.69240870,0,2026-09-15 12:00:00+00:00
1789488000000,76512.01,77343.44,74967.97,76186.48,6485.18573,1789502399999,493653699.58739010,1038454,3220.55114000,245404029.92691750,0,2026-09-15 16:00:00+00:00
1789502400000,76186.48,76245.98,75140.64,75644.48,2120.68934,1789516799999,160500343.00441120,407239,945.80477000,71594302.33869630,0,2026-09-15 20:00:00+00:00
1789516800000,75644.48,76111.0,75457.52,75824.01,1612.51371,1789531199999,122220667.89684850,351689,836.34881000,63393722.38271170,0,2026-09-16 00:00:00+00:00
1789531200000,75824.0,76097.54,75677.64,75766.63,1815.54445,1789545599999,137786617.63090730,283990,889.52913000,67508812.07561340,0,2026-09-16 04:00:00+00:00
1789545600000,75766.62,76304.01,75350.0,76250.0,1984.5471,1789559999999,150494558.62943940,318550,955.81302000,72511424.76169800,0,2026-09-16 08:00:00+00:00
1789560000000,76250.0,76300.0,75423.04,75788.41,2571.68452,1789574399999,194905386.47502420,590196,1309.14206000,99211421.32494510,0,2026-09-16 12:00:00+00:00
1789574400000,75788.41,76560.76,75064.82,76080.0,5061.39529,1789588799999,383797263.54004260,1175193,2733.58539000,207357591.54711760,0,2026-09-16 16:00:00+00:00
1789588800000,76080.0,76422.01,75632.7,76206.01,1842.29924,1789603199999,140035139.94134080,338076,806.59500000,61357194.25724280,0,2026-09-16 20:00:00+00:00
1789603200000,76206.0,76774.08,76055.34,76441.99,1903.83757,1789617599999,145466757.63438730,318404,1125.58756000,86000010.33784170,0,2026-09-17 00:00:00+00:00
1789617600000,76442.0,76682.01,76187.0,76462.76,1250.01649,1789631999999,95579127.51430480,225729,621.21994000,47492282.22991160,0,2026-09-17 04:00:00+00:00
1789632000000,76462.77,76770.0,76179.0,76482.0,1544.37385,1789646399999,118088376.37247870,265933,755.61476000,57784076.55639640,0,2026-09-17 08:00:00+00:00
1789646400000,76482.0,77179.47,76000.0,76780.01,3397.26109,1789660799999,260464199.83291670,667399,1935.08548000,148386203.13424090,0,2026-09-17 12:00:00+00:00
1789660800000,76780.01,76970.01,76470.4,76594.01,1893.4651,1789675199999,145241360.17055820,365114,933.39306000,71605037.54243510,0,2026-09-17 16:00:00+00:00
1789675200000,76594.01,76732.99,76259.98,76417.01,936.06809,1789689599999,71586049.51424670,171979,471.41666000,36050783.59389160,0,2026-09-17 20:00:00+00:00
1789689600000,76417.01,77597.83,76296.0,77383.47,2587.0135,1789703999999,199021682.45928100,336326,1487.46824000,114464244.44355700,0,2026-09-18 00:00:00+00:00
1789704000000,77383.47,77850.0,77216.76,77798.01,3187.0833,1789718399999,247255678.01971620,378380,1909.65746000,148162769.18927240,0,2026-09-18 04:00:00+00:00
1789718400000,77798.0,78490.79,77660.0,78062.0,3241.48376,1789732799999,253254936.58942430,411825,1685.61282000,131703351.67712880,0,2026-09-18 08:00:00+00:00
1789732800000,78062.01,81154.67,77972.3,80725.6,9210.60084,1789747199999,737810384.76989590,1078975,5187.99270000,415354206.32886460,0,2026-09-18 12:00:00+00:00
1789747200000,80725.6,81400.0,80555.54,81204.76,3501.19859,1789761599999,283518824.57474880,656245,1686.66412000,136606393.40619180,0,2026-09-18 16:00:00+00:00
1789761600000,81204.77,81370.57,80862.61,80883.87,2180.39963,1789775999999,176861280.99692800,331358,975.38094000,79121002.10516500,0,2026-09-18 20:00:00+00:00
1789776000000,80883.86,81741.0,80844.58,81136.01,1943.90854,1789790399999,158024732.95127720,353242,928.44357000,75476356.49175100,0,2026-09-19 00:00:00+00:00
1789790400000,81136.02,81250.0,80911.12,81100.16,1034.19685,1789804799999,83844027.03751880,200105,417.04181000,33813811.49108840,0,2026-09-19 04:00:00+00:00
1789804800000,81100.17,81528.01,81075.28,81302.63,1636.76431,1789819199999,133070007.23474540,235433,826.32039000,67172849.25953980,0,2026-09-19 08:00:00+00:00
1789819200000,81302.63,81951.0,81183.28,81636.01,2362.29081,1789833599999,192601405.93167180,312352,1301.69579000,106139825.64051060,0,2026-09-19 12:00:00+00:00
1789833600000,81636.01,81914.01,81309.68,81354.01,1747.3466,1789847999999,142634760.79806370,309410,878.74757000,71767837.44278430,0,2026-09-19 16:00:00+00:00
1789848000000,81354.01,81431.13,80904.46,81249.99,1939.25995,1789862399999,157446911.63070170,237847,782.41349000,63529846.32193860,0,2026-09-19 20:00:00+00:00
1789862400000,81249.99,81330.01,80126.04,80486.38,3046.21561,1789876799999,245785808.23741300,353680,1399.52178000,112938209.31260000,0,2026-09-20 00:00:00+00:00
1789876800000,80486.38,80668.15,80227.27,80311.61,1823.56121,1789891199999,146725483.57129090,260473,1109.23444000,89265928.54438800,0,2026-09-20 04:00:00+00:00
1789891200000,80311.6,80581.82,80165.49,80493.2,1296.28832,1789905599999,104213943.31739550,218549,828.67361000,66622450.14660200,0,2026-09-20 08:00:00+00:00
1789905600000,80493.21,80969.84,80327.64,80912.0,1479.70799,1789919999999,119322074.67986590,294596,866.17838000,69851548.14240270,0,2026-09-20 12:00:00+00:00
1789920000000,80912.0,81497.33,80811.03,81177.32,2151.78928,1789934399999,174756678.60384580,450509,1255.67180000,101975825.89561920,0,2026-09-20 16:00:00+00:00
1789934400000,81177.32,81332.01,80579.43,81178.0,1196.12052,1789948799999,96973964.88143450,363471,552.04933000,44762458.90250820,0,2026-09-20 20:00:00+00:00
1789948800000,81178.01,82100.0,80850.22,81425.23,2906.21801,1789963199999,236935622.46621130,711373,1455.84511000,118739877.54417800,0,2026-09-21 00:00:00+00:00
1789963200000,81425.24,81878.98,81228.15,81720.01,2052.25945,1789977599999,167363260.86090350,373701,904.22211000,73748147.44103050,0,2026-09-21 04:00:00+00:00
1789977600000,81720.01,85299.87,81720.0,84887.19,11227.96172,1789991999999,942940426.46045810,1153803,6558.65662000,550533658.19639270,0,2026-09-21 08:00:00+00:00
1789992000000,84887.19,86344.7,84778.0,85927.71,8699.46929,1790006399999,743988552.03360550,1165920,4151.86044000,355096915.83481420,0,2026-09-21 12:00:00+00:00
1790006400000,85927.71,86895.7,85607.42,86490.11,3950.07947,1790020799999,340029068.43791670,592385,1924.95389000,165748157.02582690,0,2026-09-21 16:00:00+00:00
1790020800000,86490.11,87395.67,86295.78,86620.0,3127.19078,1790035199999,271302953.56360380,463822,1549.66919000,134450904.92970880,0,2026-09-21 20:00:00+00:00
1790035200000,86620.01,86625.82,85300.0,85692.83,3619.94615,1790049599999,310697589.86169230,631768,1561.80155000,134059549.85203260,0,2026-09-22 00:00:00+00:00
1790049600000,85692.83,85730.23,85114.0,85344.0,3068.18216,1790063999999,261999458.63223550,451608,1481.22369000,126511560.60385190,0,2026-09-22 04:00:00+00:00
1790064000000,85344.01,86377.77,85327.42,85986.62,3456.49896,1790078399999,297016566.88904620,589551,1731.06761000,148739974.47061960,0,2026-09-22 08:00:00+00:00
1790078400000,85986.62,86717.6,85461.53,86413.12,4811.81229,1790092799999,414110526.62980280,868426,2120.70253000,182535650.16314060,0,2026-09-22 12:00:00+00:00
1790092800000,86413.11,86660.0,86033.18,86192.44,4306.75965,1790107199999,372120274.92714750,512336,1730.17461000,149508108.11062900,0,2026-09-22 16:00:00+00:00
1790107200000,86192.45,86504.17,86000.0,86208.56,2065.25892,1790121599999,178091697.92083630,333086,860.31664000,74182684.63515930,0,2026-09-22 20:00:00+00:00
1790121600000,86208.57,86975.51,86133.4,86704.27,2447.5659,1790135999999,211816704.95575580,421911,1467.10483000,126986334.40044410,0,2026-09-23 00:00:00+00:00
1790136000000,86704.27,87278.54,86000.0,86124.77,3242.5481,1790150399999,280954941.93727010,497438,1579.84180000,136938657.76284220,0,2026-09-23 04:00:00+00:00
1790150400000,86124.77,86264.01,85450.88,85649.95,2781.86208,1790164799999,238835543.05784640,422537,1182.03236000,101468945.31990760,0,2026-09-23 08:00:00+00:00
1790164800000,85649.96,85940.32,83864.07,83996.01,8305.86458,1790179199999,703667331.18437210,1031941,3564.56224000,302087761.00928530,0,2026-09-23 12:00:00+00:00
1790179200000,83996.0,84565.21,83500.01,84518.0,3972.56165,1790193599999,334220961.98812200,651509,2004.79056000,168699496.33399780,0,2026-09-23 16:00:00+00:00
1790193600000,84518.0,84670.01,84212.68,84397.6,1400.53046,1790207999999,118241383.03343150,276560,536.34073000,45283703.48979380,0,2026-09-23 20:00:00+00:00
1790208000000,84397.6,84494.5,83744.7,83934.01,2101.81016,1790222399999,176959786.63272840,427549,955.43339000,80465512.89744140,0,2026-09-24 00:00:00+00:00
1790222400000,83934.01,84612.01,83781.89,84524.02,2151.97484,1790236799999,181228320.88594820,399139,1087.26563000,91593474.72662350,0,2026-09-24 04:00:00+00:00
1790236800000,84524.02,84622.01,82874.93,83494.58,4840.77947,1790251199999,404283222.73131990,689274,2222.03783000,185769330.77348400,0,2026-09-24 08:00:00+00:00
1790251200000,83494.59,84942.45,83346.66,84418.0,4762.97566,1790265599999,400563127.60805140,852415,2199.00813000,184915533.49757880,0,2026-09-24 12:00:00+00:00
1790265600000,84418.01,84924.01,83888.0,84412.65,3024.83335,1790279999999,255442212.96055160,630818,1418.34017000,119799223.66329200,0,2026-09-24 16:00:00+00:00
1790280000000,84412.64,84501.16,83948.43,84410.24,1821.24623,1790294399999,153565476.85479720,293856,915.42070000,77200512.89423650,0,2026-09-24 20:00:00+00:00
1790294400000,84410.24,84888.0,84063.18,84231.19,2135.1839,1790308799999,180497535.02124950,389273,896.16206000,75756715.77979370,0,2026-09-25 00:00:00+00:00
1790308800000,84231.19,84347.86,83750.5,84043.96,2543.41689,1790323199999,213776617.90370170,281889,1156.14547000,97179704.55601280,0,2026-09-25 04:00:00+00:00
1790323200000,84043.96,85255.0,84028.98,84582.64,3726.22834,1790337599999,315826874.06607100,414653,2229.81222000,189043332.88543130,0,2026-09-25 08:00:00+00:00
1790337600000,84582.64,84704.0,83183.0,83796.01,6167.13766,1790351999999,517670891.11643110,1167975,2540.38511000,213292360.47637870,0,2026-09-25 12:00:00+00:00
1790352000000,83796.01,84115.87,83628.0,84020.01,2054.05954,1790366399999,172388142.41916120,410254,1027.94672000,86263051.23671500,0,2026-09-25 16:00:00+00:00
1790366400000,84020.01,84193.39,83632.03,84099.99,1430.23886,1790380799999,120096918.16688180,184552,690.68236000,58011198.06617260,0,2026-09-25 20:00:00+00:00
1790380800000,84100.0,84145.26,83798.0,83939.0,1353.84291,1790395199999,113707118.48141010,174753,622.05396000,52241479.10461110,0,2026-09-26 00:00:00+00:00
1790395200000,83939.01,84134.01,83848.91,84116.8,1135.60376,1790409599999,95351067.50384970,158664,598.94486000,50295260.56063520,0,2026-09-26 04:00:00+00:00
1790409600000,84116.79,84336.96,83966.03,84176.0,1089.3878,1790423999999,91650617.98611190,171801,580.87703000,48873032.03756290,0,2026-09-26 08:00:00+00:00
1790424000000,84176.0,84204.88,83856.23,84155.99,1373.71015,1790438399999,115439425.70568700,144032,678.49588000,57020079.94454270,0,2026-09-26 12:00:00+00:00
1790438400000,84156.0,84174.33,83976.74,84016.63,1367.19274,1790452799999,114943062.14567580,120458,552.03979000,46413466.68285930,0,2026-09-26 16:00:00+00:00
1790452800000,84016.63,84473.58,83838.0,84433.1,1738.32729,1790467199999,146486927.22427940,176989,870.50013000,73346079.47340250,0,2026-09-26 20:00:00+00:00
1790467200000,84433.11,84571.13,84257.07,84402.15,904.87929,1790481599999,76398607.50084570,121686,473.79330000,40002013.07614120,0,2026-09-27 00:00:00+00:00
1790481600000,84402.15,84791.0,84305.35,84791.0,1476.09181,1790495999999,124786382.52683300,148982,767.08925000,64855730.11023190,0,2026-09-27 04:00:00+00:00
1790496000000,84790.99,85117.64,84590.0,84898.0,3076.57402,1790510399999,260984252.45096980,260610,1564.25320000,132697652.54785160,0,2026-09-27 08:00:00+00:00
1790510400000,84898.0,85159.03,84364.0,84463.37,1856.52984,1790524799999,157335550.85937380,353513,891.50256000,75559707.99084090,0,2026-09-27 12:00:00+00:00
1790524800000,84463.38,84843.0,84342.0,84736.01,1006.22957,1790539199999,85120628.05598130,195277,470.72030000,39829708.65869950,0,2026-09-27 16:00:00+00:00
1790539200000,84736.02,84813.0,84132.0,84472.0,1294.8251,1790553599999,109350756.96719390,278092,582.84150000,49217324.86034450,0,2026-09-27 20:00:00+00:00
1790553600000,84472.01,84999.0,83210.0,83338.6,3364.37254,1790567999999,282192041.10438510,653920,1310.82056000,110061526.22563500,0,2026-09-28 00:00:00+00:00
1790568000000,83338.6,83534.01,82705.02,82966.01,3702.78346,1790582399999,307826057.51983610,528239,1720.51654000,143035200.53148150,0,2026-09-28 04:00:00+00:00
1790582400000,82966.0,83160.33,82597.55,83082.54,4800.26962,1790596799999,398004700.69133320,647281,2282.07157000,189248453.40542520,0,2026-09-28 08:00:00+00:00
1790596800000,83082.53,83820.0,82563.0,83370.0,5294.55595,1790611199999,440930190.09883760,894114,2345.53875000,195338997.79569160,0,2026-09-28 12:00:00+00:00
1790611200000,83370.0,84381.3,83118.1,83389.54,2860.91514,1790625599999,239705709.49944820,616698,1430.65319000,119898521.28610300,0,2026-09-28 16:00:00+00:00
1790625600000,83389.53,83664.01,83100.0,83500.01,937.82791,1790639999999,78251799.51412860,227910,417.39246000,34832347.25460520,0,2026-09-28 20:00:00+00:00
1790640000000,83500.01,83620.01,82775.94,83069.99,2057.6893,1790654399999,171070762.51644790,565855,899.46106000,74804340.03073380,0,2026-09-29 00:00:00+00:00
1790654400000,83070.0,84200.0,82971.1,83980.97,1981.38323,1790668799999,165761502.94246970,334394,951.81279000,79600628.14966390,0,2026-09-29 04:00:00+00:00
1790668800000,83980.97,84500.0,83760.4,84358.01,2535.63771,1790683199999,213257759.87245870,504913,1415.01058000,119052131.62256100,0,2026-09-29 08:00:00+00:00
1790683200000,84358.0,84563.99,82910.0,83068.0,3990.07676,1790697599999,334379547.32920970,803298,1676.56268000,140492452.52183830,0,2026-09-29 12:00:00+00:00
1790697600000,83068.0,83700.0,82900.0,83594.01,1781.60529,1790711999999,148344883.65142280,474467,950.05577000,79091060.41994510,0,2026-09-29 16:00:00+00:00
1790712000000,83594.01,83849.0,83384.0,83663.66,1115.16102,1790726399999,93230618.72614040,225766,486.77265000,40699072.97729080,0,2026-09-29 20:00:00+00:00
1790726400000,83663.66,83731.46,83175.67,83300.65,1426.42254,1790740799999,119003886.11470860,435880,621.63261000,51863725.16307880,0,2026-09-30 00:00:00+00:00
1790740800000,83300.65,83521.98,82956.11,83304.92,1945.78301,1790755199999,162028390.22610910,341542,955.59755000,79577434.40444960,0,2026-09-30 04:00:00+00:00
1790755200000,83304.92,83981.11,83023.69,83915.16,2480.65203,1790769599999,207293251.14911520,427195,1258.65973000,105179376.85684670,0,2026-09-30 08:00:00+00:00
1790769600000,83915.17,85649.95,83373.0,84134.43,8942.61975,1790783999999,756638085.89591540,1274087,4395.19757000,371990676.11092780,0,2026-09-30 12:00:00+00:00
1790784000000,84134.43,84490.01,83503.18,83603.16,2098.99937,1790798399999,176427793.09949380,478323,1007.80847000,84720571.53934000,0,2026-09-30 16:00:00+00:00
1790798400000,83603.16,83845.0,83523.65,83623.6,1628.34331,1790812799999,136266890.83851640,261070,804.95746000,67357603.54904600,0,2026-09-30 20:00:00+00:00
1790812800000,83623.59,83780.14,83410.39,83754.01,1482.30579,1790827199999,123836235.36308490,248133,772.53148000,64543420.51124270,0,2026-10-01 00:00:00+00:00
1790827200000,83754.01,84419.69,83321.71,83429.93,2766.80124,1790841599999,232055848.94001340,403231,1375.92551000,115427490.17381730,0,2026-10-01 04:00:00+00:00
1790841600000,83429.93,84098.01,83186.0,83905.76,3039.61685,1790855999999,254181761.28090280,481004,1584.85726000,132492854.68063920,0,2026-10-01 08:00:00+00:00
1790856000000,83905.76,84744.0,83400.0,84162.65,4788.5809,1790870399999,402237413.59822210,943273,2625.23875000,220638828.11464880,0,2026-10-01 12:00:00+00:00
1790870400000,84162.66,85273.65,84064.0,84675.36,3203.48257,1790884799999,271365707.75263130,679736,1666.78112000,141207759.94661890,0,2026-10-01 16:00:00+00:00
1790884800000,84675.36,84900.0,84493.35,84880.05,1485.2694,1790899199999,125808449.82755250,263059,636.55567000,53922762.34212780,0,2026-10-01 20:00:00+00:00
1790899200000,84880.05,85569.0,84520.0,85512.9,2595.4892,1790913599999,220703736.57384450,433972,1393.01872000,118499918.73670150,0,2026-10-02 00:00:00+00:00
1790913600000,85512.89,86912.75,85453.36,86089.65,5605.4806,1790927999999,483220746.90477280,751666,2667.19814000,230004537.10488870,0,2026-10-02 04:00:00+00:00
1790928000000,86089.64,86640.61,86062.28,86424.85,3100.49969,1790942399999,267612089.71038480,431760,1173.75212000,101342161.53560280,0,2026-10-02 08:00:00+00:00
1790942400000,86424.85,87220.0,85162.9,85326.0,6577.58948,1790956799999,567929214.71255160,1234432,2806.33302000,242474256.42387150,0,2026-10-02 12:00:00+00:00
1790956800000,85326.0,85508.0,83888.0,84315.28,6586.21207,1790971199999,557043346.41648050,729844,2564.78159000,216970011.77653640,0,2026-10-02 16:00:00+00:00
1790971200000,84315.27,84590.01,84232.01,84518.01,2032.6485,1790985599999,171722741.95065990,220107,1045.82346000,88353983.77825030,0,2026-10-02 20:00:00+00:00
1790985600000,84518.0,84720.58,84456.02,84699.56,985.66704,1790999999999,83404931.99556000,105600,533.25819000,45124436.26335340,0,2026-10-03 00:00:00+00:00
1791000000000,84699.56,84725.04,84525.0,84560.0,948.449,1791014399999,80249554.38840160,111963,469.76794000,39748054.16496290,0,2026-10-03 04:00:00+00:00
1791014400000,84560.0,84696.01,84557.36,84672.01,944.43118,1791028799999,79911940.83926800,81042,454.88257000,38488172.60753000,0,2026-10-03 08:00:00+00:00
1791028800000,84672.01,84962.2,84672.0,84867.28,1228.17442,1791043199999,104185686.03858550,142681,659.37133000,55932401.00791720,0,2026-10-03 12:00:00+00:00
1791043200000,84867.27,85037.63,84700.0,84842.5,997.08868,1791057599999,84646448.50023720,118404,549.61761000,46662144.43825320,0,2026-10-03 16:00:00+00:00
1791057600000,84842.5,84915.65,84558.0,84753.56,1785.82591,1791071999999,151379647.54661070,109008,812.09790000,68839458.57945550,0,2026-10-03 20:00:00+00:00
1791072000000,84753.57,84890.0,84719.99,84840.87,1081.37299,1791086399999,91710252.21850090,84947,535.23894000,45393163.36854320,0,2026-10-04 00:00:00+00:00
1791086400000,84840.88,85112.65,84808.11,85106.0,842.88059,1791100799999,71592257.30825460,101588,401.08750000,34066736.54864080,0,2026-10-04 04:00:00+00:00
1791100800000,85106.01,85428.01,85032.99,85309.46,1244.21262,1791115199999,106050975.95517640,209711,632.49777000,53906847.21509460,0,2026-10-04 08:00:00+00:00
1791115200000,85309.47,85470.0,85094.0,85256.01,1125.41559,1791129599999,95950697.48983780,206302,451.47837000,38492314.40053700,0,2026-10-04 12:00:00+00:00
1791129600000,85256.01,85574.01,85178.49,85428.0,747.96464,1791143999999,63851191.36610270,147850,354.77327000,30286468.24629030,0,2026-10-04 16:00:00+00:00
1791144000000,85428.0,86800.0,85396.32,86530.0,2951.26752,1791158399999,254519040.33661340,589711,1598.73850000,137833276.59994480,0,2026-10-04 20:00:00+00:00
1791158400000,86530.0,86999.11,86019.5,86085.03,3085.37777,1791172799999,267121996.44994740,476826,1313.71535000,113754512.20016660,0,2026-10-05 00:00:00+00:00
1791172800000,86085.02,86488.01,85412.0,86252.76,2889.97602,1791187199999,248237415.69843680,550690,1399.79879000,120224692.84118280,0,2026-10-05 04:00:00+00:00
1791187200000,86252.76,86498.5,85776.58,86216.0,2295.53986,1791201599999,197644818.26731220,418370,943.10236000,81202854.98440480,0,2026-10-05 08:00:00+00:00
1791201600000,86216.01,86725.12,85174.24,85269.78,4522.08481,1791215999999,388327410.03905040,896813,1849.99457000,158959994.82827230,0,2026-10-05 12:00:00+00:00
1791216000000,85269.79,85795.52,84972.01,85724.0,1992.09769,1791230399999,170089481.01959420,378253,907.29353000,77467729.44018510,0,2026-10-05 16:00:00+00:00
1791230400000,85724.0,86062.8,85644.0,85766.87,1401.69995,1791244799999,120386434.90683240,271259,707.49177000,60768894.56207600,0,2026-10-05 20:00:00+00:00
1791244800000,85766.87,86130.45,85323.28,85516.27,1640.02978,1791259199999,140593628.70076820,389455,777.57193000,66668729.08701820,0,2026-10-06 00:00:00+00:00
1791259200000,85516.27,85749.11,85136.11,85555.0,1874.31923,1791273599999,160170515.01380530,286893,887.92120000,75868816.61354890,0,2026-10-06 04:00:00+00:00
1791273600000,85555.01,86378.24,85550.0,86242.01,2375.09198,1791287999999,204360449.14226570,516518,1167.81191000,100496800.79686500,0,2026-10-06 08:00:00+00:00
1791288000000,86242.01,86698.99,85720.64,85720.65,3382.53222,1791302399999,291875768.47994750,795760,1735.33056000,149773789.24201650,0,2026-10-06 12:00:00+00:00
1791302400000,85720.65,85854.3,85421.0,85614.0,2076.20459,1791316799999,177817671.50534160,441845,1040.83441000,89135207.18273060,0,2026-10-06 16:00:00+00:00
1791316800000,85614.0,85668.01,85346.77,85549.93,1266.29792,1791331199999,108344474.54239940,176209,599.05053000,51255213.41175810,0,2026-10-06 20:00:00+00:00
1791331200000,85549.94,85598.22,83577.0,84150.39,4118.82885,1791345599999,347308915.27599370,703276,1936.20772000,163177051.26784870,0,2026-10-07 00:00:00+00:00
1791345600000,84150.39,84379.31,84044.0,84145.17,2878.6242,1791359999999,242435503.53181790,1013273,1432.41509000,120639329.07798240,0,2026-10-07 04:00:00+00:00
